Date,Open,Close
2003-04-14,7.186547971581871,7.236703395843506
2003-04-15,7.281124546334899,7.322681903839111
2003-04-16,7.401502086629338,7.407233715057373
2003-04-17,7.448071487934231,7.460251808166504
2003-04-21,7.468849544647579,7.457385063171387
2003-04-22,7.456670009671422,7.482464790344238
2003-04-23,7.487485080475093,7.517578601837158
2003-04-24,7.45882123790097,7.369258403778076
2003-04-25,7.266081894782984,7.247452259063721
2003-04-28,7.266081171180629,7.36710786819458
2003-04-29,7.481032958955574,7.577044486999512
2003-04-30,7.559130934725854,7.555548667907715
2003-05-01,7.53405280897718,7.5261712074279785
2003-05-02,7.550534627555762,7.641530990600586
2003-05-05,7.67018871727251,7.723927021026611
2003-05-06,7.723925933724314,7.763333320617676
2003-05-07,7.731089284019516,7.749002456665039
2003-05-08,7.7024292539198305,7.680934429168701
2003-05-09,7.691685007428779,7.771216869354248
2003-05-12,7.806325531980351,7.879409313201904
2003-05-13,7.851463139506228,7.834982872009277
2003-05-14,7.8349849198141,7.795577526092529
2003-05-15,7.811340808868408,7.811340808868408
2003-05-16,7.831400299815755,7.817070007324219
2003-05-19,7.766917152190728,7.630781173706055
2003-05-20,7.648694420949842,7.66875696182251
2003-05-21,7.655140926376293,7.6752028465271
2003-05-22,7.677355088193658,7.744706630706787
2003-05-23,7.799159635250488,7.82423734664917
2003-05-27,7.842868408296357,8.104393005371094
2003-05-28,8.104390990916247,8.13949966430664
2003-05-29,8.132335347350946,8.150248527526855
2003-05-30,8.168158385272806,8.244824409484863
2003-06-02,8.268471700250863,8.30429744720459
2003-06-03,8.311461323717172,8.241243362426758
2003-06-04,8.239809898502399,8.347285270690918
2003-06-05,8.37738129427645,8.355886459350586
2003-06-06,8.40102258837303,8.433981895446777
2003-06-09,8.444731827946123,8.361617088317871
2003-06-10,8.364481821097675,8.447596549987793
2003-06-11,8.444014090590056,8.454761505126953
2003-06-12,8.469092825493153,8.518531799316406
2003-06-13,8.498471800116281,8.515667915344238
2003-06-16,8.540741365581221,8.607377052307129
2003-06-17,8.69550723341489,8.784354209899902
2003-06-18,8.760709150211861,8.752110481262207
2003-06-19,8.823761340985794,8.752110481262207
2003-06-20,8.777188189918263,8.752110481262207
2003-06-23,8.723450336749817,8.537158966064453
2003-06-24,8.50133481328606,8.47410774230957
2003-06-25,8.495599515960285,8.54432201385498
2003-06-26,8.585166042015164,8.636754989624023
2003-06-27,8.648218426485638,8.596630096435547
2003-06-30,8.620992016122397,8.590898513793945
2003-07-01,8.623141379878897,8.68404483795166
2003-07-02,8.780773052241782,8.888248443603516
2003-07-03,8.913326263427734,8.913326263427734
2003-07-07,9.006475811976228,9.134013175964355
2003-07-08,9.151205335134572,9.15980339050293
2003-07-09,9.15335466068722,9.13830852508545
2003-07-10,9.08814977088101,8.977807998657227
2003-07-11,8.977811182098632,9.053044319152832
2003-07-14,9.15335641255713,9.21211051940918
2003-07-15,9.257249670883146,9.096035957336426
2003-07-16,9.078122245857733,9.10319995880127
2003-07-17,9.045880342699034,8.865321159362793
2003-07-18,8.881080686269465,8.983541488647461
2003-07-21,8.948434230024331,8.864603042602539
2003-07-22,8.887529277124822,8.970643997192383
2003-07-23,8.941986860115303,8.913326263427734
2003-07-24,8.974228557373305,8.956315994262695
2003-07-25,9.022234578017969,9.10319995880127
2003-07-28,9.156938480612569,9.153355598449707
2003-07-29,9.167684871805536,9.101765632629395
2003-07-30,9.080273964521282,9.035134315490723
2003-07-31,9.049460593869014,9.078121185302734
2003-08-01,9.096035225358946,9.098184585571289
2003-08-04,9.110362556388955,9.05805778503418
2003-08-05,9.05806150143023,8.960617065429688
2003-08-06,8.95846632385747,8.920491218566895
2003-08-07,8.984976524535321,8.985692977905273
2003-08-08,9.060209661372665,9.045879364013672
2003-08-11,9.099618686408897,9.085289001464844
2003-08-12,9.101769591831465,9.121115684509277
2003-08-13,9.233602360870854,9.250082015991211
2003-08-14,9.255817556226804,9.371891021728516
2003-08-15,9.278742790222168,9.278742790222168
2003-08-18,9.364724217887762,9.476499557495117
2003-08-19,9.529520322984155,9.523072242736816
2003-08-20,9.500860193245439,9.524505615234375
2003-08-21,9.601888757781316,9.699333190917969
2003-08-22,9.816121287051333,9.748769760131836
2003-08-25,9.735157404554775,9.672821044921875
2003-08-26,9.63341421918531,9.554598808288574
2003-08-27,9.569648353543137,9.66565990447998
2003-08-28,9.699330714176277,9.733006477355957
2003-08-29,9.794627461671386,9.80322551727295
2003-09-02,9.887770759215652,9.948674201965332
2003-09-03,10.084814060802048,10.027493476867676
2003-09-04,10.03537505861584,10.063319206237793
2003-09-05,10.081228879457477,10.054001808166504
2003-09-08,10.15359538321304,10.24459171295166
2003-09-09,10.266088097681065,10.066899299621582
2003-09-10,10.051139724689047,9.899240493774414
2003-09-11,9.902818355119361,9.887771606445312
2003-09-12,9.920017106579396,9.957991600036621
2003-09-15,9.972320370906772,9.81110668182373
2003-09-16,9.909268539408666,10.013161659240723
2003-09-17,10.030358320470805,9.970171928405762
2003-09-18,9.994530386688165,10.084810256958008
2003-09-19,10.09914136239487,10.038238525390625
2003-09-22,9.993100305471181,9.874159812927246
2003-09-23,9.884904721662759,9.898518562316895
2003-09-24,10.025344167232245,9.916435241699219
2003-09-25,9.91643434572793,9.769550323486328
2003-09-26,9.769550771383166,9.701482772827148
2003-09-29,9.717244342221948,9.770265579223633
2003-09-30,9.83116896839042,9.739456176757812
2003-10-01,9.87415706806238,9.995246887207031
2003-10-02,10.089114295705183,10.13855266571045
2003-10-03,10.281848831358142,10.238859176635742
2003-10-06,10.290447842298297,10.278266906738281
2003-10-07,10.31051022391762,10.2675199508667
2003-10-08,10.357802876396672,10.344189643859863
2003-10-09,10.509699478623835,10.518298149108887
2003-10-10,10.574186078616423,10.647269248962402
2003-10-13,10.711755143599003,10.808483123779297
2003-10-14,10.777673948144056,10.602129936218262
2003-10-15,10.729665173707325,10.73038101196289
2003-10-16,10.730386757169923,10.727520942687988
2003-10-17,10.7318185283767,10.662318229675293
2003-10-20,10.741842692340965,10.721780776977539
2003-10-21,10.746861917247571,10.775521278381348
2003-10-22,10.754748121423532,10.617177963256836
2003-10-23,10.460979461669922,10.460979461669922
2003-10-24,10.389325317352487,10.405805587768555
2003-10-27,10.47530577771235,10.525461196899414
2003-10-28,10.661594909742949,10.669476509094238
2003-10-29,10.704589452807216,10.758326530456543
2003-10-30,10.806332627637634,10.719635009765625
2003-10-31,10.728233815111878,10.633654594421387
2003-11-03,10.819229309753894,10.887296676635742
2003-11-04,10.960383627727401,10.91739273071289
2003-11-05,10.943185895817047,10.931722640991211
2003-11-06,10.887299501918937,10.85362434387207
2003-11-07,10.863655555775194,10.86508846282959
2003-11-10,10.841442166552286,10.715337753295898
2003-11-11,10.636520234966081,10.577767372131348
2003-11-12,10.64583653684003,10.766210556030273
2003-11-13,10.842872670942212,10.849321365356445
2003-11-14,10.824960641484743,10.794151306152344
2003-11-17,10.711754290014028,10.583499908447266
2003-11-18,10.650849192516466,10.604276657104492
2003-11-19,10.568454121345761,10.535494804382324
2003-11-20,10.44306260921497,10.3993558883667
2003-11-21,10.435182280555729,10.489636421203613
2003-11-24,10.489636378780192,10.603560447692871
2003-11-25,10.63580271350888,10.640101432800293
2003-11-26,10.733963086205653,10.73754596710205
2003-11-28,10.74686264872925,10.833559036254883
2003-12-01,10.991187387011149,11.143803596496582
2003-12-02,11.143807294554327,11.094368934631348
2003-12-03,11.150253763402057,11.05567455291748
2003-12-04,11.055674805163058,10.97972583770752
2003-12-05,10.96468167062997,10.95895004272461
2003-12-08,10.9446185477569,10.98044490814209
2003-12-09,11.041346061447332,10.934586524963379
2003-12-10,10.991189241336118,10.89087963104248
2003-12-11,10.987608849230906,11.08935260772705
2003-12-12,11.140223503112793,11.140223503112793
2003-12-15,11.233368512069067,11.148820877075195
2003-12-16,11.159568142095903,11.102248191833496
2003-12-17,11.031315070919202,10.973278045654297
2003-12-18,11.018416061343078,11.150253295898438
2003-12-19,11.123743625695422,11.177480697631836
2003-12-22,11.220162988842016,11.335315704345703
2003-12-23,11.335312761648284,11.366259574890137
2003-12-24,11.401525291541297,11.40296459197998
2003-12-26,11.443267842982383,11.43175220489502
2003-12-29,11.515242676311269,11.604485511779785
2003-12-30,11.672852743848232,11.659897804260254
2003-12-31,11.725515088958144,11.806901931762695
2004-01-02,11.891169602725386,12.06978988647461
2004-01-05,12.402537209260617,12.493287086486816
2004-01-06,12.49328715063499,12.352120399475098
2004-01-07,12.280100933147661,12.380934715270996
2004-01-08,12.41046197377136,12.42774772644043
2004-01-09,12.437834731523653,12.405423164367676
2004-01-12,12.434948179475294,12.394615173339844
2004-01-13,12.420544453247256,12.324031829833984
2004-01-14,12.280817795069717,12.343477249145508
2004-01-15,12.294504244723768,12.09139633178711
2004-01-16,12.082033002227421,12.143253326416016
2004-01-20,12.388138844768658,12.496175765991211
2004-01-21,12.494009238911689,12.512735366821289
2004-01-22,12.470960229452016,12.481042861938477
2004-01-23,12.49688816756999,12.460155487060547
2004-01-26,12.494005613283747,12.54298210144043
2004-01-27,12.568195625713352,12.479605674743652
2004-01-28,12.546586576488618,12.303144454956055
2004-01-29,12.254170043714014,12.10940170288086
2004-01-30,12.028013548413695,12.092835426330566
2004-02-02,12.108677280831639,12.095712661743164
2004-02-03,12.103638545538088,12.028013229370117
2004-02-04,11.96319026863428,11.919975280761719
2004-02-05,11.884686314838728,11.916377067565918
2004-02-06,12.040259074176532,12.187908172607422
2004-02-09,12.316111328890631,12.3636474609375
2004-02-10,12.36796785464285,12.352843284606934
2004-02-11,12.391012558050699,12.54442310333252
2004-02-12,12.602044911611763,12.537943840026855
2004-02-13,12.679827209819672,12.54658317565918
2004-02-17,12.719446074124695,12.79867172241211
2004-02-18,12.813795211150772,12.624371528625488
2004-02-19,12.626534378162566,12.514176368713379
2004-02-20,12.388130887114746,12.373725891113281
2004-02-23,12.445753342082428,12.265692710876465
2004-02-24,12.238324681351395,12.200872421264648
2004-02-25,12.242644344820791,12.334115028381348
2004-02-26,12.397499241309912,12.39533805847168
2004-02-27,12.537222553656884,12.571074485778809
2004-03-01,12.66470966245451,12.857733726501465
2004-03-02,12.872136059175315,12.755456924438477
2004-03-03,12.675508670624968,12.676229476928711
2004-03-04,12.712241242370753,12.76265811920166
2004-03-05,12.762657721086924,12.809473037719727
2004-03-08,12.863489833164273,12.687030792236328
2004-03-09,12.726645760245527,12.604205131530762
2004-03-10,12.618611903036301,12.316110610961914
2004-03-11,12.157659429914547,12.049622535705566
2004-03-12,12.06402102591436,12.150449752807617
2004-03-15,12.056823577379276,11.923578262329102
2004-03-16,11.984801166317173,12.071229934692383
2004-03-17,12.208073164669159,12.236883163452148
2004-03-18,12.271454017864972,12.308907508850098
2004-03-19,12.357165152898709,12.146855354309082
2004-03-22,12.230403391316267,11.95238971710205
2004-03-23,12.027295030646728,12.072669982910156
2004-03-24,12.119488286795377,12.082036018371582
2004-03-25,12.113002825957466,12.200152397155762
2004-03-26,12.200873188535285,12.177825927734375
2004-03-29,12.352120348045222,12.334115028381348
2004-03-30,12.42198560190337,12.485365867614746
2004-03-31,12.59700373474166,12.640218734741211
2004-04-01,12.668308849070513,12.74321460723877
2004-04-02,12.888701390257305,12.870696067810059
2004-04-05,12.977294832269791,12.960728645324707
2004-04-06,12.965767066280272,13.032750129699707
2004-04-07,13.101167252463,12.985928535461426
2004-04-08,13.110532983540589,12.996734619140625
2004-04-12,13.093972503097467,13.096853256225586
2004-04-13,13.104771275620653,12.944157600402832
2004-04-14,12.847649268616307,12.753297805786133
2004-04-15,12.759057127970536,12.647419929504395
2004-04-16,12.687032286847899,12.741050720214844
2004-04-19,12.739610863303751,12.76265811920166
2004-04-20,12.818839748994751,12.651022911071777
2004-04-21,12.635897239857695,12.557391166687012
2004-04-22,12.445750664118224,12.553786277770996
2004-04-23,12.604206168226918,12.647419929504395
2004-04-26,12.651022421925989,12.467361450195312
2004-04-27,12.528581788538686,12.40109920501709
2004-04-28,12.374451070877795,12.0460205078125
2004-04-29,11.88396737880772,11.649169921875
2004-04-30,11.541853510915013,11.401406288146973
2004-05-03,11.435975815360052,11.515923500061035
2004-05-04,11.756481699194524,11.741355895996094
2004-05-05,11.78241498565691,11.770171165466309
2004-05-06,11.595867637892564,11.52600383758545
2004-05-07,11.38699954771609,11.266718864440918
2004-05-10,10.805766981992335,10.722938537597656
2004-05-11,10.913080527297097,11.041282653808594
2004-05-12,11.065053095005718,11.044886589050293
2004-05-13,10.90443982970351,11.016077041625977
2004-05-14,10.91668339964913,10.725820541381836
2004-05-17,10.29943879765462,10.296557426452637
2004-05-18,10.637949625589506,10.602657318115234
2004-05-19,11.203340724877476,10.895798683166504
2004-05-20,10.920287811807784,10.828818321228027
2004-05-21,11.021835573078276,11.00671100616455
2004-05-24,11.343064286121793,11.178128242492676
2004-05-25,11.162281994492634,11.42444896697998
2004-05-26,11.509438805603148,11.37979507446289
2004-05-27,11.587944930581365,11.559854507446289
2004-05-28,11.682298252115912,11.534647941589355
2004-06-01,11.545450622202598,11.454699516296387
2004-06-02,11.441015326160423,11.454699516296387
2004-06-03,11.22494644272573,11.200457572937012
2004-06-04,11.317139835753606,11.365395545959473
2004-06-07,11.58866688197966,11.75792407989502
2004-06-08,11.703902139861611,11.594426155090332
2004-06-09,11.497915752934952,11.332260131835938
2004-06-10,11.315697669385111,11.345227241516113
2004-06-14,11.030479720789263,10.908039093017578
2004-06-15,11.10538652957948,11.119071960449219
2004-06-16,11.124831472750131,10.969979286193848
2004-06-17,10.964940243511032,11.024720191955566
2004-06-18,11.139236706843112,10.962058067321777
2004-06-21,11.155083118007985,11.012475967407227
2004-06-22,11.067931984029883,11.129152297973633
2004-06-23,11.134914860047449,11.327218055725098
2004-06-24,11.50727763785315,11.372591972351074
2004-06-25,11.482792994367259,11.487834930419922
2004-06-28,11.603070688253545,11.389880180358887
2004-06-29,11.379795427184611,11.477028846740723
2004-06-30,11.563461228177188,11.641247749328613
2004-07-01,11.560578030483,11.495756149291992
2004-07-02,11.523844211639604,11.495034217834473
2004-07-06,11.53104620284106,11.371872901916504
2004-07-07,11.394200513197775,11.520242691040039
2004-07-08,11.451823533800951,11.356030464172363
2004-07-09,11.415810756376725,11.416531562805176
2004-07-12,11.386281184843465,11.387001991271973
2004-07-13,11.440296500966294,11.43885612487793
2004-07-14,11.381236330919013,11.329379081726074
2004-07-15,11.27392503064572,11.27032470703125
2004-07-16,11.434535240806111,11.39420223236084
2004-07-19,11.405007034325692,11.376917839050293
2004-07-20,11.386995943643555,11.425168991088867
2004-07-21,11.523127962910966,11.293371200561523
2004-07-22,11.193258225235978,11.293371200561523
2004-07-23,11.263119876631732,11.098904609680176
2004-07-26,11.082336531229844,10.9959077835083
2004-07-27,11.019680317927723,11.2055025100708
2004-07-28,11.163004989540608,11.201897621154785
2004-07-29,11.187493079844925,11.271761894226074
2004-07-30,11.277520943864486,11.217741012573242
2004-08-02,11.165168011428507,11.161567687988281
2004-08-03,11.161563500577818,11.174528121948242
2004-08-04,11.152923880912622,11.185334205627441
2004-08-05,11.350985401741626,11.113306045532227
2004-08-06,11.14788112676363,11.032642364501953
2004-08-09,11.163723828714302,11.124831199645996
2004-08-10,11.116910125599514,11.250155448913574
2004-08-11,11.13491799332268,11.145721435546875
2004-08-12,11.127713705804586,11.021117210388184
2004-08-13,11.16012747366575,11.038406372070312
2004-08-16,11.044885851260007,11.188933372497559
2004-08-17,11.226389364080967,11.26384162902832
2004-08-18,11.240071137040397,11.397083282470703
2004-08-19,11.520243215773489,11.40932559967041
2004-08-20,11.426612186859092,11.466225624084473
2004-08-23,11.481351165897609,11.528167724609375
2004-08-24,11.498635776153687,11.495034217834473
2004-08-25,11.523848908648056,11.631884574890137
2004-08-26,11.675094442340264,11.647726058959961
2004-08-27,11.67869739430519,11.626120567321777
2004-08-30,11.588666882610298,11.563458442687988
2004-08-31,11.5778603745109,11.613873481750488
2004-09-01,11.703182987919538,11.709665298461914
2004-09-02,11.754320296870906,11.855154037475586
2004-09-03,11.804740814967586,11.72911548614502
2004-09-07,11.758643499376626,11.819144248962402
2004-09-08,11.721912721494263,11.811943054199219
2004-09-09,11.768725027107093,11.847951889038086
2004-09-10,11.894767591111174,11.960309028625488
2004-09-13,12.053223702382606,12.06978988647461
2004-09-14,12.136049310863102,12.065465927124023
2004-09-15,12.083474037180794,12.01216983795166
2004-09-16,12.150453975732562,12.162697792053223
2004-09-17,12.127403352309726,12.2440824508667
2004-09-20,12.263529509147052,12.256327629089355
2004-09-21,12.316109493497633,12.384532928466797
2004-09-22,12.316109469169525,12.197270393371582
2004-09-23,12.128847771225427,12.251288414001465
2004-09-24,12.22175679350918,12.216714859008789
2004-09-27,12.207351025259651,12.143969535827637
2004-09-28,12.169902332561977,12.294504165649414
2004-09-29,12.265693528283803,12.359325408935547
2004-09-30,12.37372853724748,12.42414665222168
2004-10-01,12.501933223585413,12.661826133728027
2004-10-04,12.791470399410631,12.877899169921875
2004-10-05,12.752575094592121,12.782825469970703
2004-10-06,12.798675018317866,12.930480003356934
2004-10-07,12.877893094058436,12.820274353027344
2004-10-08,12.80587425807061,12.72664737701416
2004-10-11,12.787149070047585,12.7929105758667
2004-10-12,12.568194579091712,12.591241836547852
2004-10-13,12.576115417445838,12.420543670654297
2004-10-14,12.370127497762168,12.251288414001465
2004-10-15,12.262812316253576,12.414782524108887
2004-10-18,12.464475573278198,12.54658317565918
2004-10-19,12.651024576793187,12.486089706420898
2004-10-20,12.465920899659805,12.407581329345703
2004-10-21,12.474559444798906,12.586197853088379
2004-10-22,12.62221678012584,12.496175765991211
2004-10-25,12.460161644973008,12.530025482177734
2004-10-26,12.524978707381173,12.575395584106445
2004-10-27,12.638057095383838,12.791467666625977
2004-10-28,12.730244792541697,12.728083610534668
2004-10-29,12.75185443234945,12.777782440185547
2004-11-01,12.887260185318743,12.872855186462402
2004-11-02,12.928315914401447,12.902386665344238
2004-11-03,13.194799741750808,13.090364456176758
2004-11-04,13.101170575959259,13.288433074951172
2004-11-05,13.360458810469632,13.338851928710938
2004-11-08,13.259623384099461,13.188319206237793
2004-11-09,13.252419540565144,13.273306846618652
2004-11-10,13.360456827707822,13.288433074951172
2004-11-11,13.324447057085944,13.439685821533203
2004-11-12,13.49370671059233,13.666563034057617
2004-11-15,13.734986108909384,13.679527282714844
2004-11-16,13.68816921413348,13.523234367370605
2004-11-17,13.792602639099648,13.82861328125
2004-11-18,13.747224611686041,13.853819847106934
2004-11-19,13.832212851521726,13.655755043029785
2004-11-22,13.651435900518685,13.70905590057373
2004-11-23,13.681685685866212,13.732823371887207
2004-11-24,13.871831876634092,13.879034996032715
2004-11-26,13.954651891812489,14.109502792358398
2004-11-29,14.123910751881198,14.023077011108398
2004-11-30,14.138319123247088,14.0490083694458
2004-12-01,14.131113089564394,14.15632152557373
2004-12-02,14.260760323604341,14.135438919067383
2004-12-03,14.126788922310936,14.199533462524414
2004-12-06,14.18873613491779,14.17937183380127
2004-12-07,14.152721584087894,13.961858749389648
2004-12-08,13.915046036925245,13.888397216796875
2004-12-09,13.648555551631649,13.662240982055664
2004-12-10,13.547721987402939,13.648555755615234
2004-12-13,13.78539722136682,13.855981826782227
2004-12-14,13.89847207749148,13.983460426330566
2004-12-15,14.123916976549706,14.177214622497559
2004-12-16,14.212498180699706,14.105901718139648
2004-12-17,14.13183542986204,14.073495864868164
2004-12-20,14.224746053141116,14.257156372070312
2004-12-21,14.296772328773613,14.39400577545166
2004-12-22,14.4098494471613,14.390403747558594
2004-12-23,14.514564379945929,14.488319396972656
2004-12-27,14.52986239186548,14.477371215820312
2004-12-28,14.546630642265928,14.552462577819824
2004-12-29,14.600589371952156,14.632667541503906
2004-12-30,14.672028811959876,14.595479011535645
2004-12-31,14.719421733140953,14.715777397155762
2005-01-03,14.704836710124203,14.56267261505127
2005-01-04,14.526222465730578,14.114311218261719
2005-01-05,14.099732480246018,13.941529273986816
2005-01-06,13.986736201347274,13.93205738067627
2005-01-07,14.026827953937941,13.959027290344238
2005-01-10,14.041410005526988,13.97652530670166
2005-01-11,14.041412082857121,13.950281143188477
2005-01-12,14.041409506998548,14.121604919433594
2005-01-13,14.164618169439965,14.06328010559082
2005-01-14,14.216373747458166,14.314794540405273
2005-01-18,14.30677765604687,14.289281845092773
2005-01-19,14.3607307335425,14.09244155883789
2005-01-20,14.107021719165763,13.91746997833252
2005-01-21,14.179926515287999,14.107022285461426
2005-01-24,14.279805746336898,14.085151672363281
2005-01-25,14.179929297533706,14.212737083435059
2005-01-26,14.435090432481665,14.420509338378906
2005-01-27,14.42562183209891,14.434370994567871
2005-01-28,14.467899912762137,14.447486877441406
2005-01-31,14.580901389773228,14.637767791748047
2005-02-01,14.725251562925404,14.763161659240723
2005-02-02,14.764625563168815,14.809826850891113
2005-02-03,14.763161347402692,14.794509887695312
2005-02-04,14.882000225410104,15.025622367858887
2005-02-07,15.047490976126804,15.073007583618164
2005-02-08,15.102170944213867,15.102170944213867
2005-02-09,15.138623391493827,15.053325653076172
2005-02-10,15.000105171666615,15.126230239868164
2005-02-11,15.158305188192342,15.273494720458984
2005-02-14,15.382854461669922,15.382854461669922
2005-02-15,15.430239403698385,15.419303894042969
2005-02-16,15.419300571697098,15.371912956237793
2005-02-17,15.430239046996949,15.346399307250977
2005-02-18,15.426594070215602,15.535222053527832
2005-02-22,15.616148168780084,15.47835922241211
2005-02-23,15.638020311086967,15.549806594848633
2005-02-24,15.71821153671065,15.791115760803223
2005-02-25,15.929632651850794,16.082002639770508
2005-02-28,16.22125038800569,16.055028915405273
2005-03-01,16.077629284031637,16.100231170654297
2005-03-02,15.966813951263616,15.834856986999512
2005-03-03,15.96608610083558,15.878602027893066
2005-03-04,16.03680929860073,16.068159103393555
2005-03-07,16.11335553057299,16.173866271972656
2005-03-08,16.184795427137498,16.050649642944336
2005-03-09,16.075446901857134,15.958799362182617
2005-03-10,15.856731905682704,15.805697441101074
2005-03-11,15.819548082932295,15.716752052307129
2005-03-14,15.675195544887286,15.59645938873291
2005-03-15,15.572403381930739,15.207880973815918
2005-03-16,15.127684909655652,15.078839302062988
2005-03-17,15.078839720349636,15.353689193725586
2005-03-18,15.455758763622134,15.284432411193848
2005-03-21,15.290265098920255,15.063532829284668
2005-03-22,15.04019927068542,14.785033226013184
2005-03-23,14.588193029731068,14.597670555114746
2005-03-24,14.65380627731226,14.581631660461426
2005-03-28,14.792322325397732,14.68223762512207
2005-03-29,14.624640765832877,14.30240249633789
2005-03-30,14.507995472320294,14.628287315368652
2005-03-31,14.588919930293345,14.785033226013184
2005-04-01,14.83607088573798,14.87252426147461
2005-04-04,14.934490650649707,14.905329704284668
2005-04-05,14.908974685081585,14.901684761047363
2005-04-06,15.018329603662531,15.105814933776855
2005-04-07,15.171425879105836,15.25818157196045
2005-04-08,15.222462775884384,15.186009407043457
2005-04-11,15.129876041891546,15.040203094482422
2005-04-12,15.040199839628404,15.229751586914062
2005-04-13,15.149555480375856,14.926468849182129
2005-04-14,14.872522034146282,14.544451713562012
2005-04-15,14.471545484713607,14.238251686096191
2005-04-18,14.143470737172562,14.406656265258789
2005-04-19,14.489773631991735,14.647976875305176
2005-04-20,14.661092871888323,14.30240249633789
2005-04-21,14.456961788158365,14.714315414428711
2005-04-22,14.668381440206522,14.55173397064209
2005-04-25,14.639225381677077,14.827319145202637
2005-04-26,14.726713380843465,14.675680160522461
2005-04-27,14.573609905310693,14.542989730834961
2005-04-28,14.471543912886363,14.31115436553955
2005-04-29,14.471541141986672,14.600582122802734
2005-05-02,14.67203511618962,14.697551727294922
2005-05-03,14.690264981277394,14.683703422546387
2005-05-04,14.726713678558502,15.083946228027344
2005-05-05,15.127686435566611,15.163410186767578
2005-05-06,15.142262557242569,15.204231262207031
2005-05-09,15.09123567247528,15.21808910369873
2005-05-10,15.032910616819093,14.876165390014648
2005-05-11,14.945421218872072,14.94542121887207
2005-05-12,14.912623070211703,14.690264701843262
2005-05-13,14.726709876239406,14.539345741271973
2005-05-16,14.617350554635841,14.712125778198242
2005-05-17,14.609337005714636,14.715777397155762
2005-05-18,14.76316281874552,15.00885009765625
2005-05-19,15.048951730462987,15.063532829284668
2005-05-20,15.00666731370696,15.025622367858887
2005-05-23,14.96729126219496,15.075189590454102
2005-05-24,15.001560368138735,15.031452178955078
2005-05-25,15.001561273548289,14.923553466796875
2005-05-26,15.00010328769713,15.09123420715332
2005-05-27,15.156845276483502,15.193297386169434
2005-05-31,15.164136968376397,15.062071800231934
2005-06-01,15.018333553091997,15.23996353149414
2005-06-02,15.22246195502532,15.355876922607422
2005-06-03,15.360244083965108,15.27640438079834
2005-06-06,15.310679969264536,15.430243492126465
2005-06-07,15.398890467206778,15.353689193725586
2005-06-08,15.409092744571966,15.29536247253418
2005-06-09,15.288075430875013,15.375560760498047
2005-06-10,15.769245208971737,15.419303894042969
2005-06-13,15.441175051187994,15.48054313659668
2005-06-14,15.51335183536706,15.54397201538086
2005-06-15,15.54397320762064,15.659891128540039
2005-06-16,15.638017866350852,15.799866676330566
2005-06-17,15.834858453055809,15.990145683288574
2005-06-20,15.834859168320717,15.845794677734375
2005-06-21,15.812991306604971,15.769248008728027
2005-06-22,15.96608569226365,15.917969703674316
2005-06-23,15.92234204671042,15.63801383972168
2005-06-24,15.618334779928983,15.583340644836426
2005-06-27,15.6008360618855,15.68175983428955
2005-06-28,15.692697922068104,15.799866676330566
2005-06-29,15.83485547182643,15.708002090454102
2005-06-30,15.952967335103638,15.659891128540039
2005-07-01,15.799863417113338,15.716752052307129
2005-07-05,15.638018415784723,15.786744117736816
2005-07-06,15.62270071183017,15.710186004638672
2005-07-07,15.528662918695929,15.756123542785645
2005-07-08,15.769246339781668,15.920158386230469
2005-07-11,15.963902142908736,16.162931442260742
2005-07-12,16.228539081675052,16.355392456054688
2005-07-13,16.40351227801134,16.344459533691406
2005-07-14,16.622227552858554,16.438508987426758
2005-07-15,16.510680588320014,16.348833084106445
2005-07-18,16.348837332470698,16.298532485961914
2005-07-19,16.33790364666071,16.48444175720215
2005-07-20,16.458189941272803,16.486623764038086
2005-07-21,16.5172422819123,16.66596794128418
2005-07-22,16.665974080432818,16.626605987548828
2005-07-25,16.672528381978452,16.482248306274414
2005-07-26,16.521625915154306,16.576303482055664
2005-07-27,16.589418135186857,16.66596794128418
2005-07-28,16.73158465438547,16.873748779296875
2005-07-29,16.891242704286203,16.862810134887695
2005-08-01,16.994037883383605,17.138389587402344
2005-08-02,17.354923508760365,17.442407608032227
2005-08-03,17.453343284614988,17.398664474487305
2005-08-04,17.36147950427201,17.245561599731445
2005-08-05,17.24337517727872,16.92842674255371
2005-08-08,16.939361565961367,17.044343948364258
2005-08-09,17.08152655091242,17.387725830078125
2005-08-10,17.57801030718484,17.57363510131836
2005-08-11,17.617376234620384,17.47521209716797
2005-08-12,17.453337954728777,17.289302825927734
2005-08-15,17.38772256674307,17.40959358215332
2005-08-16,17.40522294851244,17.107772827148438
2005-08-17,17.16244712132853,17.118703842163086
2005-08-18,16.895615973050155,16.803756713867188
2005-08-19,16.88468390326765,16.73814582824707
2005-08-22,17.004977511155566,16.945924758911133
2005-08-23,16.945926882359984,16.786264419555664
2005-08-24,16.80594609925563,16.567548751831055
2005-08-25,16.70971407704904,16.753456115722656
2005-08-26,16.821263230094736,16.731590270996094
2005-08-29,16.696586480174243,16.915300369262695
2005-08-30,16.904367319105962,16.73814582824707
2005-08-31,16.84094234474477,17.085901260375977
2005-09-01,17.169008964134466,17.322107315063477
2005-09-02,17.35492023189288,17.47521209716797
2005-09-06,17.606435476970496,17.69392204284668
2005-09-07,17.78140982473579,17.715795516967773
2005-09-08,17.521139927301725,17.687362670898438
2005-09-09,17.748604442119788,17.947633743286133
2005-09-12,18.1532237774719,17.92138671875
2005-09-13,17.78359577123671,17.720169067382812
2005-09-14,17.803282091941888,17.6567440032959
2005-09-15,17.82514912891531,17.75953483581543
2005-09-16,17.871084722460466,18.03293228149414
2005-09-19,18.08760645253658,18.006681442260742
2005-09-20,18.17508929108311,18.05479621887207
2005-09-21,18.234150084477424,18.225400924682617
2005-09-22,18.38068338690844,18.043865203857422
2005-09-23,17.978244369344562,18.028549194335938
2005-09-26,18.002310991626572,18.188217163085938
2005-09-27,18.207901022529107,18.06792449951172
2005-09-28,18.15978793924572,18.27351951599121
2005-09-29,18.371938096374542,18.59502601623535
2005-09-30,18.586271984667135,18.56439971923828
2005-10-03,18.645331795821534,18.682512283325195
2005-10-04,18.787494746699206,18.50754165649414
2005-10-05,18.37193716252221,17.945446014404297
2005-10-06,17.827338130180912,17.31773567199707
2005-10-07,17.497075696394788,17.746408462524414
2005-10-10,17.761724884433846,17.687362670898438
2005-10-11,17.934509569342474,17.763914108276367
2005-10-12,17.693924857913753,17.219316482543945
2005-10-13,17.037776565606467,17.112138748168945
2005-10-14,17.166824782321395,17.046531677246094
2005-10-17,17.070591615163394,17.23462677001953
2005-10-18,17.24993856271124,16.79720115661621
2005-10-19,16.45818977976033,17.125267028808594
2005-10-20,17.103402578361194,16.436325073242188
2005-10-21,16.67690710748787,16.873748779296875
2005-10-24,16.950301009675396,17.328676223754883
2005-10-25,17.278364856403122,16.987476348876953
2005-10-26,17.236811242347702,17.048717498779297
2005-10-27,17.081526844471156,16.644100189208984
2005-10-28,16.808141823469942,17.081533432006836
2005-10-31,17.15807637070385,17.387725830078125
2005-11-01,17.420529340333083,17.69392204284668
2005-11-02,17.715793327363087,17.967313766479492
2005-11-03,18.04386083071803,17.986995697021484
2005-11-04,18.039488663276064,17.94981575012207
2005-11-07,17.956378660802727,17.962940216064453
2005-11-08,17.707045552169955,17.794530868530273
2005-11-09,17.80327742888776,18.061359405517578
2005-11-10,18.043864522208125,18.089794158935547
2005-11-11,18.087615015457885,18.129169464111328
2005-11-14,18.06354808776085,18.081045150756836
2005-11-15,18.067929178172932,17.978256225585938
2005-11-16,18.035120132931322,18.1313533782959
2005-11-17,18.26258188433406,18.39818572998047
2005-11-18,18.415683607153436,18.448490142822266
2005-11-21,18.461612575426905,18.45942497253418
2005-11-22,18.186030467124706,18.450674057006836
2005-11-23,18.503164399179262,18.645328521728516
2005-11-25,18.654082710942173,18.632211685180664
2005-11-28,18.673757126582153,18.514097213745117
2005-11-29,18.590650875090304,18.350067138671875
2005-11-30,18.38506236380472,18.393810272216797
2005-12-01,18.55783670660038,18.874971389770508
2005-12-02,18.90559673965682,18.853105545043945
2005-12-05,19.02370357855289,19.006206512451172
2005-12-06,19.126496436592028,19.181175231933594
2005-12-07,19.310220412385384,18.99964714050293
2005-12-08,18.896843355044183,18.85747528076172
2005-12-09,18.916530877763314,19.049945831298828
2005-12-12,19.07837990138778,19.159303665161133
2005-12-13,19.26865906018502,19.41082191467285
2005-12-14,19.421764417504864,19.281787872314453
2005-12-15,19.410823974266922,19.203046798706055
2005-12-16,19.137434005737305,19.137434005737305
2005-12-19,19.30146930376689,19.093690872192383
2005-12-20,19.24679181439505,19.257728576660156
2005-12-21,19.39989126746175,19.57048797607422
2005-12-22,19.539864836124355,19.574857711791992
2005-12-23,19.660665537459618,19.691627502441406
2005-12-27,19.59432519537429,19.47269058227539
2005-12-28,19.572206787439058,19.52576446533203
2005-12-29,19.667299471272905,19.527971267700195
2005-12-30,19.527974491721643,19.516918182373047
2006-01-03,19.94375216527808,20.246734619140625
2006-01-04,20.346248587333985,20.430286407470703
2006-01-05,20.328558123908845,20.53423309326172
2006-01-06,20.799619838751354,20.963274002075195
2006-01-09,21.12029160757474,21.168947219848633
2006-01-10,20.961056039889414,20.914613723754883
2006-01-11,20.965479140727826,21.16009521484375
2006-01-12,21.208750931341413,20.8659610748291
2006-01-13,20.921251415558356,20.888078689575195
2006-01-17,20.67355818702065,20.52317237854004
2006-01-18,20.180383166361285,20.512115478515625
2006-01-19,20.788556371778068,21.175579071044922
2006-01-20,21.204326695571062,20.545286178588867
2006-01-23,20.792981772554093,21.142406463623047
2006-01-24,21.100390785304068,21.474143981933594
2006-01-25,21.6820226298319,21.485193252563477
2006-01-26,21.611257699993274,21.99385643005371
2006-01-27,22.11548835233705,22.245969772338867
2006-01-30,22.049140354929353,22.142024993896484
2006-01-31,22.1818382215015,22.287992477416992
2006-02-01,22.314531731702086,22.27693748474121
2006-02-02,22.126540762416926,21.70413589477539
2006-02-03,21.341447590839078,21.407793045043945
2006-02-06,21.757215963592486,21.91644859313965
2006-02-07,21.673180166778867,21.341447830200195
2006-02-08,21.124715057636223,21.407793045043945
2006-02-09,21.562600157917863,21.46307945251465
2006-02-10,21.695293707010855,21.429906845092773
2006-02-13,21.25298484893735,20.901348114013672
2006-02-14,21.1048093312473,21.429906845092773
2006-02-15,21.385678201531025,21.3193302154541
2006-02-16,21.538276605640178,21.872220993041992
2006-02-17,21.874429039202482,21.84346580505371
2006-02-21,22.06019407088464,21.65105628967285
2006-02-22,21.83019762508025,21.76827621459961
2006-02-23,21.90981368617685,21.761638641357422
2006-02-24,21.816918869999853,21.803651809692383
2006-02-27,22.0203938237595,22.002702713012695
2006-02-28,21.931929355369746,21.429906845092773
2006-03-01,21.648858988666664,22.02260971069336
2006-03-02,21.951831520156816,22.040294647216797
2006-03-03,21.777121848993716,21.673179626464844
2006-03-06,21.850103910893033,21.341447830200195
2006-03-07,20.97432700785311,20.58951759338379
2006-03-08,20.5873064265824,20.711153030395508
2006-03-09,20.832788983832454,20.501056671142578
2006-03-10,20.888074090751303,20.93230438232422
2006-03-13,20.996441681126484,20.91019058227539
2006-03-14,20.859327070824715,21.562599182128906
2006-03-15,21.49846639473327,21.81250762939453
2006-03-16,21.80365738329713,21.61788558959961
2006-03-17,21.770479202270508,21.770479202270508
2006-03-20,21.86558610755288,21.89433479309082
2006-03-21,21.892117242674946,21.45201873779297
2006-03-22,21.272884487073267,21.688655853271484
2006-03-23,21.688656670110017,21.48740577697754
2006-03-24,21.440965478098764,21.673179626464844
2006-03-27,21.673172845464777,21.805866241455078
2006-03-28,21.606831938575397,21.407793045043945
2006-03-29,21.569235619369753,21.81692886352539
2006-03-30,21.83905249102481,21.927513122558594
2006-03-31,22.022604194600497,21.89433479309082
2006-04-03,22.177410615637356,22.513566970825195
2006-04-04,22.719240826255636,22.646259307861328
2006-04-05,22.688276160632743,22.878469467163086
2006-04-06,22.803279266729387,22.761260986328125
2006-04-07,22.83423881729265,22.414043426513672
2006-04-10,22.513565027812845,22.336641311645508
2006-04-11,22.610875789586427,22.14645004272461
2006-04-12,22.172984612529746,22.274717330932617
2006-04-13,22.4582738349108,22.380870819091797
2006-04-17,22.531259507861304,22.646259307861328
2006-04-18,22.95145175158839,23.398183822631836
2006-04-19,23.437996554585027,23.54193878173828
2006-04-20,23.661365878720652,23.457902908325195
2006-04-21,23.88030236568235,23.641454696655273
2006-04-24,23.54636101715191,23.33184051513672
2006-04-25,23.250010760004816,23.011165618896484
2006-04-26,23.230101036150792,23.464527130126953
2006-04-27,23.00010674047824,23.095203399658203
2006-04-28,23.143851666444018,23.320777893066406
2006-05-01,23.42914199860781,23.31414222717285
2006-05-02,23.552996585653773,23.725496292114258
2006-05-03,23.86040524249785,23.752038955688477
2006-05-04,23.796267793734618,23.984249114990234
2006-05-05,24.15232088809582,24.371265411376953
2006-05-08,24.3756875941511,24.548187255859375
2006-05-09,24.48184237500252,24.570302963256836
2006-05-10,24.58358052252966,24.30492401123047
2006-05-11,24.36905578419942,23.685688018798828
2006-05-12,23.619344199048736,23.066457748413086
2006-05-15,22.77895130252171,22.513566970825195
2006-05-16,22.51356455078972,22.626352310180664
2006-05-17,22.237115820034823,21.850095748901367
2006-05-18,21.987217230387394,21.429906845092773
2006-05-19,21.73067635595887,21.892118453979492
2006-05-22,21.009714895818476,20.861539840698242
2006-05-23,21.295004811234787,20.633750915527344
2006-05-24,20.83057891432562,20.489999771118164
2006-05-25,20.770869712188556,21.361352920532227
2006-05-26,21.507309653419117,21.297210693359375
2006-05-30,21.197694406848854,20.37942123413086
2006-05-31,20.567405150525225,20.722213745117188
2006-06-01,20.7730777359804,21.14682960510254
2006-06-02,21.452022231251064,21.363561630249023
2006-06-05,21.149041100453648,20.456825256347656
2006-06-06,20.58951832061853,20.306440353393555
2006-06-07,20.13836013337885,19.859704971313477
2006-06-08,19.36431660548252,19.505855560302734
2006-06-09,19.69826692081815,19.25153350830078
2006-06-12,19.251532068775607,18.534990310668945
2006-06-13,18.15681087000924,18.123638153076172
2006-06-14,18.39124093718497,18.64335823059082
2006-06-15,19.032584769592194,19.729223251342773
2006-06-16,19.558934848739327,19.616436004638672
2006-06-19,19.649615253333106,18.88663101196289
2006-06-20,19.063546320462805,19.11883544921875
2006-06-21,19.09451678400811,19.73807716369629
2006-06-22,19.62749889827586,19.38422966003418
2006-06-23,19.379801921841857,19.35105323791504
2006-06-26,19.309032426291047,19.35105323791504
2006-06-27,19.461627045641617,18.98614501953125
2006-06-28,19.395279709054563,19.5810489654541
2006-06-29,19.802202244940265,20.744321823120117
2006-06-30,20.82836336813626,20.76643943786621
2006-07-03,21.14240325974359,21.226442337036133
2006-07-05,20.95884803128349,20.56740379333496
2006-07-06,20.728847609708772,20.987598419189453
2006-07-07,20.821730454717994,20.58951759338379
2006-07-10,20.702309228883575,20.755386352539062
2006-07-11,20.589516694146813,20.854902267456055
2006-07-12,20.67798399376549,20.39048194885254
2006-07-13,19.996826659509928,19.583267211914062
2006-07-14,19.707114759755385,19.682788848876953
2006-07-17,19.640765317137937,19.3731689453125
2006-07-18,19.61643692800832,19.642974853515625
2006-07-19,19.788937197695155,20.854902267456055
2006-07-20,20.8327886872603,20.25557518005371
2006-07-21,20.31307360436083,19.86191749572754
2006-07-24,20.346250981939527,20.755386352539062
2006-07-25,20.59394529159386,20.81067657470703
2006-07-26,20.655867023797995,20.722213745117188
2006-07-27,20.94778778374044,21.00749969482422
2006-07-28,21.09817469020201,21.45865821838379
2006-07-31,21.204328750927267,21.25298309326172
2006-08-01,21.175577410625053,20.91019058227539
2006-08-02,21.13798479809594,21.18663787841797
2006-08-03,21.029617978456404,21.164522171020508
2006-08-04,21.465294302751573,21.208755493164062
2006-08-07,21.18000155862478,21.076059341430664
2006-08-08,21.208752772127063,21.076059341430664
2006-08-09,21.53827524344631,21.155677795410156
2006-08-10,21.100385623308423,21.372406005859375
2006-08-11,21.25077386532786,21.113658905029297
2006-08-14,21.341447701564228,21.197696685791016
2006-08-15,21.51836836052532,21.7174072265625
2006-08-16,21.887703544826785,21.92972183227539
2006-08-17,21.85010614572519,21.960681915283203
2006-08-18,21.91645032721545,21.752796173095703
2006-08-21,21.564811579439844,21.640005111694336
2006-08-22,21.628949217415833,21.633373260498047
2006-08-23,21.62894445001223,21.241924285888672
2006-08-24,21.370192712188608,21.184423446655273
2006-08-25,21.186633748486663,21.2441349029541
2006-08-28,21.233078534970357,21.485193252563477
2006-08-29,21.520579900501545,21.55817413330078
2006-08-30,21.542692583776606,21.65105628967285
2006-08-31,21.664329029840246,21.58913803100586
2006-09-01,21.62894359096885,21.8301944732666
2006-09-05,21.951835129360745,21.949623107910156
2006-09-06,21.803661655606554,21.3193302154541
2006-09-07,21.23086792209035,21.076059341430664
2006-09-08,21.19769359216799,21.248559951782227
2006-09-11,20.97875407472486,20.790771484375
2006-09-12,20.927886322287407,21.14682960510254
2006-09-13,21.09817441756399,21.46307945251465
2006-09-14,21.42990862594066,21.286157608032227
2006-09-15,21.452018623215352,21.412212371826172
2006-09-18,21.50731402885559,21.653274536132812
2006-09-19,21.655486595798827,21.3193302154541
2006-09-20,21.440961040462067,21.757211685180664
2006-09-21,21.684233220371073,21.226442337036133
2006-09-22,21.0649988587308,20.956632614135742
2006-09-25,21.058368309345,21.199907302856445
2006-09-26,21.133554959881877,21.44980812072754
2006-09-27,21.45423131896243,21.401155471801758
2006-09-28,21.48298726703997,21.573659896850586
2006-09-29,21.48519201889646,21.401155471801758
2006-10-02,21.308270452043086,21.36577033996582
2006-10-03,21.24413751825166,21.076059341430664
2006-10-04,20.987596819076757,21.640005111694336
2006-10-05,21.64222303021048,21.927513122558594
2006-10-06,21.83683624109601,21.872220993041992
2006-10-09,21.67538389864233,21.790386199951172
2006-10-10,21.783754028714174,21.98721694946289
2006-10-11,21.85009771457627,21.8700008392334
2006-10-12,21.923079211299214,22.402986526489258
2006-10-13,22.425102496256674,22.535680770874023
2006-10-16,22.568855444538535,22.597606658935547
2006-10-17,22.40298636573945,22.30125617980957
2006-10-18,22.55779749722439,22.520200729370117
2006-10-19,22.513566223645476,22.619720458984375
2006-10-20,22.692702723451607,22.513566970825195
2006-10-23,22.48038847148802,22.4936580657959
2006-10-24,22.52240848036278,22.621929168701172
2006-10-25,22.679432722571967,22.88510513305664
2006-10-26,23.000109183538502,22.940397262573242
2006-10-27,22.77230926769827,22.557788848876953
2006-10-30,22.480398178100586,22.480398178100586
2006-10-31,22.66396019969431,22.911653518676758
2006-11-01,22.975785772086954,22.681650161743164
2006-11-02,22.68164012798049,22.75240707397461
2006-11-03,22.876256999383468,22.82318115234375
2006-11-06,23.004533348569918,23.36501693725586
2006-11-07,23.38713309011374,23.2654972076416
2006-11-08,23.112896364829233,23.325204849243164
2006-11-09,23.475592182869278,23.40482521057129
2006-11-10,23.493283789331116,23.43799591064453
2006-11-13,23.39597089306421,23.517606735229492
2006-11-14,23.661357637309266,23.884723663330078
2006-11-15,23.862609632765995,23.928955078125
2006-11-16,23.98424618954918,23.687898635864258
2006-11-17,23.592806121224246,23.66136360168457
2006-11-20,23.519825187792947,23.568479537963867
2006-11-21,23.663569209464686,23.944435119628906
2006-11-22,24.017423539865863,24.112520217895508
2006-11-24,23.970980211543704,24.108095169067383
2006-11-27,24.296072431445797,23.65251350402832
2006-11-28,23.652521630243662,23.789636611938477
2006-11-29,23.948867980223223,24.17444610595703
2006-11-30,24.2562640168564,24.282800674438477
2006-12-01,24.38454719030357,24.18329620361328
2006-12-04,24.327038063917527,24.687519073486328
2006-12-05,24.778185213969856,25.118762969970703
2006-12-06,24.884350481136305,24.946271896362305
2006-12-07,24.946269669723552,24.85780906677246
2006-12-08,24.791459540210774,24.74722671508789
2006-12-11,24.791466505398706,24.758291244506836
2006-12-12,24.603472865717546,24.45972442626953
2006-12-13,24.523859304980434,24.592416763305664
2006-12-14,24.729535366900993,25.01261329650879
2006-12-15,25.198392392824054,25.123201370239258
2006-12-18,25.145317684322343,24.948488235473633
2006-12-19,24.680885566264326,24.79146385192871
2006-12-20,25.052322194359935,25.065780639648438
2006-12-21,25.065789124737826,25.02092933654785
2006-12-22,25.121858331420245,25.11064338684082
2006-12-26,25.099423666188763,25.343914031982422
2006-12-27,25.52336430541943,25.705049514770508
2006-12-28,25.716258591524227,25.655696868896484
2006-12-29,25.671403946406276,25.608598709106445
2007-01-03,26.019072022276582,25.826171875
2007-01-04,25.62653807912847,25.469526290893555
2007-01-05,25.21158326276812,24.72484588623047
2007-01-08,24.870640596334976,24.904285430908203
2007-01-09,24.718109232600384,24.348011016845703
2007-01-10,24.092306938033694,24.291934967041016
2007-01-11,24.435491340096213,24.599233627319336
2007-01-12,24.77867665820162,25.099428176879883
2007-01-16,25.200362892633184,25.18914794921875
2007-01-17,25.121856151033526,25.08372688293457
2007-01-18,25.30130404449415,24.819053649902344
2007-01-19,24.908773403482495,25.265413284301758
2007-01-22,25.30130564009265,25.23625946044922
2007-01-23,25.234008032843462,25.81046485900879
2007-01-24,25.792517153240453,26.034761428833008
2007-01-25,25.868777988122506,25.2340030670166
2007-01-26,25.34615860212474,25.388774871826172
2007-01-29,25.260926364103465,25.052324295043945
2007-01-30,25.13530897779901,25.44036102294922
2007-01-31,25.209334143162554,25.63775062561035
2007-02-01,25.74990493951033,25.9517765045166
2007-02-02,25.962983841152226,25.87326431274414
2007-02-05,25.797008337617815,25.897945404052734
2007-02-06,26.08860726179985,26.153656005859375
2007-02-07,26.216455039878284,26.052715301513672
2007-02-08,25.91140385532025,25.913644790649414
2007-02-09,26.01906171024365,25.604101181030273
2007-02-12,25.648960839464547,25.42914390563965
2007-02-13,25.559241395470334,25.832889556884766
2007-02-14,25.862063293733076,26.38917350769043
2007-02-15,26.41159129593835,26.404863357543945
2007-02-16,26.30169649803135,26.465438842773438
2007-02-20,26.265799812561145,26.534963607788086
2007-02-21,26.37347233109813,26.613475799560547
2007-02-22,26.732346513152976,26.54617691040039
2007-02-23,26.52149962713128,26.35551643371582
2007-02-26,26.476651091755198,26.34431266784668
2007-02-27,25.346157281281744,24.20221519470215
2007-02-28,24.56109318387447,24.80782699584961
2007-03-01,24.016053348571948,24.451200485229492
2007-03-02,24.235860557205445,24.224645614624023
2007-03-05,23.675107276173723,23.603330612182617
2007-03-06,24.004834485109356,24.639612197875977
2007-03-07,24.460166081283177,24.48932647705078
2007-03-08,24.919987025303282,25.121858596801758
2007-03-09,25.299052077576015,25.16671371459961
2007-03-12,25.189154138035576,25.290088653564453
2007-03-13,25.06353932347583,24.55437469482422
2007-03-14,24.527465666818276,24.756254196166992
2007-03-15,24.583533131547355,24.958118438720703
2007-03-16,25.018683447074327,24.74503517150879
2007-03-19,25.077000020654683,25.287845611572266
2007-03-20,25.247470225945115,25.453828811645508
2007-03-21,25.541301965942978,26.216449737548828
2007-03-22,26.272518587492645,26.104291915893555
2007-03-23,26.189539288345685,26.225427627563477
2007-03-26,26.189543097149084,26.209732055664062
2007-03-27,26.209730342131284,26.093093872070312
2007-03-28,25.77682116694613,25.626537322998047
2007-03-29,26.01906759775478,26.135704040527344
2007-03-30,26.176072657950243,26.131210327148438
2007-04-02,26.209726811286846,26.31066131591797
2007-04-03,26.579828464378995,26.7413272857666
2007-04-04,26.835533343083114,26.90955352783203
2007-04-05,26.871421750990486,26.934226989746094
2007-04-09,27.104696272613,27.08899688720703
2007-04-10,27.106930342391383,27.216838836669922
2007-04-11,27.329001944355074,26.96563148498535
2007-04-12,27.005995948226747,27.41646957397461
2007-04-13,27.47703382325457,27.551054000854492
2007-04-16,27.71256056673084,27.878543853759766
2007-04-17,27.849377125346297,27.728256225585938
2007-04-18,27.47703020631099,27.521892547607422
2007-04-19,27.075531848690925,27.299833297729492
2007-04-20,27.67666085263128,27.625070571899414
2007-04-23,27.613856983723654,27.51516342163086
2007-04-24,27.51067924499512,27.510679244995117
2007-04-25,27.692360624040987,27.85161590576172
2007-04-26,27.815729265248656,27.777597427368164
2007-04-27,27.512914578704553,27.638525009155273
2007-04-30,27.463577773788057,27.104694366455078
2007-05-01,27.19441558843571,27.212358474731445
2007-05-02,27.340201874583236,27.75291633605957
2007-05-03,27.844888590582237,27.98619842529297
2007-05-04,28.062457543444456,27.977222442626953
2007-05-07,28.060222897406494,28.158916473388672
2007-05-08,28.01984944273168,27.793304443359375
2007-05-09,27.858344697449212,28.241901397705078
2007-05-10,28.091622567250297,27.551054000854492
2007-05-11,27.70133551053886,28.25087547302246
2007-05-14,28.197045931604734,27.970500946044922
2007-05-15,27.977239208506344,28.0041561126709
2007-05-16,28.167884548544873,28.410131454467773
2007-05-17,28.2643314376189,28.306947708129883
2007-05-18,28.380972577607672,28.452749252319336
2007-05-21,28.428077441762497,28.50434112548828
2007-05-22,28.560409198456593,28.508821487426758
2007-05-23,28.710698388233695,28.463964462280273
2007-05-24,28.41910646224105,27.779844284057617
2007-05-25,28.084900683535434,28.206024169921875
2007-05-29,28.318169079311346,28.109569549560547
2007-05-30,27.58918807243622,28.396677017211914
2007-05-31,28.416859081071646,28.477420806884766
2007-06-01,28.65462068391218,29.188461303710938
2007-06-04,28.93723571753471,29.058359146118164
2007-06-05,28.94397715768555,28.957435607910156
2007-06-06,28.755557060388867,28.22844696044922
2007-06-07,28.259852891276374,27.793304443359375
2007-06-08,27.869557386948536,28.284515380859375
2007-06-11,28.304701535141305,28.526762008666992
2007-06-12,28.21050862130639,28.03106689453125
2007-06-13,28.235175421568357,28.59181785583496
2007-06-14,28.703961399444363,29.040414810180664
2007-06-15,29.383607950118325,29.702116012573242
2007-06-18,29.7559417771937,29.72902488708496
2007-06-19,29.54734241772575,29.762672424316406
2007-06-20,29.986983569471697,29.509220123291016
2007-06-21,29.551840377351418,29.877079010009766
2007-06-22,29.652766233582515,29.482295989990234
2007-06-25,29.462106850151248,29.257991790771484
2007-06-26,29.370140401264308,29.002283096313477
2007-06-27,28.91257553519513,29.41501235961914
2007-06-28,29.226581421756897,29.421722412109375
2007-06-29,29.54510208330511,29.52491569519043
2007-07-02,29.60790888151002,30.123804092407227
2007-07-03,30.168664025380973,30.363807678222656
2007-07-05,30.193334238720183,30.49838638305664
2007-07-06,30.66885281550002,31.021005630493164
2007-07-09,31.24082514540929,31.32157325744629
2007-07-10,30.98512244365601,30.70474624633789
2007-07-11,30.86848025007585,30.958202362060547
2007-07-12,31.1578315919054,31.63783836364746
2007-07-13,31.846450276267205,32.03037643432617
2007-07-16,31.781397385910182,31.71634864807129
2007-07-17,31.781387092240955,31.691667556762695
2007-07-18,31.292429231094438,31.30364418029785
2007-07-19,31.51671628991612,31.61540985107422
2007-07-20,31.772418120856713,31.3978328704834
2007-07-23,32.04381452372741,32.30624771118164
2007-07-24,32.075241107517705,31.200462341308594
2007-07-25,31.673725693746675,31.3798885345459
2007-07-26,30.736127559490473,29.780601501464844
2007-07-27,29.946596923380376,29.394813537597656
2007-07-30,29.720059894101666,30.357078552246094
2007-07-31,30.767546190543435,29.735755920410156
2007-08-01,29.36565212308849,29.61911392211914
2007-08-02,29.65275523492192,29.946592330932617
2007-08-03,29.92192846499855,28.654619216918945
2007-08-06,28.982100301193363,29.16602897644043
2007-08-07,29.04938962771069,29.383602142333984
2007-08-08,29.97575751467746,30.370529174804688
2007-08-09,29.44191716852371,29.11443519592285
2007-08-10,28.502095275234048,28.609760284423828
2007-08-13,29.28266828516685,28.892383575439453
2007-08-14,29.044902350197535,28.145450592041016
2007-08-15,27.838155136873485,27.039640426635742
2007-08-16,26.50131536627931,26.579822540283203
2007-08-17,27.5891804607368,27.42095375061035
2007-08-20,27.72600911632821,27.477031707763672
2007-08-21,27.337968698458084,27.376100540161133
2007-08-22,27.835915680625632,28.553682327270508
2007-08-23,28.820599672244494,28.69947624206543
2007-08-24,28.708451740478438,29.383602142333984
2007-08-27,29.35444806115721,29.518190383911133
2007-08-28,29.168278362094686,28.31817054748535
2007-08-29,28.843042412088252,29.439685821533203
2007-08-30,29.114442842341386,29.289400100708008
2007-08-31,30.056506843680346,30.045291900634766
2007-09-04,29.75370635466773,30.552221298217773
2007-09-05,30.29426011032543,30.090145111083984
2007-09-06,30.26062788783162,30.325674057006836
2007-09-07,29.77164879175588,29.64155387878418
2007-09-10,30.056507383767947,29.663976669311523
2007-09-11,30.013892123788263,30.262866973876953
2007-09-12,30.108095902085434,30.370529174804688
2007-09-13,30.574643943455666,30.706979751586914
2007-09-14,30.561176440991932,30.767532348632812
2007-09-17,30.532037141764796,30.572412490844727
2007-09-18,30.662121916709104,32.05279541015625
2007-09-19,32.14251842203286,32.19859313964844
2007-09-20,32.27934907440431,32.09766387939453
2007-09-21,32.47225031961767,32.52383804321289
2007-09-24,33.19675072701192,32.927589416503906
2007-09-25,32.65842522197785,32.804222106933594
2007-09-26,33.241607666015625,33.241607666015625
2007-09-27,33.755258230245964,33.735069274902344
2007-09-28,33.81357782748328,33.5219841003418
2007-10-01,33.84048527689779,34.576194763183594
2007-10-02,34.90368486722515,34.81172180175781
2007-10-03,34.708537976901944,33.75749588012695
2007-10-04,33.892076820028215,34.09394836425781
2007-10-05,34.46406074640003,35.23117446899414
2007-10-08,34.764619573341975,34.85658264160156
2007-10-09,35.11227691830307,35.399383544921875
2007-10-10,35.28949085795032,35.446502685546875
2007-10-11,35.8928542346346,35.13471221923828
2007-10-12,35.298458885662676,35.776222229003906
2007-10-15,35.83678517044949,35.33883285522461
2007-10-16,35.101064876151824,34.683860778808594
2007-10-17,35.48462677001953,35.48462677001953
2007-10-18,34.878996203343256,35.66405487060547
2007-10-19,35.35228852666167,34.13881301879883
2007-10-22,33.802366502814095,34.38555145263672
2007-10-23,34.82518115622703,35.33883285522461
2007-10-24,35.01583266096605,35.10779571533203
2007-10-25,35.572106524088476,35.554161071777344
2007-10-26,36.34818897331411,36.561275482177734
2007-10-29,37.16688841509199,37.40240478515625
2007-10-30,36.85288128472723,36.69586944580078
2007-10-31,37.0121204398576,37.5010986328125
2007-11-01,36.46258289250926,35.987060546875
2007-11-02,36.224822201269305,36.19117736816406
2007-11-05,35.23790593385206,34.93285369873047
2007-11-06,35.95116798028403,36.258460998535156
2007-11-07,35.72686973068142,35.103309631347656
2007-11-08,35.264811352862,35.28275680541992
2007-11-09,34.645727533020384,34.45282745361328
2007-11-12,33.970579054175225,32.546260833740234
2007-11-13,33.847214458004416,34.845359802246094
2007-11-14,35.509307685085524,34.8790168762207
2007-11-15,34.47975355680173,34.07600784301758
2007-11-16,34.19265134341766,34.497703552246094
2007-11-19,33.849469164062384,32.90739822387695
2007-11-20,33.306644945254206,33.81132507324219
2007-11-21,32.68309251025489,32.10887908935547
2007-11-23,32.692068095537586,33.057682037353516
2007-11-26,33.20123466815291,31.745512008666992
2007-11-27,32.243460648723534,32.96122741699219
2007-11-28,33.324596954860446,34.76686096191406
2007-11-29,34.3519017436029,34.3406867980957
2007-11-30,35.278268505905906,34.63227844238281
2007-12-03,34.56722336600914,34.33170700073242
2007-12-04,34.185918223351564,34.24199295043945
2007-12-05,35.058445608616765,35.76275634765625
2007-12-06,35.574344598649205,36.32575607299805
2007-12-07,36.15752140696411,35.89508819580078
2007-12-10,35.888365585580544,35.90631103515625
2007-12-11,36.06333474778666,34.38555145263672
2007-12-12,35.95566314018229,35.417335510253906
2007-12-13,34.430404468786605,34.44386291503906
2007-12-14,33.735058966041066,33.62290954589844
2007-12-17,33.053192272219945,32.18962860107422
2007-12-18,33.20795886077296,33.07337951660156
2007-12-19,33.19226527554933,33.28871536254883
2007-12-20,33.447964244233724,33.470394134521484
2007-12-21,33.95936945011509,34.47975158691406
2007-12-24,34.54722065819091,35.06291961669922
2007-12-26,34.79257519367818,35.24466323852539
2007-12-27,34.926605455284886,34.43135452270508
2007-12-28,34.78348127252002,34.56084442138672
2007-12-31,34.65626158529359,34.14510726928711
2008-01-02,34.376842097362626,33.58171463012695
2008-01-03,33.986097299874295,33.88386535644531
2008-01-04,33.57261793628068,32.8660888671875
2008-01-07,33.138703414979005,33.10689926147461
2008-01-08,33.49083121729523,32.85018539428711
2008-01-09,33.3295380767921,33.92702102661133
2008-01-10,33.37724087265564,34.32685470581055
2008-01-11,33.599888740808574,33.361351013183594
2008-01-14,33.85887144463323,33.852054595947266
2008-01-15,33.19096544669067,32.320865631103516
2008-01-16,31.83924462463798,30.975961685180664
2008-01-17,31.464393378104383,30.074052810668945
2008-01-18,31.00095591127399,30.760143280029297
2008-01-22,28.835931347550783,29.98773193359375
2008-01-23,28.651910014395014,30.178556442260742
2008-01-24,30.124033045465023,30.764678955078125
2008-01-25,31.346264290710497,30.296695709228516
2008-01-28,30.237624459500932,31.046382904052734
2008-01-29,30.96913788334201,30.8941707611084
2008-01-30,30.43072805529397,30.48752212524414
2008-01-31,29.905946611095036,31.09864044189453
2008-02-01,31.259933519847962,31.718835830688477
2008-02-04,31.950568253577618,31.816532135009766
2008-02-05,31.11226259112981,30.10358238220215
2008-02-06,30.328489225353344,29.6106014251709
2008-02-07,29.5106565452833,30.11268424987793
2008-02-08,29.737816276348184,30.05586814880371
2008-02-11,29.946834683864477,30.428457260131836
2008-02-12,30.728326217299553,30.919158935546875
2008-02-13,31.24856513233405,31.61432456970215
2008-02-14,31.89830351101244,31.207677841186523
2008-02-15,31.307637763373425,31.430315017700195
2008-02-19,32.254987459361004,31.841520309448242
2008-02-20,31.33944725195137,32.10731506347656
2008-02-21,32.3163209481325,31.657499313354492
2008-02-22,31.980089250397064,32.08232116699219
2008-02-25,32.02099164587843,32.679813385009766
2008-02-26,32.436712794949734,33.11143493652344
2008-02-27,32.861549300132296,33.39087677001953
2008-02-28,33.04556011021658,33.03192901611328
2008-02-29,32.66844721046152,31.718835830688477
2008-03-03,31.72111371710425,31.891498565673828
2008-03-04,31.35761745851621,31.15088653564453
2008-03-05,31.51438021819099,31.8051700592041
2008-03-06,31.623423371974724,30.714702606201172
2008-03-07,30.428453764541445,30.289873123168945
2008-03-10,30.50569193126977,29.758272171020508
2008-03-11,31.023666452287824,31.759727478027344
2008-03-12,31.41895176770963,31.171327590942383
2008-03-13,30.285334648410917,30.887359619140625
2008-03-14,30.876006132613284,29.7923583984375
2008-03-17,28.683712109085498,29.056285858154297
2008-03-18,29.65831935210852,30.56703758239746
2008-03-19,30.22626272370764,28.731420516967773
2008-03-20,28.708704308760016,29.215316772460938
2008-03-24,29.619690586090123,30.33530616760254
2008-03-25,30.36484075264836,30.801025390625
2008-03-26,30.644274994274802,30.551132202148438
2008-03-27,30.848730684610615,30.403459548950195
2008-03-28,30.671544146331623,30.348947525024414
2008-03-31,30.408024679244022,30.528427124023438
2008-04-01,30.87145801120284,31.700664520263672
2008-04-02,31.700667224835993,31.723384857177734
2008-04-03,31.612051387125167,32.10957717895508
2008-04-04,31.945999411565353,31.98007583618164
2008-04-07,32.538939436477634,32.404903411865234
2008-04-08,32.13457175662418,32.22771453857422
2008-04-09,32.118674438793086,31.72565269470215
2008-04-10,31.961915609665777,32.18000793457031
2008-04-11,31.857405124220847,31.655216217041016
2008-04-14,31.52574895479745,31.580270767211914
2008-04-15,31.93238776667082,31.950563430786133
2008-04-16,32.332212053456345,32.8956184387207
2008-04-17,32.58211188963704,32.657081604003906
2008-04-18,33.10916044755125,33.15005111694336
2008-04-21,32.99332140523342,33.31818771362305
2008-04-22,33.206868377938996,33.00922393798828
2008-04-23,33.354529926563494,33.48402404785156
2008-04-24,33.3749697394213,33.05464553833008
2008-04-25,33.32727159945217,33.29773712158203
2008-04-28,33.40677264722438,33.23411560058594
2008-04-29,33.145522057015135,32.645729064941406
2008-04-30,32.850198758865936,33.31818771362305
2008-05-01,33.30455151340895,33.67258071899414
2008-05-02,34.09513021459794,33.99517059326172
2008-05-05,33.96337129253773,33.97018814086914
2008-05-06,33.84751471582036,34.34958267211914
2008-05-07,34.072414180455645,33.327266693115234
2008-05-08,33.493123290078195,33.67032241821289
2008-05-09,33.36589582300863,33.39542770385742
2008-05-12,33.44539658039086,33.82478713989258
2008-05-13,33.90657350977429,33.986087799072266
2008-05-14,34.24733857714288,34.067867279052734
2008-05-15,34.26779785155748,34.79258346557617
2008-05-16,34.97429979490294,35.235557556152344
2008-05-19,35.249210341980564,35.242393493652344
2008-05-20,34.744877384723566,34.63128662109375
2008-05-21,34.77893206504135,34.279136657714844
2008-05-22,34.46089240459841,34.37910842895508
2008-05-23,34.08151299413557,33.779361724853516
2008-05-27,33.67257471884673,33.72482681274414
2008-05-28,33.82932908652303,34.1791877746582
2008-05-29,34.21100648025873,34.25416946411133
2008-05-30,34.45635546487003,34.37229919433594
2008-06-02,34.345030329831225,33.9633674621582
2008-06-03,33.974717932767504,33.3499755859375
2008-06-04,33.16595887876114,33.05918502807617
2008-06-05,33.34544270964767,34.11103820800781
2008-06-06,33.63396569365859,32.875186920166016
2008-06-09,32.988778334618395,32.791133880615234
2008-06-10,32.300406741319286,32.03460693359375
2008-06-11,32.14593608141677,31.555267333984375
2008-06-12,31.79381272774655,31.739288330078125
2008-06-13,31.759724638968287,32.08232116699219
2008-06-16,32.05506354279982,32.19137191772461
2008-06-17,32.52987148845555,32.32768249511719
2008-06-18,32.27541909573998,32.17091751098633
2008-06-19,32.020989805218115,32.220909118652344
2008-06-20,31.70065756042593,31.169057846069336
2008-06-23,31.29400609369943,31.259929656982422
2008-06-24,31.091811051607788,31.12134552001953
2008-06-25,31.333213934926366,31.744524002075195
2008-06-26,31.22750801274523,30.655349731445312
2008-06-27,30.79782812697773,30.951784133911133
2008-06-30,31.17006588726942,31.1861515045166
2008-07-01,30.48071614992917,30.630075454711914
2008-07-02,30.770242077229653,29.756900787353516
2008-07-03,30.057909424819698,29.671873092651367
2008-07-07,29.917762261239172,29.566192626953125
2008-07-08,29.51792657977541,29.92923927307129
2008-07-09,30.055619474902137,29.32491111755371
2008-07-10,29.685667500399088,29.855709075927734
2008-07-11,29.623630532102776,29.65580177307129
2008-07-14,30.069411351675026,29.619037628173828
2008-07-15,29.16406930189875,29.1250057220459
2008-07-16,29.122700285759663,29.966005325317383
2008-07-17,30.131450744767236,30.10617446899414
2008-07-18,29.85569940017787,29.846506118774414
2008-07-21,30.030342337922285,30.216466903686523
2008-07-22,29.84421875349144,30.234851837158203
2008-07-23,30.38651111204105,30.27851104736328
2008-07-24,30.096994747497327,29.15947914123535
2008-07-25,29.400740708135668,29.359378814697266
2008-07-28,29.39384577907541,28.863046646118164
2008-07-29,28.945771492412387,30.462337493896484
2008-07-30,29.9659921851892,30.145221710205078
2008-07-31,29.53170512227613,29.469663619995117
2008-08-01,29.779869884675943,29.269750595092773
2008-08-04,28.91819403228994,28.373607635498047
2008-08-05,28.401178827303248,28.73895835876465
2008-08-06,28.67692037981814,29.31112289428711
2008-08-07,28.759638621782617,28.304668426513672
2008-08-08,27.96689157873243,28.373607635498047
2008-08-11,28.201258129591345,28.07717514038086
2008-08-12,27.8634854910649,27.842805862426758
2008-08-13,27.601535836058666,27.835914611816406
2008-08-14,27.822129585033796,28.201271057128906
2008-08-15,28.084082878340972,27.760087966918945
2008-08-18,27.884169021658373,27.29132843017578
2008-08-19,26.974231190571004,27.063844680786133
2008-08-20,27.42920062103637,27.753192901611328
2008-08-21,27.39473777450837,27.711837768554688
2008-08-22,27.877275228301215,27.691150665283203
2008-08-25,27.60154059744122,27.118995666503906
2008-08-26,27.201710881553357,27.16724395751953
2008-08-27,27.39472911274314,27.746295928955078
2008-08-28,27.801453785207062,27.939321517944336
2008-08-29,27.884175406421182,27.608434677124023
2008-09-02,27.139672870381002,26.77431869506836
2008-09-03,26.719165539325985,26.333131790161133
2008-09-04,26.03671427983249,25.1198787689209
2008-09-05,25.099198698963857,25.47834014892578
2008-09-08,26.595086144860904,25.795438766479492
2008-09-09,25.299111286726102,24.347808837890625
2008-09-10,24.76831823761828,24.74074363708496
2008-09-11,23.899728968764887,24.375381469726562
2008-09-12,24.299560644289198,25.18882179260254
2008-09-15,23.67913810449391,23.21038055419922
2008-09-16,22.19014722836778,23.410295486450195
2008-09-17,22.665799905728004,21.748964309692383
2008-09-18,22.54171425837377,23.582630157470703
2008-09-19,26.726068452574765,26.519264221191406
2008-09-22,26.022931399202562,24.78899574279785
2008-09-23,24.561502548340016,24.016916275024414
2008-09-24,24.43741858003543,24.29265594482422
2008-09-25,24.6235458165662,25.54037857055664
2008-09-26,24.196148134452113,24.67180061340332
2008-09-29,23.527485187883315,21.790325164794922
2008-09-30,22.90707217206584,23.5550594329834
2008-10-01,23.30689129288981,23.837690353393555
2008-10-02,22.93464564301418,21.748964309692383
2008-10-03,22.010916672163866,21.176803588867188
2008-10-06,19.632660120927824,19.58440589904785
2008-10-07,19.901507514212003,18.060945510864258
2008-10-08,17.647335820762603,18.060945510864258
2008-10-09,18.536596999815238,16.73050308227539
2008-10-10,15.97221799689858,16.923519134521484
2008-10-13,18.440081565418136,20.776973724365234
2008-10-14,20.749408452098084,19.742958068847656
2008-10-15,18.50902291561029,16.551271438598633
2008-10-16,16.95798805941787,17.364704132080078
2008-10-17,16.475441528622447,16.82011604309082
2008-10-20,17.34402485763096,17.9989070892334
2008-10-21,17.233727828263383,16.565059661865234
2008-10-22,15.820558481739914,14.821002006530762
2008-10-23,14.752068584551193,15.234613418579102
2008-10-24,13.359582246214432,13.662896156311035
2008-10-27,13.311332240553357,13.304438591003418
2008-10-28,14.228164002185341,16.089406967163086
2008-10-29,15.317336050218278,15.579289436340332
2008-10-30,16.88905343230924,17.681804656982422
2008-10-31,17.24751828423802,17.5301513671875
2008-11-03,17.674913818958988,17.371601104736328
2008-11-04,18.212602952317948,18.95709991455078
2008-11-05,18.026474415550638,16.544374465942383
2008-11-06,16.5030132825505,15.710262298583984
2008-11-07,16.440976266599684,16.98556137084961
2008-11-10,17.723165603551237,17.144113540649414
2008-11-11,16.565061156797483,16.07562255859375
2008-11-12,15.730943153299846,14.883044242858887
2008-11-13,15.138107032272048,16.944202423095703
2008-11-14,15.992901171520279,15.317337989807129
2008-11-17,15.193252564457902,15.062275886535645
2008-11-18,14.869259528422479,14.841686248779297
2008-11-19,14.565946961145743,13.559497833251953
2008-11-20,13.435412947188727,12.58751392364502
2008-11-21,13.814556524743221,14.40050220489502
2008-11-24,14.33846186530169,15.27597713470459
2008-11-25,15.544822632404337,14.9864501953125
2008-11-26,14.896835443807536,16.130769729614258
2008-11-28,15.744732591861888,15.820561408996582
2008-12-01,15.269086259574262,14.297103881835938
2008-12-02,14.917505234262714,15.200138092041016
2008-12-03,14.655562951764734,15.324231147766113
2008-12-04,14.903728475173756,14.669349670410156
2008-12-05,14.565946976413409,15.537930488586426
2008-12-08,16.14455495393042,16.530590057373047
2008-12-09,16.316891696881743,16.303104400634766
2008-12-10,16.799431879608086,17.275081634521484
2008-12-11,17.13032457549823,16.833904266357422
2008-12-12,16.454764670083414,17.06828498840332
2008-12-15,17.144113314772927,16.84079933166504
2008-12-16,17.10275023544999,18.185028076171875
2008-12-17,17.723171133646574,17.867935180664062
2008-12-18,17.97822492139429,17.475000381469727
2008-12-19,17.709379904056163,17.53704261779785
2008-12-22,17.406065688028324,16.882160186767578
2008-12-23,16.903129854582442,16.742347717285156
2008-12-24,16.88215966245325,16.861188888549805
2008-12-26,16.882158574209924,16.80526351928711
2008-12-29,17.01497453389038,16.77729606628418
2008-12-30,16.924101683834838,17.224695205688477
2008-12-31,17.091876121648465,17.45538330078125
2009-01-02,17.616164904792424,18.287256240844727
2009-01-05,18.17540769756965,18.524934768676758
2009-01-06,18.79756629270215,18.944368362426758
2009-01-07,18.41308647744441,17.853843688964844
2009-01-08,17.539274152385396,17.776952743530273
2009-01-09,17.644125496560687,17.392465591430664
2009-01-12,17.196736579440582,16.658464431762695
2009-01-13,16.560592917134176,16.707393646240234
2009-01-14,16.336899827831818,15.89649486541748
2009-01-15,15.91047610485159,16.078248977661133
2009-01-16,16.53961608228455,16.25300407409668
2009-01-20,15.749687725796258,15.0436429977417
2009-01-21,15.442107062773387,15.861539840698242
2009-01-22,15.337243080139162,15.33724308013916
2009-01-23,14.771017319059682,15.532986640930176
2009-01-26,15.69376521495721,15.714735984802246
2009-01-27,15.9034844564002,15.99436092376709
2009-01-28,16.497679299575648,16.80526351928711
2009-01-29,16.266990366683995,15.952415466308594
2009-01-30,16.134171643245875,15.833578109741211
2009-02-02,15.519007628213654,15.672799110412598
2009-02-03,15.833574884437157,16.141159057617188
2009-02-04,16.30194884274526,16.260005950927734
2009-02-05,16.15514289637611,16.602537155151367
2009-02-06,16.85419707384979,17.434412002563477
2009-02-09,17.406449454782965,17.343534469604492
2009-02-10,17.21071633337541,16.294954299926758
2009-02-11,16.707395829106137,16.784292221069336
2009-02-12,16.26699359360018,16.67943572998047
2009-02-13,16.749337611818664,16.76331901550293
2009-02-17,15.791639508444565,15.693772315979004
2009-02-18,15.707745429338251,15.581916809082031
2009-02-19,15.910473839842147,15.4351167678833
2009-02-20,14.959755927739089,15.0436429977417
2009-02-23,15.47006452488862,14.67314338684082
2009-02-24,14.812959595529817,15.477060317993164
2009-02-25,15.36520765506478,15.211416244506836
2009-02-26,15.407157254462101,15.078600883483887
2009-02-27,14.687124284286941,14.84091567993164
2009-03-02,14.414495389431597,13.939138412475586
2009-03-03,14.295656846174342,14.134873390197754
2009-03-04,14.854906921119674,15.127537727355957
2009-03-05,14.603241111413459,14.50537395477295
2009-03-06,14.805971023488453,14.750046730041504
2009-03-09,14.554305895739965,14.46342945098877
2009-03-10,15.08559151078003,15.637845039367676
2009-03-11,15.756684321890317,15.637845039367676
2009-03-12,15.57493006246309,16.239030838012695
2009-03-13,16.364860551557474,16.32990837097168
2009-03-16,16.588548832937455,16.34387969970703
2009-03-17,16.301944423255378,16.70040512084961
2009-03-18,16.52564180007589,17.0499324798584
2009-03-19,17.245667882777116,16.93808364868164
2009-03-20,16.889147882281033,16.707393646240234
2009-03-23,17.448394393731405,18.252307891845703
2009-03-24,17.77695302628176,17.68607521057129
2009-03-25,17.846851897545633,17.951709747314453
2009-03-26,18.35716571548143,18.441051483154297
2009-03-27,18.04259086107169,17.895790100097656
2009-03-30,17.147799355750823,16.97303581237793
2009-03-31,17.455383035846207,17.343534469604492
2009-04-01,17.336540836967956,17.91675567626953
2009-04-02,18.58784762565279,18.88844108581543
2009-04-03,18.76261144334755,19.119129180908203
2009-04-06,18.9164085559939,18.88145637512207
2009-04-07,18.552899205769545,18.448040008544922
2009-04-08,18.594838844651996,18.72066879272461
2009-04-09,19.34982351301337,19.5385684967041
2009-04-13,19.489633553079102,19.657407760620117
2009-04-14,19.53856246967462,19.34282684326172
2009-04-15,19.398754644703143,19.622451782226562
2009-04-16,19.72730528793188,19.790220260620117
2009-04-17,19.755275209031435,19.65041732788086
2009-04-20,19.14709588181261,18.692710876464844
2009-04-21,18.64377324436424,19.091167449951172
2009-04-22,18.804559423518814,18.930389404296875
2009-04-23,19.19602858473928,19.22399139404297
2009-04-24,19.524584631889205,19.587499618530273
2009-04-27,19.014276502595646,18.930389404296875
2009-04-28,18.538914844281326,18.867469787597656
2009-04-29,19.39176206633227,19.86012840270996
2009-04-30,20.237628749641978,20.041893005371094
2009-05-01,20.06984601546192,20.335487365722656
2009-05-04,20.93667144768639,21.740583419799805
2009-05-05,21.572812202671564,21.544849395751953
2009-05-06,21.85942757880586,21.91535186767578
2009-05-07,22.222933646830754,21.370086669921875
2009-05-08,21.866417713691256,22.0831241607666
2009-05-11,21.670678549314545,21.565820693969727
2009-05-12,21.915349687170437,21.719614028930664
2009-05-13,21.22328678386878,20.922693252563477
2009-05-14,20.83880506982052,21.223285675048828
2009-05-15,21.23726546494052,21.027549743652344
2009-05-18,21.73359541438532,22.194971084594727
2009-05-19,22.27885952532136,22.446632385253906
2009-05-20,22.712271791713416,22.51653480529785
2009-05-21,22.097105026245117,22.097105026245117
2009-05-22,22.153028205486624,22.194971084594727
2009-05-26,21.845437358648137,22.46060562133789
2009-05-27,22.712272095875626,22.201961517333984
2009-05-28,22.57246045081802,22.887035369873047
2009-05-29,23.257533501496848,23.236562728881836
2009-06-01,23.949595325508636,24.21523666381836
2009-06-02,23.92862428774605,23.86570930480957
2009-06-03,23.50919593069925,23.01985740661621
2009-06-04,23.194613915535495,23.446273803710938
2009-06-05,23.879691839225607,23.49521255493164
2009-06-08,22.98490547895867,23.13170623779297
2009-06-09,23.278505368915184,23.173648834228516
2009-06-10,23.704931300939037,23.467252731323242
2009-06-11,23.579096415000325,23.97056770324707
2009-06-12,23.6420111258357,23.586088180541992
2009-06-15,23.12471829348678,22.740236282348633
2009-06-16,22.85906922574491,22.397693634033203
2009-06-17,22.22293636078963,22.146039962768555
2009-06-18,22.055161350387753,22.0831241607666
2009-06-19,22.383716040591327,22.194971084594727
2009-06-22,21.88739359756064,21.39106559753418
2009-06-23,21.53694337301092,21.529895782470703
2009-06-24,22.10073820995898,22.002073287963867
2009-06-25,21.86111834802821,22.65747833251953
2009-06-26,22.66453158761852,22.77729034423828
2009-06-29,22.981661083426456,22.94642448425293
2009-06-30,22.925283780288623,22.7138614654541
2009-07-01,23.20013094776797,23.129657745361328
2009-07-02,22.734999322930584,22.49538803100586
2009-07-06,22.178253374070927,22.446056365966797
2009-07-07,22.41082255561768,21.917503356933594
2009-07-08,22.00207172319852,21.663795471191406
2009-07-09,22.12187433746011,22.051401138305664
2009-07-10,21.755409000001176,21.790645599365234
2009-07-13,21.656745717287706,21.945690155029297
2009-07-14,22.21349118144934,22.185300827026367
2009-07-15,22.84776086451227,23.376317977905273
2009-07-16,23.24241440375615,23.41860008239746
2009-07-17,23.48907402239333,23.65821075439453
2009-07-20,24.236108906190605,24.5039119720459
2009-07-21,24.63076720604466,24.43343734741211
2009-07-22,24.088109766249637,24.37705421447754
2009-07-23,24.55324501968138,25.067707061767578
2009-07-24,24.806942165698185,24.947891235351562
2009-07-27,25.053602132056664,25.16636085510254
2009-07-28,24.94789812552352,25.053607940673828
2009-07-29,24.743518767692482,24.489810943603516
2009-07-30,25.180460337164487,25.09589195251465
2009-07-31,25.25798378088625,25.2156982421875
2009-08-03,25.892254799630685,26.16005516052246
2009-08-04,25.758344457727286,25.920434951782227
2009-08-05,25.709013483522842,25.701967239379883
2009-08-06,25.83586268801686,25.490537643432617
2009-08-07,25.73015416760967,25.74424934387207
2009-08-10,25.52579245698525,25.4553165435791
2009-08-11,25.243884843274326,24.97608184814453
2009-08-12,24.884467039784724,25.20159912109375
2009-08-13,25.624445091289694,25.638540267944336
2009-08-14,25.60331165779141,25.173418045043945
2009-08-17,24.292485798229574,24.1867733001709
2009-08-18,24.503909709676176,24.71533203125
2009-08-19,24.229060428781576,24.778759002685547
2009-08-20,24.849226490762817,25.208646774291992
2009-08-21,25.448269008351563,25.589218139648438
2009-08-24,25.871103982611576,25.701967239379883
2009-08-25,25.885196710337727,25.645584106445312
2009-08-26,25.51873196311233,25.568063735961914
2009-08-27,25.40597524737098,25.518733978271484
2009-08-28,25.666729777765774,25.38483428955078
2009-08-31,24.954945105484438,24.884471893310547
2009-09-01,24.947898564832123,24.41229248046875
2009-09-02,24.447519164491567,24.673036575317383
2009-09-03,25.03246071160432,25.16636085510254
2009-09-04,25.349607304583973,25.652647018432617
2009-09-08,26.09662894313031,26.18120002746582
2009-09-09,26.286903141367276,26.322139739990234
2009-09-10,26.336246566052335,26.667476654052734
2009-09-11,26.766132719040023,26.681564331054688
2009-09-14,26.293952768531923,26.582897186279297
2009-09-15,26.62518843845734,26.90003776550293
2009-09-16,27.29468380623621,27.576581954956055
2009-09-17,27.50611674462519,27.4285945892334
2009-09-18,27.562488037994225,27.506107330322266
2009-09-21,27.139640846855162,27.266494750976562
2009-09-22,27.63296687518484,27.68229866027832
2009-09-23,27.63296128639615,27.266494750976562
2009-09-24,27.365167576726,26.730897903442383
2009-09-25,26.73089208808276,26.843650817871094
2009-09-28,26.91413002431266,27.188982009887695
2009-09-29,27.329927311539972,27.252405166625977
2009-09-30,27.463830568803072,27.421545028686523
2009-10-01,27.351064056461883,26.674509048461914
2009-10-02,26.343288090732766,26.681564331054688
2009-10-05,26.92822320661062,27.301738739013672
2009-10-06,27.58363571923906,27.752775192260742
2009-10-07,27.668209569923455,27.724590301513672
2009-10-08,27.96419121663825,28.062854766845703
2009-10-09,28.048763031303118,28.083999633789062
2009-10-12,28.274282835149904,28.31656837463379
2009-10-13,28.260183735120453,28.365896224975586
2009-10-14,28.950831474143946,29.282058715820312
2009-10-15,28.971978784134098,29.11997413635254
2009-10-16,28.675983811962205,28.71826934814453
2009-10-19,28.957879477030858,29.26796531677246
2009-10-20,29.112931832432537,28.8803653717041
2009-10-21,28.746457297155395,28.725313186645508
2009-10-22,28.68303216959249,28.964927673339844
2009-10-23,29.148160447900327,28.725313186645508
2009-10-26,28.964926498473883,28.365896224975586
2009-10-27,28.372940535192637,27.872573852539062
2009-10-28,27.583634683064332,26.596996307373047
2009-10-29,27.062125274190752,27.773914337158203
2009-10-30,27.534300379928933,26.47718620300293
2009-11-02,26.871845245361325,26.871845245361328
2009-11-03,26.385566494642248,26.91412353515625
2009-11-04,27.513157113888266,27.414493560791016
2009-11-05,27.61182208562305,27.978288650512695
2009-11-06,27.70344531220394,27.943058013916016
2009-11-09,28.450475738752505,28.971986770629883
2009-11-10,28.66189561542116,28.83808135986328
2009-11-11,29.239774395116417,29.08473014831543
2009-11-12,28.873313320397585,28.436370849609375
2009-11-13,28.6195983960074,28.922637939453125
2009-11-16,29.338439417183444,29.64852523803711
2009-11-17,29.35253797654384,29.542816162109375
2009-11-18,29.528716692744457,29.310245513916016
2009-11-19,28.993118495149936,28.767601013183594
2009-11-20,28.612557339250294,28.647796630859375
2009-11-23,29.282070412751462,29.24683380126953
2009-11-24,29.03539837676601,29.08473014831543
2009-11-25,29.23273469198427,29.423015594482422
2009-11-27,28.02761281220734,28.281320571899414
2009-11-30,28.513889701072337,28.556175231933594
2009-12-01,29.13406934703579,29.373682022094727
2009-12-02,29.401866067743722,29.493480682373047
2009-12-03,29.66262620784907,29.218637466430664
2009-12-04,29.789474515276083,29.486434936523438
2009-12-07,29.296161647649544,29.23273468017578
2009-12-08,28.943786573426667,28.690078735351562
2009-12-09,28.732367976542605,28.866268157958984
2009-12-10,29.014263904918874,29.03540802001953
2009-12-11,29.176362119717947,29.141122817993164
2009-12-14,29.28206304122093,29.338443756103516
2009-12-15,29.021312839412698,29.03540802001953
2009-12-16,29.25387394349051,29.20454216003418
2009-12-17,28.683031006160686,28.365896224975586
2009-12-18,28.4645561080007,28.44341468811035
2009-12-21,28.527983294353767,28.408178329467773
2009-12-22,28.52398932033946,28.69449234008789
2009-12-23,28.8934120895357,28.978666305541992
2009-12-24,29.220212968950506,29.269943237304688
2009-12-28,29.46175547340378,29.36939811706543
2009-12-29,29.434767901256645,29.26421546936035
2009-12-30,29.299759062852004,29.39214324951172
2009-12-31,29.584018560906618,29.491634368896484
2010-01-04,29.974864175706536,30.351503372192383
2010-01-05,30.49363683649054,30.571807861328125
2010-01-06,30.614450503544376,30.63576889038086
2010-01-07,30.450993338054044,30.458101272583008
2010-01-08,30.47231905384938,30.699724197387695
2010-01-11,30.877387214433394,30.63576889038086
2010-01-12,30.2804456503877,30.145421981811523
2010-01-13,30.266228822894863,30.237802505493164
2010-01-14,30.216478631551478,30.159626007080078
2010-01-15,30.074364812458825,29.81142807006836
2010-01-19,29.903802342297425,30.415462493896484
2010-01-20,29.925116622185588,29.68349838256836
2010-01-21,29.527169397743908,28.788101196289062
2010-01-22,28.582011407449556,28.14851951599121
2010-01-25,28.51805774067927,28.354610443115234
2010-01-26,27.80740998497122,27.7647705078125
2010-01-27,27.565792694604372,27.693708419799805
2010-01-28,27.942430035038374,27.501832962036133
2010-01-29,27.82162755103871,27.203367233276367
2010-02-01,27.459203657989487,27.935335159301758
2010-02-02,27.99217028343825,28.1627254486084
2010-02-03,28.169827643475305,27.99927520751953
2010-02-04,27.537374426540556,26.73434829711914
2010-02-05,26.499830896074375,26.43587303161621
2010-02-08,26.421659000037167,26.172935485839844
2010-02-09,26.81251902803905,27.025711059570312
2010-02-10,27.032816192853193,26.95464515686035
2010-02-11,27.13941086400851,27.665287017822266
2010-02-12,27.103870438156306,27.317062377929688
2010-02-16,27.729245846301957,28.02060890197754
2010-02-17,28.233796872776203,28.120094299316406
2010-02-18,27.899785496300517,28.226682662963867
2010-02-19,27.906903964777015,27.985074996948242
2010-02-22,28.155629880159637,28.02060890197754
2010-02-23,27.864258387531844,27.373916625976562
2010-02-24,27.55869266391267,27.636863708496094
2010-02-25,26.9830665894652,27.40945053100586
2010-02-26,27.437878113257764,27.686601638793945
2010-03-01,28.02060723420001,28.155628204345703
2010-03-02,28.439877016429666,28.47540855407715
2010-03-03,28.62465842023552,28.510955810546875
2010-03-04,28.53226671106326,28.361711502075195
2010-03-05,28.75256294886742,29.100778579711914
2010-03-08,29.16473458385244,29.122095108032227
2010-03-09,28.9941823452077,29.285545349121094
2010-03-10,29.349505468315506,29.491634368896484
2010-03-11,29.321076900803767,29.498737335205078
2010-03-12,29.633759276814637,29.399246215820312
2010-03-15,29.228684156726427,29.186044692993164
2010-03-16,29.28553904333209,29.56268882751465
2010-03-17,29.85406002153703,29.88248634338379
2010-03-18,29.82563217657639,29.65507698059082
2010-03-19,29.271329879760742,29.271329879760742
2010-03-22,28.972867874016075,29.377933502197266
2010-03-23,29.413461587205166,29.584016799926758
2010-03-24,29.27133309195316,29.143417358398438
2010-03-25,29.385023536299332,29.065237045288086
2010-03-26,29.306870521674856,29.207378387451172
2010-03-29,29.512953541688272,29.733253479003906
2010-03-30,29.804316768200806,29.846956253051758
2010-03-31,29.74745674970537,29.932222366333008
2010-04-01,30.37283381196229,30.71394157409668
2010-04-05,30.870278353339106,30.9910888671875
2010-04-06,30.87027471051612,31.08346939086914
2010-04-07,30.955555864800804,30.813426971435547
2010-04-08,30.607332113763984,30.920013427734375
2010-04-09,30.983971279044606,31.111886978149414
2010-04-12,30.877383783718884,30.863170623779297
2010-04-13,30.77789121244928,30.799209594726562
2010-04-14,31.11900544526498,31.254026412963867
2010-04-15,31.055043072037673,31.08346939086914
2010-04-16,30.735252872837254,30.173845291137695
2010-04-19,29.818528370041868,30.053041458129883
2010-04-20,30.323080570254653,30.40835952758789
2010-04-21,30.351510903671805,30.308874130249023
2010-04-22,30.038822541360823,30.436782836914062
2010-04-23,30.337293692870116,30.60023307800293
2010-04-26,30.792106665444585,30.60023307800293
2010-04-27,30.25912334847399,29.505842208862305
2010-04-28,29.85405367972447,29.75456428527832
2010-04-29,30.03171462500209,30.244909286499023
2010-04-30,30.230702008798453,29.88248634338379
2010-05-03,29.981978709465036,30.045936584472656
2010-05-04,29.40634610224636,28.667278289794922
2010-05-05,28.127201131454925,28.14851951599121
2010-05-06,27.935328947488173,26.997282028198242
2010-05-07,27.26021287412971,27.139402389526367
2010-05-10,28.873374594732947,29.093671798706055
2010-05-11,28.425677315143997,28.567806243896484
2010-05-12,28.80941602436649,28.923118591308594
2010-05-13,28.923122730942513,28.653078079223633
2010-05-14,28.44698061650532,28.063236236572266
2010-05-17,27.999284183679542,27.89268684387207
2010-05-18,28.169835175936306,27.309959411621094
2010-05-19,26.9333307075615,27.047033309936523
2010-05-20,26.016589141329725,25.70390510559082
2010-05-21,25.377013643367235,26.53536033630371
2010-05-24,26.556681275153682,26.25821304321289
2010-05-25,25.206461630945935,25.973953247070312
2010-05-26,26.243995512982192,25.95973777770996
2010-05-27,26.975963334866126,27.53026580810547
2010-05-28,27.37392185627923,27.075450897216797
2010-06-01,26.798303986815263,26.578006744384766
2010-06-02,26.883576994634502,27.508939743041992
2010-06-03,27.686600364095586,27.40945053100586
2010-06-04,26.819620218365177,26.43587303161621
2010-06-07,26.53535392890888,26.023691177368164
2010-06-08,26.315057969590885,26.620634078979492
2010-06-09,26.734341361775034,26.4785099029541
2010-06-10,27.03281540146016,27.4023494720459
2010-06-11,27.00438709888225,27.54447364807129
2010-06-14,27.885575190584024,27.551572799682617
2010-06-15,27.8571546995998,28.383028030395508
2010-06-16,28.077451887818448,28.383028030395508
2010-06-17,28.461206824815466,28.240909576416016
2010-06-18,28.361707337525377,28.368812561035156
2010-06-21,29.10788874815562,28.85916519165039
2010-06-22,28.802319750289218,28.304872512817383
2010-06-23,28.506587509743017,28.377824783325195
2010-06-24,28.249059851483747,27.877079010009766
2010-06-25,27.95577575916637,28.206146240234375
2010-06-28,28.184681204910387,28.012996673583984
2010-06-29,27.254730184009258,26.87559700012207
2010-06-30,27.011517786836002,26.696765899658203
2010-07-01,26.825522658682626,26.889904022216797
2010-07-02,26.968591475416947,27.004358291625977
2010-07-06,27.698244320752448,27.50510025024414
2010-07-07,27.469338680502972,28.113149642944336
2010-07-08,28.163217957366655,28.249061584472656
2010-07-09,28.270523310318367,28.592430114746094
2010-07-12,28.477975119888,28.3635196685791
2010-07-13,28.606747869793484,28.692588806152344
2010-07-14,28.506594146679664,28.635356903076172
2010-07-15,28.506580065528617,28.499427795410156
2010-07-16,28.263374572344485,27.648178100585938
2010-07-19,27.91284850065735,28.012996673583984
2010-07-20,27.82701340135538,28.671123504638672
2010-07-21,28.792727508190012,28.377824783325195
2010-07-22,28.871423919823215,29.236249923706055
2010-07-23,29.157554771534524,29.436542510986328
2010-07-26,29.379319120191823,29.636844635009766
2010-07-27,29.80137277971242,29.586769104003906
2010-07-28,29.407933934560887,29.4222412109375
2010-07-29,29.729836499488673,29.47231101989746
2010-07-30,29.25055068207884,29.615379333496094
2010-08-02,30.17334698406862,30.38079833984375
2010-08-03,30.14472841079137,30.23772430419922
2010-08-04,30.244868210478632,30.280637741088867
2010-08-05,30.05889822664269,30.144739151000977
2010-08-06,29.944442690366913,30.10181999206543
2010-08-09,30.30210760507888,30.259185791015625
2010-08-10,29.729826722405402,29.844282150268555
2010-08-11,29.22193283014562,28.892873764038086
2010-08-12,28.621044370521336,28.942951202392578
2010-08-13,29.064554006106313,29.10032081604004
2010-08-16,29.086019957677266,29.372159957885742
2010-08-17,29.665452706124725,29.679759979248047
2010-08-18,29.615369877813347,29.658288955688477
2010-08-19,29.665457814900336,29.429391860961914
2010-08-20,29.322071120775476,29.343530654907227
2010-08-23,29.415070594692928,29.078859329223633
2010-08-24,28.73549810797433,28.706886291503906
2010-08-25,28.4135907502999,28.520891189575195
2010-08-26,28.671118071641306,28.342056274414062
2010-08-27,28.613889435587815,28.96441078186035
2010-08-30,28.785571823647064,28.485124588012695
2010-08-31,28.506580077575475,28.65680503845215
2010-09-01,29.179016582177493,29.66545295715332
2010-09-02,29.60821579574059,29.715518951416016
2010-09-03,30.073198854361017,30.066043853759766
2010-09-07,29.880063415943006,29.629690170288086
2010-09-08,29.851433798766212,29.951581954956055
2010-09-09,30.266349597874267,30.123279571533203
2010-09-10,30.130433079676465,30.230581283569336
2010-09-13,30.809997821007794,30.953067779541016
2010-09-14,30.867242365534825,30.93877601623535
2010-09-15,30.8243159849258,30.981693267822266
2010-09-16,30.738477012777928,30.824317932128906
2010-09-17,30.967382668649144,30.77423858642578
2010-09-20,30.995995820167607,31.26067352294922
2010-09-21,31.274978182037668,31.167675018310547
2010-09-22,31.224906047822536,31.189136505126953
2010-09-23,30.995997010996593,30.988842010498047
2010-09-24,31.36797499968678,31.561119079589844
2010-09-27,31.539655895530963,31.503889083862305
2010-09-28,31.546802057191776,31.7327938079834
2010-09-29,31.754266052611193,31.840106964111328
2010-09-30,32.069029620312946,32.02610778808594
2010-10-01,32.36946724054223,32.49822998046875
2010-10-04,32.47676373179217,32.398075103759766
2010-10-05,32.64130608545619,32.98467254638672
2010-10-06,32.97750062855688,32.9703483581543
2010-10-07,33.041885032161765,32.677059173583984
2010-10-08,32.655603246412305,33.07050323486328
2010-10-11,33.013282554342695,33.049049377441406
2010-10-12,32.75575334960451,32.91312789916992
2010-10-13,33.29225309767736,33.52116394042969
2010-10-14,33.492558026364996,33.46394348144531
2010-10-15,33.6356317904813,33.42102813720703
2010-10-18,33.163500519983316,33.435333251953125
2010-10-19,32.67705701490309,32.376609802246094
2010-10-20,32.64845580981238,32.89167404174805
2010-10-21,33.07766589908148,32.89167404174805
2010-10-22,33.02758501850997,32.92743682861328
2010-10-25,33.32803229591856,33.28511047363281
2010-10-26,33.070500814118304,33.256492614746094
2010-10-27,32.78436400457201,32.691368103027344
2010-10-28,32.991815966562854,32.89882278442383
2010-10-29,32.84159139548589,32.99181365966797
2010-11-01,33.328025319859506,33.35663986206055
2010-11-02,33.65708614943203,33.771541595458984
2010-11-03,33.850229746100226,33.9789924621582
2010-11-04,34.494042415262506,34.75156784057617
2010-11-05,34.572731751099376,34.68718719482422
2010-11-08,34.41535425945492,34.54411697387695
2010-11-09,34.715801647705796,34.107757568359375
2010-11-10,34.293750039796805,34.358131408691406
2010-11-11,34.02192306518555,34.02192306518555
2010-11-12,33.54263472026474,33.19926834106445
2010-11-15,33.363796229083015,33.184959411621094
2010-11-16,32.84158724327946,32.31222915649414
2010-11-17,32.419535591868645,32.47676467895508
2010-11-18,33.09911778886757,33.24934005737305
2010-11-19,33.0919571317618,33.27079391479492
2010-11-22,33.099116850298756,33.170650482177734
2010-11-23,32.29793167356098,32.11909484863281
2010-11-24,32.64129267353519,32.8630485534668
2010-11-26,32.20494277363985,32.04756546020508
2010-11-29,32.16200634046584,32.29792404174805
2010-11-30,31.918804854009636,32.033260345458984
2010-12-01,32.83443905272256,32.94889450073242
2010-12-02,33.056199460828445,33.5998649597168
2010-12-03,33.31372215346076,33.72146987915039
2010-12-06,33.52832027065814,33.66423797607422
2010-12-07,34.04336528375266,33.50685501098633
2010-12-08,33.44248913663747,33.292266845703125
2010-12-09,33.42101734773397,33.177799224853516
2010-12-10,33.19927450475286,33.32803726196289
2010-12-13,33.528318157639085,33.542625427246094
2010-12-14,33.57124904185109,33.592708587646484
2010-12-15,33.399568064175945,33.049049377441406
2010-12-16,33.077658889380345,33.14204025268555
2010-12-17,33.056198050352045,33.192115783691406
2010-12-20,33.163499644727075,33.04188919067383
2010-12-21,33.40166297105582,33.52422332763672
2010-12-22,33.50978934901959,33.63956069946289
2010-12-23,33.52420679505525,33.603511810302734
2010-12-27,33.48094580039826,33.495365142822266
2010-12-28,33.56027032955993,33.52422332763672
2010-12-29,33.77306505081871,33.953399658203125
2010-12-30,34.140956795610386,34.126529693603516
2010-12-31,34.21308637352047,34.364566802978516
2011-01-03,34.645894758856066,34.696388244628906
2011-01-04,34.81179834586175,34.855079650878906
2011-01-05,34.552123120967586,34.768524169921875
2011-01-06,34.63145520296038,34.40062713623047
2011-01-07,34.270791124081285,34.08324432373047
2011-01-10,33.75864011862785,33.72978591918945
2011-01-11,34.09767665805188,34.09046173095703
2011-01-12,34.552105577646735,34.775718688964844
2011-01-13,34.69638388504692,34.47277069091797
2011-01-14,34.35735615540375,34.57375717163086
2011-01-18,34.51604709777702,34.52326202392578
2011-01-19,34.6242442999838,34.25636291503906
2011-01-20,33.99668541610947,33.88127136230469
2011-01-21,33.902909305817836,33.52781295776367
2011-01-24,33.52781236523044,33.78749465942383
2011-01-25,33.61437696481604,33.58552551269531
2011-01-26,33.90291063749056,33.88127136230469
2011-01-27,33.96061943050848,33.7658576965332
2011-01-28,33.621592869716345,32.698280334472656
2011-01-31,32.97958932792824,33.04450988769531
2011-02-01,33.33306120419797,33.845211029052734
2011-02-02,33.72978479104667,33.59273147583008
2011-02-03,33.65043961453594,33.5494499206543
2011-02-04,33.59995618596878,33.5422477722168
2011-02-07,33.470111449147424,33.58552551269531
2011-02-08,33.48453588223205,33.599952697753906
2011-02-09,33.1382893275629,32.8281135559082
2011-02-10,32.3520302466914,32.517940521240234
2011-02-11,32.30874846912779,32.9146728515625
2011-02-14,32.96517652466934,32.748775482177734
2011-02-15,32.77041269380054,32.81369400024414
2011-02-16,32.88581757259935,33.087791442871094
2011-02-17,32.98680414264825,33.20320510864258
2011-02-18,33.311407123443594,33.405181884765625
2011-02-22,32.698277610395785,32.337608337402344
2011-02-23,32.43136800318682,32.36644744873047
2011-02-24,32.35203362646995,32.44580841064453
2011-02-25,32.74155237782495,32.8353271484375
2011-02-28,32.96516595024259,33.030086517333984
2011-03-01,33.246497821501684,32.69106674194336
2011-03-02,32.77762114759079,33.13829040527344
2011-03-03,33.54946062135721,33.794715881347656
2011-03-04,33.83798838874261,33.83077621459961
2011-03-07,33.87405622956568,33.35469436645508
2011-03-08,33.65043762544845,33.801918029785156
2011-03-09,33.823562875294094,33.866844177246094
2011-03-10,33.21763968185651,32.86418533325195
2011-03-11,32.66220131781297,33.20320510864258
2011-03-14,33.073373008174705,33.39797592163086
2011-03-15,32.09956297292025,32.8425407409668
2011-03-16,32.835336340894735,32.17170333862305
2011-03-17,32.64777677168729,32.56843185424805
2011-03-18,32.92187772674904,32.626129150390625
2011-03-21,33.23927972239081,33.25370407104492
2011-03-22,33.34026726585644,33.35469436645508
2011-03-23,33.426834367206325,33.794715881347656
2011-03-24,33.960625211779245,34.18423843383789
2011-03-25,34.19143650098483,34.148155212402344
2011-03-28,34.11210033464134,33.97504425048828
2011-03-29,34.126526521214174,34.364566802978516
2011-03-30,34.674743346032116,34.80458450317383
2011-03-31,35.0137719202695,35.1075439453125
2011-04-01,35.51870088422134,35.67018127441406
2011-04-04,35.83609502871211,35.973148345947266
2011-04-05,35.814448777814036,35.90100860595703
2011-04-06,36.21840947153424,36.09578323364258
2011-04-07,36.11741710322957,36.05971145629883
2011-04-08,36.26169077697804,36.09578323364258
2011-04-11,36.001996248651665,35.67018127441406
2011-04-12,35.38887888861233,34.99935531616211
2011-04-13,35.605262963503634,35.287872314453125
2011-04-14,35.21574539187471,35.396080017089844
2011-04-15,35.38887190623994,35.43936538696289
2011-04-18,34.732443355796526,34.55210876464844
2011-04-19,34.84064260338004,35.04983139038086
2011-04-20,35.82166325280353,35.879371643066406
2011-04-21,36.0957789506271,36.1967658996582
2011-04-25,36.14626374543494,35.90100860595703
2011-04-26,36.00920505423313,36.211181640625
2011-04-27,36.16070930004752,36.14628219604492
2011-04-28,35.82167070121265,35.85052490234375
2011-04-29,35.87938204417791,36.06692886352539
2011-05-02,36.24004509234865,36.074134826660156
2011-05-03,35.57642129438238,35.273460388183594
2011-05-04,35.129180065199094,34.68916320800781
2011-05-05,34.407839044244085,34.35734558105469
2011-05-06,34.89114435737225,34.80458450317383
2011-05-09,34.79736646547937,34.86949920654297
2011-05-10,34.96327461771032,35.280662536621094
2011-05-11,35.02819801305432,34.50162124633789
2011-05-12,34.22029268938477,34.602603912353516
2011-05-13,34.43671130414625,33.845211029052734
2011-05-16,33.72979529041817,33.794715881347656
2011-05-17,33.599943705895136,33.90290451049805
2011-05-18,34.126537306072,34.45113754272461
2011-05-19,34.37178444066662,34.227516174316406
2011-05-20,34.148161364380826,33.953399658203125
2011-05-23,33.13107263093511,33.24648666381836
2011-05-24,33.549446280952644,33.57830047607422
2011-05-25,33.3763308311471,33.65044021606445
2011-05-26,33.78028347277422,34.08324432373047
2011-05-27,34.31406755892667,34.44390869140625
2011-05-31,35.03541930146272,35.00656509399414
2011-06-01,34.93443273509073,34.37900161743164
2011-06-02,34.6170457774439,34.70360565185547
2011-06-03,34.29964750060064,34.53047561645508
2011-06-06,34.49440888161953,33.97504425048828
2011-06-07,34.41506307806553,34.241943359375
2011-06-08,34.11931508343747,33.99668884277344
2011-06-09,33.9822587346266,34.263580322265625
2011-06-10,33.88127630939207,33.520606994628906
2011-06-13,33.67929545142022,33.462894439697266
2011-06-14,33.91734480028092,33.967838287353516
2011-06-15,33.52782215657588,33.239288330078125
2011-06-16,33.03010153591716,32.986820220947266
2011-06-17,33.232060391979346,33.030086517333984
2011-06-20,32.871389512756096,32.979591369628906
2011-06-21,33.2753497009688,33.58552551269531
2011-06-22,33.338554655109505,33.251129150390625
2011-06-23,32.80668791757326,33.207393646240234
2011-06-24,33.42596321204481,33.149112701416016
2011-06-27,33.13454475699725,33.535247802734375
2011-06-28,33.56440150338481,33.99424743652344
2011-06-29,34.08166964669884,34.30752182006836
2011-06-30,34.48965483457301,34.6790771484375
2011-07-01,34.66450036866073,35.087059020996094
2011-07-05,35.174498998606246,35.07250213623047
2011-07-06,34.919511925129,34.83937072753906
2011-07-07,35.24005690023461,35.32019805908203
2011-07-08,34.91950225830078,34.91950225830078
2011-07-11,34.31479759651189,33.9432373046875
2011-07-12,33.69553500096484,33.60082244873047
2011-07-13,33.90681133666976,34.14723205566406
2011-07-14,34.32936916495251,33.782955169677734
2011-07-15,34.110815683855634,33.99424743652344
2011-07-18,33.68096362529757,33.60082244873047
2011-07-19,33.87767034917972,34.088951110839844
2011-07-20,34.26381022648508,34.190956115722656
2011-07-21,34.36580258062224,34.73736572265625
2011-07-22,34.74465129604563,34.715511322021484
2011-07-25,34.4896591333847,34.64265441894531
2011-07-26,34.85393649983081,34.75922393798828
2011-07-27,34.635363349339734,34.14723205566406
2011-07-28,34.307523591967694,34.17638397216797
2011-07-29,33.91409619981197,34.322086334228516
2011-08-01,34.73007213071371,34.29294204711914
2011-08-02,34.00881568187832,33.236549377441406
2011-08-03,33.22198054051279,33.1199836730957
2011-08-04,32.23114104298458,31.225738525390625
2011-08-05,31.43702590058392,31.021751403808594
2011-08-08,29.673919772384277,28.435380935668945
2011-08-09,29.14207901002512,30.10376739501953
2011-08-10,29.18578940424383,28.508235931396484
2011-08-11,29.178505434037316,30.081911087036133
2011-08-12,30.10376598469637,30.067338943481445
2011-08-15,30.53363284918949,30.766769409179688
2011-08-16,30.438901035395542,30.504470825195312
2011-08-17,30.708471031295883,30.723039627075195
2011-08-18,29.601072880892268,29.273223876953125
2011-08-19,28.865229056369643,28.90894317626953
2011-08-22,29.389793574755583,28.879806518554688
2011-08-23,29.258656468259648,29.89249610900879
2011-08-24,29.42622048234448,29.60107421875
2011-08-25,29.593780438977145,29.025510787963867
2011-08-26,29.054654592992396,29.52092742919922
2011-08-29,30.07463019123392,30.4753360748291
2011-08-30,30.300477923635544,30.51904296875
2011-08-31,31.07275859393249,31.145612716674805
2011-09-01,31.23302516804367,30.9780330657959
2011-09-02,30.497200162334053,30.278635025024414
2011-09-06,29.28051029597001,29.965351104736328
2011-09-07,30.47533663150843,30.85418128967285
2011-09-08,30.32233347939776,30.16933822631836
2011-09-09,29.703061663942538,29.14936065673828
2011-09-12,28.61023740982056,29.091081619262695
2011-09-13,28.94537295831184,29.134798049926758
2011-09-14,28.93080548525152,29.05466079711914
2011-09-15,29.426214488820744,29.47721290588379
2011-09-16,29.615636008435736,29.528207778930664
2011-09-19,28.486391719286356,28.653961181640625
2011-09-20,28.7632384890124,28.442676544189453
2011-09-21,28.27510881467632,27.386274337768555
2011-09-22,26.089453549446755,25.46289825439453
2011-09-23,25.78345589899945,26.14044761657715
2011-09-26,25.914593103367523,26.53386116027832
2011-09-27,27.40084012111587,27.378984451293945
2011-09-28,27.24784037614549,26.555715560913086
2011-09-29,27.262415734516164,26.919998168945312
2011-09-30,26.23516215107646,25.572179794311523
2011-10-03,25.55031601950296,25.033044815063477
2011-10-04,24.71977248851376,25.41918182373047
2011-10-05,25.324467178794702,26.009307861328125
2011-10-06,26.067588735091807,26.86899757385254
2011-10-07,27.029277502238585,26.548433303833008
2011-10-10,27.291552456884233,27.73596954345703
2011-10-11,27.378983326624407,27.75054359436035
2011-10-12,28.333384787441673,28.530094146728516
2011-10-13,28.29696401131615,28.275108337402344
2011-10-14,28.70495226881508,28.84337615966797
2011-10-17,28.53738545773405,27.86711883544922
2011-10-18,27.918112171835357,28.61023712158203
2011-10-19,28.4281035684016,28.063827514648438
2011-10-20,27.83797975010314,27.524702072143555
2011-10-21,27.969112623011195,28.311532974243164
2011-10-24,28.661242752076095,29.41893768310547
2011-10-25,29.069222664816937,28.83608627319336
2011-10-26,29.426217901550373,29.367935180664062
2011-10-27,30.66475312690687,31.152881622314453
2011-10-28,30.613761058966524,30.89061164855957
2011-10-31,30.307756389488613,29.732202529907227
2011-11-01,28.6248126432429,29.010944366455078
2011-11-02,29.826925295149035,29.899782180786133
2011-11-03,30.081914166032632,30.205766677856445
2011-11-04,29.95078099066091,30.009063720703125
2011-11-07,29.965345221732203,30.26405143737793
2011-11-08,30.315049831525833,30.62104034423828
2011-11-09,29.433503543660173,28.82880401611328
2011-11-10,29.280510699486502,29.018234252929688
2011-11-11,29.411654156042783,29.717647552490234
2011-11-14,29.506365580563646,29.309656143188477
2011-11-15,29.27321810893191,29.491783142089844
2011-11-16,28.959945363346286,28.69766616821289
2011-11-17,28.85066363335994,27.9691162109375
2011-11-18,28.377111702200338,28.078405380249023
2011-11-21,27.32798495700228,27.174989700317383
2011-11-22,27.284276193959567,27.269704818725586
2011-11-23,26.80343522357354,26.388160705566406
2011-11-25,26.39543464608731,26.300722122192383
2011-11-28,27.48098743676569,27.561128616333008
2011-11-29,27.480987153700735,27.437273025512695
2011-11-30,28.777800405992117,29.14936065673828
2011-12-01,29.16394373241854,29.061946868896484
2011-12-02,29.42621741635914,28.974515914916992
2011-12-05,29.506369398047916,29.448083877563477
2011-12-06,29.040082798889358,29.047367095947266
2011-12-07,28.974514311707033,29.163936614990234
2011-12-08,28.726808140714773,28.114824295043945
2011-12-09,28.20225539898431,28.6830997467041
2011-12-12,27.859834233946486,27.604839324951172
2011-12-13,27.859829014778803,27.349842071533203
2011-12-14,27.247844704557796,26.956422805786133
2011-12-15,27.49555307604635,27.131277084350586
2011-12-16,27.40812210001166,27.335268020629883
2011-12-19,27.123987998322505,26.628572463989258
2011-12-20,27.33248222203729,27.744382858276367
2011-12-21,27.67819321846263,27.83265495300293
2011-12-22,27.869427085298984,28.20041847229004
2011-12-23,28.185704720951808,28.310747146606445
2011-12-27,28.082726402147703,28.038593292236328
2011-12-28,27.898841407870428,27.56785011291504
2011-12-29,27.707604641857237,27.88413429260254
2011-12-30,27.862073907775134,27.906204223632812
2012-01-03,28.671164577253343,28.759428024291992
2012-01-04,28.494630289121872,28.597604751586914
2012-01-05,28.421075557850457,28.472562789916992
2012-01-06,28.443136786552703,28.11214828491211
2012-01-09,28.376939453586797,28.40635871887207
2012-01-10,29.05362441201361,29.024202346801758
2012-01-11,28.855044910301075,29.04628562927246
2012-01-12,29.193386403416184,29.16396713256836
2012-01-13,28.950659056548155,28.899171829223633
2012-01-17,29.524380946089433,29.450828552246094
2012-01-18,29.605288515642258,30.193716049194336
2012-01-19,30.348174253110876,30.458505630493164
2012-01-20,30.384959904391128,30.436447143554688
2012-01-23,30.583556589065008,30.730661392211914
2012-01-24,30.4511553645699,30.774789810180664
2012-01-25,30.539425113551466,31.120498657226562
2012-01-26,31.341155322749504,30.995452880859375
2012-01-27,31.01015903880701,31.15726661682129
2012-01-30,30.532058003885545,30.708587646484375
2012-01-31,31.091064622275724,30.973379135131836
2012-02-01,31.44413048480157,31.65743637084961
2012-02-02,31.81189147469073,31.74569320678711
2012-02-03,32.16494481311738,32.27527618408203
2012-02-06,31.841308457059654,32.00312423706055
2012-02-07,31.856025267729482,32.06932830810547
2012-02-08,32.26792594333333,32.29734802246094
2012-02-09,32.341471245964165,32.28262710571289
2012-02-10,31.583873406181866,31.569162368774414
2012-02-13,32.09139470246197,32.08403778076172
2012-02-14,31.86337558698243,31.819242477416992
2012-02-15,32.20172886416334,31.907516479492188
2012-02-16,31.78246997517612,32.253211975097656
2012-02-17,32.37090266631907,32.31206130981445
2012-02-21,32.40032076713064,32.17966079711914
2012-02-22,32.22380671660555,32.23851776123047
2012-02-23,32.17230668065105,32.17966079711914
2012-02-24,32.33413074745427,32.50330352783203
2012-02-27,32.047264253943496,32.17966079711914
2012-02-28,32.38560992751146,32.62833786010742
2012-02-29,32.834287745622966,32.60627365112305
2012-03-01,32.71660065295483,32.91519546508789
2012-03-02,32.80486365928991,32.834285736083984
2012-03-05,32.532714511323476,32.267921447753906
2012-03-06,31.44412746270639,31.186691284179688
2012-03-07,31.444129742290574,31.56181526184082
2012-03-08,32.04726337511069,32.223793029785156
2012-03-09,32.22380222909968,32.20909118652344
2012-03-12,31.988433727864237,31.856037139892578
2012-03-13,32.17230574977843,32.72395706176758
2012-03-14,32.554790866609636,32.20909118652344
2012-03-15,32.38561289850908,32.466522216796875
2012-03-16,32.415033680828145,32.429744720458984
2012-03-19,32.1502486420884,32.304710388183594
2012-03-20,31.74569320678711,31.74569320678711
2012-03-21,31.760409420428356,31.804542541503906
2012-03-22,31.488258812046254,31.3190860748291
2012-03-23,31.355844840283616,31.554439544677734
2012-03-26,31.76040343576954,32.10610580444336
2012-03-27,32.106110981406395,31.936935424804688
2012-03-28,31.782484086796266,31.400005340576172
2012-03-29,31.05429111456694,31.36321449279785
2012-03-30,31.664786597379198,31.59123420715332
2012-04-02,31.554461619544977,32.025203704833984
2012-04-03,32.076677631353185,31.841306686401367
2012-04-04,31.304368561359443,31.267589569091797
2012-04-05,31.274954670564025,31.4367733001709
2012-04-09,30.958668098508436,30.973379135131836
2012-04-10,30.870409072778063,30.3702449798584
2012-04-11,30.804211191314764,30.701236724853516
2012-04-12,30.855684649265644,31.488245010375977
2012-04-13,31.319082801901953,31.010156631469727
2012-04-16,31.23081929371382,30.855697631835938
2012-04-17,31.01750910293031,31.208749771118164
2012-04-18,30.93660969270899,31.061649322509766
2012-04-19,31.002795728297247,30.921886444091797
2012-04-20,31.120483743214574,31.135194778442383
2012-04-23,30.576199189105456,30.5394229888916
2012-04-24,30.62032856264601,30.60561752319336
2012-04-25,30.855698314149535,30.885120391845703
2012-04-26,30.77478950844076,31.076358795166016
2012-04-27,31.098430690887586,31.120498657226562
2012-04-30,31.120494772595148,31.054296493530273
2012-05-01,31.07635489071117,31.260238647460938
2012-05-02,31.16462074907716,31.201396942138672
2012-05-03,31.216108350112613,30.966026306152344
2012-05-04,30.796859404973038,30.421737670898438
2012-05-07,30.370250501621765,30.532066345214844
2012-05-08,30.252565470204352,30.046613693237305
2012-05-09,29.50231092839662,29.65677261352539
2012-05-10,29.96570408992255,29.78182029724121
2012-05-11,29.42875131126458,29.39933204650879
2012-05-14,28.884463144136678,28.73000144958496
2012-05-15,28.7520608531086,28.47991371154785
2012-05-16,28.32545473570513,28.07537269592285
2012-05-17,28.060669214103562,27.692901611328125
2012-05-18,27.77380785052529,27.42810821533203
2012-05-21,27.58256526499357,28.08272933959961
2012-05-22,28.053313951598042,27.78852081298828
2012-05-23,27.49430222479989,27.59727668762207
2012-05-24,27.678183288388087,27.457523345947266
2012-05-25,27.347195618079553,27.325130462646484
2012-05-29,28.060662621787007,28.09743881225586
2012-05-30,27.560500835578846,27.611988067626953
2012-05-31,27.663471309859467,27.72966957092285
2012-06-01,27.163305974804086,26.98677635192871
2012-06-04,27.030913101917328,27.10446548461914
2012-06-05,27.111820308300107,27.17801856994629
2012-06-06,27.479600959942097,27.972408294677734
2012-06-07,28.5681808036631,28.141569137573242
2012-06-08,27.7223179149783,27.898847579956055
2012-06-11,28.148930490698493,27.494304656982422
2012-06-12,27.884134193400882,28.068017959594727
2012-06-13,28.023887280210342,27.965045928955078
2012-06-14,27.92827374017522,28.163644790649414
2012-06-15,28.29603401401958,28.678512573242188
2012-06-18,28.494625387785334,28.737350463867188
2012-06-19,28.980084655558098,29.20074462890625
2012-06-20,29.200743867999392,29.10512351989746
2012-06-21,28.90266771137915,28.03923225402832
2012-06-22,28.262534551439167,28.12855339050293
2012-06-25,27.711726100839215,27.607519149780273
2012-06-26,27.793599657240946,27.845703125
2012-06-27,28.016902329782383,28.02434730529785
2012-06-28,27.771271549478833,27.890365600585938
2012-06-29,28.768684877585734,29.125967025756836
2012-07-02,29.073863556612682,29.125967025756836
2012-07-03,29.401366251370295,29.706544876098633
2012-07-05,29.446024352606248,29.3939208984375
2012-07-06,28.954764587645194,28.857999801635742
2012-07-09,28.731457821475534,28.7537899017334
2012-07-10,29.02175527807195,28.433727264404297
2012-07-11,28.545382348081116,28.58260154724121
2012-07-12,28.039227764614093,28.106218338012695
2012-07-13,28.344405212190445,28.64958381652832
2012-07-16,28.485836740392195,28.58260154724121
2012-07-17,28.76123986838521,28.96221160888672
2012-07-18,28.54538700990809,28.887784957885742
2012-07-19,29.036648578567306,29.155742645263672
2012-07-20,28.7984488866011,28.724016189575195
2012-07-23,27.905247970819186,27.972238540649414
2012-07-24,28.106215031561316,27.853139877319336
2012-07-25,28.054117884664468,27.98712730407715
2012-07-26,28.42628433233592,28.619813919067383
2012-07-27,28.93987825379646,29.423696517944336
2012-07-30,29.222732030799968,29.252506256103516
2012-07-31,29.393941498237506,29.118534088134766
2012-08-01,29.43114394890094,29.170623779296875
2012-08-02,28.843115106644575,28.828227996826172
2012-08-03,29.423697132733047,29.721433639526367
2012-08-06,29.758655826308907,29.90752410888672
2012-08-07,29.952178789084442,29.989395141601562
2012-08-08,29.885195727858274,30.048948287963867
2012-08-09,30.15314780575766,30.175479888916016
2012-08-10,30.056394315767143,30.316911697387695
2012-08-13,30.12338385112678,30.048948287963867
2012-08-14,30.22014164694724,30.041501998901367
2012-08-15,29.959623168010534,29.99683952331543
2012-08-16,30.078718646611588,30.272245407104492
2012-08-17,30.138273496940513,30.12338638305664
2012-08-20,29.92984562207742,30.108488082885742
2012-08-21,30.27224711969669,30.063833236694336
2012-08-22,29.885189532822444,30.078716278076172
2012-08-23,30.004285944631356,29.803314208984375
2012-08-24,29.676781221058093,29.810762405395508
2012-08-27,29.661885570317455,29.50557518005371
2012-08-28,29.468370360405146,29.446041107177734
2012-08-29,29.47580107706421,29.304603576660156
2012-08-30,29.118522016134744,28.96221160888672
2012-08-31,29.178068077928863,29.237613677978516
2012-09-04,29.252503640147605,29.073863983154297
2012-09-05,28.95477346333274,28.924999237060547
2012-09-06,29.096190487325156,29.56512451171875
2012-09-07,29.967074210696843,30.249923706054688
2012-09-10,30.07872049283432,29.86286163330078
2012-09-11,30.0340596326411,30.220144271850586
2012-09-12,30.398772031716845,30.354110717773438
2012-09-13,30.22758894767679,31.17289924621582
2012-09-14,31.49297348083504,31.53763198852539
2012-09-17,31.381313214516496,31.195228576660156
2012-09-18,31.18777856105973,31.210107803344727
2012-09-19,31.217549937631215,31.210107803344727
2012-09-20,30.852827470872665,31.024024963378906
2012-09-21,31.284555367117544,31.09847068786621
2012-09-24,30.971922647647467,31.068687438964844
2012-09-25,31.120794103991095,30.60719871520996
2012-09-26,30.510439687888468,30.465778350830078
2012-09-27,30.83794259302591,30.949594497680664
2012-09-28,30.875162643656008,30.763513565063477
2012-10-01,31.031468245778772,31.068687438964844
2012-10-02,31.23988511064956,31.113346099853516
2012-10-03,31.120788928059497,30.904930114746094
2012-10-04,31.00914532514086,31.225004196166992
2012-10-05,31.38131461749225,31.225004196166992
2012-10-08,30.83794259302591,30.949594497680664
2012-10-09,30.912379774873436,30.718852996826172
2012-10-10,30.763498852542558,30.532752990722656
2012-10-11,30.86772772046413,30.815624237060547
2012-10-12,30.778398605676756,30.718852996826172
2012-10-15,30.80072568679915,30.89748764038086
2012-10-16,31.098467652282988,31.217561721801758
2012-10-17,31.306872077034114,31.46318244934082
2012-10-18,31.306889783272435,31.37388038635254
2012-10-19,31.180338627697353,30.890047073364258
2012-10-22,31.15801569015395,31.187789916992188
2012-10-23,30.696517635163413,30.547649383544922
2012-10-24,30.82306098397853,30.577430725097656
2012-10-25,31.016583337502833,30.912376403808594
2012-10-26,30.718853765914684,30.674192428588867
2012-10-31,30.76350152969538,30.629520416259766
2012-11-01,30.919822893034397,31.128236770629883
2012-11-02,31.299436184248357,30.9644832611084
2012-11-05,30.927261490596702,31.113346099853516
2012-11-06,31.195232398236683,31.35898780822754
2012-11-07,31.105908607978186,30.845388412475586
2012-11-08,30.823059200120476,30.458332061767578
2012-11-09,30.495548333025752,30.51787757873535
2012-11-12,30.644404682708064,30.629520416259766
2012-11-13,30.264790929311502,30.354110717773438
2012-11-14,30.398773789639574,29.885181427001953
2012-11-15,29.944733814925602,29.989395141601562
2012-11-16,29.95962224112946,30.078716278076172
2012-11-19,30.34668137265872,30.60719871520996
2012-11-20,30.361564778878236,30.547649383544922
2012-11-21,30.428556360259844,30.488101959228516
2012-11-23,30.852833333320767,30.986814498901367
2012-11-26,30.86027546944137,30.986814498901367
2012-11-27,30.957039529991185,30.726293563842773
2012-11-28,30.540205527075113,30.89748764038086
2012-11-29,31.068687019121917,31.120790481567383
2012-11-30,31.18778895645298,31.105911254882812
2012-12-03,31.29943254271865,31.091018676757812
2012-12-04,31.217559990197465,31.180343627929688
2012-12-05,31.50039838438266,31.51528549194336
2012-12-06,31.559961729751087,31.753488540649414
2012-12-07,31.813022450291268,31.850238800048828
2012-12-10,31.842800261874306,32.02888488769531
2012-12-11,32.05866484489558,32.19264602661133
2012-12-12,32.296847958613355,32.289405822753906
2012-12-13,32.26708144390447,32.147987365722656
2012-12-14,32.20752813116937,32.289405822753906
2012-12-17,32.214971232867214,32.37128448486328
2012-12-18,32.342810779524065,32.59741973876953
2012-12-19,32.63487679733561,32.582454681396484
2012-12-20,32.58994437560142,32.777156829833984
2012-12-21,32.22300383745376,32.40272903442383
2012-12-24,32.357810809879915,32.33534622192383
2012-12-26,32.56748287507351,32.43268966674805
2012-12-27,32.61546325683594,32.61546325683594
2012-12-28,32.60048425601476,32.735321044921875
2012-12-31,32.772778710737214,33.222232818603516
2013-01-02,33.64173134232141,33.87395095825195
2013-01-03,33.63423156738281,33.63423156738281
2013-01-04,33.47691504768777,33.70164489746094
2013-01-07,33.439471742490916,33.446964263916016
2013-01-08,33.25968856026424,33.14732360839844
2013-01-09,33.25219212165903,33.28964614868164
2013-01-10,33.49189403501276,33.581787109375
2013-01-11,33.3196234543523,33.3121337890625
2013-01-14,33.446962851099364,33.45445251464844
2013-01-15,33.22973318307367,33.3121337890625
2013-01-16,33.057427079783,33.28215408325195
2013-01-17,33.43197880003705,33.46943283081055
2013-01-18,33.47692364029098,33.544342041015625
2013-01-22,33.431979333720015,33.491905212402344
2013-01-23,33.33460564249211,33.3121337890625
2013-01-24,33.274658444940975,33.1922607421875
2013-01-25,33.124853017586226,33.07990646362305
2013-01-28,32.990000767588555,32.84767150878906
2013-01-29,33.0349536144433,33.21473693847656
2013-01-30,33.07242008287005,33.057437896728516
2013-01-31,33.09488685911777,33.12485122680664
2013-02-01,33.312132903463834,33.34209442138672
2013-02-04,33.087385111592596,32.90011215209961
2013-02-05,33.03494854496437,32.93756866455078
2013-02-06,32.78025757232644,32.90011215209961
2013-02-07,32.84768422603007,32.607975006103516
2013-02-08,32.70534510754777,32.84767150878906
2013-02-11,32.78775608949632,32.83270263671875
2013-02-12,32.83270573242195,32.9225959777832
2013-02-13,33.109861784580346,33.08738708496094
2013-02-14,32.960049450225675,33.07241439819336
2013-02-15,33.102376548247875,32.95256042480469
2013-02-19,32.98252068258216,33.01997756958008
2013-02-20,33.16979724713952,32.72783279418945
2013-02-21,32.46565055116887,32.278377532958984
2013-02-22,32.49561098599315,32.42070007324219
2013-02-25,32.68288083307118,31.986225128173828
2013-02-26,32.16600799560547,32.16600799560547
2013-02-27,32.17350005141768,32.51808166503906
2013-02-28,32.50310385803334,32.36826705932617
2013-03-01,32.26339672176903,32.443180084228516
2013-03-04,32.08361115283195,32.13604736328125
2013-03-05,32.46564404787918,32.525569915771484
2013-03-06,32.682891845703125,32.682891845703125
2013-03-07,32.690373168627595,32.77277374267578
2013-03-08,32.982526966020835,33.057437896728516
2013-03-11,32.90760412934781,32.87763977050781
2013-03-12,32.7128346760397,32.503089904785156
2013-03-13,32.44318569566208,32.19598388671875
2013-03-14,32.30834251338066,32.330814361572266
2013-03-15,32.151024030937336,32.03866195678711
2013-03-18,31.67161133049735,31.67910385131836
2013-03-19,31.701580876589002,31.454381942749023
2013-03-20,31.694085916892405,31.634157180786133
2013-03-21,31.476849128213505,31.312047958374023
2013-03-22,31.3869601419367,31.431903839111328
2013-03-25,31.64164764870601,31.401935577392578
2013-03-26,31.679098131770274,31.851388931274414
2013-03-27,31.649133155189,31.971242904663086
2013-03-28,31.881353338441443,32.03866195678711
2013-04-01,32.00120985334255,31.694082260131836
2013-04-02,31.866369278015142,31.709060668945312
2013-04-03,31.66411787023192,31.334518432617188
2013-04-04,31.304551909215284,31.2446231842041
2013-04-05,30.705283439490582,31.169719696044922
2013-04-08,31.04986569798538,31.222156524658203
2013-04-09,31.267089216776117,31.52927017211914
2013-04-10,31.754011352640283,31.828922271728516
2013-04-11,31.881349973163033,31.858875274658203
2013-04-12,31.514301401722864,31.37197494506836
2013-04-15,31.09481259693327,30.6079044342041
2013-04-16,31.229644320618505,31.237136840820312
2013-04-17,30.974953510971925,30.74273681640625
2013-04-18,30.930009819151085,30.74273681640625
2013-04-19,31.169720230863458,31.19219207763672
2013-04-22,31.29706775696945,31.34201431274414
2013-04-23,31.28208121163596,31.49182891845703
2013-04-24,31.55175671539607,31.67910385131836
2013-04-25,31.851386865179624,31.963748931884766
2013-04-26,31.798961723554083,31.641653060913086
2013-04-29,31.926296361401985,31.971242904663086
2013-04-30,32.083614291688015,32.42819595336914
2013-05-01,32.37574870466488,32.07611083984375
2013-05-02,32.21095974195111,32.330814361572266
2013-05-03,32.518082366604204,32.60048294067383
2013-05-06,32.60049639708539,32.645442962646484
2013-05-07,32.772767372126374,32.87763977050781
2013-05-08,33.01248867035009,33.13234329223633
2013-05-09,33.07241487860971,32.89263153076172
2013-05-10,32.67538966396325,32.637935638427734
2013-05-13,32.443174073187365,32.33829879760742
2013-05-14,32.46565299795236,32.48812484741211
2013-05-15,32.413208712518,32.495609283447266
2013-05-16,32.49560466458214,32.38323974609375
2013-05-17,32.45815438597723,32.525569915771484
2013-05-20,32.51808476302089,32.607975006103516
2013-05-21,32.54804275096498,32.540550231933594
2013-05-22,32.63045678382653,32.180999755859375
2013-05-23,31.671604913909054,31.9412784576416
2013-05-24,31.664113998413086,31.664113998413086
2013-05-28,32.04615153165479,31.836406707763672
2013-05-29,31.626669385400003,31.431903839111328
2013-05-30,31.3869601419367,31.431903839111328
2013-05-31,31.177208056314058,30.862590789794922
2013-06-03,31.0124105051901,31.319538116455078
2013-06-04,31.30455248889596,30.937496185302734
2013-06-05,30.870079143495055,30.38317108154297
2013-06-06,30.33822522382199,30.637863159179688
2013-06-07,30.46557049032359,30.480552673339844
2013-06-10,30.21088707326117,30.068557739257812
2013-06-11,29.454296235360864,29.499242782592773
2013-06-12,29.738959656616682,29.296995162963867
2013-06-13,29.282010270241752,29.918737411499023
2013-06-14,29.821361591740224,29.446815490722656
2013-06-17,29.776405168371724,29.716476440429688
2013-06-18,29.641569210518917,29.84382438659668
2013-06-19,29.619107011236434,28.92245101928711
2013-06-20,28.23327909003483,27.626516342163086
2013-06-21,28.016047018098213,28.023536682128906
2013-06-24,27.334369024103516,27.4542236328125
2013-06-25,27.926148242994664,28.03851318359375
2013-06-26,28.255756934331412,28.480484008789062
2013-06-27,28.82427494877518,29.05195426940918
2013-06-28,28.831874618166527,29.218929290771484
2013-07-01,29.355530769386483,29.309993743896484
2013-07-02,29.23409404957103,28.78632354736328
2013-07-03,28.384090399619403,28.52069854736328
2013-07-05,28.566235594213776,28.33855628967285
2013-07-08,28.338555016838132,28.376501083374023
2013-07-09,28.687666539307696,28.748382568359375
2013-07-10,28.611776408012535,28.475168228149414
2013-07-11,29.530078815766796,29.871599197387695
2013-07-12,29.537675528209686,29.552854537963867
2013-07-15,29.71222240951051,29.85641860961914
2013-07-16,29.932312943468123,29.97784996032715
2013-07-17,30.228301052966746,30.251068115234375
2013-07-18,30.061329550636415,29.894363403320312
2013-07-19,29.848837257728487,29.810888290405273
2013-07-22,29.886776601809647,30.10686492919922
2013-07-23,30.395268114091337,30.43321418762207
2013-07-24,30.433207887666033,30.122045516967773
2013-07-25,30.023385036254478,30.296598434448242
2013-07-26,30.1296380027403,30.228300094604492
2013-07-29,29.98544217814565,29.84883689880371
2013-07-30,29.98543452176141,29.78052520751953
2013-07-31,29.545266774912257,29.605979919433594
2013-08-01,29.924729891358513,30.144821166992188
2013-08-02,30.061345384673274,30.137237548828125
2013-08-05,30.038566635183308,29.947492599487305
2013-08-06,29.82606481914893,29.56802749633789
2013-08-07,29.287225093855128,29.249279022216797
2013-08-08,29.57562090555985,29.810888290405273
2013-08-09,29.818474126368802,29.871599197387695
2013-08-12,29.993029565612126,30.15240478515625
2013-08-13,30.34213700535433,30.334548950195312
2013-08-14,30.45598414782038,30.43321418762207
2013-08-15,30.046156560929504,30.084102630615234
2013-08-16,30.10685789917476,29.826053619384766
2013-08-19,29.59079912625642,29.26445770263672
2013-08-20,29.12025257287182,29.211326599121094
2013-08-21,28.862217322048824,28.528287887573242
2013-08-22,28.84704422870297,28.991243362426758
2013-08-23,29.21892065587918,29.332761764526367
2013-08-26,29.370706996502264,29.014007568359375
2013-08-27,28.535878874781893,28.346145629882812
2013-08-28,28.300615903164765,28.4068660736084
2013-08-29,28.740794539101312,28.634544372558594
2013-08-30,28.96847346039042,28.85463523864746
2013-09-03,29.272047786319696,29.03677749633789
2013-09-04,29.203745998918038,29.552854537963867
2013-09-05,29.57562273513285,29.90196418762207
2013-09-06,30.31937313478219,30.342140197753906
2013-09-09,30.645714316162763,31.139019012451172
2013-09-10,31.321167291814564,31.374292373657227
2013-09-11,31.252864152768336,31.39706039428711
2013-09-12,31.28322136126826,31.032772064208984
2013-09-13,31.085893264562205,31.237680435180664
2013-09-16,31.776525250253428,31.5867919921875
2013-09-17,31.59437341094146,31.518478393554688
2013-09-18,31.427408076458896,32.83902359008789
2013-09-19,32.73277856782342,32.66447448730469
2013-09-20,32.51268555740411,31.935897827148438
2013-09-23,31.981439559272925,32.04974365234375
2013-09-24,31.92830885117098,31.776521682739258
2013-09-25,31.776517258964653,31.533658981323242
2013-09-26,31.715810472188966,31.66268539428711
2013-09-27,31.412227316311156,31.29079818725586
2013-09-30,30.805089610514738,30.934106826782227
2013-10-01,31.146609835451596,31.548843383789062
2013-10-02,31.39705460093578,31.670270919799805
2013-10-03,31.822059716659616,31.548843383789062
2013-10-04,31.624735396244716,31.958667755126953
2013-10-07,31.541251488121276,31.685447692871094
2013-10-08,31.799297224132125,31.381881713867188
2013-10-09,31.601960813119998,31.61713981628418
2013-10-10,32.011796186454276,32.360904693603516
2013-10-11,32.22430053246992,32.50510787963867
2013-10-14,32.231878539295536,32.694828033447266
2013-10-15,32.55064146109398,32.3760871887207
2013-10-16,32.535455031501165,32.634117126464844
2013-10-17,32.6037533727834,32.83902359008789
2013-10-18,32.983238274592836,32.86940002441406
2013-10-21,32.89214960323271,32.81625747680664
2013-10-22,33.05153048983712,33.135013580322266
2013-10-23,32.580995972280135,32.360904693603516
2013-10-24,32.54304031663741,32.2925910949707
2013-10-25,32.31536830909283,32.44438552856445
2013-10-28,32.489920906979066,32.634117126464844
2013-10-29,32.74795884036625,32.7403678894043
2013-10-30,32.86938225745766,32.55821990966797
2013-10-31,32.634121111160425,32.22429656982422
2013-11-01,32.345725412820826,32.23947525024414
2013-11-04,32.30018612377112,32.43679428100586
2013-11-05,32.01938221468663,31.784114837646484
2013-11-06,32.01937869486522,31.882770538330078
2013-11-07,31.943492189556657,31.305988311767578
2013-11-08,31.12383933344195,31.237680435180664
2013-11-11,31.207325330704787,31.07830810546875
2013-11-12,31.08589495592477,30.911340713500977
2013-11-13,30.615359492549764,30.964468002319336
2013-11-14,30.98723307040557,31.46535873413086
2013-11-15,31.8220564094131,32.06491470336914
2013-11-18,32.48232683188354,32.353309631347656
2013-11-19,32.44437825519866,32.155982971191406
2013-11-20,32.18635229658348,31.7158145904541
2013-11-21,31.617143617968722,31.685447692871094
2013-11-22,31.708225144053223,31.913137435913086
2013-11-25,31.89795670974954,31.503311157226562
2013-11-26,31.49571890692121,31.609560012817383
2013-11-27,31.73858195400979,31.81447410583496
2013-11-29,32.05733933025629,32.14081954956055
2013-12-02,32.01937942828037,31.46535873413086
2013-12-03,31.351523729621814,31.359111785888672
2013-12-04,31.16178605525442,31.3211612701416
2013-12-05,31.230093053848652,31.139019012451172
2013-12-06,31.670281327605757,31.82965660095215
2013-12-09,31.920718213496,31.875181198120117
2013-12-10,31.71580945784249,31.890363693237305
2013-12-11,31.655090736292944,31.184553146362305
2013-12-12,31.055537875961715,31.002412796020508
2013-12-13,31.1010751698987,31.07830810546875
2013-12-16,31.268037470343394,31.28321647644043
2013-12-17,31.24527335164162,31.010005950927734
2013-12-18,31.221353068551466,31.627222061157227
2013-12-19,31.075855631844945,31.045223236083984
2013-12-20,31.045219981646966,30.999271392822266
2013-12-23,31.251985384175335,31.2290096282959
2013-12-24,31.374510805264354,31.412799835205078
2013-12-26,31.28261634002626,31.144773483276367
2013-12-27,31.466406375928436,31.627222061157227
2013-12-30,31.67317758881991,31.765071868896484
2013-12-31,31.841655646620076,32.010128021240234
2014-01-02,31.397497590779878,30.777204513549805
2014-01-03,30.930358993660096,30.723594665527344
2014-01-06,30.601066657673304,30.432594299316406
2014-01-07,30.593414692439573,30.562782287597656
2014-01-08,30.608728770627213,30.463226318359375
2014-01-09,30.363665374209585,30.302400588989258
2014-01-10,30.4785375521568,30.83846092224121
2014-01-13,30.89972045159424,30.47087860107422
2014-01-14,30.6393522761777,30.8001708984375
2014-01-15,30.777192881732688,30.792509078979492
2014-01-16,30.754227745624494,30.62404441833496
2014-01-17,30.608721459103087,30.47087860107422
2014-01-21,30.63169870401108,30.42493438720703
2014-01-22,30.677644865796115,30.830801010131836
2014-01-23,30.455566209448964,30.072669982910156
2014-01-24,29.674461765093465,29.28390884399414
2014-01-27,29.322197869074394,29.169038772583008
2014-01-28,29.360483711563226,29.352827072143555
2014-01-29,28.96992876847126,28.931636810302734
2014-01-30,29.34516265726891,29.199663162231445
2014-01-31,28.855062109411715,29.245615005493164
2014-02-03,28.99290440076561,28.418560028076172
2014-02-04,28.88569417994988,28.992904663085938
2014-02-05,28.870382115658106,28.885698318481445
2014-02-06,29.092467229203073,29.490676879882812
2014-02-07,29.7204025167832,29.659137725830078
2014-02-10,29.52894922804599,29.32984161376953
2014-02-11,29.490660762988192,29.9654541015625
2014-02-12,30.164558274258063,29.97311019897461
2014-02-13,29.536617841011815,30.003751754760742
2014-02-14,30.210514538244748,30.37133026123047
2014-02-18,30.3560121808089,30.08798599243164
2014-02-19,29.973119873781023,29.8812255859375
2014-02-20,29.850590955776294,29.988433837890625
2014-02-21,30.149253267002635,30.195201873779297
2014-02-24,30.164569469261522,30.195201873779297
2014-02-25,30.133939846368992,29.850597381591797
2014-02-26,30.019071959188302,29.87356948852539
2014-02-27,30.141589914999884,30.440248489379883
2014-02-28,30.463217565317393,30.23348045349121
2014-03-03,29.651480171755445,29.697425842285156
2014-03-04,30.271783242885885,30.202861785888672
2014-03-05,30.11095813767913,30.225828170776367
2014-03-06,30.501516460780646,30.654672622680664
2014-03-07,30.516820492757702,30.264110565185547
2014-03-10,30.065008704776165,30.05735206604004
2014-03-11,30.1032998657971,29.72040367126465
2014-03-12,29.544281489664726,29.781675338745117
2014-03-13,29.850591791570906,29.245615005493164
2014-03-14,29.291563062208372,29.40643310546875
2014-03-17,29.666804586626107,29.766355514526367
2014-03-18,29.835274843259917,30.179882049560547
2014-03-19,29.965458272062964,29.53661346435547
2014-03-20,29.337504799639923,29.66679573059082
2014-03-21,29.865913585264504,29.850597381591797
2014-03-24,30.118617280613552,30.141590118408203
2014-03-25,30.44790265595048,30.486194610595703
2014-03-26,30.754227143108803,30.55512237548828
2014-03-27,30.669994260431213,30.953336715698242
2014-03-28,31.2290223529185,31.198392868041992
2014-03-31,31.389824741885697,31.40513801574707
2014-04-01,31.703810339869626,31.77273178100586
2014-04-02,31.65019965910117,31.833988189697266
2014-04-03,31.688498714344032,31.711471557617188
2014-04-04,32.04840725063228,31.627222061157227
2014-04-07,31.657861388596064,31.765071868896484
2014-04-08,32.20924093229872,32.132659912109375
2014-04-09,32.17094030339746,32.37770462036133
2014-04-10,32.37005161504704,32.033103942871094
2014-04-11,31.81102340105963,32.033103942871094
2014-04-14,32.13264852013219,31.964176177978516
2014-04-15,31.76506998426172,31.481727600097656
2014-04-16,31.634894257087602,31.879947662353516
2014-04-17,31.910570842358794,32.17094039916992
2014-04-21,32.124993254095465,31.971834182739258
2014-04-22,32.01012280160027,31.887596130371094
2014-04-23,31.734437878261556,31.657859802246094
2014-04-24,31.68083035413193,31.68848991394043
2014-04-25,31.274961660552666,31.259645462036133
2014-04-28,31.29792982411717,31.412799835205078
2014-04-29,31.61191770132193,31.711471557617188
2014-04-30,31.466404644387516,31.650196075439453
2014-05-01,31.6119089221861,31.68848991394043
2014-05-02,31.62722920756929,31.864625930786133
2014-05-05,31.642541318887833,31.68848991394043
2014-05-06,31.71911816712519,31.833988189697266
2014-05-07,31.74210611909698,32.00247573852539
2014-05-08,32.09435759296938,31.92588233947754
2014-05-09,31.95652349272716,31.872285842895508
2014-05-12,32.33941900781086,32.40834045410156
2014-05-13,32.46194708104813,32.53086853027344
2014-05-14,32.71465536495475,32.76060104370117
2014-05-15,32.71465037106615,32.454280853271484
2014-05-16,32.729965361994566,32.883121490478516
2014-05-19,32.83717582043969,32.883121490478516
2014-05-20,32.760600375770316,32.6151008605957
2014-05-21,32.7912312220875,32.8678092956543
2014-05-22,33.0286280035942,33.09754943847656
2014-05-23,33.05160541621128,33.03628921508789
2014-05-27,32.8984444668377,32.75294494628906
2014-05-28,32.921420318142644,32.944393157958984
2014-05-29,33.02863257515953,33.03628921508789
2014-05-30,32.829510666794924,32.58445739746094
2014-06-02,32.72231767149706,32.68402862548828
2014-06-03,32.722309787370875,32.8678092956543
2014-06-04,32.6457395794795,32.68402862548828
2014-06-05,32.98268451355087,33.02863311767578
2014-06-06,33.29665299182247,33.35791778564453
2014-06-09,33.319634824642634,33.48045349121094
2014-06-10,33.51873899119528,33.65658187866211
2014-06-11,33.45747226005091,33.541709899902344
2014-06-12,33.59531466293398,33.38089370727539
2014-06-13,33.26602347927017,33.396209716796875
2014-06-16,33.29665485854855,33.24304962158203
2014-06-17,33.20475623364014,33.250701904296875
2014-06-18,33.17412892134241,33.618289947509766
2014-06-19,33.51107645179067,33.426841735839844
2014-06-20,33.311969190277985,33.35791778564453
2014-06-23,33.33495478592389,33.28900909423828
2014-06-24,33.38089211333499,33.273681640625
2014-06-25,33.289884778156896,33.34391403198242
2014-06-26,33.43654040116319,33.382511138916016
2014-06-27,33.382517703803835,33.45970153808594
2014-06-30,33.475135408272635,33.3670768737793
2014-07-01,33.61406229191755,33.683528900146484
2014-07-02,33.82246689505574,33.88421630859375
2014-07-03,33.807033398471134,34.08489990234375
2014-07-07,34.01543262539081,34.061744689941406
2014-07-08,34.038588440195205,33.90737533569336
2014-07-09,33.92280142627759,34.10032653808594
2014-07-10,33.60634285375128,33.91508102416992
2014-07-11,33.77615784227894,33.87649917602539
2014-07-14,34.077180986607765,34.1389274597168
2014-07-15,34.169801514391004,34.11577224731445
2014-07-16,34.28556552206649,34.20066452026367
2014-07-17,33.961401895995806,33.56003952026367
2014-07-18,34.038587836906835,34.08489990234375
2014-07-21,33.91507798414914,34.20066452026367
2014-07-22,34.578874450790615,34.517127990722656
2014-07-23,34.59431238981162,34.54800033569336
2014-07-24,34.59431117848952,34.702369689941406
2014-07-25,34.54029148445055,34.563446044921875
2014-07-28,34.609752808811635,34.80271530151367
2014-07-29,34.83358527894587,34.59431076049805
2014-07-30,34.74096550788392,34.42450714111328
2014-07-31,34.00770926958271,33.82246398925781
2014-08-01,33.92280173328385,34.00770568847656
2014-08-04,34.162086020637126,34.32417678833008
2014-08-05,33.97683774024948,33.799312591552734
2014-08-06,33.614081046695844,33.567771911621094
2014-08-07,33.64493469201791,33.4365348815918
2014-08-08,33.583197289363,33.73756790161133
2014-08-11,33.89965053844758,34.1697998046875
2014-08-12,34.03086794333382,34.20839309692383
2014-08-13,34.47853964139394,34.393638610839844
2014-08-14,34.41680289553782,34.44767761230469
2014-08-15,34.52485710974785,34.35504913330078
2014-08-18,34.53256779149747,34.68693542480469
2014-08-19,34.71781730702457,34.84903335571289
2014-08-20,34.686935974410744,34.77956008911133
2014-08-21,34.70237830593441,34.632911682128906
2014-08-22,34.671503931879684,34.54029083251953
2014-08-25,34.63291123394446,34.79500198364258
2014-08-26,34.86446184994489,35.003395080566406
2014-08-27,35.07285818858203,35.1809196472168
2014-08-28,34.72553293185726,34.83359146118164
2014-08-29,34.86446111102598,34.77956008911133
2014-09-02,34.771845466771545,34.72553634643555
2014-09-03,35.31213271614134,35.1809196472168
2014-09-04,35.29670247940254,35.08830261230469
2014-09-05,35.150044975443336,35.38931655883789
2014-09-08,35.258110242121056,34.97252655029297
2014-09-09,34.76412806076559,34.54029083251953
2014-09-10,34.21611345615983,34.393638610839844
2014-09-11,34.15436165313782,34.162078857421875
2014-09-12,33.95368318218551,33.799312591552734
2014-09-15,33.698975599667406,33.62950897216797
2014-09-16,33.59864409183141,34.06947326660156
2014-09-17,34.11576877496223,33.75299835205078
2014-09-18,33.86105906118137,33.799312591552734
2014-09-19,33.89964789084744,33.54459762573242
2014-09-22,33.251302978225816,33.03518295288086
2014-09-23,32.95799214186611,32.84993362426758
2014-09-24,33.08921201448413,33.32076644897461
2014-09-25,32.81134719319836,32.59523010253906
2014-09-26,32.62611036822768,32.741886138916016
2014-09-29,31.931437266831423,32.07809066772461
2014-09-30,31.9931866870758,32.07809066772461
2014-10-01,31.908284456938404,31.42201805114746
2014-10-02,31.53779050039649,31.591819763183594
2014-10-03,31.70760703458177,31.861974716186523
2014-10-06,32.5103210422557,32.27876663208008
2014-10-07,32.23245090871251,31.993179321289062
2014-10-08,32.0549295717335,32.47172927856445
2014-10-09,32.34052247487959,31.96231460571289
2014-10-10,31.61497800082219,31.26764488220215
2014-10-13,31.80022456717549,31.584104537963867
2014-10-14,31.692171927643464,31.76935577392578
2014-10-15,31.337106252912896,31.36798095703125
2014-10-16,30.64244134999919,31.082395553588867
2014-10-17,31.422020754956126,31.42974090576172
2014-10-20,31.398858243719395,31.522354125976562
2014-10-21,31.460600074176142,31.653562545776367
2014-10-22,31.61498019505125,31.445175170898438
2014-10-23,31.522356293243554,31.43745231628418
2014-10-24,31.46831343367231,31.66127586364746
2014-10-27,31.15957950264769,31.414291381835938
2014-10-28,31.792498793253255,32.047210693359375
2014-10-29,32.348237750882745,32.093528747558594
2014-10-30,32.15526436789445,32.39453887939453
2014-10-31,32.54120261867062,32.533485412597656
2014-11-03,32.425420175143316,32.26333236694336
2014-11-04,32.30192573214029,32.29420852661133
2014-11-05,32.03177959163699,32.00862503051758
2014-11-06,31.91600370349808,31.61498260498047
2014-11-07,31.707596236564743,31.815654754638672
2014-11-10,32.155267413125664,31.900558471679688
2014-11-11,31.800221414479147,31.869688034057617
2014-11-12,31.885122476302026,31.80793571472168
2014-11-13,31.94686919145631,31.723031997680664
2014-11-14,31.66900381392894,31.985462188720703
2014-11-17,31.71531584398539,31.645849227905273
2014-11-18,31.692158884786497,31.815654754638672
2014-11-19,31.71531461641125,31.80021858215332
2014-11-20,31.7770723327818,31.746200561523438
2014-11-21,32.56435027563232,32.7573127746582
2014-11-24,32.57977705936622,32.48715591430664
2014-11-25,32.54119574877886,32.27876663208008
2014-11-26,32.564351252146274,32.68784713745117
2014-11-28,32.317360116531425,32.031776428222656
2014-12-01,31.68444244897082,31.483762741088867
2014-12-02,31.576377377119464,31.476036071777344
2014-12-03,31.553228306515525,31.560945510864258
2014-12-04,31.707606746351093,31.61498260498047
2014-12-05,31.460604259656165,31.5532283782959
2014-12-08,31.344836101491016,31.090124130249023
2014-12-09,30.71962910633376,30.796815872192383
2014-12-10,30.711916454633773,30.341428756713867
2014-12-11,30.210217338525865,30.086721420288086
2014-12-12,30.024970505454686,29.59273338317871
2014-12-15,29.654472403786112,29.168209075927734
2014-12-16,28.844035972592344,29.121902465820312
2014-12-17,29.24326320524083,29.791330337524414
2014-12-18,30.245435912053686,30.198457717895508
2014-12-19,30.253261998732775,30.409852981567383
2014-12-22,30.777844736280183,30.832651138305664
2014-12-23,30.582105768422785,30.5507869720459
2014-12-24,30.605598381231175,30.621257781982422
2014-12-26,30.9031255258488,30.863975524902344
2014-12-29,30.87180156272948,30.676063537597656
2014-12-30,30.636919235085756,30.73870086669922
2014-12-31,30.903119571183,30.762187957763672
2015-01-02,30.683893320834166,30.35505485534668
2015-01-05,30.159322995228322,29.8148250579834
2015-01-06,29.82264426714769,29.68954086303711
2015-01-07,30.198454850093466,30.331558227539062
2015-01-08,30.777848476008476,30.84831428527832
2015-01-09,30.942260887558984,30.746522903442383
2015-01-12,30.652564546330595,30.495973587036133
2015-01-13,30.887460171166946,30.762187957763672
2015-01-14,30.4255160947019,30.589935302734375
2015-01-15,30.997075776527733,30.6604061126709
2015-01-16,30.63691614266583,30.918779373168945
2015-01-20,30.85614006963859,30.87179946899414
2015-01-21,31.130174128788315,31.552968978881836
2015-01-22,31.71738758545262,32.15584182739258
2015-01-23,31.96010610277182,31.913127899169922
2015-01-26,31.811336701117224,31.92877769470215
2015-01-27,31.55296159116264,31.75653076171875
2015-01-28,31.678240724814476,31.412036895751953
2015-01-29,31.372889888745,31.412036895751953
2015-01-30,30.770012573234474,30.5507869720459
2015-02-02,30.950091275019947,31.098854064941406
2015-02-03,31.44335896314863,31.68607521057129
2015-02-04,31.646915254692125,31.52947425842285
2015-02-05,31.43552790684749,31.717388153076172
2015-02-06,31.247608884404542,31.177143096923828
2015-02-09,31.075364419996507,31.130170822143555
2015-02-10,31.02838655806143,31.0518741607666
2015-02-11,30.801331960448536,30.824819564819336
2015-02-12,31.161487978959908,31.482498168945312
2015-02-13,31.65474838167651,31.842655181884766
2015-02-17,31.748703317485564,31.772193908691406
2015-02-18,31.615608225982694,31.764368057250977
2015-02-19,31.505993425289905,31.63126564025879
2015-02-20,31.513816788157946,31.842655181884766
2015-02-23,31.646924446118625,31.521652221679688
2015-02-24,31.693898201470063,31.97576141357422
2015-02-25,31.881812083494044,31.913127899169922
2015-02-26,31.952272547769876,31.92095375061035
2015-02-27,31.858322384126698,31.897472381591797
2015-03-02,31.819169864859738,31.850488662719727
2015-03-03,31.662569677399183,31.607763290405273
2015-03-04,31.357224728690834,31.26327133178711
2015-03-05,31.31808749233736,31.2163028717041
2015-03-06,30.957929505177407,30.73870086669922
2015-03-09,30.723042393502883,30.621257781982422
2015-03-10,30.159315815801087,29.94009017944336
2015-03-11,30.12017146322079,30.167146682739258
2015-03-12,30.566452291756658,30.35505485534668
2015-03-13,30.120160106319315,29.987056732177734
2015-03-16,30.284582954244733,30.347217559814453
2015-03-17,30.37853661750373,30.699546813964844
2015-03-18,30.629087955286806,31.451187133789062
2015-03-19,31.161492609760362,30.918779373168945
2015-03-20,31.216299832659463,31.380722045898438
2015-03-23,31.443361141180215,31.474679946899414
2015-03-24,31.51381606108506,31.59994125366211
2015-03-25,31.59211166925254,31.098854064941406
2015-03-26,30.950086084300892,30.809154510498047
2015-03-27,30.816988746279822,30.895282745361328
2015-03-30,31.25544175792491,31.49032974243164
2015-03-31,31.294596253265652,31.41986846923828
2015-04-01,31.670418228757143,31.811349868774414
2015-04-02,32.08537124572404,32.2889404296875
2015-04-06,32.59429800731569,32.70391082763672
2015-04-07,32.63344316006346,32.53948974609375
2015-04-08,33.29112315605545,33.22065734863281
2015-04-09,33.41640287512989,33.549503326416016
2015-04-10,33.40073239134992,33.57298278808594
2015-04-13,33.635619481090295,33.37724685668945
2015-04-14,33.45554279765008,33.52600860595703
2015-04-15,33.51817774100388,33.76089096069336
2015-04-16,33.854844577145315,34.02709197998047
2015-04-17,33.31460861194152,33.43205261230469
2015-04-20,33.39290574150334,33.400733947753906
2015-04-21,33.68259890067881,33.596473693847656
2015-04-22,33.823534087212664,33.956634521484375
2015-04-23,33.870506566216385,34.207176208496094
2015-04-24,34.34811026823575,34.33245086669922
2015-04-27,34.4655647277832,34.4655647277832
2015-04-28,34.4812082203382,34.520355224609375
2015-04-29,34.17585450319937,34.08972930908203
2015-04-30,33.81569599796866,33.57298278808594
2015-05-01,33.737407098861866,33.776554107666016
2015-05-04,33.792203831358265,33.97228240966797
2015-05-05,33.81569503151239,33.60429763793945
2015-05-06,33.651272801998246,33.1893310546875
2015-05-07,32.9935978908431,33.14236068725586
2015-05-08,33.526008022413336,33.565155029296875
2015-05-11,33.526015359095254,33.2441520690918
2015-05-12,32.98577310336164,33.1345329284668
2015-05-13,33.43987965464396,33.197166442871094
2015-05-14,33.424223996908054,33.52600860595703
2015-05-15,33.50251865296296,33.78438186645508
2015-05-18,33.596471373907754,33.43988037109375
2015-05-19,33.5181843527935,33.494693756103516
2015-05-20,33.4242246483132,33.4712028503418
2015-05-21,33.228479942719474,33.35375213623047
2015-05-22,33.52599824285902,33.46336364746094
2015-05-26,33.25197950746783,32.93096923828125
2015-05-27,32.67258936042613,32.93879318237305
2015-05-28,32.43770146766188,32.5081672668457
2015-05-29,32.45336002189711,32.194984436035156
2015-06-01,32.21065285610047,32.06972122192383
2015-06-02,32.03839344339683,32.194984436035156
2015-06-03,32.05405859164234,32.03057098388672
2015-06-04,31.748715133106344,31.545148849487305
2015-06-05,31.302424527912905,31.40420913696289
2015-06-08,31.451178238715347,31.396371841430664
2015-06-09,31.271096357466966,31.20846176147461
2015-06-10,31.505986772464425,31.662574768066406
2015-06-11,31.584292638671673,31.505998611450195
2015-06-12,31.513826819482066,31.505998611450195
2015-06-15,31.13016351258852,31.153654098510742
2015-06-16,31.04405037706525,31.16149139404297
2015-06-17,31.169320960635247,31.34939956665039
2015-06-18,31.592117103594273,31.639095306396484
2015-06-19,31.490327272334202,31.365055084228516
2015-06-22,31.905293286771,31.819168090820312
2015-06-23,31.944441126741996,32.13235092163086
2015-06-24,32.101040097102064,31.905302047729492
2015-06-25,31.945528755728315,31.79566192626953
2015-06-26,31.51169420125739,31.49591827392578
2015-06-29,30.99111326822231,30.79391860961914
2015-06-30,31.346053657118706,31.25139808654785
2015-07-01,31.42493394899498,31.227739334106445
2015-07-02,31.417044857719812,31.37760353088379
2015-07-06,30.541499354713256,30.502058029174805
2015-07-07,29.926251053343684,30.04456901550293
2015-07-08,29.247900697287594,29.01126480102539
2015-07-09,29.89469564064461,29.57129669189453
2015-07-10,30.312752197063364,30.32063865661621
2015-07-13,30.517833035212604,30.52572250366211
2015-07-14,30.38374374303686,30.5809383392334
2015-07-15,30.391630453101946,30.233877182006836
2015-07-16,30.57304456477473,30.612485885620117
2015-07-17,30.659811825438737,30.57304573059082
2015-07-20,30.281211434866268,30.375864028930664
2015-07-21,30.509951535985042,30.383747100830078
2015-07-22,30.131335510699575,29.94991683959961
2015-07-23,29.93414003344487,29.658065795898438
2015-07-24,29.413537215551948,29.232118606567383
2015-07-27,28.743087669547837,28.67998695373535
2015-07-28,28.900840191445994,28.971830368041992
2015-07-29,29.042816396383046,29.255786895751953
2015-07-30,28.932385907843383,28.963937759399414
2015-07-31,29.240011149937448,29.279449462890625
2015-08-03,28.924498043907327,28.790407180786133
2015-08-04,29.034930393124384,28.8929500579834
2015-08-05,29.169023616755695,28.90083885192871
2015-08-06,28.75097572853542,28.648433685302734
2015-08-07,28.648426301716917,28.63265037536621
2015-08-10,28.806180840386435,29.11380386352539
2015-08-11,28.42757260911729,28.474897384643555
2015-08-12,27.962193877704802,28.033184051513672
2015-08-13,28.04107125665662,27.985857009887695
2015-08-14,28.056849024839256,28.025297164916992
2015-08-17,27.623021683864383,27.717674255371094
2015-08-18,27.41004605127783,27.417932510375977
2015-08-19,27.21285292892729,27.07876205444336
2015-08-20,26.715927024720074,26.6528263092041
2015-08-21,26.258433890282816,25.83249282836914
2015-08-24,24.081404214414356,24.704538345336914
2015-08-25,26.234765990046405,25.020048141479492
2015-08-26,25.643184440058658,25.848268508911133
2015-08-27,26.3530814782654,26.991992950439453
2015-08-28,26.581838700973336,26.644939422607422
2015-08-31,26.44773457919096,26.692256927490234
2015-09-01,25.879818416325385,25.658958435058594
2015-09-02,26.061234011462094,26.029682159423828
2015-09-03,26.077010798206782,26.132225036621094
2015-09-04,25.643180741334703,25.351333618164062
2015-09-08,26.045462924755437,26.15589141845703
2015-09-09,26.644929744129094,26.02179718017578
2015-09-10,26.09279294872695,26.289987564086914
2015-09-11,26.21899362135059,26.39252281188965
2015-09-14,26.305756779966888,26.353084564208984
2015-09-15,26.34519825311036,26.605493545532227
2015-09-16,27.039320215330775,27.252290725708008
2015-09-17,27.039321999775414,27.189191818237305
2015-09-18,26.92101061469347,26.684377670288086
2015-09-21,26.692261061010175,26.637046813964844
2015-09-22,26.061235298177976,26.140111923217773
2015-09-23,26.02179968695242,25.722063064575195
2015-09-24,25.31978503827455,25.611635208129883
2015-09-25,25.98235544943486,25.55641746520996
2015-09-28,25.351332326433052,25.012157440185547
2015-09-29,25.098926050138697,25.130477905273438
2015-09-30,25.78516141381035,25.856151580810547
2015-10-01,26.06912478740505,25.99813461303711
2015-10-02,25.879816267678624,26.692256927490234
2015-10-05,26.999883544456484,27.268068313598633
2015-10-06,27.173414589647862,27.220739364624023
2015-10-07,27.891202611719237,27.9464168548584
2015-10-08,27.78077354608949,28.246152877807617
2015-10-09,28.530110594130935,28.348691940307617
2015-10-12,28.396021421338947,28.135723114013672
2015-10-13,27.804436607591583,27.678232192993164
2015-10-14,27.87543652991673,27.891212463378906
2015-10-15,28.348699064520698,28.56955909729004
2015-10-16,28.467011523408942,28.593215942382812
2015-10-19,28.293479244678988,28.301368713378906
2015-10-20,28.230379213082827,28.293479919433594
2015-10-21,28.11206250477991,27.883316040039062
2015-10-22,28.175157266058807,28.459117889404297
2015-10-23,28.672092079167957,28.624767303466797
2015-10-26,28.48279323346479,28.36447525024414
2015-10-27,28.064736335707323,28.04107093811035
2015-10-28,28.104177019862565,27.717674255371094
2015-10-29,27.449485104492684,27.457374572753906
2015-10-30,27.662459812444634,27.504703521728516
2015-11-02,27.741333642302987,28.048959732055664
2015-11-03,27.97008190739481,28.41968536376953
2015-11-04,28.59321264097115,28.190937042236328
2015-11-05,28.167277717725792,28.23826789855957
2015-11-06,27.61512565199135,27.8438720703125
2015-11-09,27.441601843882054,27.149751663208008
2015-11-10,27.031436920166016,27.031436920166016
2015-11-11,27.24440905138529,27.086652755737305
2015-11-12,26.968331513754457,26.826351165771484
2015-11-13,26.64493064555274,26.455625534057617
2015-11-16,26.534510404402102,26.968338012695312
2015-11-17,27.00777567469298,26.88945770263672
2015-11-18,26.857905884324452,27.181304931640625
2015-11-19,27.35483874802738,27.42582893371582
2015-11-20,27.69400830058416,27.701894760131836
2015-11-23,27.58357731546976,27.44159698486328
2015-11-24,27.26018289712006,27.583581924438477
2015-11-25,27.410051419259734,27.37061309814453
2015-11-27,27.007771235416794,26.771135330200195
2015-11-30,26.70014399676439,26.810575485229492
2015-12-01,26.9446672558609,27.015657424926758
2015-12-02,26.85789964297507,26.692256927490234
2015-12-03,26.79480156246883,26.54239273071289
2015-12-04,26.321533448277087,26.723812103271484
2015-12-07,26.471406929692513,26.2820987701416
2015-12-08,25.745725350087945,25.99024772644043
2015-12-09,25.911367869427302,25.77727699279785
2015-12-10,25.70629227975646,25.603750228881836
2015-12-11,25.07526009073641,24.88595199584961
2015-12-14,25.14625476067749,25.288236618041992
2015-12-15,25.603745847407577,25.67473602294922
2015-12-16,25.871932776283547,26.179555892944336
2015-12-17,26.195326738654888,25.840375900268555
2015-12-18,25.848270814218083,25.753618240356445
2015-12-21,26.00274366329087,25.954681396484375
2015-12-22,25.962694338267585,26.162961959838867
2015-12-23,26.363224329055207,26.531448364257812
2015-12-24,26.37924712728162,26.435321807861328
2015-12-28,26.22705032879801,26.251081466674805
2015-12-29,26.323171750353765,26.27510643005371
2015-12-30,26.018769909140964,25.866567611694336
2015-12-31,25.866569767989677,25.786460876464844
2016-01-04,25.113561728211625,25.081518173217773
2016-01-05,25.19366853568422,25.137592315673828
2016-01-06,24.664957069185643,24.656946182250977
2016-01-07,24.02410239249093,23.895931243896484
2016-01-08,24.056146312980857,23.639589309692383
2016-01-11,23.863887684913035,23.631576538085938
2016-01-12,23.799801983769854,23.679641723632812
2016-01-13,23.952008090140676,23.431312561035156
2016-01-14,23.455344326317324,23.7357177734375
2016-01-15,22.80647280108389,22.7984619140625
2016-01-19,23.391258230904093,23.13491439819336
2016-01-20,22.566152011919243,22.630237579345703
2016-01-21,22.62222986494929,22.718358993530273
2016-01-22,23.439317169151714,23.495391845703125
2016-01-25,23.335180591001638,23.094860076904297
2016-01-26,23.2230340438088,23.431312561035156
2016-01-27,23.423300383063367,23.35120391845703
2016-01-28,23.807816582563913,23.71969985961914
2016-01-29,24.09619941223782,24.488723754882812
2016-02-01,24.080179825442546,24.25641632080078
2016-02-02,23.855878036553833,23.471363067626953
2016-02-03,23.719692237204747,24.136247634887695
2016-02-04,24.320497512817383,24.320497512817383
2016-02-05,24.224370733860486,24.040124893188477
2016-02-08,23.671628838036572,23.71168327331543
2016-02-09,23.2630871109405,23.38324737548828
2016-02-10,23.647599517107587,23.479373931884766
2016-02-11,23.006743765956912,23.086851119995117
2016-02-12,23.287117188361115,23.487384796142578
2016-02-16,23.92797371050819,24.008079528808594
2016-02-17,24.22437436200804,24.480716705322266
2016-02-18,24.568828476267647,24.336517333984375
2016-02-19,24.184314235489236,24.224367141723633
2016-02-22,24.632915704606535,24.825172424316406
2016-02-23,24.544794386818975,24.296463012695312
2016-02-24,23.903946787068207,24.24039649963379
2016-02-25,24.2083466193076,24.320497512817383
2016-02-26,24.480708654112433,24.08017349243164
2016-02-29,24.320499514752505,24.288455963134766
2016-03-01,24.753080660819577,25.153615951538086
2016-03-02,25.185654715539933,25.490060806274414
2016-03-03,25.51409490948271,25.7784481048584
2016-03-04,26.026780313314045,26.2911319732666
2016-03-07,26.03479205825905,26.251081466674805
2016-03-08,25.930646108038363,25.802474975585938
2016-03-09,25.97069780451984,25.962688446044922
2016-03-10,26.114899789439498,26.002750396728516
2016-03-11,26.39526783106186,26.547470092773438
2016-03-14,26.45935498968298,26.387258529663086
2016-03-15,25.98672516136705,26.010759353637695
2016-03-16,25.80247448920573,26.531448364257812
2016-03-17,26.891931291799857,27.116230010986328
2016-03-18,27.25241811474037,27.260427474975586
2016-03-21,27.228390235634464,27.316505432128906
2016-03-22,27.07617634682723,27.252412796020508
2016-03-23,27.028119611597894,26.787796020507812
2016-03-24,26.49940848035768,26.72370719909668
2016-03-28,26.739732151424445,26.81182861328125
2016-03-29,26.811825301448934,27.180316925048828
2016-03-30,27.588860673424488,27.460689544677734
2016-03-31,27.55682254703987,27.436660766601562
2016-04-01,26.851880720820997,27.356555938720703
2016-04-04,27.340533188471987,27.02811622619629
2016-04-05,26.603547582365564,26.49941062927246
2016-04-06,26.427309133331764,26.81983184814453
2016-04-07,26.46736885632329,26.283123016357422
2016-04-08,26.85989339341823,26.739734649658203
2016-04-11,27.18032178586219,27.08419418334961
2016-04-12,27.084190715326166,27.500747680664062
2016-04-13,27.941340495702434,27.989402770996094
2016-04-14,27.941342051392397,27.85322380065918
2016-04-15,27.82117767130211,27.69300651550293
2016-04-18,27.59687967142371,27.821178436279297
2016-04-19,28.093540512048005,28.245742797851562
2016-04-20,28.021443281088803,28.117570877075195
2016-04-21,28.04547330915422,27.837196350097656
2016-04-22,27.72504669823664,27.66897201538086
2016-04-25,27.65295534993833,27.492740631103516
2016-04-26,27.701021691078317,27.78913688659668
2016-04-27,27.67697716445031,27.957353591918945
2016-04-28,27.676981374714103,27.66897201538086
2016-04-29,27.668972742907663,27.548810958862305
2016-05-02,27.548811548693234,27.476715087890625
2016-05-03,26.956024560888984,26.699682235717773
2016-05-04,26.53145102578151,26.267099380493164
2016-05-05,26.523441306429575,26.25908660888672
2016-05-06,26.17097053729369,26.299144744873047
2016-05-09,26.243061830277526,25.962688446044922
2016-05-10,26.251085010020475,26.459362030029297
2016-05-11,26.435324211634075,26.39527130126953
2016-05-12,26.54747417803978,26.32317543029785
2016-05-13,26.098874991563832,25.850542068481445
2016-05-16,26.10688727026622,26.162961959838867
2016-05-17,26.106884186760347,26.042797088623047
2016-05-18,25.866569767989677,25.786460876464844
2016-05-19,25.570167611140914,25.54613494873047
2016-05-20,25.786453202049277,25.802474975585938
2016-05-23,25.746403096524713,25.75441551208496
2016-05-24,25.890595260555532,26.018766403198242
2016-05-25,26.267104146749585,26.331188201904297
2016-05-26,26.539466954805068,26.507423400878906
2016-05-27,26.603547582365564,26.49941062927246
2016-05-31,26.563491910727105,26.531448364257812
2016-06-01,26.4273133675744,26.51542854309082
2016-06-02,26.491397557480536,26.731718063354492
2016-06-03,27.060159445458574,27.140268325805664
2016-06-06,27.2444048232959,27.428653717041016
2016-06-07,27.604886418355164,27.676982879638672
2016-06-08,27.861230802155127,27.87725257873535
2016-06-09,27.500754755815933,27.55682945251465
2016-06-10,26.99607162643061,26.859888076782227
2016-06-13,26.507418126150103,26.483386993408203
2016-06-14,26.40328066100597,26.39527130126953
2016-06-15,26.66763646818078,26.67564582824707
2016-06-16,26.195000161636322,26.579513549804688
2016-06-17,26.62758400637579,26.651615142822266
2016-06-20,27.156290149485056,27.12424659729004
2016-06-21,27.2524156202134,27.332521438598633
2016-06-22,27.51498828705117,27.401954650878906
2016-06-23,27.773344771455328,28.063993453979492
2016-06-24,26.44926590289362,26.360458374023438
2016-06-27,26.239351129809663,26.0213623046875
2016-06-28,26.643029014462968,26.788354873657227
2016-06-29,27.305071562876112,27.46654510498047
2016-06-30,27.58764756408897,27.74104881286621
2016-07-01,27.950969145146473,28.007484436035156
2016-07-05,27.61994573990375,27.410032272338867
2016-07-06,27.03864583470698,27.337369918823242
2016-07-07,27.466544906821692,27.26470375061035
2016-07-08,27.57150380691662,27.854080200195312
2016-07-11,28.088222399240113,28.12051773071289
2016-07-12,28.491902860965677,28.516122817993164
2016-07-13,28.524194521601625,28.467676162719727
2016-07-14,28.782545984780192,28.87942886352539
2016-07-15,28.855218649128226,28.814847946166992
2016-07-18,28.726038137984528,29.07320213317871
2016-07-19,28.814844623459006,28.774477005004883
2016-07-20,28.839066478431256,28.919801712036133
2016-07-21,28.855216688445,28.83099365234375
2016-07-22,28.92787255015563,29.040903091430664
2016-07-25,28.935951003691752,28.75025749206543
2016-07-26,28.91173078541255,28.976318359375
2016-07-27,29.024762221215422,29.07320213317871
2016-07-28,29.02475685184057,29.08127212524414
2016-07-29,29.08935046216766,29.234676361083984
2016-08-01,29.307337942323134,29.178159713745117
2016-08-02,29.129720016832117,28.968246459960938
2016-08-03,28.766402371007644,29.065126419067383
2016-08-04,29.145866139046788,29.226604461669922
2016-08-05,29.436508982532608,29.56568717956543
2016-08-08,29.75946421338244,29.775611877441406
2016-08-09,29.888636913805588,29.977447509765625
2016-08-10,30.13085102684154,29.985525131225586
2016-08-11,30.106627686300214,30.373056411743164
2016-08-12,30.27617077772905,30.26002311706543
2016-08-15,30.486083360157764,30.574893951416016
2016-08-16,30.51031171692192,30.43764877319336
2016-08-17,30.203511701349406,30.243879318237305
2016-08-18,30.437644331733466,30.52645492553711
2016-08-19,30.195436439203437,30.35690689086914
2016-08-22,30.07433775927347,29.953231811523438
2016-08-23,30.211580141582765,29.832120895385742
2016-08-24,29.78368074524489,29.912858963012695
2016-08-25,29.799836294920567,29.937089920043945
2016-08-26,30.001671392960333,29.67872428894043
2016-08-29,29.67872286965473,29.904787063598633
2016-08-30,29.945153010049452,29.824047088623047
2016-08-31,29.67064984304708,29.49302864074707
2016-09-01,29.5253263501341,29.71909523010254
2016-09-02,30.12278266343637,30.20351791381836
2016-09-06,30.60718702619773,30.849395751953125
2016-09-07,30.857477874285873,30.752519607543945
2016-09-08,30.760598620391406,30.671791076660156
2016-09-09,30.195442715356204,29.63835906982422
2016-09-12,29.234671255693225,29.840194702148438
2016-09-13,29.39614727383345,29.08934783935547
2016-09-14,29.18623508544794,29.178159713745117
2016-09-15,29.388075591144727,29.67872428894043
2016-09-16,29.436507697836877,29.47687530517578
2016-09-19,29.848280777328412,29.711027145385742
2016-09-20,29.945159804330153,29.727170944213867
2016-09-21,30.017811705598035,30.558744430541992
2016-09-22,30.825182107482114,30.7767391204834
2016-09-23,30.52645609030207,30.38113021850586
2016-09-26,30.106635798267707,29.937089920043945
2016-09-27,30.15506987600311,30.364986419677734
2016-09-28,30.413424030284943,30.639488220214844
2016-09-29,30.478015416327803,30.10662841796875
2016-09-30,30.24387207893337,30.23579978942871
2016-10-03,30.300396685266605,30.445722579956055
2016-10-04,30.4618677538098,30.10662841796875
2016-10-05,30.4134250524003,30.542606353759766
2016-10-06,30.38113236845252,30.56682586669922
2016-10-07,30.607192352125534,30.4295711517334
2016-10-10,30.631415187280254,30.76059341430664
2016-10-11,30.227735646403374,30.05011749267578
2016-10-12,29.95322443075395,29.993595123291016
2016-10-13,29.53340512178976,29.727170944213867
2016-10-14,29.97745305840048,29.775611877441406
2016-10-17,29.73523673093579,29.743309020996094
2016-10-18,30.251951170329697,30.268098831176758
2016-10-19,30.413431403733203,30.45380210876465
2016-10-20,30.348838756329542,30.364986419677734
2016-10-21,30.187361068709283,30.35690689086914
2016-10-24,30.599119522616718,30.486085891723633
2016-10-25,30.46186013198196,30.518375396728516
2016-10-26,30.179296441818256,30.195444107055664
2016-10-27,30.219666383750212,29.937089920043945
2016-10-28,29.96936952150165,29.81597137451172
2016-10-31,29.953229803343824,29.985525131225586
2016-11-01,30.09854830082275,29.743309020996094
2016-11-02,29.630283657063654,29.38807487487793
2016-11-03,29.420365453192815,29.307334899902344
2016-11-04,29.073203071761238,29.008615493774414
2016-11-07,29.71909390241146,30.058185577392578
2016-11-08,30.058189947561907,30.2519588470459
2016-11-09,29.339634537340768,29.266971588134766
2016-11-10,29.000533666707803,28.435380935668945
2016-11-11,27.894447326660156,27.894447326660156
2016-11-14,27.708753634343523,27.69260597229004
2016-11-15,27.910596248386028,28.249691009521484
2016-11-16,27.918675332383575,28.01555824279785
2016-11-17,28.11243683361095,28.05592155456543
2016-11-18,28.112439888285316,27.926746368408203
2016-11-21,28.177030120108906,28.201250076293945
2016-11-22,28.6129989151357,28.629146575927734
2016-11-23,28.225463586023604,28.322349548339844
2016-11-25,28.483818490636132,28.459598541259766
2016-11-28,28.5726318359375,28.5726318359375
2016-11-29,28.483826451916837,28.613004684448242
2016-11-30,28.74218850314919,28.661453247070312
2016-12-01,28.58070595481387,28.322349548339844
2016-12-02,28.322352531069036,28.354644775390625
2016-12-05,28.491896562916498,28.58877944946289
2016-12-06,28.677592301111382,28.74217987060547
2016-12-07,28.919804995406203,29.226604461669922
2016-12-08,29.145865004379914,29.35578155517578
2016-12-09,29.178159271646884,29.20237922668457
2016-12-12,29.040910822693867,29.008615493774414
2016-12-13,29.178156978086932,29.331558227539062
2016-12-14,29.097417233547308,28.459598541259766
2016-12-15,28.475755588862523,28.5080509185791
2016-12-16,28.443459495571734,28.37887191772461
2016-12-19,28.395006328633645,28.18509292602539
2016-12-20,28.265834759453842,28.281982421875
2016-12-21,28.327712987436204,28.164396286010742
2016-12-22,27.86225131238953,27.82958984375
2016-12-23,27.854088659984644,27.992908477783203
2016-12-27,28.05823884397324,28.115400314331055
2016-12-28,28.3522130099841,28.327713012695312
2016-12-29,28.61352952559194,28.79317855834961
2016-12-30,28.785004153018946,28.589019775390625
2017-01-03,28.899328900318615,28.93199348449707
2017-01-04,29.095311987487428,29.15247344970703
2017-01-05,29.364788922408028,29.470947265625
2017-01-06,29.37296115106505,29.348461151123047
2017-01-09,29.332125847033144,29.32396125793457
2017-01-10,29.503614863392244,29.495447158813477
2017-01-11,29.55260736183676,29.846582412719727
2017-01-12,29.96906929858063,29.97723388671875
2017-01-13,29.86291176097583,29.95273780822754
2017-01-17,29.88741211554895,29.93640899658203
2017-01-18,29.952746322818765,29.773094177246094
2017-01-19,29.781265197518092,29.683271408081055
2017-01-20,29.7159244148946,29.740421295166016
2017-01-23,29.94457147127956,30.181385040283203
2017-01-24,30.312040193988857,30.36920166015625
2017-01-25,30.581520572460445,30.704008102416992
2017-01-26,30.695837713554933,30.573347091674805
2017-01-27,30.57335270899216,30.59785270690918
2017-01-30,30.37737260061807,30.434534072875977
2017-01-31,30.467194708727735,30.49169158935547
2017-02-01,30.61418447201073,30.508026123046875
2017-02-02,30.606016825067588,30.638681411743164
2017-02-03,30.76933275499352,30.826494216918945
2017-02-06,30.793829429779734,30.753000259399414
2017-02-07,30.687678764116445,30.59785270690918
2017-02-08,30.61417733026557,30.785661697387695
2017-02-09,30.785664452379073,30.924484252929688
2017-02-10,30.99797616138961,31.21029281616211
2017-02-13,31.210299834671876,31.308290481567383
2017-02-14,31.308291146238794,31.34095573425293
2017-02-15,31.349118968072045,31.594097137451172
2017-02-16,31.626762001025668,31.479774475097656
2017-02-17,31.234790546387078,31.34911346435547
2017-02-21,31.545097767589688,31.69208526611328
2017-02-22,31.64309540045306,31.790082931518555
2017-02-23,31.9533996970684,31.79824447631836
2017-02-24,31.414446647843224,31.422611236572266
2017-02-27,31.332783881602243,31.32461929321289
2017-02-28,31.291960813371052,31.022485733032227
2017-03-01,31.275619695380545,31.504268646240234
2017-03-02,31.193956512231054,30.948978424072266
2017-03-03,31.09597000035466,31.185792922973633
2017-03-06,31.23480158581991,31.202136993408203
2017-03-07,31.30013334363611,31.234804153442383
2017-03-08,31.161305820767723,30.940824508666992
2017-03-09,30.78567071127095,30.695844650268555
2017-03-10,30.94082389072339,31.038814544677734
2017-03-13,31.36544126377295,31.471599578857422
2017-03-14,31.373616207591628,31.29195785522461
2017-03-15,31.45527865558761,32.10855484008789
2017-03-16,32.337200199199756,32.30453872680664
2017-03-17,32.337206076916495,32.24738311767578
2017-03-20,32.451520532010576,32.62300491333008
2017-03-21,32.78632638125221,32.263702392578125
2017-03-22,32.239209274743104,32.418861389160156
2017-03-23,32.30453731628298,32.427024841308594
2017-03-24,32.40253152162483,32.508689880371094
2017-03-27,32.2963707447728,32.418861389160156
2017-03-28,32.39436381668534,32.508689880371094
2017-03-29,32.435194068994534,32.56584930419922
2017-03-30,32.43519187785766,32.39435958862305
2017-03-31,32.19021114581704,32.165714263916016
2017-04-03,32.2637097692495,32.34537124633789
2017-04-04,32.28003288207906,32.3616943359375
2017-04-05,32.5005159493899,32.263702392578125
2017-04-06,32.231050600558156,32.20655059814453
2017-04-07,32.14122276930576,32.14938735961914
2017-04-10,32.02690168412855,32.018733978271484
2017-04-11,32.01056920697181,31.945240020751953
2017-04-12,32.08405909336498,32.10039138793945
2017-04-13,32.173879789338386,31.961563110351562
2017-04-17,32.10855095961008,32.29636764526367
2017-04-18,31.928905963829372,31.888076782226562
2017-04-19,31.96972797276164,31.69208526611328
2017-04-20,32.03505997394405,32.08405685424805
2017-04-21,32.09222144343215,32.08405685424805
2017-04-24,32.55768361315327,32.541351318359375
2017-04-25,32.77816680908397,32.82716369628906
2017-04-26,32.76999530685612,32.70466613769531
2017-04-27,32.76999194964156,32.66383361816406
2017-04-28,32.69650492526164,32.71283721923828
2017-05-01,32.85982466181253,32.90065383911133
2017-05-02,33.039476473434476,33.13747024536133
2017-05-03,32.99864673295658,32.916988372802734
2017-05-04,32.73732762678944,32.54951095581055
2017-05-05,32.5005168906621,32.81898880004883
2017-05-08,32.9088236413472,32.81083297729492
2017-05-09,33.063963006529335,33.22727966308594
2017-05-10,33.32528544303651,33.44777297973633
2017-05-11,33.48859853694455,33.521263122558594
2017-05-12,33.570261528456605,33.66008758544922
2017-05-15,33.83157116703028,34.003055572509766
2017-05-16,33.978566972164295,34.035728454589844
2017-05-17,33.74175145749219,33.4559440612793
2017-05-18,32.64750795575231,32.90065383911133
2017-05-19,33.38244306820111,33.60292434692383
2017-05-22,33.635581970214844,33.635581970214844
2017-05-23,33.660082634859364,33.66824722290039
2017-05-24,33.67642070162409,33.79890823364258
2017-05-25,33.97856679411591,33.96223449707031
2017-05-26,34.02754459712125,34.08470916748047
2017-05-30,33.89689973913336,33.905067443847656
2017-05-31,33.905067345354155,33.64375686645508
2017-06-01,33.73357653578666,33.92955780029297
2017-06-02,34.05205374961732,34.10104751586914
2017-06-05,34.0928872173891,34.06022262573242
2017-06-06,34.019384252909234,34.07654571533203
2017-06-07,33.97039926606512,34.035728454589844
2017-06-08,34.26436122812258,34.239864349365234
2017-06-09,34.26435722628406,33.97854995727539
2017-06-12,33.782575939693466,33.79890823364258
2017-06-13,33.97856679411591,33.96223449707031
2017-06-14,34.215370044116156,33.95405960083008
2017-06-15,33.54576288004012,33.60292434692383
2017-06-16,33.676419878999376,33.66008758544922
2017-06-19,33.86423688585511,33.99489212036133
2017-06-20,33.898081228707476,33.6191520690918
2017-06-21,33.77502988015732,33.6929931640625
2017-06-22,33.87347425575185,33.86526870727539
2017-06-23,33.92269908782749,34.04575729370117
2017-06-26,34.36570726125085,34.3739128112793
2017-06-27,34.373911264924466,33.971923828125
2017-06-28,34.07036330626656,34.234439849853516
2017-06-29,34.07036814551123,33.799644470214844
2017-06-30,34.00473308557326,33.955509185791016
2017-07-03,34.14419923635743,34.15240478515625
2017-07-05,33.955508503388835,34.086769104003906
2017-07-06,33.84065888418848,33.67658233642578
2017-07-07,33.76682840719664,33.742218017578125
2017-07-10,33.85706938894373,34.062164306640625
2017-07-11,34.242650282309626,34.341094970703125
2017-07-12,34.82511098124339,35.005592346191406
2017-07-13,35.0630228840254,35.17787551879883
2017-07-14,35.415785230424376,35.620880126953125
2017-07-17,35.48141656863666,35.45680618286133
2017-07-18,35.39117091673365,35.56344985961914
2017-07-19,35.56345797963662,35.858795166015625
2017-07-20,35.891610020683764,35.81777572631836
2017-07-21,35.82597610557641,35.79316329956055
2017-07-24,35.94903851475897,35.89981460571289
2017-07-25,35.94083857892334,35.80957794189453
2017-07-26,35.86700026303041,36.10490798950195
2017-07-27,36.21976133549495,35.908016204833984
2017-07-28,35.77676034569075,35.8916130065918
2017-07-31,35.96543693284616,35.932621002197266
2017-08-01,36.096710086309585,36.039283752441406
2017-08-02,36.10490295280987,36.07209014892578
2017-08-03,35.89980970186245,35.92442321777344
2017-08-04,36.006463044098,36.055686950683594
2017-08-07,36.18694712306204,36.30179977416992
2017-08-08,36.40024363412239,36.310001373291016
2017-08-09,35.891611219036676,35.98185348510742
2017-08-10,35.67830656897701,35.1286506652832
2017-08-11,35.16967119219133,35.210689544677734
2017-08-14,35.596273291430364,35.57166290283203
2017-08-15,35.54704597910465,35.612674713134766
2017-08-16,35.908019188276825,35.98185348510742
2017-08-17,35.899800369764186,35.52242660522461
2017-08-18,35.661896306819976,35.82596969604492
2017-08-21,35.90801715341861,35.95724105834961
2017-08-22,36.211557637866086,36.35922622680664
2017-08-23,36.2936016494659,36.53150939941406
2017-08-24,36.69557857716803,36.64635467529297
2017-08-25,36.85145555256757,36.85966110229492
2017-08-28,36.84324619323672,36.7283935546875
2017-08-29,36.72840119874303,36.66276931762695
2017-08-30,36.61354485372977,36.720191955566406
2017-08-31,36.728398315926924,36.77762222290039
2017-09-01,36.92528546316758,37.048343658447266
2017-09-05,36.761219767916955,36.564327239990234
2017-09-06,36.703778546280475,36.802223205566406
2017-09-07,36.982709339645005,37.07294845581055
2017-09-08,37.01552637796359,36.826839447021484
2017-09-11,37.13037884911952,37.319068908691406
2017-09-12,37.31907095432343,37.27804946899414
2017-09-13,37.13037463654184,37.081153869628906
2017-09-14,36.99092423307366,37.17961120605469
2017-09-15,37.24523298482627,37.40110397338867
2017-09-18,37.639025584492096,37.53237533569336
2017-09-19,37.55697264145558,37.61439895629883
2017-09-20,37.630814174275535,37.4421272277832
2017-09-21,37.4421272277832,37.4421272277832
2017-09-22,37.23702703394585,37.228824615478516
2017-09-25,36.917077324536756,36.597129821777344
2017-09-26,36.670970532149674,36.49869155883789
2017-09-27,36.39203821157813,36.367427825927734
2017-09-28,36.1787350569458,36.342811584472656
2017-09-29,36.621749034659054,36.76121520996094
2017-10-02,36.76121057546,36.769412994384766
2017-10-03,37.06474753524723,37.35187911987305
2017-10-04,37.33547960044386,37.343685150146484
2017-10-05,37.499553797759255,37.62261199951172
2017-10-06,37.27805148677356,37.43392562866211
2017-10-09,37.33547509629216,37.40930938720703
2017-10-10,37.69644762674855,37.77848434448242
2017-10-11,37.770274702592666,37.95075607299805
2017-10-12,37.96716567929263,37.93435287475586
2017-10-13,38.27891540527344,38.27891540527344
2017-10-16,38.37735804517205,38.254302978515625
2017-10-17,38.155867348586696,38.05742263793945
2017-10-18,38.18867384555521,38.14765548706055
2017-10-19,37.75387585385664,37.811302185058594
2017-10-20,37.99997997192656,37.95075607299805
2017-10-23,37.88513145466717,37.647220611572266
2017-10-24,37.721054903239654,37.647220611572266
2017-10-25,37.79487933716958,37.5651741027832
2017-10-26,37.58979652474454,37.31086730957031
2017-10-27,37.50775984775122,37.852317810058594
2017-10-30,37.72925471548477,37.61439895629883
2017-10-31,37.844104233622076,37.967159271240234
2017-11-01,38.31173109048044,38.1640625
2017-11-02,38.221489773412195,38.213287353515625
2017-11-03,38.18047213537639,38.016395568847656
2017-11-06,38.196876090190656,38.442989349365234
2017-11-07,38.40197143244709,38.196876525878906
2017-11-08,38.31173635723581,38.37736511230469
2017-11-09,38.114836556477414,38.13945007324219
2017-11-10,38.090228783602754,37.97537612915039
2017-11-13,37.84411266085039,37.893333435058594
2017-11-14,37.82769828773824,37.63901138305664
2017-11-15,37.450332776913335,37.4421272277832
2017-11-16,37.991787438235306,38.221492767333984
2017-11-17,38.33634102911269,38.41017532348633
2017-11-20,38.36914867833609,38.607059478759766
2017-11-21,39.07468059486021,39.1239013671875
2017-11-22,39.24696146157669,39.22235107421875
2017-11-24,39.09929002768775,39.14030838012695
2017-11-27,38.81215639981619,38.5660400390625
2017-11-28,38.87780177053899,38.85319137573242
2017-11-29,38.69729884537796,38.23788833618164
2017-11-30,38.123046533370264,37.81950378417969
2017-12-01,37.721057642060686,37.606204986572266
2017-12-04,38.02459256143059,37.68003463745117
2017-12-05,37.704650619676094,37.65542984008789
2017-12-06,37.01552513074269,37.146785736083984
2017-12-07,37.24523843717677,37.253440856933594
2017-12-08,37.67183208270476,37.68824005126953
2017-12-11,37.89333439043552,37.87692642211914
2017-12-12,37.52416731580979,37.62261199951172
2017-12-13,37.8605208816272,38.07381820678711
2017-12-14,37.950762368971546,37.794891357421875
2017-12-15,37.868724002710934,37.87692642211914
2017-12-18,38.20508314232349,38.30352783203125
2017-12-19,38.367650109121854,38.10115051269531
2017-12-20,38.276039127228884,38.151119232177734
2017-12-21,38.30935299889307,38.400962829589844
2017-12-22,38.5508716406203,38.72576141357422
2017-12-26,38.65912679456457,38.692440032958984
2017-12-27,38.74241523683112,38.79238510131836
2017-12-28,39.150486493783575,39.05887985229492
2017-12-29,39.37535337985884,39.242103576660156
2018-01-02,39.79176048605505,39.983306884765625
2018-01-03,40.21649524700982,40.36640167236328
2018-01-04,40.46633237742579,40.56626892089844
2018-01-05,40.65788091255474,40.916053771972656
2018-01-08,40.8577571870921,40.916053771972656
2018-01-09,40.90772667309938,40.849430084228516
2018-01-10,40.54129294810118,40.59126281738281
2018-01-11,40.53295986246793,40.841102600097656
2018-01-12,40.92438907654315,41.23252868652344
2018-01-16,41.39075686277017,41.07428741455078
2018-01-17,41.39076002196783,41.61561965942383
2018-01-18,41.60729178601483,41.66558837890625
2018-01-19,41.87378071205745,42.00703048706055
2018-01-22,41.98205463221466,42.24855422973633
2018-01-23,42.248549030959815,42.44842529296875
2018-01-24,42.72325833015504,42.806541442871094
2018-01-25,42.84817402507523,42.78154754638672
2018-01-26,43.08136999597562,43.37285614013672
2018-01-29,42.848177464487435,42.714927673339844
2018-01-30,42.2568810750269,42.1319580078125
2018-01-31,42.70660467270236,42.4984016418457
2018-02-01,42.115302021956225,41.92375564575195
2018-02-02,41.490695738733876,40.849430084228516
2018-02-05,40.791133983797934,39.416996002197266
2018-02-06,39.40866588582885,40.69952392578125
2018-02-07,39.97497855290718,39.416996002197266
2018-02-08,39.66683126591837,38.05117416381836
2018-02-09,38.567531059730634,38.65913772583008
2018-02-12,39.20879325378724,39.26708984375
2018-02-13,39.325381479086595,39.56689453125
2018-02-14,39.48361700327901,40.557945251464844
2018-02-15,41.27416533854617,41.3907585144043
2018-02-16,41.090948087800285,41.257511138916016
2018-02-20,40.52463339966129,40.69119644165039
2018-02-21,41.05762437565196,40.657875061035156
2018-02-22,40.78280487073344,40.682865142822266
2018-02-23,41.18255765636142,41.40741729736328
2018-02-26,41.515671193912034,41.79050064086914
2018-02-27,41.249172004486276,40.5745964050293
2018-02-28,40.666217141112924,39.99163818359375
2018-03-01,40.28311936805506,39.916683197021484
2018-03-02,39.43364877304757,40.08324432373047
2018-03-05,39.650185070006984,40.141544342041016
2018-03-06,40.81611365969155,40.51630401611328
2018-03-07,40.25813242155943,40.557945251464844
2018-03-08,40.63289540116383,40.56626892089844
2018-03-09,40.89940054269025,41.43239974975586
2018-03-12,41.482370497576014,41.5323371887207
2018-03-13,41.72388619920675,41.15757369995117
2018-03-14,41.465709812958565,41.22419357299805
2018-03-15,41.357443620446944,41.07428741455078
2018-03-16,40.924384683565464,40.98268127441406
2018-03-19,40.71618771111053,40.541297912597656
2018-03-20,40.882734696851706,40.99100112915039
2018-03-21,40.94104570099159,41.23252868652344
2018-03-22,40.28311590459756,39.85838317871094
2018-03-23,39.925004292392856,39.05055236816406
2018-03-26,40.058260062548655,40.31643295288086
2018-03-27,40.34974589418107,39.58355712890625
2018-03-28,39.4586354618761,39.38368225097656
2018-03-29,39.666838296044375,40.20816421508789
2018-04-02,39.93333510725392,39.48361587524414
2018-04-03,39.84173252861934,39.87504577636719
2018-04-04,38.80071946348221,39.89170455932617
2018-04-05,40.04993477754806,39.99163818359375
2018-04-06,39.59188257653374,39.20878982543945
2018-04-09,39.49194029191902,39.25042724609375
2018-04-10,39.82507043841952,40.01661682128906
2018-04-11,39.76677220900573,40.03327178955078
2018-04-12,39.949993511864136,40.01661682128906
2018-04-13,39.983307056153656,39.61687088012695
2018-04-16,39.55856933718695,39.66683578491211
2018-04-17,39.49194537973207,39.750118255615234
2018-04-18,39.90002541649752,40.09157180786133
2018-04-19,40.19150607548409,39.85838317871094
2018-04-20,39.63352932593813,39.358699798583984
2018-04-23,39.283737933699626,39.0422248840332
2018-04-24,39.35870245860205,38.85901641845703
2018-04-25,38.567526371572015,38.55919647216797
2018-04-26,38.78405380652896,39.11717987060547
2018-04-27,39.34204635170751,39.358699798583984
2018-04-30,39.50027069034664,39.07553482055664
2018-05-01,38.842355087339804,38.883995056152344
2018-05-02,38.92563798039914,38.57585525512695
2018-05-03,38.55086555150324,38.49256896972656
2018-05-04,38.11780936308078,38.66746520996094
2018-05-07,38.35099803682574,38.44260787963867
2018-05-08,38.534217811916555,38.65913772583008
2018-05-09,38.77573586253322,38.734092712402344
2018-05-10,39.20046307891601,39.54191589355469
2018-05-11,39.70847856180633,39.47529220581055
2018-05-14,39.691820147468654,39.5252571105957
2018-05-15,38.792389562368626,38.7091064453125
2018-05-16,39.07554697404289,39.29207992553711
2018-05-17,38.86732976914174,38.692440032958984
2018-05-18,38.35099626996543,38.367652893066406
2018-05-21,38.68412464259687,38.6008415222168
2018-05-22,38.767405961736515,38.734092712402344
2018-05-23,38.276037607696416,38.717430114746094
2018-05-24,38.50922775268555,38.50922775268555
2018-05-25,38.50090215822508,38.66746520996094
2018-05-29,38.09282765373251,37.768028259277344
2018-05-30,37.776357610046176,38.067840576171875
2018-05-31,38.01786410263479,38.05117416381836
2018-06-01,38.35931931825067,38.58417892456055
2018-06-04,38.90898169607097,38.97560501098633
2018-06-05,38.85900470676228,38.675785064697266
2018-06-06,39.008911781147255,39.25875473022461
2018-06-07,39.11718694095815,38.65913772583008
2018-06-08,38.4509259635543,38.58417892456055
2018-06-11,38.625818886412276,38.58417892456055
2018-06-12,38.56752841411518,38.48424530029297
2018-06-13,38.550862714473325,38.22606658935547
2018-06-14,38.22607602762424,37.96790313720703
2018-06-15,37.61811333145368,37.66808319091797
2018-06-18,37.135095451818955,37.21004867553711
2018-06-19,36.522672387906226,36.79929733276367
2018-06-20,37.13459323969612,36.958560943603516
2018-06-21,36.732233759665505,36.438846588134766
2018-06-22,36.96694869315127,36.816062927246094
2018-06-25,36.47237378648471,36.32149124145508
2018-06-26,36.338252453979536,36.178985595703125
2018-06-27,36.12869386742185,35.48324203491211
2018-06-28,35.44971586521864,35.78501510620117
2018-06-29,36.24604837010011,36.32149124145508
2018-07-02,35.726327576926494,35.96104049682617
2018-07-03,36.19575398329702,35.98619079589844
2018-07-05,36.08677967933413,35.89398193359375
2018-07-06,36.00296187628899,36.38855743408203
2018-07-09,36.891499361787105,37.04238510131836
2018-07-10,36.9250300688201,36.958560943603516
2018-07-11,36.35502196062499,36.237667083740234
2018-07-12,36.68194244854598,36.73223876953125
2018-07-13,36.69032288267642,36.757381439208984
2018-07-16,36.581356128008544,36.556209564208984
2018-07-17,36.41369855982807,36.82444381713867
2018-07-18,36.6232654666964,36.782535552978516
2018-07-19,36.21251726502353,36.329872131347656
2018-07-20,36.690327227615015,36.84959411621094
2018-07-23,36.68193395403424,36.60649108886719
2018-07-24,37.210037222105285,37.14297866821289
2018-07-25,37.38607582949041,37.746524810791016
2018-07-26,37.42798138182298,37.327388763427734
2018-07-27,37.60402197602372,37.461517333984375
2018-07-30,37.545340472569414,37.402835845947266
2018-07-31,37.402833302228075,37.6040153503418
2018-08-01,37.27710685373881,37.26872253417969
2018-08-02,36.505910197934696,36.77415084838867
2018-08-03,36.89988003739781,37.059146881103516
2018-08-06,36.79091628875214,36.77415084838867
2018-08-07,37.201655871473335,37.15135955810547
2018-08-08,37.07592765346819,37.10107421875
2018-08-09,37.15136282374313,36.992095947265625
2018-08-10,36.16222770619726,36.204139709472656
2018-08-13,35.868833946006575,35.60897445678711
2018-08-14,35.743096178090504,35.82692337036133
2018-08-15,34.8210176751637,34.795867919921875
2018-08-16,35.13955282409222,35.013816833496094
2018-08-17,34.88808296979,35.382652282714844
2018-08-20,35.46647682896204,35.54191970825195
2018-08-21,35.902366569978014,35.994571685791016
2018-08-22,36.028111545563206,36.27958679199219
2018-08-23,36.15384078665404,35.69280242919922
2018-08-24,36.22929023264275,36.35502624511719
2018-08-27,36.69032017310248,36.87473678588867
2018-08-28,36.975329406754035,36.74061965942383
2018-08-29,36.65678545518747,36.96693801879883
2018-08-30,36.39693300997203,36.00295639038086
2018-08-31,35.952664339499776,36.187374114990234
2018-09-04,35.617362353024355,35.48324203491211
2018-09-05,35.07249801208527,34.97190856933594
2018-09-06,35.03896682345166,35.005435943603516
2018-09-07,34.89646085989537,34.82939910888672
2018-09-10,34.82102785754341,34.48572540283203
2018-09-11,34.15041897801371,34.561161041259766
2018-09-12,34.40189864567449,34.73719787597656
2018-09-13,35.25691940438264,35.20662307739258
2018-09-14,35.39941672215943,35.17308807373047
2018-09-17,34.91323066328585,34.85455322265625
2018-09-18,35.02219866496935,35.189849853515625
2018-09-19,35.48323909326887,35.6760368347168
2018-09-20,35.98619095734996,36.07001495361328
2018-09-21,36.12031220685549,36.237667083740234
2018-09-24,35.818539052294035,35.82692337036133
2018-09-25,35.885605011699184,35.96942901611328
2018-09-26,36.028106843337596,36.04487228393555
2018-09-27,36.15383912269653,36.22089767456055
2018-09-28,35.952659532348584,35.977806091308594
2018-10-01,36.153841985353395,35.98619079589844
2018-10-02,35.5167657513623,35.533531188964844
2018-10-03,35.785009009867146,35.24014663696289
2018-10-04,34.879697345113854,34.359981536865234
2018-10-05,34.37675057539724,34.234249114990234
2018-10-08,33.99952842718194,34.2845344543457
2018-10-09,34.00791247289891,34.15879821777344
2018-10-10,33.98276486768895,33.14451217651367
2018-10-11,32.9600974799668,32.80921173095703
2018-10-12,33.7480626697073,33.77321243286133
2018-10-15,33.47981643625428,33.412757873535156
2018-10-16,33.831880714825445,34.251007080078125
2018-10-17,33.991149352732414,33.83188247680664
2018-10-18,33.47142505206538,32.94332504272461
2018-10-19,33.45466870981303,33.25348663330078
2018-10-22,33.81511179009358,33.613929748535156
2018-10-23,32.817594459016654,33.24510192871094
2018-10-24,33.07745727461506,32.17214584350586
2018-10-25,32.54097095521449,32.79244613647461
2018-10-26,32.113465295968446,32.41523361206055
2018-10-29,32.70024111942621,31.853607177734375
2018-10-30,32.04640437848552,32.473915100097656
2018-10-31,32.82597732543945,32.82597732543945
2018-11-01,33.34569150933158,33.99953079223633
2018-11-02,34.57792867263674,34.21747970581055
2018-11-05,34.209099123923316,34.309688568115234
2018-11-06,34.142033329761915,34.251007080078125
2018-11-07,34.712048660447635,34.89646530151367
2018-11-08,34.44379944415915,33.99114227294922
2018-11-09,33.4714348503845,33.36246109008789
2018-11-12,33.25347773523889,32.89303207397461
2018-11-13,33.211574788043954,33.2702522277832
2018-11-14,33.58040930943918,33.471435546875
2018-11-15,33.647467534907776,34.21747970581055
2018-11-16,33.9408509978553,34.2845344543457
2018-11-19,34.04982640237831,33.8234977722168
2018-11-20,33.29540128095276,33.09421920776367
2018-11-21,33.70614242553711,33.70614242553711
2018-11-23,33.31217575073242,33.31217575073242
2018-11-26,33.78158927851184,33.7229118347168
2018-11-27,33.60555408063907,33.957618713378906
2018-11-28,34.19233572913506,34.770729064941406
2018-11-29,34.527618152057556,34.46894073486328
2018-11-30,34.334839778589355,34.43543243408203
2018-12-03,35.31559264082266,35.13117599487305
2018-12-04,35.16469552839035,34.3851203918457
2018-12-06,33.47142695542913,34.066585540771484
2018-12-07,34.016297201847834,33.42951965332031
2018-12-10,33.20318514974779,33.07744598388672
2018-12-11,33.54686974040875,33.328922271728516
2018-12-12,33.9492412566166,33.87379837036133
2018-12-13,33.999533982960095,33.865413665771484
2018-12-14,33.4379006914517,33.38760757446289
2018-12-17,33.43789484849664,33.07744598388672
2018-12-18,33.32759874500983,33.30207443237305
2018-12-19,33.46373332279456,32.7490234375
2018-12-20,33.08086009779545,33.0042839050293
2018-12-21,33.09787726853637,32.77455520629883
2018-12-24,32.706485874216945,32.4682502746582
2018-12-26,32.680965226798484,33.11489486694336
2018-12-27,32.67245077268362,33.07234573364258
2018-12-28,33.34461259589101,33.38715744018555
2018-12-31,33.60838329990835,33.234012603759766
2019-01-02,32.8341141405708,33.319095611572266
2019-01-03,32.95322041143785,32.71498489379883
2019-01-04,33.191463715555926,33.77003860473633
2019-01-07,33.79557002116955,33.84661865234375
2019-01-08,33.86363620085108,33.974246978759766
2019-01-09,34.32308957096423,34.57834243774414
2019-01-10,34.391155703578875,34.82508850097656
2019-01-11,34.54430410227791,34.65491485595703
2019-01-14,34.21248253231751,34.36563491821289
2019-01-15,34.56132497385121,34.60386657714844
2019-01-16,34.850616358831886,35.029293060302734
2019-01-17,34.74851216167026,35.18244171142578
2019-01-18,35.32708722861489,35.35261154174805
2019-01-22,34.93569946824094,34.74000549316406
2019-01-23,35.06332793326018,35.09736251831055
2019-01-24,35.122883352326205,35.43769836425781
2019-01-25,35.82057988800641,35.90566635131836
2019-01-28,35.36962875462434,35.531288146972656
2019-01-29,35.70996862054354,35.590850830078125
2019-01-30,35.803558558613545,36.365116119384766
2019-01-31,36.40766115778996,36.67142105102539
2019-02-01,36.39914695815961,36.38212966918945
2019-02-04,36.27152650263038,36.44169616699219
2019-02-05,36.611862196824575,36.94369125366211
2019-02-06,36.7735252273537,36.44169616699219
2019-02-07,36.152408553285674,36.07583236694336
2019-02-08,35.81206510436581,35.87162399291992
2019-02-11,35.939704693331095,35.75251770019531
2019-02-12,36.05030822753906,36.05030822753906
2019-02-13,36.06732557918123,35.7950553894043
2019-02-14,35.5823443862365,35.86312484741211
2019-02-15,35.84610352080327,35.812068939208984
2019-02-19,35.67593742524182,36.09284973144531
2019-02-20,36.28854345350824,36.29705047607422
2019-02-21,36.27152993571683,36.22047805786133
2019-02-22,36.526779294741004,36.6203727722168
2019-02-25,37.02878189086914,37.02878189086914
2019-02-26,36.773528738284156,36.901153564453125
2019-02-27,36.66291805209259,36.586341857910156
2019-02-28,36.34809826595353,36.109859466552734
2019-03-01,36.39915120441536,36.152408599853516
2019-03-04,36.34810222753277,36.20345687866211
2019-03-05,36.37363453905106,36.560821533203125
2019-03-06,36.5778270417229,36.356605529785156
2019-03-07,36.14389772371232,35.68444061279297
2019-03-08,35.2590181135362,35.4291877746582
2019-03-11,35.74400334951892,36.09284973144531
2019-03-12,36.28003692626953,36.28003692626953
2019-03-13,36.29705792621976,36.32258224487305
2019-03-14,36.177932518060125,36.12688064575195
2019-03-15,36.458710277140845,36.6544075012207
2019-03-18,36.91816365418129,37.062808990478516
2019-03-19,37.10535448346592,37.079830169677734
2019-03-20,36.960705308207544,37.13938522338867
2019-03-21,36.94369525643897,37.1904411315918
2019-03-22,36.62887953987439,36.101356506347656
2019-03-25,36.02478391819898,36.18644332885742
2019-03-26,36.3055574986402,36.29705047607422
2019-03-27,36.109867371833644,35.90566635131836
2019-03-28,36.02478022034151,36.143898010253906
2019-03-29,36.54379614420958,36.51826858520508
2019-04-01,37.0117647079396,37.12237548828125
2019-04-02,37.15639923453791,37.00325012207031
2019-04-03,37.360607275544815,37.258506774902344
2019-04-04,37.25000043408963,37.48823928833008
2019-04-05,37.59033228780288,37.77751922607422
2019-04-08,37.59033228780288,37.77751922607422
2019-04-09,37.803039658996134,37.7009391784668
2019-04-10,37.862606121972114,37.87962341308594
2019-04-11,37.607357020683764,37.471221923828125
2019-04-12,37.84558881268507,37.74348831176758
2019-04-15,37.709449907889436,37.54779052734375
2019-04-16,37.709453528193,37.82857131958008
2019-04-17,38.092330825594196,37.939178466796875
2019-04-18,37.80304356871187,37.91365432739258
2019-04-22,37.55629750616816,37.666908264160156
2019-04-23,37.60735298179589,37.75199508666992
2019-04-24,37.496742284361396,37.24148941040039
2019-04-25,37.01176442712253,37.1904411315918
2019-04-26,37.24999655240862,37.3350830078125
2019-04-29,37.43718355451694,37.411659240722656
2019-04-30,37.30955534757946,37.37762451171875
2019-05-01,37.44569006803187,37.09684371948242
2019-05-02,37.181922912597656,37.181922912597656
2019-05-03,37.45419711191745,37.624366760253906
2019-05-06,36.45020701923689,36.85010528564453
2019-05-07,36.46721996970711,36.12688064575195
2019-05-08,36.22898473962799,36.07583236694336
2019-05-09,35.26752085090432,35.50575637817383
2019-05-10,35.60786457484797,35.718475341796875
2019-05-13,34.612377366812126,34.52729415893555
2019-05-14,34.99525459218488,35.012271881103516
2019-05-15,34.7995641578458,35.08034133911133
2019-05-16,35.02929312468583,34.91017532348633
2019-05-17,34.3316005421982,34.28055191040039
2019-05-20,34.17844018857542,34.13589859008789
2019-05-21,34.36563142052603,34.5698356628418
2019-05-22,34.52729771790351,34.3996696472168
2019-05-23,33.93169767487196,33.95722198486328
2019-05-24,34.22098908244199,33.99126052856445
2019-05-28,34.348613841317736,34.11037826538086
2019-05-29,33.97424301244128,34.33159637451172
2019-05-30,34.44220738467343,34.51878356933594
2019-05-31,34.35712791039232,34.63790512084961
2019-06-03,34.92719308026723,34.952720642089844
2019-06-04,34.808074750726924,35.029293060302734
2019-06-05,35.07183429862335,34.748512268066406
2019-06-06,34.74851615473119,34.765533447265625
2019-06-07,34.952712822046145,35.03779602050781
2019-06-10,35.361118221080226,35.40365982055664
2019-06-11,35.86312488069339,35.803565979003906
2019-06-12,35.54830581220218,35.42068099975586
2019-06-13,35.47173730633306,35.36112976074219
2019-06-14,35.131393014512675,34.969730377197266
2019-06-17,34.99630725866349,35.10776138305664
2019-06-18,35.49356683052489,35.95652389526367
2019-06-19,36.02511921274103,36.25659942626953
2019-06-20,37.019615683966585,36.78813552856445
2019-06-21,36.64239477843763,36.668113708496094
2019-06-24,36.65095896632509,36.61666488647461
2019-06-25,36.470921058280744,36.23944091796875
2019-06-26,36.522361562068994,36.582374572753906
2019-06-27,36.7366982756688,36.83958053588867
2019-06-28,36.83957665325285,36.78813552856445
2019-07-01,37.46543145660604,37.22537612915039
2019-07-02,37.19108983428585,37.13107681274414
2019-07-03,36.95960575372459,37.06248474121094
2019-07-05,36.80529022216797,36.80529022216797
2019-07-08,36.54808375983667,36.582374572753906
2019-07-09,36.290885342079314,36.470924377441406
2019-07-10,36.83956927262867,36.77955627441406
2019-07-11,36.908161720163434,36.710975646972656
2019-07-12,36.74527712311033,36.73670196533203
2019-07-15,36.89101789274566,36.873870849609375
2019-07-16,36.91673675046193,36.82242965698242
2019-07-17,36.805282740773414,36.710975646972656
2019-07-18,36.69382835609429,36.93388366699219
2019-07-19,37.03675909778167,36.74526596069336
2019-07-22,36.839580431450585,36.75384521484375
2019-07-23,36.79670715332031,36.79670715332031
2019-07-24,36.75384153577073,36.85672378540039
2019-07-25,36.779564396885256,36.53093719482422
2019-07-26,36.67667815144331,36.60809326171875
2019-07-29,36.48806715534132,36.53950500488281
2019-07-30,36.25659942626953,36.25659942626953
2019-07-31,36.239445829362715,35.8107795715332
2019-08-01,35.81934555311259,35.10776138305664
2019-08-02,34.9705927779604,34.76483154296875
2019-08-05,33.80461949867224,33.47883224487305
2019-08-06,34.05324569065959,33.95893859863281
2019-08-07,33.616000220772975,34.11325454711914
2019-08-08,34.32759393057823,34.53335189819336
2019-08-09,34.31901969088121,34.181846618652344
2019-08-12,33.75317766556301,33.77032470703125
2019-08-13,33.51312832128834,34.19899368286133
2019-08-14,33.51311965303805,33.21305465698242
2019-08-15,33.521694606449906,33.43596267700195
2019-08-16,33.744601881630494,33.898921966552734
2019-08-19,34.32758779291736,34.036094665527344
2019-08-20,34.14755597960524,34.10468673706055
2019-08-21,34.46475595731494,34.43046188354492
2019-08-22,34.17327147033151,33.984657287597656
2019-08-23,33.907498479174784,33.47883224487305
2019-08-26,33.71889079911302,33.65887451171875
2019-08-27,33.89034737118169,33.7188835144043
2019-08-28,33.65887415572443,33.813194274902344
2019-08-29,34.0275229885196,34.1904182434082
2019-08-30,34.47333524247104,34.4561882019043
2019-09-03,34.0618165983441,34.24185562133789
2019-09-04,34.713389949710844,34.81626892089844
2019-09-05,35.22778699336144,35.21063995361328
2019-09-06,35.407825680542736,35.364959716796875
2019-09-09,35.45927431297677,35.47642135620117
2019-09-10,35.44211941302166,35.502132415771484
2019-09-11,35.63073692268054,35.750762939453125
2019-09-12,35.98224234740372,36.00796127319336
2019-09-13,36.2222941140506,36.213722229003906
2019-09-16,35.93080139160156,35.93080139160156
2019-09-17,35.60501415808316,35.93080139160156
2019-09-18,35.87078900268722,35.785057067871094
2019-09-19,35.785049482899986,35.63930130004883
2019-09-20,35.90507552831006,35.6735954284668
2019-09-23,35.50213975581945,35.70790100097656
2019-09-24,35.690743024786116,35.33066177368164
2019-09-25,35.09918569370141,35.30494689941406
2019-09-26,35.3649634402437,35.2963752746582
2019-09-27,35.296376591898735,34.84199142456055
2019-09-30,35.133480210410305,35.0391731262207
2019-10-01,35.064900182050884,34.79055404663086
2019-10-02,34.533352159459675,34.5247802734375
2019-10-03,34.64480524200333,34.9705924987793
2019-10-04,34.86770990518118,35.12491226196289
2019-10-07,34.91058367746154,34.83342361450195
2019-10-08,34.76483213044046,34.58479309082031
2019-10-09,34.867706819151614,34.850563049316406
2019-10-10,34.979159822708255,35.21063995361328
2019-10-11,35.75075889031484,35.7764778137207
2019-10-14,35.73361217039685,35.62215805053711
2019-10-15,35.725043706049455,35.93937683105469
2019-10-16,35.90507854626921,36.04225158691406
2019-10-17,36.32517303943413,36.17942810058594
2019-10-18,36.10226833810597,35.990814208984375
2019-10-21,36.14512607298142,36.316593170166016
2019-10-22,36.34231948852539,36.34231948852539
2019-10-23,36.19657483493665,36.350894927978516
2019-10-24,36.50521502102038,36.350894927978516
2019-10-25,36.350894201940534,36.60809326171875
2019-10-28,36.779563688254584,36.82242965698242
2019-10-29,36.63381576538086,36.63381576538086
2019-10-30,36.548083228581255,36.79670715332031
2019-10-31,36.65952768152307,36.505210876464844
2019-11-01,36.89100644833437,37.05390167236328
2019-11-04,37.52544444592401,37.42256546020508
2019-11-05,37.64547374232946,37.63690185546875
2019-11-06,37.61117186486991,37.51686477661133
2019-11-07,37.79978968986796,37.79121780395508
2019-11-08,37.49115012040627,37.44828414916992
2019-11-11,36.98532049489906,37.1825065612793
2019-11-12,37.0882078974871,36.94246292114258
2019-11-13,36.57380251675631,36.6595344543457
2019-11-14,36.62523633018819,36.68524932861328
2019-11-15,36.92530829588819,36.976749420166016
2019-11-18,36.98532149838063,36.9167366027832
2019-11-19,37.19108639022964,36.993900299072266
2019-11-20,36.86529536466322,36.83100128173828
2019-11-21,36.685260312022386,36.75384521484375
2019-11-22,36.82243338812922,36.75384521484375
2019-11-25,36.98532068525364,37.122493743896484
2019-11-26,36.91673971798771,37.011043548583984
2019-11-27,36.94244756178504,37.05390167236328
2019-11-29,36.55665631700511,36.470924377441406
2019-12-02,36.5823673061219,36.46234130859375
2019-12-03,36.14513767928562,36.273738861083984
2019-12-04,36.5480842590332,36.5480842590332
2019-12-05,36.62524370922494,36.710975646972656
2019-12-06,36.9253044128418,36.9253044128418
2019-12-09,36.891007116547975,36.77955627441406
2019-12-10,36.85671950026218,36.90815734863281
2019-12-11,37.1139249948769,37.44828414916992
2019-12-12,37.55974017875931,38.099857330322266
2019-12-13,38.19416058737913,38.082706451416016
2019-12-16,38.43208723993949,38.405818939208984
2019-12-17,38.703536399566424,38.756072998046875
2019-12-18,38.931209482609034,38.96623611450195
2019-12-19,38.84365000353455,38.9837532043457
2019-12-20,39.02753440025667,39.06256103515625
2019-12-23,39.04503950176854,39.115089416503906
2019-12-24,39.0362889982157,39.027530670166016
2019-12-26,39.17639439257385,39.3077392578125
2019-12-27,39.56167266538986,39.46535110473633
2019-12-30,39.561678071098655,39.20266342163086
2019-12-31,39.22892342659941,39.290218353271484
2020-01-02,39.719293210566136,40.08706283569336
2020-01-03,39.43032522822521,39.3427619934082
2020-01-06,39.05379016827962,39.24643325805664
2020-01-07,39.220176696777344,39.220176696777344
2020-01-08,39.16763147485678,39.447837829589844
2020-01-09,39.824375675330565,39.710540771484375
2020-01-10,39.96447024721814,39.92068862915039
2020-01-13,40.20090281101205,40.54240417480469
2020-01-14,40.30596945584945,40.314727783203125
2020-01-15,40.16586794300977,39.99949645996094
2020-01-16,40.26219203017797,40.25343704223633
2020-01-17,40.384776618677435,40.48109817504883
2020-01-21,39.640488834458694,39.45660400390625
2020-01-22,39.894413472960515,39.78057861328125
2020-01-23,39.15888069500891,39.36903381347656
2020-01-24,39.42156777275689,39.053794860839844
2020-01-27,37.425100635478856,37.70530700683594
2020-01-28,37.84541184557313,38.020538330078125
2020-01-29,38.31825735663018,38.20442581176758
2020-01-30,37.35504753368368,37.63525390625
2020-01-31,37.03981509592014,36.873443603515625
2020-02-03,37.01354465938818,37.284996032714844
2020-02-04,38.24820327758789,38.24820327758789
2020-02-05,38.931208479056146,38.46711730957031
2020-02-06,38.81737301153616,38.502140045166016
2020-02-07,38.11685667192306,37.96799850463867
2020-02-10,37.98551799040028,38.178157806396484
2020-02-11,38.65099686771952,38.67726516723633
2020-02-12,39.0450469081744,39.20266342163086
2020-02-13,38.78234908888889,38.68602752685547
2020-02-14,38.93121105253704,38.70354461669922
2020-02-18,38.43209453187016,38.449607849121094
2020-02-19,38.7473259385876,38.72981262207031
2020-02-20,38.42333767913026,38.12561798095703
2020-02-21,38.038041146702845,37.90669631958008
2020-02-24,36.3042743618682,36.4881591796875
2020-02-25,37.02230167392286,36.199195861816406
2020-02-26,36.628265715538774,36.4881591796875
2020-02-27,36.08536404829128,35.61251449584961
2020-02-28,34.63178565428764,35.481163024902344
2020-03-02,35.586246785815604,36.251739501953125
2020-03-03,36.26049172856701,36.006553649902344
2020-03-04,36.549452805961906,36.64577102661133
2020-03-05,36.35681433449272,35.87520980834961
2020-03-06,35.26224973469263,35.1396598815918
2020-03-09,32.60028760523863,32.74039077758789
2020-03-10,34.10639793658996,34.404117584228516
2020-03-11,33.44966847574611,32.80168914794922
2020-03-12,29.885797483934574,29.518024444580078
2020-03-13,32.057392367094,31.645837783813477
2020-03-16,28.020662079743335,27.696672439575195
2020-03-17,28.511022360038197,29.605579376220703
2020-03-18,27.06620983367625,27.048696517944336
2020-03-19,26.978645626655425,27.258852005004883
2020-03-20,28.537296692624704,27.46025276184082
2020-03-23,27.19755596519786,26.803516387939453
2020-03-24,28.554808015106733,28.817501068115234
2020-03-25,29.342889105659967,29.833251953125
2020-03-26,30.087187678576953,30.962833404541016
2020-03-27,29.290355900468523,29.202789306640625
2020-03-30,29.307866864033883,29.68439483642578
2020-03-31,29.75443977586899,29.885787963867188
2020-04-01,28.983871595328498,28.607343673706055
2020-04-02,29.150250852425494,29.570560455322266
2020-04-03,29.50050467894513,29.01014518737793
2020-04-06,30.157239367216334,30.595062255859375
2020-04-07,31.60205144694089,30.752674102783203
2020-04-08,30.83148260648572,31.067907333374023
2020-04-09,31.40065411244365,30.954072952270508
2020-04-13,30.945320008896044,30.997859954833984
2020-04-14,31.70713233947754,31.70713233947754
2020-04-15,30.954080971264947,30.892786026000977
2020-04-16,31.330602543734106,31.059154510498047
2020-04-17,31.89977513537632,31.750913619995117
2020-04-20,31.418167269947052,31.348114013671875
2020-04-21,30.630089873020466,30.481231689453125
2020-04-22,31.330600777491238,31.313087463378906
2020-04-23,31.558277284460566,31.199262619018555
2020-04-24,31.251797664096028,31.155479431152344
2020-04-27,31.567032520432665,31.78594398498535
2020-04-28,32.241277909170456,31.84723663330078
2020-04-29,32.39013820977118,32.775421142578125
2020-04-30,32.609053463317494,32.08366394042969
2020-05-01,31.304334784617566,30.927806854248047
2020-05-04,31.050393125110862,31.260549545288086
2020-05-05,31.575783560764187,31.435680389404297
2020-05-06,31.628322542076127,31.3393611907959
2020-05-07,31.63707957461512,31.593297958374023
2020-05-08,31.996096009645406,32.2587890625
2020-05-11,32.066143074748645,32.04862976074219
2020-05-12,32.311330746650924,31.926044464111328
2020-05-13,32.285059488718396,31.864749908447266
2020-05-14,31.251796436819706,31.98733901977539
2020-05-15,31.48821983626938,31.549514770507812
2020-05-18,32.32883215582053,32.7841682434082
2020-05-19,32.73164083607973,32.521484375
2020-05-20,33.03812096674676,32.950557708740234
2020-05-21,32.749161697693324,32.574031829833984
2020-05-22,32.066146039349825,31.8997745513916
2020-05-26,32.90677023504706,32.60029220581055
2020-05-27,32.74915300257512,32.70536804199219
2020-05-28,32.81044558244007,32.477699279785156
2020-05-29,32.705370107509495,33.038116455078125
2020-06-01,33.3445938784152,33.7999267578125
2020-06-02,34.2114846519304,34.605525970458984
2020-06-03,35.069612423139105,35.41111373901367
2020-06-04,34.94702156557593,34.91199493408203
2020-06-05,35.813914736531366,35.831424713134766
2020-06-08,35.7263431487528,36.050331115722656
2020-06-09,35.533704858153094,35.805152893066406
2020-06-10,35.91023549714797,36.06785202026367
2020-06-11,34.90323654089369,34.18520736694336
2020-06-12,35.043343132022436,34.91199493408203
2020-06-15,34.013649505198394,34.59492874145508
2020-06-16,35.466859845703496,34.815120697021484
2020-06-17,35.1145580430956,35.14978790283203
2020-06-18,35.061725557732835,35.16741180419922
2020-06-19,35.6429982433233,35.15859603881836
2020-06-22,35.39639565646953,35.59015655517578
2020-06-23,36.01290122043372,35.93363571166992
2020-06-24,35.79271910577971,35.45804214477539
2020-06-25,35.33474640140198,35.60777282714844
2020-06-26,35.502083508008376,35.176212310791016
2020-06-29,35.18502921608922,35.33475112915039
2020-06-30,35.27309824909778,35.22025680541992
2020-07-01,35.41401425700897,35.616580963134766
2020-07-02,36.3828099011374,36.42684555053711
2020-07-06,37.67747152079525,37.99453353881836
2020-07-07,37.51013783399434,37.36041259765625
2020-07-08,37.87124160944109,38.329219818115234
2020-07-09,38.66389684747425,38.329219818115234
2020-07-10,38.073809566163405,38.082618713378906
2020-07-13,38.34683058512556,37.82720184326172
2020-07-14,37.38683836938215,37.880043029785156
2020-07-15,38.10902890303878,37.99453353881836
2020-07-16,37.26354072663728,37.457298278808594
2020-07-17,37.73031741605474,37.66866683959961
2020-07-20,37.880042140662454,38.15306854248047
2020-07-21,38.75195045151635,38.505348205566406
2020-07-22,38.49655135047781,38.33802032470703
2020-07-23,38.311602103931854,38.02976989746094
2020-07-24,37.62463009092763,37.99453353881836
2020-07-27,38.25874270590801,38.58461380004883
2020-07-28,38.51416902312163,38.2675666809082
2020-07-29,38.61985074609699,38.884071350097656
2020-07-30,38.426091371357955,38.39086151123047
2020-07-31,38.42609122505624,38.126644134521484
2020-08-03,38.26756036048866,38.39086151123047
2020-08-04,38.5582010459941,38.90168380737305
2020-08-05,39.24517448217929,39.324440002441406
2020-08-06,39.20994210191847,39.44773864746094
2020-08-07,38.743152193075645,38.6374626159668
2020-08-10,38.699118433309074,38.73434829711914
2020-08-11,38.989755964220734,38.628658294677734
2020-08-12,39.024987569698375,39.14828872680664
2020-08-13,39.104257950443646,39.03379821777344
2020-08-14,38.936916680409716,38.963340759277344
2020-08-17,39.25398388541364,39.45655059814453
2020-08-18,39.45654175124344,39.412506103515625
2020-08-19,39.289209761179926,38.9281120300293
2020-08-20,38.27636790847901,38.804805755615234
2020-08-21,38.73434462501323,38.99856185913086
2020-08-24,39.57985191315997,39.43013000488281
2020-08-25,39.562233519808245,39.826454162597656
2020-08-26,39.83525609063395,39.93213653564453
2020-08-27,40.03782494006099,39.59746170043945
2020-08-28,39.844065274079,40.117088317871094
2020-08-31,39.37728002458621,39.22755813598633
2020-09-01,39.59745689074067,39.89690399169922
2020-09-02,39.94975264977883,39.791221618652344
2020-09-03,39.57984770714767,39.03379821777344
2020-09-04,39.121870865126795,39.051414489746094
2020-09-08,38.364450895851704,38.37325668334961
2020-09-09,38.760773176992245,38.94572830200195
2020-09-10,38.989761877175596,38.32040786743164
2020-09-11,38.84884245434562,38.690311431884766
2020-09-14,39.20113267294437,39.31562805175781
2020-09-15,39.800021025007425,39.72956466674805
2020-09-16,39.85286943142042,39.67672348022461
2020-09-17,39.201130252403004,39.518192291259766
2020-09-18,39.55342848925927,39.20994567871094
2020-09-21,38.54939929128976,38.848846435546875
2020-09-22,38.70792224218112,38.558197021484375
2020-09-23,38.44371472256573,37.959312438964844
2020-09-24,37.430876843258986,37.78316879272461
2020-09-25,37.46610135318826,37.818389892578125
2020-09-28,38.320403968190156,38.24113845825195
2020-09-29,38.126646569087455,38.214717864990234
2020-09-30,38.51416431354206,38.83122634887695
2020-10-01,39.121869673798116,39.19232940673828
2020-10-02,38.60224034124283,38.74315643310547
2020-10-05,38.954530591035514,39.262786865234375
2020-10-06,39.38608912183791,39.33324432373047
2020-10-07,39.69434510384811,39.76480484008789
2020-10-08,39.90571597958738,40.090667724609375
2020-10-09,40.18754348420376,40.36368942260742
2020-10-12,40.58387358735691,40.715980529785156
2020-10-13,40.57506573691916,40.54864501953125
2020-10-14,40.53103097955257,40.27561950683594
2020-10-15,39.69434020033726,39.984981536865234
2020-10-16,40.12590026855469,40.12590026855469
2020-10-19,40.24919483289305,40.01139831542969
2020-10-20,40.25800606959409,40.45176696777344
2020-10-21,40.51341268554928,40.56625747680664
2020-10-22,40.63671484982627,40.55744934082031
2020-10-23,40.5926756619356,40.79524230957031
2020-10-26,40.310854655867786,40.26681900024414
2020-10-27,40.38131205510966,40.442962646484375
2020-10-28,39.80003356159485,39.43013000488281
2020-10-29,39.579848453307875,39.826454162597656
2020-10-30,39.5005823619766,39.377281188964844
2020-11-02,39.79122023561681,39.87929153442383
2020-11-03,39.949748956252485,40.05543518066406
2020-11-04,40.592681155029105,41.314876556396484
2020-11-05,42.019466400146484,42.019466400146484
2020-11-06,41.9842317263151,42.21322250366211
2020-11-09,43.57834399445116,42.50385665893555
2020-11-10,42.336528522154005,42.019466400146484
2020-11-11,41.957803509188054,42.29248046875
2020-11-12,42.398166339525275,41.97541809082031
2020-11-13,42.48624428338663,42.56550979614258
2020-11-16,43.02348863086288,43.09394836425781
2020-11-17,42.82972987791917,43.04991149902344
2020-11-18,43.234865467975695,42.90018844604492
2020-11-19,42.69761190444503,42.970638275146484
2020-11-20,43.06752278211444,43.208438873291016
2020-11-23,43.67522512359513,43.322933197021484
2020-11-24,43.68402753976708,43.90420913696289
2020-11-25,43.50788615464532,43.65760803222656
2020-11-27,43.992286761880905,44.07155227661133
2020-11-30,43.42862387361792,42.91780090332031
2020-12-01,43.67522292261798,43.7632942199707
2020-12-02,43.6928404034404,43.824947357177734
2020-12-03,44.2388868611284,44.326961517333984
2020-12-04,44.67044298735435,44.784934997558594
2020-12-07,44.72328441984723,44.784934997558594
2020-12-08,44.73209490419668,44.80255126953125
2020-12-09,44.94346977517634,44.415035247802734
2020-12-10,44.36218479709509,44.98750305175781
2020-12-11,44.70567099146961,44.67044448852539
2020-12-14,44.776335118104306,44.43819808959961
2020-12-15,44.63396289717582,44.91870880126953
2020-12-16,45.007698705973176,45.13227462768555
2020-12-17,45.4259147644043,45.4259147644043
2020-12-18,45.33693017536945,45.37252426147461
2020-12-21,44.367009787904166,44.70514678955078
2020-12-22,44.58947145133652,44.34921646118164
2020-12-23,44.776330427477795,44.80302429199219
2020-12-24,44.678457887109346,44.60727310180664
2020-12-28,44.82082385736722,44.731842041015625
2020-12-29,45.13226685562321,45.39921569824219
2020-12-30,45.950911850560644,46.004302978515625
2020-12-31,46.26234935084024,45.97760009765625
2021-01-04,46.82294642111334,46.2712516784668
2021-01-05,46.70727046474103,47.383541107177734
2021-01-06,47.02760324061102,46.98311233520508
2021-01-07,47.23227124326249,47.42803192138672
2021-01-08,48.27337169738622,48.68269348144531
2021-01-11,48.042024187078624,48.024227142333984
2021-01-12,48.326767526224145,48.49583435058594
2021-01-13,48.584806871969725,48.602603912353516
2021-01-14,49.13650817703872,49.05642318725586
2021-01-15,48.549217696493145,48.36235046386719
2021-01-19,49.3856582986823,49.16320037841797
2021-01-20,50.00855106953128,50.02634811401367
2021-01-21,50.19541474506394,50.11532974243164
2021-01-22,49.42125022466144,49.67930221557617
2021-01-25,50.231010420776954,50.053043365478516
2021-01-26,49.643710998506464,49.688201904296875
2021-01-27,48.638208235364296,48.3089714050293
2021-01-28,48.21998350386153,48.64710235595703
2021-01-29,47.801766334293504,47.43693542480469
2021-02-01,48.42464989755137,48.71829605102539
2021-02-02,49.43015595137395,49.35007095336914
2021-02-03,49.679309085229434,49.59922409057617
2021-02-04,49.54583868368324,49.61702346801758
2021-02-05,49.8394755693933,50.04413986206055
2021-02-08,49.866172641385965,50.133121490478516
2021-02-09,50.14201801933279,50.66701889038086
2021-02-10,51.120835028093985,50.84498596191406
2021-02-11,51.29880123419911,51.38778305053711
2021-02-12,51.165325021781065,51.432273864746094
2021-02-16,51.725920638488304,51.55685043334961
2021-02-17,51.46787094627437,51.574649810791016
2021-02-18,50.73820943098706,50.86278533935547
2021-02-19,51.165326549497834,51.192020416259766
2021-02-22,49.8305748394893,49.688201904296875
2021-02-23,49.36786191426533,49.91065979003906
2021-02-24,49.08312056177883,49.59032440185547
2021-02-25,49.61701617523402,48.460235595703125
2021-02-26,48.148790660708315,47.81065368652344
2021-03-01,48.78057835933568,49.092018127441406
2021-03-02,48.82506895739199,48.61151123046875
2021-03-03,48.976335152306916,48.51362228393555
2021-03-04,48.317863774065316,47.383541107177734
2021-03-05,48.05980953047528,47.89964294433594
2021-03-08,47.05431000631416,46.60939407348633
2021-03-09,47.29456439855337,47.63269805908203
2021-03-10,47.84625874057416,47.41913986206055
2021-03-11,48.50472588224623,48.9140510559082
2021-03-12,47.908538962632754,48.042015075683594
2021-03-15,47.810654339086234,48.15768814086914
2021-03-16,48.308962735492756,48.36235046386719
2021-03-17,47.739476977779546,48.424644470214844
2021-03-18,47.988629044228,47.534812927246094
2021-03-19,47.606004353043446,48.122108459472656
2021-03-22,47.81955449478304,47.97972106933594
2021-03-23,47.35684418005309,47.06319808959961
2021-03-24,46.760664005533805,45.98651123046875
2021-03-25,45.87972901483115,46.20006561279297
2021-03-26,46.627187767571165,47.40134048461914
2021-03-29,47.01870665490028,47.07209777832031
2021-03-30,47.05430279183393,47.22336959838867
2021-03-31,47.16998453853302,47.46363067626953
2021-04-01,48.15769678841762,47.92634201049805
2021-04-05,48.21997999800817,48.11320114135742
2021-04-06,48.122105015697215,48.38015365600586
2021-04-07,47.70387563609206,47.66828155517578
2021-04-08,48.157688850175205,48.05980682373047
2021-04-09,47.59709826383998,47.65048599243164
2021-04-12,47.321250822923254,47.36574172973633
2021-04-13,47.37464432405982,47.56150817871094
2021-04-14,47.988625475853006,47.801761627197266
2021-04-15,48.193294424299374,48.23778533935547
2021-04-16,48.36235046386719,48.36235046386719
2021-04-19,48.2644798367108,48.18439483642578
2021-04-20,48.131006633476325,47.792869567871094
2021-04-21,47.570405648239294,48.086509704589844
2021-04-22,48.122102797230134,47.91743850708008
2021-04-23,48.38905328483436,48.61151123046875
2021-04-26,48.531420859064966,48.67379379272461
2021-04-27,48.664899399099205,48.64710235595703
2021-04-28,48.8784562583441,49.011932373046875
2021-04-29,49.17209732786183,48.8962516784668
2021-04-30,48.29116739800358,48.03311538696289
2021-05-03,47.997521303832045,48.03311538696289
2021-05-04,47.677185540699774,47.490318298339844
2021-05-05,47.721684033042834,47.71278381347656
2021-05-06,47.96193455582444,48.166595458984375
2021-05-07,48.46023702045034,48.66489791870117
2021-05-10,48.46914369908155,47.792869567871094
2021-05-11,46.894129898406774,47.659385681152344
2021-05-12,46.87634313723648,46.342445373535156
2021-05-13,46.48481567246284,46.2801513671875
2021-05-14,46.81405326301818,47.11659622192383
2021-05-17,46.81404577344792,47.07209777832031
2021-05-18,47.686090894404934,47.703887939453125
2021-05-19,47.11659229938612,47.56150817871094
2021-05-20,47.6326918602296,47.83735275268555
2021-05-21,47.81956088955312,47.28565979003906
2021-05-24,47.50811485980813,47.67718505859375
2021-05-25,48.29116902442277,48.14879608154297
2021-05-26,48.33566720496201,48.50473403930664
2021-05-27,48.54921636483451,48.51362228393555
2021-05-28,48.6382017659259,48.82506561279297
2021-06-01,49.95515375185746,49.8305778503418
2021-06-02,49.75938663713954,49.91065979003906
2021-06-03,49.39455985305358,49.376766204833984
2021-06-04,49.72379993913592,49.82168197631836
2021-06-07,49.572532653808594,49.572532653808594
2021-06-08,49.403463566294306,49.332275390625
2021-06-09,49.2788846587593,49.18989944458008
2021-06-10,49.369537335729134,49.58403015136719
2021-06-11,49.45891225427624,49.41422653198242
2021-06-14,49.44997540009946,49.548282623291016
2021-06-15,49.423160578330986,49.20866775512695
2021-06-16,49.11036131087037,48.53837585449219
2021-06-17,48.74392734804408,48.806488037109375
2021-06-18,48.600933744112,48.46687316894531
2021-06-21,48.413246181851825,48.672428131103516
2021-06-22,48.26131922240128,48.44900131225586
2021-06-23,48.79755232006384,48.74393081665039
2021-06-24,49.029913159535816,49.1907844543457
2021-06-25,49.61978460859895,49.60190963745117
2021-06-28,49.584038117197814,49.64659881591797
2021-06-29,49.29803261642311,49.610836029052734
2021-06-30,49.262290301224176,49.28910446166992
2021-07-01,49.31591448991354,49.012046813964844
2021-07-02,48.81542345310766,48.95841979980469
2021-07-06,48.368558698769796,48.100440979003906
2021-07-07,48.37749960800075,48.046817779541016
2021-07-08,47.001159310124876,47.04584503173828
2021-07-09,47.57313818920231,47.859130859375
2021-07-12,47.70720219369792,47.9038200378418
2021-07-13,47.98425956326697,47.94851303100586
2021-07-14,48.37750000429324,48.15406799316406
2021-07-15,48.35068407051311,48.27024841308594
2021-07-16,48.332818108098586,47.89488983154297
2021-07-19,47.144151487576316,47.09052658081055
2021-07-20,46.87603760330881,47.24246597290039
2021-07-21,46.992226642508,47.54633712768555
2021-07-22,47.68038976084556,47.635704040527344
2021-07-23,47.090528299288145,46.929656982421875
2021-07-26,45.94655919172574,46.03593063354492
2021-07-27,45.0528318450755,45.1064567565918
2021-07-28,45.651635868516315,46.330867767333984
2021-07-29,46.697292999949774,46.563232421875
2021-07-30,45.98231017432084,46.11636734008789
2021-08-02,46.51854847950807,46.447052001953125
2021-08-03,46.38449056594918,46.64366912841797
2021-08-04,46.99222526033442,46.88497543334961
2021-08-05,46.8134765625,46.8134765625
2021-08-06,46.62579555853519,46.42023849487305
2021-08-09,46.62578794070771,46.572166442871094
2021-08-10,46.76879186788654,46.63473129272461
2021-08-11,46.91178508397466,46.759849548339844
2021-08-12,46.36660696273049,46.348731994628906
2021-08-13,46.15211972196964,46.2325553894043
2021-08-16,45.839314160795226,45.8125
2021-08-17,44.981336040622466,44.97239685058594
2021-08-18,45.30307810518211,45.04389953613281
2021-08-19,44.159094419760905,44.2752799987793
2021-08-20,43.908861664055046,44.239540100097656
2021-08-23,44.65959683858757,44.90983963012695
2021-08-24,45.58013083840203,45.92868423461914
2021-08-25,45.87506483179924,45.9823112487793
2021-08-26,45.69632338276435,45.54438781738281
2021-08-27,45.81249761610858,46.10742950439453
2021-08-30,46.16999194130607,46.20574188232422
2021-08-31,46.89391880254855,46.840293884277344
2021-09-01,47.12628004845194,47.4390869140625
2021-09-02,47.38546545096062,47.22459411621094
2021-09-03,47.322898503195646,47.474830627441406
2021-09-07,47.62677070281489,47.75189208984375
2021-09-08,47.46590079735255,47.054786682128906
2021-09-09,46.822411973629634,46.96540832519531
2021-09-10,47.32290689169179,46.91179275512695
2021-09-13,46.974346506659096,47.03690719604492
2021-09-14,46.91179029055469,46.64366912841797
2021-09-15,46.48279574692096,46.63473129272461
2021-09-16,45.964433155035195,46.10742950439453
2021-09-17,46.125304793406656,45.91080856323242
2021-09-20,44.82046369982484,44.677467346191406
2021-09-21,45.00814437866211,45.00814437866211
2021-09-22,45.428204952266654,45.57120132446289
2021-09-23,45.78568788208643,45.92868423461914
2021-09-24,45.446063642238094,45.38350296020508
2021-09-27,45.428197336925706,45.67844009399414
2021-09-28,45.455005605916625,45.08857727050781
2021-09-29,44.9723933566961,44.66852569580078
2021-09-30,45.18689137156591,45.02602005004883
2021-10-01,45.01707739971412,44.98133087158203
2021-10-04,44.60597336644385,44.31998062133789
2021-10-05,44.44509989168262,44.632781982421875
2021-10-06,43.97142372909992,44.382537841796875
2021-10-07,45.01707948879244,45.24945068359375
2021-10-08,45.3656332086383,45.41925811767578
2021-10-11,45.642694682198474,45.329891204833984
2021-10-12,45.35670472367787,45.0975227355957
2021-10-13,45.51757221941864,45.72312927246094
2021-10-14,45.9644338303359,45.86612319946289
2021-10-15,46.14318495264691,46.42023849487305
2021-10-18,46.12530795772988,46.304054260253906
2021-10-19,46.6615448004605,46.92072677612305
2021-10-20,47.02797496156764,46.91179275512695
2021-10-21,46.55429287689001,46.60791778564453
2021-10-22,46.66153752951696,46.509605407714844
2021-10-25,46.72410136751584,46.75091552734375
2021-10-26,46.867094558056046,46.509605407714844
2021-10-27,46.22361404389152,46.134239196777344
2021-10-28,45.92868180915528,46.178924560546875
2021-10-29,45.57119676270622,45.50863265991211
2021-11-01,45.48181986566945,45.86612319946289
2021-11-02,45.53544512183794,45.45500946044922
2021-11-03,45.401380731291695,45.669498443603516
2021-11-04,45.7678090711122,45.562252044677734
2021-11-05,45.723128901386225,45.50863265991211
2021-11-08,45.83037360300878,45.92868423461914
2021-11-09,45.95549601312552,45.74993896484375
2021-11-10,45.85718391475871,45.562252044677734
2021-11-11,46.16104994351459,46.348731994628906
2021-11-12,46.3398011141891,46.47386169433594
2021-11-15,46.58110849445096,46.321929931640625
2021-11-16,46.393430563369776,46.38449478149414
2021-11-17,46.43811701327865,46.1431884765625
2021-11-18,45.68737794446483,45.58013153076172
2021-11-19,45.63375745619823,45.50863265991211
2021-11-22,45.44607197136313,45.14220428466797
2021-11-23,45.15114765325828,45.0975227355957
2021-11-24,44.81152965913201,45.03496170043945
2021-11-26,43.855237462397255,43.524559020996094
2021-11-29,43.98035533592221,43.69436264038086
2021-11-30,43.69437063361468,43.64968490600586
2021-12-01,44.3378503908499,43.810550689697266
2021-12-02,44.33785071829136,44.34678649902344
2021-12-03,44.29316884852164,43.7211799621582
2021-12-06,43.685426881036264,44.060791015625
2021-12-07,44.605960902224936,44.757896423339844
2021-12-08,44.77577798623282,44.936649322509766
2021-12-09,44.79365300235089,44.7221565246582
2021-12-10,44.71320729934626,44.757896423339844
2021-12-13,44.401636422235484,44.048091888427734
2021-12-14,43.79426415578175,43.94837188720703
2021-12-15,43.65828199002368,43.82145690917969
2021-12-16,44.16594250055553,43.8758544921875
2021-12-17,43.549501103813704,43.65828323364258
2021-12-20,43.05091377541237,43.005584716796875
2021-12-21,43.35913658243069,43.730812072753906
2021-12-22,43.603891118947146,43.939308166503906
2021-12-23,44.00276820639597,44.16594314575195
2021-12-27,44.17500591310479,44.36537551879883
2021-12-28,44.38350421220798,44.22032928466797
2021-12-29,44.13874660822877,44.02090072631836
2021-12-30,43.99005536634032,44.52519226074219
2021-12-31,44.42542666457841,44.30751419067383
2022-01-03,44.51612525852781,44.62496566772461
2022-01-04,44.679387847497594,44.47077560424805
2022-01-05,44.2621630868887,43.74516677856445
2022-01-06,43.86307479327238,43.944705963134766
2022-01-07,44.162388968528546,44.34379196166992
2022-01-10,44.389141844961685,44.34379196166992
2022-01-11,44.724736076468496,45.36871337890625
2022-01-12,45.93106465844949,46.12153625488281
2022-01-13,45.931064975109464,45.46849060058594
2022-01-14,45.34150748659284,45.450347900390625
2022-01-18,44.63403631508422,44.64310836791992
2022-01-19,44.9787017228836,44.833580017089844
2022-01-20,45.58640229537723,45.09661865234375
2022-01-21,45.00590769053889,44.44356155395508
2022-01-24,43.745167363964704,43.81772994995117
2022-01-25,43.56376102990569,43.7360954284668
2022-01-26,43.9809827088242,43.18281173706055
2022-01-27,43.17374351296126,42.6839599609375
2022-01-28,42.77466184748609,42.892574310302734
2022-01-31,43.43678120330963,44.29844284057617
2022-02-01,44.461700978380975,44.57054138183594
2022-02-02,44.74287552657411,44.497982025146484
2022-02-03,43.94470930854237,44.02634048461914
2022-02-04,43.82679736480034,44.13518142700195
2022-02-07,43.94470755223593,44.04447937011719
2022-02-08,43.97191993908831,44.47077560424805
2022-02-09,44.84264948493522,45.16917419433594
2022-02-10,44.79729521089506,44.86985778808594
2022-02-11,44.88800117646645,44.18960189819336
2022-02-14,43.99913078696875,43.881221771240234
2022-02-15,44.47077402261826,44.833580017089844
2022-02-16,44.779160002388124,45.16010665893555
2022-02-17,44.951493132556685,44.634037017822266
2022-02-18,44.470773252061235,44.18960189819336
2022-02-22,43.55469407188656,43.56376266479492
2022-02-23,43.75423884975103,43.05583953857422
2022-02-24,40.85180183432634,42.166969299316406
2022-02-25,42.34837106855196,42.946998596191406
2022-02-28,41.949278485066394,42.3846435546875
2022-03-01,42.17603003443238,41.822296142578125
2022-03-02,41.85858148408689,41.894859313964844
2022-03-03,41.731598542881635,41.30530548095703
2022-03-04,40.488988726865216,40.470848083496094
2022-03-07,39.78152660122767,38.956146240234375
2022-03-08,39.155681367882025,39.08312225341797
2022-03-09,39.699898720071594,40.1896858215332
2022-03-10,39.563840185737455,39.436859130859375
2022-03-11,39.66361003494098,38.61147689819336
2022-03-14,38.157972512858706,37.6772575378418
2022-03-15,37.15119118735183,37.7316780090332
2022-03-16,39.48221015353975,40.77016830444336
2022-03-17,40.416432258600935,40.561553955078125
2022-03-18,40.22596047307479,41.14204406738281
2022-03-21,40.543410956195466,40.50712966918945
2022-03-22,41.069483060514536,41.241817474365234
2022-03-23,40.84272263068145,40.969703674316406
2022-03-24,40.99691780167236,41.1873893737793
2022-03-25,40.815516664553975,40.86086654663086
2022-03-28,40.897145912748314,40.996917724609375
2022-03-29,41.70438872208571,41.69532012939453
2022-03-30,41.62275772050658,41.57740783691406
2022-03-31,41.38692983174593,40.95156478881836
2022-04-01,41.731604312186185,41.6318359375
2022-04-04,42.176033092070675,42.36650466918945
2022-04-05,42.194170998480324,41.58647155761719
2022-04-06,41.314373420297684,41.04227066040039
2022-04-07,40.80645106403024,40.71574783325195
2022-04-08,40.83365677490765,40.75202560424805
2022-04-11,40.398296244443316,40.244102478027344
2022-04-12,40.57062459229577,40.11711883544922
2022-04-13,40.33480441362591,40.6431884765625
2022-04-14,40.42550288850385,40.11711883544922
2022-04-18,39.90850507835879,39.9810676574707
2022-04-19,39.56384417119937,39.78152847290039
2022-04-20,39.82687104241962,39.54569625854492
2022-04-21,39.554771501802435,38.783809661865234
2022-04-22,38.856376260699,38.439151763916016
2022-04-25,37.80424030513207,38.15797424316406
2022-04-26,37.91307987199815,37.323524475097656
2022-04-27,37.604690697322404,37.75888442993164
2022-04-28,38.06727150292748,38.30309295654297
2022-04-29,39.02870721546382,38.439151763916016
2022-05-02,38.33030935020149,38.38473129272461
2022-05-03,38.62962370483391,38.6659049987793
2022-05-04,38.27588264265161,39.08312225341797
2022-05-05,38.27588855129343,37.6409797668457
2022-05-06,37.287239993371244,37.12397766113281
2022-05-09,36.45279479411038,36.0537109375
2022-05-10,36.59791448177986,36.22603988647461
2022-05-11,36.470932055461205,35.972076416015625
2022-05-12,35.60020253233924,35.73625564575195
2022-05-13,36.135336645276396,36.72489547729492
2022-05-16,36.45279224299652,36.579776763916016
2022-05-17,37.5502771186559,37.47771453857422
2022-05-18,37.214682068641416,36.579776763916016
2022-05-19,36.72489794735548,37.16026306152344
2022-05-20,37.55934280919559,37.314449310302734
2022-05-23,37.54120870541501,37.59563064575195
2022-05-24,37.01514376382493,36.94258117675781
2022-05-25,36.84280287561685,37.12397766113281
2022-05-26,37.06049043891271,37.7044677734375
2022-05-27,37.96750060961431,38.13983154296875
2022-05-31,39.119413581449095,38.67497634887695
2022-06-01,38.91986649855978,38.402870178222656
2022-06-02,38.557059469014476,39.06498718261719
2022-06-03,38.69311076665666,38.430076599121094
2022-06-06,39.119405564374844,38.63868713378906
2022-06-07,38.40286550904462,38.75659942626953
2022-06-08,38.947076943095624,38.96521759033203
2022-06-09,38.61945273575587,38.04317855834961
2022-06-10,37.96085117181134,37.622406005859375
2022-06-13,36.64365878880961,36.30521011352539
2022-06-14,36.68024781090283,36.808311462402344
2022-06-15,36.93636611232105,37.29310607910156
2022-06-16,36.17714825707415,36.14970779418945
2022-06-17,36.54303861541032,36.28691482543945
2022-06-21,36.808303459471965,36.87233352661133
2022-06-22,36.11311780576683,36.21373748779297
2022-06-23,36.32350540161133,36.32350540161133
2022-06-24,36.74426609375198,37.18333435058594
2022-06-27,37.430312259681656,37.22907638549805
2022-06-28,37.53092824360065,37.00039291381836
2022-06-29,36.91807594747244,36.85404586791992
2022-06-30,36.36009406986737,36.68024444580078
2022-07-01,36.24117596386088,36.451560974121094
2022-07-05,35.70149427074153,36.16800308227539
2022-07-06,35.90272817835389,35.948463439941406
2022-07-07,36.4424207681333,36.67110061645508
2022-07-08,36.55218611830203,36.67110061645508
2022-07-11,35.83869960231024,35.692344665527344
2022-07-12,35.54599197675243,35.555137634277344
2022-07-13,35.03375158327025,35.472816467285156
2022-07-14,35.09777976851091,35.15266418457031
2022-07-15,35.17095587710939,35.33560562133789
2022-07-18,35.893589102041595,35.582584381103516
2022-07-19,35.99420417667844,36.16800308227539
2022-07-20,36.030791752502246,36.01249694824219
2022-07-21,36.13141196297502,36.42412185668945
2022-07-22,36.341795578958454,36.058231353759766
2022-07-25,36.122268295669436,36.18629837036133
2022-07-26,36.19544274861343,35.902732849121094
2022-07-27,36.195441765359654,36.57047653198242
2022-07-28,36.6253629809474,36.725982666015625
2022-07-29,36.250321915647234,36.55217742919922
2022-08-01,36.17714272733198,36.241172790527344
2022-08-02,35.921035460342615,36.06739044189453
2022-08-03,36.12226470661395,36.35094451904297
2022-08-04,36.58876849048656,36.60706329345703
2022-08-05,36.37838445359876,36.643653869628906
2022-08-08,36.707683078173304,36.689388275146484
2022-08-09,36.72597630581033,36.55217742919922
2022-08-10,36.799159339027284,37.009544372558594
2022-08-11,37.31140315194448,37.15589904785156
2022-08-12,37.1559028427919,37.549232482910156
2022-08-15,37.21993076453809,37.37543487548828
2022-08-16,37.283958537071975,37.36628341674805
2022-08-17,37.18334063523828,37.21078109741211
2022-08-18,37.07356863648145,37.00039291381836
2022-08-19,36.661952769145564,36.4973030090332
2022-08-22,36.204594680453496,36.17715072631836
2022-08-23,36.21373539420086,36.36923599243164
2022-08-24,36.07653170895035,36.3600959777832
2022-08-25,36.75342182489066,37.146751403808594
2022-08-26,37.430310027162484,36.59791564941406
2022-08-29,36.43326955041865,36.36923599243164
2022-08-30,36.488157502206164,35.939327239990234
2022-08-31,36.28692116953341,36.06739044189453
2022-09-01,35.719787220747875,35.783817291259766
2022-09-02,35.719790633450955,35.45452117919922
2022-09-06,35.32646621782203,35.033756256103516
2022-09-07,34.86909880969094,35.34475326538086
2022-09-08,34.97886876778155,35.15266418457031
2022-09-09,35.47281382676179,35.67405319213867
2022-09-12,36.01250373689122,36.20459747314453
2022-09-13,35.500258892431944,35.0886344909668
2022-09-14,35.3081635507726,35.262428283691406
2022-09-15,35.0063122665311,34.88739776611328
2022-09-16,34.55809633573872,34.56724548339844
2022-09-19,34.283679992356404,34.67700958251953
2022-09-20,34.51235333038854,34.48491287231445
2022-09-21,34.28368427632219,33.90864944458008
2022-09-22,33.89034678909839,33.74399185180664
2022-09-23,33.12198321440056,32.911598205566406
2022-09-26,32.71036062906064,32.509124755859375
2022-09-27,32.72865830421854,32.472537994384766
2022-09-28,32.262154193949215,32.756103515625
2022-09-29,32.179830445028,32.02432632446289
2022-09-30,31.9419987969051,31.905412673950195
2022-10-03,32.12494828965377,32.42680740356445
2022-10-04,33.1128345437945,33.48786926269531
2022-10-05,33.39639573679606,33.50616455078125
2022-10-06,33.39639835537742,33.304927825927734
2022-10-07,32.99392932326312,32.60974884033203
2022-10-10,32.399360703090785,32.15238952636719
2022-10-11,31.79563922187444,31.640138626098633
2022-10-12,31.667578148748994,31.676727294921875
2022-10-13,30.87177730570334,31.76820182800293
2022-10-14,31.969441060808066,31.29254722595215
2022-10-17,31.932855326706765,32.15238952636719
2022-10-18,32.46339242690094,32.16153335571289
2022-10-19,31.65843571690148,31.57611083984375
2022-10-20,31.804793751965672,31.777353286743164
2022-10-21,31.704170485006685,32.262149810791016
2022-10-24,31.073016154130464,31.036426544189453
2022-10-25,31.082162200228943,31.29254722595215
2022-10-26,31.384024220280164,31.804794311523438
2022-10-27,31.585254104890645,31.55781364440918
2022-10-28,31.12789370678081,31.36572265625
2022-10-31,31.027279197844464,31.274253845214844
2022-11-01,32.106650951010806,31.85053062438965
2022-11-02,31.92370523272003,31.585256576538086
2022-11-03,31.374872237994897,31.76820182800293
2022-11-04,32.957338449301396,33.11284255981445
2022-11-07,33.32322808481677,33.13113784790039
2022-11-08,33.19516591460774,33.368961334228516
2022-11-09,33.12198983127804,32.79269027709961
2022-11-10,33.67996770819917,33.98182678222656
2022-11-11,34.64042358398666,34.90569305419922
2022-11-14,34.713595859435316,34.6953010559082
2022-11-15,35.78382552817952,35.49111557006836
2022-11-16,35.189253972478134,34.92398452758789
2022-11-17,34.29282906872382,34.988014221191406
2022-11-18,34.887393362418145,34.786773681640625
2022-11-21,34.33856018423611,34.34770584106445
2022-11-22,34.265384880744264,34.43003463745117
2022-11-23,34.47576738419884,34.71359634399414
2022-11-25,34.612984092294276,34.548954010009766
2022-11-28,34.384298403664566,34.3934440612793
2022-11-29,35.125223238622134,35.134368896484375
2022-11-30,35.893587502259564,36.14970779418945
2022-12-01,36.25032640101968,36.030792236328125
2022-12-02,35.683199465448304,36.16800308227539
2022-12-05,36.158857274010686,35.75638198852539
2022-12-06,35.893588333659686,35.71064376831055
2022-12-07,35.44537117317614,35.5002555847168
2022-12-08,35.847850898273514,35.93017578125
2022-12-09,35.99420019603967,35.692344665527344
2022-12-12,35.56428957523923,35.582584381103516
2022-12-13,36.31994038573477,35.8370361328125
2022-12-14,35.846321297862154,35.85560989379883
2022-12-15,35.5862937646158,35.02909851074219
2022-12-16,35.19626210634428,35.131256103515625
2022-12-19,35.3912763059401,35.15911102294922
2022-12-20,35.038383891799796,35.14982223510742
2022-12-21,35.09410997753008,35.465572357177734
2022-12-22,35.36341741174188,35.14982223510742
2022-12-23,35.09410468748733,35.103389739990234
2022-12-27,35.4098557480173,35.62344741821289
2022-12-28,35.53057300634466,35.103389739990234
2022-12-29,35.502716912875215,35.68844985961914
2022-12-30,35.41913523419308,35.196258544921875
2023-01-03,35.60487326659217,35.49343490600586
2023-01-04,36.12492157435244,36.5613899230957
2023-01-05,36.20850082475004,36.449951171875
2023-01-06,36.682115905107615,37.21145248413086
2023-01-09,37.65721439893655,37.490055084228516
2023-01-10,37.59220577870123,37.75936508178711
2023-01-11,37.694359886417665,37.917240142822266
2023-01-12,37.97295051116071,38.102962493896484
2023-01-13,38.05653127793706,38.353702545166016
2023-01-17,38.093677670693374,38.14011001586914
2023-01-18,38.47443136981082,37.880088806152344
2023-01-19,38.037964369768886,38.16797637939453
2023-01-20,38.43728772457417,38.75303268432617
2023-01-23,38.8087471662135,39.03162384033203
2023-01-24,38.88303851631897,39.059486389160156
2023-01-25,38.855179774081584,39.09663009643555
2023-01-26,39.41238436274648,39.46810531616211
2023-01-27,39.33808483302296,39.28236389160156
2023-01-30,38.66017079149796,38.493011474609375
2023-01-31,38.1586886947332,38.409427642822266
2023-02-01,38.585870097063115,38.88304138183594
2023-02-02,38.88304421078008,38.65087890625
2023-02-03,38.17726429890314,37.96367263793945
2023-02-06,37.28575165189182,37.40647506713867
2023-02-07,37.462196628237876,37.55506134033203
2023-02-08,37.64792562653688,37.50862503051758
2023-02-09,38.03796256403881,37.68507385253906
2023-02-10,37.471476881200935,37.32289123535156
2023-02-13,37.45290821539946,37.62935256958008
2023-02-14,37.3600397155036,37.56434631347656
2023-02-15,36.997861065698004,37.248600006103516
2023-02-16,37.07215203757945,37.25788497924805
2023-02-17,36.83999271403835,36.849281311035156
2023-02-21,36.589255342862174,36.38494873046875
2023-02-22,36.282790958543664,36.208499908447266
2023-02-23,36.67283499860843,36.38494873046875
2023-02-24,35.57701473184136,35.567726135253906
2023-02-27,35.78131481803736,35.753456115722656
2023-02-28,35.62344300833581,35.502716064453125
2023-03-01,36.37565572333799,36.264217376708984
2023-03-02,36.09706238218893,36.39423370361328
2023-03-03,36.51495838492039,36.71926498413086
2023-03-06,36.69140222754387,36.58925247192383
2023-03-07,36.440664181657056,35.97633361816406
2023-03-08,35.9856231028256,36.12492370605469
2023-03-09,35.76273552761077,35.32626724243164
2023-03-10,35.30769654858255,35.14053726196289
2023-03-13,35.03838430934043,35.196258544921875
2023-03-14,35.14054124929262,35.2148323059082
2023-03-15,34.44404674221564,34.6112060546875
2023-03-16,34.5554797587941,35.14053726196289
2023-03-17,35.112685332180185,34.92695236206055
2023-03-20,34.85265066505823,35.05695724487305
2023-03-21,35.32627120298655,35.372703552246094
2023-03-22,35.63272825427018,35.51200485229492
2023-03-23,36.18992528637942,36.00419235229492
2023-03-24,35.716305563804035,35.91132354736328
2023-03-27,35.66059118946979,35.71630859375
2023-03-28,36.032048069547656,36.22706604003906
2023-03-29,36.21778528538997,36.3292236328125
2023-03-30,36.64497008383774,36.691402435302734
2023-03-31,36.69140229146851,36.64496994018555
2023-04-03,36.626396737870934,36.71926498413086
2023-04-04,36.65425898302959,36.71926498413086
2023-04-05,36.64496905568392,36.43137741088867
2023-04-06,36.34779838672933,36.57996368408203
2023-04-10,36.468529355759635,36.61711502075195
2023-04-11,36.932856955557824,36.839988708496094
2023-04-12,36.96071463003801,36.57996368408203
2023-04-13,37.007149186610874,37.081443786621094
2023-04-14,36.91427990388346,36.88642120361328
2023-04-17,37.03500739724243,37.04429244995117
2023-04-18,37.10929829970341,36.997859954833984
2023-04-19,36.57068258374871,36.626399993896484
2023-04-20,36.57995994845916,36.570674896240234
2023-04-21,36.254928280509816,36.22706604003906
2023-04-24,36.143489837646484,36.143489837646484
2023-04-25,35.66059391474645,35.465572357177734
2023-04-26,35.902041395693054,35.66987609863281
2023-04-27,35.87418099075301,36.15277862548828
2023-04-28,36.16206453185979,36.3385124206543
2023-05-01,36.18992618068707,36.2177848815918
2023-05-02,36.07848268229562,35.864891052246094
2023-05-03,35.90204210230896,35.80917739868164
2023-05-04,36.106349753396756,36.09706115722656
2023-05-05,36.2642187379799,36.57996368408203
2023-05-08,36.70997579622179,36.59853744506836
2023-05-09,36.22707428236646,36.37565994262695
2023-05-10,36.338512533154166,36.357086181640625
2023-05-11,36.04133666389149,36.22706604003906
2023-05-12,35.976332672872765,35.79988479614258
2023-05-15,36.18063850123621,36.45923614501953
2023-05-16,36.208499715918855,36.19921112060547
2023-05-17,36.199211861335115,36.366371154785156
2023-05-18,36.22707360863237,36.171356201171875
2023-05-19,36.2642171175546,36.19921112060547
2023-05-22,36.459236369575954,36.49638366699219
2023-05-23,36.17135502271418,35.929901123046875
2023-05-24,35.89276026260196,35.66059494018555
2023-05-25,35.76274043015986,35.58629608154297
2023-05-26,35.90203994861393,36.2177848815918
2023-05-30,36.12491830758394,35.79988479614258
2023-05-31,35.512008254375075,35.465572357177734
2023-06-01,35.521292184325944,36.09706115722656
2023-06-02,36.68211768562689,36.71926498413086
2023-06-05,36.617115298123316,36.70998001098633
2023-06-06,36.63568290081142,37.03500747680664
2023-06-07,37.02564996874892,36.87590026855469
2023-06-08,36.903978205373086,37.137962341308594
2023-06-09,37.278350051304606,37.306427001953125
2023-06-12,37.32514797585265,37.38130187988281
2023-06-13,37.78375703786674,37.755680084228516
2023-06-14,37.76503841969177,38.036460876464844
2023-06-15,38.22365148506617,38.392120361328125
2023-06-16,38.45763132038477,38.261085510253906
2023-06-20,37.70887870490652,37.512332916259766
2023-06-21,37.30643003559375,37.33450698852539
2023-06-22,37.10052616982545,37.2034797668457
2023-06-23,36.71679056568195,36.6606330871582
2023-06-26,36.81038719619718,36.78230667114258
2023-06-27,37.081804424426984,37.156681060791016
2023-06-28,36.866537344385925,36.93205261230469
2023-06-29,36.65127734244567,36.735511779785156
2023-06-30,37.02565002441406,37.02565002441406
2023-07-03,37.446815831901404,37.43745803833008
2023-07-05,37.27835224376454,37.212833404541016
2023-07-06,36.66063461006,36.45473098754883
2023-07-07,36.57640096487329,36.866539001464844
2023-07-10,36.64191545982549,36.894615173339844
2023-07-11,37.11924367152451,37.26899337768555
2023-07-12,37.83991340685345,38.10197448730469
2023-07-13,38.307880863405614,38.5980224609375
2023-07-14,38.504428027353,38.382755279541016
2023-07-17,38.223650607297955,38.42955780029297
2023-07-18,38.214292038242725,38.148773193359375
2023-07-19,38.2049288583429,38.07389831542969
2023-07-20,37.90542890544737,37.79311752319336
2023-07-21,37.89607626539855,37.73696517944336
2023-07-24,37.86799419251157,38.25172805786133
2023-07-25,38.719692172198094,38.569942474365234
2023-07-26,38.401479489190976,38.79457473754883
2023-07-27,38.82264827045133,38.31724166870117
2023-07-28,39.06598973218507,39.24381637573242
2023-07-31,39.112789205017044,39.26253890991211
2023-08-01,38.9443173370205,38.76648712158203
2023-08-02,38.1394118044452,37.83991241455078
2023-08-03,37.88670858553493,37.989662170410156
2023-08-04,38.09261697905092,37.942867279052734
2023-08-07,38.045822190690245,37.88671112060547
2023-08-08,37.3157894434225,37.428104400634766
2023-08-09,37.67144770948316,37.521697998046875
2023-08-10,37.793119135964844,37.57785415649414
2023-08-11,37.15668056599171,37.02565002441406
2023-08-14,36.66999362613443,36.84782028198242
2023-08-15,36.6699926777933,36.4266471862793
2023-08-16,36.22074425068785,36.09907150268555
2023-08-17,36.54831848551774,36.18330383300781
2023-08-18,35.808933981541834,35.93996810913086
2023-08-21,35.88380472486934,36.02419662475586
2023-08-22,36.16458671892519,35.94932174682617
2023-08-23,36.22074518810445,36.52024459838867
2023-08-24,36.65127474828404,36.379852294921875
2023-08-25,36.38921278087717,36.41728973388672
2023-08-28,36.67935341822094,36.77294921875
2023-08-29,36.87590251251994,37.24091720581055
2023-08-30,37.035005383038104,37.119239807128906
2023-08-31,36.84782111192273,36.6606330871582
2023-09-01,37.166040519353245,37.09116744995117
2023-09-05,36.89461413673784,36.791664123535156
2023-09-06,36.707434782236206,36.58576202392578
2023-09-07,36.22073910829353,36.15522384643555
2023-09-08,36.25817924537022,36.230098724365234
2023-09-11,36.63255569358954,36.679351806640625
2023-09-12,36.407935793461654,36.56704330444336
2023-09-13,36.52960239294742,36.52024459838867
2023-09-14,36.73550718479995,36.76358413696289
2023-09-15,36.77294534294176,36.62319564819336
2023-09-18,36.51087810816651,36.57639694213867
2023-09-19,36.41729105380841,36.36113357543945
2023-09-20,36.4640871164159,36.21138381958008
2023-09-21,35.659181692892446,35.58430862426758
2023-09-22,36.16458539478928,36.00547790527344
2023-09-25,35.7059861504126,35.84637451171875
2023-09-26,35.490711156821995,35.34096145629883
2023-09-27,35.518790357613604,35.397117614746094
2023-09-28,35.23801149301187,35.4907112121582
2023-09-29,35.874451924413876,35.518795013427734
2023-10-02,35.45327640942707,35.34096145629883
2023-10-03,35.004023753217524,34.872989654541016
2023-10-04,34.807480984816515,34.77004623413086
2023-10-05,34.77940070933082,34.90107345581055
2023-10-06,34.891710959699004,35.40647888183594
2023-10-09,34.92915343116644,35.238014221191406
2023-10-10,35.471996944383065,35.74341583251953
2023-10-11,36.00547496502169,35.96803665161133
2023-10-12,36.04291985372631,35.56559371948242
2023-10-13,35.59366253863992,35.43455505371094
2023-10-16,35.43455983868444,35.69662094116211
2023-10-17,35.40647773079783,35.603023529052734
2023-10-18,35.26609167502024,35.060184478759766
2023-10-19,34.957224759544516,34.85427474975586
2023-10-20,34.554774645868704,34.43310546875
2023-10-23,34.18040271298076,34.405025482177734
2023-10-24,34.526698727831054,34.84491729736328
2023-10-25,34.48926059930571,34.38631057739258
2023-10-26,34.13360386308078,34.217838287353516
2023-10-27,34.52669600314519,34.18975830078125
2023-10-30,34.72324444415157,34.54541778564453
2023-10-31,34.26463489822389,34.34886932373047
2023-11-01,34.33951142831852,34.667091369628906
2023-11-02,35.181855617095664,35.275447845458984
2023-11-03,35.74341714473341,35.99612045288086
2023-11-06,36.46408534800064,36.286258697509766
2023-11-07,36.061634017100054,36.22074508666992
2023-11-08,36.005478441627375,35.97739791870117
2023-11-09,35.95867977547151,35.640464782714844
2023-11-10,35.64046585947465,35.893165588378906
2023-11-13,35.77149674758938,35.88380813598633
2023-11-14,36.42664469444427,36.83845901489258
2023-11-15,37.14731979370117,37.14731979370117
2023-11-16,36.726148855899666,36.791664123535156
2023-11-17,36.80102070024924,36.83845901489258
2023-11-20,37.00693150826116,37.29706954956055
2023-11-21,37.203479379730204,37.063087463378906
2023-11-22,37.01628953922159,36.98821258544922
2023-11-24,36.83846244367041,37.00693130493164
2023-11-27,36.847816370668276,36.857177734375
2023-11-28,37.025650176764664,37.166038513183594
2023-11-29,36.97885210092512,36.950775146484375
2023-11-30,37.035007818677684,37.02565002441406
2023-12-01,36.7729464522635,37.184757232666016
2023-12-04,36.89461467414245,36.76358413696289
2023-12-05,36.43600972739153,36.538963317871094
2023-12-06,36.763587318309625,36.49216842651367
2023-12-07,36.613836875874114,36.66999435424805
2023-12-08,36.4360064568101,36.51087951660156
2023-12-11,36.51088197182255,36.72615051269531
2023-12-12,36.613839021335934,36.735511779785156
2023-12-13,36.52024523115324,37.10052490234375
2023-12-14,37.343875936919794,37.643375396728516
2023-12-15,37.60592732529313,37.418739318847656
2023-12-18,37.39065899183194,37.40001678466797
2023-12-19,37.55913514385128,37.71824264526367
2023-12-20,37.468394378745195,37.03925704956055
2023-12-21,37.55421909626808,37.735408782958984
2023-12-22,37.43977545364873,37.55421447753906
2023-12-26,37.85938047641605,37.8498420715332
2023-12-27,38.04056778301977,38.069175720214844
2023-12-28,38.41248824022236,38.36480712890625
2023-12-29,38.33619887552728,38.345733642578125
2024-01-02,37.98335323978197,37.897525787353516
2024-01-03,37.506535392958504,37.68772506713867
2024-01-04,37.563751220703125,37.563751220703125
2024-01-05,37.62097334192804,37.61143493652344
2024-01-08,37.35395228842382,37.71633529663086
2024-01-09,37.17276216240434,37.18230056762695
2024-01-10,37.134616401831515,37.096473693847656
2024-01-11,37.296735066534886,37.249053955078125
2024-01-12,37.516069290792565,37.38256072998047
2024-01-16,36.72455224831698,36.47660827636719
2024-01-17,35.76137808367348,35.93303298950195
2024-01-18,36.209587412561085,36.228660583496094
2024-01-19,36.31448619662389,36.610111236572266
2024-01-22,36.19051500892172,36.2858772277832
2024-01-23,36.438461971938054,36.600582122802734
2024-01-24,37.25858695589317,37.010643005371094
2024-01-25,37.1632273515031,37.058326721191406
2024-01-26,37.020178853594224,37.08693313598633
2024-01-29,37.191834077236884,37.10600662231445
2024-01-30,36.70548203609245,36.81037902832031
2024-01-31,36.67686551254998,36.610111236572266
2024-02-01,36.829454525860996,36.96296310424805
2024-02-02,36.80084322812032,36.858062744140625
2024-02-05,36.762695678820585,36.90574264526367
2024-02-06,37.48746315879475,37.74494552612305
2024-02-07,37.66865543331562,37.79262924194336
2024-02-08,37.63050581764296,37.58282470703125
2024-02-09,37.630506493197835,37.74494552612305
2024-02-12,37.80216011835879,38.04056930541992
2024-02-13,37.55421852027718,37.32534408569336
2024-02-14,37.773551363696654,37.859378814697266
2024-02-15,37.88798757121422,38.04056930541992
2024-02-16,38.19314822207781,38.22175979614258
2024-02-20,38.37434611704405,38.27898025512695
2024-02-21,38.355272047464545,38.345733642578125
2024-02-22,38.6890437422446,38.736724853515625
2024-02-23,38.708116600144926,38.7176513671875
2024-02-26,38.5078549124733,38.545997619628906
2024-02-27,38.65089568817402,38.62228775024414
2024-02-28,38.25990658499362,38.11686325073242
2024-02-29,38.317126417085085,38.13593673706055
2024-03-01,38.412489986840825,38.60321807861328
2024-03-04,38.66043435643279,38.51738739013672
2024-03-05,38.326661637326744,38.17407989501953
2024-03-06,38.75579604808735,38.72718811035156
2024-03-07,38.784409542242926,38.96560287475586
2024-03-08,39.08957605817484,38.92745590209961
2024-03-11,39.003748008176295,39.013282775878906
2024-03-12,39.33751651867191,39.44241714477539
2024-03-13,39.28029695474281,39.318443298339844
2024-03-14,39.347053937605374,39.11818313598633
2024-03-15,38.946526470245864,38.8797721862793
2024-03-18,39.10864207739303,38.94652557373047
2024-03-19,38.698582460988824,38.75579833984375
2024-03-20,38.8320938811169,39.19447326660156
2024-03-21,39.46148918061074,39.24215316772461
2024-03-22,39.00374922242552,38.96560287475586
2024-03-25,38.90837802327207,38.994205474853516
2024-03-26,39.08957668576429,38.96560287475586
2024-03-27,38.946524994542564,39.032352447509766
2024-03-28,39.118180265150045,39.17539978027344
2024-04-01,39.34705015297284,39.24215316772461
2024-04-02,39.37566160398688,39.36612319946289
2024-04-03,39.184935985003975,39.394737243652344
2024-04-04,39.78572781991633,39.25168991088867
2024-04-05,39.2040120205969,39.337520599365234
2024-04-08,39.547320107248886,39.595001220703125
2024-04-09,39.85248000381137,39.86201477050781
2024-04-10,39.37566281373539,39.318443298339844
2024-04-11,39.60453536074563,39.556854248046875
2024-04-12,38.99420395801037,38.65089416503906
2024-04-15,38.87977249819799,38.4029541015625
2024-04-16,37.88798738273064,37.897525787353516
2024-04-17,38.09778998508734,37.86891555786133
2024-04-18,38.050111212598225,38.02149963378906
2024-04-19,37.86891555786133,37.86891555786133
2024-04-22,37.94520883300628,38.27898025512695
2024-04-23,38.31712579842775,38.59368133544922
2024-04-24,38.83208873249666,38.72718811035156
2024-04-25,38.40295090611822,38.81301498413086
2024-04-26,39.175399025078136,39.26122283935547
2024-04-29,39.451953036006195,39.64268112182617
2024-04-30,39.27075875127398,39.089569091796875
2024-05-01,39.15632382420078,39.12771224975586
2024-05-02,39.65221952993712,40.138572692871094
2024-05-03,40.37697987902534,40.500953674316406
2024-05-06,40.500954126851205,40.53909683227539
2024-05-07,40.34837278406039,40.31022644042969
2024-05-08,40.05274604076276,40.31976318359375
2024-05-09,40.29115148539778,40.44373321533203
2024-05-10,40.710753585757715,40.529563903808594
2024-05-13,40.80612411256936,40.83473205566406
2024-05-14,40.87287221443135,41.05406188964844
2024-05-15,41.349697276347996,41.492740631103516
2024-05-16,41.53087876666704,41.57855987548828
2024-05-17,41.60717244632908,41.7597541809082
2024-05-20,41.511808058541604,41.607173919677734
2024-05-21,41.34968948364258,41.34968948364258
2024-05-22,41.38783761980489,41.216182708740234
2024-05-23,41.425983318839144,40.9110221862793
2024-05-24,40.97777436253419,41.025455474853516
2024-05-28,41.15896309859897,40.96823501586914
2024-05-29,40.396056502343136,40.35791015625
2024-05-30,40.090891312897966,40.243473052978516
2024-05-31,39.86202042478719,39.85248565673828
2024-06-03,40.415130263483604,40.2720832824707
2024-06-04,39.63314545937388,39.709434509277344
2024-06-05,40.109964218430626,40.34837341308594
2024-06-06,40.53909517109763,40.54863357543945
2024-06-07,40.396052439431905,40.09088897705078
2024-06-10,40.15764501691655,40.32929992675781
2024-06-11,40.137251580923774,40.19486618041992
2024-06-12,40.72298959818944,40.59815979003906
2024-06-13,40.64617089599672,40.50213623046875
2024-06-14,40.41572140659498,40.55015182495117
2024-06-17,40.655774815492194,40.809410095214844
2024-06-18,40.90543002698144,41.183895111083984
2024-06-20,41.366343598926214,41.11668395996094
2024-06-21,41.03025558770327,40.97264099121094
2024-06-24,41.049460453200716,40.97264099121094
2024-06-25,40.90542671375536,40.87662124633789
2024-06-26,40.771002040553284,40.79020690917969
2024-06-27,41.00145227386401,40.819007873535156
2024-06-28,41.078268988493924,40.89582824707031
2024-07-01,41.15508752569789,40.99184799194336
2024-07-02,40.84782311457153,41.11668395996094
2024-07-03,41.38553897995897,41.72161865234375
2024-07-05,41.88485831976452,41.89446258544922
2024-07-08,42.00008469937375,41.90406036376953
2024-07-09,41.99048041165754,42.076900482177734
2024-07-10,42.23053549641749,42.31695556640625
2024-07-11,42.768261671526425,42.56661605834961
2024-07-12,42.70104629039101,42.73945236206055
2024-07-15,42.50899743231881,42.28814697265625
2024-07-16,42.307355393361185,42.52820587158203
2024-07-17,42.00968937052154,41.836849212646484
2024-07-18,41.913663455249676,41.443153381347656
2024-07-19,41.29912013684891,41.03986358642578
2024-07-22,41.30872420288887,41.38554000854492
2024-07-23,41.078267521478196,41.02065658569336
2024-07-24,40.83821131501762,40.425315856933594
2024-07-25,40.25247688157017,40.262081146240234
2024-07-26,40.598160691328886,40.67498016357422
2024-07-29,40.63656708669503,40.54054641723633
2024-07-30,40.56935075357291,40.35810089111328
2024-07-31,41.24150848388672,41.24150848388672
2024-08-01,41.0878739955909,40.52134323120117
2024-08-02,39.87799429698455,39.94520950317383
2024-08-05,37.842327000122125,38.81214904785156
2024-08-06,38.67771261464886,39.032997131347656
2024-08-07,39.9068019965416,39.27305603027344
2024-08-08,39.80117625753795,40.16606140136719
2024-08-09,40.2620796893455,40.38690948486328
2024-08-12,40.48293349664332,40.52134323120117
2024-08-13,40.626964401117604,40.97264099121094
2024-08-14,40.91503627245887,40.75179672241211
2024-08-15,40.95344235590933,41.20309829711914
2024-08-16,41.44315692190675,41.68321228027344
2024-08-19,41.894460876527546,42.08650588989258
2024-08-20,41.961678280076534,41.760032653808594
2024-08-21,41.77923268524216,41.92326736450195
2024-08-22,41.80804191435344,41.404747009277344
2024-08-23,41.817638600662136,42.09610366821289
2024-08-26,41.875259890704385,41.74082946777344
2024-08-27,41.74082808250863,41.798439025878906
2024-08-28,41.69280839251039,41.5391731262207
2024-08-29,41.615994728378666,41.558380126953125
2024-08-30,41.76962807800207,41.644798278808594
2024-09-03,41.25110821253277,40.819007873535156
2024-09-04,40.71338941899594,40.809410095214844
2024-09-05,40.828613733505115,40.86702346801758
2024-09-06,40.84781606551227,40.118045806884766
2024-09-09,40.35810392842087,40.45412826538086
2024-09-10,40.37730713646506,40.30049133300781
2024-09-11,40.23327829383635,40.59815979003906
2024-09-12,40.68457882391296,40.93423843383789
2024-09-13,41.0686709485881,41.126285552978516
2024-09-16,41.27992035252478,41.26071548461914
2024-09-17,41.47196315286749,41.3087272644043
2024-09-18,41.38554241571723,41.16469192504883
2024-09-19,41.884855023134136,42.038490295410156
2024-09-20,42.06730135024449,41.95207214355469
2024-09-23,42.172920443788726,42.27854537963867
2024-09-24,43.3635988030283,43.71887969970703
2024-09-25,43.45001772712289,43.257972717285156
2024-09-26,44.86154342890212,44.84233856201172
2024-09-27,44.8135313503421,44.75592041015625
2024-09-30,44.50625774923377,44.03575134277344
2024-10-01,44.266206724797726,44.35262680053711
2024-10-02,45.2264289855957,45.2264289855957
2024-10-03,44.41023656450371,44.68870162963867
2024-10-04,45.01518057384742,45.101600646972656
2024-10-07,45.41847106071965,45.4760856628418
2024-10-08,44.30461646133836,44.35262680053711
2024-10-09,43.766891289347996,44.11256790161133
2024-10-10,44.189389265864165,44.19898986816406
2024-10-11,43.93012591298475,44.51586151123047
2024-10-14,44.179788325463804,44.33342361450195
2024-10-15,43.930127937977524,43.39240264892578
2024-10-16,43.69967597351144,43.728485107421875
2024-10-17,43.59404731604594,43.66126251220703
2024-10-18,44.33342006440998,44.09336471557617
2024-10-21,43.728483725435375,43.786094665527344
2024-10-22,43.57484937506212,43.6900749206543
2024-10-23,43.53643777419307,43.43081283569336
2024-10-24,43.382802737247,43.36359786987305
2024-10-25,43.50763208977758,43.32518768310547
2024-10-28,43.4212103183954,43.51723098754883
2024-10-29,43.49802659273234,43.3828010559082
2024-10-30,42.94110320693748,42.96030807495117
2024-10-31,42.825873819021915,42.68184280395508
2024-11-01,42.998710581743474,42.72024917602539
2024-11-04,43.152349429180035,42.96030807495117
2024-11-05,43.43081023285011,43.54603576660156
2024-11-06,42.758656432592865,43.00831604003906
2024-11-07,43.73808430016327,43.95893478393555
2024-11-08,43.21956272852856,42.87388610839844
2024-11-11,42.71064875715948,42.54741287231445
2024-11-12,41.95207570539879,41.74082946777344
2024-11-13,41.78883295932414,41.47195816040039
2024-11-14,41.41434862314499,41.24150848388672
2024-11-15,41.375938889320075,41.24150848388672
2024-11-18,41.44315244445084,41.712013244628906
2024-11-19,41.57758733651944,41.68321228027344
2024-11-20,41.62559242141436,41.635196685791016
2024-11-21,41.50076819870289,41.54877853393555
2024-11-22,41.39514425067822,41.558380126953125
2024-11-25,41.73121590006248,41.58718490600586
2024-11-26,41.58718874146617,41.41434860229492
2024-11-27,41.66400316008566,41.47195816040039
2024-11-29,41.10707645806159,41.5391731262207
2024-12-02,41.63520026171357,41.702415466308594
2024-12-03,41.53917780765806,41.78883743286133
2024-12-04,41.9232680565951,41.89446258544922
2024-12-05,42.10570502511967,42.17292022705078
2024-12-06,42.2785453994379,42.10570526123047
2024-12-09,43.00831558677438,42.969905853271484
2024-12-10,42.51860072004171,42.27854537963867
2024-12-11,42.374573501684125,42.45138931274414
2024-12-12,42.30735420936522,42.24013900756836
2024-12-13,42.34576058191522,42.27854537963867
2024-12-16,42.08650543797636,42.048095703125
2024-12-17,41.713179596697586,41.9475212097168
2024-12-18,41.88893693116465,40.97108840942383
2024-12-19,41.37142518814969,41.1077880859375
2024-12-20,40.97108935048726,41.27378463745117
2024-12-23,41.28354637795332,41.50812530517578
2024-12-24,41.50812595842232,41.63506317138672
2024-12-26,41.36166446827138,41.48860168457031
2024-12-27,41.2347277477234,41.303077697753906
2024-12-30,41.04920476224973,40.97108840942383
2024-12-31,40.95155953797649,40.834388732910156
2025-01-02,40.88321073862675,40.77580261230469
2025-01-03,41.098028941583514,41.1566162109375
2025-01-06,41.5960065871408,41.303077697753906
2025-01-07,41.45930495467093,41.01014709472656
2025-01-08,40.75627775509798,40.81486129760742
2025-01-10,40.29735154404176,40.1215934753418
2025-01-13,39.67243984958216,39.84819793701172
2025-01-14,40.3657017838395,40.2973518371582
2025-01-15,40.726981478973826,40.82462692260742
2025-01-16,40.951560687233,40.77580261230469
2025-01-17,40.97108906266514,41.098026275634766
2025-01-21,41.45930582474118,41.53742218017578
2025-01-22,41.59600319489326,41.56671142578125
2025-01-23,41.47883167451161,41.66435241699219
2025-01-24,41.89870122150154,41.93775939941406
2025-01-27,41.2054353273754,41.17613983154297
2025-01-28,41.244494436377835,41.47883605957031
2025-01-29,41.722943303345254,41.48860168457031
2025-01-30,41.810819603277636,42.191627502441406
2025-01-31,42.20139273309269,41.71317672729492
2025-02-03,41.029676399190045,41.410484313964844
2025-02-04,41.927993692280175,42.15257263183594
2025-02-05,41.996341432592146,42.045166015625
2025-02-06,42.18186620066179,42.220924377441406
2025-02-07,42.59196536900242,42.18186569213867
2025-02-10,42.59196789572058,42.689613342285156
2025-02-11,42.39667957608104,42.523616790771484
2025-02-12,42.46503239691937,42.75796127319336
2025-02-13,42.46503196778642,43.0313606262207
2025-02-14,43.314529053943566,43.36334991455078
2025-02-18,43.7050992166879,43.636749267578125
2025-02-19,43.59769301666378,43.568397521972656
2025-02-20,43.890622112821084,43.96873474121094
2025-02-21,44.19331694539495,43.84180450439453
2025-02-24,43.597696643914155,43.16806411743164
2025-02-25,43.30476157850314,43.197357177734375
2025-02-26,43.6953335870773,43.626983642578125
2025-02-27,43.255942176166,42.77749252319336
2025-02-28,42.03539852522569,42.191627502441406
2025-03-03,42.43574054849859,41.82059097290039
2025-03-04,41.967050224907105,42.17210006713867
2025-03-05,42.923952724201804,43.431697845458984
2025-03-06,43.40241034763892,43.158302307128906
2025-03-07,43.2949990944108,43.373111724853516
2025-03-10,42.71890069417636,42.33809280395508
2025-03-11,42.69937602454515,42.689613342285156
2025-03-12,42.87513315020951,42.923954010009766
2025-03-13,42.49432494405896,42.74819564819336
2025-03-14,43.265705550441055,43.52934265136719
2025-03-17,43.68557320701275,44.27143096923828
2025-03-18,44.18355200825077,44.046852111816406
2025-03-19,44.22260867390785,44.154258728027344
2025-03-20,43.54887252297662,43.74415969848633
2025-03-21,43.39263903530748,43.52934265136719
2025-03-24,43.695332865142696,43.72462463378906
2025-03-25,43.68557343424287,43.597694396972656
2025-03-26,43.56839846810976,43.33405685424805
2025-03-27,43.37311201102314,43.54887008666992
2025-03-28,43.12900444643198,42.738433837890625
2025-03-31,42.28927418194862,42.670082092285156
2025-04-01,42.62126101785004,42.80678176879883
2025-04-02,42.68960982486262,42.8653678894043
2025-04-03,41.9670533319986,41.95729064941406
2025-04-04,40.37546468242448,39.62361526489258
2025-04-07,37.924621511726166,38.149200439453125
2025-04-08,39.2720987970822,37.61216354370117
2025-04-09,37.82697894363566,40.219234466552734
2025-04-10,39.8677239245193,39.525970458984375
2025-04-11,40.15088752659859,40.76604080200195
2025-04-14,41.03943951714181,41.1370849609375
2025-04-15,41.20543440008654,41.098026275634766
2025-04-16,40.80509999080237,40.61957550048828
2025-04-17,41.06873333986685,40.932029724121094
2025-04-21,41.17613861316607,40.92226791381836
2025-04-22,41.38119319409942,41.53742218017578
2025-04-23,42.26974739254925,42.015872955322266
2025-04-24,42.13304782854383,42.50408935546875
2025-04-25,42.2013930673924,42.42597198486328
2025-04-28,42.48456026592644,42.50408935546875
2025-04-29,42.56267433120891,42.62126159667969
2025-04-30,42.562676539301165,42.728668212890625
2025-05-01,42.89466065652137,42.718902587890625
2025-05-02,44.085911803841334,43.93944549560547
2025-05-05,44.388601776724826,44.27143096923828
2025-05-06,43.939443623529925,44.095672607421875
2025-05-07,43.76368684966552,43.587928771972656
2025-05-08,43.734393784161895,43.55863571166992
2025-05-09,44.037087076379265,43.851566314697266
2025-05-12,44.93540595352544,44.7987060546875
2025-05-13,44.49600789514983,44.87681579589844
2025-05-14,45.31621242675754,45.218570709228516
2025-05-15,45.14045600638987,45.19904327392578
2025-05-16,45.12092553986593,45.16974639892578
2025-05-19,44.857287799958065,45.267391204833984
2025-05-20,45.08186708997801,45.218570709228516
2025-05-21,45.39433108506092,45.10139846801758
2025-05-22,44.88658321993739,44.954933166503906
2025-05-23,44.827999168108974,45.14045715332031
2025-05-27,44.984225863115086,45.03304672241211
2025-05-28,44.91587433385091,44.82799530029297
2025-05-29,45.2283334641722,44.99399185180664
2025-05-30,44.583889228140805,44.44718933105469
2025-06-02,44.61318019657154,44.7694091796875
2025-06-03,44.759644993697165,44.87681579589844
2025-06-04,45.30645045184066,45.43338394165039
2025-06-05,45.82395740649675,45.667728424072266
2025-06-06,45.70678932017326,45.81419372558594
2025-06-09,46.05829901919978,46.20476531982422
2025-06-10,46.42934468537641,46.46840286254883
2025-06-11,46.71251333599841,46.663692474365234
2025-06-12,46.60510232154526,46.74180221557617
2025-06-13,45.89230958336802,45.999717712402344
2025-06-16,46.51435059766619,46.56364440917969
2025-06-17,46.248159206188134,45.952392578125
2025-06-18,45.9622498623591,45.94253158569336
2025-06-20,46.11999390237745,45.67634582519531
2025-06-23,45.5974705396094,46.05097961425781
2025-06-24,46.77068056941787,47.2439079284668
2025-06-25,47.22419319973231,47.28334426879883
2025-06-26,47.50024355024643,47.59883117675781
2025-06-27,47.362216657095885,47.4115104675293
2025-06-30,47.32278308093255,47.55939865112305
2025-07-01,47.66784302602239,47.648128509521484
2025-07-02,47.49038109324172,47.85516357421875
2025-07-03,47.894598851208634,48.07205581665039
2025-07-07,47.5988285581735,47.39179229736328
2025-07-08,47.68756103515625,47.68756103515625
2025-07-09,47.697422537350604,47.60869216918945
2025-07-10,47.6974217598092,47.736854553222656
2025-07-11,47.6579861166803,47.5791130065918
2025-07-14,47.58897367738818,47.648128509521484
2025-07-15,48.15092940221998,47.993186950683594
2025-07-16,47.97347117183135,48.21994400024414
2025-07-17,48.160787567235396,48.49599075317383
2025-07-18,48.634019362931774,48.38754653930664
2025-07-21,48.63401754540256,48.70302963256836
2025-07-22,48.56500151165221,48.73260498046875
2025-07-23,49.038233617104844,49.22555160522461
2025-07-24,49.07766793352135,48.9593620300293
2025-07-25,48.68331069251841,48.81147384643555
2025-07-28,48.594582218257464,48.48613357543945
2025-07-29,48.59458211127242,48.50585174560547
2025-07-30,48.3481074982485,48.15092849731445
2025-07-31,48.042481456181626,47.874881744384766
2025-08-01,47.697423049017,47.519962310791016
2025-08-04,48.0523416738655,48.01290512084961
2025-08-05,48.26923439352423,48.15092849731445
2025-08-06,48.21008583193862,48.377685546875
2025-08-07,48.90020439524678,48.781898498535156
2025-08-08,48.63401727959007,48.742462158203125
2025-08-11,48.703030165107954,48.60443878173828
2025-08-12,48.811475499918004,49.19597625732422
2025-08-13,49.73821610611279,49.78750991821289
2025-08-14,49.166397068269674,49.1762580871582
2025-08-15,49.32413914789783,49.235408782958984
2025-08-18,49.45230825177938,49.52132034301758
2025-08-19,49.39315193331022,49.117103576660156
2025-08-20,49.02837361123772,49.048091888427734
2025-08-21,48.88049278842609,48.93964385986328
2025-08-22,49.225551474885954,49.91567611694336
2025-08-25,49.82694738446915,49.62976837158203
2025-08-26,49.58047528351038,49.50160217285156
2025-08-27,48.929785081257286,49.205833435058594
2025-08-28,49.15653853467987,49.393150329589844
2025-08-29,49.107246105072825,49.15653991699219
2025-09-02,48.712888299761076,49.117103576660156
2025-09-03,49.26498767888704,49.304420471191406
2025-09-04,48.98893646980754,49.14667892456055
2025-09-05,49.817085747797535,49.738216400146484
2025-09-08,49.99454766944068,50.19172668457031
2025-09-09,50.388904090493035,50.4677734375
2025-09-10,50.87199058026357,50.81283950805664
2025-09-11,51.15789950922077,51.5522575378418
2025-09-12,51.59169422717783,51.52267837524414
2025-09-15,51.83816490961919,51.897315979003906
2025-09-16,52.13393313632634,52.28181457519531
2025-09-17,52.49871055206464,52.508567810058594
2025-09-18,52.163508138184646,52.38040542602539
2025-09-19,52.32125123722433,52.2620964050293
2025-09-22,52.30153151796479,52.518428802490234
2025-09-23,52.56772242717522,52.548004150390625
2025-09-24,52.50856861287999,52.37054443359375
2025-09-25,52.035339223027314,52.064918518066406
2025-09-26,51.70013657442366,51.96632766723633
2025-09-29,52.48885369480261,52.43955612182617
2025-09-30,52.58744017146591,52.6465950012207
2025-10-01,52.83391439983916,53.0606689453125
2025-10-02,53.58318870081611,53.3071403503418
2025-10-03,53.563473278241915,53.464881896972656
2025-10-06,53.58319019574181,53.71135711669922
2025-10-07,53.90853470423802,53.29728317260742
2025-10-08,53.366296642579336,53.72121810913086
2025-10-09,53.750792978884135,53.16911697387695
2025-10-10,53.19869229400095,51.207191467285156
2025-10-13,52.68602750061111,52.69588851928711
2025-10-14,51.86774240615472,52.22266387939453
2025-10-15,53.090244373576276,53.080387115478516
2025-10-16,53.57333074869351,53.425445556640625
2025-10-17,53.070527944768315,53.41558837890625
2025-10-20,53.790231516586275,54.14514923095703
2025-10-21,53.81980675561378,53.543758392333984
2025-10-22,53.662064538658676,53.49446105957031
2025-10-23,53.71135567910615,53.967689514160156
2025-10-24,54.401482056716496,54.322608947753906
2025-10-27,54.93386462019769,54.92400360107422
2025-10-28,54.59866153326722,54.9042854309082
2025-10-29,55.42680854968461,55.21976852416992
2025-10-30,54.667671310021305,54.647953033447266
2025-10-31,54.559223388384645,54.5197868347168
2025-11-03,54.90428569940659,54.86485290527344
2025-11-04,53.95782910889016,53.8592414855957
2025-11-05,53.8690997477073,54.34232711791992
2025-11-06,54.293031809663624,53.9381103515625
2025-11-07,53.44516561784366,53.78036880493164
2025-11-10,54.50006736211422,54.72682189941406
2025-11-11,54.726821581052356,54.78597640991211
2025-11-12,54.8747067465758,54.79583740234375
2025-11-13,54.91414698709767,54.15501022338867
2025-11-14,53.76065200652195,54.18458557128906
2025-11-17,53.75079466479383,53.543758392333984
2025-11-18,53.11982255006425,53.277565002441406
2025-11-19,53.08038703513005,53.09024429321289
2025-11-20,53.66206346380936,52.360687255859375
2025-11-21,51.96632926009395,52.350826263427734
2025-11-24,52.370545190135246,52.90292739868164
2025-11-25,52.87335076749929,53.09024429321289
2025-11-26,53.33671876054563,53.47474670410156
2025-11-28,53.39587311116341,53.55361557006836
2025-12-01,53.38601606696493,53.51417922973633
2025-12-02,53.593052232439106,53.533897399902344
2025-12-03,53.376154726778914,53.573333740234375
2025-12-04,53.642345911474656,53.5634765625
2025-12-05,54.155007500640615,53.967689514160156
2025-12-08,54.0958533123979,53.84938049316406
2025-12-09,53.53389609023742,53.760650634765625
2025-12-10,53.878960660661996,54.36204528808594
2025-12-11,53.928252164631616,54.105712890625
2025-12-12,54.13529208145884,53.47474670410156
2025-12-15,53.780367679287224,53.31700134277344
2025-12-16,52.959999084472656,52.97999954223633
2025-12-17,53.2599983215332,52.599998474121094
2025-12-18,53.27000045776367,53.20000076293945
2025-12-19,53.540000915527344,53.720001220703125
2025-12-22,53.970001220703125,54.0099983215332
2025-12-23,53.9900016784668,54.310001373291016
2025-12-24,54.40999984741211,54.41999816894531
2025-12-26,54.56999969482422,54.79999923706055
2025-12-29,54.52000045776367,54.65999984741211
2025-12-30,54.869998931884766,54.880001068115234
2025-12-31,54.900001525878906,54.709999084472656
2026-01-02,55.88999938964844,56.2400016784668
2026-01-05,56.59000015258789,56.86000061035156
2026-01-06,57.16999816894531,57.279998779296875
2026-01-07,57.029998779296875,56.849998474121094
2026-01-08,56.75,56.869998931884766
2026-01-09,56.880001068115234,57.13999938964844
2026-01-12,57.2400016784668,57.939998626708984
2026-01-13,57.77000045776367,57.5099983215332
2026-01-14,57.58000183105469,57.75
2026-01-15,58.150001525878906,58.09000015258789
2026-01-16,57.970001220703125,57.869998931884766
2026-01-20,57.349998474121094,57.310001373291016
2026-01-21,57.9900016784668,58.2599983215332
2026-01-22,58.70000076293945,58.70000076293945
2026-01-23,58.560001373291016,59.06999969482422
2026-01-26,59.040000915527344,59.16999816894531
2026-01-27,59.970001220703125,60.34000015258789
2026-01-28,60.869998931884766,60.75
2026-01-29,60.86000061035156,60.439998626708984
2026-01-30,59.810001373291016,59.099998474121094
2026-02-02,58.58000183105469,59.279998779296875
2026-02-03,59.93000030517578,59.599998474121094
2026-02-04,59.88999938964844,58.79999923706055
2026-02-05,58.54999923706055,58.529998779296875
2026-02-06,59.2400016784668,60.06999969482422
2026-02-09,59.970001220703125,60.5099983215332
2026-02-10,60.720001220703125,60.599998474121094
2026-02-11,61.18000030517578,61.560001373291016
2026-02-12,61.84000015258789,60.86000061035156
2026-02-13,60.720001220703125,61.119998931884766
2026-02-17,60.720001220703125,60.869998931884766
2026-02-18,61.029998779296875,61.189998626708984
2026-02-19,60.83000183105469,61.040000915527344
2026-02-20,61.0099983215332,62.34000015258789
2026-02-23,62.02000045776367,61.650001525878906
2026-02-24,62.2400016784668,62.619998931884766
2026-02-25,63.41999816894531,63.310001373291016
2026-02-26,63.279998779296875,62.709999084472656
2026-02-27,62.20000076293945,62.58000183105469
2026-03-02,60.790000915527344,61.5
2026-03-03,57.970001220703125,58.41999816894531
2026-03-04,58.54999923706055,59.04999923706055
2026-03-05,58.02000045776367,57.630001068115234
2026-03-06,56.83000183105469,57.31999969482422
2026-03-09,56.65999984741211,58.45000076293945
2026-03-10,58.65999984741211,58.68000030517578
2026-03-11,58.70000076293945,58.83000183105469
2026-03-12,57.9900016784668,56.95000076293945
2026-03-13,57.619998931884766,56.79999923706055
2026-03-16,58.04999923706055,58.380001068115234
2026-03-17,58.880001068115234,58.75
2026-03-18,58.380001068115234,57.560001373291016
2026-03-19,56.439998626708984,57.619998931884766
2026-03-20,56.95000076293945,55.63999938964844
2026-03-23,56.88999938964844,57.310001373291016
2026-03-24,56.130001068115234,56.52000045776367
2026-03-25,57.41999816894531,57.41999816894531
2026-03-26,56.2599983215332,55.470001220703125
2026-03-27,55.349998474121094,55.20000076293945
2026-03-30,55.5,54.75
2026-03-31,54.939998626708984,56.790000915527344
2026-04-01,57.209999084472656,57.22999954223633
2026-04-02,55.56999969482422,56.59000015258789
2026-04-06,56.95000076293945,57.11000061035156
2026-04-07,57.16999816894531,57.310001373291016
2026-04-08,60.86000061035156,60.439998626708984
2026-04-09,59.7599983215332,60.279998779296875
2026-04-10,60.709999084472656,60.560001373291016
2026-04-13,60.08000183105469,61.06999969482422
2026-04-14,61.599998474121094,62.2400016784668
2026-04-15,62.040000915527344,62.20000076293945
2026-04-16,62.43000030517578,62.45000076293945
2026-04-17,63.529998779296875,63.63999938964844
2026-04-20,63.11000061035156,63.18000030517578
2026-04-21,63.279998779296875,62.25
2026-04-22,62.9900016784668,63.380001068115234
2026-04-23,62.75,62.349998474121094
2026-04-24,63.279998779296875,63.7400016784668
2026-04-27,63.900001525878906,63.63999938964844
2026-04-28,62.790000915527344,62.9900016784668
2026-04-29,63.06999969482422,62.689998626708984
2026-04-30,63.2400016784668,63.9900016784668
2026-05-01,63.84000015258789,64.12999725341797
2026-05-04,64.47000122070312,64.0999984741211
2026-05-05,64.9800033569336,65.4000015258789
2026-05-06,66.8499984741211,67.48999786376953
2026-05-07,67.66999816894531,66.58999633789062
2026-05-08,67.33000183105469,67.94000244140625
2026-05-11,67.83000183105469,67.88999938964844
2026-05-12,66.22000122070312,65.81999969482422
2026-05-13,66.56999969482422,67.20999908447266
2026-05-14,66.94999694824219,67.37999725341797
2026-05-15,65.2300033569336,65.06999969482422
2026-05-18,65.66000366210938,64.97000122070312
2026-05-19,63.619998931884766,64.26000213623047
2026-05-20,64.48999786376953,65.45999908447266
2026-05-21,65.2300033569336,66.02999877929688
2026-05-22,66.0,65.87999725341797
2026-05-26,67.72000122070312,68.4000015258789
2026-05-27,68.76000213623047,68.38999938964844
2026-05-28,67.6500015258789,68.61000061035156
2026-05-29,68.93000030517578,68.5999984741211
2026-06-01,69.37999725341797,70.08000183105469
2026-06-02,70.29000091552734,70.44999694824219
