Date,Open,Close
2007-04-11,31.692829132080078,31.692829132080078
2007-04-12,31.714101791381832,31.714101791381836
2007-04-13,31.704992249645674,31.65639877319336
2007-04-16,31.66852927087456,31.64423370361328
2007-04-17,31.632087116221445,31.62904930114746
2007-04-18,31.6442477820569,31.638172149658203
2007-04-19,31.647253407062095,31.747480392456055
2007-04-20,31.750555814750644,31.72929573059082
2007-04-23,31.76570263810127,31.747480392456055
2007-04-24,31.765724783508887,31.96617889404297
2007-04-25,31.975285863627505,32.0147705078125
2007-04-26,32.02085177985608,32.07248306274414
2007-04-27,32.04514967198265,32.07248306274414
2007-04-30,32.06032517473604,32.07551193237305
2007-05-01,32.06121537600203,32.079490661621094
2007-05-02,32.08557184601567,32.067298889160156
2007-05-03,32.091658423128244,32.07033920288086
2007-05-04,32.085577893745196,32.10994338989258
2007-05-07,32.07642068459921,32.106876373291016
2007-05-08,32.14342358454475,32.13124084472656
2007-05-09,32.15869549920223,32.0460090637207
2007-05-10,32.192164531169475,32.16170883178711
2007-05-11,32.173900140110554,32.17999267578125
2007-05-14,32.189135112034734,32.17695236206055
2007-05-15,32.192160989618,32.15256881713867
2007-05-16,32.23175997860195,32.237850189208984
2007-05-17,32.25004466365971,32.22872543334961
2007-05-18,32.26830588948614,32.237850189208984
2007-05-21,32.26526660294264,32.268310546875
2007-05-22,32.30791055068568,32.2713623046875
2007-05-23,32.259169133890275,32.246986389160156
2007-05-24,32.29572240233465,32.25613021850586
2007-05-25,32.274375102023946,32.30178451538086
2007-05-29,32.19217738114447,32.17390441894531
2007-05-30,32.24394244569335,32.246986389160156
2007-05-31,32.25004215288382,32.195220947265625
2007-06-01,32.19093322753906,32.19093322753906
2007-06-04,32.2184944152832,32.2184944152832
2007-06-05,32.221569591862746,32.172569274902344
2007-06-06,32.15724515443998,32.13274383544922
2007-06-07,32.077594194300126,31.982654571533203
2007-06-08,31.915292159646775,31.89691734313965
2007-06-11,31.820347123936067,31.82953453063965
2007-06-12,31.780525976201083,31.667211532592773
2007-06-13,31.737664551442204,31.722352981567383
2007-06-14,31.648843813471867,31.746849060058594
2007-06-15,31.697852243346766,31.7407283782959
2007-06-18,31.823433693671504,31.759117126464844
2007-06-19,31.80199012760289,31.79892921447754
2007-06-20,31.80196983173724,31.51715087890625
2007-06-21,31.544710990612884,31.575336456298828
2007-06-22,31.612085837765395,31.636587142944336
2007-06-25,31.636594485272504,31.452836990356445
2007-06-26,31.526327722738674,31.544702529907227
2007-06-27,31.480402876642685,31.434463500976562
2007-06-28,31.406883907710654,31.269065856933594
2007-06-29,31.269086661856605,31.18027114868164
2007-07-02,31.33217246337296,31.424598693847656
2007-07-03,31.393766156407274,31.366037368774414
2007-07-05,31.378371312867174,31.252058029174805
2007-07-06,31.24898066400734,31.285951614379883
2007-07-09,31.248961083928094,31.381437301635742
2007-07-10,31.26437646022185,31.298263549804688
2007-07-11,31.307517585749313,31.064130783081055
2007-07-12,31.116508884627454,31.156558990478516
2007-07-13,31.208930563975695,31.285951614379883
2007-07-16,31.230487020143798,31.298263549804688
2007-07-17,31.332156003522307,31.335237503051758
2007-07-18,31.322898883632593,31.101078033447266
2007-07-19,31.125752355132157,31.134994506835938
2007-07-20,31.11033919917313,31.05488395690918
2007-07-23,31.024076828878155,30.98710823059082
2007-07-24,30.96245461463928,30.808412551879883
2007-07-25,30.77760668043376,30.515735626220703
2007-07-26,30.346292245183502,30.084421157836914
2007-07-27,29.884153019184804,29.582229614257812
2007-07-30,29.8810980691409,29.8687744140625
2007-07-31,29.88416527301594,29.970428466796875
2007-08-01,30.029325807032773,29.908390045166016
2007-08-02,30.075860739669842,30.078962326049805
2007-08-03,30.18749419117623,30.078962326049805
2007-08-06,30.62162046162763,30.013839721679688
2007-08-07,30.776647198392972,30.227785110473633
2007-08-08,30.699140913752874,30.58440589904785
2007-08-09,30.58128858246858,30.55337905883789
2007-08-10,30.451057648632872,30.491371154785156
2007-08-13,30.705329188187857,30.71463394165039
2007-08-14,30.798347125265064,30.47585105895996
2007-08-15,30.497598870112483,30.64644432067871
2007-08-16,31.009238292666673,30.606117248535156
2007-08-17,30.69914076715439,30.91620445251465
2007-08-20,31.00925686993176,30.621641159057617
2007-08-21,30.776670161984068,30.463476181030273
2007-08-22,30.575101244390645,30.699138641357422
2007-08-23,30.751847388977954,30.88518714904785
2007-08-24,30.916195118113208,30.962709426879883
2007-08-27,31.00922427960296,31.164270401000977
2007-08-28,31.164295142608733,31.055763244628906
2007-08-29,31.009242531274445,31.179794311523438
2007-08-30,31.23870230001908,31.244905471801758
2007-08-31,31.46816270953555,31.52707862854004
2007-09-04,31.815063106859473,31.746421813964844
2007-09-05,31.71522501648996,31.7589054107666
2007-09-06,31.665307778918308,31.740190505981445
2007-09-07,31.793239309205973,31.378273010253906
2007-09-10,31.668439987862463,31.51243782043457
2007-09-11,31.66217470551986,31.77137565612793
2007-09-12,31.824408841266603,31.91489028930664
2007-09-13,31.902432582439637,31.80259132385254
2007-09-14,31.808827107875533,32.10211181640625
2007-09-17,32.13642329469082,32.24874496459961
2007-09-18,32.37042854698142,32.47962951660156
2007-09-19,32.52643081176645,33.10051727294922
2007-09-20,33.08491812166034,32.289306640625
2007-09-21,32.75733376680116,32.37044906616211
2007-09-24,32.036594051449924,32.58884048461914
2007-09-25,32.13643715134868,32.66684341430664
2007-09-26,32.66682040745268,32.54825973510742
2007-09-27,32.60444266979511,32.44844055175781
2007-09-28,32.59508292357742,32.44844055175781
2007-10-01,32.79848637677594,32.57244110107422
2007-10-02,32.189439637165215,32.635250091552734
2007-10-03,32.65092517475113,32.462554931640625
2007-10-04,32.58813680835298,32.60069274902344
2007-10-05,32.64152911562163,32.61955261230469
2007-10-08,32.720005367047264,32.72942352294922
2007-10-09,32.751403120425834,32.75454330444336
2007-10-10,32.80162259597473,32.72627258300781
2007-10-11,32.80479402633154,32.773399353027344
2007-10-12,32.78280948738191,32.807926177978516
2007-10-15,33.02772469758722,32.964935302734375
2007-10-16,32.80792647057858,32.83932113647461
2007-10-17,32.6603447285256,32.43429946899414
2007-10-18,32.72316584506465,32.41863250732422
2007-10-19,32.41546226633681,32.27418518066406
2007-10-22,32.274170861612696,31.975915908813477
2007-10-23,32.08269579892236,32.2428092956543
2007-10-24,32.211414633271126,32.2428092956543
2007-10-25,32.33383563931196,32.28988265991211
2007-10-26,32.24278217392614,32.3652229309082
2007-10-29,32.49080939024128,32.462554931640625
2007-10-30,32.43115441613343,32.399757385253906
2007-10-31,32.52849984967542,32.60384750366211
2007-11-01,32.45848059364475,32.39211654663086
2007-11-02,32.388950806211,32.313106536865234
2007-11-05,33.49819328168338,32.29731369018555
2007-11-06,32.29730882188942,32.46480178833008
2007-11-07,32.177210425846766,32.4237060546875
2007-11-08,32.50269326637246,32.01286315917969
2007-11-09,32.09819892180697,32.15508270263672
2007-11-12,32.55644581775388,32.28150939941406
2007-11-13,32.53430630080516,32.15508270263672
2007-11-14,32.47111962823307,32.23410415649414
2007-11-15,32.230936354757134,32.22461700439453
2007-11-16,32.55012478547938,32.23410415649414
2007-11-19,32.455317632365386,32.23410415649414
2007-11-20,32.15510826771802,31.918092727661133
2007-11-21,31.823276647773508,31.317644119262695
2007-11-23,31.349233165038065,31.25758934020996
2007-11-26,30.97000789642334,31.602048873901367
2007-11-27,31.76007420966825,31.64946746826172
2007-11-28,31.46933386237947,31.949684143066406
2007-11-29,32.15510393172893,32.10770034790039
2007-11-30,32.23409040170433,32.23725128173828
2007-12-03,32.75629542410686,32.56230163574219
2007-12-04,32.7562889772303,32.43826675415039
2007-12-05,32.33647236806443,32.05661392211914
2007-12-06,32.314221281662356,32.34284210205078
2007-12-07,31.993006988991663,32.32693099975586
2007-12-10,32.03437130315387,32.27924728393555
2007-12-11,32.49233165395946,32.24745559692383
2007-12-12,32.59727263168844,32.422359466552734
2007-12-13,32.358733142800624,32.406436920166016
2007-12-14,32.597237116341645,32.45412826538086
2007-12-17,32.59726942466398,32.27924728393555
2007-12-18,32.250612625318766,32.31103515625
2007-12-19,32.15518699546161,32.470027923583984
2007-12-20,32.24744761474847,32.40009689331055
2007-12-21,32.59090598397002,32.50185775756836
2007-12-24,32.44461131960949,32.387367248535156
2007-12-26,32.28880851799175,32.244285583496094
2007-12-27,32.35777071464676,32.4569091796875
2007-12-28,32.42813252524469,32.14030838012695
2007-12-31,32.04756589591906,32.21066665649414
2008-01-02,31.839713599233324,31.820526123046875
2008-01-03,31.852488126695974,31.75974464416504
2008-01-04,31.983612330023266,31.72456932067871
2008-01-07,31.817319305358378,31.535892486572266
2008-01-08,31.81731459563642,31.353599548339844
2008-01-09,31.497509071505437,31.01140785217285
2008-01-10,31.07535399655644,31.241653442382812
2008-01-11,31.28964606949098,31.308835983276367
2008-01-14,31.22569250473681,31.20010757446289
2008-01-15,31.324803572959787,31.280031204223633
2008-01-16,31.2896282542234,31.244855880737305
2008-01-17,31.180921038402964,31.02421760559082
2008-01-18,31.1713292968185,31.267269134521484
2008-01-22,30.925054584480385,31.04977798461914
2008-01-23,30.969844801810748,31.110559463500977
2008-01-24,31.104147411303607,31.500703811645508
2008-01-25,31.375975336398568,31.548669815063477
2008-01-28,31.500715954991232,31.404773712158203
2008-01-29,31.27043949619623,31.436738967895508
2008-01-30,31.475110237793693,31.558259963989258
2008-01-31,31.38556291247072,31.622217178344727
2008-02-01,31.694350220405937,31.63961410522461
2008-02-04,31.311219545004306,31.64606475830078
2008-02-05,31.485078878315072,31.391708374023438
2008-02-06,31.449658742062056,31.327312469482422
2008-02-07,31.198529035485286,31.195308685302734
2008-02-08,31.069746823677526,30.96027946472168
2008-02-11,30.670501100093205,30.715576171875
2008-02-12,30.667291775136828,30.83149528503418
2008-02-13,30.90553996934508,30.75099754333496
2008-02-14,31.09227592659878,30.90231704711914
2008-02-15,30.828270704534834,30.825050354003906
2008-02-19,30.828255625847444,30.667272567749023
2008-02-20,30.857252945111096,30.747785568237305
2008-02-21,30.876558607793097,30.854021072387695
2008-02-22,30.889456224903068,30.90877342224121
2008-02-25,30.844379119566515,31.00214195251465
2008-02-26,31.005329348037638,31.20172882080078
2008-02-27,31.221066573948228,31.195308685302734
2008-02-28,31.0697407586938,31.150232315063477
2008-02-29,31.031108856201172,31.031108856201172
2008-03-03,31.169162438215167,31.039546966552734
2008-03-04,31.042810735085155,31.003925323486328
2008-03-05,30.94556905902329,31.091384887695312
2008-03-06,31.088148639131298,31.010377883911133
2008-03-07,30.858079084709924,30.945568084716797
2008-03-10,30.932603934494082,30.874277114868164
2008-03-11,30.828917841500754,30.952051162719727
2008-03-12,30.867799810020813,30.945568084716797
2008-03-13,30.854821265289683,30.72844696044922
2008-03-14,30.728436538752483,30.54373550415039
2008-03-17,30.469223982403417,30.40117645263672
2008-03-18,30.608580643519886,30.84836769104004
2008-03-19,30.93259724069784,30.880752563476562
2008-03-20,30.867797485227342,31.026575088500977
2008-03-24,31.10436905481296,31.26314926147461
2008-03-25,31.26960750580013,31.34413719177246
2008-03-26,31.302016515866402,31.26961326599121
2008-03-27,31.30200532480564,31.169151306152344
2008-03-28,31.172375282970172,31.18533706665039
2008-03-31,31.114048043573185,31.32467269897461
2008-04-01,31.276407222173862,31.462343215942383
2008-04-02,31.452565593037267,31.478662490844727
2008-04-03,31.53085990063348,31.4232120513916
2008-04-04,31.478640751919063,31.543880462646484
2008-04-07,31.576512902421985,31.795068740844727
2008-04-08,31.69070366929769,31.90273666381836
2008-04-09,31.641747957690892,31.625436782836914
2008-04-10,31.612391469514893,31.73961067199707
2008-04-11,31.674357536740036,31.485158920288086
2008-04-14,31.573229473929988,31.5960636138916
2008-04-15,31.573261136780584,31.592832565307617
2008-04-16,31.700476463759696,31.729833602905273
2008-04-17,31.762451171875004,31.762451171875
2008-04-18,31.909248294565298,31.977750778198242
2008-04-21,31.96145979244134,31.92557716369629
2008-04-22,32.01364013380419,31.967971801757812
2008-04-23,32.09846115112305,32.09846115112305
2008-04-24,32.14738356982766,32.108238220214844
2008-04-25,32.22239031767011,32.26153564453125
2008-04-28,32.34961979125472,32.45074462890625
2008-04-29,32.447488234932756,32.35615158081055
2008-04-30,32.362651289751106,32.38874816894531
2008-05-01,32.54558464637466,33.07707595825195
2008-05-02,32.91304005143821,32.74243927001953
2008-05-05,32.64728803186448,32.689937591552734
2008-05-06,32.571839879953146,32.45701217651367
2008-05-07,32.552135664567516,32.479957580566406
2008-05-08,32.53576826753715,32.41109848022461
2008-05-09,32.43730803231786,32.479957580566406
2008-05-12,32.45372323278612,32.437320709228516
2008-05-13,32.473404727668836,32.42747116088867
2008-05-14,32.46028714677292,32.38154602050781
2008-05-15,32.532475536101956,32.46685791015625
2008-05-16,32.38810193841619,32.51277160644531
2008-05-19,32.594796927418635,32.64072799682617
2008-05-20,32.64403387896692,32.57841873168945
2008-05-21,32.594801453027934,32.519344329833984
2008-05-22,32.47998056766949,32.47013854980469
2008-05-23,32.381547406853045,32.27656173706055
2008-05-27,32.26998203100889,32.096099853515625
2008-05-28,32.02066794953277,32.253604888916016
2008-05-29,32.233925834298496,32.220802307128906
2008-05-30,32.22734156373119,32.22406005859375
2008-06-02,32.2253948609978,31.957923889160156
2008-06-03,32.12963790919897,31.981040954589844
2008-06-04,32.00746303610955,31.94802474975586
2008-06-05,32.030565002332715,32.086700439453125
2008-06-06,32.020669526569606,31.997554779052734
2008-06-09,32.11969974914661,32.09988784790039
2008-06-10,32.030564217457126,32.11311721801758
2008-06-11,32.19566245827197,32.10650634765625
2008-06-12,32.007435702261255,32.05366516113281
2008-06-13,32.06360476847816,32.1956901550293
2008-06-16,31.898474208403638,31.749879837036133
2008-06-17,31.71023803370732,31.805999755859375
2008-06-18,31.799411245168375,31.87535858154297
2008-06-19,31.772980412676638,31.67391586303711
2008-06-20,31.634308196183316,31.548452377319336
2008-06-23,31.564963183280625,31.432880401611328
2008-06-24,31.4031671657423,31.30080223083496
2008-06-25,31.251295844148284,31.406496047973633
2008-06-26,31.099359969025752,31.158798217773438
2008-06-27,31.046506116927045,31.07292366027832
2008-06-30,31.0068829705243,31.03990364074707
2008-07-01,30.73432663661595,31.006988525390625
2008-07-02,30.930538152921265,30.983741760253906
2008-07-03,31.046911811632725,30.97043228149414
2008-07-07,31.113400358989047,30.997020721435547
2008-07-08,30.973735939558377,30.913883209228516
2008-07-09,30.857378573267862,30.8075008392334
2008-07-10,30.731030479142078,30.847410202026367
2008-07-11,30.69444447296281,30.8075008392334
2008-07-14,30.977079491430196,30.734342575073242
2008-07-15,30.494929560268414,30.25884437561035
2008-07-16,30.32536044555616,30.358613967895508
2008-07-17,30.491594066106764,30.448368072509766
2008-07-18,30.62127763289011,30.93716812133789
2008-07-21,31.096790477759853,31.09014129638672
2008-07-22,31.023634239458765,31.19654083251953
2008-07-23,31.140033742372246,31.113431930541992
2008-07-24,31.193206948345647,31.18655776977539
2008-07-25,31.173258463217984,31.253061294555664
2008-07-28,31.070171453840533,31.146648406982422
2008-07-29,31.110080325734273,31.153308868408203
2008-07-30,31.040240968946197,31.15994644165039
2008-07-31,31.04690637911054,31.2231388092041
2008-08-01,31.043315373180654,31.0835018157959
2008-08-04,30.936151708920335,30.869176864624023
2008-08-05,30.919390574762986,31.086830139160156
2008-08-06,30.895965950045948,30.879220962524414
2008-08-07,30.865820061789744,30.842378616333008
2008-08-08,30.832318656065738,30.895946502685547
2008-08-11,30.758653184701913,30.80888557434082
2008-08-12,30.869201169701093,30.929479598999023
2008-08-13,30.90936449333692,30.97633934020996
2008-08-14,30.942851916773442,30.97633934020996
2008-08-15,30.956254593904852,31.04667091369629
2008-08-18,31.060059176264584,30.97633934020996
2008-08-19,31.026592281702438,31.036638259887695
2008-08-20,31.0366227638528,31.029926300048828
2008-08-21,30.932807882938175,30.986387252807617
2008-08-22,30.959580188332083,30.80888557434082
2008-08-25,30.845736600358883,30.97633934020996
2008-08-26,30.99641710373892,30.80888557434082
2008-08-27,30.936144398159943,30.842378616333008
2008-08-28,30.936147512519646,30.88591766357422
2008-08-29,30.959579187529382,30.94283676147461
2008-09-02,31.097933110167798,30.94959259033203
2008-09-03,31.017002781125587,31.050716400146484
2008-09-04,31.185586929321293,31.18558692932129
2008-09-05,31.10467000469149,31.158611297607422
2008-09-08,31.401356666085725,31.12152862548828
2008-09-09,31.20918678746101,31.1889591217041
2008-09-10,31.17884449564783,31.01701545715332
2008-09-11,31.074328890130108,31.01701545715332
2008-09-12,30.976557554483367,31.01701545715332
2008-09-15,30.9765431305804,29.877464294433594
2008-09-16,29.34480114516398,29.189716339111328
2008-09-17,29.05149922133095,27.43659019470215
2008-09-18,27.97935243771477,29.601003646850586
2008-09-19,30.005617283410395,29.97864532470703
2008-09-22,30.03932152314352,29.951663970947266
2008-09-23,30.197766381270455,29.658340454101562
2008-09-24,29.68531433408769,29.924684524536133
2008-09-25,29.955022743970563,29.16274070739746
2008-09-26,28.818871331682445,29.06161117553711
2008-09-29,29.07169518211418,26.70833396911621
2008-09-30,27.817557581531442,27.645614624023438
2008-10-01,27.99241300905865,28.849218368530273
2008-10-02,28.85601757906236,28.097810745239258
2008-10-03,28.298398796331803,27.99579429626465
2008-10-06,27.37019992331184,26.979196548461914
2008-10-07,27.033591784968703,26.523588180541992
2008-10-08,26.050985648314295,25.415180206298828
2008-10-09,25.56818339540003,24.823579788208008
2008-10-10,24.265971622592705,23.167762756347656
2008-10-13,23.98717714861466,26.010190963745117
2008-10-14,26.605194141338398,26.180191040039062
2008-10-15,25.83678798622325,25.037782669067383
2008-10-16,25.268979244754878,24.089170455932617
2008-10-17,23.97358439734879,23.800182342529297
2008-10-20,24.32718307511533,24.276182174682617
2008-10-21,24.21496428960512,24.136762619018555
2008-10-22,24.371367428863387,23.93616485595703
2008-10-23,23.936179005081293,24.34078025817871
2008-10-24,23.936178734455716,23.732177734375
2008-10-27,23.813781389692263,22.525171279907227
2008-10-28,23.014765318076527,22.780162811279297
2008-10-29,22.91956305977385,23.817169189453125
2008-10-30,24.123168717374558,24.469972610473633
2008-10-31,24.34416973367964,24.48017120361328
2008-11-03,24.80629264965262,24.67927360534668
2008-11-04,24.984813790485276,24.95734977722168
2008-11-05,24.984804448855755,24.751365661621094
2008-11-06,24.377178442482077,24.751365661621094
2008-11-07,24.93332154959084,25.008846282958984
2008-11-10,25.0775173656072,25.012290954589844
2008-11-11,25.262880350216506,24.9676513671875
2008-11-12,24.953918813023474,24.614057540893555
2008-11-13,24.414960339247298,24.483617782592773
2008-11-14,24.50421579441945,24.184953689575195
2008-11-17,24.184957634442448,23.81077003479004
2008-11-18,23.68717617912065,23.309555053710938
2008-11-19,23.014321490155638,22.51311492919922
2008-11-20,22.32087203538335,21.764739990234375
2008-11-21,22.286542376271907,21.98101234436035
2008-11-24,22.368921782059843,22.080554962158203
2008-11-25,22.60235808415098,22.31056022644043
2008-11-26,22.67787860953459,22.828927993774414
2008-11-28,22.44444923285474,22.743114471435547
2008-12-01,22.589771622254613,22.2740478515625
2008-12-02,22.645270695845717,22.513431549072266
2008-12-03,22.48221059253379,22.516904830932617
2008-12-04,22.520382877475488,22.38507080078125
2008-12-05,22.246287768736238,22.395475387573242
2008-12-08,22.395482196671672,22.65569305419922
2008-12-09,22.62446115521095,22.485681533813477
2008-12-10,22.57241308930435,22.46833038330078
2008-12-11,22.388525981117876,22.294851303100586
2008-12-12,22.32608607962499,22.60364532470703
2008-12-15,22.350372130876252,22.485681533813477
2008-12-16,22.90201759338379,22.90201759338379
2008-12-17,23.03039417986355,23.488365173339844
2008-12-18,23.84225104706322,24.85186767578125
2008-12-19,24.62981653457657,24.68532943725586
2008-12-22,24.751263893891373,25.67414665222168
2008-12-23,25.80597642807945,26.04884147644043
2008-12-24,25.910065153951972,25.639446258544922
2008-12-26,25.670655091735572,26.128625869750977
2008-12-29,26.290755896516675,26.304731369018555
2008-12-30,26.60867555794587,26.38507080078125
2008-12-31,26.392056528959007,26.556264877319336
2009-01-02,26.406035801202744,26.472415924072266
2009-01-05,26.3501408037484,27.751150131225586
2009-01-06,28.01669405187051,27.985248565673828
2009-01-07,27.929332700395555,27.478633880615234
2009-01-08,27.359854236763514,27.080352783203125
2009-01-09,27.552003083991405,27.478633880615234
2009-01-12,27.59741972509444,26.881195068359375
2009-01-13,27.18516787422119,26.783384323120117
2009-01-14,26.39554550184646,26.440963745117188
2009-01-15,26.241827700258984,26.336158752441406
2009-01-16,26.287257536921175,26.549291610717773
2009-01-20,26.206884259578295,26.095083236694336
2009-01-21,26.140507707226593,26.098581314086914
2009-01-22,26.157990055758976,26.028718948364258
2009-01-23,25.791127477027754,25.612943649291992
2009-01-26,25.777162165355673,25.679336547851562
2009-01-27,25.913421359686062,25.916915893554688
2009-01-28,26.182453841461655,26.835790634155273
2009-01-29,26.535301018836655,26.168455123901367
2009-01-30,26.409544018141233,26.287261962890625
2009-02-02,26.07302745757459,25.727176666259766
2009-02-03,25.928354797376702,25.773073196411133
2009-02-04,25.931875365246064,25.751890182495117
2009-02-05,25.878949453617224,25.5401554107666
2009-02-06,25.72718809914503,26.055395126342773
2009-02-09,26.009518351141956,26.25655746459961
2009-02-10,26.309472988935077,26.08361053466797
2009-02-11,26.203598039740104,26.02361297607422
2009-02-12,25.79423650376324,25.942461013793945
2009-02-13,25.998927325703615,26.04480743408203
2009-02-17,26.03774248511912,25.381328582763672
2009-02-18,25.52250025061176,25.229583740234375
2009-02-19,25.34603962323585,25.356626510620117
2009-02-20,24.77080063224234,24.98607635498047
2009-02-23,24.993129351923074,24.35788917541504
2009-02-24,24.460248904069886,24.703758239746094
2009-02-25,24.760210806118174,24.583755493164062
2009-02-26,24.61551595457493,24.096736907958984
2009-02-27,24.001460678816372,23.733247756958008
2009-03-02,23.661543351851854,23.24060821533203
2009-03-03,23.4403764340831,23.33336067199707
2009-03-04,23.41540325999317,23.329790115356445
2009-03-05,23.311939531746695,22.22393035888672
2009-03-06,22.366635625493792,22.116928100585938
2009-03-09,22.231084963341964,21.98851203918457
2009-03-10,22.24176535174699,23.076501846313477
2009-03-11,23.351180559593608,23.44392967224121
2009-03-12,23.45464031588732,23.832767486572266
2009-03-13,23.907665484434578,23.886262893676758
2009-03-16,23.96117757283763,24.021820068359375
2009-03-17,24.007550591683156,23.886262893676758
2009-03-18,23.88985574510149,24.435644149780273
2009-03-19,24.421370242418934,24.22160530090332
2009-03-20,24.253706063115896,24.17522621154785
2009-03-23,24.474856825475772,24.67462158203125
2009-03-24,24.63896237141604,24.721010208129883
2009-03-25,24.75312009438896,24.853002548217773
2009-03-26,25.009949229378336,25.238252639770508
2009-03-27,25.184734178698847,24.981401443481445
2009-03-30,24.84585697728659,23.811355590820312
2009-03-31,24.30720956540653,24.185924530029297
2009-04-01,24.429970833619276,24.224191665649414
2009-04-02,24.56354574434248,25.105070114135742
2009-04-03,25.16644193696578,25.458864212036133
2009-04-06,25.31445950481544,25.375831604003906
2009-04-07,25.303627641583084,25.083410263061523
2009-04-08,24.837916000237033,25.379440307617188
2009-04-09,25.632158176230774,26.10148048400879
2009-04-13,25.79460008658274,26.08341407775879
2009-04-14,26.079802749580157,25.94983673095703
2009-04-15,26.07258985874727,26.170063018798828
2009-04-16,26.249494150083088,26.58523941040039
2009-04-17,26.675487312157966,27.16646957397461
2009-04-20,26.942641045403434,26.173677444458008
2009-04-21,26.141184181561652,26.469707489013672
2009-04-22,26.36502291300049,26.596073150634766
2009-04-23,26.610490195562978,26.567167282104492
2009-04-24,26.711584843901974,26.97873878479004
2009-04-27,26.787410983745257,26.765750885009766
2009-04-28,26.679090778978562,26.823497772216797
2009-04-29,27.072600926659238,27.32170295715332
2009-04-30,27.552771388800068,27.534719467163086
2009-05-01,27.56780485988046,27.49139976501465
2009-05-04,27.61147929905985,27.425922393798828
2009-05-05,27.433210518357832,27.662425994873047
2009-05-06,27.77157328975511,27.891639709472656
2009-05-07,28.215445856725797,27.433198928833008
2009-05-08,27.807942583112666,27.92436981201172
2009-05-11,27.858866147676014,27.77882194519043
2009-05-12,27.651495435949965,27.887989044189453
2009-05-13,27.826146491293606,27.52416229248047
2009-05-14,27.473229931024278,27.233097076416016
2009-05-15,27.233086474767877,26.85106086730957
2009-05-18,27.047518980844682,27.422271728515625
2009-05-19,27.451381653264914,27.60419464111328
2009-05-20,27.69153291732899,28.011707305908203
2009-05-21,27.90254618503968,27.651498794555664
2009-05-22,27.771565360891294,28.033527374267578
2009-05-26,27.946198736752844,27.960752487182617
2009-05-27,28.13904923455642,28.011707305908203
2009-05-28,28.193622122766534,28.109941482543945
2009-05-29,28.302765166168165,28.320955276489258
2009-06-01,28.5651381704597,28.991098403930664
2009-06-02,28.884620837918515,28.906652450561523
2009-06-03,28.980095397366682,28.741409301757812
2009-06-04,28.64961365149449,28.829547882080078
2009-06-05,29.00579732469655,28.921340942382812
2009-06-08,28.998452282648042,28.972747802734375
2009-06-09,28.866261297123135,29.027833938598633
2009-06-10,29.10862126328066,29.064558029174805
2009-06-11,29.057202384180208,29.130645751953125
2009-06-12,29.23349669206309,29.281232833862305
2009-06-15,29.248168802697982,28.847909927368164
2009-06-16,29.005806488329107,28.572500228881836
2009-06-17,28.565149215893317,28.407249450683594
2009-06-18,28.29342396576488,28.678991317749023
2009-06-19,28.535766540918353,28.708354949951172
2009-06-22,28.671651815952305,28.31913185119629
2009-06-23,28.223648330969827,28.366859436035156
2009-06-24,28.45500228515073,28.51008415222168
2009-06-25,28.60186605233292,28.781797409057617
2009-06-26,28.76712363389487,28.77446937561035
2009-06-29,28.803839573556253,29.13432502746582
2009-06-30,29.193054910679802,29.27016830444336
2009-07-01,29.368393426618532,29.342453002929688
2009-07-02,29.24609565951683,28.8310489654541
2009-07-06,28.727286908389082,28.40117835998535
2009-07-07,28.582769872626343,28.004667282104492
2009-07-08,28.019492081456082,28.175134658813477
2009-07-09,28.397490873468925,28.579076766967773
2009-07-10,28.51606470015085,28.360422134399414
2009-07-13,28.6124045921985,28.42340850830078
2009-07-14,28.386355669401336,28.534587860107422
2009-07-15,28.68282629360078,29.16457748413086
2009-07-16,29.10157455702715,29.25351333618164
2009-07-17,29.21275273752631,29.279457092285156
2009-07-20,29.3609945566947,29.687103271484375
2009-07-21,29.77232143907484,29.831615447998047
2009-07-22,29.794573860324878,29.868688583374023
2009-07-23,30.016907655088392,30.172550201416016
2009-07-24,30.313385524679894,30.35044288635254
2009-07-27,30.450504088867266,30.406036376953125
2009-07-28,30.43936538696289,30.43936538696289
2009-07-29,30.55055357949362,30.543140411376953
2009-07-30,30.702475471493926,30.795120239257812
2009-07-31,31.03599640731844,31.295400619506836
2009-08-03,31.30621622948486,31.354801177978516
2009-08-04,31.504306255485563,31.28754997253418
2009-08-05,31.220279571140903,31.186643600463867
2009-08-06,31.28381336811092,30.93999481201172
2009-08-07,31.100697384480462,31.156755447387695
2009-08-10,31.25393530568942,31.298782348632812
2009-08-11,31.298758352611515,31.224016189575195
2009-08-12,31.123133401508223,31.14555549621582
2009-08-13,31.145555227644902,30.74941635131836
2009-08-14,30.87645394659424,30.596166610717773
2009-08-17,30.416771933467523,29.848724365234375
2009-08-18,30.102872866895407,30.364473342895508
2009-08-19,30.32337576581285,30.487812042236328
2009-08-20,30.517713512752657,30.394386291503906
2009-08-21,30.53265737535103,30.8092098236084
2009-08-24,30.824143871467687,30.648496627807617
2009-08-25,30.786769492255143,30.644758224487305
2009-08-26,30.77183541556299,30.764362335205078
2009-08-27,30.85031926248453,30.607402801513672
2009-08-28,30.831629113069653,30.760622024536133
2009-08-31,30.794260359101703,30.764362335205078
2009-09-01,30.788095998357445,30.475238800048828
2009-09-02,30.47522510602804,30.313142776489258
2009-09-03,30.41494232996427,30.50917625427246
2009-09-04,30.59962822693787,30.742862701416016
2009-09-08,30.88232581744868,31.180105209350586
2009-09-09,31.093425122894196,30.886112213134766
2009-09-10,31.04819208413716,31.364816665649414
2009-09-11,31.492994821870525,31.662614822387695
2009-09-14,31.688983069455922,31.70029067993164
2009-09-15,31.802056541743916,31.926443099975586
2009-09-16,32.16015056973298,32.337310791015625
2009-09-17,32.33728465224548,32.39382553100586
2009-09-18,32.31094227464079,32.303401947021484
2009-09-21,32.227997382250194,32.32223129272461
2009-09-22,32.42399878471317,32.2845344543457
2009-09-23,32.378775309190644,32.382545471191406
2009-09-24,32.52954083730613,32.44284439086914
2009-09-25,32.454159925993174,32.337310791015625
2009-09-28,32.47299722826521,32.5936164855957
2009-09-29,32.586106665205484,32.55595397949219
2009-09-30,32.548397064208984,32.548397064208984
2009-10-01,32.44007660641455,31.6914005279541
2009-10-02,31.558417589672803,31.702831268310547
2009-10-05,31.797806465092737,32.128440856933594
2009-10-06,32.22347452653295,32.018253326416016
2009-10-07,31.968805202998805,32.25383377075195
2009-10-08,32.25388520135833,32.4591064453125
2009-10-09,32.34506858062019,32.58449172973633
2009-10-12,32.63391065809005,32.576904296875
2009-10-13,32.63387978227627,32.569271087646484
2009-10-14,32.68331876885125,32.69852066040039
2009-10-15,32.70990960713617,32.6909065246582
2009-10-16,32.70990464742999,32.687103271484375
2009-10-19,32.74789582823622,32.6946907043457
2009-10-20,32.73270796079059,32.75551223754883
2009-10-21,32.808701705241326,32.8125
2009-10-22,32.93790307010379,33.063316345214844
2009-10-23,33.139352909396436,33.00634002685547
2009-10-26,32.93413262013541,33.02534103393555
2009-10-27,33.02536368845272,32.766937255859375
2009-10-28,32.82772688749535,32.22726821899414
2009-10-29,32.3716779670711,32.679508209228516
2009-10-30,32.68330498061168,32.371673583984375
2009-11-02,32.54527959034166,32.62575149536133
2009-11-03,32.41498025367316,32.698551177978516
2009-11-04,32.91697673763778,32.74836730957031
2009-11-05,32.81349651248769,32.775177001953125
2009-11-06,32.75218782123117,32.80583572387695
2009-11-09,32.87481225806606,32.93612289428711
2009-11-10,32.90548235301744,32.92464065551758
2009-11-11,32.93994616442526,32.94377899169922
2009-11-12,32.98977561882224,32.982112884521484
2009-11-13,32.913128841876855,32.916961669921875
2009-11-16,33.081735580388056,33.07024002075195
2009-11-17,33.13924117654883,33.062599182128906
2009-11-18,33.09324824613131,32.97828674316406
2009-11-19,33.03192426455377,33.0472526550293
2009-11-20,33.00894358166637,33.03960037231445
2009-11-23,33.06256187681756,33.00508117675781
2009-11-24,33.054933528461945,33.02427673339844
2009-11-25,33.051095937909366,33.03960037231445
2009-11-27,32.710044025826434,32.80967712402344
2009-11-30,32.80200021730075,32.916961669921875
2009-12-01,33.037374217068276,33.079833984375
2009-12-02,33.07986377045741,33.11460494995117
2009-12-03,33.16863049317791,33.15705108642578
2009-12-04,33.27673127723932,33.292171478271484
2009-12-07,33.326899858753876,33.33462142944336
2009-12-08,33.33075111507828,33.37321090698242
2009-12-09,33.39636972259723,33.37321090698242
2009-12-10,33.43497077264086,33.539188385009766
2009-12-11,33.58164575179458,33.55848693847656
2009-12-14,33.58166751544117,33.828704833984375
2009-12-15,33.81324715919092,33.793949127197266
2009-12-16,33.87113952636719,33.87113952636719
2009-12-17,33.81324196992121,33.85184097290039
2009-12-18,33.88276285194218,33.832584381103516
2009-12-21,33.894297530880536,33.932899475097656
2009-12-22,33.96764184070881,34.00624084472656
2009-12-23,34.02556056893321,34.087318420410156
2009-12-24,34.118176929553066,34.21467590332031
2009-12-28,34.24942743717025,34.11432647705078
2009-12-29,34.13374414941379,33.93170166015625
2009-12-30,33.997754374200845,34.075462341308594
2009-12-31,34.12984848022461,34.12984848022461
2010-01-04,34.192062189261385,34.39799118041992
2010-01-05,34.483430200343875,34.56113815307617
2010-01-06,34.596127949519634,34.6505241394043
2010-01-07,34.72822507390673,34.7903938293457
2010-01-08,34.798199130229946,34.844825744628906
2010-01-11,34.77485526501886,34.8137092590332
2010-01-12,34.7748483407479,34.634971618652344
2010-01-13,34.61943826231714,34.71268844604492
2010-01-14,34.75153350830078,34.75153350830078
2010-01-15,34.78262580414538,34.61166763305664
2010-01-19,34.58060499590066,34.62723159790039
2010-01-20,34.63887471231945,34.57670593261719
2010-01-21,34.64276637648986,34.0366325378418
2010-01-22,34.188133719634635,33.714107513427734
2010-01-25,33.89673350823029,33.76462936401367
2010-01-26,33.881202383872065,33.80738067626953
2010-01-27,33.787942571426456,33.819026947021484
2010-01-28,33.846231213178655,33.675270080566406
2010-01-29,33.908414994727636,33.504329681396484
2010-02-01,33.654281678831225,33.66603088378906
2010-02-02,33.779579927433446,33.7678337097168
2010-02-03,33.83047013529686,33.94010543823242
2010-02-04,33.79130989462362,33.4584846496582
2010-02-05,33.411507727202974,33.26271438598633
2010-02-08,33.203997994523036,33.117855072021484
2010-02-09,33.22748154494499,33.184410095214844
2010-02-10,33.16485155528665,32.73805618286133
2010-02-11,32.8555256628639,32.871185302734375
2010-02-12,32.87507018340925,32.85157775878906
2010-02-16,32.761500294544106,33.176551818847656
2010-02-17,33.348868611289944,33.431095123291016
2010-02-18,33.47415776545497,33.74824905395508
2010-02-19,33.81872545021074,33.975345611572266
2010-02-22,34.02234138894203,34.01842498779297
2010-02-23,34.07324092614505,33.77174377441406
2010-02-24,33.89705024235191,33.90096664428711
2010-02-25,33.78349894808092,33.90488052368164
2010-02-26,33.96751269042198,34.13196563720703
2010-03-01,34.1974627870353,34.15801239013672
2010-03-02,34.27240265199947,34.37891387939453
2010-03-03,34.430196820166685,34.4144172668457
2010-03-04,34.48936670192399,34.4420280456543
2010-03-05,34.55249747997673,34.64717483520508
2010-03-08,34.70240230747374,34.65506362915039
2010-03-09,34.64323914590915,34.80497741699219
2010-03-10,34.722106597197204,34.8167839050293
2010-03-11,34.78129834562416,34.78524398803711
2010-03-12,34.789182520624024,34.79312515258789
2010-03-15,34.79707421587258,34.75368118286133
2010-03-16,34.80102945295997,34.87203598022461
2010-03-17,34.89964946251398,34.87203598022461
2010-03-18,34.903606197266384,34.9233283996582
2010-03-19,34.74971389770508,34.74971389770508
2010-03-22,34.69449834631833,34.915409088134766
2010-03-23,34.9193644101375,34.911476135253906
2010-03-24,34.903598710254926,34.891761779785156
2010-03-25,34.96670283174204,34.97459411621094
2010-03-26,34.958822106547544,34.962764739990234
2010-03-29,35.00613021850586,35.00613021850586
2010-03-30,35.01011239005905,34.970664978027344
2010-03-31,34.93909377141085,34.860198974609375
2010-04-01,34.91106019352962,34.77593231201172
2010-04-05,34.83552413548448,34.760009765625
2010-04-06,34.77990142378727,34.986568450927734
2010-04-07,34.938871125577165,35.038230895996094
2010-04-08,35.014407969026436,35.097869873046875
2010-04-09,35.09389105923779,35.149532318115234
2010-04-12,35.193245625883314,35.157474517822266
2010-04-13,35.22900038927738,35.252845764160156
2010-04-14,35.33233434243495,35.34823226928711
2010-04-15,35.3800537184312,35.44364547729492
2010-04-16,35.43170856148092,35.157474517822266
2010-04-19,35.07799353538021,35.08991622924805
2010-04-20,35.236978602762,35.467491149902344
2010-04-21,35.50721124333462,35.47144317626953
2010-04-22,35.45952299941416,35.36811065673828
2010-04-23,35.372073613563884,35.59861373901367
2010-04-26,35.53104983175407,35.59861373901367
2010-04-27,35.59863763111781,35.149532318115234
2010-04-28,35.29260716578163,35.17337417602539
2010-04-29,35.33632680526152,35.41581344604492
2010-04-30,35.356166095865234,35.53104019165039
2010-05-03,35.547089380469885,35.52707290649414
2010-05-04,35.450985392967254,35.16276550292969
2010-05-05,34.92659354972729,34.68240737915039
2010-05-06,34.538316054563296,33.82176971435547
2010-05-07,33.80575638136719,33.81776809692383
2010-05-10,34.78250646618951,34.450252532958984
2010-05-11,34.29412466733885,34.410213470458984
2010-05-12,34.6263567471826,34.83051300048828
2010-05-13,34.86254786129085,34.61436080932617
2010-05-14,34.510268288564205,34.4141960144043
2010-05-17,34.4061927408376,34.37016677856445
2010-05-18,34.55430959973153,34.29811477661133
2010-05-19,34.19004434435771,34.09797286987305
2010-05-20,33.581584688080525,33.08120346069336
2010-05-21,32.62084579312691,33.745704650878906
2010-05-24,33.66563199412324,33.797733306884766
2010-05-25,33.305378112070954,33.75772476196289
2010-05-26,33.88181510839216,33.35341262817383
2010-05-27,33.681672685783305,33.81377410888672
2010-05-28,33.9418517547946,33.86979675292969
2010-06-01,33.72580239254357,33.70966720581055
2010-06-02,33.854858998373466,33.883094787597656
2010-06-03,33.97187073457884,33.89522933959961
2010-06-04,33.68546076920439,33.70562744140625
2010-06-07,33.66933417403803,33.471683502197266
2010-06-08,33.68948145723871,33.52410125732422
2010-06-09,33.60074858463105,33.59671401977539
2010-06-10,33.725789438789384,33.9395751953125
2010-06-11,33.758062746485514,33.98798370361328
2010-06-14,34.02428331833252,34.032352447509766
2010-06-15,34.14529688433622,34.36311721801758
2010-06-16,34.2824190840295,34.39133071899414
2010-06-17,34.48815689729671,34.649505615234375
2010-06-18,34.681788566578106,34.798763275146484
2010-06-21,35.00045880202109,34.92382049560547
2010-06-22,34.8915532279413,34.67373275756836
2010-06-23,34.70194264063901,34.649505615234375
2010-06-24,34.576924389473724,34.41154098510742
2010-06-25,34.54059278886177,34.56882858276367
2010-06-28,34.617249118180965,34.645484924316406
2010-06-29,34.51641204348408,34.29859161376953
2010-06-30,34.22598502992125,34.24615478515625
2010-07-01,34.32051410936239,34.409912109375
2010-07-02,34.361144534086215,34.418033599853516
2010-07-06,34.625282126024864,34.69029998779297
2010-07-07,34.69435607167945,35.10883712768555
2010-07-08,35.214499920477344,35.27138900756836
2010-07-09,35.27138157466334,35.19010925292969
2010-07-12,35.23480276878348,35.161659240722656
2010-07-13,35.25106071117158,35.43391799926758
2010-07-14,35.37295318077164,35.401397705078125
2010-07-15,35.33638494413908,35.454227447509766
2010-07-16,35.42984710211771,35.238861083984375
2010-07-19,35.344522269085296,35.356712341308594
2010-07-20,35.352649303146876,35.64115905761719
2010-07-21,35.791514392637524,35.624908447265625
2010-07-22,35.73865749419335,35.94183349609375
2010-07-23,35.91745997716158,36.1043815612793
2010-07-26,36.08408484156814,36.12065505981445
2010-07-27,36.161270664652534,36.07187271118164
2010-07-28,36.11657846914945,35.99467468261719
2010-07-29,36.116571627601274,36.1043815612793
2010-07-30,36.00279270076647,36.010921478271484
2010-08-02,36.16189301448272,36.19871520996094
2010-08-03,36.07188667144553,36.19871520996094
2010-08-04,36.23962905274658,36.178260803222656
2010-08-05,36.14145769102194,36.16191482543945
2010-08-06,36.14144470668048,36.15372085571289
2010-08-09,36.24368589301093,36.08822250366211
2010-08-10,36.0964497141691,36.075992584228516
2010-08-11,35.83459257510486,35.60548782348633
2010-08-12,35.45002742346758,35.482757568359375
2010-08-13,35.58097601528229,35.63825225830078
2010-08-16,35.5891329487754,35.683231353759766
2010-08-17,35.81822967529297,35.81822967529297
2010-08-18,35.83866654047437,35.87957763671875
2010-08-19,35.87959523738327,35.80595397949219
2010-08-20,35.805955001581985,35.89187240600586
2010-08-23,35.92051050037443,35.89187240600586
2010-08-24,35.80187621584744,35.70368576049805
2010-08-25,35.67504460881637,35.65459060668945
2010-08-26,35.68322113049325,35.60548782348633
2010-08-27,35.675043555098014,35.601402282714844
2010-08-30,35.60549424074372,35.66686248779297
2010-08-31,35.67504460881637,35.65459060668945
2010-09-01,35.81325969453905,36.03989791870117
2010-09-02,36.064609563295235,36.09757614135742
2010-09-03,36.151155015738844,36.2047233581543
2010-09-07,36.1305219761466,36.151126861572266
2010-09-08,36.151122726059576,36.15936279296875
2010-09-09,36.31597725190749,36.30361557006836
2010-09-10,36.35713934724517,36.398345947265625
2010-09-13,36.501397703611886,36.58793258666992
2010-09-14,36.583810632804,36.579689025878906
2010-09-15,36.45606973609438,36.54672622680664
2010-09-16,36.567325316538394,36.6085319519043
2010-09-17,36.6950586185911,36.67445373535156
2010-09-20,36.71567156334195,36.732154846191406
2010-09-21,36.769267958759436,36.67036819458008
2010-09-22,36.71571236498175,36.522037506103516
2010-09-23,36.46843748017674,36.42723083496094
2010-09-24,36.48081562126606,36.57147216796875
2010-09-27,36.645628127897716,36.63326644897461
2010-09-28,36.74039625117409,36.686824798583984
2010-09-29,36.75690842722758,36.77339172363281
2010-09-30,36.87224354566872,36.958778381347656
2010-10-01,37.00317545957833,37.00732421875
2010-10-04,37.03223831541646,36.87876892089844
2010-10-05,37.01978041016437,37.0114860534668
2010-10-06,37.00733699702828,36.978302001953125
2010-10-07,37.061269059983545,37.052974700927734
2010-10-08,37.10685511365788,37.1773681640625
2010-10-11,37.189845977709716,37.25621032714844
2010-10-12,37.235473209242464,37.22303009033203
2010-10-13,37.301823398490036,37.347450256347656
2010-10-14,37.380640353262436,37.169097900390625
2010-10-15,37.24372787923339,37.26446533203125
2010-10-18,37.31010952493294,37.2147102355957
2010-10-19,37.24376267142172,37.21057891845703
2010-10-20,37.256211892931,37.326725006103516
2010-10-21,37.36819815232347,37.26865005493164
2010-10-22,37.35990625865196,37.438716888427734
2010-10-25,37.525845682586755,37.58391571044922
2010-10-26,37.575592634709395,37.64196014404297
2010-10-27,37.62122423120956,37.600486755371094
2010-10-28,37.700034084157366,37.62122344970703
2010-10-29,37.666844746349604,37.63780975341797
2010-11-01,37.7050272576286,37.56723403930664
2010-11-02,37.66326858063538,37.75095748901367
2010-11-03,37.76765986798903,37.876224517822266
2010-11-04,38.02654139054435,38.368934631347656
2010-11-05,38.32302542000924,38.32720184326172
2010-11-08,38.289602862508815,38.21444320678711
2010-11-09,38.285417124042546,38.10586929321289
2010-11-10,38.101709105295676,37.792720794677734
2010-11-11,37.76350105212618,37.64241027832031
2010-11-12,37.63824412054833,37.5046272277832
2010-11-15,37.65071971493702,37.43359375
2010-11-16,37.4043848239299,37.02023696899414
2010-11-17,37.266621405575734,37.20816421508789
2010-11-18,37.50460973902725,37.67998123168945
2010-11-19,37.57976421694679,37.667449951171875
2010-11-22,37.47957865381281,37.4044189453125
2010-11-23,37.3208910588337,36.890811920166016
2010-11-24,36.982650718145656,37.112091064453125
2010-11-26,37.06615936600139,36.97847366333008
2010-11-29,36.95759821059066,37.07451248168945
2010-11-30,36.991017262557165,37.15803909301758
2010-12-01,37.40100985158432,37.501888275146484
2010-12-02,37.51869863193181,37.52289962768555
2010-12-03,37.49346431390523,37.5859375
2010-12-06,37.5859445585752,37.5649299621582
2010-12-07,37.75406224862783,37.75826644897461
2010-12-08,37.716227742025595,37.6363639831543
2010-12-09,37.691012662014764,37.5565071105957
2010-12-10,37.61954360447798,37.573307037353516
2010-12-13,37.577552722669566,37.38420104980469
2010-12-14,37.57750782327255,37.56909942626953
2010-12-15,37.5775203982744,37.4219970703125
2010-12-16,37.36737076450738,37.56072235107422
2010-12-17,37.55649522682694,37.61534118652344
2010-12-20,37.674193529121546,37.68260192871094
2010-12-21,37.74985703682684,37.76246643066406
2010-12-22,37.76668675439895,37.8675651550293
2010-12-23,37.8927822955136,37.905391693115234
2010-12-27,37.96423744963394,37.934814453125
2010-12-28,38.01816707142384,37.95894241333008
2010-12-29,38.00546063974695,38.085838317871094
2010-12-30,38.132359303756125,38.12812805175781
2010-12-31,38.12815176415259,38.195838928222656
2011-01-03,38.19583247130183,38.22544479370117
2011-01-04,38.31005447258076,38.39889144897461
2011-01-05,38.34388104451828,38.49617385864258
2011-01-06,38.513081790116985,38.542694091796875
2011-01-07,38.54695382157573,38.39466094970703
2011-01-10,38.33118101023663,38.36502456665039
2011-01-11,38.45809105547196,38.513084411621094
2011-01-12,38.51729466617084,38.593441009521484
2011-01-13,38.59767434674026,38.584983825683594
2011-01-14,38.644229136395964,38.648460388183594
2011-01-18,38.70768957792953,38.64423370361328
2011-01-19,38.61040450985002,38.52579879760742
2011-01-20,38.52581152675806,38.44966506958008
2011-01-21,38.487694763089024,38.606143951416016
2011-01-24,38.61885667059358,38.66115951538086
2011-01-25,38.67809127881888,38.720394134521484
2011-01-26,38.766918609362286,38.80076217651367
2011-01-27,38.821889167865905,38.85150146484375
2011-01-28,38.86843971296743,38.61885070800781
2011-01-31,38.72039024443458,38.826148986816406
2011-02-01,38.87678407680644,38.9023323059082
2011-02-02,38.95345639262815,38.944942474365234
2011-02-03,38.949201057670344,38.944942474365234
2011-02-04,39.042840058340396,39.1152229309082
2011-02-07,39.17486863851695,39.18764114379883
2011-02-08,39.221668734474854,39.23018264770508
2011-02-09,39.23020190575772,39.00880432128906
2011-02-10,39.00027547917673,39.051368713378906
2011-02-11,39.11523689696015,39.149295806884766
2011-02-14,39.110971351160465,39.17909240722656
2011-02-15,39.19613973117095,39.10247039794922
2011-02-16,39.174830062426366,39.1152229309082
2011-02-17,39.17060015195818,39.20466232299805
2011-02-18,39.2472257472201,39.3238639831543
2011-02-22,39.251482833244765,39.00027847290039
2011-02-23,39.0130755504826,39.03862380981445
2011-02-24,39.10671882757757,39.06840133666992
2011-02-25,39.08971318939067,39.18764114379883
2011-02-28,39.23020736523778,39.38348388671875
2011-03-01,39.40446163695394,39.323055267333984
2011-03-02,39.31020828512707,39.357337951660156
2011-03-03,39.37879108397838,39.498756408691406
2011-03-04,39.49872663278517,39.417320251464844
2011-03-07,39.47302918576616,39.425899505615234
2011-03-08,39.41733035924705,39.391624450683594
2011-03-09,39.40017762361958,39.28021240234375
2011-03-10,39.30592117405708,39.07455825805664
2011-03-11,39.03599532892279,39.06598663330078
2011-03-14,39.027405344124155,38.907440185546875
2011-03-15,38.51757364394709,38.70608901977539
2011-03-16,38.71467644137552,38.4661750793457
2011-03-17,38.654685913681334,38.88176345825195
2011-03-18,39.04884827811235,39.06598663330078
2011-03-21,39.19879976326295,39.305912017822266
2011-03-22,39.25453407854537,39.327369689941406
2011-03-23,39.28449780847706,39.28021240234375
2011-03-24,39.31449508666992,39.31449508666992
2011-03-25,39.34879019804114,39.327369689941406
2011-03-28,39.37445614124599,39.340179443359375
2011-03-29,39.28877159903417,39.361610412597656
2011-03-30,39.39587973785633,39.42158889770508
2011-03-31,39.43017975960188,39.40018844604492
2011-04-01,39.40018393141328,39.352760314941406
2011-04-04,39.42171996915454,39.59416580200195
2011-04-05,39.50795587990353,39.55106735229492
2011-04-06,39.62438453681863,39.6373176574707
2011-04-07,39.63300925542189,39.67612075805664
2011-04-08,39.70198700179813,39.67612075805664
2011-04-11,39.69767441331138,39.6373176574707
2011-04-12,39.6545274004637,39.51225662231445
2011-04-13,39.60712139368038,39.70196533203125
2011-04-14,39.66315957412474,39.54244613647461
2011-04-15,39.59847793458116,39.59416580200195
2011-04-18,39.533847438071554,39.45624542236328
2011-04-19,39.507942885578245,39.59416580200195
2011-04-20,39.66318777098874,39.74510192871094
2011-04-21,39.80114409428268,39.83994674682617
2011-04-25,39.857197438938705,39.79684066772461
2011-04-26,39.85716981036111,39.88734817504883
2011-04-27,39.874405383090846,39.9132080078125
2011-04-28,39.91322220847762,39.934776306152344
2011-04-29,39.990821777282804,40.02962112426758
2011-05-02,40.043925291251554,40.00922393798828
2011-05-03,40.09165112963855,40.017906188964844
2011-05-04,40.074304110064205,40.00489807128906
2011-05-05,40.00487229689015,39.84002685546875
2011-05-06,39.957202147265654,40.04396057128906
2011-05-09,40.078655958081605,40.09600830078125
2011-05-10,40.05260934557281,40.18274688720703
2011-05-11,40.20877093487207,40.12200927734375
2011-05-12,40.11333080963119,40.161048889160156
2011-05-13,40.169716706236414,39.99619674682617
2011-05-16,40.02224897352966,40.074302673339844
2011-05-17,40.06995091322553,40.14369583129883
2011-05-18,40.11766896137732,40.19141387939453
2011-05-19,40.20009147761991,40.17406463623047
2011-05-20,40.174061580483034,40.14369583129883
2011-05-23,40.02223295704573,39.952823638916016
2011-05-24,40.04392401603359,39.88775634765625
2011-05-25,39.92246100943315,39.88775634765625
2011-05-26,39.896444674558246,39.853065490722656
2011-05-27,39.887779006720216,39.97454071044922
2011-05-31,40.082984924316406,40.082984924316406
2011-06-01,40.05069903785886,39.84992218017578
2011-06-02,39.87610834191181,39.82373046875
2011-06-03,39.70150258277091,39.66658401489258
2011-06-06,39.69277975813674,39.5705680847168
2011-06-07,39.67530568599195,39.53999710083008
2011-06-08,39.52691161235568,39.352325439453125
2011-06-09,39.37414386850879,39.378509521484375
2011-06-10,39.400340297714145,39.12099838256836
2011-06-13,39.17334898032788,38.972572326660156
2011-06-14,39.26940361864474,39.21702575683594
2011-06-15,39.09917874069541,39.05116653442383
2011-06-16,39.02499079458558,38.35718536376953
2011-06-17,38.797999747681004,38.780540466308594
2011-06-20,38.82419913568208,39.05116653442383
2011-06-21,39.11660780131952,39.313018798828125
2011-06-22,39.23882392273946,39.02931594848633
2011-06-23,38.95512690848367,39.238834381103516
2011-06-24,39.30432119839791,39.05116653442383
2011-06-27,39.068610018250624,39.04241943359375
2011-06-28,39.15155368067739,39.19956588745117
2011-06-29,39.32613013732048,39.5880126953125
2011-06-30,39.588022657262925,39.854270935058594
2011-07-01,40.14502512570379,40.065956115722656
2011-07-05,40.00009284604701,40.11869812011719
2011-07-06,39.969365967176515,40.13629150390625
2011-07-07,40.22854210457203,40.29443359375
2011-07-08,40.0440567434629,40.18462371826172
2011-07-11,39.97814796923117,39.78926086425781
2011-07-12,39.762910411757694,39.67945098876953
2011-07-13,39.79806273072235,39.9869499206543
2011-07-14,39.91665706513454,39.9649772644043
2011-07-15,40.048437886791746,39.95179748535156
2011-07-18,39.86392515117823,39.88149642944336
2011-07-19,39.87710252318346,40.06159591674805
2011-07-20,40.15385203784051,40.096744537353516
2011-07-21,40.17141089346377,40.290016174316406
2011-07-22,40.23729954408511,40.34272384643555
2011-07-25,40.21535121907854,40.12749481201172
2011-07-26,40.16703004672117,40.21095657348633
2011-07-27,40.202184436819216,39.89469528198242
2011-07-28,39.938597851349044,39.95616912841797
2011-07-29,39.74533877595175,39.995723724365234
2011-08-01,40.12432589125091,40.08454895019531
2011-08-02,39.99173866172354,39.589569091796875
2011-08-03,39.602815626291815,39.56745910644531
2011-08-04,39.33326117800664,38.427268981933594
2011-08-05,38.64379616429156,38.38746643066406
2011-08-08,37.06604748397109,36.75226593017578
2011-08-09,37.23396951313422,37.87479019165039
2011-08-10,37.63172678706182,37.23397445678711
2011-08-11,36.97322845304135,37.910152435302734
2011-08-12,37.998557562987436,37.7333869934082
2011-08-15,37.994124119678766,38.347679138183594
2011-08-16,38.241647172563134,38.104644775390625
2011-08-17,38.285804630798026,38.52445602416992
2011-08-18,38.086947318303764,38.05601119995117
2011-08-19,37.68477140696712,37.72454833984375
2011-08-22,38.00741611794869,37.76876449584961
2011-08-23,37.68922044792445,38.05161666870117
2011-08-24,37.78641073167683,37.87921905517578
2011-08-25,38.104636807503674,37.57429885864258
2011-08-26,37.587551738654135,37.95436477661133
2011-08-29,38.21509986584711,38.338844299316406
2011-08-30,38.276979697240535,38.40956497192383
2011-08-31,38.79845580233902,38.90452194213867
2011-09-01,38.91477306186034,38.87919235229492
2011-09-02,38.50557041581487,38.69683074951172
2011-09-06,38.14528370368034,38.23868942260742
2011-09-07,38.51445963951872,38.42550277709961
2011-09-08,38.50111906339702,38.54560089111328
2011-09-09,38.4966859798206,38.198673248291016
2011-09-12,37.94514342811536,37.869529724121094
2011-09-13,37.95845335872255,38.15861129760742
2011-09-14,38.283172944088754,38.41216278076172
2011-09-15,38.50109753282566,38.67012023925781
2011-09-16,38.763550093625,38.64790344238281
2011-09-19,38.58117872425892,38.5900764465332
2011-09-20,38.66124189363119,38.652347564697266
2011-09-21,38.652345599411404,38.31875228881836
2011-09-22,37.882863117229235,37.79835510253906
2011-09-23,37.687174951508986,37.900672912597656
2011-09-26,37.98070971491965,38.0429801940918
2011-09-27,38.26982553878158,38.087459564208984
2011-09-28,38.06523066493257,37.66046905517578
2011-09-29,37.80726412952366,37.589317321777344
2011-09-30,37.353547499864725,36.842037200927734
2011-10-03,36.67548980847119,36.397918701171875
2011-10-04,36.089014471740015,36.28600311279297
2011-10-05,36.456139863443646,36.7292366027832
2011-10-06,36.84112789403553,37.29777908325195
2011-10-07,37.50821998454335,37.329139709472656
2011-10-10,37.77684105553231,38.130523681640625
2011-10-11,38.067843410958794,37.709686279296875
2011-10-12,37.95145336656756,38.587188720703125
2011-10-13,38.430488478175675,38.4260139465332
2011-10-14,38.640912171458794,38.694637298583984
2011-10-17,38.51108596860418,38.470794677734375
2011-10-18,38.466292983022555,38.67671203613281
2011-10-19,38.74835357078396,38.55136489868164
2011-10-20,38.68120152011085,38.89162063598633
2011-10-21,39.15126388145688,39.3616828918457
2011-10-24,39.39749177960226,40.42720031738281
2011-10-25,40.02878017986769,39.71091079711914
2011-10-26,40.06908297557343,39.88105010986328
2011-10-27,40.62423098834799,40.46753692626953
2011-10-28,40.36454609687198,40.34663772583008
2011-10-31,40.140689769387684,39.97056198120117
2011-11-01,39.41935220503633,39.257225036621094
2011-11-02,39.464372737437024,39.631004333496094
2011-11-03,39.94172929980959,40.02279281616211
2011-11-04,39.802123915564174,39.98226547241211
2011-11-07,39.9597483785382,39.84716033935547
2011-11-08,39.96876130525622,39.93723678588867
2011-11-09,39.50039878212106,39.090579986572266
2011-11-10,39.43737391433291,39.131134033203125
2011-11-11,39.36079592070077,39.64902114868164
2011-11-14,39.57695237582684,39.38330078125
2011-11-15,39.32026944922485,39.27973937988281
2011-11-16,39.167156761263506,38.89694595336914
2011-11-17,38.9599708767649,38.70777130126953
2011-11-18,38.856408051101106,38.68077087402344
2011-11-21,38.63571557866955,38.2439079284668
2011-11-22,38.234922813849714,37.95119857788086
2011-11-23,37.83409598817045,37.26665115356445
2011-11-25,37.37473473866052,37.26665115356445
2011-11-28,38.068279400970894,38.09980392456055
2011-11-29,38.24392871758682,38.347511291503906
2011-11-30,38.86541513467578,39.000518798828125
2011-12-01,38.977422624054455,39.17230987548828
2011-12-02,39.290115855517755,39.39435577392578
2011-12-05,39.630036030122774,39.61643981933594
2011-12-06,39.59832952158119,39.793216705322266
2011-12-07,39.693493796445225,39.666297912597656
2011-12-08,39.60739466278971,39.40797424316406
2011-12-09,39.47593302630397,39.747867584228516
2011-12-12,39.602858863155014,39.53487777709961
2011-12-13,39.66177137706574,39.38530349731445
2011-12-14,39.398898703072646,39.317317962646484
2011-12-15,39.584734992039394,39.45783233642578
2011-12-16,39.54393224370311,39.64364242553711
2011-12-19,39.67536124704738,39.593780517578125
2011-12-20,39.856648942786975,40.087791442871094
2011-12-21,39.97900090674285,40.201080322265625
2011-12-22,40.16936999933681,40.355194091796875
2011-12-23,40.332528535259975,40.541011810302734
2011-12-27,40.59343420388732,40.70286178588867
2011-12-28,40.7667303643527,40.51139450073242
2011-12-29,40.62536273976997,40.753028869628906
2011-12-30,40.7484847167098,40.775840759277344
2012-01-03,40.95365272000647,40.908058166503906
2012-01-04,40.89891792954925,40.83964538574219
2012-01-05,40.82599317763956,40.66184997558594
2012-01-06,40.757599283803714,40.534183502197266
2012-01-09,40.53874231094807,40.58889389038086
2012-01-10,40.76214877037585,40.73023223876953
2012-01-11,40.702883189790576,40.689205169677734
2012-01-12,40.68919158488987,40.63447952270508
2012-01-13,40.611692909011815,40.58889389038086
2012-01-17,40.753050169467315,40.67097854614258
2012-01-18,40.67550360665316,40.78493118286133
2012-01-19,40.90805991051143,40.8442268371582
2012-01-20,40.857904855927956,40.8442268371582
2012-01-23,40.93084202038274,40.985557556152344
2012-01-24,40.985583461379974,41.0904541015625
2012-01-25,41.17249139544725,41.45062255859375
2012-01-26,41.62845219818536,41.55093765258789
2012-01-27,41.49623559444628,41.40048599243164
2012-01-30,41.24545050202275,41.26824951171875
2012-01-31,41.377702742924626,41.37314224243164
2012-02-01,41.39468784746733,41.449710845947266
2012-02-02,41.53681278927585,41.47720718383789
2012-02-03,41.82568895865739,41.596431732177734
2012-02-06,41.55975151678167,41.6056022644043
2012-02-07,41.62853142942872,41.68813705444336
2012-02-08,41.74316781574117,41.72482681274414
2012-02-09,41.75234807622042,41.74317932128906
2012-02-10,41.5322309864009,41.38092041015625
2012-02-13,41.49556264865666,41.50014877319336
2012-02-14,41.47722164869789,41.50014877319336
2012-02-15,41.50931442223209,41.3671760559082
2012-02-16,41.36717050818124,41.541404724121094
2012-02-17,41.65145010022387,41.527652740478516
2012-02-21,41.57807289670427,41.68353271484375
2012-02-22,41.738551220540906,41.816497802734375
2012-02-23,41.84403708845977,41.96783447265625
2012-02-24,41.9769878299046,42.09619903564453
2012-02-27,41.99532742044226,42.10537338256836
2012-02-28,42.13747512217789,42.18791198730469
2012-02-29,42.22920700100754,42.24296188354492
2012-03-01,42.26923763165561,42.31535720825195
2012-03-02,42.306143340483025,42.14011001586914
2012-03-05,42.17698460720116,41.904876708984375
2012-03-06,41.7572793759655,41.34680938720703
2012-03-07,41.47597083691447,41.462135314941406
2012-03-08,41.62354906766018,41.784969329833984
2012-03-09,41.82647952562732,41.83108901977539
2012-03-12,41.79419547310172,41.83108901977539
2012-03-13,41.96021561637569,42.13547134399414
2012-03-14,42.112420319003874,42.02940368652344
2012-03-15,42.061684591271565,41.88642883300781
2012-03-16,41.92794167610039,41.73423385620117
2012-03-19,41.73423385950151,41.89104461669922
2012-03-20,41.85874938964844,41.85874938964844
2012-03-21,41.937128236652654,41.7249755859375
2012-03-22,41.71578205661439,41.826473236083984
2012-03-23,41.81264759166145,41.738853454589844
2012-03-26,41.794205816280524,41.992523193359375
2012-03-27,41.97404507712996,42.0662841796875
2012-03-28,42.08472845743065,41.927921295166016
2012-03-29,41.8864542052161,41.9233512878418
2012-03-30,41.95561364227307,41.84031295776367
2012-04-02,41.92614676756912,41.912227630615234
2012-04-03,41.902945084925584,41.87510681152344
2012-04-04,41.7451705147241,41.72196960449219
2012-04-05,41.69878838050545,41.61990737915039
2012-04-09,41.54101348395207,41.406455993652344
2012-04-10,41.420415470003256,41.20234298706055
2012-04-11,41.40646730779524,41.45286560058594
2012-04-12,41.49000408573135,41.82407760620117
2012-04-13,41.810144938557734,41.68950653076172
2012-04-16,41.77766793087374,41.75446701049805
2012-04-17,41.87975587641267,41.93543243408203
2012-04-18,41.87045815988296,41.9214973449707
2012-04-19,41.90757152906716,41.842613220214844
2012-04-20,41.97254347399901,41.90758514404297
2012-04-23,41.7683730545876,41.81941223144531
2012-04-24,41.86582302526853,41.9168586730957
2012-04-25,42.02360565194561,42.223121643066406
2012-04-26,42.223107765996595,42.250946044921875
2012-04-27,42.28806000310386,42.23237991333008
2012-04-30,42.23701761431977,42.315895080566406
2012-05-01,42.3900943507411,42.34810256958008
2012-05-02,42.30145512218522,42.51142120361328
2012-05-03,42.553388532550244,42.483402252197266
2012-05-04,42.43208314770447,42.39942169189453
2012-05-07,42.385407600936766,42.46939468383789
2012-05-08,42.40875734796154,42.4600830078125
2012-05-09,42.35277517653957,42.31078338623047
2012-05-10,42.450756651480205,42.26411819458008
2012-05-11,42.245446738790484,42.37142562866211
2012-05-14,42.22679691540208,42.05882263183594
2012-05-15,42.04015026244418,41.853511810302734
2012-05-16,41.90483664173233,41.442909240722656
2012-05-17,41.44290439061181,40.86899185180664
2012-05-18,41.06496415763761,40.86899185180664
2012-05-21,40.91565790716927,41.29359817504883
2012-05-22,41.4149267465942,41.288944244384766
2012-05-23,41.19560733040085,41.24693298339844
2012-05-24,41.17693214075362,41.25625228881836
2012-05-25,41.326249822766364,41.125614166259766
2012-05-29,41.307598595859574,41.578224182128906
2012-05-30,41.40091255354011,41.391578674316406
2012-05-31,41.43360217579898,40.953006744384766
2012-06-01,40.648724772644506,40.59708023071289
2012-06-04,40.629947662353516,40.629947662353516
2012-06-05,40.62997950309362,40.88819885253906
2012-06-06,41.07599045910026,41.32482147216797
2012-06-07,41.55018015215785,41.47975540161133
2012-06-08,41.470352057402984,41.63936996459961
2012-06-11,41.73797335828736,41.36707305908203
2012-06-12,41.50794238650225,41.658180236816406
2012-06-13,41.597093154396106,41.53606033325195
2012-06-14,41.54548312507915,41.8459587097168
2012-06-15,41.78492797702962,41.92108154296875
2012-06-18,41.82719552793055,41.9351806640625
2012-06-19,42.10887603314061,42.23094177246094
2012-06-20,42.33892697307802,42.395267486572266
2012-06-21,42.44218189866988,42.04780578613281
2012-06-22,42.19339401921507,42.3342399597168
2012-06-25,42.16520832824149,42.268497467041016
2012-06-26,42.30601344679437,42.207420349121094
2012-06-27,42.28258489198398,42.460994720458984
2012-06-28,42.34364041000987,42.45631790161133
2012-06-29,42.714519808088184,42.86006164550781
2012-07-02,42.87328197891506,42.906333923339844
2012-07-03,42.944090655208285,43.0621337890625
2012-07-05,42.967700584446256,43.066856384277344
2012-07-06,42.8449636108385,43.010223388671875
2012-07-09,42.962994970827005,43.02437973022461
2012-07-10,43.062166484436084,42.83552551269531
2012-07-11,42.90163122820646,42.97245788574219
2012-07-12,42.934656548704105,42.877994537353516
2012-07-13,42.925235733551546,43.010223388671875
2012-07-16,42.821341342464336,42.844947814941406
2012-07-17,42.96769754291147,43.04796600341797
2012-07-18,43.029071320472795,43.227386474609375
2012-07-19,43.208559166137626,43.33604431152344
2012-07-20,43.20853735920691,43.13298797607422
2012-07-23,42.892151388121185,43.0621337890625
2012-07-24,43.024396962786405,42.797752380371094
2012-07-25,42.91577639727228,42.7080192565918
2012-07-26,42.915750326364176,43.14711380004883
2012-07-27,43.14242962147048,43.402122497558594
2012-07-30,43.39268062670136,43.402122497558594
2012-07-31,43.41626090106671,43.2982177734375
2012-08-01,43.40030523326673,43.53324508666992
2012-08-02,43.42405585424362,43.35758590698242
2012-08-03,43.49050113662209,43.53797912597656
2012-08-06,43.514255112660216,43.50950622558594
2012-08-07,43.594973108430914,43.424049377441406
2012-08-08,43.48101960697839,43.45252990722656
2012-08-09,43.50001576263288,43.45728302001953
2012-08-10,43.40505322550863,43.41929626464844
2012-08-13,43.40029457739753,43.443023681640625
2012-08-14,43.44303629590395,43.50950622558594
2012-08-15,43.55223460683951,43.300594329833984
2012-08-16,43.36709932391527,43.462059020996094
2012-08-17,43.438318191140375,43.462059020996094
2012-08-20,43.471538028092766,43.5142707824707
2012-08-21,43.55223119325556,43.60920333862305
2012-08-22,43.56649398803711,43.56649398803711
2012-08-23,43.57123843437918,43.5569953918457
2012-08-24,43.57122266814176,43.751644134521484
2012-08-27,43.737429130949785,43.71843719482422
2012-08-28,43.7136625142954,43.68042755126953
2012-08-29,43.74217987060547,43.74217987060547
2012-08-30,43.71843741092388,43.723182678222656
2012-08-31,43.799132384659636,43.83711624145508
2012-09-04,43.86000801169593,43.83613586425781
2012-09-05,43.87910584491847,43.840911865234375
2012-09-06,43.8552498375046,44.098731994628906
2012-09-07,44.160788028323005,44.17510986328125
2012-09-10,44.151256132652136,44.103511810302734
2012-09-11,44.12739575788709,44.404296875
2012-09-12,44.46157585934411,44.5379638671875
2012-09-13,44.557066338748704,44.82441711425781
2012-09-14,44.829187620935414,44.819637298583984
2012-09-17,44.77189804160186,44.78144836425781
2012-09-18,44.79578084808338,44.80055236816406
2012-09-19,44.84828348946298,44.74325180053711
2012-09-20,44.700274419220115,44.533180236816406
2012-09-21,44.62387213637671,44.471099853515625
2012-09-24,44.40906227153326,44.41383743286133
2012-09-25,44.42336762040378,44.01756286621094
2012-09-26,44.00803319393115,43.797969818115234
2012-09-27,44.00802847120102,44.2753791809082
2012-09-28,44.23719607290005,44.06532669067383
2012-10-01,44.28368619550688,43.990928649902344
2012-10-02,44.077289593965915,44.101287841796875
2012-10-03,44.13971693256552,44.211708068847656
2012-10-04,44.26449470874208,44.39887619018555
2012-10-05,44.52847642821685,44.37489700317383
2012-10-08,44.2788817493858,44.312477111816406
2012-10-09,44.398867499993536,44.18769454956055
2012-10-10,44.22608593791847,44.08210372924805
2012-10-11,44.2501142485251,44.322105407714844
2012-10-12,44.36528081982468,44.39887619018555
2012-10-15,44.51887941313274,44.600467681884766
2012-10-16,44.662878045889045,44.76366424560547
2012-10-17,44.82604132889613,44.864437103271484
2012-10-18,44.80204306838619,44.84043884277344
2012-10-19,44.811624603611314,44.61484909057617
2012-10-22,44.634055423471175,44.62445831298828
2012-10-23,44.4900696807136,44.45647430419922
2012-10-24,44.55724611752675,44.418067932128906
2012-10-25,44.59564921231107,44.49006271362305
2012-10-26,44.504463513599305,44.38447952270508
2012-10-31,44.38450438946955,44.437294006347656
2012-11-01,44.24049562427194,44.413272857666016
2012-11-02,44.47088277304343,44.35089874267578
2012-11-05,44.346079437804576,44.27888870239258
2012-11-06,44.36049735178634,44.346099853515625
2012-11-07,44.274078786935384,44.08210372924805
2012-11-08,44.134897391724266,43.93812561035156
2012-11-09,43.8085577599336,43.861351013183594
2012-11-12,43.909350689006324,43.875755310058594
2012-11-13,43.8085396652827,43.77494430541992
2012-11-14,43.89495189476196,43.53499984741211
2012-11-15,43.45819525531202,43.515785217285156
2012-11-16,43.55898717747904,43.64057540893555
2012-11-19,43.78457515961897,44.19252014160156
2012-11-20,44.19252230554998,44.19731903076172
2012-11-21,44.1541121161352,44.18290710449219
2012-11-23,44.27409429128527,44.331687927246094
2012-11-26,44.30287470210294,44.341270446777344
2012-11-27,44.278893024858824,44.38447952270508
2012-11-28,44.35090768714435,44.394100189208984
2012-11-29,44.50446602000149,44.59085464477539
2012-11-30,44.586070823541036,44.65806198120117
2012-12-03,44.80228861752586,44.884307861328125
2012-12-04,44.865008566145676,44.884307861328125
2012-12-05,45.000100952254606,44.95668029785156
2012-12-06,44.942222531563345,45.03871536254883
2012-12-07,45.08694917498318,44.97115707397461
2012-12-10,45.111068902779564,45.00975036621094
2012-12-11,45.12554832426543,45.05317687988281
2012-12-12,45.13519461311548,45.18826675415039
2012-12-13,45.15931838143616,45.029052734375
2012-12-14,45.04355435204138,44.99530792236328
2012-12-17,45.024236733638126,45.16897964477539
2012-12-18,45.241338747000356,45.193092346191406
2012-12-19,45.226863301213314,45.14484405517578
2012-12-20,45.159345625393996,45.3040885925293
2012-12-21,45.082130540925576,45.173797607421875
2012-12-24,45.07729605725669,45.00975036621094
2012-12-26,45.11407880415457,45.11893081665039
2012-12-27,45.13833603345466,45.211097717285156
2012-12-28,45.11893305192954,45.08982467651367
2012-12-31,45.099489308705905,45.2838249206543
2013-01-02,45.63314080022165,45.710758209228516
2013-01-03,45.63797408449011,45.57006072998047
2013-01-04,45.58946273427369,45.59916305541992
2013-01-07,45.608876855450916,45.63798522949219
2013-01-08,45.64767234727167,45.6040153503418
2013-01-09,45.715597874819885,45.69134521484375
2013-01-10,45.75924346603573,45.768943786621094
2013-01-11,45.74466493990022,45.851383209228516
2013-01-14,45.817476717749514,45.78837203979492
2013-01-15,45.70588403819276,45.79805374145508
2013-01-16,45.73497698025343,45.72042465209961
2013-01-17,45.802891241199404,45.88535690307617
2013-01-18,45.861130459569026,45.948448181152344
2013-01-22,45.91447010284359,45.97753143310547
2013-01-23,45.94354907433471,45.92414474487305
2013-01-24,45.97266668362383,46.02602767944336
2013-01-25,46.06971053037763,46.011497497558594
2013-01-28,45.972679991786016,45.98723602294922
2013-01-29,45.94357504819125,45.90961837768555
2013-01-30,45.81744674450338,45.579750061035156
2013-01-31,45.56520566358655,45.43907928466797
2013-02-01,45.61902798928099,45.58976745605469
2013-02-04,45.49713473097808,45.399593353271484
2013-02-05,45.472730824293606,45.50199508666992
2013-02-06,45.4337272644043,45.4337272644043
2013-02-07,45.40932344616522,45.345924377441406
2013-02-08,45.316681084961644,45.35569763183594
2013-02-11,45.30204219073611,45.35081100463867
2013-02-12,45.31664651171715,45.5068473815918
2013-02-13,45.56047350268944,45.575103759765625
2013-02-14,45.477608103640186,45.555641174316406
2013-02-15,45.58003607447118,45.56052780151367
2013-02-19,45.599541710089056,45.60441970825195
2013-02-20,45.6385608933437,45.56052780151367
2013-02-21,45.56049177566231,45.60926055908203
2013-02-22,45.6629183895085,45.72144317626953
2013-02-25,45.73608714319629,45.58002471923828
2013-02-26,45.66782431106369,45.804378509521484
2013-02-27,45.77024030958389,45.88241195678711
2013-02-28,45.877503343172826,45.86287307739258
2013-03-01,45.84128504684786,45.954063415527344
2013-03-04,45.91975677688062,45.958984375
2013-03-05,45.988431534002295,46.05217361450195
2013-03-06,46.106087631013914,46.02273178100586
2013-03-07,46.06687432256195,46.091392517089844
2013-03-08,46.17473591035627,46.14531707763672
2013-03-11,46.13061136456211,46.115901947021484
2013-03-12,46.08648181553118,46.096290588378906
2013-03-13,46.14042140001626,46.10609817504883
2013-03-14,46.174749218685854,46.282623291015625
2013-03-15,46.21398314144654,46.27772521972656
2013-03-18,46.09139464925678,46.28752899169922
2013-03-19,46.31204562063674,46.209075927734375
2013-03-20,46.25317945276649,46.361053466796875
2013-03-21,46.27282457282552,46.27772521972656
2013-03-22,46.27771998821955,46.2433967590332
2013-03-25,46.238512374972686,46.174766540527344
2013-03-26,46.28260152694269,46.25808334350586
2013-03-27,46.18452321894005,46.17961883544922
2013-03-28,46.209052031854,46.26298904418945
2013-04-01,46.247238600371226,46.3458137512207
2013-04-02,46.30636848615716,46.31129837036133
2013-04-03,46.326084262573985,46.31129837036133
2013-04-04,46.29159034812434,46.2965202331543
2013-04-05,46.21764531737324,46.34086608886719
2013-04-08,46.3655253853175,46.39017105102539
2013-04-09,46.42959762213592,46.53803253173828
2013-04-10,46.50354108675521,46.685909271240234
2013-04-11,46.70069516936579,46.685909271240234
2013-04-12,46.64646233019228,46.700679779052734
2013-04-15,46.700670647268424,46.40494155883789
2013-04-16,46.53310999849508,46.72533416748047
2013-04-17,46.63163998101788,46.6513557434082
2013-04-18,46.63166723674762,46.577449798583984
2013-04-19,46.62675917441263,46.552825927734375
2013-04-22,46.67108794479831,46.66122817993164
2013-04-23,46.71055114056814,46.843631744384766
2013-04-24,46.86823992726025,46.92738723754883
2013-04-25,46.932340262112476,47.05556106567383
2013-04-26,47.05062140798671,47.006263732910156
2013-04-29,47.01614570365686,47.095008850097656
2013-04-30,47.13440494005713,47.24283981323242
2013-05-01,47.222051881383045,47.1527099609375
2013-05-02,47.301310745302914,47.45485305786133
2013-05-03,47.534079286047366,47.52912521362305
2013-05-06,47.50930850730588,47.558837890625
2013-05-07,47.60838167844013,47.52417755126953
2013-05-08,47.55885906959889,47.69259262084961
2013-05-09,47.64801021711374,47.55390548706055
2013-05-10,47.57372248563317,47.30625915527344
2013-05-13,47.25672460920662,47.11308670043945
2013-05-14,47.152716209839134,47.16262435913086
2013-05-15,47.16262176180861,47.16757583618164
2013-05-16,47.19729376867871,47.281494140625
2013-05-17,47.350836067975074,47.281494140625
2013-05-20,47.281475707473824,47.33100509643555
2013-05-21,47.33103443687071,47.420188903808594
2013-05-22,47.41027820151504,47.12795639038086
2013-05-23,47.053659512397346,46.999176025390625
2013-05-24,46.92982762409567,46.91001510620117
2013-05-28,47.068499648538165,46.73664855957031
2013-05-29,46.57813300537897,46.54841613769531
2013-05-30,46.55833201680298,46.64253234863281
2013-05-31,46.543463410906234,46.02339553833008
2013-06-03,45.993029873762545,45.98307418823242
2013-06-04,46.05277538223382,45.98307418823242
2013-06-05,45.89845620431904,45.58479690551758
2013-06-06,45.505149038475885,45.94327163696289
2013-06-07,46.022919111179746,45.97312927246094
2013-06-10,45.97312091479099,45.8785285949707
2013-06-11,45.594783782958984,45.594783782958984
2013-06-12,45.76900294971484,45.629600524902344
2013-06-13,45.62961123710876,46.15237045288086
2013-06-14,46.192194999048,46.207130432128906
2013-06-17,46.26685462502311,46.20213317871094
2013-06-18,46.18225815718428,46.316680908203125
2013-06-19,46.276835935476505,45.624629974365234
2013-06-20,45.350797241079945,45.176544189453125
2013-06-21,45.310998649406166,44.88283157348633
2013-06-24,44.53432425217067,44.3302001953125
2013-06-25,44.55918390397928,44.96245574951172
2013-06-26,45.15661321445869,45.335845947265625
2013-06-27,45.50515321083176,45.55493927001953
2013-06-28,45.45535380256226,45.246246337890625
2013-07-01,45.33133348750548,45.49149703979492
2013-07-02,45.441460214165645,45.35136795043945
2013-07-03,45.19120370330383,45.45647430419922
2013-07-05,45.241216197032905,44.97093963623047
2013-07-08,45.0910982434742,45.591609954833984
2013-07-09,45.59662488246353,45.61664581298828
2013-07-10,45.63663519119279,45.79679870605469
2013-07-11,46.13716491497167,46.372406005859375
2013-07-12,46.25227312583016,46.32734680175781
2013-07-15,46.38240604760154,46.52254867553711
2013-07-16,46.59263087961412,46.40744400024414
2013-07-17,46.56260059551372,46.7477912902832
2013-07-18,46.79780709713959,47.02804183959961
2013-07-19,47.023073984226556,46.998050689697266
2013-07-22,47.01306775630718,47.03308868408203
2013-07-23,46.99303481121427,46.9179573059082
2013-07-24,46.817852486058676,46.52254867553711
2013-07-25,46.302342019075475,46.417457580566406
2013-07-26,46.28729546697162,46.43744659423828
2013-07-29,46.347376563974464,46.33736801147461
2013-07-30,46.30732925211045,46.402427673339844
2013-07-31,46.292321310854256,46.537574768066406
2013-08-01,46.48374509921486,46.096466064453125
2013-08-02,46.25241037112995,46.378150939941406
2013-08-05,46.36302043076629,46.14171600341797
2013-08-06,46.23729480436648,46.096466064453125
2013-08-07,45.995860581230396,45.95059585571289
2013-08-08,45.980786491580986,46.05120086669922
2013-08-09,45.98578760499149,46.05620193481445
2013-08-12,45.99084541391298,46.0159912109375
2013-08-13,46.01096435390986,46.0159912109375
2013-08-14,45.9858176392524,45.92546081542969
2013-08-15,45.769532141051414,45.689056396484375
2013-08-16,45.75445806271058,45.53315353393555
2013-08-19,45.55326052271876,45.23136520385742
2013-08-20,45.4174455911392,45.648807525634766
2013-08-21,45.60358568794687,45.48287582397461
2013-08-22,45.55327313038526,45.72930908203125
2013-08-23,45.719274058880536,45.92045974731445
2013-08-26,45.930491510072166,45.92546081542969
2013-08-27,45.79470156145995,45.62872314453125
2013-08-28,45.64884586544156,45.79973220825195
2013-08-29,45.72428219048269,45.98582077026367
2013-08-30,46.005932532623454,45.94557571411133
2013-09-03,45.98097656714239,45.702884674072266
2013-09-04,45.77365651606313,45.87478256225586
2013-09-05,45.79391059428659,45.6422233581543
2013-09-06,45.905132477463084,45.79389572143555
2013-09-09,45.87480885430603,45.91020202636719
2013-09-10,45.9506358607894,46.07198715209961
2013-09-11,46.006239990525934,46.13264465332031
2013-09-12,46.10737374386875,46.07703399658203
2013-09-13,46.13267951852981,46.04166793823242
2013-09-16,46.370292432189224,46.29444885253906
2013-09-17,46.35006768225767,46.446136474609375
2013-09-18,46.436040218466324,46.89109802246094
2013-09-19,47.017482407816296,46.75456237792969
2013-09-20,46.73939451417643,46.698944091796875
2013-09-23,46.693904876708984,46.693904876708984
2013-09-24,46.65344522497852,46.5927734375
2013-09-25,46.58769964411238,46.51185607910156
2013-09-26,46.57255324841985,46.48659896850586
2013-09-27,46.45117643515211,46.436004638671875
2013-09-30,46.30962265478655,46.304569244384766
2013-10-01,46.31727812261117,46.50526809692383
2013-10-02,46.46969903400128,46.52558898925781
2013-10-03,46.566236159385696,46.55607223510742
2013-10-04,46.54083696531173,46.63737487792969
2013-10-07,46.4696967307982,46.51542663574219
2013-10-08,46.617045703999004,46.4951057434082
2013-10-09,46.6323007156319,46.535762786865234
2013-10-10,46.65260380756898,46.749141693115234
2013-10-11,46.82536165018807,46.83552169799805
2013-10-14,46.74408166162792,46.90666961669922
2013-10-15,46.94733133456438,46.891441345214844
2013-10-16,46.911742922267955,47.140380859375
2013-10-17,47.12514613526541,47.3690299987793
2013-10-18,47.394417504904716,47.46554946899414
2013-10-21,47.480796169313585,47.358856201171875
2013-10-22,47.44522774951769,47.50111770629883
2013-10-23,47.5417594909668,47.5417594909668
2013-10-24,47.5570182800293,47.5570182800293
2013-10-25,47.57732088333291,47.57223892211914
2013-10-28,47.58241580138132,47.56209182739258
2013-10-29,47.55192019012433,47.63829803466797
2013-10-30,47.63830055555874,47.44522476196289
2013-10-31,47.47571642289457,47.47063446044922
2013-11-01,47.480841276783536,47.38894271850586
2013-11-04,47.52168453324128,47.47063064575195
2013-11-05,47.43997297399899,47.34297180175781
2013-11-06,47.42466309139572,47.4808235168457
2013-11-07,47.53192747547042,47.511505126953125
2013-11-08,47.3225685421862,47.42978286743164
2013-11-11,47.45020387261204,47.25109100341797
2013-11-12,47.25619912347722,47.184722900390625
2013-11-13,47.15919540608191,47.36341094970703
2013-11-14,47.3532226770466,47.50128173828125
2013-11-15,47.51148307443802,47.572750091552734
2013-11-18,47.598257862303726,47.43488311767578
2013-11-19,47.41956188947037,47.414459228515625
2013-11-20,47.39406298760517,47.368534088134766
2013-11-21,47.394044991765725,47.531890869140625
2013-11-22,47.51145127336164,47.56761169433594
2013-11-25,47.582942497074384,47.639102935791016
2013-11-26,47.59315739928123,47.674842834472656
2013-11-27,47.807585579370276,47.64421081542969
2013-11-29,47.64933082824803,47.69527816772461
2013-12-02,47.65423056187348,47.710662841796875
2013-12-03,47.63884110094183,47.664493560791016
2013-12-04,47.58238603946736,47.541343688964844
2013-12-05,47.54136229463286,47.50545120239258
2013-12-06,47.623438371427355,47.63882827758789
2013-12-09,47.736309583183214,47.81325912475586
2013-12-10,47.81325912475586,47.81325912475586
2013-12-11,47.81325724182068,47.669612884521484
2013-12-12,47.67472552632501,47.58238220214844
2013-12-13,47.63884923378375,47.65937042236328
2013-12-16,47.64398808058139,47.70042037963867
2013-12-17,47.751698082176254,47.70552444458008
2013-12-18,47.71065945569452,47.78761291503906
2013-12-19,47.71066040791227,47.73631286621094
2013-12-20,47.73632146355242,47.7671012878418
2013-12-23,47.75682395295494,47.80299758911133
2013-12-24,47.761984350813314,47.777374267578125
2013-12-26,47.75002806266328,47.82221221923828
2013-12-27,47.837690804117095,47.81706619262695
2013-12-30,47.83252132892074,47.85830307006836
2013-12-31,47.87374228525164,47.88920974731445
2014-01-02,47.87891291688607,47.97172164916992
2014-01-03,47.94597692399311,47.95629119873047
2014-01-06,48.028437016230974,48.05937194824219
2014-01-07,48.06968621473931,48.05937194824219
2014-01-08,48.059381135434606,48.028446197509766
2014-01-09,48.08001473620524,48.10063934326172
2014-01-10,48.16251206867182,48.2450065612793
2014-01-13,48.23468487241144,48.19343566894531
2014-01-14,48.198620843861484,48.265647888183594
2014-01-15,48.31203438567685,48.36359786987305
2014-01-16,48.358465984477064,48.34299850463867
2014-01-17,48.37906467020708,48.3532829284668
2014-01-21,48.415184020996094,48.415184020996094
2014-01-22,48.43065017955197,48.34299850463867
2014-01-23,48.353296848061305,48.28111267089844
2014-01-24,48.18826187053967,47.961395263671875
2014-01-27,48.028459434058924,47.945960998535156
2014-01-28,48.00782320492463,48.1573486328125
2014-01-29,48.08000078858376,48.01297378540039
2014-01-30,48.10576561876292,48.09545135498047
2014-01-31,48.018116597128326,48.07999038696289
2014-02-03,48.20023450455434,47.935970306396484
2014-02-04,48.06031499752592,47.99295425415039
2014-02-05,47.99295425415039,47.99295425415039
2014-02-06,48.07584859667318,48.163936614990234
2014-02-07,48.22094047027237,48.4074821472168
2014-02-10,48.407501890391956,48.438594818115234
2014-02-11,48.46448530482483,48.521484375
2014-02-12,48.537057522526155,48.44378662109375
2014-02-13,48.41787616138781,48.58369064331055
2014-02-14,48.55256151248436,48.661380767822266
2014-02-18,48.61475399874703,48.72875213623047
2014-02-19,48.765032245037276,48.604400634765625
2014-02-20,48.65105568514584,48.75468826293945
2014-02-21,48.759825038445165,48.79609680175781
2014-02-24,48.83759603939186,48.90495681762695
2014-02-25,48.91528825186937,48.96192169189453
2014-02-26,49.00339098636875,49.04484558105469
2014-02-27,49.044840263235606,49.13811111450195
2014-02-28,49.1329232654261,49.18992233276367
2014-03-03,49.13943000443135,49.14463424682617
2014-03-04,49.26437685162893,49.3216552734375
2014-03-05,49.30604577125042,49.23314666748047
2014-03-06,49.27482746524558,49.160274505615234
2014-03-07,49.108175364341584,48.97279357910156
2014-03-10,48.96761488195635,48.97802734375
2014-03-11,49.01966948432362,48.925941467285156
2014-03-12,48.93634009590124,49.009239196777344
2014-03-13,49.04048152597985,48.87906265258789
2014-03-14,48.88948668146808,48.84262466430664
2014-03-17,48.899904009737156,48.910316467285156
2014-03-18,48.9623861890078,49.056114196777344
2014-03-19,49.045678478292665,48.80615234375
2014-03-20,48.89468625826101,48.97279357910156
2014-03-21,48.95195237530599,48.94153594970703
2014-03-24,49.05090039088525,48.95717239379883
2014-03-25,48.99362753402961,49.056114196777344
2014-03-26,49.12901100741883,49.0665283203125
2014-03-27,49.035245235016745,48.993587493896484
2014-03-28,49.066526172656395,49.07693862915039
2014-03-31,49.18105211606991,49.149810791015625
2014-04-01,49.20477564429831,49.241397857666016
2014-04-02,49.251850476753965,49.18906784057617
2014-04-03,49.2309342640772,49.21000671386719
2014-04-04,49.272786882636815,49.325103759765625
2014-04-07,49.3198407192007,49.22043991088867
2014-04-08,49.25709778343968,49.335575103759766
2014-04-09,49.335547253830505,49.41402053833008
2014-04-10,49.44019392741349,49.27277755737305
2014-04-11,49.2936830947452,49.06348419189453
2014-04-14,49.094874692727025,49.22043991088867
2014-04-15,49.29370510256824,49.27277755737305
2014-04-16,49.29370968125283,49.29894256591797
2014-04-17,49.27278718583209,49.241397857666016
2014-04-21,49.30417651399815,49.241397857666016
2014-04-22,49.30939964755145,49.293704986572266
2014-04-23,49.30417720993934,49.309410095214844
2014-04-24,49.30940440259864,49.31986618041992
2014-04-25,49.34079090873636,49.304168701171875
2014-04-28,49.31463253171822,49.293704986572266
2014-04-29,49.36697769165039,49.36697769165039
2014-04-30,49.36693015023917,49.35646438598633
2014-05-01,49.405379328630154,49.30552673339844
2014-05-02,49.4211311340332,49.4211311340332
2014-05-05,49.27924538380621,49.40011978149414
2014-05-06,49.4789205941742,49.41059875488281
2014-05-07,49.44740073341262,49.48419189453125
2014-05-08,49.54201553843419,49.473697662353516
2014-05-09,49.48419368201228,49.52098083496094
2014-05-12,49.59981398395487,49.57353973388672
2014-05-13,49.5420011641899,49.652366638183594
2014-05-14,49.61032441478341,49.67864227294922
2014-05-15,49.715407941043864,49.631324768066406
2014-05-16,49.6628718765578,49.7311897277832
2014-05-19,49.71544317985023,49.80478286743164
2014-05-20,49.80476443216232,49.741703033447266
2014-05-21,49.78374262063535,49.73644256591797
2014-05-22,49.74696488659178,49.77323913574219
2014-05-23,49.74695805537881,49.788997650146484
2014-05-27,49.804765186905925,49.836299896240234
2014-05-28,49.84680958681648,49.85206604003906
2014-05-29,49.87309403575568,49.89936828613281
2014-05-30,49.91513240140299,49.95191955566406
2014-06-02,50.02002612938214,49.79302215576172
2014-06-03,49.840539748165014,49.79830551147461
2014-06-04,49.787744938462765,49.79830551147461
2014-06-05,49.845815610960436,49.91972351074219
2014-06-06,49.94082964877348,50.062252044677734
2014-06-09,50.136148561701646,50.12031173706055
2014-06-10,50.02527121185497,50.09389877319336
2014-06-11,50.08861774943604,50.099178314208984
2014-06-12,50.051679502460715,50.0675163269043
2014-06-13,50.14145884275154,50.12561798095703
2014-06-16,50.10973485130658,50.099178314208984
2014-06-17,50.09392570114077,50.062252044677734
2014-06-18,50.067555951719996,50.289283752441406
2014-06-19,50.29453861246522,50.27870178222656
2014-06-20,50.289237020652536,50.32619094848633
2014-06-23,50.33148702406256,50.32093048095703
2014-06-24,50.29453861246522,50.27870178222656
2014-06-25,50.310366089447136,50.352596282958984
2014-06-26,50.33149742452557,50.29982376098633
2014-06-27,50.315660592755954,50.29982376098633
2014-06-30,50.21006931734759,50.2575798034668
2014-07-01,50.33446841166911,50.27083969116211
2014-07-02,50.30266571044922,50.30266571044922
2014-07-03,50.29734833152192,50.22842025756836
2014-07-07,50.21249733007336,50.19129180908203
2014-07-08,50.233728081180985,50.2019157409668
2014-07-09,50.23904168644374,50.16481018066406
2014-07-10,50.127667447805095,50.011016845703125
2014-07-11,50.016336077321185,50.09587097167969
2014-07-14,50.26555412120507,50.07997131347656
2014-07-15,50.08523474747772,50.00040054321289
2014-07-16,50.05874335989648,49.92088317871094
2014-07-17,49.899653539522,49.5709114074707
2014-07-18,49.71942657904531,49.77775192260742
2014-07-21,49.76184116177291,49.69291305541992
2014-07-22,49.71941403442742,49.76183319091797
2014-07-23,49.82016497579059,49.85728073120117
2014-07-24,49.87847487119556,49.94740295410156
2014-07-25,49.93679174750878,49.8625602722168
2014-07-28,49.846637550302255,49.714080810546875
2014-07-29,49.74590511602894,49.64516067504883
2014-07-30,49.698176252509015,49.43836212158203
2014-07-31,49.220986711216945,49.03540802001953
2014-08-01,49.04129587802934,49.030643463134766
2014-08-04,49.041296442167145,49.32896041870117
2014-08-05,49.33424837573164,49.2330322265625
2014-08-06,49.211721692954605,49.35022735595703
2014-08-07,49.3768741618409,49.382198333740234
2014-08-08,49.275659264947734,49.536685943603516
2014-08-11,49.60592606073803,49.77106475830078
2014-08-12,49.79239449013082,49.760433197021484
2014-08-13,49.88827808286638,49.904258728027344
2014-08-14,49.9255697164593,50.00014877319336
2014-08-15,50.085348918071034,50.10133361816406
2014-08-18,50.112000799031286,50.24517822265625
2014-08-19,50.27182766133415,50.229209899902344
2014-08-20,50.24519731148255,50.26650619506836
2014-08-21,50.26650619506837,50.26650619506836
2014-08-22,50.261163468613724,50.14396667480469
2014-08-25,50.2132407092246,50.25053024291992
2014-08-26,50.25053699937683,50.28782653808594
2014-08-27,50.3251342662145,50.239898681640625
2014-08-28,50.223870151506844,50.1652717590332
2014-08-29,50.202552795410156,50.202552795410156
2014-09-02,50.181178141569895,50.261451721191406
2014-09-03,50.26144995209855,50.13301467895508
2014-09-04,50.15976842500604,49.96711349487305
2014-09-05,49.97246067299437,49.90824508666992
2014-09-08,49.8975144500903,49.86005401611328
2014-09-09,49.844032060207425,49.62997055053711
2014-09-10,49.63532091891527,49.65137481689453
2014-09-11,49.59786046266917,49.65137481689453
2014-09-12,49.608556490287356,49.59250259399414
2014-09-15,49.63532526170885,49.50153732299805
2014-09-16,49.47475588726193,49.60319519042969
2014-09-17,49.699540206922585,49.763755798339844
2014-09-18,49.7583941307555,49.7797966003418
2014-09-19,49.8226206362382,49.854732513427734
2014-09-22,49.854734690986774,49.763755798339844
2014-09-23,49.65673080609508,49.512237548828125
2014-09-24,49.50150623473904,49.36236572265625
2014-09-25,49.28747651635146,49.02525329589844
2014-09-26,48.8165249245686,48.993125915527344
2014-09-29,48.72020063127676,48.891448974609375
2014-09-30,49.04129196423726,49.20718765258789
2014-10-01,49.30984578693631,49.261478424072266
2014-10-02,49.23994076743059,49.35817337036133
2014-10-03,49.49793730608591,49.524810791015625
2014-10-06,49.605437180551704,49.57856369018555
2014-10-07,49.51405388448163,49.390445709228516
2014-10-08,49.37972109780506,49.6269416809082
2014-10-09,49.52484140530282,49.10026550292969
2014-10-10,49.00348556128296,48.70252227783203
2014-10-13,48.66492587457797,48.460697174072266
2014-10-14,48.638028727912534,48.62190628051758
2014-10-15,48.48220106596346,48.63268280029297
2014-10-16,48.363960033131995,48.90677261352539
2014-10-17,49.30446089228393,49.32058334350586
2014-10-20,49.35282785798491,49.675289154052734
2014-10-21,49.77740579693258,50.078369140625
2014-10-22,50.06764699732327,49.75055694580078
2014-10-23,49.91178424087311,49.72905349731445
2014-10-24,49.68605132278499,49.86878204345703
2014-10-27,49.83651895842936,49.6645393371582
2014-10-28,49.73442747058701,49.745174407958984
2014-10-29,49.78279090544491,49.707550048828125
2014-10-30,49.71292390592663,49.68605041503906
2014-10-31,49.87953522711593,49.72905349731445
2014-11-03,49.77977694544404,49.83375549316406
2014-11-04,49.81758222438662,49.6772346496582
2014-11-05,49.74738222054082,49.666412353515625
2014-11-06,49.70421458762025,49.79597854614258
2014-11-07,49.79597543845473,49.84455490112305
2014-11-10,49.82833781832184,49.86612319946289
2014-11-11,49.86614743308056,49.9795036315918
2014-11-12,49.92013951646339,49.81757736206055
2014-11-13,49.866141601716315,49.61244201660156
2014-11-14,49.558457987811806,49.364131927490234
2014-11-17,49.4019221302959,49.358741760253906
2014-11-18,49.34254366946744,49.261573791503906
2014-11-19,49.17521883291852,49.250789642333984
2014-11-20,49.12124278447399,49.25619125366211
2014-11-21,49.455920801761906,49.526092529296875
2014-11-24,49.59087058033797,49.520694732666016
2014-11-25,49.49910713577402,49.60166931152344
2014-11-26,49.634021935726444,49.666412353515625
2014-11-28,49.43973006720078,49.19142532348633
2014-12-01,49.16806944277128,48.696292877197266
2014-12-02,48.83190644065896,48.96205139160156
2014-12-03,48.97828335238705,49.043357849121094
2014-12-04,48.99997861446931,49.01082229614258
2014-12-05,48.945762409142084,48.97287368774414
2014-12-08,48.87525938919225,48.72342300415039
2014-12-09,48.43057516900521,48.696292877197266
2014-12-10,48.46315158418895,48.13778305053711
2014-12-11,48.05643860257516,47.96424865722656
2014-12-12,47.61176006899971,47.313507080078125
2014-12-15,47.416545054082675,47.28639602661133
2014-12-16,46.87428295174574,47.11830520629883
2014-12-17,47.15623963893043,48.07810974121094
2014-12-18,48.80478585066209,48.46315383911133
2014-12-19,48.598727482030654,48.92951583862305
2014-12-22,48.88613322926665,48.81021499633789
2014-12-23,48.9348967100581,48.98370361328125
2014-12-24,49.00330789718445,49.15034866333008
2014-12-26,49.204830277173635,48.99788284301758
2014-12-29,49.0251121520996,49.02511215209961
2014-12-30,48.88896767995746,48.92708969116211
2014-12-31,48.94887093842679,48.796382904052734
2015-01-02,48.845399289380005,48.796382904052734
2015-01-05,48.524068680636404,48.3443489074707
2015-01-06,48.25174196755966,48.15916061401367
2015-01-07,48.534965160997935,48.45872116088867
2015-01-08,48.638441412714094,48.8236083984375
2015-01-09,48.861701985935994,49.06864929199219
2015-01-12,49.10679094491118,49.00876235961914
2015-01-13,49.01420954629815,49.00876235961914
2015-01-14,48.74734932459116,48.89439010620117
2015-01-15,49.00333099384739,48.594879150390625
2015-01-16,48.65480698496903,48.780067443847656
2015-01-20,48.92709581510516,48.69292068481445
2015-01-21,48.66564241440442,48.954280853271484
2015-01-22,49.02509635162655,49.0196533203125
2015-01-23,49.0196533203125,49.0196533203125
2015-01-26,49.05234802091221,49.242958068847656
2015-01-27,49.05778173084301,49.2048225402832
2015-01-28,49.237530063897196,49.10137939453125
2015-01-29,49.19938278619585,49.275630950927734
2015-01-30,49.221152349676075,49.13946533203125
2015-02-02,49.22968301582268,49.32810974121094
2015-02-03,49.42107939544454,49.606998443603516
2015-02-04,49.56326553030818,49.39921951293945
2015-02-05,49.514068245895,49.689048767089844
2015-02-06,49.79838310079157,49.727298736572266
2015-02-09,49.69448657013648,49.606998443603516
2015-02-10,49.70543539724848,49.776519775390625
2015-02-11,49.74919356498772,49.760128021240234
2015-02-12,49.83666166226466,49.754638671875
2015-02-13,49.765590882958165,49.825740814208984
2015-02-17,49.89134974247916,49.79292297363281
2015-02-18,49.84212161018081,49.96242141723633
2015-02-19,49.90775240959076,49.84760665893555
2015-02-20,49.84214103093913,49.98431396484375
2015-02-23,50.00618651183163,50.0225944519043
2015-02-24,50.011661737572545,50.07181167602539
2015-02-25,50.10458997134528,50.2358283996582
2015-02-26,50.2194414229899,50.224910736083984
2015-02-27,50.25223216023187,50.2358283996582
2015-03-02,50.28143226138765,50.22651672363281
2015-03-03,50.149614665089764,50.08371353149414
2015-03-04,50.001361140085365,49.99037551879883
2015-03-05,50.06723929554156,50.08371353149414
2015-03-06,49.94643000998223,49.76520919799805
2015-03-09,49.825612716460064,49.66086196899414
2015-03-10,49.57848949213664,49.468658447265625
2015-03-11,49.61691556827317,49.605934143066406
2015-03-12,49.754245276981365,49.7048225402832
2015-03-13,49.62243699809582,49.534568786621094
2015-03-16,49.572990482310864,49.48512649536133
2015-03-17,49.358838175350364,49.2380256652832
2015-03-18,49.23800929014345,49.677337646484375
2015-03-19,49.51806947768037,49.28192901611328
2015-03-20,49.479648739675916,49.66636657714844
2015-03-23,49.660888425581874,49.7048225402832
2015-03-24,49.68834709982015,49.78170394897461
2015-03-25,49.81463366435506,49.64988708496094
2015-03-26,49.70478315981876,49.64437484741211
2015-03-27,49.638896717663116,49.682830810546875
2015-03-30,49.704797913524956,49.82012176513672
2015-03-31,49.80363867496805,49.75970458984375
2015-04-01,49.84024258778348,49.862308502197266
2015-04-02,49.90093612670898,49.900936126708984
2015-04-06,49.856791726535675,50.027801513671875
2015-04-07,50.071958913090334,50.2926139831543
2015-04-08,50.31465194486893,50.28155517578125
2015-04-09,50.3036298105749,50.23191452026367
2015-04-10,50.22638016555415,50.34773635864258
2015-04-13,50.34776719260171,50.253990173339844
2015-04-14,50.270525406589186,50.27604293823242
2015-04-15,50.331247742624015,50.474674224853516
2015-04-16,50.4415311060008,50.369815826416016
2015-04-17,50.331209284586684,50.21536636352539
2015-04-20,50.33121599137119,50.32570266723633
2015-04-21,50.463618704600435,50.35880661010742
2015-04-22,50.43601722648457,50.309139251708984
2015-04-23,50.34226337302526,50.2926139831543
2015-04-24,50.30362461909274,50.375335693359375
2015-04-27,50.447042719536185,50.39188003540039
2015-04-28,50.353265789058135,50.31465148925781
2015-04-29,50.19879743178359,50.220863342285156
2015-04-30,50.19881205653986,50.193294525146484
2015-05-01,50.2331998714381,50.30522918701172
2015-05-04,50.39385973725785,50.294124603271484
2015-05-05,50.249844058027975,50.22768020629883
2015-05-06,50.22764974296241,50.07804489135742
2015-05-07,50.03372791513275,50.072513580322266
2015-05-08,50.34401665895797,50.46591567993164
2015-05-11,50.42712328986825,50.150081634521484
2015-05-12,50.06694851124477,50.1445198059082
2015-05-13,50.211034417044864,50.072513580322266
2015-05-14,50.194423277758474,50.316322326660156
2015-05-15,50.36616690001581,50.42711639404297
2015-05-18,50.42156926215544,50.343997955322266
2015-05-19,50.35508483867127,50.26643371582031
2015-05-20,50.27197781298781,50.20548629760742
2015-05-21,50.19995551715589,50.27752685546875
2015-05-22,50.27199885850458,50.316322326660156
2015-05-26,50.23873449752897,50.21103286743164
2015-05-27,50.29968216863857,50.32184600830078
2015-05-28,50.3163082562102,50.299686431884766
2015-05-29,50.28860982081896,50.37172317504883
2015-06-01,50.45074745436609,50.45631408691406
2015-06-02,50.506393222409635,50.361690521240234
2015-06-03,50.306037373681065,50.088985443115234
2015-06-04,50.05004896403642,49.927608489990234
2015-06-05,49.8051188098484,49.77729415893555
2015-06-08,49.82181444961482,49.77729415893555
2015-06-09,49.766177795008545,49.69382858276367
2015-06-10,49.704966109447575,49.760623931884766
2015-06-11,49.794007669651755,49.86079025268555
2015-06-12,49.766187972813306,49.67714309692383
2015-06-15,49.57139694032965,49.443389892578125
2015-06-16,49.42668905263564,49.721656799316406
2015-06-17,49.643747553131405,49.67714309692383
2015-06-18,49.69382954900601,49.86079025268555
2015-06-19,49.955462594503906,49.888675689697266
2015-06-22,50.027769426131,49.98881149291992
2015-06-23,49.960983833997986,49.955421447753906
2015-06-24,49.92205473538941,49.821876525878906
2015-06-25,49.849682940155496,49.67158889770508
2015-06-26,49.6715925480558,49.52688980102539
2015-06-29,49.33763959815362,49.18737030029297
2015-06-30,49.39888029342237,49.421142578125
2015-07-01,49.64752990603276,49.429508209228516
2015-07-02,49.55813808368592,49.61404037475586
2015-07-06,49.51894374442219,49.45185852050781
2015-07-07,49.37921950016096,49.491024017333984
2015-07-08,49.28974530831579,49.24502182006836
2015-07-09,49.44626948684388,49.35682678222656
2015-07-10,49.52456747880098,49.6419677734375
2015-07-13,49.70344290684755,49.686668395996094
2015-07-14,49.60842216422135,49.636375427246094
2015-07-15,49.63078392162733,49.636375427246094
2015-07-16,49.69225693479451,49.71461868286133
2015-07-17,49.74815102135952,49.5804443359375
2015-07-20,49.55808884314673,49.35124588012695
2015-07-21,49.3121019495202,49.26179122924805
2015-07-22,49.12206988599609,48.943180084228516
2015-07-23,48.9263742045649,48.91519546508789
2015-07-24,48.91521705255809,48.77545928955078
2015-07-27,48.64129554457688,48.56861877441406
2015-07-28,48.6189410005433,48.83137130737305
2015-07-29,48.83132537037763,49.116432189941406
2015-07-30,49.08848879648961,49.26179122924805
2015-07-31,49.20031737828333,49.177955627441406
2015-08-03,49.18695679898318,49.085880279541016
2015-08-04,49.13638116424073,49.11391830444336
2015-08-05,49.215031612658315,49.04656219482422
2015-08-06,48.984795884893394,48.84440612792969
2015-08-07,48.77138981520654,48.692771911621094
2015-08-10,48.726447615197074,48.83314514160156
2015-08-11,48.64784853500159,48.60853958129883
2015-08-12,48.44007979367845,48.541160583496094
2015-08-13,48.50183679879473,48.479373931884766
2015-08-14,48.456930919256955,48.507469177246094
2015-08-17,48.456930919256955,48.507469177246094
2015-08-18,48.44567489624023,48.445674896240234
2015-08-19,48.412001389729475,48.40077209472656
2015-08-20,48.23792240940002,48.1649169921875
2015-08-21,48.030161331562695,47.99085235595703
2015-08-24,47.06428297723473,47.5977668762207
2015-08-25,48.04695283332651,47.693172454833984
2015-08-26,47.87851664540171,48.0919075012207
2015-08-27,48.215436474776055,48.451290130615234
2015-08-28,48.41762078617732,48.496238708496094
2015-08-31,48.428829193115234,48.428829193115234
2015-09-01,48.34027173240432,48.272586822509766
2015-09-02,48.47002029418945,48.47002029418945
2015-09-03,48.509480486571825,48.53768539428711
2015-09-04,48.43052150932379,48.4869270324707
2015-09-08,48.70691090906249,48.752037048339844
2015-09-09,48.847928185583946,48.68999099731445
2015-09-10,48.667429012212395,48.80844497680664
2015-09-11,48.59411669016117,48.79153823852539
2015-09-14,48.71254339248497,48.70690155029297
2015-09-15,48.65051441631201,48.695640563964844
2015-09-16,48.52640142472239,48.52075958251953
2015-09-17,48.51512368516066,48.560245513916016
2015-09-18,48.41924676644334,48.424888610839844
2015-09-21,48.43053798464077,48.33464813232422
2015-09-22,48.14287302963849,47.98493576049805
2015-09-23,47.973641585477,47.90031051635742
2015-09-24,47.80441471528725,47.66339874267578
2015-09-25,47.719798166879,47.42084503173828
2015-09-28,47.19523485767259,46.69321823120117
2015-09-29,46.65371858266848,46.68756103515625
2015-09-30,46.89064368097878,46.98089599609375
2015-10-01,46.900400251410595,46.679359436035156
2015-10-02,46.41298585998775,46.72471237182617
2015-10-05,46.96840612254446,47.285797119140625
2015-10-06,47.3141572643381,47.546531677246094
2015-10-07,47.80722204501745,48.033931732177734
2015-10-08,47.960281992076986,48.232330322265625
2015-10-09,48.30598264599217,48.23796844482422
2015-10-12,48.2776525897724,48.14729309082031
2015-10-13,48.056603133306524,48.033931732177734
2015-10-14,48.03961666369838,47.999942779541016
2015-10-15,48.073630246902255,48.113304138183594
2015-10-16,48.12465135916396,48.334354400634766
2015-10-19,48.260675619667936,48.46471405029297
2015-10-20,48.39100720013685,48.51002883911133
2015-10-21,48.54403921578431,48.459022521972656
2015-10-22,48.50438786834833,48.47604751586914
2015-10-23,48.6857424618698,48.64606857299805
2015-10-26,48.702750390906594,48.595062255859375
2015-10-27,48.55540018792889,48.436378479003906
2015-10-28,48.436363329937535,48.56672286987305
2015-10-29,48.43066348177456,48.44200134277344
2015-10-30,48.47603540613325,48.49870681762695
2015-11-02,48.500969897106806,48.64901351928711
2015-11-03,48.6034528194257,48.70024871826172
2015-11-04,48.72304332621954,48.557918548583984
2015-11-05,48.54083028471878,48.37001037597656
2015-11-06,48.18213017667074,48.13657760620117
2015-11-09,48.03408996749451,47.937294006347656
2015-11-10,47.886005727149104,47.82906723022461
2015-11-11,47.85189005822816,47.71523666381836
2015-11-12,47.527309554388495,47.39634704589844
2015-11-13,47.41914187865164,47.25971221923828
2015-11-16,47.20845526454263,47.48176193237305
2015-11-17,47.60134779241358,47.51593780517578
2015-11-18,47.48747958253318,47.607051849365234
2015-11-19,47.447585563962214,47.179969787597656
2015-11-20,47.191382090050986,47.16860580444336
2015-11-23,47.11166490539681,47.128746032714844
2015-11-24,47.06043275443136,47.19139099121094
2015-11-25,47.16860218161319,47.24262619018555
2015-11-27,47.27110162956637,47.316654205322266
2015-11-30,47.316663671163525,47.2881965637207
2015-12-01,47.401455375335004,47.62458801269531
2015-12-02,47.590259968941744,47.52732467651367
2015-12-03,47.44150426096405,47.40145492553711
2015-12-04,47.372838518333616,47.29273986816406
2015-12-07,47.10393710449396,46.96090316772461
2015-12-08,46.58901112042102,46.3773193359375
2015-12-09,46.37734481559849,46.617645263671875
2015-12-10,46.49747560209465,46.423099517822266
2015-12-11,46.07982741943774,45.496246337890625
2015-12-14,45.4275997401086,45.10148239135742
2015-12-15,45.65643622878697,45.83951950073242
2015-12-16,45.99398631121662,46.188514709472656
2015-12-17,46.17135456590631,45.67359924316406
2015-12-18,45.51912413046893,45.50196075439453
2015-12-21,45.59922468552118,45.35892868041992
2015-12-22,45.42759575861538,45.90818786621094
2015-12-23,46.062700699466994,46.20001220703125
2015-12-24,46.21376336707048,46.29428482055664
2015-12-28,46.150483248840786,46.0181999206543
2015-12-29,46.104479031512746,46.28277587890625
2015-12-30,46.225291465445665,46.31731414794922
2015-12-31,46.288546996356025,46.34606170654297
2016-01-04,46.01821108264277,46.06997299194336
2016-01-05,46.20801573138353,46.156253814697266
2016-01-06,45.97220413077288,46.156253814697266
2016-01-07,45.82266539956116,45.857177734375
2016-01-08,46.035480325032914,45.73639678955078
2016-01-11,45.93193713815164,45.66736602783203
2016-01-12,45.94921347769999,45.713401794433594
2016-01-13,45.747888867370634,45.20724105834961
2016-01-14,45.24173993263858,45.408531188964844
2016-01-15,44.67235752691533,44.81039810180664
2016-01-19,44.833429332579996,44.65513229370117
2016-01-20,44.304247950964296,44.356014251708984
2016-01-21,44.35605296512113,44.65513229370117
2016-01-22,45.092236548574526,45.33955383300781
2016-01-25,45.20147600258549,44.89089584350586
2016-01-26,45.06923423195332,45.29354476928711
2016-01-27,45.2762574142007,45.224491119384766
2016-01-28,45.50058811466836,45.45457458496094
2016-01-29,45.55233297513575,45.60409927368164
2016-02-01,45.52377382296173,45.333030700683594
2016-02-02,45.11338730445461,45.00934600830078
2016-02-03,45.14803385514001,45.22895431518555
2016-02-04,45.2116193931299,45.08445739746094
2016-02-05,45.07869620830446,44.737674713134766
2016-02-08,44.37352031775753,44.21746063232422
2016-02-09,43.98047289993971,44.049835205078125
2016-02-10,44.16544433438289,43.98625946044922
2016-02-11,43.552769908562524,43.691490173339844
2016-02-12,43.847553112157584,44.34463882446289
2016-02-16,44.396644240490005,44.38508605957031
2016-02-17,44.6105092074012,44.749229431152344
2016-02-18,44.91108415324979,44.789703369140625
2016-02-19,44.59319715020727,44.87641906738281
2016-02-22,45.10761591610424,45.263675689697266
2016-02-23,45.119142638164234,45.171165466308594
2016-02-24,44.830115904928284,45.246280670166016
2016-02-25,45.27521149248384,45.489070892333984
2016-02-26,45.63357620095373,45.7954216003418
2016-02-29,45.82430994796857,46.28671646118164
2016-03-01,46.38492267830812,47.01826095581055
2016-03-02,46.77421146076083,46.69867706298828
2016-03-03,46.640571635374876,46.855560302734375
2016-03-04,46.93690794732758,46.98920440673828
2016-03-07,46.878809752460924,47.04731369018555
2016-03-08,46.94274086713913,46.71613311767578
2016-03-09,46.80326389318217,46.832313537597656
2016-03-10,47.09961048347291,47.157718658447266
2016-03-11,47.483103953923326,47.727142333984375
2016-03-14,47.57607074615288,47.593505859375
2016-03-15,47.29716279890187,47.15190124511719
2016-03-16,47.024090246668564,47.4656867980957
2016-03-17,47.5760644985539,47.7678108215332
2016-03-18,47.82009680639293,47.87820053100586
2016-03-21,47.872393418247604,47.82590866088867
2016-03-22,47.727143688407004,47.698089599609375
2016-03-23,47.68645279704559,47.47727584838867
2016-03-24,47.13449684930184,47.26813507080078
2016-03-28,47.2158080459181,47.05311584472656
2016-03-29,46.913664879406696,47.23324203491211
2016-03-30,47.32039873812533,47.4017448425293
2016-03-31,47.34947484612399,47.4656867980957
2016-04-01,47.27245049825002,47.50011444091797
2016-04-04,47.43590204854852,47.38336181640625
2016-04-05,47.17903574547833,47.20822525024414
2016-04-06,47.28995088461213,47.60517883300781
2016-04-07,47.41252858056377,47.371665954589844
2016-04-08,47.6226976743767,47.587669372558594
2016-04-11,47.66356738792888,47.65188980102539
2016-04-12,47.73362327524442,47.93210220336914
2016-04-13,48.04880519814863,48.247283935546875
2016-04-14,48.24731310139866,48.229801177978516
2016-04-15,48.1422537142896,48.153926849365234
2016-04-18,47.96129021427874,48.42829132080078
2016-04-19,48.539154759631536,48.63255310058594
2016-04-20,48.673488178746446,48.72602844238281
2016-04-21,48.78434777084165,48.574195861816406
2016-04-22,48.61509796868526,48.685150146484375
2016-04-25,48.59755489986557,48.49831771850586
2016-04-26,48.62092248077726,48.66178512573242
2016-04-27,48.70846272322311,48.94779968261719
2016-04-28,48.93614865114501,48.86609649658203
2016-04-29,48.819373017418954,48.94779968261719
2016-05-02,48.896237168182594,48.966609954833984
2016-05-03,48.790677768161615,48.64993667602539
2016-05-04,48.561923496809335,48.46809768676758
2016-05-05,48.62059614321049,48.42707443237305
2016-05-06,48.221829489640555,48.39775466918945
2016-05-09,48.321518779485544,48.30978775024414
2016-05-10,48.33909806277032,48.72027587890625
2016-05-11,48.72029680426742,48.68510818481445
2016-05-12,48.8141249448736,48.761348724365234
2016-05-13,48.714436737058236,48.54437255859375
2016-05-16,48.632341936618396,48.81413269042969
2016-05-17,48.732012387329675,48.714420318603516
2016-05-18,48.732002430969025,48.72027587890625
2016-05-19,48.55024980215161,48.58543395996094
2016-05-20,48.59126406427017,48.755462646484375
2016-05-23,48.74375432581846,48.7672119140625
2016-05-24,48.890345440451824,49.06040954589844
2016-05-25,49.16009621994812,49.13663864135742
2016-05-26,49.224635666399735,48.99592971801758
2016-05-27,49.019371979561285,49.07801818847656
2016-05-31,49.113204368492184,49.031105041503906
2016-06-01,48.902642985196444,49.108882904052734
2016-06-02,49.02636760755877,49.12065124511719
2016-06-03,49.16780125047662,49.209049224853516
2016-06-06,49.36813415379984,49.427059173583984
2016-06-07,49.4859939904677,49.64509201049805
2016-06-08,49.709935235100225,49.83367919921875
2016-06-09,49.833670254592235,49.63921356201172
2016-06-10,49.438872954659296,49.39762496948242
2016-06-13,49.203150939152216,49.06761932373047
2016-06-14,48.98514872447764,48.902652740478516
2016-06-15,49.0617630912018,48.926231384277344
2016-06-16,48.820145378519584,48.9556770324707
2016-06-17,48.961547956949666,48.9851188659668
2016-06-20,49.338687449071806,49.273868560791016
2016-06-21,49.36225535189463,49.462432861328125
2016-06-22,49.49187494669325,49.509552001953125
2016-06-23,49.727616437956584,49.87493133544922
2016-06-24,48.90262324742654,49.05583190917969
2016-06-27,48.90853044384013,48.34873580932617
2016-06-28,48.80836216742044,48.9556770324707
2016-06-29,49.250300447239944,49.57439041137695
2016-06-30,49.533145024680984,49.91027069091797
2016-07-01,49.90848764968886,50.009132385253906
2016-07-05,49.908505520659524,49.724971771240234
2016-07-06,49.65981428449128,49.943992614746094
2016-07-07,49.95584695551417,50.009132385253906
2016-07-08,50.21635763678546,50.67222213745117
2016-07-11,50.7017936706543,50.7017936706543
2016-07-12,50.95047658486939,50.843910217285156
2016-07-13,50.8380144124134,50.6959228515625
2016-07-14,50.855780018359944,50.79657745361328
2016-07-15,50.82617119057631,50.6959228515625
2016-07-18,50.72548965802367,50.867576599121094
2016-07-19,50.75511960509783,50.73143768310547
2016-07-20,50.80246821153216,50.86167526245117
2016-07-21,50.78468966075227,50.790611267089844
2016-07-22,50.80249216342435,51.015625
2016-07-25,50.96822170294292,50.77285385131836
2016-07-26,50.737339038039295,50.577491760253906
2016-07-27,50.66631352684267,50.73143768310547
2016-07-28,50.62484636736203,50.518280029296875
2016-07-29,50.429496283350275,50.56566619873047
2016-08-01,50.53175964151662,50.281986236572266
2016-08-02,50.26413035225175,50.210609436035156
2016-08-03,50.2522590421057,50.436614990234375
2016-08-04,50.620961303083305,50.75774002075195
2016-08-05,50.924286641943915,50.870765686035156
2016-08-08,50.96587041705171,51.07886505126953
2016-08-09,51.108633627822485,51.25730895996094
2016-08-10,51.269182459818964,51.16213607788086
2016-08-11,51.245404176218855,51.28703308105469
2016-08-12,51.25731305509357,51.32867431640625
2016-08-15,51.43568013225177,51.48325729370117
2016-08-16,51.501099724794024,51.37621307373047
2016-08-17,51.41191616158648,51.447601318359375
2016-08-18,51.48919779053641,51.64976501464844
2016-08-19,51.58437667353734,51.49517059326172
2016-08-22,51.441613530072,51.4118766784668
2016-08-23,51.542729331060585,51.58435821533203
2016-08-24,51.578422179410296,51.4416389465332
2016-08-25,51.47139432899229,51.53681182861328
2016-08-26,51.50706230914932,51.477325439453125
2016-08-29,51.554632274363236,51.73303985595703
2016-08-30,51.73303855635298,51.76277542114258
2016-08-31,51.721175997263686,51.560604095458984
2016-09-01,51.602987329784455,51.66271209716797
2016-09-02,51.817999558079165,51.901615142822266
2016-09-06,51.883700113939575,51.961341857910156
2016-09-07,51.93148413201144,51.81800842285156
2016-09-08,51.82398284285886,51.722450256347656
2016-09-09,51.573144337142686,51.22673416137695
2016-09-12,51.12515723660317,51.40586853027344
2016-09-13,51.28048255725731,51.01171875
2016-09-14,51.08336380177408,50.99974822998047
2016-09-15,51.0654368483503,51.29836654663086
2016-09-16,51.23269837937714,51.31034469604492
2016-09-19,51.34617236125163,51.3401985168457
2016-09-20,51.36411031894708,51.280494689941406
2016-09-21,51.310318916814815,51.704505920410156
2016-09-22,51.87771987915039,51.87771987915039
2016-09-23,51.84189924496638,51.81800842285156
2016-09-26,51.704498878365854,51.59101867675781
2016-09-27,51.519378137596384,51.740360260009766
2016-09-28,51.82995606918435,52.08677673339844
2016-09-29,52.06288783406383,51.88968276977539
2016-09-30,51.961346310939525,52.116634368896484
2016-10-03,52.08424377441406,52.08424377441406
2016-10-04,52.156252637820536,51.9942741394043
2016-10-05,52.17423004319939,52.13223648071289
2016-10-06,52.17423222192694,52.1622314453125
2016-10-07,52.18622340783826,52.28221130371094
2016-10-10,52.318228295584944,52.432212829589844
2016-10-11,52.354192962590865,52.13822937011719
2016-10-12,52.11422437500998,52.12022018432617
2016-10-13,51.95824956148677,51.98824691772461
2016-10-14,52.13822794901663,52.10823059082031
2016-10-17,52.096210667925114,52.03622055053711
2016-10-18,52.22221579636754,52.24620819091797
2016-10-19,52.28818067236483,52.39616012573242
2016-10-20,52.39619458868884,52.40219497680664
2016-10-21,52.300196298767254,52.414180755615234
2016-10-24,52.480158193904494,52.44416046142578
2016-10-25,52.39018378696546,52.414180755615234
2016-10-26,52.282195845902436,52.20420455932617
2016-10-27,52.24621760073385,52.01225280761719
2016-10-28,51.952267114049796,51.76029586791992
2016-10-31,51.7482947503615,51.604312896728516
2016-11-01,51.63202230252804,51.40303039550781
2016-11-02,51.31866876797298,51.17403793334961
2016-11-03,51.28251980038716,51.18610382080078
2016-11-04,51.276465555108686,51.210182189941406
2016-11-07,51.6742366333306,51.92733383178711
2016-11-08,51.68627870194473,51.81283187866211
2016-11-09,51.49344247304054,51.45125961303711
2016-11-10,51.34278773591311,50.77633285522461
2016-11-11,50.613612474469235,50.300254821777344
2016-11-14,50.16768347701165,50.67387771606445
2016-11-15,50.9330028034602,51.34278106689453
2016-11-16,51.12583499198607,51.13788986206055
2016-11-17,51.1318473390059,50.999271392822266
2016-11-18,51.107742203555745,50.999271392822266
2016-11-21,51.13186679450467,51.4090690612793
2016-11-22,51.49344219064904,51.788726806640625
2016-11-23,51.39702602223206,51.595890045166016
2016-11-25,51.62601420671682,51.662174224853516
2016-11-28,51.59584833367325,51.65610885620117
2016-11-29,51.52354433719981,51.5898323059082
2016-11-30,51.6440729808736,51.61394500732422
2016-12-01,51.62060630270589,51.372432708740234
2016-12-02,51.493504696952634,51.681148529052734
2016-12-05,51.7053450455743,51.814300537109375
2016-12-06,51.8929841422294,52.0745735168457
2016-12-07,52.141163629443234,52.334861755371094
2016-12-08,52.280402007186225,52.32882308959961
2016-12-09,52.30461008045619,52.353031158447266
2016-12-12,52.449880820511815,52.2803955078125
2016-12-13,52.47409302471762,52.407508850097656
2016-12-14,52.40753473810616,52.01408386230469
2016-12-15,51.92928689785193,52.03824234008789
2016-12-16,52.18353575074723,52.08668899536133
2016-12-19,52.12906767408075,52.2198600769043
2016-12-20,52.238027910301966,52.292503356933594
2016-12-21,52.268298514854564,52.38330841064453
2016-12-22,52.393018427815484,52.49626541137695
2016-12-23,52.51448416525739,52.59343338012695
2016-12-27,52.52663070179253,52.54484939575195
2016-12-28,52.61772760097156,52.47197341918945
2016-12-29,52.51448645030025,52.54484939575195
2016-12-30,52.58128708235007,52.56306838989258
2017-01-03,52.76347299563053,52.78169631958008
2017-01-04,52.83634564039636,53.06712341308594
2017-01-05,52.994241248772894,52.98816680908203
2017-01-06,52.93353949652511,52.976051330566406
2017-01-09,52.963897705078125,52.963897705078125
2017-01-10,53.024622964688085,52.969966888427734
2017-01-11,52.98820669706477,53.00035095214844
2017-01-12,52.98818855416026,53.012481689453125
2017-01-13,52.99425567301614,53.03069305419922
2017-01-17,52.99427002609233,52.976051330566406
2017-01-18,52.957803670197336,53.02460861206055
2017-01-19,52.98817073450829,52.85456085205078
2017-01-20,52.87278580994696,52.95780944824219
2017-01-23,52.915297629094574,52.95780944824219
2017-01-24,52.927472971550785,52.99427795410156
2017-01-25,53.079294713266705,53.18253707885742
2017-01-26,53.14001495023155,53.158233642578125
2017-01-27,53.11573857651919,53.20683670043945
2017-01-30,53.12788268925961,53.09751510620117
2017-01-31,53.07319899081062,53.04283142089844
2017-02-01,53.19047335326324,53.23927307128906
2017-02-02,53.23315040183476,53.269752502441406
2017-02-03,53.385666109088376,53.361270904541016
2017-02-06,53.373438055546394,53.32463836669922
2017-02-07,53.385654666288595,53.245361328125
2017-02-08,53.24536208040056,53.281959533691406
2017-02-09,53.28194876983934,53.35514831542969
2017-02-10,53.38565302385066,53.391754150390625
2017-02-13,53.434459596394746,53.47106170654297
2017-02-14,53.46496132783573,53.507659912109375
2017-02-15,53.4527403994535,53.52593994140625
2017-02-16,53.47104062417239,53.483238220214844
2017-02-17,53.428357581024244,53.53815460205078
2017-02-21,53.53815048347627,53.71504592895508
2017-02-22,53.68455236514661,53.73944854736328
2017-02-23,53.85532167177933,53.78822326660156
2017-02-24,53.74552405005382,53.8309211730957
2017-02-27,53.83095377058387,53.89805221557617
2017-02-28,53.86142491597681,53.855323791503906
2017-03-01,54.02320260855185,54.053836822509766
2017-03-02,54.06607050471635,53.88227462768555
2017-03-03,53.92519705549931,53.90681838989258
2017-03-06,53.82104166574498,53.73527145385742
2017-03-07,53.62497926634821,53.38604736328125
2017-03-08,53.2574008166545,53.03071975708008
2017-03-09,52.92040766043864,52.88977813720703
2017-03-10,53.226784135729055,52.87145233154297
2017-03-13,52.92044118876912,52.9143180847168
2017-03-14,52.761159364221086,52.75503158569336
2017-03-15,52.93271694849574,53.484100341796875
2017-03-16,53.606591270781,53.330902099609375
2017-03-17,53.45345689409703,53.349308013916016
2017-03-20,53.3431878933596,53.24516677856445
2017-03-21,53.349283116109405,52.865291595458984
2017-03-22,52.834687030918936,52.99397659301758
2017-03-23,52.951076784658824,53.0123405456543
2017-03-24,53.055237031459185,53.19614791870117
2017-03-27,53.006204339006324,53.140987396240234
2017-03-28,53.11647582473719,53.435054779052734
2017-03-29,53.47182979787815,53.54534912109375
2017-03-30,53.667876367894934,53.796531677246094
2017-03-31,53.74755723327123,53.7781867980957
2017-04-03,53.81075080543497,53.74922561645508
2017-04-04,53.75540084496688,53.767704010009766
2017-04-05,53.853840434607974,53.72463607788086
2017-04-06,53.77384790152042,53.79230499267578
2017-04-07,53.86614810664439,53.767704010009766
2017-04-10,53.8538291940118,53.84152603149414
2017-04-11,53.87843539145793,53.73692321777344
2017-04-12,53.77382659912109,53.773826599121094
2017-04-13,53.755395168317094,53.66310501098633
2017-04-17,53.730768950801675,53.82305908203125
2017-04-18,53.816902980874076,53.81074905395508
2017-04-19,53.841549367696885,53.76156234741211
2017-04-20,53.823083049410926,53.939979553222656
2017-04-21,53.921488298786066,53.89687728881836
2017-04-24,54.118420217097295,54.14918518066406
2017-04-25,54.186060108164575,54.24758529663086
2017-04-26,54.1983642578125,54.1983642578125
2017-04-27,54.1983678411949,54.235286712646484
2017-04-28,54.24146130641586,54.21685028076172
2017-05-01,54.21992414970577,54.2446403503418
2017-05-02,54.306424318912015,54.2631721496582
2017-05-03,54.30640751173273,54.31258773803711
2017-05-04,54.275538188146776,54.0222053527832
2017-05-05,54.02215315173727,54.114837646484375
2017-05-08,54.1334064684468,54.176658630371094
2017-05-09,54.25082703486078,54.13960647583008
2017-05-10,54.281686045917674,54.37437057495117
2017-05-11,54.33731347984045,54.38056564331055
2017-05-12,54.41147297901011,54.36204528808594
2017-05-15,54.44853902241656,54.48561096191406
2017-05-16,54.54120940472515,54.56592559814453
2017-05-17,54.38673166320499,54.32494354248047
2017-05-18,54.16429770741386,54.38673400878906
2017-05-19,54.479430733953585,54.48561096191406
2017-05-22,54.59686931663551,54.6524772644043
2017-05-23,54.67717773478416,54.64628601074219
2017-05-24,54.68332947514518,54.73893737792969
2017-05-25,54.73890414422892,54.69565200805664
2017-05-26,54.68333322278737,54.726585388183594
2017-05-30,54.72040700913772,54.78219985961914
2017-05-31,54.78837960731764,54.776023864746094
2017-06-01,54.830000749309384,54.935489654541016
2017-06-02,54.947895642977095,54.96651077270508
2017-06-05,54.94789849118577,54.9168701171875
2017-06-06,54.904459455777705,54.829994201660156
2017-06-07,54.87964271193024,54.71830368041992
2017-06-08,54.73073613717782,54.76176452636719
2017-06-09,54.81761099948462,54.80520248413086
2017-06-12,54.82378532877455,54.898250579833984
2017-06-13,54.92311328022748,54.99757385253906
2017-06-14,55.06580950587344,55.00375747680664
2017-06-15,54.86722327458933,54.792762756347656
2017-06-16,54.84238417390281,54.69966506958008
2017-06-19,54.805196496631496,54.86724853515625
2017-06-20,54.69969129223585,54.674869537353516
2017-06-21,54.68108035616599,54.358402252197266
2017-06-22,54.41425617155387,54.50733184814453
2017-06-23,54.53215119496396,54.73072052001953
2017-06-26,54.71832867385177,54.80520248413086
2017-06-27,54.805186779755346,54.631439208984375
2017-06-28,54.73693333276542,54.854835510253906
2017-06-29,54.767947187694695,54.71830368041992
2017-06-30,54.792779777076504,54.84862518310547
2017-07-03,54.846747382408225,54.82181930541992
2017-07-05,54.85919946825899,54.7781867980957
2017-07-06,54.75949373866619,54.64108657836914
2017-07-07,54.597469322151696,54.59123611450195
2017-07-10,54.59124662825875,54.653564453125
2017-07-11,54.65358925438601,54.6161994934082
2017-07-12,54.83430292822293,54.971405029296875
2017-07-13,54.977594407484126,55.014984130859375
2017-07-14,55.05241492514053,55.17082214355469
2017-07-17,55.18327044789782,55.18949890136719
2017-07-18,55.177030584118896,55.214420318603516
2017-07-19,55.27050974056859,55.307899475097656
2017-07-20,55.36401940522977,55.33909606933594
2017-07-21,55.32661628693181,55.29545974731445
2017-07-24,55.28300667720707,55.33909606933594
2017-07-25,55.38269040776528,55.363990783691406
2017-07-26,55.44502258300781,55.44502258300781
2017-07-27,55.438764548893396,55.40137481689453
2017-07-28,55.3702097335555,55.4076042175293
2017-07-31,55.339053210544655,55.4076042175293
2017-08-01,55.45020168674936,55.46271514892578
2017-08-02,55.462693865487,55.47521209716797
2017-08-03,55.42513026192565,55.368812561035156
2017-08-04,55.36881512897595,55.38132858276367
2017-08-07,55.38132058817923,55.35628890991211
2017-08-08,55.33125421869318,55.118492126464844
2017-08-09,55.00587702789164,54.9057502746582
2017-08-10,54.79311080573588,54.55531692504883
2017-08-11,54.67419397092622,54.64916229248047
2017-08-14,54.81189140416194,54.937049865722656
2017-08-15,54.94328183526624,54.95579528808594
2017-08-16,54.999600339612336,54.96205520629883
2017-08-17,54.89324378081774,54.65544509887695
2017-08-18,54.749272635211106,54.736759185791016
2017-08-21,54.805616678360856,54.79309844970703
2017-08-22,54.843158400927635,55.018375396728516
2017-08-23,54.92452001097038,55.0246467590332
2017-08-24,55.04965078858059,55.1059684753418
2017-08-25,55.09346411215993,55.20610427856445
2017-08-28,55.23741781639075,55.2123908996582
2017-08-29,55.074711111166316,55.14354705810547
2017-08-30,55.16229988456979,55.2937126159668
2017-08-31,55.33126469646271,55.443904876708984
2017-09-01,55.393664853369415,55.500492095947266
2017-09-05,55.462769915575564,55.374794006347656
2017-09-06,55.44392154340762,55.33708953857422
2017-09-07,55.42503996943913,55.34334945678711
2017-09-08,55.33708206004487,55.167415618896484
2017-09-11,55.2616589441351,55.34334945678711
2017-09-12,55.36849527134132,55.41248321533203
2017-09-13,55.362195611393005,55.43132019042969
2017-09-14,55.40622442782781,55.506771087646484
2017-09-15,55.475334386042626,55.557029724121094
2017-09-18,55.53818288310944,55.53190231323242
2017-09-19,55.55076022852413,55.588462829589844
2017-09-20,55.601020854957355,55.5821647644043
2017-09-21,55.60101551837698,55.51303482055664
2017-09-22,55.50673703675442,55.569576263427734
2017-09-25,55.55073605979572,55.601009368896484
2017-09-26,55.65128801698045,55.67013931274414
2017-09-27,55.670160572484136,55.69529724121094
2017-09-28,55.69529724121094,55.69529724121094
2017-09-29,55.739262524761536,55.77696990966797
2017-10-02,55.69178589488572,55.748573303222656
2017-10-03,55.748586504504786,55.84954833984375
2017-10-04,55.8306029524606,55.79273986816406
2017-10-05,55.78643936581787,55.86215591430664
2017-10-06,55.811679253264145,55.78013229370117
2017-10-09,55.805367124936026,55.78643798828125
2017-10-10,55.86215532474917,55.83060836791992
2017-10-11,55.83057683026192,55.77378463745117
2017-10-12,55.7801033742022,55.710693359375
2017-10-13,55.78643137114514,55.7359504699707
2017-10-16,55.77381696286031,55.76750564575195
2017-10-17,55.76751564509952,55.84954833984375
2017-10-18,55.868437522254666,55.90629577636719
2017-10-19,55.83058508454238,55.91261291503906
2017-10-20,55.94417892889221,55.96310806274414
2017-10-23,55.96941919455468,55.90000915527344
2017-10-24,55.918943104815206,55.90000915527344
2017-10-25,55.86215092247436,55.74225997924805
2017-10-26,55.799041354197485,55.67284393310547
2017-10-27,55.71701149968971,55.82427978515625
2017-10-30,55.7170303380508,55.811676025390625
2017-10-31,55.83689760116055,55.82427978515625
2017-11-01,55.872415404758925,55.771034240722656
2017-11-02,55.76474045029391,55.73939514160156
2017-11-03,55.77106419486447,55.745723724365234
2017-11-06,55.714029145872985,55.752044677734375
2017-11-07,55.73938893278513,55.59365463256836
2017-11-08,55.59364537743583,55.346534729003906
2017-11-09,55.21349346700798,55.0740966796875
2017-11-10,55.08676315667512,55.19447708129883
2017-11-13,55.150129902052434,55.15646743774414
2017-11-14,55.074113733667836,54.92204666137695
2017-11-15,54.78264983089153,54.92204666137695
2017-11-16,55.20082844485685,55.460609436035156
2017-11-17,55.35287090560533,55.422569274902344
2017-11-20,55.45427236324217,55.435264587402344
2017-11-21,55.485936489969184,55.54929733276367
2017-11-22,55.58097718306864,55.63800048828125
2017-11-24,55.67601776123046,55.67601776123047
2017-11-27,55.676004307191555,55.50492477416992
2017-11-28,55.530283488037036,55.67601776123047
2017-11-29,55.644350231428724,55.6063346862793
2017-11-30,55.625348461542856,55.61901092529297
2017-12-01,55.626638019245284,55.6011848449707
2017-12-04,55.677536647078874,55.582088470458984
2017-12-05,55.6138814783695,55.55025100708008
2017-12-06,55.54387423351089,55.499332427978516
2017-12-07,55.52482223510742,55.52482223510742
2017-12-08,55.56936431243443,55.582088470458984
2017-12-11,55.58210054384073,55.59482955932617
2017-12-12,55.64572111556138,55.569366455078125
2017-12-13,55.59482519242451,55.6011848449707
2017-12-14,55.57572842227882,55.48664474487305
2017-12-15,55.5503014225188,55.4930305480957
2017-12-18,55.5120688405514,55.55025100708008
2017-12-19,55.550262980657784,55.435726165771484
2017-12-20,55.48664911190352,55.480289459228516
2017-12-21,55.54484311917059,55.5384521484375
2017-12-22,55.570370547794575,55.58953857421875
2017-12-26,55.55121589639407,55.67261505126953
2017-12-27,55.64067324113548,55.698177337646484
2017-12-28,55.71095598822876,55.67261505126953
2017-12-29,55.67899166087321,55.75566864013672
2018-01-02,55.78123527648352,55.80678939819336
2018-01-03,55.80680532099114,56.075172424316406
2018-01-04,56.11347723012119,56.17098617553711
2018-01-05,56.20933151245117,56.20933151245117
2018-01-08,56.20292878826112,56.16459274291992
2018-01-09,56.22211441168689,55.992088317871094
2018-01-10,55.90901399763509,55.87067794799805
2018-01-11,55.9217985555866,56.05598449707031
2018-01-12,55.96650724523649,55.960121154785156
2018-01-16,55.99845524202487,55.92816925048828
2018-01-17,55.947362632415846,55.93458557128906
2018-01-18,55.909032793398424,55.87708282470703
2018-01-19,55.87069051589465,55.93458557128906
2018-01-22,55.90264598391454,55.985713958740234
2018-01-23,56.02402723923758,56.151817321777344
2018-01-24,56.10070606264315,56.068756103515625
2018-01-25,56.16459562174935,56.03041458129883
2018-01-26,56.04961342043393,56.075172424316406
2018-01-29,55.99209588716296,55.87708282470703
2018-01-30,55.877075635254876,55.68539047241211
2018-01-31,55.78127670288087,55.78127670288086
2018-02-01,55.7337459461711,55.675994873046875
2018-02-02,55.53484303191169,55.323097229003906
2018-02-05,55.26533797974499,55.01509475708008
2018-02-06,54.867520951218346,55.348758697509766
2018-02-07,55.425755442167905,55.1434326171875
2018-02-08,55.1241823202111,54.662193298339844
2018-02-09,54.71993592553941,54.5081901550293
2018-02-12,54.668606236163455,54.88035202026367
2018-02-13,54.745582092248796,54.70708465576172
2018-02-14,54.53385172392173,54.803348541259766
2018-02-15,54.93168645152313,55.24609375
2018-02-16,55.239666685824666,55.47066116333008
2018-02-20,55.31025111544858,55.27817153930664
2018-02-21,55.335924452642836,55.02793502807617
2018-02-22,55.05359065840721,55.06642150878906
2018-02-23,55.11136087773143,55.432186126708984
2018-02-26,55.47068366291566,55.52843475341797
2018-02-27,55.489924581834714,55.38084030151367
2018-02-28,55.445002217885865,55.297420501708984
2018-03-01,55.34315058412355,54.93085861206055
2018-03-02,54.96309111484682,55.24009704589844
2018-03-05,55.12414096046168,55.24009704589844
2018-03-06,55.291633321304154,55.31740188598633
2018-03-07,55.25297104783575,55.18211364746094
2018-03-08,55.24655532836915,55.24655532836914
2018-03-09,55.310965804560716,55.44624710083008
2018-03-12,55.40113470484862,55.356040954589844
2018-03-13,55.35604529356375,55.18211364746094
2018-03-14,55.227208657328546,55.11769104003906
2018-03-15,55.111263048143755,55.15635681152344
2018-03-16,55.16923789804809,55.27231216430664
2018-03-19,55.182142172677615,55.04685592651367
2018-03-20,55.03395734741361,55.15635681152344
2018-03-21,55.130595927601675,55.175689697265625
2018-03-22,55.04684152438633,54.84714126586914
2018-03-23,54.943769374201835,54.705413818359375
2018-03-26,54.98240577586824,55.05971145629883
2018-03-27,55.06617829817477,55.00819778442383
2018-03-28,54.98887287592373,54.98242950439453
2018-03-29,55.07261195429312,55.16924285888672
2018-04-02,55.05862373514417,54.95512771606445
2018-04-03,55.052154011765865,55.11036682128906
2018-04-04,54.916320806138486,55.23326873779297
2018-04-05,55.259125856366616,55.27853012084961
2018-04-06,55.246197302727104,55.155635833740234
2018-04-09,55.272080009786144,55.36263656616211
2018-04-10,55.4337822944528,55.56315231323242
2018-04-11,55.54376819947334,55.582576751708984
2018-04-12,55.647276662138225,55.783111572265625
2018-04-13,55.82186127217669,55.815391540527344
2018-04-16,55.88008990564874,55.89949417114258
2018-04-17,55.98360990728484,55.925392150878906
2018-04-18,55.96420888326121,55.8671875
2018-04-19,55.76366478255459,55.69251251220703
2018-04-20,55.660182423512374,55.55668640136719
2018-04-23,55.51788166724984,55.407920837402344
2018-04-24,55.42730165294671,55.29793167114258
2018-04-25,55.24623052462151,55.304443359375
2018-04-26,55.349711234990906,55.49848556518555
2018-04-27,55.54375512990361,55.47260284423828
2018-04-30,55.43379592895508,55.43379592895508
2018-05-01,55.396748745554056,55.474700927734375
2018-05-02,55.474683180938115,55.455196380615234
2018-05-03,55.47470690288097,55.44872283935547
2018-05-04,55.35125834472677,55.4876708984375
2018-05-07,55.494217218908794,55.53968811035156
2018-05-08,55.50715952949251,55.455196380615234
2018-05-09,55.44224062809648,55.54617691040039
2018-05-10,55.585156906702,55.708580017089844
2018-05-11,55.70855464787795,55.68906784057617
2018-05-14,55.6825700776418,55.702056884765625
2018-05-15,55.57865866454733,55.429256439208984
2018-05-16,55.45522340001046,55.500694274902344
2018-05-17,55.43571836691191,55.53315734863281
2018-05-18,55.4422196128377,55.474700927734375
2018-05-21,55.46820977666871,55.55265426635742
2018-05-22,55.578645960858395,55.59164047241211
2018-05-23,55.52667167338354,55.63710021972656
2018-05-24,55.55267558739444,55.66960144042969
2018-05-25,55.59162686310887,55.57863235473633
2018-05-29,55.455236397884136,55.34480285644531
2018-05-30,55.403254760505845,55.5136833190918
2018-05-31,55.53316681859516,55.46171188354492
2018-06-01,55.56220115751681,55.58830261230469
2018-06-04,55.640501014419605,55.70575714111328
2018-06-05,55.70576020060515,55.77101135253906
2018-06-06,55.731887107389305,55.90806579589844
2018-06-07,55.875409394424,55.9276123046875
2018-06-08,55.85584577802185,55.89500045776367
2018-06-11,55.92111956788845,55.99942398071289
2018-06-12,56.00593619980474,56.04508590698242
2018-06-13,56.05811841527626,56.064640045166016
2018-06-14,56.169039597121866,56.22776412963867
2018-06-15,56.188625673905065,56.195152282714844
2018-06-18,56.14949469995488,56.18864440917969
2018-06-19,56.07772083258709,56.11034393310547
2018-06-20,56.1690444946289,56.169044494628906
2018-06-21,56.16251358817671,56.05158615112305
2018-06-22,56.142939083756346,56.05811309814453
2018-06-25,55.966761998213364,55.9276123046875
2018-06-26,55.927592890282895,55.92106628417969
2018-06-27,55.88846562188863,55.80363464355469
2018-06-28,55.69269854458164,55.64702224731445
2018-06-29,55.71880532173375,55.51652526855469
2018-07-02,55.477862303953884,55.56962585449219
2018-07-03,55.60896079292329,55.57619094848633
2018-07-05,55.64828149544965,55.785926818847656
2018-07-06,55.799043255809444,55.930137634277344
2018-07-09,55.956361616657304,56.015350341796875
2018-07-10,56.04154400304783,56.021881103515625
2018-07-11,55.96943941202584,55.93666458129883
2018-07-12,56.02844370066596,56.113651275634766
2018-07-13,56.15953304688536,56.113651275634766
2018-07-16,56.12021496848448,56.07433319091797
2018-07-17,56.03499661755934,56.093990325927734
2018-07-18,56.11366802953364,56.12022399902344
2018-07-19,56.08743435816721,56.093990325927734
2018-07-20,56.12022399902343,56.12022399902344
2018-07-23,56.15297408241987,56.10053634643555
2018-07-24,56.107094675060964,56.21852111816406
2018-07-25,56.231642662335396,56.32340621948242
2018-07-26,56.32995986938477,56.329959869384766
2018-07-27,56.33649370998037,56.310279846191406
2018-07-30,56.32995986938477,56.329959869384766
2018-07-31,56.43480982108359,56.44792175292969
2018-08-01,56.452529513534785,56.49860763549805
2018-08-02,56.45254407079995,56.531532287597656
2018-08-03,56.518357421586586,56.577598571777344
2018-08-06,56.52497517862887,56.68295669555664
2018-08-07,56.52492750838382,56.7092399597168
2018-08-08,56.696096693717564,56.67634963989258
2018-08-09,56.68293421251804,56.63685607910156
2018-08-10,56.54471955624861,56.53813552856445
2018-08-13,56.58417985567591,56.49860763549805
2018-08-14,56.53151325680067,56.59734344482422
2018-08-15,56.524938708354,56.49860763549805
2018-08-16,56.551297862961874,56.571044921875
2018-08-17,56.54469981226858,56.63685607910156
2018-08-20,56.66976793777766,56.66318893432617
2018-08-21,56.6829617069085,56.74878692626953
2018-08-22,56.742181643520155,56.76851272583008
2018-08-23,56.76851900714151,56.761940002441406
2018-08-24,56.794812506369055,56.86063766479492
2018-08-27,56.873813773213506,56.88039779663086
2018-08-28,56.85409164428711,56.85409164428711
2018-08-29,56.83433002044256,56.8211669921875
2018-08-30,56.82773996688344,56.77507781982422
2018-08-31,56.8014331486855,56.847511291503906
2018-09-04,56.78201913267178,56.729129791259766
2018-09-05,56.722536571416626,56.669647216796875
2018-09-06,56.72256244550239,56.71595001220703
2018-09-07,56.61014092602243,56.65641784667969
2018-09-10,56.72256003161706,56.768836975097656
2018-09-11,56.696128685740156,56.78207015991211
2018-09-12,56.80189378618382,56.91427993774414
2018-09-13,56.96714162015545,57.0200309753418
2018-09-14,57.01344664095206,57.07294845581055
2018-09-17,57.05972410981187,57.03327941894531
2018-09-18,57.04648554047558,57.02665328979492
2018-09-19,57.01343323753795,56.92087936401367
2018-09-20,56.93410443369196,57.000213623046875
2018-09-21,57.00022317060189,57.01344299316406
2018-09-24,56.98699188232422,56.98699188232422
2018-09-25,56.94072723388672,56.94072723388672
2018-09-26,56.98038137062119,57.000213623046875
2018-09-27,57.05968393046957,57.105960845947266
2018-09-28,57.08615097417493,57.145652770996094
2018-10-01,57.218032386228955,57.311004638671875
2018-10-02,57.28445971971559,57.2645378112793
2018-10-03,57.29771129183368,57.11176681518555
2018-10-04,56.99224136027877,56.899269104003906
2018-10-05,56.87931159871641,56.646881103515625
2018-10-08,56.68013228011501,56.520751953125
2018-10-09,56.5406590781549,56.6070671081543
2018-10-10,56.52075778841122,56.20199203491211
2018-10-11,56.33480532474405,56.248470306396484
2018-10-12,56.5207418332807,56.547306060791016
2018-10-15,56.50081666191953,56.50745391845703
2018-10-16,56.613716596042494,56.70004653930664
2018-10-17,56.620357125184135,56.58715057373047
2018-10-18,56.54732800522124,56.34809875488281
2018-10-19,56.48090885610196,56.38129425048828
2018-10-22,56.51410020289036,56.4078483581543
2018-10-23,56.21524744923622,56.354705810546875
2018-10-24,56.368017388649555,56.07582092285156
2018-10-25,56.18869400024414,56.18869400024414
2018-10-26,55.98945989861341,55.936336517333984
2018-10-29,56.049235657680775,55.88321304321289
2018-10-30,55.896500485409604,56.01603698730469
2018-10-31,56.08244502911111,56.01603698730469
2018-11-01,56.119477660086005,56.27297592163086
2018-11-02,56.33972735460726,56.239620208740234
2018-11-05,56.23958469949264,56.28630065917969
2018-11-06,56.33303016560401,56.43313217163086
2018-11-07,56.48651758018655,56.7601432800293
2018-11-08,56.626685541954835,56.62001037597656
2018-11-09,56.50654016936628,56.29965591430664
2018-11-12,56.279615292370686,55.952598571777344
2018-11-13,55.965985625631,55.85920333862305
2018-11-14,55.93260723817346,55.752418518066406
2018-11-15,55.518829956345556,55.73905944824219
2018-11-16,55.49882483632085,55.57223129272461
2018-11-19,55.425392460647295,55.39869689941406
2018-11-20,55.245205794870465,55.22518539428711
2018-11-21,55.50549697875976,55.505496978759766
2018-11-23,55.2786035788921,55.198516845703125
2018-11-26,55.412047159078554,55.458763122558594
2018-11-27,55.35199769889751,55.43207931518555
2018-11-28,55.46547048598625,55.8925895690918
2018-11-29,55.7857905968514,55.90591812133789
2018-11-30,55.765762013299934,55.792457580566406
2018-12-03,56.07805997757467,56.178619384765625
2018-12-04,56.064640817132904,55.83000564575195
2018-12-06,55.541750768467224,55.63560485839844
2018-12-07,55.816599281322,55.5283317565918
2018-12-10,55.52163070207345,55.56855773925781
2018-12-11,55.76301308038421,55.669158935546875
2018-12-12,55.856810607669786,55.85010528564453
2018-12-13,55.97750564302017,55.98421096801758
2018-12-14,55.89035770765582,55.749576568603516
2018-12-17,55.70264044997085,55.3875617980957
2018-12-18,55.47578635306722,55.28718566894531
2018-12-19,55.31412095413599,54.788726806640625
2018-12-20,54.60688807201697,54.31051254272461
2018-12-21,54.283544287743375,54.04106140136719
2018-12-24,54.04106344979923,53.63691329956055
2018-12-26,53.704293892092856,54.539527893066406
2018-12-27,54.21618685769529,54.50582504272461
2018-12-28,54.55296233652464,54.58664321899414
2018-12-31,54.68769977707906,54.6270751953125
2019-01-02,54.37113786958551,54.553001403808594
2019-01-03,54.49910342169039,54.57992935180664
2019-01-04,55.01101842842447,55.495994567871094
2019-01-07,55.62398020873001,56.03486251831055
2019-01-08,56.16957889243867,56.398597717285156
2019-01-09,56.47940021036249,56.4659309387207
2019-01-10,56.35144777548707,56.688236236572266
2019-01-11,56.4591974938904,56.50634765625
2019-01-14,56.358176798495556,56.324501037597656
2019-01-15,56.32447996171926,56.51308059692383
2019-01-16,56.58718151414677,56.600650787353516
2019-01-17,56.54004793876325,56.755592346191406
2019-01-18,56.863406120151275,56.917293548583984
2019-01-22,56.80275276932416,56.54005813598633
2019-01-23,56.6208791845828,56.65456008911133
2019-01-24,56.63431921167102,56.715145111083984
2019-01-25,56.82292845529295,56.85660934448242
2019-01-28,56.70841972235562,56.769039154052734
2019-01-29,56.81618509482198,56.73535919189453
2019-01-30,56.80948086063433,57.18668746948242
2019-01-31,57.17320006635941,57.328125
2019-02-01,57.28684958661194,57.30038070678711
2019-02-04,57.307135781513104,57.435699462890625
2019-02-05,57.47632980215374,57.638729095458984
2019-02-06,57.59136668473466,57.584598541259766
2019-02-07,57.40189917128338,57.388362884521484
2019-02-08,57.32066303118157,57.37479782104492
2019-02-11,57.361244177960586,57.40184783935547
2019-02-12,57.57106444135842,57.67932891845703
2019-02-13,57.713146598271045,57.598114013671875
2019-02-14,57.503377360561394,57.60487365722656
2019-02-15,57.706361143725715,57.78756332397461
2019-02-19,57.71992283560519,57.80788803100586
2019-02-20,57.82816865685639,57.8552360534668
2019-02-21,57.82139712549567,57.80109786987305
2019-02-22,57.86876722714516,57.916133880615234
2019-02-25,57.99735424921249,57.963523864746094
2019-02-26,58.00411822636111,58.03794860839844
2019-02-27,58.058231353759766,58.058231353759766
2019-02-28,58.044724771135236,58.0244255065918
2019-03-01,58.148115993670345,58.18889617919922
2019-03-04,58.256879145141355,58.10055160522461
2019-03-05,58.10052606854995,58.07333755493164
2019-03-06,58.04613334567926,57.97816467285156
2019-03-07,57.99860300716501,57.93742752075195
2019-03-08,57.760713306318806,57.8422737121582
2019-03-11,57.821876725109256,58.0325813293457
2019-03-12,57.98498721716944,58.134521484375
2019-03-13,58.168532498080495,58.29087829589844
2019-03-14,58.263654070598974,58.250057220458984
2019-03-15,58.29085169279031,58.304443359375
2019-03-18,58.31125758749632,58.2840690612793
2019-03-19,58.32481692016758,58.318023681640625
2019-03-20,58.3248427786676,58.56953430175781
2019-03-21,58.494786115449095,58.55596160888672
2019-03-22,58.46758350366409,58.345237731933594
2019-03-25,58.30446951727585,58.324859619140625
2019-03-26,58.42000408015343,58.46758270263672
2019-03-27,58.50158246071232,58.50838088989258
2019-03-28,58.5151396776752,58.62389373779297
2019-03-29,58.671474232380994,58.77342987060547
2019-04-01,58.85466654563309,58.759090423583984
2019-04-02,58.772750760638,58.786407470703125
2019-04-03,58.84783302495581,58.8068733215332
2019-04-04,58.813699035551785,58.8956184387207
2019-04-05,58.95709473225668,59.0048828125
2019-04-08,58.977561997871696,58.970733642578125
2019-04-09,58.93659977834321,58.929771423339844
2019-04-10,59.0048850132787,59.189208984375
2019-04-11,59.182385567339246,59.27796173095703
2019-04-12,59.346226986655694,59.36670684814453
2019-04-15,59.35985690932178,59.32572555541992
2019-04-16,59.36672229389982,59.2916259765625
2019-04-17,59.353067282334855,59.148258209228516
2019-04-18,59.25067158044993,59.175575256347656
2019-04-22,59.13455724173715,59.07311248779297
2019-04-23,59.14824899097135,59.27796173095703
2019-04-24,59.29160199388389,59.19602584838867
2019-04-25,59.18921775801674,59.22335433959961
2019-04-26,59.291602882984236,59.37352752685547
2019-04-29,59.359884874210366,59.34623336791992
2019-04-30,59.37353009165874,59.353050231933594
2019-05-01,59.364017725764334,59.158348083496094
2019-05-02,59.20630103673671,59.19944381713867
2019-05-03,59.31600751375711,59.35028839111328
2019-05-06,59.08289550848868,59.37769317626953
2019-05-07,59.233745569761574,59.02121353149414
2019-05-08,59.02807937720695,59.04179382324219
2019-05-09,58.95267105102539,58.95267105102539
2019-05-10,58.93211337988831,59.11722183227539
2019-05-13,58.74016700578287,58.57563018798828
2019-05-14,58.692162363327746,58.70587158203125
2019-05-15,58.60988413013826,58.760711669921875
2019-05-16,58.84296177895665,58.938941955566406
2019-05-17,58.815558562411134,58.91839599609375
2019-05-20,58.90469261188718,58.86355972290039
2019-05-21,58.95264958670645,59.04862976074219
2019-05-22,59.01438720676144,59.09665298461914
2019-05-23,58.9321066517505,58.80184555053711
2019-05-24,58.87040915101982,58.719581604003906
2019-05-28,58.78811100800288,58.66470718383789
2019-05-29,58.58932055823802,58.507049560546875
2019-05-30,58.60988094802856,58.63044738769531
2019-05-31,58.438495699320924,58.20540237426758
2019-06-03,58.29904174804687,58.299041748046875
2019-06-04,58.47811818213545,58.88445281982422
2019-06-05,58.939540994894784,59.02218246459961
2019-06-06,59.00838656386513,59.14612579345703
2019-06-07,59.22882167322284,59.297691345214844
2019-06-10,59.40788648070309,59.38722610473633
2019-06-11,59.58003281006858,59.4698371887207
2019-06-12,59.45609030153948,59.332122802734375
2019-06-13,59.435404997861816,59.4698371887207
2019-06-14,59.44921491354822,59.42855453491211
2019-06-17,59.394097089626854,59.33900451660156
2019-06-18,59.62140601356578,59.752262115478516
2019-06-19,59.71087575912543,60.034568786621094
2019-06-20,60.21365612004448,60.337623596191406
2019-06-21,60.17923811834043,60.144805908203125
2019-06-24,60.144827999450385,60.137939453125
2019-06-25,60.13100684122145,59.88307189941406
2019-06-26,60.00016145311492,59.855533599853516
2019-06-27,59.95886854753282,60.02085494995117
2019-06-28,60.05526810945491,60.04149627685547
2019-07-01,60.273910484634676,60.05946350097656
2019-07-02,60.1009806688343,60.190914154052734
2019-07-03,60.21861501524041,60.41922378540039
2019-07-05,60.2393441178454,60.17708206176758
2019-07-08,60.149391689462256,60.05946350097656
2019-07-09,60.017943944825916,59.990272521972656
2019-07-10,60.13557784910672,60.15633010864258
2019-07-11,60.19093619287932,60.03874588012695
2019-07-12,60.03872695011149,60.13557434082031
2019-07-15,60.12174446254947,60.17708206176758
2019-07-16,60.170167645700054,60.05256271362305
2019-07-17,60.10098978756408,59.976470947265625
2019-07-18,59.983337113391094,60.00408935546875
2019-07-19,60.00413430271587,59.900367736816406
2019-07-22,59.96954232696646,60.100975036621094
2019-07-23,60.14938050885692,60.2047233581543
2019-07-24,60.19091705331656,60.253173828125
2019-07-25,60.28777331103472,60.17017364501953
2019-07-26,60.266966507207506,60.301551818847656
2019-07-29,60.287776513380436,60.2116813659668
2019-07-30,60.11481148595913,60.23933029174805
2019-07-31,60.28776460558758,60.13557434082031
2019-08-01,60.12653172466513,60.10568618774414
2019-08-02,60.08483862940223,60.0153694152832
2019-08-05,59.6541118297066,59.39012145996094
2019-08-06,59.6541300395881,59.7722282409668
2019-08-07,59.52912326300264,59.76531982421875
2019-08-08,59.77920583284324,60.00151062011719
2019-08-09,59.8972963537157,59.91813659667969
2019-08-12,59.75139112615881,59.7097053527832
2019-08-13,59.70277916766057,59.97371292114258
2019-08-14,59.70277607872752,59.438785552978516
2019-08-15,59.54299566228803,59.612464904785156
2019-08-16,59.70278458908877,59.813934326171875
2019-08-19,59.92503959081677,59.9875602722168
2019-08-20,60.015414632891186,60.0362548828125
2019-08-21,60.18908645640837,60.29329299926758
2019-08-22,60.3974566606861,60.40439987182617
2019-08-23,60.29327218330656,60.12654495239258
2019-08-26,60.314118862680736,60.42527389526367
2019-08-27,60.54335935592383,60.3974723815918
2019-08-28,60.383592875694234,60.54337692260742
2019-08-29,60.6753308733275,60.60586166381836
2019-08-30,60.703138415723295,60.55030822753906
2019-09-03,60.50216437124394,60.376583099365234
2019-09-04,60.48123360900376,60.50216293334961
2019-09-05,60.55798502091559,60.739376068115234
2019-09-06,60.82306973093352,60.795162200927734
2019-09-09,60.83007509303693,60.85798263549805
2019-09-10,60.86496812315098,60.89287567138672
2019-09-11,60.85798873825372,60.88589096069336
2019-09-12,60.93474655618008,60.92079544067383
2019-09-13,60.816131220136036,60.80915832519531
2019-09-16,60.90682950385238,61.02543258666992
2019-09-17,61.0463783213954,61.06032943725586
2019-09-18,61.01845436920408,61.02543258666992
2019-09-19,60.99052694521348,60.95564651489258
2019-09-20,60.97661744217376,61.032432556152344
2019-09-23,60.983560573687456,61.00448989868164
2019-09-24,61.06032788702292,60.92079544067383
2019-09-25,60.87193374531888,60.85798263549805
2019-09-26,60.85796121989118,60.816097259521484
2019-09-27,60.809127358160715,60.746334075927734
2019-09-30,60.739352875464235,60.816097259521484
2019-10-01,60.83010468754308,60.676002502441406
2019-10-02,60.640978521207856,60.318756103515625
2019-10-03,60.325770241835194,60.353790283203125
2019-10-04,60.43085422349252,60.54293441772461
2019-10-07,60.500883756403915,60.49387741088867
2019-10-08,60.43086876947688,60.26976013183594
2019-10-09,60.43083948100867,60.45185852050781
2019-10-10,60.46589564716108,60.5289421081543
2019-10-11,60.690013407715234,60.78107452392578
2019-10-14,60.78108356667543,60.823116302490234
2019-10-15,60.83013117184813,60.95621871948242
2019-10-16,60.93517411788111,60.90715408325195
2019-10-17,60.94920643234504,60.991233825683594
2019-10-18,60.991222602841404,61.00522994995117
2019-10-21,61.05428423614996,61.02626419067383
2019-10-22,61.0682650894707,61.040245056152344
2019-10-23,61.047256861754015,61.096290588378906
2019-10-24,61.12435442422203,61.1663818359375
2019-10-25,61.15234053972992,61.21538162231445
2019-10-28,61.22240579331767,61.20839309692383
2019-10-29,61.20136438665377,61.096290588378906
2019-10-30,61.13134671394075,61.01927185058594
2019-10-31,61.005262838547786,60.80912780761719
2019-11-01,60.90830068824995,61.07008743286133
2019-11-04,61.182631390148195,61.19669723510742
2019-11-05,61.245927548992334,61.133384704589844
2019-11-06,61.1333908239203,61.063045501708984
2019-11-07,61.154480655669595,61.03489685058594
2019-11-08,61.027893601484124,61.0911979675293
2019-11-11,61.034908198114046,61.05601501464844
2019-11-12,61.02084892217007,61.07008743286133
2019-11-13,61.006771087646484,61.006771087646484
2019-11-14,61.01380629311953,60.97160339355469
2019-11-15,61.03490379118114,61.15448760986328
2019-11-18,61.10523589377047,61.07709884643555
2019-11-19,61.013809508813495,60.85905838012695
2019-11-20,60.823899180753955,60.732452392578125
2019-11-21,60.79572514804784,60.74648666381836
2019-11-22,60.83792958673553,60.978614807128906
2019-11-25,60.99270730002369,61.14042282104492
2019-11-26,61.16153114078321,61.21076965332031
2019-11-27,61.18970422188529,61.28818130493164
2019-11-29,61.27406606195123,61.15448760986328
2019-12-02,61.176361831427506,61.11280822753906
2019-12-03,60.97158809942612,61.02808380126953
2019-12-04,61.056317102086865,61.21167755126953
2019-12-05,61.25405348442341,61.30348587036133
2019-12-06,61.402373493370035,61.38825225830078
2019-12-09,61.3670677118329,61.38825225830078
2019-12-10,61.388217154025746,61.53651428222656
2019-12-11,61.55063022088948,61.66361618041992
2019-12-12,61.69190745456831,61.804893493652344
2019-12-13,61.82604295436739,61.868412017822266
2019-12-16,61.9602393936138,61.988487243652344
2019-12-17,61.995552733931206,62.179161071777344
2019-12-18,62.20739360642497,62.292137145996094
2019-12-19,62.30208548956776,62.259559631347656
2019-12-20,62.330414248462354,62.167415618896484
2019-12-23,62.1886588348882,62.19574737548828
2019-12-24,62.2099316543113,62.24536895751953
2019-12-26,62.32332222040347,62.337493896484375
2019-12-27,62.38002753454534,62.30915832519531
2019-12-30,62.365853866095364,62.26663589477539
2019-12-31,62.266624777804154,62.32332229614258
2020-01-02,62.43670622526933,62.585533142089844
2020-01-03,62.45088602745266,62.52175521850586
2020-01-06,62.44381705915002,62.45798873901367
2020-01-07,62.46508301334609,62.401302337646484
2020-01-08,62.41546829244834,62.45798873901367
2020-01-09,62.53591017019457,62.62095642089844
2020-01-10,62.62804787116664,62.64221954345703
2020-01-13,62.64930808308798,62.64221954345703
2020-01-14,62.628060145981586,62.6351432800293
2020-01-15,62.649322509765625,62.649322509765625
2020-01-16,62.69895729025591,62.67060852050781
2020-01-17,62.7060026716023,62.62095642089844
2020-01-21,62.606825420426055,62.48634719848633
2020-01-22,62.58552766189635,62.59970474243164
2020-01-23,62.4934019802407,62.408355712890625
2020-01-24,62.415472948420565,62.14616775512695
2020-01-27,61.82721858076965,61.72800064086914
2020-01-28,62.01151465412615,62.259559631347656
2020-01-29,62.34460694158965,62.22412872314453
2020-01-30,62.01860145146987,62.287906646728516
2020-01-31,62.22411342068343,62.03276062011719
2020-02-03,62.15089136236728,62.022789001464844
2020-02-04,62.27191823624616,62.39290237426758
2020-02-05,62.54230643163589,62.6490592956543
2020-02-06,62.627716283163295,62.698883056640625
2020-02-07,62.62058493962753,62.606353759765625
2020-02-10,62.592118836706405,62.69175338745117
2020-02-11,62.81989124472016,62.734493255615234
2020-02-12,62.8554714806329,62.898170471191406
2020-02-13,62.84834911254924,62.91952133178711
2020-02-14,62.94086327563963,62.91239547729492
2020-02-18,62.87675309751966,62.784236907958984
2020-02-19,62.848324806805586,62.812744140625
2020-02-20,62.85546742040863,62.91952133178711
2020-02-21,62.869680777775635,62.86256790161133
2020-02-24,62.27190397230577,62.186500549316406
2020-02-25,62.45693101114341,61.75236511230469
2020-02-26,61.86620826583808,61.81639099121094
2020-02-27,61.29691499897069,60.98377990722656
2020-02-28,60.27208000130442,61.232845306396484
2020-03-02,61.21852162149815,61.69746017456055
2020-03-03,61.74751890872868,61.4329948425293
2020-03-04,61.947661689845425,62.276485443115234
2020-03-05,61.73320502958343,61.49015808105469
2020-03-06,60.425073381452805,60.796791076660156
2020-03-09,56.92952959899143,58.18049240112305
2020-03-10,59.05973369929163,59.07402801513672
2020-03-11,58.08040829154028,57.787322998046875
2020-03-12,54.59916210332717,55.47841262817383
2020-03-13,57.279774102725774,57.222591400146484
2020-03-16,54.12736219638332,54.07732391357422
2020-03-17,54.00583518379188,54.5848503112793
2020-03-18,52.7906359961121,52.17587661743164
2020-03-19,51.368080978970674,51.00351333618164
2020-03-20,51.04642069911064,49.85979080200195
2020-03-23,50.07425224022983,49.059181213378906
2020-03-24,50.102834029765184,51.08216094970703
2020-03-25,51.6468664653484,52.51896667480469
2020-03-26,52.9050006065219,54.92083740234375
2020-03-27,53.92722197927462,55.06380844116211
2020-03-30,55.11382762585931,55.53558349609375
2020-03-31,55.30683721881972,55.092384338378906
2020-04-01,54.011150775491814,53.58009719848633
2020-04-02,53.42923201243884,53.996788024902344
2020-04-03,53.88185107671446,52.84013748168945
2020-04-06,53.924948252940055,54.12610626220703
2020-04-07,54.90919191959021,54.12610626220703
2020-04-08,54.5715298717821,55.53422164916992
2020-04-09,58.889294077873984,59.16947937011719
2020-04-13,58.774306510976366,58.32170104980469
2020-04-14,58.84615434715586,58.56596374511719
2020-04-15,57.65357945514448,58.01997756958008
2020-04-16,57.87628859385659,57.962501525878906
2020-04-17,58.42230111070945,58.25706100463867
2020-04-20,57.68233328987099,57.38059616088867
2020-04-21,56.726818255609466,56.331687927246094
2020-04-22,56.942346983295,56.827396392822266
2020-04-23,56.93513597084965,56.79863357543945
2020-04-24,56.84176697402732,56.267024993896484
2020-04-27,56.54002908767128,56.496925354003906
2020-04-28,56.80583684907027,56.669334411621094
2020-04-29,57.06445667072268,57.667930603027344
2020-04-30,57.36620273979231,57.78289031982422
2020-05-01,57.26252909410934,56.78618621826172
2020-05-04,56.67790557552852,56.7067756652832
2020-05-05,56.88721275758931,57.19755935668945
2020-05-06,57.255310437386,56.8727912902832
2020-05-07,57.161484420693725,57.01713943481445
2020-05-08,57.255279237659195,57.558406829833984
2020-05-11,57.435738441756996,57.298606872558594
2020-05-12,57.6739148274851,57.226436614990234
2020-05-13,57.269754807435916,56.92332458496094
2020-05-14,56.62735866886979,56.72840118408203
2020-05-15,56.56242806000552,56.80781555175781
2020-05-18,57.71000401116372,57.8110466003418
2020-05-19,57.76774197748073,57.883216857910156
2020-05-20,58.18631946149747,58.496665954589844
2020-05-21,58.48225402832031,58.48225402832031
2020-05-22,58.42450011635824,58.626590728759766
2020-05-26,59.059654433443626,59.06686782836914
2020-05-27,59.48546877837178,59.18955993652344
2020-05-28,59.276173108541215,59.2473030090332
2020-05-29,59.21841207915726,59.485450744628906
2020-06-01,59.37028947329343,59.93544387817383
2020-06-02,60.029632347398106,60.529579162597656
2020-06-03,60.77591131427743,60.81214141845703
2020-06-04,60.74694521120663,60.62377166748047
2020-06-05,61.275830616433126,61.196128845214844
2020-06-08,61.34105684069852,61.26859664916992
2020-06-09,60.94256175996874,60.7904052734375
2020-06-10,60.71068874450406,60.70344161987305
2020-06-11,59.833989874855455,59.14565658569336
2020-06-12,59.949904129579835,59.732540130615234
2020-06-15,59.34128619023994,60.312191009521484
2020-06-16,61.04400426408111,60.55855178833008
2020-06-17,60.515058863320036,60.27595901489258
2020-06-18,60.109311814101574,60.25422668457031
2020-06-19,60.37014534217499,60.05133819580078
2020-06-22,60.04410363437517,60.00787353515625
2020-06-23,60.21800306652957,60.09482955932617
2020-06-24,59.90643865899216,59.478946685791016
2020-06-25,59.31950917039196,59.500648498535156
2020-06-26,59.42096264381713,58.93550491333008
2020-06-29,59.007997702948195,58.60224151611328
2020-06-30,58.797865615976534,59.13840866088867
2020-07-01,59.23517657606409,59.322486877441406
2020-07-02,59.83907895726606,59.75904083251953
2020-07-06,60.11560167328432,60.18836212158203
2020-07-07,60.12285701159333,59.78815460205078
2020-07-08,59.75906059813868,59.9482421875
2020-07-09,59.94825085011628,59.81727981567383
2020-07-10,59.71538376014204,60.02098083496094
2020-07-13,60.24656230194093,59.693572998046875
2020-07-14,59.693590257643784,60.202919006347656
2020-07-15,60.56670748826169,60.54487991333008
2020-07-16,60.50850037372788,60.60308837890625
2020-07-17,60.741331789701455,60.77043151855469
2020-07-20,60.821368169747345,61.13424301147461
2020-07-21,61.33799163245101,61.41802978515625
2020-07-22,61.48349933745682,61.541709899902344
2020-07-23,61.53444513078406,61.49806213378906
2020-07-24,61.367081407804925,61.5562629699707
2020-07-27,61.65085699859158,61.70178985595703
2020-07-28,61.643575608549604,61.541709899902344
2020-07-29,61.73091240341403,61.88371658325195
2020-07-30,61.68725999366496,62.01469039916992
2020-07-31,61.99282430802229,62.131072998046875
2020-08-03,62.117208985643074,62.14643096923828
2020-08-04,62.073378455817604,62.124515533447266
2020-08-05,62.13909702550323,62.23406982421875
2020-08-06,62.234085413507074,62.37288284301758
2020-08-07,62.350974737011555,62.219478607177734
2020-08-10,62.28521660681601,62.248687744140625
2020-08-11,62.27792519597533,61.686195373535156
2020-08-12,61.95649488491284,61.700809478759766
2020-08-13,61.71542819618945,61.53279495239258
2020-08-14,61.51817741855475,61.42321014404297
2020-08-17,61.481629776688855,61.7884521484375
2020-08-18,61.81770807059925,61.883453369140625
2020-08-19,61.85419985518485,61.70809555053711
2020-08-20,61.60582864218169,61.91265106201172
2020-08-21,61.91265280509903,61.90534591674805
2020-08-24,62.02224240020709,62.19026184082031
2020-08-25,62.19756418463236,62.25600814819336
2020-08-26,62.26330151861955,62.248687744140625
2020-08-27,62.32905478671421,62.15372848510742
2020-08-28,62.19026979485054,62.20488357543945
2020-08-31,62.190239646958354,62.1171875
2020-09-01,62.132603247959075,62.4553337097168
2020-09-02,62.492010568615456,62.5286865234375
2020-09-03,62.41867570949302,62.139957427978516
2020-09-04,62.198602688274775,61.971221923828125
2020-09-08,61.71452955408713,61.62651062011719
2020-09-09,61.890574011044,62.110618591308594
2020-09-10,62.20596697720339,61.81722640991211
2020-09-11,61.86118906244735,61.941871643066406
2020-09-14,62.06660900414385,61.87590408325195
2020-09-15,62.01524832222157,62.04458236694336
2020-09-16,62.0885946259546,62.04458236694336
2020-09-17,61.83921856236694,61.978580474853516
2020-09-18,62.1032611897809,61.82454299926758
2020-09-21,61.560490483836574,61.32577896118164
2020-09-22,61.39913601022141,61.53849792480469
2020-09-23,61.5971742003025,60.915042877197266
2020-09-24,60.78304423475533,60.95174026489258
2020-09-25,60.878377467320526,60.84170150756836
2020-09-28,61.15707983746305,61.237762451171875
2020-09-29,61.28910827636719,61.28910827636719
2020-09-30,61.2891137406012,61.53849792480469
2020-10-01,61.735165498612886,61.749900817871094
2020-10-02,61.344763836435526,61.749900817871094
2020-10-05,61.867759402360726,62.213966369628906
2020-10-06,62.228705529040234,62.074012756347656
2020-10-07,62.25816167317688,62.29499435424805
2020-10-08,62.49387238579829,62.4349479675293
2020-10-09,62.5306992368637,62.574893951416016
2020-10-12,62.77377002661709,62.891624450683594
2020-10-13,62.72955816234051,62.611698150634766
2020-10-14,62.58227627200321,62.457054138183594
2020-10-15,62.20659809875268,62.4128532409668
2020-10-16,62.508610083217924,62.33918762207031
2020-10-19,62.464447496982906,62.11824035644531
2020-10-20,62.228700821189236,62.33918762207031
2020-10-21,62.331825256347656,62.331825256347656
2020-10-22,62.32445206872382,62.44230651855469
2020-10-23,62.53807331169156,62.51597595214844
2020-10-26,62.28762019145452,61.96351623535156
2020-10-27,62.007699209113824,61.99296951293945
2020-10-28,61.5878636623882,61.47737121582031
2020-10-29,61.43314985086911,61.65412902832031
2020-10-30,61.60257195027535,61.78672409057617
2020-11-02,61.97834846945215,61.933963775634766
2020-11-03,62.05970487170559,62.466583251953125
2020-11-04,62.65151968181583,63.05099868774414
2020-11-05,63.354313454224254,63.2729377746582
2020-11-06,63.295120043561795,63.05099868774414
2020-11-09,64.27162746313235,63.53185272216797
2020-11-10,63.45787772855658,63.443084716796875
2020-11-11,63.56146328621954,63.4209098815918
2020-11-12,63.361735524903644,62.99184799194336
2020-11-13,63.06579704087727,63.206356048583984
2020-11-16,63.54663887623121,63.561431884765625
2020-11-17,63.457850235079654,63.58361053466797
2020-11-18,63.650207015986474,63.46526336669922
2020-11-19,63.40608329409239,63.67980194091797
2020-11-20,63.561431884765625,63.561431884765625
2020-11-23,63.72420031334957,63.657623291015625
2020-11-24,63.857329134264155,63.84992980957031
2020-11-25,63.84253336130284,63.820335388183594
2020-11-27,63.93873939398169,63.923946380615234
2020-11-30,63.938728880669544,63.85735321044922
2020-12-01,64.0586068070133,64.02146911621094
2020-12-02,64.03635595907951,64.19975280761719
2020-12-03,64.25915016497517,64.23686981201172
2020-12-04,64.37057700703164,64.50426483154297
2020-12-07,64.46711007472194,64.47453308105469
2020-12-08,64.44481147541238,64.42253112792969
2020-12-09,64.50424488768914,64.32599639892578
2020-12-10,64.22945131011367,64.44483184814453
2020-12-11,64.40773028246305,64.37802124023438
2020-12-14,64.48943147934847,64.39287567138672
2020-12-15,64.50426431402487,64.59339141845703
2020-12-16,64.57113213393173,64.49685668945312
2020-12-17,64.57809855822428,64.593017578125
2020-12-18,64.62289081780655,64.645263671875
2020-12-21,64.4215239541458,64.41407012939453
2020-12-22,64.4587789996021,64.4960708618164
2020-12-23,64.60048595415041,64.78693389892578
2020-12-24,64.84658936992078,64.92117309570312
2020-12-28,65.0181329377412,65.00321960449219
2020-12-29,65.11507485090688,64.92117309570312
2020-12-30,64.94357286493998,65.0554428100586
2020-12-31,65.04053413250125,65.10765838623047
2021-01-04,65.1822171354934,64.97339630126953
2021-01-05,64.89878624274196,64.99574279785156
2021-01-06,64.95099710017388,64.87641906738281
2021-01-07,65.01814340223217,65.0628890991211
2021-01-08,65.14494730269229,65.15986633300781
2021-01-11,64.89877937098788,64.80928802490234
2021-01-12,64.80186796076933,64.89136505126953
2021-01-13,64.86899143784824,65.08526611328125
2021-01-14,65.08525635194525,65.07034301757812
2021-01-15,64.98830760067807,64.96593475341797
2021-01-19,65.14492238466818,65.15238189697266
2021-01-20,65.34628173247336,65.27169799804688
2021-01-21,65.23442840576172,65.23442840576172
2021-01-22,65.09273935653835,65.10765838623047
2021-01-25,65.10764525700789,65.12255859375
2021-01-26,65.10015939327019,65.02558135986328
2021-01-27,64.8987932297928,64.8391342163086
2021-01-28,65.00321624275935,65.03304290771484
2021-01-29,64.98085788534343,64.86153411865234
2021-02-01,64.97977746248314,65.0696029663086
2021-02-02,65.23430115878219,65.22681427001953
2021-02-03,65.27174131972069,65.27922821044922
2021-02-04,65.3839985882444,65.4139404296875
2021-02-05,65.5935690840705,65.51123046875
2021-02-08,65.56361118692799,65.7058334350586
2021-02-09,65.60855266830877,65.58609771728516
2021-02-10,65.58611025203471,65.57113647460938
2021-02-11,65.60107421875,65.60107421875
2021-02-12,65.53367507125579,65.7058334350586
2021-02-16,65.66844479130792,65.60107421875
2021-02-17,65.46633281111326,65.57861328125
2021-02-18,65.47381672641723,65.48878479003906
2021-02-19,65.59359119448744,65.49628448486328
2021-02-22,65.39895249334579,65.29415893554688
2021-02-23,65.26424561784839,65.45137786865234
2021-02-24,65.35405290073945,65.51873016357422
2021-02-25,65.36906859392612,64.89749145507812
2021-02-26,65.03217622267859,64.70282745361328
2021-03-01,65.10623011787031,65.42924499511719
2021-03-02,65.46681204796205,65.33159637451172
2021-03-03,65.23391361982026,65.1212387084961
2021-03-04,65.16632598982028,64.87335968017578
2021-03-05,64.97102054121223,65.06867980957031
2021-03-08,65.03111642170502,64.59542083740234
2021-03-09,64.76817896867948,64.685546875
2021-03-10,64.76817821147473,64.88836669921875
2021-03-11,65.03862134203982,65.1287612915039
2021-03-12,65.02360487540767,64.948486328125
2021-03-15,64.90340247796918,64.95598602294922
2021-03-16,64.92594222957412,64.80574798583984
2021-03-17,64.67805673613273,64.89590454101562
2021-03-18,64.64800660045059,64.40011596679688
2021-03-19,64.49775792707409,64.64799499511719
2021-03-22,64.75316681234244,64.88087463378906
2021-03-23,64.86585420676072,64.948486328125
2021-03-24,65.00858082755738,64.98604583740234
2021-03-25,64.94097558792002,65.0987319946289
2021-03-26,65.17381787324582,65.29400634765625
2021-03-29,65.2489642556711,65.33159637451172
2021-03-30,65.22640402987115,65.17382049560547
2021-03-31,65.24895897263328,65.48934173583984
2021-04-01,65.55267139044398,65.62804412841797
2021-04-05,65.63556136858264,65.65817260742188
2021-04-06,65.67323528745784,65.77122497558594
2021-04-07,65.78632545967405,65.74864196777344
2021-04-08,65.82398644205162,65.77122497558594
2021-04-09,65.6883296984519,65.72601318359375
2021-04-12,65.65063361095234,65.65817260742188
2021-04-13,65.58276638218788,65.70336151123047
2021-04-14,65.71847652163339,65.67324829101562
2021-04-15,65.8240107837927,65.93707275390625
2021-04-16,65.95215233689308,65.80140686035156
2021-04-19,65.72600630113517,65.69586181640625
2021-04-20,65.62050820249733,65.58282470703125
2021-04-21,65.55267164854388,65.80140686035156
2021-04-22,65.81643638567802,65.6807632446289
2021-04-23,65.72602415107461,65.85416412353516
2021-04-26,65.86167334584749,65.82398986816406
2021-04-27,65.86167757938007,65.7335433959961
2021-04-28,65.75614089520043,65.86166381835938
2021-04-29,65.98983423988315,65.93707275390625
2021-04-30,65.85416752492942,65.90692901611328
2021-05-03,65.9704488356123,65.93263244628906
2021-05-04,65.87968281678556,65.89480590820312
2021-05-05,65.94020789858935,66.02339935302734
2021-05-06,66.0158231384485,66.00069427490234
2021-05-07,66.06118937573738,66.04606628417969
2021-05-10,66.06875319434033,65.89480590820312
2021-05-11,65.7208498943241,65.82672882080078
2021-05-12,65.73599049856037,65.50910949707031
2021-05-13,65.62253011740064,65.74353790283203
2021-05-14,65.8342973553374,65.9552993774414
2021-05-17,65.94774241502171,65.83430480957031
2021-05-18,65.92505798725634,65.67548370361328
2021-05-19,65.49400722116204,65.50157165527344
2021-05-20,65.55448529624644,65.7813720703125
2021-05-21,65.85698929880185,65.87967681884766
2021-05-24,65.93261185891997,65.9552993774414
2021-05-25,65.99312731953054,65.96287536621094
2021-05-26,65.91750261568622,65.98556518554688
2021-05-27,66.08386582904227,65.9552993774414
2021-05-28,66.0233883186823,65.93263244628906
2021-06-01,66.06237234142621,66.13066864013672
2021-06-02,66.1306718040045,66.21414184570312
2021-06-03,66.03961738846482,66.07756042480469
2021-06-04,66.19137798458955,66.22172546386719
2021-06-07,66.23690944156678,66.24449920654297
2021-06-08,66.35071506995818,66.29000854492188
2021-06-09,66.37350055040227,66.34314727783203
2021-06-10,66.3962709340177,66.46456146240234
2021-06-11,66.51009108405452,66.4873275756836
2021-06-14,66.46457300144463,66.4266357421875
2021-06-15,66.38109198614357,66.41902923583984
2021-06-16,66.41902643898216,66.32797241210938
2021-06-17,66.36589198717178,66.37348175048828
2021-06-18,66.2748509672253,66.34314727783203
2021-06-21,66.41140804504596,66.47211456298828
2021-06-22,66.44936575323631,66.51766204833984
2021-06-23,66.4949136148337,66.44938659667969
2021-06-24,66.57837081992801,66.65425109863281
2021-06-25,66.66188101020735,66.72258758544922
2021-06-28,66.7529317601668,66.7149887084961
2021-06-29,66.73013325704478,66.79842376708984
2021-06-30,66.75291348921523,66.8060302734375
2021-07-01,66.86847866337024,66.93699645996094
2021-07-02,66.9674081816963,67.04354095458984
2021-07-06,67.04356428887255,67.00550079345703
2021-07-07,67.06640669788692,67.0283432006836
2021-07-08,66.8532203442324,66.88367462158203
2021-07-09,66.90653143109044,66.99789428710938
2021-07-12,66.99786824468596,66.97502899169922
2021-07-13,66.93697259024061,66.77709197998047
2021-07-14,66.8532203442324,66.88367462158203
2021-07-15,66.82273688264233,66.83796691894531
2021-07-16,66.87604647513805,66.74662017822266
2021-07-19,66.58674647020543,66.29743957519531
2021-07-20,66.3583541519021,66.63243103027344
2021-07-21,66.67808007725817,66.79228210449219
2021-07-22,66.79990614466986,66.83036041259766
2021-07-23,66.90651481564008,66.95980834960938
2021-07-26,66.93695736177952,66.86082458496094
2021-07-27,66.76947021484375,66.76947021484375
2021-07-28,66.84559133452159,66.82274627685547
2021-07-29,66.86846567654412,66.96743774414062
2021-07-30,66.94459933734771,66.8760757446289
2021-08-02,66.962382690369,66.7103271484375
2021-08-03,66.74851266834258,66.78670501708984
2021-08-04,66.73324244107928,66.66449737548828
2021-08-05,66.70268190180362,66.81725311279297
2021-08-06,66.77906759415313,66.74087524414062
2021-08-09,66.71034747154809,66.58814239501953
2021-08-10,66.59573821663471,66.43534088134766
2021-08-11,66.48118430627594,66.54228973388672
2021-08-12,66.54227210113477,66.6568374633789
2021-08-13,66.67977403704553,66.8019790649414
2021-08-16,66.78669599107201,66.82488250732422
2021-08-17,66.74851327026309,66.67213439941406
2021-08-18,66.67978188531215,66.51937866210938
2021-08-19,66.4506285839448,66.51173400878906
2021-08-20,66.5270104656669,66.67213439941406
2021-08-23,66.76380677535029,66.87837219238281
2021-08-24,66.89363760818169,66.97001647949219
2021-08-25,66.98527628366529,67.03874206542969
2021-08-26,67.0311172870804,67.00056457519531
2021-08-27,67.02347866826992,67.18387603759766
2021-08-30,67.19919743117082,67.26793670654297
2021-08-31,67.2602824088082,67.28319549560547
2021-09-01,67.30234813099217,67.34066009521484
2021-09-02,67.42491149902344,67.42491149902344
2021-09-03,67.39425184110543,67.43256378173828
2021-09-07,67.41724731026228,67.25634765625
2021-09-08,67.26401517214333,67.33296966552734
2021-09-09,67.3253173516718,67.39427185058594
2021-09-10,67.48617227044886,67.29462432861328
2021-09-13,67.38660242101861,67.46322631835938
2021-09-14,67.48619699127542,67.43256378173828
2021-09-15,67.44022037869351,67.53216552734375
2021-09-16,67.50919342041016,67.50919342041016
2021-09-17,67.48620827605323,67.42491149902344
2021-09-20,67.1184404751088,67.1874008178711
2021-09-21,67.29465704572144,67.30231475830078
2021-09-22,67.40192666903286,67.42491149902344
2021-09-23,67.4632223352536,67.45555877685547
2021-09-24,67.3942707664529,67.35596466064453
2021-09-27,67.24099113872249,67.29462432861328
2021-09-28,67.16440884010842,66.9881820678711
2021-09-29,67.06483201501662,67.11080169677734
2021-09-30,67.14906387590773,67.03413391113281
2021-10-01,67.14868871574424,67.19481658935547
2021-10-04,67.14866472092608,66.95648193359375
2021-10-05,67.02571248576369,66.92577362060547
2021-10-06,66.77969192709355,66.88731384277344
2021-10-07,66.97958811331083,66.89502716064453
2021-10-08,66.87963091529781,66.69513702392578
2021-10-11,66.69516307458774,66.48760223388672
2021-10-12,66.57214915134828,66.61058807373047
2021-10-13,66.649012142228,66.78738403320312
2021-10-14,66.91805349112848,67.16404724121094
2021-10-15,67.17944240219201,67.04875946044922
2021-10-18,66.8950131442158,67.01801300048828
2021-10-19,67.01800305425598,67.06412506103516
2021-10-20,67.07183192811252,67.08720397949219
2021-10-21,67.07181950667399,66.91807556152344
2021-10-22,66.89504769751669,66.75667572021484
2021-10-25,66.83350756304827,66.87194061279297
2021-10-26,66.97187475722971,66.88731384277344
2021-10-27,66.95649004276294,66.83349609375
2021-10-28,66.86426786711702,67.00263977050781
2021-10-29,66.89499629646934,66.82581329345703
2021-11-01,66.88522647842552,66.75411987304688
2021-11-02,66.7540972089591,66.91604614257812
2021-11-03,66.86977366256052,67.04714965820312
2021-11-04,67.10886880514934,67.22454833984375
2021-11-05,67.32481420825368,67.47904968261719
2021-11-08,67.54844627242036,67.39421081542969
2021-11-09,67.39420578744843,67.44818878173828
2021-11-10,67.36337754580133,67.07032775878906
2021-11-11,67.11655402930921,66.95460510253906
2021-11-12,67.03172803596026,66.97774505615234
2021-11-15,67.02402016607728,66.90062713623047
2021-11-16,66.91605333597656,66.93148040771484
2021-11-17,66.95462823248452,66.8620834350586
2021-11-18,66.94691973348341,66.80810546875
2021-11-19,66.80810286924797,66.75411987304688
2021-11-22,66.81580290593217,66.49961853027344
2021-11-23,66.4996111169881,66.40706634521484
2021-11-24,66.32224316438479,66.39164733886719
2021-11-26,66.02148679580803,65.91352081298828
2021-11-29,66.17571496891486,66.3222427368164
2021-11-30,66.2913969110258,66.04461669921875
2021-12-01,66.36339161798686,66.05390167236328
2021-12-02,66.09258264852797,66.54135131835938
2021-12-03,66.58004051177807,66.54135131835938
2021-12-06,66.56453587094869,66.83534240722656
2021-12-07,67.09071578176382,67.19129943847656
2021-12-08,67.14484634326182,67.17579650878906
2021-12-09,67.16032329544784,66.87403869628906
2021-12-10,66.97465488378394,67.02881622314453
2021-12-13,67.02881622314453,67.02881622314453
2021-12-14,66.92823001141498,66.91275787353516
2021-12-15,66.90504593604862,67.1681137084961
2021-12-16,67.19601316662758,67.11837005615234
2021-12-17,67.04852417414729,67.05628967285156
2021-12-20,66.86994170633548,66.9398193359375
2021-12-21,67.03300810684327,67.29698181152344
2021-12-22,67.27364061814512,67.47550201416016
2021-12-23,67.51435160475013,67.66963195800781
2021-12-27,67.67735932380452,67.73947143554688
2021-12-28,67.71621581619188,67.70845031738281
2021-12-29,67.66185120200404,67.59973907470703
2021-12-30,67.62302643754556,67.56867980957031
2021-12-31,67.59197726026514,67.55316162109375
2022-01-03,67.4832884202946,67.52210998535156
2022-01-04,67.54537612079544,67.35128021240234
2022-01-05,67.34354130174444,66.83113098144531
2022-01-06,66.84665557356335,66.8388900756836
2022-01-07,66.8388750130117,66.66807556152344
2022-01-10,66.58270849732787,66.72245788574219
2022-01-11,66.76123350019823,67.03296661376953
2022-01-12,67.13392761644604,67.14169311523438
2022-01-13,67.12616833434457,66.90101623535156
2022-01-14,66.85442107144311,66.8388900756836
2022-01-18,66.64479359970207,66.51280975341797
2022-01-19,66.62926211584025,66.45069122314453
2022-01-20,66.57491200476251,66.32646942138672
2022-01-21,66.3265087907134,66.33427429199219
2022-01-24,66.14014018819125,66.26435852050781
2022-01-25,66.06250885482861,66.07027435302734
2022-01-26,66.35752418225927,65.84510803222656
2022-01-27,66.00815950842097,65.557861328125
2022-01-28,65.41034869071824,65.74419403076172
2022-01-31,65.60443781268583,65.75971221923828
2022-02-01,65.95840010028581,66.02073669433594
2022-02-02,66.15322336292228,66.12205505371094
2022-02-03,65.81814849240307,65.52984619140625
2022-02-04,65.26491746294957,65.272705078125
2022-02-07,65.09354465785347,65.22600555419922
2022-02-08,65.28049761634504,65.15583038330078
2022-02-09,65.40519639833595,65.49869537353516
2022-02-10,65.09349106722053,64.6337661743164
2022-02-11,64.85195953406992,64.40782165527344
2022-02-14,64.40004268742095,64.29874420166016
2022-02-15,64.4701523115246,64.40782165527344
2022-02-16,64.36884702993783,64.7662353515625
2022-02-17,64.6493488402261,64.4935073852539
2022-02-18,64.43120817596575,64.58704376220703
2022-02-22,64.54808910222397,64.43900299072266
2022-02-23,64.55587404074123,64.3221206665039
2022-02-24,63.823452401560644,64.78185272216797
2022-02-25,64.84418009456125,65.14806365966797
2022-02-28,64.84417592882382,65.19480895996094
2022-03-01,65.24720102445741,65.01258087158203
2022-03-02,64.97349151231585,65.16900634765625
2022-03-03,65.2862897678806,64.97346496582031
2022-03-04,64.86401057100753,64.55118560791016
2022-03-07,64.43386022803264,63.98808670043945
2022-03-08,64.03500722475847,63.761287689208984
2022-03-09,64.13670418802553,64.2931137084961
2022-03-10,63.94115842430617,63.75345993041992
2022-03-11,63.83949998806128,63.29206085205078
2022-03-14,63.22951196744878,62.54130172729492
2022-03-15,62.666409121450535,63.01051712036133
2022-03-16,63.31553803227063,63.89426040649414
2022-03-17,63.948993331173774,64.33220672607422
2022-03-18,64.20705690729056,64.54334259033203
2022-03-21,64.4338582052994,63.800392150878906
2022-03-22,63.86294039115367,64.12883758544922
2022-03-23,64.01938257009449,63.925533294677734
2022-03-24,63.91770839821385,64.05847930908203
2022-03-25,64.06629169456211,63.5970573425293
2022-03-28,63.565768086984185,63.99590301513672
2022-03-29,64.28525687462358,64.78577423095703
2022-03-30,64.61374541788284,64.59027862548828
2022-03-31,64.66849205967353,64.35566711425781
2022-04-01,64.25672639698254,64.3509521484375
2022-04-04,64.40590355023917,64.8377914428711
2022-04-05,64.69645801007725,63.997589111328125
2022-04-06,63.55783914888998,63.495018005371094
2022-04-07,63.55785683443608,63.3929557800293
2022-04-08,63.196634535884854,63.00817108154297
2022-04-11,62.804012314982415,62.576290130615234
2022-04-12,63.008194233974834,63.05531311035156
2022-04-13,63.16523568750019,63.43221664428711
2022-04-14,63.432204867380094,63.00817108154297
2022-04-18,62.94538121876943,62.9061164855957
2022-04-19,62.788310280519816,62.851131439208984
2022-04-20,63.03958543305529,63.04743957519531
2022-04-21,63.204485839421025,62.61555099487305
2022-04-22,62.537031347503394,62.23863983154297
2022-04-25,62.348586915770106,62.764766693115234
2022-04-26,62.74118214225589,62.39567184448242
2022-04-27,62.40355068658396,62.08945083618164
2022-04-28,62.2229394727563,62.434959411621094
2022-04-29,62.14439841808035,61.66539764404297
2022-05-02,61.6141797739321,61.66936111450195
2022-05-03,61.80337284421706,61.9925651550293
2022-05-04,62.000435321544764,62.623199462890625
2022-05-05,62.25268442659645,61.51167297363281
2022-05-06,61.196362303302564,61.16482925415039
2022-05-09,60.80222411949799,60.5184326171875
2022-05-10,61.007198820559005,60.86530303955078
2022-05-11,60.69970529164864,60.502628326416016
2022-05-12,60.431680658521465,60.47897720336914
2022-05-13,60.68397043120131,60.54995346069336
2022-05-16,60.57358896656727,60.463226318359375
2022-05-17,60.58934875082154,60.40803527832031
2022-05-18,60.076966728474396,59.91142272949219
2022-05-19,59.87199326722855,60.31344985961914
2022-05-20,60.52631391138698,60.27405548095703
2022-05-23,60.41593704926287,60.510536193847656
2022-05-24,60.36864075645394,60.8731575012207
2022-05-25,60.94410829034071,61.79548263549805
2022-05-26,62.02409040411595,62.65473937988281
2022-05-27,62.907011049518886,63.21445083618164
2022-05-31,62.85968251376004,62.67049026489258
2022-06-01,62.69978841562042,62.438636779785156
2022-06-02,62.45444493745493,62.699771881103516
2022-06-03,62.41488458200954,62.23286819458008
2022-06-06,62.34366071506584,61.765968322753906
2022-06-07,61.560188056229386,61.908390045166016
2022-06-08,61.75808100314017,61.37822341918945
2022-06-09,61.14078277134357,60.88754653930664
2022-06-10,60.30193017329902,59.850852966308594
2022-06-13,58.75877894408134,57.84870910644531
2022-06-14,58.12567260696742,58.228553771972656
2022-06-15,58.71920907316263,59.3602180480957
2022-06-16,58.481813390269636,58.41850280761719
2022-06-17,58.55300844908907,58.600494384765625
2022-06-21,58.95661797394624,58.560935974121094
2022-06-22,58.45805827599402,58.545108795166016
2022-06-23,58.711321304774735,58.96455764770508
2022-06-24,59.15446821829544,59.38396453857422
2022-06-27,59.431449963020384,59.01994323730469
2022-06-28,59.106986307401655,58.37101745605469
2022-06-29,58.339361308894816,58.283966064453125
2022-06-30,58.030734525425515,58.252315521240234
2022-07-01,58.42639011367467,58.807952880859375
2022-07-05,58.43437408213525,58.752342224121094
2022-07-06,58.6569328401429,58.52974319458008
2022-07-07,58.89539205766644,59.48363494873047
2022-07-08,59.269009856576055,59.531333923339844
2022-07-11,59.459788028334344,59.19746398925781
2022-07-12,59.2690041471889,59.435935974121094
2022-07-13,58.823857930034706,59.372352600097656
2022-07-14,58.88745067529145,59.26106262207031
2022-07-15,59.43596214424265,60.01625442504883
2022-07-18,60.167264156292646,59.435935974121094
2022-07-19,59.6505781981951,60.22291946411133
2022-07-20,60.461398206156865,60.48524475097656
2022-07-21,60.42959021278265,61.200660705566406
2022-07-22,61.29606423800362,61.12118148803711
2022-07-25,61.168843860223184,61.105255126953125
2022-07-26,60.90654825463164,60.676021575927734
2022-07-27,60.94626113761199,61.343719482421875
2022-07-28,61.637850413818875,61.97171401977539
2022-07-29,61.97172651675098,62.15456008911133
2022-08-01,61.95826777852538,62.173736572265625
2022-08-02,62.06198804895201,61.88642883300781
2022-08-03,62.06997225421988,62.42908477783203
2022-08-04,62.516880450541805,62.59668731689453
2022-08-05,61.84653061011009,62.277462005615234
2022-08-08,62.51683878760484,62.33329772949219
2022-08-09,62.18966574334082,61.87045669555664
2022-08-10,62.66049750454013,62.796165466308594
2022-08-11,63.20316723490631,62.437068939208984
2022-08-12,62.66049365891473,62.99566650390625
2022-08-15,62.89988409949456,62.88392639160156
2022-08-16,62.82807327623521,62.58866500854492
2022-08-17,62.14975668805859,61.94227600097656
2022-08-18,62.093897469809306,62.03803634643555
2022-08-19,61.71087472204807,61.407623291015625
2022-08-22,60.93678913179012,60.71334457397461
2022-08-23,60.72929402309473,60.86495590209961
2022-08-24,60.841022092841996,60.93678665161133
2022-08-25,61.11235031695704,61.51136016845703
2022-08-26,61.54328910537688,60.49787902832031
2022-08-29,60.13077185358566,60.26643371582031
2022-08-30,60.330294013611066,59.80360412597656
2022-08-31,59.82754438123452,59.47641372680664
2022-09-01,59.304785018167905,59.63359069824219
2022-09-02,60.14683581862759,59.593482971191406
2022-09-06,59.593467839947095,59.43307876586914
2022-09-07,59.51326465322842,60.29116439819336
2022-09-08,60.06665610761964,60.555850982666016
2022-09-09,60.85257312718868,60.79643630981445
2022-09-12,61.01295215478817,60.980873107910156
2022-09-13,60.13079935452841,59.593482971191406
2022-09-14,59.63358614711631,59.68170166015625
2022-09-15,59.57744023192665,59.304771423339844
2022-09-16,58.943922739730084,59.50529098510742
2022-09-19,59.272708330996835,59.72982406616211
2022-09-20,59.36090682235287,59.120323181152344
2022-09-21,59.26469309164883,58.94390869140625
2022-09-22,58.743411697535116,58.59103775024414
2022-09-23,58.19003392341587,57.845191955566406
2022-09-26,57.67679228916844,57.16353988647461
2022-09-27,57.65274833546505,57.04325866699219
2022-09-28,57.47632414516573,58.0617561340332
2022-09-29,57.68482504684404,57.516414642333984
2022-09-30,57.524431202479306,57.25176239013672
2022-10-03,57.70389390632018,58.0020866394043
2022-10-04,58.751588407455245,59.25125503540039
2022-10-05,58.76771952331923,59.01755905151367
2022-10-06,58.95307646814632,58.840248107910156
2022-10-07,58.48565526468722,58.12299346923828
2022-10-10,58.08265717591488,57.41374206542969
2022-10-11,57.526600784101554,57.5910758972168
2022-10-12,57.5507772986546,57.687782287597656
2022-10-13,56.79322174278369,57.81673812866211
2022-10-14,58.17936971526601,57.631343841552734
2022-10-17,58.147145594977154,58.3405647277832
2022-10-18,58.93692981966416,58.75157165527344
2022-10-19,58.34864200337879,58.18745422363281
2022-10-20,58.1955251054023,57.8651008605957
2022-10-21,57.695817072273144,58.421146392822266
2022-10-24,58.477575814328766,58.46146011352539
2022-10-25,58.60652458715131,59.02560043334961
2022-10-26,58.88053301356796,59.18678665161133
2022-10-27,59.331850793667755,59.62198257446289
2022-10-28,59.839596515060556,60.08137512207031
2022-10-31,59.775109332880966,59.17873001098633
2022-11-01,59.81783228882429,59.53467559814453
2022-11-02,59.51043107778762,58.99266815185547
2022-11-03,58.38590560518378,58.57197952270508
2022-11-04,58.95219796954796,58.97646713256836
2022-11-07,59.097823750240686,58.968379974365234
2022-11-08,59.01691923384824,58.91175079345703
2022-11-09,58.73378622196117,58.20793151855469
2022-11-10,59.85020167544753,60.02009201049805
2022-11-11,60.044362876037845,60.230430603027344
2022-11-14,60.06860806448666,59.785457611083984
2022-11-15,60.384159295517996,60.31135177612305
2022-11-16,60.26278021580483,60.181880950927734
2022-11-17,59.712657306655814,59.92300033569336
2022-11-18,60.23851980643414,60.052452087402344
2022-11-21,59.98774023911854,60.0281867980957
2022-11-22,60.14145020837662,60.46505355834961
2022-11-23,60.41649588424768,60.8048210144043
2022-11-25,60.79673189505818,60.6834716796875
2022-11-28,60.51356249933032,60.04433822631836
2022-11-29,60.04436034104015,60.30324172973633
2022-11-30,60.35176682673034,61.20931625366211
2022-12-01,61.39538444121746,61.43600845336914
2022-12-02,60.92417140961733,61.38725662231445
2022-12-05,61.15977476277225,60.802303314208984
2022-12-06,60.826666935220615,60.58293533325195
2022-12-07,60.56671213215347,60.91605758666992
2022-12-08,60.989158453230615,60.964786529541016
2022-12-09,60.786050824680046,60.964786529541016
2022-12-12,61.11104105856509,61.200408935546875
2022-12-13,62.24032183060644,61.8341064453125
2022-12-14,61.75286392335089,61.48476028442383
2022-12-15,61.17928437818773,61.252784729003906
2022-12-16,60.90160156774406,60.92610168457031
2022-12-19,60.6892611589357,60.615760803222656
2022-12-20,60.313610045271034,60.46061706542969
2022-12-21,60.76278337333935,60.975128173828125
2022-12-22,60.738282136954176,60.59943771362305
2022-12-23,60.50142811735023,60.75460433959961
2022-12-27,60.697453363225954,60.125762939453125
2022-12-28,60.22374537224976,59.317203521728516
2022-12-29,59.55404495313767,60.084903717041016
2022-12-30,59.88075009029202,60.13392639160156
2023-01-03,60.52593164352388,60.24824905395508
2023-01-04,60.64843755423484,60.94245147705078
2023-01-05,60.73013501636912,60.81997299194336
2023-01-06,61.14664361705019,61.685665130615234
2023-01-09,61.86533982056631,61.90617752075195
2023-01-10,61.87350600291039,61.83266830444336
2023-01-11,62.069501672690464,62.24100875854492
2023-01-12,62.39619779787251,62.59220504760742
2023-01-13,62.281859716280636,62.59220504760742
2023-01-17,62.494205648734614,62.37986755371094
2023-01-18,62.76371448339075,62.453369140625
2023-01-19,62.24100260652934,62.0858268737793
2023-01-20,62.06948628742254,62.20832443237305
2023-01-23,62.15119644647738,62.20020294189453
2023-01-24,62.07767045705214,62.24100875854492
2023-01-25,62.03685329234987,62.23286056518555
2023-01-26,62.36352325133076,62.388023376464844
2023-01-27,62.29003468308069,62.20020294189453
2023-01-30,61.97151200838099,61.857173919677734
2023-01-31,62.02049811343998,62.339012145996094
2023-02-01,62.35378990136133,62.99390411376953
2023-02-02,63.45346579153298,63.354984283447266
2023-02-03,62.862592162662125,62.69025421142578
2023-02-06,62.41943795767411,62.28813552856445
2023-02-07,62.23070203225497,62.50972366333008
2023-02-08,62.4194617440344,62.24712371826172
2023-02-09,62.4604660275899,61.844970703125
2023-02-10,61.57416463392578,61.36899948120117
2023-02-13,61.410044673323604,61.52493667602539
2023-02-14,61.41002981404683,61.54133224487305
2023-02-15,61.319770732051886,61.44287109375
2023-02-16,61.17204421803484,60.950462341308594
2023-02-17,60.851993664173634,61.18846130371094
2023-02-21,60.60579165186298,60.24470520019531
2023-02-22,60.40061471632453,60.638607025146484
2023-02-23,60.91762528198241,61.2376823425293
2023-02-24,60.72888976208674,60.86840057373047
2023-02-27,61.155620522812555,61.27872085571289
2023-02-28,61.25410296487854,61.1638298034668
2023-03-01,61.163825182010754,60.990440368652344
2023-03-02,60.66846324212122,61.06476974487305
2023-03-03,61.337232764233256,61.6922607421875
2023-03-06,61.832619029030816,61.6922607421875
2023-03-07,61.70051871572525,61.254669189453125
2023-03-08,61.295927222517236,60.965667724609375
2023-03-09,61.023483313262425,60.62717056274414
2023-03-10,60.66845597012453,60.63542938232422
2023-03-13,60.429000987794424,60.305152893066406
2023-03-14,60.84183564484685,60.74275588989258
2023-03-15,60.115246993004476,60.544586181640625
2023-03-16,60.37944830423812,60.940887451171875
2023-03-17,60.63540112809739,60.577606201171875
2023-03-20,60.46204150293752,60.412498474121094
2023-03-21,60.80881832878254,61.07302474975586
2023-03-22,61.081265433325484,61.130802154541016
2023-03-23,61.1225448191892,60.89136505126953
2023-03-24,60.64368421323651,60.76753234863281
2023-03-27,60.891353371699914,60.61888885498047
2023-03-28,60.50334363439446,60.585906982421875
2023-03-29,60.808799530129335,61.3454704284668
2023-03-30,61.485841536164656,61.708763122558594
2023-03-31,61.89866074344997,62.37753677368164
2023-04-03,62.32113385223153,62.329429626464844
2023-04-04,62.32942645437728,62.14695739746094
2023-04-05,62.10549237879696,61.79861831665039
2023-04-06,61.699076238106414,62.072303771972656
2023-04-10,61.85666235998382,62.014244079589844
2023-04-11,62.01425032776856,62.14695739746094
2023-04-12,62.4621337766834,62.13037872314453
2023-04-13,62.238209172713994,62.55337905883789
2023-04-14,62.53677089392507,62.43724060058594
2023-04-17,62.263066531727475,62.2713623046875
2023-04-18,62.42066177080091,62.312835693359375
2023-04-19,62.06401824951172,62.06401824951172
2023-04-20,61.91473165025995,62.00596618652344
2023-04-21,62.1054817846478,62.19671630859375
2023-04-24,62.229898863915814,62.37089538574219
2023-04-25,62.33771583272623,62.2713623046875
2023-04-26,62.254769440611355,62.03083419799805
2023-04-27,62.14693993565311,62.23817443847656
2023-04-28,62.25479367517963,62.50361633300781
2023-05-01,62.4169754082714,62.21705627441406
2023-05-02,62.2170471862796,62.15873718261719
2023-05-03,62.225379817585114,62.125423431396484
2023-05-04,61.958815023589274,61.94215774536133
2023-05-05,62.12543821064078,62.2753791809082
2023-05-08,62.22538265273526,62.10043716430664
2023-05-09,61.93382592859031,61.94215774536133
2023-05-10,62.283688059279825,62.31700897216797
2023-05-11,62.25870265150556,62.21705627441406
2023-05-12,62.20873214875269,61.992149353027344
2023-05-15,62.00044532375225,61.97545623779297
2023-05-16,61.85886193778249,61.54231643676758
2023-05-17,61.60895297839178,61.70891571044922
2023-05-18,61.525639142351686,61.74222183227539
2023-05-19,61.800569646796696,61.808895111083984
2023-05-22,61.82555301015654,62.08378219604492
2023-05-23,61.96715063354518,61.7588996887207
2023-05-24,61.58396229181007,61.32573318481445
2023-05-25,61.550664416592085,61.28410339355469
2023-05-26,61.35072822293615,61.658935546875
2023-05-30,61.9338345950365,61.92550277709961
2023-05-31,61.75891015178762,61.73392105102539
2023-06-01,61.76991464762399,62.104705810546875
2023-06-02,62.322311222541366,62.422752380371094
2023-06-05,62.37254333496094,62.37254333496094
2023-06-06,62.313938820188575,62.47296905517578
2023-06-07,62.52319052138742,62.12981033325195
2023-06-08,62.129801781295185,62.5231819152832
2023-06-09,62.573412637836675,62.53993225097656
2023-06-12,62.59851890460091,62.47296905517578
2023-06-13,62.63201856706409,62.54832077026367
2023-06-14,62.606905686600086,62.57342529296875
2023-06-15,62.65709082929716,62.87471008300781
2023-06-16,62.84962104691229,62.71570587158203
2023-06-20,62.61527517626446,62.54832077026367
2023-06-21,62.42276261799669,62.3892822265625
2023-06-22,62.246975974063815,62.20512390136719
2023-06-23,62.113061920308056,62.0963249206543
2023-06-26,62.10469525314324,62.12981033325195
2023-06-27,62.19675706612752,62.33905029296875
2023-06-28,62.330689083889595,62.69896697998047
2023-06-29,62.47298515586687,62.53157424926758
2023-06-30,62.74079721736518,62.83286666870117
2023-07-03,62.84379921413414,62.734405517578125
2023-07-05,62.70916586367617,62.54086685180664
2023-07-06,62.086463928222656,62.086463928222656
2023-07-07,62.0696568880633,62.145389556884766
2023-07-10,62.20425970310415,62.45671463012695
2023-07-11,62.61660381950189,62.79331970214844
2023-07-12,63.18882857083887,63.281394958496094
2023-07-13,63.53386770357851,63.66009521484375
2023-07-14,63.5927563201926,63.19724655151367
2023-07-17,63.16359177173018,63.3150634765625
2023-07-18,63.365543028543705,63.491764068603516
2023-07-19,63.60957878334387,63.54226303100586
2023-07-20,63.289808724062645,63.264564514160156
2023-07-21,63.281381092466404,63.424442291259766
2023-07-24,63.47495205949574,63.3150634765625
2023-07-25,63.24774696661166,63.27299118041992
2023-07-26,63.247743643868205,63.52543640136719
2023-07-27,63.643244794316956,63.020530700683594
2023-07-28,63.289799810350594,63.38236618041992
2023-07-31,63.46652182389594,63.533843994140625
2023-08-01,63.3799610738297,63.21931076049805
2023-08-02,62.9487419128418,62.9487419128418
2023-08-03,62.74583816528321,62.7458381652832
2023-08-04,63.11785888671875,63.11785888671875
2023-08-07,63.236213684082024,63.23621368408203
2023-08-08,63.19391748364001,63.37147521972656
2023-08-09,63.37995910644531,63.37995910644531
2023-08-10,63.422234487779285,63.3630485534668
2023-08-11,63.14321737878784,63.27004623413086
2023-08-14,63.16013229335107,63.2615966796875
2023-08-15,63.092510587460104,63.05868911743164
2023-08-16,63.03332702209362,62.864219665527344
2023-08-17,62.8979956364722,62.60206604003906
2023-08-18,62.475262551322686,62.64436340332031
2023-08-21,62.63591364297767,62.62745666503906
2023-08-22,62.76274597420644,62.66128158569336
2023-08-23,62.90648987021652,63.16859817504883
2023-08-24,63.177034095229516,62.82191848754883
2023-08-25,62.838821823180794,63.084022521972656
2023-08-28,63.32924250107194,63.32078552246094
2023-08-29,63.2531369603043,63.71817398071289
2023-08-30,63.71820125512064,63.69283676147461
2023-08-31,63.64209767598949,63.65055465698242
2023-09-01,63.872252956199866,63.77031326293945
2023-09-05,63.67686421841798,63.35406494140625
2023-09-06,63.294607343715185,63.20116424560547
2023-09-07,63.099219276749295,63.41352844238281
2023-09-08,63.5409487293068,63.38804244995117
2023-09-11,63.47299082061419,63.49847412109375
2023-09-12,63.33708982731714,63.39655303955078
2023-09-13,63.37104257786407,63.56642532348633
2023-09-14,63.63440463058938,63.64289474487305
2023-09-15,63.45598826091214,63.40502166748047
2023-09-18,63.328579564296355,63.447505950927734
2023-09-19,63.31158034463236,63.25211715698242
2023-09-20,63.39654055546922,63.20116424560547
2023-09-21,62.946326194127245,62.75094985961914
2023-09-22,62.87837968888021,62.861392974853516
2023-09-25,62.69996801916291,62.776424407958984
2023-09-26,62.72546399406881,62.50460433959961
2023-09-27,62.682975665197596,62.419639587402344
2023-09-28,62.30919346478366,62.71694564819336
2023-09-29,62.980306778871935,62.62352752685547
2023-10-02,62.42281818587479,62.243492126464844
2023-10-03,61.99587979687495,61.611610412597656
2023-10-04,61.75678157394851,61.92756652832031
2023-10-05,61.8848744663391,61.987342834472656
2023-10-06,61.73967308419006,62.07270812988281
2023-10-09,62.08125544806369,62.53384780883789
2023-10-10,62.37161300179878,62.516780853271484
2023-10-11,62.636320242113875,62.50822830200195
2023-10-12,62.48261567350262,62.17519760131836
2023-10-13,62.345995666368786,62.12397003173828
2023-10-16,62.09835424506638,62.106895446777344
2023-10-17,61.84215303265341,61.81653594970703
2023-10-18,61.748210833862075,61.51765060424805
2023-10-19,61.51765697819381,61.295631408691406
2023-10-20,61.36394595231058,61.42372131347656
2023-10-23,61.28709185904934,61.67136764526367
2023-10-24,61.83364028227233,61.987342834472656
2023-10-25,61.83361038910689,61.65427780151367
2023-10-26,61.662831768722974,61.867774963378906
2023-10-27,61.927550697831634,61.790924072265625
2023-10-30,61.782366320196076,61.8079833984375
2023-10-31,61.83362635896648,61.970252990722656
2023-11-01,62.0543783593498,62.5609130859375
2023-11-02,62.955844935339066,63.264915466308594
2023-11-03,63.65983757896606,63.883056640625
2023-11-06,63.73709452407581,63.62548828125
2023-11-07,63.58253999097505,63.634056091308594
2023-11-08,63.61689514380397,63.66841125488281
2023-11-09,63.57396935202647,63.27347946166992
2023-11-10,63.45377995970677,63.58255386352539
2023-11-13,63.35077323979708,63.52247619628906
2023-11-14,64.06334743215254,64.16636657714844
2023-11-15,64.05476573937192,63.9603271484375
2023-11-16,63.98606116674049,64.04615783691406
2023-11-17,64.05475475228744,64.1921157836914
2023-11-20,64.08908506812357,64.26078796386719
2023-11-21,64.21784479710364,64.34661865234375
2023-11-22,64.43252005290071,64.4582748413086
2023-11-24,64.40673981410606,64.38957214355469
2023-11-27,64.38957784694446,64.48401641845703
2023-11-28,64.47542355542463,64.76732635498047
2023-11-29,65.02488516092183,65.11932373046875
2023-11-30,65.09358409934137,64.9991455078125
2023-12-01,64.93359026169115,65.53730010986328
2023-12-04,65.15783199081267,65.37344360351562
2023-12-05,65.26130654466556,65.43379974365234
2023-12-06,65.5114335155159,65.44243621826172
2023-12-07,65.53728993141054,65.5545425415039
2023-12-08,65.38207645284203,65.42520141601562
2023-12-11,65.37342983541399,65.38204956054688
2023-12-12,65.34756697207116,65.5286865234375
2023-12-13,65.6321536843508,66.52909851074219
2023-12-14,66.84892183232412,66.82292175292969
2023-12-15,66.76225202032245,66.67558288574219
2023-12-18,66.80560225608698,66.71893310546875
2023-12-19,66.7969148420801,66.90958404541016
2023-12-20,66.98758898187258,66.91825103759766
2023-12-21,67.17827213311907,67.22160339355469
2023-12-22,67.33429181906321,67.14361572265625
2023-12-26,67.16962889710236,67.27363586425781
2023-12-27,67.31695039070728,67.55096435546875
2023-12-28,67.5163043923922,67.33429718017578
2023-12-29,67.31694839912593,67.07427215576172
2024-01-02,66.84893035888672,66.84893035888672
2024-01-03,66.49358522899867,66.66692352294922
2024-01-04,66.57156785045674,66.40689849853516
2024-01-05,66.3895701270221,66.45890808105469
2024-01-08,66.47625188136242,66.83160400390625
2024-01-09,66.74491659994027,66.93559265136719
2024-01-10,67.09159951599906,67.05693054199219
2024-01-11,67.03962184126641,67.27363586425781
2024-01-12,67.32561010254787,67.34294128417969
2024-01-16,67.21293399455087,66.91825103759766
2024-01-17,66.8055928139734,66.63224792480469
2024-01-18,66.72759717590975,66.77093505859375
2024-01-19,66.79695204095998,66.88362121582031
2024-01-22,66.89225478061354,66.93559265136719
2024-01-23,66.9009275949712,66.85758972167969
2024-01-24,67.08293577173646,66.82292175292969
2024-01-25,67.05695191216513,67.33429718017578
2024-01-26,67.29961013295811,67.28227233886719
2024-01-29,67.3082959548152,67.42963409423828
2024-01-30,67.42961702963176,67.34294128417969
2024-01-31,67.34295219340522,67.15228271484375
2024-02-01,67.3561105909323,67.53902435302734
2024-02-02,67.11221126549516,67.2341537475586
2024-02-05,67.02510396271376,66.92058563232422
2024-02-06,66.95543877469942,67.16448211669922
2024-02-07,67.30383191465617,67.27770233154297
2024-02-08,67.22544138022812,67.24285888671875
2024-02-09,67.28642737528514,67.38224029541016
2024-02-12,67.35609622962203,67.2341537475586
2024-02-13,66.78122314364043,66.69412231445312
2024-02-14,66.88571527230127,66.95539855957031
2024-02-15,67.06865505661517,67.19059753417969
2024-02-16,67.00768239813262,66.99026489257812
2024-02-20,66.97285450819102,67.129638671875
2024-02-21,67.12089791591941,67.0076675415039
2024-02-22,67.19930913180185,67.32996368408203
2024-02-23,67.3909364196197,67.3735122680664
2024-02-26,67.34739517857575,67.15576934814453
2024-02-27,67.19931179780876,67.24285888671875
2024-02-28,67.19931208905949,67.2341537475586
2024-02-29,67.3299800314138,67.35610961914062
2024-03-01,67.38939498489746,67.60839080810547
2024-03-04,67.55582595931146,67.59086608886719
2024-03-05,67.59086309416224,67.53829956054688
2024-03-06,67.71349650457392,67.7047348022461
2024-03-07,67.87992037059284,67.78356170654297
2024-03-08,67.87993696540065,67.80110168457031
2024-03-11,67.74852605495754,67.79232788085938
2024-03-12,67.8974624185363,67.8536605834961
2024-03-13,67.8010933177653,67.87992858886719
2024-03-14,67.86241705174879,67.55582427978516
2024-03-15,67.5207779985648,67.51201629638672
2024-03-18,67.68721734553283,67.6697006225586
2024-03-19,67.65217669349234,67.94124603271484
2024-03-20,67.9237321425923,68.16900634765625
2024-03-21,68.28288770786727,68.13397216796875
2024-03-22,68.16026251201613,68.06390380859375
2024-03-25,67.94123971985782,67.9587631225586
2024-03-26,68.03760581429164,67.87992858886719
2024-03-27,68.04638020783919,68.23909759521484
2024-03-28,68.15147509336636,68.09015655517578
2024-04-01,68.10336530283926,67.81281280517578
2024-04-02,67.58389960549609,67.69835662841797
2024-04-03,67.60149882359708,67.75117492675781
2024-04-04,67.89205829594395,67.69835662841797
2024-04-05,67.64555572400937,67.63674926757812
2024-04-08,67.64552805128707,67.79520416259766
2024-04-09,67.90085421301418,67.93607330322266
2024-04-10,67.48707852834097,67.33740234375
2024-04-11,67.36380887665824,67.27576446533203
2024-04-12,67.24933928900337,67.24053955078125
2024-04-15,67.3109767532805,66.85314178466797
2024-04-16,66.83551900537265,66.63301086425781
2024-04-17,66.81792784033502,66.72107696533203
2024-04-18,66.7210547151732,66.77388000488281
2024-04-19,66.83551639045821,66.89714813232422
2024-04-22,67.03803169001209,67.26695251464844
2024-04-23,67.32857097354801,67.53987884521484
2024-04-24,67.50467770357291,67.39022064208984
2024-04-25,66.98520304347133,67.24933624267578
2024-04-26,67.24053323569393,67.46064758300781
2024-04-29,67.54868231727721,67.66313934326172
2024-04-30,67.44304466200693,67.17010498046875
2024-05-01,67.22321011399701,67.5241470336914
2024-05-02,67.69231335477583,67.94013977050781
2024-05-03,68.28533765560195,68.22338104248047
2024-05-06,68.3030014038086,68.3030014038086
2024-05-07,68.38266858656823,68.31185913085938
2024-05-08,68.14369687239274,68.15254974365234
2024-05-09,68.1171462159925,68.17024993896484
2024-05-10,68.16141010335534,68.06404876708984
2024-05-13,68.20565122662005,68.04633331298828
2024-05-14,68.0817402790999,68.15254974365234
2024-05-15,68.37381015425662,68.55082702636719
2024-05-16,68.55968841549583,68.39151763916016
2024-05-17,68.34726402128913,68.4003677368164
2024-05-20,68.3561125591989,68.4357681274414
2024-05-21,68.39153654990575,68.3826904296875
2024-05-22,68.28531872902552,68.23220825195312
2024-05-23,68.30300803347102,67.99322509765625
2024-05-24,68.09944894117841,68.23220825195312
2024-05-28,68.30300472550714,67.95781707763672
2024-05-29,67.74538907423994,67.75424194335938
2024-05-30,67.82505760557044,68.02863311767578
2024-05-31,68.08175408380052,68.26762390136719
2024-06-03,68.35476465260616,68.47925567626953
2024-06-04,68.39920057719739,68.44366455078125
2024-06-05,68.57707154555578,68.6659927368164
2024-06-06,68.63042597557245,68.5503921508789
2024-06-07,68.28364500649307,68.37256622314453
2024-06-10,68.3013987726617,68.43478393554688
2024-06-11,68.39922875138383,68.52371978759766
2024-06-12,68.9949936960419,68.79936981201172
2024-06-13,68.95943657436565,68.79048156738281
2024-06-14,68.5681837794966,68.52371978759766
2024-06-17,68.41700195586111,68.56816864013672
2024-06-18,68.64818529273369,68.78157043457031
2024-06-20,68.75492599788768,68.73714447021484
2024-06-21,68.72824036605905,68.8171615600586
2024-06-24,68.79048907664112,68.74602508544922
2024-06-25,68.7904664433594,68.83493041992188
2024-06-26,68.70156516494393,68.68377685546875
2024-06-27,68.6482131643185,68.7638168334961
2024-06-28,68.80827614114529,68.59486389160156
2024-07-01,68.7155329556942,68.5814437866211
2024-07-02,68.59039924835037,68.76918029785156
2024-07-03,68.76023239190751,69.01052856445312
2024-07-05,69.08205154796676,69.21614074707031
2024-07-08,69.19823455810547,69.19823455810547
2024-07-09,69.19825408592887,69.1177978515625
2024-07-10,69.19824474937914,69.27869415283203
2024-07-11,69.51113158186071,69.52900695800781
2024-07-12,69.53792459490809,69.70777130126953
2024-07-15,69.7614192460513,69.71672058105469
2024-07-16,69.78823059935858,69.98489379882812
2024-07-17,69.77928614138781,69.90443420410156
2024-07-18,69.94019457955224,69.76141357421875
2024-07-19,69.83291935225462,69.70777130126953
2024-07-22,69.8776199960832,69.96701049804688
2024-07-23,69.95807677592646,69.9759521484375
2024-07-24,69.9044288131441,69.7524642944336
2024-07-25,69.79717113929709,69.76141357421875
2024-07-26,70.0564089295549,69.98489379882812
2024-07-29,70.08320783988654,69.92230224609375
2024-07-30,70.02064287444075,69.95806884765625
2024-07-31,70.14581523375996,70.20838928222656
2024-08-01,70.26139862945986,70.05471801757812
2024-08-02,69.91992178714163,69.82107543945312
2024-08-05,68.86855906692766,69.3897476196289
2024-08-06,69.62339562737128,69.65035247802734
2024-08-07,70.07268448628209,69.7851333618164
2024-08-08,70.00077288116591,70.07266235351562
2024-08-09,70.10863124260688,70.06370544433594
2024-08-12,70.12661075359746,70.10863494873047
2024-08-13,70.18951039342684,70.43212890625
2024-08-14,70.4141654547409,70.55793762207031
2024-08-15,70.59387749955955,70.62083435058594
2024-08-16,70.58489441631576,70.8454818725586
2024-08-19,70.81851654044067,70.96229553222656
2024-08-20,70.99825279343979,70.89940643310547
2024-08-21,70.97129876516392,71.0611572265625
2024-08-22,71.06112612226178,70.97126770019531
2024-08-23,71.151008767745,71.34870147705078
2024-08-26,71.33970136211339,71.20491027832031
2024-08-27,71.12405945269583,71.24986267089844
2024-08-28,71.26781139593301,71.21389770507812
2024-08-29,71.28579711914062,71.28579711914062
2024-08-30,71.36666641689744,71.2947769165039
2024-09-03,71.22255876053255,71.04197692871094
2024-09-04,71.02390627368946,71.3038101196289
2024-09-05,71.43022230999163,71.54759979248047
2024-09-06,71.5746910277184,71.45731353759766
2024-09-09,71.57467280287818,71.62885284423828
2024-09-10,71.63787987463053,71.49341583251953
2024-09-11,71.41214106693708,71.60176086425781
2024-09-12,71.55663225513017,71.70110321044922
2024-09-13,71.80040482683249,71.89972686767578
2024-09-16,71.92681183049721,72.08030700683594
2024-09-17,72.14353757017564,72.098388671875
2024-09-18,72.12546521091765,72.16158294677734
2024-09-19,72.4956657422493,72.37828826904297
2024-09-20,72.37828363579668,72.46857452392578
2024-09-23,72.40535770694545,72.33312225341797
2024-09-24,72.3421859741211,72.3421859741211
2024-09-25,72.30605129517784,72.26090240478516
2024-09-26,72.4053748483403,72.37828826904297
2024-09-27,72.43246739795497,72.55887603759766
2024-09-30,72.53177865513315,72.50469207763672
2024-10-01,72.57730470501981,72.46842956542969
2024-10-02,72.38676170143155,72.47749328613281
2024-10-03,72.38675583019989,72.30509948730469
2024-10-04,72.29599956609606,72.2234115600586
2024-10-07,72.1689833827048,71.91493225097656
2024-10-08,72.01473732905255,72.08731842041016
2024-10-09,72.07824041311565,72.04194641113281
2024-10-10,72.04196265030069,72.00566864013672
2024-10-11,71.98751631669491,72.19620513916016
2024-10-14,72.24158866242894,72.23251342773438
2024-10-15,72.22343070250334,72.21435546875
2024-10-16,72.31414393455047,72.34136962890625
2024-10-17,72.37768257096833,72.23251342773438
2024-10-18,72.31413824634926,72.40487670898438
2024-10-21,72.27786730738184,72.11454772949219
2024-10-22,72.06918517651948,72.0147476196289
2024-10-23,71.91493143650548,71.7969741821289
2024-10-24,71.9512310860781,72.00566864013672
2024-10-25,72.09640216956869,71.9330825805664
2024-10-28,72.06010325527942,72.11454772949219
2024-10-29,71.90585806984572,72.1326904296875
2024-10-30,72.12361898138863,72.00566864013672
2024-10-31,72.0238179470487,71.80606079101562
2024-11-01,72.06594871596566,71.81062316894531
2024-11-04,72.08418260506693,72.01123046875
2024-11-05,71.983875189679,72.21184539794922
2024-11-06,72.23918537094349,72.33949279785156
2024-11-07,72.31215230901638,72.64954376220703
2024-11-08,72.74984015530951,72.76808166503906
2024-11-11,72.75897203333679,72.68601989746094
2024-11-12,72.59483334030419,72.39421844482422
2024-11-13,72.57659219836262,72.41246032714844
2024-11-14,72.4580459149288,72.25743103027344
2024-11-15,72.21184546499418,72.24832153320312
2024-11-18,72.28477862794514,72.38508605957031
2024-11-19,72.3303908879712,72.4945297241211
2024-11-20,72.4853940101808,72.47628021240234
2024-11-21,72.53101742693754,72.503662109375
2024-11-22,72.49451809416203,72.48539733886719
2024-11-25,72.69514841093519,72.75897979736328
2024-11-26,72.76808901760661,72.62218475341797
2024-11-27,72.68603871269084,72.84105682373047
2024-11-29,72.95959079282933,72.98694610595703
2024-12-02,73.2168552219124,72.96037292480469
2024-12-03,73.02449349908161,72.96037292480469
2024-12-04,73.01532036233053,73.1343994140625
2024-12-05,73.08861376931556,73.0702896118164
2024-12-06,73.18021475215973,73.18937683105469
2024-12-09,73.18936286714094,73.09776306152344
2024-12-10,73.22600621082891,73.1343994140625
2024-12-11,73.226015500384,73.1527328491211
2024-12-12,73.10693041651214,72.95121002197266
2024-12-13,73.01534670376107,72.74054718017578
2024-12-16,72.86878222557912,72.87793731689453
2024-12-17,72.74053027287448,72.72220611572266
2024-12-18,72.86860565096025,71.97547149658203
2024-12-19,72.23329763758117,71.90182495117188
2024-12-20,71.81896431699833,72.3530044555664
2024-12-23,72.41745561813124,72.1596450805664
2024-12-24,72.1872641205625,72.38983154296875
2024-12-26,72.28854254855975,72.573974609375
2024-12-27,72.5003096134346,72.32537078857422
2024-12-30,72.35298123304767,72.42664337158203
2024-12-31,72.53713804229538,72.41744232177734
2025-01-02,72.62920778031295,72.59237670898438
2025-01-03,72.7305100431174,72.70288848876953
2025-01-06,72.87781244385661,72.83177185058594
2025-01-07,72.86860623154438,72.59237670898438
2025-01-08,72.60159182789882,72.68446350097656
2025-01-10,72.55556909112802,72.30696105957031
2025-01-13,72.27011702284045,72.28853607177734
2025-01-14,72.45428502274449,72.38062286376953
2025-01-15,72.88702493913769,73.01593017578125
2025-01-16,72.93307195023077,73.09880828857422
2025-01-17,73.19088296601663,73.16326141357422
2025-01-21,73.3013700589235,73.35661315917969
2025-01-22,73.38423820338559,73.25533294677734
2025-01-23,73.21848459957512,73.34739685058594
2025-01-24,73.3842343635095,73.4302749633789
2025-01-27,73.35662938897846,73.48553466796875
2025-01-28,73.44869147547821,73.45790100097656
2025-01-29,73.43947152070658,73.41184997558594
2025-01-30,73.60522266037141,73.54997253417969
2025-01-31,73.56840053368751,73.40266418457031
2025-02-03,73.22691779549588,73.31016540527344
2025-02-04,73.34716969396177,73.5414047241211
2025-02-05,73.56914568662407,73.73563385009766
2025-02-06,73.73563588272457,73.62464141845703
2025-02-07,73.58762945372418,73.39339447021484
2025-02-10,73.56915157747574,73.5414047241211
2025-02-11,73.55989901878723,73.51365661621094
2025-02-12,73.26391531066203,73.35640716552734
2025-02-13,73.46740259450897,73.68938446044922
2025-02-14,73.80036800183757,73.77262115478516
2025-02-18,73.76338707864566,73.70789337158203
2025-02-19,73.66162355992721,73.76336669921875
2025-02-20,73.75412296416168,73.80962371826172
2025-02-21,73.78187821559413,73.67089080810547
2025-02-24,73.6893704057931,73.76336669921875
2025-02-25,73.94837188720703,73.94837188720703
2025-02-26,73.99460091194425,74.05009460449219
2025-02-27,74.04085932647351,73.91136932373047
2025-02-28,73.98536289496172,74.11485290527344
2025-03-03,74.05353448588026,73.96060180664062
2025-03-04,73.88626058689836,73.95130920410156
2025-03-05,73.83049071365224,73.98847198486328
2025-03-06,73.81191417281114,73.7096939086914
2025-03-07,73.73757978060559,73.83050537109375
2025-03-10,73.6910962915053,73.55170440673828
2025-03-11,73.60746752622552,73.29151916503906
2025-03-12,73.46807816264072,73.37515258789062
2025-03-13,73.28221824143431,72.96626281738281
2025-03-14,73.25434489895869,73.3008041381836
2025-03-17,73.31010234907681,73.47737121582031
2025-03-18,73.42161807512464,73.34727478027344
2025-03-19,73.37516501486405,73.83050537109375
2025-03-20,73.77473781592545,73.728271484375
2025-03-21,73.66321949355782,73.61676025390625
2025-03-24,73.80262840292411,73.83050537109375
2025-03-25,73.87695822078031,73.79332733154297
2025-03-26,73.78402726509681,73.4959487915039
2025-03-27,73.4587952779162,73.35657501220703
2025-03-28,73.40303505499323,73.22647857666016
2025-03-31,72.96627194295256,73.31010437011719
2025-04-01,73.4707244811549,73.48006439208984
2025-04-02,73.33999009151457,73.62946319580078
2025-04-03,72.92910824629374,72.71434020996094
2025-04-04,71.71518606996773,71.6778335571289
2025-04-07,70.84675540713532,71.0615234375
2025-04-08,71.92060732566244,70.73469543457031
2025-04-09,70.12772616711126,72.63028717041016
2025-04-10,71.96731798641667,71.44439697265625
2025-04-11,71.22027366004365,71.6591567993164
2025-04-14,72.16340286790434,72.01399993896484
2025-04-15,72.12606094766,72.2101058959961
2025-04-16,72.22877249335343,72.20075988769531
2025-04-17,72.48090102040307,72.62096405029297
2025-04-21,72.3594966234085,72.19141387939453
2025-04-22,72.44354501255974,72.4715576171875
2025-04-23,73.39599725115411,72.83572387695312
2025-04-24,73.0971892070237,73.4893798828125
2025-04-25,73.38668101504109,73.55476379394531
2025-04-28,73.564089447104,73.59210205078125
2025-04-29,73.44270208677177,73.78820037841797
2025-04-30,73.42403159029813,73.3960189819336
2025-05-01,73.5846554951574,73.49079895019531
2025-05-02,73.67852039872183,73.716064453125
2025-05-05,73.65037555648051,73.68791961669922
2025-05-06,73.59406252711307,73.63159942626953
2025-05-07,73.73482493413624,73.69728088378906
2025-05-08,73.83808470874503,73.67852783203125
2025-05-09,73.76298550014779,73.72544860839844
2025-05-12,74.37307412869643,74.45755004882812
2025-05-13,74.50448281096332,74.58895874023438
2025-05-14,74.52324592708094,74.31675720214844
2025-05-15,74.20412944922985,74.45755004882812
2025-05-16,74.50447864536761,74.54202270507812
2025-05-19,74.20413313847206,74.50447845458984
2025-05-20,74.40124151280742,74.4669418334961
2025-05-21,74.22288770342847,73.96946716308594
2025-05-22,73.96947558146587,74.1196517944336
2025-05-23,73.9225581644234,74.10088348388672
2025-05-27,74.41061843352911,74.55140686035156
2025-05-28,74.54202251420422,74.50447845458984
2025-05-29,74.67341608035747,74.61710357666016
2025-05-30,74.57017574808259,74.68280792236328
2025-06-02,74.62244675577232,74.66960144042969
2025-06-03,74.72618867203737,74.81106567382812
2025-06-04,74.8204829712548,74.9525146484375
2025-06-05,74.9430797807812,74.79219055175781
2025-06-06,74.85821330922336,74.78277587890625
2025-06-09,74.76390810692172,74.82048797607422
2025-06-10,74.88649695474965,74.9996566772461
2025-06-11,75.05624950251668,74.9808120727539
2025-06-12,74.98081165146499,75.06568145751953
2025-06-13,74.8959353399738,74.83935546875
2025-06-16,74.990234375,74.990234375
2025-06-17,74.99023479398083,74.90536499023438
2025-06-18,74.9619447354505,75.0185317993164
2025-06-20,75.08452570040211,75.2542724609375
2025-06-23,75.22600512537582,75.395751953125
2025-06-24,75.49005070985481,75.60321044921875
2025-06-25,75.61263288766568,75.58434295654297
2025-06-26,75.69751208619826,75.8012466430664
2025-06-27,75.82011398250475,75.7635269165039
2025-06-30,75.94270312338426,76.05587005615234
2025-07-01,75.98858280314603,75.96015930175781
2025-07-02,75.96017016584237,76.102294921875
2025-07-03,76.08334953854546,76.14967346191406
2025-07-07,76.11176253823588,75.89383697509766
2025-07-08,75.88435159262923,75.78960418701172
2025-07-09,75.93173059611298,75.99805450439453
2025-07-10,75.99806492719972,75.9222640991211
2025-07-11,75.83699155888483,75.8275146484375
2025-07-14,75.80856767019115,75.88436126708984
2025-07-15,75.95069355978232,75.65696716308594
2025-07-16,75.75170981994651,75.8559341430664
2025-07-17,75.83699238791375,75.9317398071289
2025-07-18,76.04544187647456,76.03596496582031
2025-07-21,76.10228971024749,76.14019012451172
2025-07-22,76.21598777318987,76.27283477783203
2025-07-23,76.29177616103902,76.31072998046875
2025-07-24,76.21599578857422,76.21599578857422
2025-07-25,76.27282834999292,76.26335144042969
2025-07-28,76.29178015173811,76.22545623779297
2025-07-29,76.26335786747015,76.27283477783203
2025-07-30,76.22546464989901,76.11177062988281
2025-07-31,76.178087731949,76.15913391113281
2025-08-01,76.2200904118084,76.16295623779297
2025-08-04,76.2676917357991,76.42005920410156
2025-08-05,76.38196563720703,76.38196563720703
2025-08-06,76.3819537915661,76.45813751220703
2025-08-07,76.4771916701365,76.38196563720703
2025-08-08,76.37243755665031,76.39148712158203
2025-08-11,76.39148712158203,76.39148712158203
2025-08-12,76.43909635254458,76.56289672851562
2025-08-13,76.6200357333593,76.76287841796875
2025-08-14,76.6485979746984,76.56289672851562
2025-08-15,76.62956567724498,76.62004089355469
2025-08-18,76.60098859302362,76.56289672851562
2025-08-19,76.6105050760402,76.5438461303711
2025-08-20,76.57242310783987,76.5152816772461
2025-08-21,76.42957795217932,76.3724365234375
2025-08-22,76.4867276030879,76.9914321899414
2025-08-25,76.92476680714714,76.83906555175781
2025-08-26,76.93429142165861,77.0104751586914
2025-08-27,76.96285494782501,77.10569763183594
2025-08-28,77.10569933113601,77.14379119873047
2025-08-29,77.1247391616776,77.00094604492188
2025-09-02,76.80288988979542,76.91770935058594
2025-09-03,76.93683827629012,77.1281967163086
2025-09-04,77.17604392848924,77.33869934082031
2025-09-05,77.48222535533189,77.3769760131836
2025-09-08,77.45351501668095,77.3769760131836
2025-09-09,77.35783159455565,77.29085540771484
2025-09-10,77.34827423095703,77.34827423095703
2025-09-11,77.41524481412728,77.53962707519531
2025-09-12,77.5300575470749,77.46308135986328
2025-09-15,77.57791714471773,77.68316650390625
2025-09-16,77.70227871721522,77.625732421875
2025-09-17,77.68315434699866,77.54920196533203
2025-09-18,77.63531150031251,77.72142791748047
2025-09-19,77.74056721533022,77.75013732910156
2025-09-22,77.68315100078674,77.80753326416016
2025-09-23,77.82667633969847,77.75013732910156
2025-09-24,77.74056143317164,77.64488220214844
2025-09-25,77.50135862058433,77.42481231689453
2025-09-26,77.53963059629423,77.5779037475586
2025-09-29,77.65445457642424,77.71186065673828
2025-09-30,77.66402627504009,77.68316650390625
2025-10-01,77.68410893174824,77.82830810546875
2025-10-02,77.80908422810334,77.79946899414062
2025-10-03,77.78986650530393,77.71295928955078
2025-10-06,77.76100083780177,77.73216247558594
2025-10-07,77.76101357302572,77.6456527709961
2025-10-08,77.69371097610069,77.53028869628906
2025-10-09,77.52069526869981,77.3092041015625
2025-10-10,77.35726559790696,76.85737609863281
2025-10-13,77.1265593780046,77.33804321289062
2025-10-14,77.07847784931995,77.42455291748047
2025-10-15,77.59759993117693,77.67450714111328
2025-10-16,77.67450456160155,77.39572143554688
2025-10-17,77.32842733070159,77.59759521484375
2025-10-20,77.64565823286334,77.75140380859375
2025-10-21,77.75140847546925,77.63605499267578
2025-10-22,77.6360426361504,77.55913543701172
2025-10-23,77.57834809807055,77.73216247558594
2025-10-24,77.89558809278266,77.94365692138672
2025-10-27,78.03017972700302,78.13592529296875
2025-10-28,78.135928198615,78.05902099609375
2025-10-29,78.05902458658689,77.81869506835938
2025-10-30,77.66489190630243,77.67450714111328
2025-10-31,77.76102225158526,77.67450714111328
2025-11-03,77.67450048555892,77.43294525146484
2025-11-04,77.27835589975396,77.44261169433594
2025-11-05,77.4812629957998,77.51991271972656
2025-11-06,77.59719578069165,77.54888916015625
2025-11-07,77.53922430438406,77.61652374267578
2025-11-10,77.73246864958092,77.87740325927734
2025-11-11,77.88707128242181,77.96437072753906
2025-11-12,77.9643752052659,77.80977630615234
2025-11-13,77.70348316902047,77.49091339111328
2025-11-14,77.37496831665784,77.51023864746094
2025-11-17,77.48125628318449,77.38462829589844
2025-11-18,77.31698984172083,77.4039535522461
2025-11-19,77.43294742063084,77.44261169433594
2025-11-20,77.69382823872914,77.39429473876953
2025-11-21,77.5488893695539,77.6551742553711
2025-11-24,77.70348103677817,77.86773681640625
2025-11-25,77.84841357227153,78.1382827758789
2025-11-26,78.09963438580387,78.215576171875
2025-11-28,78.26389858773771,78.25423431396484
2025-12-01,78.04552982363137,78.11347961425781
2025-12-02,78.18142759112337,78.25908660888672
2025-12-03,78.24937498119955,78.32703399658203
2025-12-04,78.33673805694006,78.3852767944336
2025-12-05,78.36586574301911,78.3852767944336
2025-12-08,78.35615908452785,78.1911392211914
2025-12-09,78.19114327810699,78.10377502441406
2025-12-10,78.07464999477243,78.3658676147461
2025-12-11,78.37556644664514,78.35615539550781
2025-12-12,78.32703692831271,78.2105484008789
2025-12-15,78.3076225828324,78.24938201904297
2025-12-16,78.24938148690836,78.29792022705078
2025-12-17,78.28821206328617,78.20084381103516
2025-12-18,78.41439819335938,78.41439819335938
2025-12-19,78.44464509502421,78.37637329101562
2025-12-22,78.47389176112131,78.44463348388672
2025-12-23,78.3861254476795,78.50315856933594
2025-12-24,78.52266385570971,78.64945220947266
2025-12-26,78.6494490025764,78.61043548583984
2025-12-29,78.57142241945375,78.63969421386719
2025-12-30,78.64946348393467,78.71773529052734
2025-12-31,78.72747648729445,78.63969421386719
2026-01-02,78.72747206183115,78.67870330810547
2026-01-05,78.74697844673463,78.8835220336914
2026-01-06,78.90303039550781,78.90303039550781
2026-01-07,78.96154906654311,78.8835220336914
2026-01-08,78.84450960619519,78.94204711914062
2026-01-09,78.9517958181663,79.00056457519531
2026-01-12,78.91279294290419,79.03958129882812
2026-01-13,79.06883957780535,79.03958129882812
2026-01-14,79.00056777983586,79.03958129882812
2026-01-15,79.09809785678257,79.03958129882812
2026-01-16,79.07859296055913,79.08834075927734
2026-01-20,78.75673368610795,78.8835220336914
2026-01-21,78.98106352286595,79.11760711669922
2026-01-22,79.18587981272927,79.1761245727539
2026-01-23,79.17612136637477,79.1371078491211
2026-01-26,79.18587981272927,79.1761245727539
2026-01-27,79.1761294471189,79.16637420654297
2026-01-28,79.16636965475206,79.03958129882812
2026-01-29,79.04932615129442,79.02981567382812
2026-01-30,78.92253952474614,79.11760711669922
2026-02-02,79.06761436561582,79.1656265258789
2026-02-03,79.1558292838553,79.11662292480469
2026-02-04,79.09701333086244,79.01860809326172
2026-02-05,78.95979993442803,78.9303970336914
2026-02-06,79.06761546253334,79.204833984375
2026-02-09,79.15583461896705,79.31265258789062
2026-02-10,79.3420532931074,79.23423767089844
2026-02-11,79.29305078978233,79.22444152832031
2026-02-12,79.30285314977763,79.18523406982422
2026-02-13,79.22444200141433,79.2440414428711
2026-02-17,79.21463744389186,79.204833984375
2026-02-18,79.2342397041018,79.3028564453125
2026-02-19,79.27343922617064,79.3322525024414
2026-02-20,79.32245061668513,79.39105987548828
2026-02-23,79.35185769084002,79.2636489868164
2026-02-24,79.24404034459384,79.204833984375
2026-02-25,79.21464042258228,79.31265258789062
2026-02-26,79.28324780363332,79.2440414428711
2026-02-27,79.14602582463054,79.11662292480469
2026-03-02,78.85462304415319,79.0713119506836
2026-03-03,78.73643656174782,78.91372680664062
2026-03-04,79.02206783854255,79.18950653076172
2026-03-05,79.06146289018906,78.87432861328125
2026-03-06,78.5492904682451,78.49019622802734
2026-03-09,78.39169753582789,78.96296691894531
2026-03-10,78.84478196545861,78.83493041992188
2026-03-11,78.78567858103018,78.65763854980469
2026-03-12,78.54929838894299,78.15531921386719
2026-03-13,78.33260171021642,78.007568359375
2026-03-16,78.31290882475304,78.2538070678711
2026-03-17,78.41139737213385,78.60838317871094
2026-03-18,78.49020166060028,78.2045669555664
2026-03-19,77.84013558372959,78.46065521240234
2026-03-20,78.30305803192938,77.7317886352539
2026-03-23,78.10607357002506,78.24396514892578
2026-03-24,78.04697313436893,77.97802734375
2026-03-25,78.25381317572965,78.2242660522461
2026-03-26,78.05682200038244,77.7317886352539
2026-03-27,77.65298614645579,77.53479766845703
2026-03-30,77.83028861645911,77.62345123291016
2026-03-31,77.96818046163717,78.36215209960938
2026-04-01,78.5343624225819,78.55416107177734
2026-04-02,78.26714089276277,78.74220275878906
2026-04-06,78.69272594989938,78.88076782226562
2026-04-07,78.85107702643722,78.90056610107422
2026-04-08,79.6428586165934,79.36573791503906
2026-04-09,79.32614245062094,79.45480346679688
2026-04-10,79.5141909768108,79.13809967041016
2026-04-13,79.05891398940568,79.43501281738281
2026-04-14,79.51418739055163,79.67254638671875
2026-04-15,79.62305813339047,79.6329574584961
2026-04-16,79.70223609213063,79.52408599853516
2026-04-17,79.77151770041242,79.82100677490234
2026-04-20,79.80120576521834,79.75172424316406
2026-04-21,79.72203437010828,79.54388427734375
2026-04-22,79.67254638671875,79.67254638671875
2026-04-23,79.63295554823979,79.54388427734375
2026-04-24,79.61316598803943,79.65275573730469
2026-04-27,79.61316154182387,79.68244171142578
2026-04-28,79.5240888055134,79.57357788085938
2026-04-29,79.49440013731063,79.30635070800781
2026-04-30,79.35583840168746,79.55377960205078
2026-05-01,79.65227508544922,79.65227508544922
2026-05-04,79.61247367971954,79.39360046386719
2026-05-05,79.483139226617,79.51298522949219
2026-05-06,79.68211922405087,79.75177001953125
2026-05-07,79.81146006056196,79.45329284667969
2026-05-08,79.60252972169201,79.73186492919922
2026-05-11,79.67217444864983,79.57268524169922
2026-05-12,79.41350080506206,79.46324920654297
2026-05-13,79.43339333212705,79.50304412841797
2026-05-14,79.56273572139295,79.44334411621094
2026-05-15,79.23441197593867,79.05532836914062
2026-05-18,79.22446385389036,79.13492584228516
2026-05-19,79.0055919332471,78.94589233398438
2026-05-20,79.09512563279742,79.45329284667969
2026-05-21,79.34385778369627,79.49309539794922
2026-05-22,79.60253333798478,79.50304412841797
2026-05-26,79.73187027767234,79.77166748046875
2026-05-27,79.76171340008888,79.72191619873047
2026-05-28,79.67217352883956,79.8214111328125
2026-05-29,79.85126016704301,79.9010009765625
2026-06-01,79.79000091552734,79.83999633789062
2026-06-02,79.83999633789062,79.87000274658203
