Date,Open,Close
2007-01-11,81.33003234863281,81.33003234863281
2007-01-12,81.37488555908203,81.37488555908203
2007-01-16,81.37492978808466,81.3599624633789
2007-01-17,81.40483093261719,81.40483093261719
2007-01-18,81.40484541650012,81.3973617553711
2007-01-19,81.39735257447612,81.38238525390625
2007-01-22,81.41978376885423,81.41230010986328
2007-01-23,81.41229325814278,81.4197769165039
2007-01-24,81.45722846731881,81.46470642089844
2007-01-25,81.47219008283957,81.46470642089844
2007-01-26,81.5020820018185,81.45719146728516
2007-01-29,81.53206480011795,81.51709747314453
2007-01-30,81.50961951802051,81.51709747314453
2007-01-31,81.53205911399917,81.55450439453125
2007-02-01,81.58751815466655,81.55750274658203
2007-02-02,81.57999420166016,81.57999420166016
2007-02-05,81.61749049148779,81.60248565673828
2007-02-06,81.61002704573438,81.59501647949219
2007-02-07,81.65501948471571,81.6400146484375
2007-02-08,81.64753505251198,81.63253021240234
2007-02-09,81.66251168805448,81.6550064086914
2007-02-12,81.6550064086914,81.6550064086914
2007-02-13,81.64000157481603,81.6550064086914
2007-02-14,81.70003713910559,81.7075424194336
2007-02-15,81.71505737304688,81.71505737304688
2007-02-16,81.73760782398234,81.7301025390625
2007-02-20,81.72253636597642,81.73754119873047
2007-02-21,81.73759323311181,81.76760864257812
2007-02-22,81.76010335899805,81.76760864257812
2007-02-23,81.76763028554967,81.80514526367188
2007-02-26,81.82759448224894,81.81258392333984
2007-02-27,81.8351133869434,81.8276138305664
2007-02-28,81.83511624781706,81.88014221191406
2007-03-01,81.88537639042507,81.87785339355469
2007-03-02,81.91549451835458,81.92301177978516
2007-03-05,81.92303739727943,81.90799713134766
2007-03-06,81.9155044555664,81.9155044555664
2007-03-07,81.94557189941406,81.94557189941406
2007-03-08,81.96057170132403,81.95304870605469
2007-03-09,81.94557189941406,81.94557189941406
2007-03-12,81.96815490722656,81.96815490722656
2007-03-13,81.98319609285458,82.02080535888672
2007-03-14,82.03586620345106,82.0283432006836
2007-03-15,82.02832262139847,82.02080535888672
2007-03-16,82.0358657836914,82.0358657836914
2007-03-19,82.04338878642038,82.0358657836914
2007-03-20,82.06597942613641,82.05845642089844
2007-03-21,82.0959903203204,82.11103057861328
2007-03-22,82.1110566109439,82.08849334716797
2007-03-23,82.11104542072069,82.11856842041016
2007-03-26,82.10349723363771,82.12606048583984
2007-03-27,82.1110647423007,82.14867401123047
2007-03-28,82.14863272921504,82.17119598388672
2007-03-29,82.18629413569323,82.19381713867188
2007-03-30,82.20886314462918,82.19381713867188
2007-04-02,82.19003575698979,82.19757843017578
2007-04-03,82.2352821322515,82.21265411376953
2007-04-04,82.25036900863361,82.2579116821289
2007-04-05,82.26543054245447,82.25035095214844
2007-04-09,82.25036900863361,82.2579116821289
2007-04-10,82.25788006092051,82.28050231933594
2007-04-11,82.2956113184078,82.30315399169922
2007-04-12,82.31820771188447,82.32574462890625
2007-04-13,82.32574260147894,82.34082794189453
2007-04-16,82.34087743514203,82.35595703125
2007-04-17,82.36347961425781,82.36347961425781
2007-04-18,82.393622247629,82.41624450683594
2007-04-19,82.40869700779726,82.42378234863281
2007-04-20,82.42378717769563,82.41624450683594
2007-04-23,82.43129527878854,82.44638061523438
2007-04-24,82.45391082763672,82.45391082763672
2007-04-25,82.46148478845022,82.47657012939453
2007-04-26,82.49161841231604,82.45391082763672
2007-04-27,82.46906652344859,82.48414611816406
2007-04-30,82.48412119943605,82.49920654296875
2007-05-01,82.53025538484668,82.52268981933594
2007-05-02,82.56050109863281,82.56050109863281
2007-05-03,82.57561399176582,82.56805419921875
2007-05-04,82.58318328857422,82.58318328857422
2007-05-07,82.56805419921875,82.56805419921875
2007-05-08,82.5907220699142,82.59828186035156
2007-05-09,82.62853037794095,82.64366149902344
2007-05-10,82.65121459960938,82.65121459960938
2007-05-11,82.6587905883789,82.6587905883789
2007-05-14,82.67393213898626,82.66636657714844
2007-05-15,82.69660949707031,82.69660949707031
2007-05-16,82.73440068925342,82.7419662475586
2007-05-17,82.72688183859243,82.74957275390625
2007-05-18,82.7571029663086,82.7571029663086
2007-05-21,82.73440628985665,82.7571029663086
2007-05-22,82.76466275429537,82.7571029663086
2007-05-23,82.80254364013672,82.80254364013672
2007-05-24,82.81007479230016,82.81763458251953
2007-05-25,82.8403310919997,82.83277130126953
2007-05-29,82.81008895292962,82.84033966064453
2007-05-30,82.84790209193129,82.87815856933594
2007-05-31,82.8630360125999,82.88572692871094
2007-06-01,82.89101851538557,82.89861297607422
2007-06-04,82.91383922571399,82.9366226196289
2007-06-05,82.91381955821298,82.92900848388672
2007-06-06,82.9669838374409,82.94420623779297
2007-06-07,82.98217010498047,82.98217010498047
2007-06-08,82.98974867170884,82.9973373413086
2007-06-11,82.99733412668402,83.00492858886719
2007-06-12,83.01256561279297,83.01256561279297
2007-06-13,83.0353038608176,82.9973373413086
2007-06-14,83.05048048928928,83.05807495117188
2007-06-15,83.08087921142578,83.08087921142578
2007-06-18,83.04290001016118,83.08845520019531
2007-06-19,83.11121368408203,83.11121368408203
2007-06-20,83.14160477756612,83.1340103149414
2007-06-21,83.1567999558602,83.14161682128906
2007-06-22,83.16436767578125,83.16436767578125
2007-06-25,83.17954575423784,83.17195129394531
2007-06-26,83.16437650550964,83.1795654296875
2007-06-27,83.2022933959961,83.2022933959961
2007-06-28,83.23272263660668,83.22512817382812
2007-06-29,83.24031508277535,83.24790954589844
2007-07-02,83.27385306441478,83.2509765625
2007-07-03,83.25858664118748,83.23571014404297
2007-07-05,83.27386474609375,83.27386474609375
2007-07-06,83.28911962819824,83.27386474609375
2007-07-09,83.28910260201089,83.2967300415039
2007-07-10,83.31959548160116,83.32721710205078
2007-07-11,83.35009941749232,83.32721710205078
2007-07-12,83.35774784313062,83.34249877929688
2007-07-13,83.35771179199219,83.35771179199219
2007-07-16,83.37296862433696,83.36534118652344
2007-07-17,83.3806381225586,83.3806381225586
2007-07-18,83.41107162992994,83.40345001220703
2007-07-19,83.41873168945312,83.41873168945312
2007-07-20,83.433977321646,83.44922637939453
2007-07-23,83.433977321646,83.44922637939453
2007-07-24,83.44155512978932,83.4568099975586
2007-07-25,83.47208600359359,83.4797134399414
2007-07-26,83.5407523148835,83.52549743652344
2007-07-27,83.53312487570348,83.52549743652344
2007-07-30,83.55600137521215,83.52549743652344
2007-07-31,83.56358904443667,83.55596160888672
2007-08-01,83.5697283822922,83.58503723144531
2007-08-02,83.60039269892496,83.61570739746094
2007-08-03,83.63099926849827,83.63865661621094
2007-08-06,83.65397816866974,83.63101196289062
2007-08-07,83.63099926849827,83.63865661621094
2007-08-08,83.64629441777181,83.65394592285156
2007-08-09,83.6846524936665,83.7076187133789
2007-08-10,83.73821688156684,83.72290802001953
2007-08-13,83.72288846868784,83.73819732666016
2007-08-14,83.74582250206154,83.78410339355469
2007-08-15,83.79942746015061,83.86833190917969
2007-08-16,83.92959600437611,83.95256805419922
2007-08-17,83.98319244384766,83.98319244384766
2007-08-20,83.99084036624683,84.09036254882812
2007-08-21,84.14395391979997,84.1286392211914
2007-08-22,84.09802585238272,84.13630676269531
2007-08-23,84.11333036342899,84.1286392211914
2007-08-24,84.07506395680036,84.0138168334961
2007-08-27,84.03678144242241,83.97554016113281
2007-08-28,83.998496111353,84.05208587646484
2007-08-29,84.09800636548472,84.0673828125
2007-08-30,84.13630163800752,84.12098693847656
2007-08-31,84.08267039955726,84.10563659667969
2007-09-04,84.07334732851413,84.10408782958984
2007-09-05,84.11181471887001,84.1425552368164
2007-09-06,84.09640123853315,84.10408782958984
2007-09-07,84.18866557116905,84.20403289794922
2007-09-10,84.2116928100586,84.2116928100586
2007-09-11,84.2424600096307,84.20403289794922
2007-09-12,84.25784681402915,84.25016021728516
2007-09-13,84.24247354593085,84.21941375732422
2007-09-14,84.25784087518026,84.21941375732422
2007-09-17,84.22708896787682,84.24246215820312
2007-09-18,84.21943118495422,84.27323150634766
2007-09-19,84.30395894639076,84.32701873779297
2007-09-20,84.31164554352483,84.32701873779297
2007-09-21,84.35774787214693,84.35006713867188
2007-09-24,84.32706866430499,84.35780334472656
2007-09-25,84.36540989227231,84.38078308105469
2007-09-26,84.38078519073179,84.40383911132812
2007-09-27,84.40384118000324,84.4115219116211
2007-09-28,84.39615040668346,84.38078308105469
2007-10-01,84.43091323909063,84.40007019042969
2007-10-02,84.40004076056913,84.40775299072266
2007-10-03,84.41550529842314,84.44634246826172
2007-10-04,84.43092388334243,84.44634246826172
2007-10-05,84.41545802088751,84.42316436767578
2007-10-08,84.41546522087619,84.40775299072266
2007-10-09,84.40776322056286,84.43860626220703
2007-10-10,84.45405795365109,84.469482421875
2007-10-11,84.44632217702976,84.47716522216797
2007-10-12,84.45401612310947,84.4308853149414
2007-10-15,84.41546673706539,84.4308853149414
2007-10-16,84.47716522216797,84.47716522216797
2007-10-17,84.5157100102062,84.52342224121094
2007-10-18,84.56197617090089,84.59281921386719
2007-10-19,84.56970624884237,84.6236801147461
2007-10-22,84.63908083696215,84.59281921386719
2007-10-23,84.60054929831738,84.6236801147461
2007-10-24,84.63910279666638,84.67765808105469
2007-10-25,84.71618434925178,84.70075988769531
2007-10-26,84.69304765691709,84.70075988769531
2007-10-29,84.67762907806906,84.70075988769531
2007-10-30,84.68536636209203,84.7162094116211
2007-10-31,84.7008448903883,84.70855712890625
2007-11-01,84.74871496348467,84.77193450927734
2007-11-02,84.84929863167908,84.78739166259766
2007-11-05,84.818359375,84.818359375
2007-11-06,84.82608032226562,84.82608032226562
2007-11-07,84.85707578209303,84.88802337646484
2007-11-08,84.9112292294685,84.94217681884766
2007-11-09,84.96538267683763,84.99633026123047
2007-11-12,85.00412889322926,84.98865509033203
2007-11-13,84.97311903634939,84.94990539550781
2007-11-14,84.96539428840894,85.00408172607422
2007-11-15,85.04276900464362,85.05824279785156
2007-11-16,85.05826967054783,85.06600952148438
2007-11-19,85.09688830006107,85.12010192871094
2007-11-20,85.14337921142578,85.14337921142578
2007-11-21,85.17435594141213,85.15888214111328
2007-11-23,85.14337054286453,85.17432403564453
2007-11-26,85.17427723711783,85.20523071289062
2007-11-27,85.20528151582133,85.18206787109375
2007-11-28,85.19753629676708,85.1897964477539
2007-11-29,85.20528047530057,85.21302032470703
2007-11-30,85.19752000375291,85.22073364257812
2007-12-03,85.5018252052407,85.23786163330078
2007-12-04,85.23002232464411,85.26107788085938
2007-12-05,85.25331251099514,85.26107788085938
2007-12-06,85.23010487165837,85.2533950805664
2007-12-07,85.26117607948453,85.24565124511719
2007-12-10,85.2456303315586,85.27667999267578
2007-12-11,85.28442456652533,85.362060546875
2007-12-12,85.28443747736367,85.33878326416016
2007-12-13,85.33878326416016,85.33878326416016
2007-12-14,85.23008308183383,85.32324981689453
2007-12-17,85.36203960230115,85.29993438720703
2007-12-18,85.24560252263596,85.29218292236328
2007-12-19,85.3543190462511,85.37760925292969
2007-12-20,85.39315032958984,85.39315032958984
2007-12-21,85.33873883928399,85.34650421142578
2007-12-24,85.35426958356757,85.34650421142578
2007-12-26,85.33872593351342,85.36978149414062
2007-12-27,85.40176391601562,85.40176391601562
2007-12-28,85.43296499560648,85.40959167480469
2007-12-31,85.43291852180978,85.39395904541016
2008-01-02,85.53417682846658,85.4796371459961
2008-01-03,85.48755782786773,85.44081115722656
2008-01-04,85.51085247327191,85.50305938720703
2008-01-07,85.49529647207896,85.45633697509766
2008-01-08,85.48749094077965,85.5108642578125
2008-01-09,85.55765634901167,85.54207611083984
2008-01-10,85.54976554486628,85.56534576416016
2008-01-11,85.56537496381732,85.61212158203125
2008-01-14,85.61992645263672,85.61992645263672
2008-01-15,85.61990803630088,85.5965347290039
2008-01-16,85.62771953820574,85.61992645263672
2008-01-17,85.66666859918858,85.64329528808594
2008-01-18,85.64329086116416,85.74458312988281
2008-01-22,85.84591259551111,85.83811950683594
2008-01-23,85.86149698176592,85.84591674804688
2008-01-24,85.84586234207309,85.86144256591797
2008-01-25,85.80692609603982,85.90821838378906
2008-01-28,85.90822981662356,85.86927032470703
2008-01-29,85.86924264416125,85.92378234863281
2008-01-30,85.89262641001666,85.97833251953125
2008-01-31,86.032903443987,85.99394989013672
2008-02-01,86.03298552530244,86.0173568725586
2008-02-04,85.99390593887698,85.98609161376953
2008-02-05,86.01735869909645,86.0095443725586
2008-02-06,85.993918028319,86.0251693725586
2008-02-07,86.03298369876461,86.0251693725586
2008-02-08,85.97829533649141,86.0251693725586
2008-02-11,86.0407957181253,86.0095443725586
2008-02-12,86.04861004466314,86.0095443725586
2008-02-13,86.06421661376953,86.06421661376953
2008-02-14,86.04084458402886,86.07991027832031
2008-02-15,86.07983978919262,86.08765411376953
2008-02-19,86.07205963134766,86.07205963134766
2008-02-20,86.0954818725586,86.0954818725586
2008-02-21,86.06424626194554,86.11893463134766
2008-02-22,86.11114501953125,86.11114501953125
2008-02-25,86.11114501953125,86.11114501953125
2008-02-26,86.12669953169954,86.13451385498047
2008-02-27,86.1657656783059,86.15795135498047
2008-02-28,86.18923854023969,86.14236450195312
2008-02-29,86.18138836437454,86.15795135498047
2008-03-03,86.21824030218751,86.1791000366211
2008-03-04,86.21821801385973,86.19473266601562
2008-03-05,86.24955749511719,86.24955749511719
2008-03-06,86.27303272343563,86.29652404785156
2008-03-07,86.28089081596312,86.2652359008789
2008-03-10,86.29653722788176,86.32002258300781
2008-03-11,86.28089081596312,86.2652359008789
2008-03-12,86.25741714323792,86.32787322998047
2008-03-13,86.35914056146687,86.33565521240234
2008-03-14,86.34354954566611,86.36703491210938
2008-03-17,86.43745751243424,86.44528198242188
2008-03-18,86.46095275878906,86.46095275878906
2008-03-19,86.46879863100074,86.50011444091797
2008-03-20,86.50006329998938,86.5157241821289
2008-03-24,86.46097202343002,86.3748550415039
2008-03-25,86.44532145788045,86.36703491210938
2008-03-26,86.4531066886785,86.38264465332031
2008-03-27,86.45314503402874,86.42182922363281
2008-03-28,86.39831560961196,86.43746185302734
2008-03-31,86.46879726453987,86.42965698242188
2008-04-01,86.45713528548714,86.4257583618164
2008-04-02,86.42571201144804,86.41002655029297
2008-04-03,86.40222716519742,86.4257583618164
2008-04-04,86.42571750907874,86.43356323242188
2008-04-07,86.42571201144804,86.41002655029297
2008-04-08,86.3943286267414,86.44139099121094
2008-04-09,86.44136269880784,86.4570541381836
2008-04-10,86.50419616699219,86.50419616699219
2008-04-11,86.48851069769907,86.50419616699219
2008-04-14,86.51988762082146,86.50419616699219
2008-04-15,86.51984339399687,86.46493530273438
2008-04-16,86.48062191156365,86.49630737304688
2008-04-17,86.49630737304688,86.49630737304688
2008-04-18,86.47277504110536,86.46493530273438
2008-04-21,86.42575407638078,86.47281646728516
2008-04-22,86.47277618855543,86.49630737304688
2008-04-23,86.5198445420715,86.49630737304688
2008-04-24,86.5119988190633,86.49630737304688
2008-04-25,86.45711025114714,86.44926452636719
2008-04-28,86.4570541381836,86.4570541381836
2008-04-29,86.4649129924792,86.48059844970703
2008-04-30,86.49635044007755,86.50419616699219
2008-05-01,86.4617182410788,86.52456665039062
2008-05-02,86.501090284805,86.49323272705078
2008-05-05,86.46177870416149,86.50106048583984
2008-05-06,86.508909880405,86.47748565673828
2008-05-07,86.54028174949569,86.52456665039062
2008-05-08,86.52455974843754,86.53241729736328
2008-05-09,86.50885754483977,86.52456665039062
2008-05-12,86.53248471247085,86.50106048583984
2008-05-13,86.49317878658715,86.46961212158203
2008-05-14,86.46961212158203,86.46961212158203
2008-05-15,86.51676144115332,86.47748565673828
2008-05-16,86.47744023963018,86.51671600341797
2008-05-19,86.5167091008381,86.52456665039062
2008-05-20,86.53242419994315,86.52456665039062
2008-05-21,86.53244727662258,86.50888061523438
2008-05-22,86.50886444679321,86.51671600341797
2008-05-23,86.52457355359739,86.51671600341797
2008-05-27,86.53242419994315,86.52456665039062
2008-05-28,86.4852848961822,86.52456665039062
2008-05-29,86.5167091008381,86.52456665039062
2008-05-30,86.54028865395625,86.51671600341797
2008-06-02,86.6394932274421,86.5450439453125
2008-06-03,86.53717419081516,86.560791015625
2008-06-04,86.56865728577525,86.560791015625
2008-06-05,86.52930792066492,86.560791015625
2008-06-06,86.55297940042591,86.56871795654297
2008-06-09,86.55290769200948,86.529296875
2008-06-10,86.47421606200612,86.50569915771484
2008-06-11,86.53714662112743,86.52140808105469
2008-06-12,86.49779726855334,86.52140808105469
2008-06-13,86.497803634062,86.51354217529297
2008-06-16,86.497803634062,86.51354217529297
2008-06-17,86.54508334914982,86.5529556274414
2008-06-18,86.5371763456899,86.58440399169922
2008-06-19,86.58441125584939,86.59227752685547
2008-06-20,86.60019469713708,86.57658386230469
2008-06-23,86.59227026204535,86.58440399169922
2008-06-24,86.56078895986006,86.61588287353516
2008-06-25,86.60014047966773,86.63949584960938
2008-06-26,86.5922995952875,86.65526580810547
2008-06-27,86.63164609435866,86.64738464355469
2008-06-30,86.67101251097397,86.67887878417969
2008-07-01,86.690645868258,86.69853210449219
2008-07-02,86.66701860931572,86.7064437866211
2008-07-03,86.7064234556834,86.71430969238281
2008-07-07,86.73015339460201,86.7222671508789
2008-07-08,86.6907281914279,86.7222671508789
2008-07-09,86.72226303112066,86.76168823242188
2008-07-10,86.73803551781761,86.76168823242188
2008-07-11,86.75376892089844,86.75376892089844
2008-07-14,86.76167901398306,86.78533172607422
2008-07-15,86.81687927246094,86.81687927246094
2008-07-16,86.83264066440069,86.82476043701172
2008-07-17,86.816874194182,86.82476043701172
2008-07-18,86.8484182301839,86.81687927246094
2008-07-21,86.82472323057775,86.83260345458984
2008-07-22,86.83264574360186,86.81687927246094
2008-07-23,86.82480206470264,86.84056854248047
2008-07-24,86.8484547890912,86.84056854248047
2008-07-25,86.82475884744322,86.8484115600586
2008-07-28,86.85628509521484,86.85628509521484
2008-07-29,86.85629780274392,86.8484115600586
2008-07-30,86.8484115600586,86.8484115600586
2008-07-31,86.88777923583984,86.88777923583984
2008-08-01,86.8838485850854,86.8759536743164
2008-08-04,86.8759536743164,86.8759536743164
2008-08-05,86.86015179947954,86.8759536743164
2008-08-06,86.89175103521224,86.88385009765625
2008-08-07,86.86020680160945,86.90760040283203
2008-08-08,86.9154311603759,86.8996353149414
2008-08-11,86.85225237408186,86.88385009765625
2008-08-12,86.8996353149414,86.8996353149414
2008-08-13,86.92333209641735,86.8996353149414
2008-08-14,86.91550134525355,86.90760040283203
2008-08-15,86.92337799072266,86.92337799072266
2008-08-18,86.92333661075999,86.89173889160156
2008-08-19,86.89966142826093,86.93125915527344
2008-08-20,86.9549637927603,86.9786605834961
2008-08-21,86.97864672437265,86.96284484863281
2008-08-22,86.96284484863281,86.96284484863281
2008-08-25,86.98656152262494,86.9786605834961
2008-08-26,86.9786605834961,86.9786605834961
2008-08-27,87.01026605213626,87.00236511230469
2008-08-28,86.99443054199219,86.99443054199219
2008-08-29,86.95493791140407,86.99443054199219
2008-09-02,86.97862259001954,87.01026916503906
2008-09-03,87.0261001586914,87.0261001586914
2008-09-04,87.02608036688775,87.04190063476562
2008-09-05,87.04192043016718,87.0261001586914
2008-09-08,86.98652970679916,87.01026916503906
2008-09-09,87.01816721496564,87.04190063476562
2008-09-10,87.01817952857033,87.0577392578125
2008-09-11,87.04187334464538,87.06561279296875
2008-09-12,87.08943323791551,87.0815200805664
2008-09-15,87.16056545903827,87.20803833007812
2008-09-16,87.26343214525319,87.23969268798828
2008-09-17,87.35840180988934,87.43751525878906
2008-09-18,87.67481410823125,87.41373443603516
2008-09-19,87.2713605383046,87.21598052978516
2008-09-22,87.1606005212657,87.21598052978516
2008-09-23,87.21597010869957,87.26344299316406
2008-09-24,87.29504994343611,87.27131652832031
2008-09-25,87.33460704936167,87.35043334960938
2008-09-26,87.25550567958635,87.32670593261719
2008-09-29,87.36629146717183,87.28717803955078
2008-09-30,87.39002326781186,87.26344299316406
2008-10-01,87.35449647309625,87.38618469238281
2008-10-02,87.59221717705435,87.4892349243164
2008-10-03,87.47337498048233,87.39415740966797
2008-10-06,87.4654226277805,87.36243438720703
2008-10-07,87.46541592674026,87.4258041381836
2008-10-08,87.49715245181724,87.4892349243164
2008-10-09,87.40199801537531,87.45745086669922
2008-10-10,87.41792141617648,87.53675079345703
2008-10-13,87.31489040212954,87.2198257446289
2008-10-14,87.26744027407531,87.4971694946289
2008-10-15,87.49707464228845,87.56837463378906
2008-10-16,87.52879979210968,87.37828826904297
2008-10-17,87.4020529282687,87.37828826904297
2008-10-20,87.37832125426517,87.32286834716797
2008-10-21,87.35457770183233,87.31497192382812
2008-10-22,87.32281429771953,87.38618469238281
2008-10-23,87.35452517492448,87.33868408203125
2008-10-24,87.44958224672015,87.37828826904297
2008-10-27,87.37826723307232,87.46540832519531
2008-10-28,87.45748475939054,87.46540832519531
2008-10-29,87.40209377049425,87.4892349243164
2008-10-30,87.43374477252466,87.47335052490234
2008-10-31,87.4733597238279,87.43375396728516
2008-11-03,87.55273788964108,87.54480743408203
2008-11-04,87.44956776490856,87.45750427246094
2008-11-05,87.45755984744174,87.47342681884766
2008-11-06,87.49718728358727,87.5924072265625
2008-11-07,87.57657646171054,87.60037994384766
2008-11-10,87.52098180584069,87.61619567871094
2008-11-11,87.59246459760877,87.63214111328125
2008-11-12,87.5686537107487,87.65593719482422
2008-11-13,87.57659762361158,87.63214111328125
2008-11-14,87.58450714859646,87.62418365478516
2008-11-17,87.5686804629338,87.64009094238281
2008-11-18,87.66388111506195,87.63214111328125
2008-11-19,87.6956536631101,87.6797866821289
2008-11-20,87.65590908299691,87.6955795288086
2008-11-21,87.68765111162267,87.74319458007812
2008-11-24,87.66387415796136,87.70354461669922
2008-11-25,87.66388963048502,87.72736358642578
2008-11-26,87.66388963048502,87.72736358642578
2008-11-28,87.73525806921762,87.74319458007812
2008-12-01,87.7472152709961,87.7472152709961
2008-12-02,87.69152442679345,87.73124694824219
2008-12-03,87.71542544866864,87.77104187011719
2008-12-04,87.74723711346036,87.79490661621094
2008-12-05,87.79488846438149,87.78694152832031
2008-12-08,87.73132272490082,87.75515747070312
2008-12-09,87.73127122446103,87.81072235107422
2008-12-10,87.79480983765347,87.82659149169922
2008-12-11,87.80278148162557,87.81072235107422
2008-12-12,87.87429437475099,87.8345718383789
2008-12-15,87.81069763381099,87.82659149169922
2008-12-16,87.81079442988201,87.79490661621094
2008-12-17,87.7710513423953,87.75515747070312
2008-12-18,87.7948860881976,87.75515747070312
2008-12-19,87.69162067300556,87.79490661621094
2008-12-22,87.73134323805192,87.79490661621094
2008-12-23,87.73925154090911,87.8187026977539
2008-12-24,87.79483455044453,87.81072235107422
2008-12-26,87.81079442988201,87.79490661621094
2008-12-29,87.82668999994608,87.84259796142578
2008-12-30,87.72325288341224,87.83463287353516
2008-12-31,87.81869506835938,87.81869506835938
2009-01-02,87.69936437554786,87.68345642089844
2009-01-05,87.61988147948458,87.7471694946289
2009-01-06,87.66756481858611,87.78689575195312
2009-01-07,87.77892437185089,87.80279541015625
2009-01-08,87.73117087067627,87.70730590820312
2009-01-09,87.78691168474975,87.77100372314453
2009-01-12,87.77096513510344,87.81869506835938
2009-01-13,87.76300812308683,87.81869506835938
2009-01-14,87.78689685793292,87.83463287353516
2009-01-15,87.88234599081511,87.77892303466797
2009-01-16,87.81076072474185,87.78689575195312
2009-01-20,87.87440469846071,87.78689575195312
2009-01-21,87.81870225106881,87.75505828857422
2009-01-22,87.73915011027641,87.77892303466797
2009-01-23,87.80278666730894,87.81073760986328
2009-01-26,87.79483705996245,87.77892303466797
2009-01-27,87.80287126524819,87.79491424560547
2009-01-28,87.79491424560547,87.79491424560547
2009-01-29,87.76304670762967,87.77100372314453
2009-01-30,87.75508969211482,87.77100372314453
2009-02-02,87.78927805832474,87.78131866455078
2009-02-03,87.78133366201341,87.75746154785156
2009-02-04,87.76545289772761,87.70178985595703
2009-02-05,87.74950215271774,87.75746154785156
2009-02-06,87.74953410166405,87.70178985595703
2009-02-09,87.71762305730743,87.73353576660156
2009-02-10,87.70178273570826,87.74952697753906
2009-02-11,87.73353576660156,87.73353576660156
2009-02-12,87.73355645083872,87.71764373779297
2009-02-13,87.6937696974589,87.72560119628906
2009-02-17,87.73357752011994,87.69378662109375
2009-02-18,87.69374488651238,87.73353576660156
2009-02-19,87.67789820986151,87.63810729980469
2009-02-20,87.67787363963444,87.66991424560547
2009-02-23,87.71762305730743,87.73353576660156
2009-02-24,87.68581637617957,87.72560119628906
2009-02-25,87.77336841914611,87.69378662109375
2009-02-26,87.7415807748741,87.70178985595703
2009-02-27,87.74151584298026,87.71764373779297
2009-03-02,87.71366208301882,87.7455062866211
2009-03-03,87.76939855155199,87.7455062866211
2009-03-04,87.76144409179688,87.76144409179688
2009-03-05,87.76941481287244,87.75348663330078
2009-03-06,87.77737282783768,87.75348663330078
2009-03-09,87.76941481287244,87.75348663330078
2009-03-10,87.77735193396943,87.76939392089844
2009-03-11,87.73754364415711,87.76939392089844
2009-03-12,87.7773905228665,87.78535461425781
2009-03-13,87.7854008206702,87.80132293701172
2009-03-16,87.76142983300832,87.76939392089844
2009-03-17,87.74553160935915,87.77738189697266
2009-03-18,87.77740721052562,87.80925750732422
2009-03-19,87.80130060906656,87.79334259033203
2009-03-20,87.79331870564911,87.78535461425781
2009-03-23,87.75355051316215,87.80132293701172
2009-03-24,87.79334259033203,87.79334259033203
2009-03-25,87.80132293701172,87.80132293701172
2009-03-26,87.80129341441882,87.80925750732422
2009-03-27,87.80130060906656,87.79334259033203
2009-03-30,87.80129440922359,87.81722259521484
2009-03-31,87.80129440922359,87.81722259521484
2009-04-01,87.81801535344101,87.80208587646484
2009-04-02,87.76219742639726,87.78609466552734
2009-04-03,87.76225306757443,87.80208587646484
2009-04-06,87.77813297090364,87.78609466552734
2009-04-07,87.78610526064978,87.8179702758789
2009-04-08,87.80204080707945,87.8179702758789
2009-04-09,87.81796688326533,87.81000518798828
2009-04-13,87.83390582230858,87.8179702758789
2009-04-14,87.77813819782635,87.83390045166016
2009-04-15,87.80210477314408,87.84989929199219
2009-04-16,87.83396981158769,87.84989929199219
2009-04-17,87.81796490620486,87.83390045166016
2009-04-20,87.79410380950627,87.85783386230469
2009-04-21,87.82598946718706,87.8419189453125
2009-04-22,87.83393661191337,87.85783386230469
2009-04-23,87.8498710266779,87.86580657958984
2009-04-24,87.83390242907937,87.81000518798828
2009-04-27,87.84983529110804,87.8179702758789
2009-04-28,87.81795996209593,87.825927734375
2009-04-29,87.84985153286443,87.87374877929688
2009-04-30,87.87376827841312,87.86580657958984
2009-05-01,87.84025285710159,87.81634521484375
2009-05-04,87.82429363714571,87.80835723876953
2009-05-05,87.83232453188945,87.79248046875
2009-05-06,87.81639567688492,87.80045318603516
2009-05-07,87.80044563321096,87.79248046875
2009-05-08,87.77653650685939,87.78450775146484
2009-05-11,87.82436084203107,87.80045318603516
2009-05-12,87.80835723876953,87.80835723876953
2009-05-13,87.83228161625722,87.81634521484375
2009-05-14,87.82431037541286,87.81634521484375
2009-05-15,87.8163756569822,87.8243408203125
2009-05-18,87.81632847809466,87.80835723876953
2009-05-19,87.84025285710159,87.81634521484375
2009-05-20,87.84828186035156,87.84828186035156
2009-05-21,87.86421827224362,87.84828186035156
2009-05-22,87.84025285710159,87.81634521484375
2009-05-26,87.85623974345187,87.80045318603516
2009-05-27,87.84822409794594,87.81634521484375
2009-05-28,87.8402523920865,87.88009643554688
2009-05-29,87.83231206392014,87.8243408203125
2009-06-01,87.90884893588348,87.88493347167969
2009-06-02,87.82110708368002,87.8131332397461
2009-06-03,87.8610317113946,87.85305786132812
2009-06-04,87.82913857703781,87.83711242675781
2009-06-05,87.8211921491159,87.80524444580078
2009-06-08,87.78930891047533,87.77336120605469
2009-06-09,87.7812995952243,87.7972412109375
2009-06-10,87.78924986306139,87.84505462646484
2009-06-11,87.84505462646484,87.84505462646484
2009-06-12,87.84502253322096,87.8131332397461
2009-06-15,87.83704868928703,87.8131332397461
2009-06-16,87.8450878285811,87.86900329589844
2009-06-17,87.86903267823448,87.87700653076172
2009-06-18,87.86102944603755,87.86900329589844
2009-06-19,87.86900442857697,87.86103057861328
2009-06-22,87.8610061300047,87.82911682128906
2009-06-23,87.86103934023872,87.82118225097656
2009-06-24,87.85305404393259,87.83711242675781
2009-06-25,87.85305559617665,87.86900329589844
2009-06-26,87.86903267823448,87.87700653076172
2009-06-29,87.8610317113946,87.85305786132812
2009-06-30,87.85308497317997,87.87700653076172
2009-07-01,87.88256390704788,87.858642578125
2009-07-02,87.87458355913131,87.85066223144531
2009-07-06,87.85863803525923,87.85066223144531
2009-07-07,87.86661838235132,87.858642578125
2009-07-08,87.87454369990064,87.89049530029297
2009-07-09,87.89049530029297,87.89049530029297
2009-07-10,87.87458810282156,87.858642578125
2009-07-13,87.86662592093583,87.87459564208984
2009-07-14,87.87459564208984,87.87459564208984
2009-07-15,87.88259897344186,87.86665344238281
2009-07-16,87.87462316603307,87.86665344238281
2009-07-17,87.87458810282156,87.858642578125
2009-07-20,87.87458355913131,87.85066223144531
2009-07-21,87.85066677389868,87.858642578125
2009-07-22,87.87462316603307,87.86665344238281
2009-07-23,87.87462316603307,87.86665344238281
2009-07-24,87.86661838235132,87.858642578125
2009-07-27,87.85865011602522,87.87459564208984
2009-07-28,87.86665344238281,87.86665344238281
2009-07-29,87.87452389642549,87.88249969482422
2009-07-30,87.89057478085064,87.86665344238281
2009-07-31,87.87459564208984,87.87459564208984
2009-08-03,87.87299258059126,87.8410873413086
2009-08-04,87.8650309815178,87.84907531738281
2009-08-05,87.86503601074219,87.86503601074219
2009-08-06,87.88097381591797,87.88097381591797
2009-08-07,87.85705314945031,87.84907531738281
2009-08-10,87.85698699951172,87.85698699951172
2009-08-11,87.87298583984375,87.87298583984375
2009-08-12,87.88096367037798,87.87298583984375
2009-08-13,87.88097381591797,87.88097381591797
2009-08-14,87.8889516473732,87.88097381591797
2009-08-17,87.88898468017578,87.88898468017578
2009-08-18,87.88898468017578,87.88898468017578
2009-08-19,87.91287905643652,87.88097381591797
2009-08-20,87.91287905643652,87.88097381591797
2009-08-21,87.8810068457221,87.88898468017578
2009-08-24,87.87299598446273,87.88097381591797
2009-08-25,87.89695642932477,87.88898468017578
2009-08-26,87.88890677063466,87.91283416748047
2009-08-27,87.90489107667896,87.87298583984375
2009-08-28,87.89692339352604,87.88097381591797
2009-08-31,87.89687851271707,87.91283416748047
2009-09-01,87.86417459420923,87.84822082519531
2009-09-02,87.90406728827085,87.9200210571289
2009-09-03,87.9280009850087,87.9200210571289
2009-09-04,87.928032632022,87.91207885742188
2009-09-08,87.89612692073902,87.88815307617188
2009-09-09,87.928032632022,87.91207885742188
2009-09-10,87.90407520447732,87.8960952758789
2009-09-11,87.92796325683594,87.92796325683594
2009-09-14,87.904052734375,87.904052734375
2009-09-15,87.89611899591804,87.91207885742188
2009-09-16,87.91203266093358,87.904052734375
2009-09-17,87.91207885742188,87.91207885742188
2009-09-18,87.928032632022,87.91207885742188
2009-09-21,87.92002897477208,87.8960952758789
2009-09-22,87.89611899591804,87.91207885742188
2009-09-23,87.92005270127008,87.91207885742188
2009-09-24,87.92000650059165,87.904052734375
2009-09-25,87.92002897477208,87.8960952758789
2009-09-28,87.92804055972034,87.88815307617188
2009-09-29,87.8960952758789,87.8960952758789
2009-09-30,87.90409892666996,87.91207885742188
2009-10-01,87.92959712150085,87.92161560058594
2009-10-02,87.92165764493758,87.90570068359375
2009-10-05,87.92165764493758,87.90570068359375
2009-10-06,87.93762479056315,87.92964935302734
2009-10-07,87.94551849365234,87.94551849365234
2009-10-08,87.93757629394531,87.93757629394531
2009-10-09,87.92959829594928,87.91363525390625
2009-10-12,87.93757372885406,87.91363525390625
2009-10-13,87.92161560058594,87.92161560058594
2009-10-14,87.92161560058594,87.92161560058594
2009-10-15,87.92161560058594,87.92161560058594
2009-10-16,87.92161560058594,87.92161560058594
2009-10-19,87.92964935302734,87.92964935302734
2009-10-20,87.92964935302734,87.92964935302734
2009-10-21,87.92160173800546,87.95352172851562
2009-10-22,87.93761853508671,87.96156311035156
2009-10-23,87.92956154639513,87.94551849365234
2009-10-26,87.95358784187525,87.92964935302734
2009-10-27,87.94554020885916,87.95352172851562
2009-10-28,87.96152224740064,87.96949768066406
2009-10-29,87.95358158526328,87.96156311035156
2009-10-30,87.96150324817208,87.95352172851562
2009-11-02,87.94080571949098,87.93282318115234
2009-11-03,87.9567548844398,87.9407958984375
2009-11-04,87.95675536806962,87.91685485839844
2009-11-05,87.94079216750592,87.94876861572266
2009-11-06,87.94080571949098,87.93282318115234
2009-11-09,87.96473742188698,87.9407958984375
2009-11-10,87.94075946543356,87.95671844482422
2009-11-11,87.9567548844398,87.9407958984375
2009-11-12,87.94079216750592,87.94876861572266
2009-11-13,87.94874135163059,87.96470642089844
2009-11-16,87.94876861572266,87.94876861572266
2009-11-17,87.94872781073809,87.98065185546875
2009-11-18,87.97267541095279,87.98065185546875
2009-11-19,87.97273254394531,87.97273254394531
2009-11-20,87.97273424871017,87.98869323730469
2009-11-23,87.96473742188698,87.9407958984375
2009-11-24,87.95671034414299,87.98065185546875
2009-11-25,87.97267541095279,87.98065185546875
2009-11-27,87.98869153223058,87.97273254394531
2009-11-30,87.98864793591032,87.96470642089844
2009-12-01,87.97268204990236,87.9646987915039
2009-12-02,87.94077772587622,87.94876098632812
2009-12-03,87.94876098632812,87.94876098632812
2009-12-04,87.94877179041399,87.95674896240234
2009-12-07,87.9567668808837,87.93282318115234
2009-12-08,87.94077772587622,87.94876098632812
2009-12-09,87.96473222383496,87.95674896240234
2009-12-10,87.94878970727027,87.93282318115234
2009-12-11,87.9567668808837,87.93282318115234
2009-12-14,87.9408064442113,87.93282318115234
2009-12-15,87.92481729441592,87.94876098632812
2009-12-16,87.94876098632812,87.94876098632812
2009-12-17,87.9567668808837,87.93282318115234
2009-12-18,87.94877916053912,87.9407958984375
2009-12-21,87.94078852898137,87.95674896240234
2009-12-22,87.95674896240234,87.95674896240234
2009-12-23,87.95674896240234,87.95674896240234
2009-12-24,87.94877916053912,87.9407958984375
2009-12-28,87.98068528657844,87.97270202636719
2009-12-29,87.95994783970686,87.96792602539062
2009-12-30,87.95196356380501,87.96792602539062
2009-12-31,87.94398475530902,87.95995330810547
2010-01-04,87.95196356380501,87.96792602539062
2010-01-05,87.95198999323779,87.93602752685547
2010-01-06,87.9599382766301,87.9439697265625
2010-01-07,87.95195400159629,87.9439697265625
2010-01-08,87.94394485360539,87.97587585449219
2010-01-11,87.95991339915663,87.97587585449219
2010-01-12,87.96792602539062,87.96792602539062
2010-01-13,87.98390004708168,87.95995330810547
2010-01-14,87.97591577068346,87.95995330810547
2010-01-15,87.95994960809362,87.95196533203125
2010-01-19,87.96792602539062,87.96792602539062
2010-01-20,87.97591030129247,87.96792602539062
2010-01-21,87.95994783970686,87.96792602539062
2010-01-22,87.96792779393779,87.95196533203125
2010-01-25,87.9599171014473,87.9838638305664
2010-01-26,87.96789528434304,87.9838638305664
2010-01-27,87.96792779393779,87.95196533203125
2010-01-28,87.96792779393779,87.95196533203125
2010-01-29,87.96789528434304,87.9838638305664
2010-02-01,87.98551028758989,87.96156311035156
2010-02-02,87.95357662703371,87.97752380371094
2010-02-03,87.97748209921482,87.96949768066406
2010-02-04,87.96949768066406,87.96949768066406
2010-02-05,87.94552968246171,87.9535140991211
2010-02-08,87.94558050495772,87.9854965209961
2010-02-09,87.96952767844915,87.9854965209961
2010-02-10,87.95357662703371,87.97752380371094
2010-02-11,87.96952767844915,87.9854965209961
2010-02-12,87.95356492623118,87.9854965209961
2010-02-16,87.97752586506714,87.96156311035156
2010-02-17,87.96156104936938,87.97752380371094
2010-02-18,87.96154934750466,87.9854965209961
2010-02-19,87.97748209921482,87.96949768066406
2010-02-22,87.96156104936938,87.97752380371094
2010-02-23,87.96953938137527,87.97752380371094
2010-02-24,87.96949768066406,87.96949768066406
2010-02-25,87.98550007547429,87.99348449707031
2010-02-26,87.96952767844915,87.9854965209961
2010-03-01,87.94395864940529,87.98387145996094
2010-03-02,87.97588991055652,87.94396209716797
2010-03-03,87.95994102529512,87.96792602539062
2010-03-04,87.97589111328125,87.97589111328125
2010-03-05,87.96792602539062,87.96792602539062
2010-03-08,87.96790755389252,87.98387145996094
2010-03-09,87.97589111328125,87.97589111328125
2010-03-10,87.95994102529512,87.96792602539062
2010-03-11,87.97589432741762,87.95993041992188
2010-03-12,87.97589111328125,87.97589111328125
2010-03-15,87.96791220520974,87.97589111328125
2010-03-16,87.9599503329717,87.95196533203125
2010-03-17,87.96791220520974,87.97589111328125
2010-03-18,87.98387611212226,87.97589111328125
2010-03-19,87.97589111328125,87.97589111328125
2010-03-22,87.97589111328125,87.97589111328125
2010-03-23,87.96790755389252,87.98387145996094
2010-03-24,87.96792602539062,87.96792602539062
2010-03-25,87.96792602539062,87.96792602539062
2010-03-26,87.95993041992188,87.95993041992188
2010-03-29,87.95993041992188,87.95993041992188
2010-03-30,87.95992255547371,87.98387145996094
2010-03-31,87.95992720636873,87.97589111328125
2010-04-01,87.95435211253539,87.94637298583984
2010-04-05,87.9463625970598,87.9383773803711
2010-04-06,87.94636657701089,87.954345703125
2010-04-07,87.94637298583984,87.94637298583984
2010-04-08,87.94637298583984,87.94637298583984
2010-04-09,87.954345703125,87.954345703125
2010-04-12,87.94636933553431,87.96233367919922
2010-04-13,87.96233092017506,87.954345703125
2010-04-14,87.954345703125,87.954345703125
2010-04-15,87.96233092017506,87.954345703125
2010-04-16,87.95434757069043,87.98628234863281
2010-04-19,87.97032254779933,87.94637298583984
2010-04-20,87.96233643772248,87.97032165527344
2010-04-21,87.95434846189869,87.96233367919922
2010-04-22,87.96233643772248,87.97032165527344
2010-04-23,87.95435122017153,87.97032165527344
2010-04-26,87.95435122017153,87.97032165527344
2010-04-27,87.96233643772248,87.97032165527344
2010-04-28,87.97031613722513,87.954345703125
2010-04-29,87.95434846189869,87.96233367919922
2010-04-30,87.95435122017153,87.97032165527344
2010-05-03,87.96709893654204,87.95113372802734
2010-05-04,87.95114666180694,87.94316101074219
2010-05-05,87.95914691541586,87.96713256835938
2010-05-06,87.97511822130288,87.96713256835938
2010-05-07,87.97513879008989,87.95916748046875
2010-05-10,87.96709893654204,87.95113372802734
2010-05-11,87.95916748046875,87.95916748046875
2010-05-12,87.96713256835938,87.96713256835938
2010-05-13,87.95913398210591,87.97510528564453
2010-05-14,87.96708990787002,87.9830551147461
2010-05-17,87.97513879008989,87.95916748046875
2010-05-18,87.96715313527932,87.95916748046875
2010-05-19,87.97510528564453,87.97510528564453
2010-05-20,87.96708990787002,87.9830551147461
2010-05-21,87.97507555694081,87.9830551147461
2010-05-24,87.97507555694081,87.9830551147461
2010-05-25,87.98308484614628,87.97510528564453
2010-05-26,87.97513879008989,87.95916748046875
2010-05-27,87.97507555694081,87.9830551147461
2010-05-28,87.97507555694081,87.9830551147461
2010-06-01,87.97990417480469,87.97990417480469
2010-06-02,87.97191843827504,87.98788452148438
2010-06-03,87.97990228593176,87.97191619873047
2010-06-04,87.97189933436638,88.00383758544922
2010-06-07,87.97990228593176,87.97191619873047
2010-06-08,87.97189933436638,88.00383758544922
2010-06-09,87.97990417480469,87.97990417480469
2010-06-10,87.98786541410854,88.00383758544922
2010-06-11,87.98783679472707,88.01179504394531
2010-06-14,87.98786541410854,88.00383758544922
2010-06-15,88.00385445593592,87.97191619873047
2010-06-16,87.99587060888896,87.98788452148438
2010-06-17,87.98786541410854,88.00383758544922
2010-06-18,87.99587060888896,87.98788452148438
2010-06-21,87.98786541410854,88.00383758544922
2010-06-22,87.99587025795034,87.97990417480469
2010-06-23,87.98788452148438,87.98788452148438
2010-06-24,87.99587060888896,87.98788452148438
2010-06-25,87.98786541410854,88.00383758544922
2010-06-28,88.00386621522154,87.99588012695312
2010-06-29,88.00386621522154,87.99588012695312
2010-06-30,87.99582287779981,88.01179504394531
2010-07-01,88.00143171167056,87.97747802734375
2010-07-02,87.98549636467736,87.99347686767578
2010-07-06,87.98546461944763,87.97747802734375
2010-07-07,87.9854901175053,88.00145721435547
2010-07-08,87.99344287322582,88.01740264892578
2010-07-09,88.00142946512581,88.01740264892578
2010-07-12,88.00142946512581,88.01740264892578
2010-07-13,88.00146346266123,87.99347686767578
2010-07-14,88.00143693925025,88.025390625
2010-07-15,88.01743040319224,88.00145721435547
2010-07-16,87.99344911731264,88.0094223022461
2010-07-19,88.00146346266123,87.99347686767578
2010-07-20,88.00145721435547,88.00145721435547
2010-07-21,88.00146346266123,87.99347686767578
2010-07-22,88.00143570977937,88.0094223022461
2010-07-23,88.00146346266123,87.99347686767578
2010-07-26,88.00145598822927,87.98548889160156
2010-07-27,88.00145721435547,88.00145721435547
2010-07-28,88.00142946512581,88.01740264892578
2010-07-29,87.99347686767578,87.99347686767578
2010-07-30,88.00945005764667,87.99347686767578
2010-08-02,88.00782768875234,87.99185943603516
2010-08-03,87.99984051617994,87.99185943603516
2010-08-04,87.99984219276381,88.0238037109375
2010-08-05,88.00784221539466,87.9998550415039
2010-08-06,88.00784221539466,87.9998550415039
2010-08-09,87.9998550415039,87.9998550415039
2010-08-10,87.9998550415039,87.9998550415039
2010-08-11,88.02380210394655,88.00782775878906
2010-08-12,88.00782936548838,88.0238037109375
2010-08-13,88.01582938928543,87.9998550415039
2010-08-16,88.02380210394655,88.00782775878906
2010-08-17,88.0158462524414,88.0158462524414
2010-08-18,88.01582343273945,88.03179168701172
2010-08-19,88.01581493136781,88.00782775878906
2010-08-20,88.01582343273945,88.03179168701172
2010-08-23,88.01581493136781,88.00782775878906
2010-08-24,88.00784221539466,87.9998550415039
2010-08-25,87.99984058621033,88.00782775878906
2010-08-26,87.9998550415039,87.9998550415039
2010-08-27,88.01581653821293,88.0238037109375
2010-08-30,87.99984058621033,88.00782775878906
2010-08-31,88.00785907702037,88.0158462524414
2010-09-01,88.00701919490865,88.01500701904297
2010-09-02,88.01500701904297,88.01500701904297
2010-09-03,88.01501479967126,88.02300262451172
2010-09-07,88.01502975735028,88.00704193115234
2010-09-08,88.02301758354822,88.00704193115234
2010-09-09,88.01502975735028,88.00704193115234
2010-09-10,88.00704193115234,88.00704193115234
2010-09-13,88.0150135660052,88.03897094726562
2010-09-14,88.01500701904297,88.01500701904297
2010-09-15,88.03099060058594,88.03099060058594
2010-09-16,88.02300139073368,88.03897094726562
2010-09-17,88.02300262451172,88.02300262451172
2010-09-20,88.01501479967126,88.02300262451172
2010-09-21,88.02300262451172,88.02300262451172
2010-09-22,88.02300262451172,88.02300262451172
2010-09-23,88.02302442399402,88.04698181152344
2010-09-24,88.0389721812675,88.02300262451172
2010-09-27,88.04695877199411,88.03897094726562
2010-09-28,88.03098921546217,88.03897094726562
2010-09-29,88.03099060058594,88.03099060058594
2010-09-30,88.03098921546217,88.03897094726562
2010-10-01,88.04616800557473,88.03019714355469
2010-10-04,88.03019051625208,88.01421356201172
2010-10-05,88.03818562127627,88.03019714355469
2010-10-06,88.03818562127627,88.03019714355469
2010-10-07,88.03815559989731,88.02217864990234
2010-10-08,88.03022461274297,88.05418395996094
2010-10-11,88.03016712489982,88.02217864990234
2010-10-12,88.03019714355469,88.03019714355469
2010-10-13,88.03818308224035,88.0461654663086
2010-10-14,88.03815559989731,88.02217864990234
2010-10-15,88.03818308224035,88.0461654663086
2010-10-18,88.03818562127627,88.03019714355469
2010-10-19,88.03022461274297,88.05418395996094
2010-10-20,88.0541539437998,88.0461654663086
2010-10-21,88.04615987379559,88.03817749023438
2010-10-22,88.0382130929573,88.05418395996094
2010-10-25,88.05414835077939,88.03817749023438
2010-10-26,88.0461954797466,88.05418395996094
2010-10-27,88.03818562127627,88.03019714355469
2010-10-28,88.03817749023438,88.03817749023438
2010-10-29,88.05414835077939,88.03817749023438
2010-11-01,88.02141077081801,88.013427734375
2010-11-02,88.03736992697013,88.02938079833984
2010-11-03,88.04540630709117,88.0613784790039
2010-11-04,88.04540630709117,88.0613784790039
2010-11-05,88.04542657372163,88.03743743896484
2010-11-08,88.04542657372163,88.03743743896484
2010-11-09,88.0453590556004,88.02938079833984
2010-11-10,88.0453590556004,88.02938079833984
2010-11-11,88.03739397207382,88.02141571044922
2010-11-12,88.03736992697013,88.02938079833984
2010-11-15,88.03736992697013,88.02938079833984
2010-11-16,88.03736992697013,88.02938079833984
2010-11-17,88.04542657372163,88.03743743896484
2010-11-18,88.0453590556004,88.02938079833984
2010-11-19,88.03740576557841,88.04539489746094
2010-11-22,88.05335235595703,88.05335235595703
2010-11-23,88.04538310288612,88.02141571044922
2010-11-24,88.0453590556004,88.02938079833984
2010-11-26,88.0453590556004,88.02938079833984
2010-11-29,88.02939990118197,88.013427734375
2010-11-30,88.02944830420805,88.03743743896484
2010-12-01,88.02859831233518,88.02061462402344
2010-12-02,88.02858553581214,88.03657531738281
2010-12-03,88.02864475472211,88.04462432861328
2010-12-06,88.02862006239066,88.0525894165039
2010-12-07,88.03660984709506,88.0525894165039
2010-12-08,88.03660984709506,88.0525894165039
2010-12-09,88.0525894165039,88.0525894165039
2010-12-10,88.04456509895348,88.03657531738281
2010-12-13,88.03657531738281,88.03657531738281
2010-12-14,88.03660984709506,88.0525894165039
2010-12-15,88.0525894165039,88.0525894165039
2010-12-16,88.03660984709506,88.0525894165039
2010-12-17,88.05255488052414,88.03657531738281
2010-12-20,88.03657599512667,88.06053924560547
2010-12-21,88.04456577675884,88.06053924560547
2010-12-22,88.04456509895348,88.03657531738281
2010-12-23,88.06055563815673,88.02860260009766
2010-12-27,88.06055563815673,88.02860260009766
2010-12-28,88.06054281026455,88.06852722167969
2010-12-29,88.05255230387887,88.06852722167969
2010-12-30,88.06855417704254,88.0605697631836
2010-12-31,88.06054281026455,88.06852722167969
2011-01-03,88.04458874552088,88.0605697631836
2011-01-04,88.06054281026455,88.06852722167969
2011-01-05,88.06054281026455,88.06852722167969
2011-01-06,88.06852722167969,88.06852722167969
2011-01-07,88.06054281026455,88.06852722167969
2011-01-10,88.06057736352393,88.03660583496094
2011-01-11,88.04459634448193,88.03660583496094
2011-01-12,88.0445556640625,88.0445556640625
2011-01-13,88.04459634448193,88.03660583496094
2011-01-14,88.06057736352393,88.03660583496094
2011-01-18,88.05258685400294,88.03660583496094
2011-01-19,88.0445556640625,88.0445556640625
2011-01-20,88.03656515823346,88.0445556640625
2011-01-21,88.03660583496094,88.03660583496094
2011-01-24,88.0446370502613,88.05262756347656
2011-01-25,88.06057736352393,88.03660583496094
2011-01-26,88.06053667572058,88.0445556640625
2011-01-27,88.05254616989154,88.0445556640625
2011-01-28,88.0446370502613,88.05262756347656
2011-01-31,88.0446370502613,88.05262756347656
2011-02-01,88.05255238792675,88.06853485107422
2011-02-02,88.06853373247571,88.05255126953125
2011-02-03,88.06853485107422,88.06853485107422
2011-02-04,88.05259267565974,88.04460144042969
2011-02-07,88.04462543534042,88.06060791015625
2011-02-08,88.05261667274833,88.06060791015625
2011-02-09,88.06054361950049,88.06853485107422
2011-02-10,88.06054361950049,88.06853485107422
2011-02-11,88.06060791015625,88.06060791015625
2011-02-14,88.06054361950049,88.06853485107422
2011-02-15,88.06054250100348,88.05255126953125
2011-02-16,88.06054361950049,88.06853485107422
2011-02-17,88.07654571533203,88.07654571533203
2011-02-18,88.06054250100348,88.05255126953125
2011-02-22,88.05261667274833,88.06060791015625
2011-02-23,88.05259267565974,88.04460144042969
2011-02-24,88.04456003805902,88.05255126953125
2011-02-25,88.05255238792675,88.06853485107422
2011-02-28,88.05261667274833,88.06060791015625
2011-03-01,88.05974969726735,88.0517578125
2011-03-02,88.0517578125,88.0517578125
2011-03-03,88.0517578125,88.0517578125
2011-03-04,88.05974969726735,88.0517578125
2011-03-07,88.0517578125,88.0517578125
2011-03-08,88.05974969726735,88.0517578125
2011-03-09,88.06774730103561,88.08372497558594
2011-03-10,88.06775102020578,88.09172058105469
2011-03-11,88.06774730103561,88.08372497558594
2011-03-14,88.06775102020578,88.09172058105469
2011-03-15,88.06774730103561,88.08372497558594
2011-03-16,88.06777954101562,88.06777954101562
2011-03-17,88.06777954101562,88.06777954101562
2011-03-18,88.06775102020578,88.09172058105469
2011-03-21,88.08372497558594,88.08372497558594
2011-03-22,88.06777954101562,88.06777954101562
2011-03-23,88.06775102020578,88.09172058105469
2011-03-24,88.07575988769531,88.07575988769531
2011-03-25,88.07573918632194,88.08372497558594
2011-03-28,88.08372497558594,88.08372497558594
2011-03-29,88.06777954101562,88.06777954101562
2011-03-30,88.06777954101562,88.06777954101562
2011-03-31,88.07575988769531,88.07575988769531
2011-04-01,88.07572156813232,88.09969329833984
2011-04-04,88.08372643819548,88.09171295166016
2011-04-05,88.08371898337523,88.06773376464844
2011-04-06,88.0837753903606,88.0757827758789
2011-04-07,88.07572156813232,88.09969329833984
2011-04-08,88.0997055617,88.09171295166016
2011-04-11,88.08372497558594,88.08372497558594
2011-04-12,88.09170368541038,88.1076889038086
2011-04-13,88.09969629460949,88.1076889038086
2011-04-14,88.09972826983773,88.11570739746094
2011-04-15,88.09969329833984,88.09969329833984
2011-04-18,88.09969629460949,88.1076889038086
2011-04-19,88.10768573470808,88.12366485595703
2011-04-20,88.09972826983773,88.11570739746094
2011-04-21,88.09972662777652,88.1316909790039
2011-04-25,88.10769817173984,88.09171295166016
2011-04-26,88.09969329833984,88.09969329833984
2011-04-27,88.09969312579646,88.12366485595703
2011-04-28,88.11567241962008,88.09969329833984
2011-04-29,88.11567224704541,88.12366485595703
2011-05-02,88.10689544677734,88.10689544677734
2011-05-03,88.11489949148726,88.12288665771484
2011-05-04,88.11487132118579,88.13085174560547
2011-05-05,88.13887318431692,88.12288665771484
2011-05-06,88.1068780604402,88.13085174560547
2011-05-09,88.11488555427209,88.09091186523438
2011-05-10,88.0988968991648,88.11488342285156
2011-05-11,88.09889903019862,88.09091186523438
2011-05-12,88.0988998413086,88.0988998413086
2011-05-13,88.11487132118579,88.13085174560547
2011-05-16,88.10689229223536,88.09091186523438
2011-05-17,88.11489949148726,88.12288665771484
2011-05-18,88.10689544677734,88.10689544677734
2011-05-19,88.10689544677734,88.10689544677734
2011-05-20,88.11488555427209,88.09091186523438
2011-05-23,88.0988968991648,88.11488342285156
2011-05-24,88.11488636552926,88.0988998413086
2011-05-25,88.0988968991648,88.11488342285156
2011-05-26,88.10689544677734,88.10689544677734
2011-05-27,88.10690622818622,88.12288665771484
2011-05-31,88.0988968991648,88.11488342285156
2011-06-01,88.1060960507939,88.11408996582031
2011-06-02,88.1060960507939,88.11408996582031
2011-06-03,88.1060960507939,88.11408996582031
2011-06-06,88.10608657147924,88.09809875488281
2011-06-07,88.11408048564559,88.09809875488281
2011-06-08,88.12208797222249,88.09011840820312
2011-06-09,88.09011840820312,88.09011840820312
2011-06-10,88.10608657147924,88.09809875488281
2011-06-13,88.0901090878916,88.08211517333984
2011-06-14,88.09811232360067,88.09011840820312
2011-06-15,88.10608657147924,88.09809875488281
2011-06-16,88.11408064513785,88.10608673095703
2011-06-17,88.11408064513785,88.10608673095703
2011-06-20,88.1060960507939,88.11408996582031
2011-06-21,88.0981022960017,88.12207794189453
2011-06-22,88.1060901129192,88.12207794189453
2011-06-23,88.12207794189453,88.12207794189453
2011-06-24,88.11408064513785,88.10608673095703
2011-06-27,88.10608657147924,88.09809875488281
2011-06-28,88.09809891434615,88.10608673095703
2011-06-29,88.12207794189453,88.12207794189453
2011-06-30,88.09809482847324,88.13005828857422
2011-07-01,88.12046925134717,88.12846374511719
2011-07-05,88.12846374511719,88.12846374511719
2011-07-06,88.1204993437835,88.13648223876953
2011-07-07,88.12049865722656,88.12049865722656
2011-07-08,88.12848441365317,88.11249542236328
2011-07-11,88.11249542236328,88.11249542236328
2011-07-12,88.12045218574913,88.1044692993164
2011-07-13,88.10450702473179,88.11249542236328
2011-07-14,88.11250416078877,88.12049865722656
2011-07-15,88.12048991800823,88.11249542236328
2011-07-18,88.11249542236328,88.11249542236328
2011-07-19,88.11249542236328,88.11249542236328
2011-07-20,88.12048922955438,88.09651184082031
2011-07-21,88.09651184082031,88.09651184082031
2011-07-22,88.09648021048557,88.08848571777344
2011-07-25,88.08851803344189,88.11249542236328
2011-07-26,88.11250777772139,88.08053588867188
2011-07-27,88.08052284965534,88.09651184082031
2011-07-28,88.0884926542966,88.072509765625
2011-07-29,88.07254748992023,88.08053588867188
2011-08-01,88.10052345006842,88.06855010986328
2011-08-02,88.07650825203541,88.11647033691406
2011-08-03,88.0924849886085,88.12445831298828
2011-08-04,88.11646345732132,88.12445831298828
2011-08-05,88.14044192603413,88.12445831298828
2011-08-08,88.13246846310841,88.10848999023438
2011-08-09,88.10848229507843,88.14044952392578
2011-08-10,88.11647033691406,88.11647033691406
2011-08-11,88.13245316865525,88.12445831298828
2011-08-12,88.10848157891147,88.11647033691406
2011-08-15,88.13246004949637,88.11647033691406
2011-08-16,88.11646345732132,88.12445831298828
2011-08-17,88.13245316865525,88.12445831298828
2011-08-18,88.12445831298828,88.12445831298828
2011-08-19,88.1244659095021,88.14044952392578
2011-08-22,88.13246076585824,88.14044952392578
2011-08-23,88.14844438028192,88.14044952392578
2011-08-24,88.13246076585824,88.14044952392578
2011-08-25,88.13245316865525,88.12445831298828
2011-08-26,88.1484367817011,88.12445831298828
2011-08-29,88.1324538868239,88.1484375
2011-08-30,88.13245316865525,88.12445831298828
2011-08-31,88.13246004949637,88.11647033691406
2011-09-01,88.11249427660533,88.1204833984375
2011-09-02,88.12046928412677,88.11248016357422
2011-09-06,88.11247216458005,88.1364517211914
2011-09-07,88.12846450324463,88.11248016357422
2011-09-08,88.12846450324463,88.11248016357422
2011-09-09,88.11248016357422,88.11248016357422
2011-09-12,88.12046928412677,88.11248016357422
2011-09-13,88.1124946616058,88.12847900390625
2011-09-14,88.12846450324463,88.11248016357422
2011-09-15,88.11247216458005,88.1364517211914
2011-09-16,88.1204833984375,88.1204833984375
2011-09-19,88.1204833984375,88.1204833984375
2011-09-20,88.1204833984375,88.1204833984375
2011-09-21,88.12046928412677,88.11248016357422
2011-09-22,88.1124946616058,88.12847900390625
2011-09-23,88.13647383923441,88.1204833984375
2011-09-26,88.12046128440733,88.1364517211914
2011-09-27,88.1204833984375,88.1204833984375
2011-09-28,88.12847861883596,88.1204833984375
2011-09-29,88.12046928412677,88.11248016357422
2011-09-30,88.12847900390625,88.12847900390625
2011-10-03,88.12528391906088,88.10929870605469
2011-10-04,88.125244140625,88.125244140625
2011-10-05,88.11725458717753,88.125244140625
2011-10-06,88.11725458717753,88.125244140625
2011-10-07,88.12529149865898,88.11730194091797
2011-10-10,88.13324737548828,88.13324737548828
2011-10-11,88.12528391906088,88.10929870605469
2011-10-12,88.11729436200704,88.10929870605469
2011-10-13,88.13327957501323,88.10929870605469
2011-10-14,88.1093062842779,88.11730194091797
2011-10-17,88.11725458717753,88.125244140625
2011-10-18,88.10925893483429,88.125244140625
2011-10-19,88.10925893483429,88.125244140625
2011-10-20,88.10929870605469,88.10929870605469
2011-10-21,88.11725458717753,88.125244140625
2011-10-24,88.11729436200704,88.10929870605469
2011-10-25,88.10929870605469,88.10929870605469
2011-10-26,88.10929870605469,88.10929870605469
2011-10-27,88.10930638662981,88.10131072998047
2011-10-28,88.11730204327915,88.10131072998047
2011-10-31,88.10131062763784,88.11730194091797
2011-11-01,88.10447692871094,88.10447692871094
2011-11-02,88.10447692871094,88.10447692871094
2011-11-03,88.12049136840811,88.11249542236328
2011-11-04,88.11247795531628,88.12846374511719
2011-11-07,88.11247795531628,88.12846374511719
2011-11-08,88.12850376498504,88.12051391601562
2011-11-09,88.12049136840811,88.11249542236328
2011-11-10,88.12049136840811,88.11249542236328
2011-11-11,88.11247795531628,88.12846374511719
2011-11-14,88.12848121533314,88.11249542236328
2011-11-15,88.12049136840811,88.11249542236328
2011-11-16,88.11247761641754,88.13645935058594
2011-11-17,88.12051391601562,88.12051391601562
2011-11-18,88.12846374511719,88.12846374511719
2011-11-21,88.12846340615695,88.13645935058594
2011-11-22,88.13647716137797,88.11249542236328
2011-11-23,88.12850376498504,88.12051391601562
2011-11-25,88.11247287270945,88.10447692871094
2011-11-28,88.12051391601562,88.12051391601562
2011-11-29,88.12850376498504,88.12051391601562
2011-11-30,88.11247287270945,88.10447692871094
2011-12-01,88.11727827812841,88.12527465820312
2011-12-02,88.1092818980537,88.12527465820312
2011-12-05,88.11728745756787,88.10929107666016
2011-12-06,88.10929107666016,88.10929107666016
2011-12-07,88.13326571357346,88.11727905273438
2011-12-08,88.13326493882698,88.12527465820312
2011-12-09,88.11727827812841,88.12527465820312
2011-12-12,88.12527465820312,88.12527465820312
2011-12-13,88.12527235386243,88.13326263427734
2011-12-14,88.12527465820312,88.12527465820312
2011-12-15,88.12527465820312,88.12527465820312
2011-12-16,88.12527465820312,88.12527465820312
2011-12-19,88.1172759739968,88.13326263427734
2011-12-20,88.12527543287938,88.11727905273438
2011-12-21,88.11727905273438,88.11727905273438
2011-12-22,88.11727905273438,88.11727905273438
2011-12-23,88.11729586392708,88.10130310058594
2011-12-27,88.1276799031904,88.11168670654297
2011-12-28,88.1276799031904,88.11168670654297
2011-12-29,88.1276799031904,88.11168670654297
2011-12-30,88.11171523323327,88.1277084350586
2012-01-03,88.11168670654297,88.11168670654297
2012-01-04,88.11968330486668,88.11168670654297
2012-01-05,88.1276799031904,88.11168670654297
2012-01-06,88.12766365007158,88.11966705322266
2012-01-09,88.11171523323327,88.1277084350586
2012-01-10,88.1277084350586,88.1277084350586
2012-01-11,88.11971183414593,88.1277084350586
2012-01-12,88.11968330486668,88.11168670654297
2012-01-13,88.11167045637373,88.11966705322266
2012-01-17,88.11167045637373,88.11966705322266
2012-01-18,88.11167045637373,88.11966705322266
2012-01-19,88.12766365007158,88.11966705322266
2012-01-20,88.11969192868133,88.10369873046875
2012-01-23,88.11168670654297,88.11168670654297
2012-01-24,88.1036738595248,88.11966705322266
2012-01-25,88.10371863232062,88.1277084350586
2012-01-26,88.11171523323327,88.1277084350586
2012-01-27,88.12766365007158,88.11966705322266
2012-01-30,88.10369010821925,88.11168670654297
2012-01-31,88.10369010821925,88.11168670654297
2012-02-01,88.10369873046875,88.10369873046875
2012-02-02,88.10370125411178,88.09571075439453
2012-02-03,88.09570411826422,88.08770751953125
2012-02-06,88.09571075439453,88.09571075439453
2012-02-07,88.09571075439453,88.09571075439453
2012-02-08,88.08771415505919,88.09571075439453
2012-02-09,88.09570411826422,88.08770751953125
2012-02-10,88.08770751953125,88.08770751953125
2012-02-13,88.10369461737956,88.08770751953125
2012-02-14,88.08770751953125,88.08770751953125
2012-02-15,88.08771415505919,88.09571075439453
2012-02-16,88.08770751953125,88.08770751953125
2012-02-17,88.09570411826422,88.08770751953125
2012-02-21,88.08770751953125,88.08770751953125
2012-02-22,88.10369873046875,88.10369873046875
2012-02-23,88.10369873046875,88.10369873046875
2012-02-24,88.08771163187409,88.10369873046875
2012-02-27,88.08770751953125,88.08770751953125
2012-02-28,88.08771163187409,88.10369873046875
2012-02-29,88.08771163187409,88.10369873046875
2012-03-01,88.08770751953125,88.08770751953125
2012-03-02,88.08770751953125,88.08770751953125
2012-03-05,88.08771163187409,88.10369873046875
2012-03-06,88.09570823098038,88.10369873046875
2012-03-07,88.08771415505919,88.09571075439453
2012-03-08,88.08771415505919,88.09571075439453
2012-03-09,88.08771163187409,88.10369873046875
2012-03-12,88.08771163187409,88.10369873046875
2012-03-13,88.08771163187409,88.10369873046875
2012-03-14,88.09570823098038,88.10369873046875
2012-03-15,88.08771415505919,88.09571075439453
2012-03-16,88.10369461737956,88.08770751953125
2012-03-19,88.08770751953125,88.08770751953125
2012-03-20,88.08770751953125,88.08770751953125
2012-03-21,88.10369461737956,88.08770751953125
2012-03-22,88.08771415505919,88.09571075439453
2012-03-23,88.08771415505919,88.09571075439453
2012-03-26,88.08770751953125,88.08770751953125
2012-03-27,88.09570411826422,88.08770751953125
2012-03-28,88.08771163187409,88.10369873046875
2012-03-29,88.08771415505919,88.09571075439453
2012-03-30,88.10370125411178,88.09571075439453
2012-04-02,88.09570823098038,88.10369873046875
2012-04-03,88.10369461737956,88.08770751953125
2012-04-04,88.08770751953125,88.08770751953125
2012-04-05,88.08770751953125,88.08770751953125
2012-04-09,88.08770751953125,88.08770751953125
2012-04-10,88.08771415505919,88.09571075439453
2012-04-11,88.10370125411178,88.09571075439453
2012-04-12,88.09570823098038,88.10369873046875
2012-04-13,88.1036738595248,88.11966705322266
2012-04-16,88.10369010821925,88.11168670654297
2012-04-17,88.10369010821925,88.11168670654297
2012-04-18,88.09570823098038,88.10369873046875
2012-04-19,88.11169532957504,88.10369873046875
2012-04-20,88.11169785344714,88.09571075439453
2012-04-23,88.09571075439453,88.09571075439453
2012-04-24,88.09571075439453,88.09571075439453
2012-04-25,88.09571075439453,88.09571075439453
2012-04-26,88.09571075439453,88.09571075439453
2012-04-27,88.09570823098038,88.10369873046875
2012-04-30,88.09571075439453,88.09571075439453
2012-05-01,88.09570823098038,88.10369873046875
2012-05-02,88.09571075439453,88.09571075439453
2012-05-03,88.09570411826422,88.08770751953125
2012-05-04,88.09569960951288,88.11168670654297
2012-05-07,88.09570823098038,88.10369873046875
2012-05-08,88.10369010821925,88.11168670654297
2012-05-09,88.09571075439453,88.09571075439453
2012-05-10,88.10369010821925,88.11168670654297
2012-05-11,88.11169532957504,88.10369873046875
2012-05-14,88.09571075439453,88.09571075439453
2012-05-15,88.09570823098038,88.10369873046875
2012-05-16,88.10370125411178,88.09571075439453
2012-05-17,88.09571075439453,88.09571075439453
2012-05-18,88.09570411826422,88.08770751953125
2012-05-21,88.10370125411178,88.09571075439453
2012-05-22,88.09571075439453,88.09571075439453
2012-05-23,88.09571075439453,88.09571075439453
2012-05-24,88.10369873046875,88.10369873046875
2012-05-25,88.10369010821925,88.11168670654297
2012-05-29,88.09569960951288,88.11168670654297
2012-05-30,88.09569960951288,88.11168670654297
2012-05-31,88.09568336229209,88.11966705322266
2012-06-01,88.12769105211784,88.09571075439453
2012-06-04,88.11966705322266,88.11966705322266
2012-06-05,88.11167045637373,88.11966705322266
2012-06-06,88.11167045637373,88.11966705322266
2012-06-07,88.11969192868133,88.10369873046875
2012-06-08,88.10369010821925,88.11168670654297
2012-06-11,88.11167045637373,88.11966705322266
2012-06-12,88.11966705322266,88.11966705322266
2012-06-13,88.11167045637373,88.11966705322266
2012-06-14,88.1036738595248,88.11966705322266
2012-06-15,88.11168670654297,88.11168670654297
2012-06-18,88.11169532957504,88.10369873046875
2012-06-19,88.10369010821925,88.11168670654297
2012-06-20,88.10369010821925,88.11168670654297
2012-06-21,88.1036738595248,88.11966705322266
2012-06-22,88.10369010821925,88.11168670654297
2012-06-25,88.10369010821925,88.11168670654297
2012-06-26,88.10369873046875,88.10369873046875
2012-06-27,88.10370125411178,88.09571075439453
2012-06-28,88.11968330486668,88.11168670654297
2012-06-29,88.10369010821925,88.11168670654297
2012-07-02,88.12768852778764,88.10369873046875
2012-07-03,88.11168670654297,88.11168670654297
2012-07-05,88.11169532957504,88.10369873046875
2012-07-06,88.11168670654297,88.11168670654297
2012-07-09,88.10369010821925,88.11168670654297
2012-07-10,88.09570823098038,88.10369873046875
2012-07-11,88.10369873046875,88.10369873046875
2012-07-12,88.11169532957504,88.10369873046875
2012-07-13,88.09569960951288,88.11168670654297
2012-07-16,88.10369873046875,88.10369873046875
2012-07-17,88.10369873046875,88.10369873046875
2012-07-18,88.10369010821925,88.11168670654297
2012-07-19,88.11169532957504,88.10369873046875
2012-07-20,88.10369873046875,88.10369873046875
2012-07-23,88.10369010821925,88.11168670654297
2012-07-24,88.11968330486668,88.11168670654297
2012-07-25,88.10369873046875,88.10369873046875
2012-07-26,88.10369873046875,88.10369873046875
2012-07-27,88.10369010821925,88.11168670654297
2012-07-30,88.10369873046875,88.10369873046875
2012-07-31,88.10369010821925,88.11168670654297
2012-08-01,88.10369010821925,88.11168670654297
2012-08-02,88.11167045637373,88.11966705322266
2012-08-03,88.11167045637373,88.11966705322266
2012-08-06,88.12768852778764,88.10369873046875
2012-08-07,88.10369010821925,88.11168670654297
2012-08-08,88.10369873046875,88.10369873046875
2012-08-09,88.10369873046875,88.10369873046875
2012-08-10,88.10369010821925,88.11168670654297
2012-08-13,88.11968330486668,88.11168670654297
2012-08-14,88.10369010821925,88.11168670654297
2012-08-15,88.10369873046875,88.10369873046875
2012-08-16,88.09569960951288,88.11168670654297
2012-08-17,88.10369010821925,88.11168670654297
2012-08-20,88.11169532957504,88.10369873046875
2012-08-21,88.10369873046875,88.10369873046875
2012-08-22,88.10369873046875,88.10369873046875
2012-08-23,88.1036738595248,88.11966705322266
2012-08-24,88.11966705322266,88.11966705322266
2012-08-27,88.11966705322266,88.11966705322266
2012-08-28,88.11167045637373,88.11966705322266
2012-08-29,88.11168670654297,88.11168670654297
2012-08-30,88.11966705322266,88.11966705322266
2012-08-31,88.11171523323327,88.1277084350586
2012-09-04,88.1124790988055,88.12047576904297
2012-09-05,88.1124790988055,88.12047576904297
2012-09-06,88.1124790988055,88.12047576904297
2012-09-07,88.1124790988055,88.12047576904297
2012-09-10,88.12047576904297,88.12047576904297
2012-09-11,88.1124790988055,88.12047576904297
2012-09-12,88.1124790988055,88.12047576904297
2012-09-13,88.12050521917986,88.12850189208984
2012-09-14,88.12850189208984,88.12850189208984
2012-09-17,88.12050521917986,88.12850189208984
2012-09-18,88.12850189208984,88.12850189208984
2012-09-19,88.12047576904297,88.12047576904297
2012-09-20,88.1124790988055,88.12047576904297
2012-09-21,88.1124790988055,88.12047576904297
2012-09-24,88.1124790988055,88.12047576904297
2012-09-25,88.11248779296875,88.11248779296875
2012-09-26,88.11248779296875,88.11248779296875
2012-09-27,88.11248779296875,88.11248779296875
2012-09-28,88.12047576904297,88.12047576904297
2012-10-01,88.11408996582031,88.11408996582031
2012-10-02,88.11408112626465,88.12207794189453
2012-10-03,88.11408996582031,88.11408996582031
2012-10-04,88.11408112626465,88.12207794189453
2012-10-05,88.11408996582031,88.11408996582031
2012-10-08,88.12207794189453,88.12207794189453
2012-10-09,88.11408112626465,88.12207794189453
2012-10-10,88.12207794189453,88.12207794189453
2012-10-11,88.12208678225242,88.11408996582031
2012-10-12,88.11408996582031,88.11408996582031
2012-10-15,88.11408996582031,88.11408996582031
2012-10-16,88.11408996582031,88.11408996582031
2012-10-17,88.11408996582031,88.11408996582031
2012-10-18,88.11408112626465,88.12207794189453
2012-10-19,88.1060931493882,88.11408996582031
2012-10-22,88.11408112626465,88.12207794189453
2012-10-23,88.11408112626465,88.12207794189453
2012-10-24,88.11408996582031,88.11408996582031
2012-10-25,88.11408996582031,88.11408996582031
2012-10-26,88.12208678225242,88.11408996582031
2012-10-31,88.12208678225242,88.11408996582031
2012-11-01,88.12207794189453,88.12207794189453
2012-11-02,88.12207794189453,88.12207794189453
2012-11-05,88.11410643706759,88.10610961914062
2012-11-06,88.10610961914062,88.10610961914062
2012-11-07,88.10610961914062,88.10610961914062
2012-11-08,88.10610961914062,88.10610961914062
2012-11-09,88.11410643706759,88.10610961914062
2012-11-12,88.11410643706759,88.10610961914062
2012-11-13,88.10610961914062,88.10610961914062
2012-11-14,88.10610961914062,88.10610961914062
2012-11-15,88.11408112626465,88.12207794189453
2012-11-16,88.11408996582031,88.11408996582031
2012-11-19,88.11408996582031,88.11408996582031
2012-11-20,88.11408996582031,88.11408996582031
2012-11-21,88.11408996582031,88.11408996582031
2012-11-23,88.11408996582031,88.11408996582031
2012-11-26,88.12207794189453,88.12207794189453
2012-11-27,88.12209961794997,88.13009643554688
2012-11-28,88.12209961794997,88.13009643554688
2012-11-29,88.12209961794997,88.13009643554688
2012-11-30,88.12207794189453,88.12207794189453
2012-12-03,88.11566925048828,88.11566925048828
2012-12-04,88.11566925048828,88.11566925048828
2012-12-05,88.11566925048828,88.11566925048828
2012-12-06,88.11566925048828,88.11566925048828
2012-12-07,88.1156984111282,88.12369537353516
2012-12-10,88.12366621024877,88.11566925048828
2012-12-11,88.1156984111282,88.12369537353516
2012-12-12,88.12369537353516,88.12369537353516
2012-12-13,88.12370164542232,88.13169860839844
2012-12-14,88.12370164542232,88.13169860839844
2012-12-17,88.13169860839844,88.13169860839844
2012-12-18,88.13169860839844,88.13169860839844
2012-12-19,88.13168046424808,88.1396713256836
2012-12-20,88.13169860839844,88.13169860839844
2012-12-21,88.13168046424808,88.1396713256836
2012-12-24,88.13968947147909,88.13169860839844
2012-12-26,88.13968947147909,88.13169860839844
2012-12-27,88.13168046424808,88.1396713256836
2012-12-28,88.13168046424808,88.1396713256836
2012-12-31,88.13964573042254,88.1556396484375
2013-01-02,88.1396713256836,88.1396713256836
2013-01-03,88.1396713256836,88.1396713256836
2013-01-04,88.13168046424808,88.1396713256836
2013-01-07,88.13169860839844,88.13169860839844
2013-01-08,88.12370164542232,88.13169860839844
2013-01-09,88.12368350291833,88.1396713256836
2013-01-10,88.1396713256836,88.1396713256836
2013-01-11,88.13168046424808,88.1396713256836
2013-01-14,88.13968947147909,88.13169860839844
2013-01-15,88.13169860839844,88.13169860839844
2013-01-16,88.12370164542232,88.13169860839844
2013-01-17,88.12369537353516,88.12369537353516
2013-01-18,88.12370164542232,88.13169860839844
2013-01-22,88.13169860839844,88.13169860839844
2013-01-23,88.13169860839844,88.13169860839844
2013-01-24,88.12369537353516,88.12369537353516
2013-01-25,88.12369537353516,88.12369537353516
2013-01-28,88.13169233594213,88.12369537353516
2013-01-29,88.12370164542232,88.13169860839844
2013-01-30,88.12370164542232,88.13169860839844
2013-01-31,88.12370164542232,88.13169860839844
2013-02-01,88.13407135009766,88.13407135009766
2013-02-04,88.13403477261306,88.12603759765625
2013-02-05,88.13407135009766,88.13407135009766
2013-02-06,88.13407135009766,88.13407135009766
2013-02-07,88.12603759765625,88.12603759765625
2013-02-08,88.12603759765625,88.12603759765625
2013-02-11,88.12607417182184,88.13407135009766
2013-02-12,88.12607417182184,88.13407135009766
2013-02-13,88.12607417182184,88.13407135009766
2013-02-14,88.12603759765625,88.12603759765625
2013-02-15,88.13403477261306,88.12603759765625
2013-02-19,88.11804042269942,88.12603759765625
2013-02-20,88.11804042269942,88.12603759765625
2013-02-21,88.11808013916016,88.11808013916016
2013-02-22,88.11804042269942,88.12603759765625
2013-02-25,88.12603759765625,88.12603759765625
2013-02-26,88.12603759765625,88.12603759765625
2013-02-27,88.11804042269942,88.12603759765625
2013-02-28,88.12603759765625,88.12603759765625
2013-03-01,88.11888720864212,88.12688446044922
2013-03-04,88.11888122558594,88.11888122558594
2013-03-05,88.12687847685004,88.11888122558594
2013-03-06,88.12688446044922,88.12688446044922
2013-03-07,88.12688446044922,88.12688446044922
2013-03-08,88.11888122558594,88.11888122558594
2013-03-11,88.11888122558594,88.11888122558594
2013-03-12,88.11888556260256,88.13488006591797
2013-03-13,88.12688281426027,88.13488006591797
2013-03-14,88.12688281426027,88.13488006591797
2013-03-15,88.13488006591797,88.13488006591797
2013-03-18,88.13488171225632,88.12688446044922
2013-03-19,88.13488171225632,88.12688446044922
2013-03-20,88.12688446044922,88.12688446044922
2013-03-21,88.12688281426027,88.13488006591797
2013-03-22,88.13481586111533,88.14280700683594
2013-03-25,88.14287121746,88.13488006591797
2013-03-26,88.13488006591797,88.13488006591797
2013-03-27,88.13481586111533,88.14280700683594
2013-03-28,88.13488006591797,88.13488006591797
2013-04-01,88.13488171225632,88.12688446044922
2013-04-02,88.13488171225632,88.12688446044922
2013-04-03,88.12688281426027,88.13488006591797
2013-04-04,88.13488006591797,88.13488006591797
2013-04-05,88.14287121746,88.13488006591797
2013-04-08,88.14280700683594,88.14280700683594
2013-04-09,88.14287121746,88.13488006591797
2013-04-10,88.14280700683594,88.14280700683594
2013-04-11,88.14280700683594,88.14280700683594
2013-04-12,88.13481586111533,88.14280700683594
2013-04-15,88.14280700683594,88.14280700683594
2013-04-16,88.14280700683594,88.14280700683594
2013-04-17,88.14280700683594,88.14280700683594
2013-04-18,88.13488006591797,88.13488006591797
2013-04-19,88.14280700683594,88.14280700683594
2013-04-22,88.13481586111533,88.14280700683594
2013-04-23,88.13488006591797,88.13488006591797
2013-04-24,88.14287121746,88.13488006591797
2013-04-25,88.13481586111533,88.14280700683594
2013-04-26,88.13481586111533,88.14280700683594
2013-04-29,88.13481586111533,88.14280700683594
2013-04-30,88.1348523611035,88.15084075927734
2013-05-01,88.13488006591797,88.13488006591797
2013-05-02,88.13488006591797,88.13488006591797
2013-05-03,88.13481586111533,88.14280700683594
2013-05-06,88.13481586111533,88.14280700683594
2013-05-07,88.13481586111533,88.14280700683594
2013-05-08,88.14280700683594,88.14280700683594
2013-05-09,88.14284351013353,88.15084075927734
2013-05-10,88.15084075927734,88.15084075927734
2013-05-13,88.14284351013353,88.15084075927734
2013-05-14,88.15084075927734,88.15084075927734
2013-05-15,88.14284351013353,88.15084075927734
2013-05-16,88.15080425266778,88.14280700683594
2013-05-17,88.13481586111533,88.14280700683594
2013-05-20,88.13481586111533,88.14280700683594
2013-05-21,88.13481586111533,88.14280700683594
2013-05-22,88.14280700683594,88.14280700683594
2013-05-23,88.13488006591797,88.13488006591797
2013-05-24,88.14280700683594,88.14280700683594
2013-05-28,88.13488006591797,88.13488006591797
2013-05-29,88.14287121746,88.13488006591797
2013-05-30,88.13488006591797,88.13488006591797
2013-05-31,88.13481586111533,88.14280700683594
2013-06-03,88.14284351013353,88.15084075927734
2013-06-04,88.14284351013353,88.15084075927734
2013-06-05,88.15084075927734,88.15084075927734
2013-06-06,88.15084075927734,88.15084075927734
2013-06-07,88.13481586111533,88.14280700683594
2013-06-10,88.14284351013353,88.15084075927734
2013-06-11,88.15080425266778,88.14280700683594
2013-06-12,88.15086846911771,88.13488006591797
2013-06-13,88.15080425266778,88.14280700683594
2013-06-14,88.15084075927734,88.15084075927734
2013-06-17,88.15084075927734,88.15084075927734
2013-06-18,88.15080425266778,88.14280700683594
2013-06-19,88.14280700683594,88.14280700683594
2013-06-20,88.13488006591797,88.13488006591797
2013-06-21,88.13488006591797,88.13488006591797
2013-06-24,88.13481586111533,88.14280700683594
2013-06-25,88.14280700683594,88.14280700683594
2013-06-26,88.13488006591797,88.13488006591797
2013-06-27,88.14287121746,88.13488006591797
2013-06-28,88.14287286394762,88.12688446044922
2013-07-01,88.14280700683594,88.14280700683594
2013-07-02,88.13481586111533,88.14280700683594
2013-07-03,88.15080425266778,88.14280700683594
2013-07-05,88.15084075927734,88.15084075927734
2013-07-08,88.14284351013353,88.15084075927734
2013-07-09,88.15084075927734,88.15084075927734
2013-07-10,88.15084075927734,88.15084075927734
2013-07-11,88.15086846911771,88.13488006591797
2013-07-12,88.15080425266778,88.14280700683594
2013-07-15,88.13488006591797,88.13488006591797
2013-07-16,88.14280700683594,88.14280700683594
2013-07-17,88.1348523611035,88.15084075927734
2013-07-18,88.15080425266778,88.14280700683594
2013-07-19,88.14280700683594,88.14280700683594
2013-07-22,88.14287121746,88.13488006591797
2013-07-23,88.13488006591797,88.13488006591797
2013-07-24,88.13481586111533,88.14280700683594
2013-07-25,88.14280700683594,88.14280700683594
2013-07-26,88.15880149849963,88.14280700683594
2013-07-29,88.14280700683594,88.14280700683594
2013-07-30,88.14287121746,88.13488006591797
2013-07-31,88.14284351013353,88.15084075927734
2013-08-01,88.13481586111533,88.14280700683594
2013-08-02,88.13481586111533,88.14280700683594
2013-08-05,88.14284351013353,88.15084075927734
2013-08-06,88.15084075927734,88.15084075927734
2013-08-07,88.15084075927734,88.15084075927734
2013-08-08,88.15084075927734,88.15084075927734
2013-08-09,88.15080425266778,88.14280700683594
2013-08-12,88.15084075927734,88.15084075927734
2013-08-13,88.14284351013353,88.15084075927734
2013-08-14,88.14280700683594,88.14280700683594
2013-08-15,88.15084075927734,88.15084075927734
2013-08-16,88.15084075927734,88.15084075927734
2013-08-19,88.15086846911771,88.13488006591797
2013-08-20,88.14284351013353,88.15084075927734
2013-08-21,88.14287121746,88.13488006591797
2013-08-22,88.13488006591797,88.13488006591797
2013-08-23,88.14287121746,88.13488006591797
2013-08-26,88.14280700683594,88.14280700683594
2013-08-27,88.14284351013353,88.15084075927734
2013-08-28,88.15084075927734,88.15084075927734
2013-08-29,88.14284351013353,88.15084075927734
2013-08-30,88.15084075927734,88.15084075927734
2013-09-03,88.15087725926358,88.15887451171875
2013-09-04,88.15087725926358,88.15887451171875
2013-09-05,88.15883800842114,88.15084075927734
2013-09-06,88.15087725926358,88.15887451171875
2013-09-09,88.15084075927734,88.15084075927734
2013-09-10,88.15087725926358,88.15887451171875
2013-09-11,88.15084075927734,88.15084075927734
2013-09-12,88.15087725926358,88.15887451171875
2013-09-13,88.15887451171875,88.15887451171875
2013-09-16,88.15883800842114,88.15084075927734
2013-09-17,88.14284351013353,88.15084075927734
2013-09-18,88.15087725926358,88.15887451171875
2013-09-19,88.15087725926358,88.15887451171875
2013-09-20,88.16686566405762,88.15887451171875
2013-09-23,88.15087725926358,88.15887451171875
2013-09-24,88.15887451171875,88.15887451171875
2013-09-25,88.15884082092985,88.16683197021484
2013-09-26,88.15884082092985,88.16683197021484
2013-09-27,88.16683197021484,88.16683197021484
2013-09-30,88.15887451171875,88.15887451171875
2013-10-01,88.15084075927734,88.15084075927734
2013-10-02,88.15080425266778,88.14280700683594
2013-10-03,88.14280700683594,88.14280700683594
2013-10-04,88.14284351013353,88.15084075927734
2013-10-07,88.14280700683594,88.14280700683594
2013-10-08,88.13481586111533,88.14280700683594
2013-10-09,88.14287286394762,88.12688446044922
2013-10-10,88.12688446044922,88.12688446044922
2013-10-11,88.12688281426027,88.13488006591797
2013-10-14,88.11888720864212,88.12688446044922
2013-10-15,88.11887524144366,88.11087799072266
2013-10-16,88.11088397432184,88.11888122558594
2013-10-17,88.1268186152835,88.14280700683594
2013-10-18,88.14284351013353,88.15084075927734
2013-10-21,88.14284351013353,88.15084075927734
2013-10-22,88.14280700683594,88.14280700683594
2013-10-23,88.14284351013353,88.15084075927734
2013-10-24,88.14284351013353,88.15084075927734
2013-10-25,88.15084075927734,88.15084075927734
2013-10-28,88.14287121746,88.13488006591797
2013-10-29,88.13488006591797,88.13488006591797
2013-10-30,88.14280700683594,88.14280700683594
2013-10-31,88.13481586111533,88.14280700683594
2013-11-01,88.13488006591797,88.13488006591797
2013-11-04,88.14287121746,88.13488006591797
2013-11-05,88.13488006591797,88.13488006591797
2013-11-06,88.13488006591797,88.13488006591797
2013-11-07,88.13488006591797,88.13488006591797
2013-11-08,88.13488006591797,88.13488006591797
2013-11-11,88.14280700683594,88.14280700683594
2013-11-12,88.15084075927734,88.15084075927734
2013-11-13,88.15084075927734,88.15084075927734
2013-11-14,88.15084075927734,88.15084075927734
2013-11-15,88.14280700683594,88.14280700683594
2013-11-18,88.15080425266778,88.14280700683594
2013-11-19,88.15080425266778,88.14280700683594
2013-11-20,88.15084075927734,88.15084075927734
2013-11-21,88.14284351013353,88.15084075927734
2013-11-22,88.15084075927734,88.15084075927734
2013-11-25,88.14284351013353,88.15084075927734
2013-11-26,88.14284351013353,88.15084075927734
2013-11-27,88.15084075927734,88.15084075927734
2013-11-29,88.15080425266778,88.14280700683594
2013-12-02,88.13488006591797,88.13488006591797
2013-12-03,88.14287121746,88.13488006591797
2013-12-04,88.14280700683594,88.14280700683594
2013-12-05,88.14284351013353,88.15084075927734
2013-12-06,88.15084075927734,88.15084075927734
2013-12-09,88.15080425266778,88.14280700683594
2013-12-10,88.15084075927734,88.15084075927734
2013-12-11,88.14284351013353,88.15084075927734
2013-12-12,88.14284351013353,88.15084075927734
2013-12-13,88.14284351013353,88.15084075927734
2013-12-16,88.15084075927734,88.15084075927734
2013-12-17,88.15080425266778,88.14280700683594
2013-12-18,88.15087725926358,88.15887451171875
2013-12-19,88.15880149849963,88.14280700683594
2013-12-20,88.15080425266778,88.14280700683594
2013-12-23,88.15080425266778,88.14280700683594
2013-12-24,88.14280700683594,88.14280700683594
2013-12-26,88.15240657088538,88.1444091796875
2013-12-27,88.1444091796875,88.1444091796875
2013-12-30,88.13641788871175,88.1444091796875
2013-12-31,88.14443790892989,88.15243530273438
2014-01-02,88.13648223876953,88.13648223876953
2014-01-03,88.14443790892989,88.15243530273438
2014-01-06,88.15240657088538,88.1444091796875
2014-01-07,88.1444091796875,88.1444091796875
2014-01-08,88.14443790892989,88.15243530273438
2014-01-09,88.14443790892989,88.15243530273438
2014-01-10,88.14443790892989,88.15243530273438
2014-01-13,88.1444091796875,88.1444091796875
2014-01-14,88.14443790892989,88.15243530273438
2014-01-15,88.15243530273438,88.15243530273438
2014-01-16,88.15240657088538,88.1444091796875
2014-01-17,88.15243530273438,88.15243530273438
2014-01-21,88.15240657088538,88.1444091796875
2014-01-22,88.15240657088538,88.1444091796875
2014-01-23,88.15240657088538,88.1444091796875
2014-01-24,88.1444091796875,88.1444091796875
2014-01-27,88.1444091796875,88.1444091796875
2014-01-28,88.14443790892989,88.15243530273438
2014-01-29,88.14443790892989,88.15243530273438
2014-01-30,88.14443790892989,88.15243530273438
2014-01-31,88.1444091796875,88.1444091796875
2014-02-03,88.15245308185136,88.16844177246094
2014-02-04,88.15243530273438,88.15243530273438
2014-02-05,88.16040396208325,88.1444091796875
2014-02-06,88.14448188898066,88.16047668457031
2014-02-07,88.16043269653888,88.15243530273438
2014-02-10,88.14443790892989,88.15243530273438
2014-02-11,88.14443790892989,88.15243530273438
2014-02-12,88.15240657088538,88.1444091796875
2014-02-13,88.15243530273438,88.15243530273438
2014-02-14,88.15240657088538,88.1444091796875
2014-02-18,88.15240657088538,88.1444091796875
2014-02-19,88.15240657088538,88.1444091796875
2014-02-20,88.15240657088538,88.1444091796875
2014-02-21,88.1444091796875,88.1444091796875
2014-02-24,88.1444091796875,88.1444091796875
2014-02-25,88.15243530273438,88.15243530273438
2014-02-26,88.14443790892989,88.15243530273438
2014-02-27,88.15243530273438,88.15243530273438
2014-02-28,88.16047668457031,88.16047668457031
2014-03-03,88.16040396208325,88.1444091796875
2014-03-04,88.1444091796875,88.1444091796875
2014-03-05,88.15243530273438,88.15243530273438
2014-03-06,88.14443790892989,88.15243530273438
2014-03-07,88.15240657088538,88.1444091796875
2014-03-10,88.14443790892989,88.15243530273438
2014-03-11,88.1444091796875,88.1444091796875
2014-03-12,88.15240657088538,88.1444091796875
2014-03-13,88.15240657088538,88.1444091796875
2014-03-14,88.15243530273438,88.15243530273438
2014-03-17,88.15247928677549,88.16047668457031
2014-03-18,88.16043269653888,88.15243530273438
2014-03-19,88.15247928677549,88.16047668457031
2014-03-20,88.16047668457031,88.16047668457031
2014-03-21,88.15247928677549,88.16047668457031
2014-03-24,88.16047668457031,88.16047668457031
2014-03-25,88.16047668457031,88.16047668457031
2014-03-26,88.16043269653888,88.15243530273438
2014-03-27,88.16045047726881,88.16844177246094
2014-03-28,88.16844177246094,88.16844177246094
2014-03-31,88.16844177246094,88.16844177246094
2014-04-01,88.168467982138,88.16047668457031
2014-04-02,88.16045047726881,88.16844177246094
2014-04-03,88.1684781261874,88.17647552490234
2014-04-04,88.17647552490234,88.17647552490234
2014-04-07,88.17646537993282,88.16047668457031
2014-04-08,88.1604868277003,88.17647552490234
2014-04-09,88.17643916787839,88.16844177246094
2014-04-10,88.17643916787839,88.16844177246094
2014-04-11,88.16844177246094,88.16844177246094
2014-04-14,88.17646537993282,88.16047668457031
2014-04-15,88.17643916787839,88.16844177246094
2014-04-16,88.16045047726881,88.16844177246094
2014-04-17,88.17646537993282,88.16047668457031
2014-04-21,88.17646537993282,88.16047668457031
2014-04-22,88.16047668457031,88.16047668457031
2014-04-23,88.168467982138,88.16047668457031
2014-04-24,88.168467982138,88.16047668457031
2014-04-25,88.16047668457031,88.16047668457031
2014-04-28,88.17646537993282,88.16047668457031
2014-04-29,88.16844177246094,88.16844177246094
2014-04-30,88.16844177246094,88.16844177246094
2014-05-01,88.16045047726881,88.16844177246094
2014-05-02,88.16844177246094,88.16844177246094
2014-05-05,88.16844177246094,88.16844177246094
2014-05-06,88.168467982138,88.16047668457031
2014-05-07,88.16045047726881,88.16844177246094
2014-05-08,88.16047668457031,88.16047668457031
2014-05-09,88.16045047726881,88.16844177246094
2014-05-12,88.16047668457031,88.16047668457031
2014-05-13,88.16045047726881,88.16844177246094
2014-05-14,88.16844177246094,88.16844177246094
2014-05-15,88.16047668457031,88.16047668457031
2014-05-16,88.16844177246094,88.16844177246094
2014-05-19,88.16045047726881,88.16844177246094
2014-05-20,88.16047668457031,88.16047668457031
2014-05-21,88.16844177246094,88.16844177246094
2014-05-22,88.16047668457031,88.16047668457031
2014-05-23,88.1684781261874,88.17647552490234
2014-05-27,88.16844177246094,88.16844177246094
2014-05-28,88.16844177246094,88.16844177246094
2014-05-29,88.168467982138,88.16047668457031
2014-05-30,88.16844177246094,88.16844177246094
2014-06-02,88.16844177246094,88.16844177246094
2014-06-03,88.168467982138,88.16047668457031
2014-06-04,88.168467982138,88.16047668457031
2014-06-05,88.16047668457031,88.16047668457031
2014-06-06,88.16844177246094,88.16844177246094
2014-06-09,88.16045047726881,88.16844177246094
2014-06-10,88.16047668457031,88.16047668457031
2014-06-11,88.16047668457031,88.16047668457031
2014-06-12,88.168467982138,88.16047668457031
2014-06-13,88.16844177246094,88.16844177246094
2014-06-16,88.16844177246094,88.16844177246094
2014-06-17,88.16842399011927,88.15243530273438
2014-06-18,88.16043269653888,88.15243530273438
2014-06-19,88.15247928677549,88.16047668457031
2014-06-20,88.15243530273438,88.15243530273438
2014-06-23,88.15247928677549,88.16047668457031
2014-06-24,88.16047668457031,88.16047668457031
2014-06-25,88.16047668457031,88.16047668457031
2014-06-26,88.15245308185136,88.16844177246094
2014-06-27,88.16045047726881,88.16844177246094
2014-06-30,88.16045047726881,88.16844177246094
2014-07-01,88.16844177246094,88.16844177246094
2014-07-02,88.16047668457031,88.16047668457031
2014-07-03,88.16844177246094,88.16844177246094
2014-07-07,88.16844177246094,88.16844177246094
2014-07-08,88.16045047726881,88.16844177246094
2014-07-09,88.16045047726881,88.16844177246094
2014-07-10,88.16047668457031,88.16047668457031
2014-07-11,88.16047668457031,88.16047668457031
2014-07-14,88.16844177246094,88.16844177246094
2014-07-15,88.16045047726881,88.16844177246094
2014-07-16,88.16045047726881,88.16844177246094
2014-07-17,88.16844177246094,88.16844177246094
2014-07-18,88.16045047726881,88.16844177246094
2014-07-21,88.16844177246094,88.16844177246094
2014-07-22,88.16047668457031,88.16047668457031
2014-07-23,88.16045047726881,88.16844177246094
2014-07-24,88.16844177246094,88.16844177246094
2014-07-25,88.16047668457031,88.16047668457031
2014-07-28,88.168467982138,88.16047668457031
2014-07-29,88.16045047726881,88.16844177246094
2014-07-30,88.16047668457031,88.16047668457031
2014-07-31,88.168467982138,88.16047668457031
2014-08-01,88.16844177246094,88.16844177246094
2014-08-04,88.16045047726881,88.16844177246094
2014-08-05,88.17646537993282,88.16047668457031
2014-08-06,88.16045047726881,88.16844177246094
2014-08-07,88.16045047726881,88.16844177246094
2014-08-08,88.1684781261874,88.17647552490234
2014-08-11,88.16844177246094,88.16844177246094
2014-08-12,88.168467982138,88.16047668457031
2014-08-13,88.168467982138,88.16047668457031
2014-08-14,88.168467982138,88.16047668457031
2014-08-15,88.16844177246094,88.16844177246094
2014-08-18,88.16844177246094,88.16844177246094
2014-08-19,88.17643916787839,88.16844177246094
2014-08-20,88.17643916787839,88.16844177246094
2014-08-21,88.17647552490234,88.17647552490234
2014-08-22,88.1684781261874,88.17647552490234
2014-08-25,88.16844177246094,88.16844177246094
2014-08-26,88.16047668457031,88.16047668457031
2014-08-27,88.16047668457031,88.16047668457031
2014-08-28,88.168467982138,88.16047668457031
2014-08-29,88.16045047726881,88.16844177246094
2014-09-02,88.16045047726881,88.16844177246094
2014-09-03,88.16045047726881,88.16844177246094
2014-09-04,88.16047668457031,88.16047668457031
2014-09-05,88.168467982138,88.16047668457031
2014-09-08,88.16047668457031,88.16047668457031
2014-09-09,88.16047668457031,88.16047668457031
2014-09-10,88.168467982138,88.16047668457031
2014-09-11,88.16047668457031,88.16047668457031
2014-09-12,88.16047668457031,88.16047668457031
2014-09-15,88.16045047726881,88.16844177246094
2014-09-16,88.16844177246094,88.16844177246094
2014-09-17,88.16844177246094,88.16844177246094
2014-09-18,88.16844177246094,88.16844177246094
2014-09-19,88.1684781261874,88.17647552490234
2014-09-22,88.17647552490234,88.17647552490234
2014-09-23,88.1684781261874,88.17647552490234
2014-09-24,88.17647552490234,88.17647552490234
2014-09-25,88.16843819321284,88.18443298339844
2014-09-26,88.18443298339844,88.18443298339844
2014-09-29,88.17643558830564,88.18443298339844
2014-09-30,88.18441877772825,88.15243530273438
2014-10-01,88.17643916787839,88.16844177246094
2014-10-02,88.17643916787839,88.16844177246094
2014-10-03,88.17642138392375,88.15243530273438
2014-10-06,88.168467982138,88.16047668457031
2014-10-07,88.16844177246094,88.16844177246094
2014-10-08,88.16844177246094,88.16844177246094
2014-10-09,88.1684781261874,88.17647552490234
2014-10-10,88.17643916787839,88.16844177246094
2014-10-13,88.17647552490234,88.17647552490234
2014-10-14,88.1684781261874,88.17647552490234
2014-10-15,88.168467982138,88.16047668457031
2014-10-16,88.16047668457031,88.16047668457031
2014-10-17,88.16047668457031,88.16047668457031
2014-10-20,88.1684781261874,88.17647552490234
2014-10-21,88.17647552490234,88.17647552490234
2014-10-22,88.17647552490234,88.17647552490234
2014-10-23,88.1684781261874,88.17647552490234
2014-10-24,88.1684781261874,88.17647552490234
2014-10-27,88.17647552490234,88.17647552490234
2014-10-28,88.17647552490234,88.17647552490234
2014-10-29,88.16844177246094,88.16844177246094
2014-10-30,88.16047668457031,88.16047668457031
2014-10-31,88.16045047726881,88.16844177246094
2014-11-03,88.16047668457031,88.16047668457031
2014-11-04,88.16844177246094,88.16844177246094
2014-11-05,88.16844177246094,88.16844177246094
2014-11-06,88.16047668457031,88.16047668457031
2014-11-07,88.168467982138,88.16047668457031
2014-11-10,88.16844177246094,88.16844177246094
2014-11-11,88.16045047726881,88.16844177246094
2014-11-12,88.16844177246094,88.16844177246094
2014-11-13,88.16844177246094,88.16844177246094
2014-11-14,88.16844177246094,88.16844177246094
2014-11-17,88.16045047726881,88.16844177246094
2014-11-18,88.16844177246094,88.16844177246094
2014-11-19,88.16844177246094,88.16844177246094
2014-11-20,88.16045047726881,88.16844177246094
2014-11-21,88.16844177246094,88.16844177246094
2014-11-24,88.16043269653888,88.15243530273438
2014-11-25,88.15243530273438,88.15243530273438
2014-11-26,88.15245308185136,88.16844177246094
2014-11-28,88.16047668457031,88.16047668457031
2014-12-01,88.15245308185136,88.16844177246094
2014-12-02,88.16047668457031,88.16047668457031
2014-12-03,88.16047668457031,88.16047668457031
2014-12-04,88.16047668457031,88.16047668457031
2014-12-05,88.16047668457031,88.16047668457031
2014-12-08,88.1444091796875,88.1444091796875
2014-12-09,88.15240657088538,88.1444091796875
2014-12-10,88.1444091796875,88.1444091796875
2014-12-11,88.15243530273438,88.15243530273438
2014-12-12,88.14443790892989,88.15243530273438
2014-12-15,88.15247928677549,88.16047668457031
2014-12-16,88.15247928677549,88.16047668457031
2014-12-17,88.16047668457031,88.16047668457031
2014-12-18,88.1444091796875,88.1444091796875
2014-12-19,88.15243530273438,88.15243530273438
2014-12-22,88.1364764004134,88.12847900390625
2014-12-23,88.13648223876953,88.13648223876953
2014-12-24,88.1444091796875,88.1444091796875
2014-12-26,88.1444091796875,88.1444091796875
2014-12-29,88.15246509320154,88.12847900390625
2014-12-30,88.13648223876953,88.13648223876953
2014-12-31,88.1364466153495,88.15243530273438
2015-01-02,88.13648223876953,88.13648223876953
2015-01-05,88.13648223876953,88.13648223876953
2015-01-06,88.1444091796875,88.1444091796875
2015-01-07,88.15240657088538,88.1444091796875
2015-01-08,88.1444091796875,88.1444091796875
2015-01-09,88.14443790892989,88.15243530273438
2015-01-12,88.1444556864339,88.16844177246094
2015-01-13,88.16047668457031,88.16047668457031
2015-01-14,88.168467982138,88.16047668457031
2015-01-15,88.16045047726881,88.16844177246094
2015-01-16,88.16844177246094,88.16844177246094
2015-01-20,88.16844177246094,88.16844177246094
2015-01-21,88.168467982138,88.16047668457031
2015-01-22,88.16844177246094,88.16844177246094
2015-01-23,88.16045047726881,88.16844177246094
2015-01-26,88.15247928677549,88.16047668457031
2015-01-27,88.16047668457031,88.16047668457031
2015-01-28,88.16043269653888,88.15243530273438
2015-01-29,88.1604868277003,88.17647552490234
2015-01-30,88.168467982138,88.16047668457031
2015-02-02,88.1684781261874,88.17647552490234
2015-02-03,88.16843819321284,88.18443298339844
2015-02-04,88.18443656329585,88.16844177246094
2015-02-05,88.18443656329585,88.16844177246094
2015-02-06,88.16844177246094,88.16844177246094
2015-02-09,88.16045047726881,88.16844177246094
2015-02-10,88.168467982138,88.16047668457031
2015-02-11,88.16045047726881,88.16844177246094
2015-02-12,88.16047668457031,88.16047668457031
2015-02-13,88.16844177246094,88.16844177246094
2015-02-17,88.1604868277003,88.17647552490234
2015-02-18,88.16843819321284,88.18443298339844
2015-02-19,88.18443298339844,88.18443298339844
2015-02-20,88.1844729236173,88.17647552490234
2015-02-23,88.16844177246094,88.16844177246094
2015-02-24,88.16844177246094,88.16844177246094
2015-02-25,88.16844177246094,88.16844177246094
2015-02-26,88.16844177246094,88.16844177246094
2015-02-27,88.17647552490234,88.17647552490234
2015-03-02,88.16844177246094,88.16844177246094
2015-03-03,88.168467982138,88.16047668457031
2015-03-04,88.1604868277003,88.17647552490234
2015-03-05,88.17646537993282,88.16047668457031
2015-03-06,88.16045047726881,88.16844177246094
2015-03-09,88.168467982138,88.16047668457031
2015-03-10,88.16844177246094,88.16844177246094
2015-03-11,88.168467982138,88.16047668457031
2015-03-12,88.16047668457031,88.16047668457031
2015-03-13,88.16045047726881,88.16844177246094
2015-03-16,88.16045047726881,88.16844177246094
2015-03-17,88.16047668457031,88.16047668457031
2015-03-18,88.16842399011927,88.15243530273438
2015-03-19,88.168467982138,88.16047668457031
2015-03-20,88.168467982138,88.16047668457031
2015-03-23,88.16045047726881,88.16844177246094
2015-03-24,88.16047668457031,88.16047668457031
2015-03-25,88.16047668457031,88.16047668457031
2015-03-26,88.168467982138,88.16047668457031
2015-03-27,88.16047668457031,88.16047668457031
2015-03-30,88.16047668457031,88.16047668457031
2015-03-31,88.16045047726881,88.16844177246094
2015-04-01,88.17643916787839,88.16844177246094
2015-04-02,88.168467982138,88.16047668457031
2015-04-06,88.18443656329585,88.16844177246094
2015-04-07,88.17643916787839,88.16844177246094
2015-04-08,88.1684781261874,88.17647552490234
2015-04-09,88.1684781261874,88.17647552490234
2015-04-10,88.1684781261874,88.17647552490234
2015-04-13,88.16844177246094,88.16844177246094
2015-04-14,88.1684781261874,88.17647552490234
2015-04-15,88.17647552490234,88.17647552490234
2015-04-16,88.1684781261874,88.17647552490234
2015-04-17,88.1684781261874,88.17647552490234
2015-04-20,88.16844177246094,88.16844177246094
2015-04-21,88.16844177246094,88.16844177246094
2015-04-22,88.16844177246094,88.16844177246094
2015-04-23,88.1684781261874,88.17647552490234
2015-04-24,88.16844177246094,88.16844177246094
2015-04-27,88.16844177246094,88.16844177246094
2015-04-28,88.17647552490234,88.17647552490234
2015-04-29,88.16844177246094,88.16844177246094
2015-04-30,88.1684781261874,88.17647552490234
2015-05-01,88.18443656329585,88.16844177246094
2015-05-04,88.1844729236173,88.17647552490234
2015-05-05,88.17643558830564,88.18443298339844
2015-05-06,88.17647552490234,88.17647552490234
2015-05-07,88.17643558830564,88.18443298339844
2015-05-08,88.17643558830564,88.18443298339844
2015-05-11,88.17647552490234,88.17647552490234
2015-05-12,88.17643558830564,88.18443298339844
2015-05-13,88.17647552490234,88.17647552490234
2015-05-14,88.17647552490234,88.17647552490234
2015-05-15,88.17647552490234,88.17647552490234
2015-05-18,88.17647552490234,88.17647552490234
2015-05-19,88.17647552490234,88.17647552490234
2015-05-20,88.17647552490234,88.17647552490234
2015-05-21,88.17647552490234,88.17647552490234
2015-05-22,88.17647552490234,88.17647552490234
2015-05-26,88.1684781261874,88.17647552490234
2015-05-27,88.17647552490234,88.17647552490234
2015-05-28,88.18443298339844,88.18443298339844
2015-05-29,88.17647552490234,88.17647552490234
2015-06-01,88.17647552490234,88.17647552490234
2015-06-02,88.17647552490234,88.17647552490234
2015-06-03,88.18443298339844,88.18443298339844
2015-06-04,88.17647552490234,88.17647552490234
2015-06-05,88.17643916787839,88.16844177246094
2015-06-08,88.16844177246094,88.16844177246094
2015-06-09,88.17643916787839,88.16844177246094
2015-06-10,88.1684781261874,88.17647552490234
2015-06-11,88.17643558830564,88.18443298339844
2015-06-12,88.1684781261874,88.17647552490234
2015-06-15,88.16844177246094,88.16844177246094
2015-06-16,88.16844177246094,88.16844177246094
2015-06-17,88.18443298339844,88.18443298339844
2015-06-18,88.18443656329585,88.16844177246094
2015-06-19,88.1684781261874,88.17647552490234
2015-06-22,88.17647552490234,88.17647552490234
2015-06-23,88.1844729236173,88.17647552490234
2015-06-24,88.17647552490234,88.17647552490234
2015-06-25,88.17643558830564,88.18443298339844
2015-06-26,88.17643916787839,88.16844177246094
2015-06-29,88.1844729236173,88.17647552490234
2015-06-30,88.17643558830564,88.18443298339844
2015-07-01,88.17647552490234,88.17647552490234
2015-07-02,88.17643558830564,88.18443298339844
2015-07-06,88.18443298339844,88.18443298339844
2015-07-07,88.18443298339844,88.18443298339844
2015-07-08,88.1924023844267,88.20039367675781
2015-07-09,88.19243037849124,88.18443298339844
2015-07-10,88.18443298339844,88.18443298339844
2015-07-13,88.18443882263936,88.19243621826172
2015-07-14,88.19243621826172,88.19243621826172
2015-07-15,88.18443882263936,88.19243621826172
2015-07-16,88.18443882263936,88.19243621826172
2015-07-17,88.18443882263936,88.19243621826172
2015-07-20,88.1844729236173,88.17647552490234
2015-07-21,88.17647552490234,88.17647552490234
2015-07-22,88.17647552490234,88.17647552490234
2015-07-23,88.17647552490234,88.17647552490234
2015-07-24,88.17643558830564,88.18443298339844
2015-07-27,88.17647552490234,88.17647552490234
2015-07-28,88.1844729236173,88.17647552490234
2015-07-29,88.1684781261874,88.17647552490234
2015-07-30,88.17647552490234,88.17647552490234
2015-07-31,88.17643916787839,88.16844177246094
2015-08-03,88.17647552490234,88.17647552490234
2015-08-04,88.18443656329585,88.16844177246094
2015-08-05,88.1684781261874,88.17647552490234
2015-08-06,88.1684781261874,88.17647552490234
2015-08-07,88.17647552490234,88.17647552490234
2015-08-10,88.168467982138,88.16047668457031
2015-08-11,88.16045047726881,88.16844177246094
2015-08-12,88.168467982138,88.16047668457031
2015-08-13,88.168467982138,88.16047668457031
2015-08-14,88.168467982138,88.16047668457031
2015-08-17,88.16047668457031,88.16047668457031
2015-08-18,88.16047668457031,88.16047668457031
2015-08-19,88.168467982138,88.16047668457031
2015-08-20,88.1604868277003,88.17647552490234
2015-08-21,88.16844177246094,88.16844177246094
2015-08-24,88.18443298339844,88.18443298339844
2015-08-25,88.1844729236173,88.17647552490234
2015-08-26,88.17647552490234,88.17647552490234
2015-08-27,88.1844729236173,88.17647552490234
2015-08-28,88.18443656329585,88.16844177246094
2015-08-31,88.17647552490234,88.17647552490234
2015-09-01,88.17727661132812,88.17727661132812
2015-09-02,88.17727661132812,88.17727661132812
2015-09-03,88.18526458740234,88.18526458740234
2015-09-04,88.18526458740234,88.18526458740234
2015-09-08,88.17727661132812,88.17727661132812
2015-09-09,88.16927913995652,88.17727661132812
2015-09-10,88.17724371930827,88.1612548828125
2015-09-11,88.1612548828125,88.1612548828125
2015-09-14,88.1612820058989,88.16927337646484
2015-09-15,88.16123571699094,88.1452407836914
2015-09-16,88.14525994603575,88.1612548828125
2015-09-17,88.15327453613281,88.15327453613281
2015-09-18,88.17726525218838,88.1932601928711
2015-09-21,88.18526458740234,88.18526458740234
2015-09-22,88.1932601928711,88.1932601928711
2015-09-23,88.1932601928711,88.1932601928711
2015-09-24,88.20125156292997,88.1932601928711
2015-09-25,88.2092514038086,88.2092514038086
2015-09-28,88.20921511863368,88.20121765136719
2015-09-29,88.20921511863368,88.20121765136719
2015-09-30,88.20121765136719,88.20121765136719
2015-10-01,88.20844268798828,88.20844268798828
2015-10-02,88.22444404569718,88.21644592285156
2015-10-05,88.21644081037039,88.20844268798828
2015-10-06,88.20844780000594,88.21644592285156
2015-10-07,88.21644592285156,88.21644592285156
2015-10-08,88.22443893275248,88.20844268798828
2015-10-09,88.20844780000594,88.21644592285156
2015-10-12,88.21644081037039,88.20844268798828
2015-10-13,88.20844268798828,88.20844268798828
2015-10-14,88.20844780000594,88.21644592285156
2015-10-15,88.20844268798828,88.20844268798828
2015-10-16,88.21644081037039,88.20844268798828
2015-10-19,88.20042419433594,88.20042419433594
2015-10-20,88.20045066638603,88.20844268798828
2015-10-21,88.20042419433594,88.20042419433594
2015-10-22,88.20844268798828,88.20844268798828
2015-10-23,88.19239807128906,88.19239807128906
2015-10-26,88.18443298339844,88.18443298339844
2015-10-27,88.20039618873106,88.19239807128906
2015-10-28,88.18443298339844,88.18443298339844
2015-10-29,88.18446601894176,88.17646789550781
2015-10-30,88.17646789550781,88.17646789550781
2015-11-02,88.174047794881,88.15805053710938
2015-11-03,88.16606140136719,88.16606140136719
2015-11-04,88.15805053710938,88.15805053710938
2015-11-05,88.15806277137135,88.16606140136719
2015-11-06,88.15003506479214,88.14203643798828
2015-11-09,88.15005800938977,88.15805053710938
2015-11-10,88.15802759043136,88.14203643798828
2015-11-11,88.14203643798828,88.14203643798828
2015-11-12,88.1420410456296,88.15003967285156
2015-11-13,88.14203643798828,88.14203643798828
2015-11-16,88.15005800938977,88.15805053710938
2015-11-17,88.15003967285156,88.15003967285156
2015-11-18,88.15003967285156,88.15003967285156
2015-11-19,88.15005800938977,88.15805053710938
2015-11-20,88.15803219890861,88.15003967285156
2015-11-23,88.15803219890861,88.15003967285156
2015-11-24,88.15805053710938,88.15805053710938
2015-11-25,88.15806277137135,88.16606140136719
2015-11-27,88.17406003136301,88.16606140136719
2015-11-30,88.16606140136719,88.16606140136719
2015-12-01,88.16285441344083,88.15486145019531
2015-12-02,88.15486145019531,88.15486145019531
2015-12-03,88.15486145019531,88.15486145019531
2015-12-04,88.15486145019531,88.15486145019531
2015-12-07,88.13886606938817,88.13086700439453
2015-12-08,88.13084838821902,88.10685729980469
2015-12-09,88.11485636310866,88.10685729980469
2015-12-10,88.11487579345703,88.11487579345703
2015-12-11,88.13082621174824,88.12283325195312
2015-12-14,88.13086782209382,88.11487579345703
2015-12-15,88.12285542641263,88.10685729980469
2015-12-16,88.10685729980469,88.10685729980469
2015-12-17,88.11483419066197,88.12283325195312
2015-12-18,88.12287404089975,88.13086700439453
2015-12-21,88.13886606938817,88.13086700439453
2015-12-22,88.14680063384743,88.13880157470703
2015-12-23,88.14680063384743,88.13880157470703
2015-12-24,88.15565490722656,88.15565490722656
2015-12-28,88.15567442495734,88.14767456054688
2015-12-29,88.16368103027344,88.16368103027344
2015-12-30,88.16368103027344,88.16368103027344
2015-12-31,88.17164853039787,88.15565490722656
2016-01-04,88.16365476986586,88.15565490722656
2016-01-05,88.14768130022917,88.16368103027344
2016-01-06,88.1636742893678,88.14767456054688
2016-01-07,88.14765504458727,88.15565490722656
2016-01-08,88.15568116525131,88.16368103027344
2016-01-11,88.17164853039787,88.15565490722656
2016-01-12,88.16368103027344,88.16368103027344
2016-01-13,88.16368103027344,88.16368103027344
2016-01-14,88.17164186159857,88.17964172363281
2016-01-15,88.1796450961559,88.1876449584961
2016-01-19,88.21161989031893,88.21961975097656
2016-01-20,88.21960634031956,88.22760009765625
2016-01-21,88.22760009765625,88.22760009765625
2016-01-22,88.22759487315535,88.21160125732422
2016-01-25,88.21160125732422,88.21160125732422
2016-01-26,88.21160125732422,88.21160125732422
2016-01-27,88.21160125732422,88.21160125732422
2016-01-28,88.21160125732422,88.21160125732422
2016-01-29,88.20362002966131,88.21961975097656
2016-02-01,88.21080507775426,88.20280456542969
2016-02-02,88.21082087189995,88.22682189941406
2016-02-03,88.22680783621492,88.23480224609375
2016-02-04,88.23480224609375,88.23480224609375
2016-02-05,88.23479069663416,88.21879577636719
2016-02-08,88.21079526493261,88.21879577636719
2016-02-09,88.23480224609375,88.23480224609375
2016-02-10,88.2348163105672,88.22682189941406
2016-02-11,88.23480224609375,88.23480224609375
2016-02-12,88.23482022563404,88.2428207397461
2016-02-16,88.25082125385813,88.2428207397461
2016-02-17,88.26681617947803,88.2428207397461
2016-02-18,88.23480768986953,88.25080871582031
2016-02-19,88.2428207397461,88.2428207397461
2016-02-22,88.24281682432425,88.22682189941406
2016-02-23,88.22682581412619,88.2428207397461
2016-02-24,88.22680783621492,88.23480224609375
2016-02-25,88.24280275857554,88.23480224609375
2016-02-26,88.24280275857554,88.23480224609375
2016-02-29,88.22681327949746,88.25080871582031
2016-03-01,88.25080025560707,88.21080017089844
2016-03-02,88.23481550864665,88.22681427001953
2016-03-03,88.23481750488281,88.23481750488281
2016-03-04,88.2428106441169,88.22681427001953
2016-03-07,88.22681427001953,88.22681427001953
2016-03-08,88.22681626607469,88.23481750488281
2016-03-09,88.23480271725128,88.2427978515625
2016-03-10,88.2427978515625,88.2427978515625
2016-03-11,88.24281264053396,88.23481750488281
2016-03-14,88.23481750488281,88.23481750488281
2016-03-15,88.2427978515625,88.2427978515625
2016-03-16,88.24282273488596,88.25082397460938
2016-03-17,88.24281710165286,88.25881958007812
2016-03-18,88.24282273488596,88.25082397460938
2016-03-21,88.2508183408655,88.25881958007812
2016-03-22,88.25082397460938,88.25082397460938
2016-03-23,88.25082397460938,88.25082397460938
2016-03-24,88.25085131454131,88.27484893798828
2016-03-28,88.2508183408655,88.25881958007812
2016-03-29,88.25885654062131,88.29085540771484
2016-03-30,88.29882049560547,88.29882049560547
2016-03-31,88.30682690243498,88.28282928466797
2016-04-01,88.29884327938984,88.27484130859375
2016-04-04,88.27484849790828,88.29084777832031
2016-04-05,88.29883629820343,88.30683898925781
2016-04-06,88.31483557604747,88.30683898925781
2016-04-07,88.29883629820343,88.30683898925781
2016-04-08,88.3068608941369,88.31485748291016
2016-04-11,88.31481213980923,88.29881286621094
2016-04-12,88.29885820109742,88.31485748291016
2016-04-13,88.3068608941369,88.31485748291016
2016-04-14,88.30683898925781,88.30683898925781
2016-04-15,88.31483557604747,88.30683898925781
2016-04-18,88.30683092381254,88.32283020019531
2016-04-19,88.31482750987185,88.32283020019531
2016-04-20,88.32283020019531,88.32283020019531
2016-04-21,88.32283020019531,88.32283020019531
2016-04-22,88.33084869384766,88.33084869384766
2016-04-25,88.32286017594964,88.31485748291016
2016-04-26,88.3068608941369,88.31485748291016
2016-04-27,88.33883568932151,88.34683227539062
2016-04-28,88.34681799590943,88.33882141113281
2016-04-29,88.33084869384766,88.33084869384766
2016-05-02,88.34045773075971,88.32445526123047
2016-05-03,88.34841365658068,88.33240509033203
2016-05-04,88.33240509033203,88.33240509033203
2016-05-05,88.33245639027453,88.34846496582031
2016-05-06,88.35651397705078,88.35651397705078
2016-05-09,88.33250110157749,88.35651397705078
2016-05-10,88.34846496582031,88.34846496582031
2016-05-11,88.34846496582031,88.34846496582031
2016-05-12,88.33240509033203,88.33240509033203
2016-05-13,88.32440691268683,88.33240509033203
2016-05-16,88.33243455697898,88.34043884277344
2016-05-17,88.34043884277344,88.34043884277344
2016-05-18,88.33240509033203,88.33240509033203
2016-05-19,88.31643209087122,88.34043884277344
2016-05-20,88.34045773075971,88.32445526123047
2016-05-23,88.33240509033203,88.33240509033203
2016-05-24,88.31645097372463,88.32445526123047
2016-05-25,88.3164026295625,88.33240509033203
2016-05-26,88.32440691268683,88.33240509033203
2016-05-27,88.34042825781479,88.31642150878906
2016-05-31,88.30044239871293,88.32445526123047
2016-06-01,88.30121233502679,88.32522583007812
2016-06-02,88.33323669433594,88.33323669433594
2016-06-03,88.35725019056443,88.33323669433594
2016-06-06,88.32524644439272,88.3492660522461
2016-06-07,88.33322527640674,88.35723876953125
2016-06-08,88.35723876953125,88.35723876953125
2016-06-09,88.34123180984678,88.35723876953125
2016-06-10,88.35725835736312,88.36526489257812
2016-06-13,88.35725835736312,88.36526489257812
2016-06-14,88.36524530297129,88.35723876953125
2016-06-15,88.37325183641133,88.35723876953125
2016-06-16,88.37327245639104,88.38127899169922
2016-06-17,88.38927941981038,88.38127899169922
2016-06-20,88.36526489257812,88.36526489257812
2016-06-21,88.36526489257812,88.36526489257812
2016-06-22,88.36526592108284,88.38127899169922
2016-06-23,88.38125836985137,88.35723876953125
2016-06-24,88.42129565902142,88.40528869628906
2016-06-27,88.36526212866299,88.40528869628906
2016-06-28,88.39727350195369,88.38926696777344
2016-06-29,88.38126654078935,88.38926696777344
2016-06-30,88.38930131466003,88.41331481933594
2016-07-01,88.39087766189644,88.43091583251953
2016-07-05,88.4148941040039,88.4148941040039
2016-07-06,88.4229060844014,88.39087677001953
2016-07-07,88.39087364630815,88.4148941040039
2016-07-08,88.41490124576893,88.40689849853516
2016-07-11,88.39888562585678,88.39087677001953
2016-07-12,88.40688886021078,88.39888000488281
2016-07-13,88.39888562585678,88.39087677001953
2016-07-14,88.39888562585678,88.39087677001953
2016-07-15,88.39087114955483,88.39888000488281
2016-07-18,88.39087114955483,88.39888000488281
2016-07-19,88.39087677001953,88.39087677001953
2016-07-20,88.39888562585678,88.39087677001953
2016-07-21,88.39087114955483,88.39888000488281
2016-07-22,88.40689448169401,88.39087677001953
2016-07-25,88.39087114955483,88.39888000488281
2016-07-26,88.40689448169401,88.39087677001953
2016-07-27,88.39888964233403,88.40689849853516
2016-07-28,88.39888000488281,88.39888000488281
2016-07-29,88.40689135741655,88.4148941040039
2016-08-01,88.42289750590034,88.41488647460938
2016-08-02,88.4068754433184,88.41488647460938
2016-08-03,88.41488069700264,88.39886474609375
2016-08-04,88.39890849227318,88.42293548583984
2016-08-05,88.41490953191528,88.40689849853516
2016-08-08,88.4068927251058,88.39087677001953
2016-08-09,88.39889357578309,88.40689849853516
2016-08-10,88.41488647460938,88.41488647460938
2016-08-11,88.40691341637601,88.42293548583984
2016-08-12,88.42289750590034,88.41488647460938
2016-08-15,88.41492445110794,88.42293548583984
2016-08-16,88.41492445110794,88.42293548583984
2016-08-17,88.42292056529541,88.40689849853516
2016-08-18,88.42291242927105,88.43092346191406
2016-08-19,88.42291242927105,88.43092346191406
2016-08-22,88.43092346191406,88.43092346191406
2016-08-23,88.42289750590034,88.41488647460938
2016-08-24,88.41488647460938,88.41488647460938
2016-08-25,88.41488647460938,88.41488647460938
2016-08-26,88.41488647460938,88.41488647460938
2016-08-29,88.43094652057177,88.42293548583984
2016-08-30,88.4068754433184,88.41488647460938
2016-08-31,88.41488647460938,88.41488647460938
2016-09-01,88.43329014360808,88.40925598144531
2016-09-02,88.40928143254965,88.4012680053711
2016-09-06,88.40125368031855,88.44131469726562
2016-09-07,88.441306077101,88.42528533935547
2016-09-08,88.43331047486107,88.41728973388672
2016-09-09,88.4172719142565,88.42528533935547
2016-09-12,88.40925598144531,88.40925598144531
2016-09-13,88.39325556619838,88.41728973388672
2016-09-14,88.40928143254965,88.4012680053711
2016-09-15,88.41726940631698,88.40925598144531
2016-09-16,88.4173212332986,88.43334197998047
2016-09-19,88.43329265200204,88.42528533935547
2016-09-20,88.44133245898614,88.45735931396484
2016-09-21,88.44934588647548,88.45735931396484
2016-09-22,88.44133245898614,88.45735931396484
2016-09-23,88.47338610809534,88.48139953613281
2016-09-26,88.48137000879633,88.49739074707031
2016-09-27,88.48940079901382,88.45735931396484
2016-09-28,88.46532283651256,88.4893569946289
2016-09-29,88.4333250803626,88.48139953613281
2016-09-30,88.481379209888,88.4733657836914
2016-10-03,88.4437000244303,88.43568420410156
2016-10-04,88.43568420410156,88.43568420410156
2016-10-05,88.42771301941973,88.45977020263672
2016-10-06,88.46774137113705,88.43568420410156
2016-10-07,88.435708632215,88.46776580810547
2016-10-10,88.44373321533203,88.44373321533203
2016-10-11,88.435708632215,88.46776580810547
2016-10-12,88.48380888901798,88.45175170898438
2016-10-13,88.49181746382274,88.47579193115234
2016-10-14,88.45175057500583,88.47579193115234
2016-10-17,88.45976028420012,88.47579193115234
2016-10-18,88.46776580810547,88.46776580810547
2016-10-19,88.4757869723833,88.48380279541016
2016-10-20,88.4677860270116,88.45977020263672
2016-10-21,88.46777610767623,88.47579193115234
2016-10-24,88.48380279541016,88.48380279541016
2016-10-25,88.48380279541016,88.48380279541016
2016-10-26,88.46777114935645,88.48380279541016
2016-10-27,88.48379745319126,88.46776580810547
2016-10-28,88.4597553263296,88.48380279541016
2016-10-31,88.49181899974218,88.50785064697266
2016-11-01,88.48859416993557,88.50463104248047
2016-11-02,88.48060462129968,88.48861694335938
2016-11-03,88.48859416993557,88.50463104248047
2016-11-04,88.50460821374502,88.51262664794922
2016-11-07,88.50464764676144,88.48059844970703
2016-11-08,88.47255572897993,88.4966049194336
2016-11-09,88.4966049194336,88.4966049194336
2016-11-10,88.48059968400703,88.44051361083984
2016-11-11,88.45652153585287,88.4485092163086
2016-11-14,88.47255840749034,88.4485092163086
2016-11-15,88.45652153585287,88.4485092163086
2016-11-16,88.44048932546714,88.4565200805664
2016-11-17,88.44851550437414,88.47256469726562
2016-11-18,88.44850776115395,88.4565200805664
2016-11-21,88.45654302463569,88.46456146240234
2016-11-22,88.45652153585287,88.4485092163086
2016-11-23,88.47255840749034,88.4485092163086
2016-11-25,88.44853081487584,88.48059844970703
2016-11-28,88.45654313637668,88.48059844970703
2016-11-29,88.4966138901571,88.47256469726562
2016-11-30,88.48057684330908,88.4485092163086
2016-12-01,88.49420606624885,88.46212768554688
2016-12-02,88.49422454833984,88.49422454833984
2016-12-05,88.49420606624885,88.46212768554688
2016-12-06,88.47016728737036,88.49422454833984
2016-12-07,88.47820460423885,88.45414733886719
2016-12-08,88.47018347633899,88.45414733886719
2016-12-09,88.47816993506062,88.46212768554688
2016-12-12,88.46212768554688,88.46212768554688
2016-12-13,88.46212768554688,88.46212768554688
2016-12-14,88.47018347633899,88.45414733886719
2016-12-15,88.47817993164062,88.47817993164062
2016-12-16,88.48619316159363,88.50223541259766
2016-12-19,88.55038894469087,88.518310546875
2016-12-20,88.51029553616762,88.518310546875
2016-12-21,88.5102547611987,88.52629089355469
2016-12-22,88.5343583167016,88.518310546875
2016-12-23,88.518310546875,88.518310546875
2016-12-27,88.518310546875,88.518310546875
2016-12-28,88.51026153564453,88.51026153564453
2016-12-29,88.51024313106561,88.52629089355469
2016-12-30,88.52633137040527,88.518310546875
2017-01-03,88.51026437238664,88.54236602783203
2017-01-04,88.51827688227266,88.5343246459961
2017-01-05,88.52629089355469,88.52629089355469
2017-01-06,88.51824322987223,88.55033874511719
2017-01-09,88.54237731240603,88.56645202636719
2017-01-10,88.53431305253321,88.55838775634766
2017-01-11,88.55838775634766,88.55838775634766
2017-01-12,88.55039813521608,88.56645202636719
2017-01-13,88.55039813521608,88.56645202636719
2017-01-17,88.55838775634766,88.55838775634766
2017-01-18,88.55842508079164,88.56645202636719
2017-01-19,88.55841663040032,88.57447052001953
2017-01-20,88.58249134206422,88.57447052001953
2017-01-23,88.55838379335664,88.58245849609375
2017-01-24,88.58249979475278,88.56645202636719
2017-01-25,88.56641469854011,88.55838775634766
2017-01-26,88.56641073518989,88.58245849609375
2017-01-27,88.56645202636719,88.56645202636719
2017-01-30,88.56644357520992,88.57447052001953
2017-01-31,88.59052674032833,88.56645202636719
2017-02-01,88.5584108099501,88.57447052001953
2017-02-02,88.57443610191449,88.56640625
2017-02-03,88.56640491748871,88.58245849609375
2017-02-06,88.58251969205631,88.59857940673828
2017-02-07,88.59852210068239,88.59049224853516
2017-02-08,88.59855278667321,88.60658264160156
2017-02-09,88.59851819968111,88.58245849609375
2017-02-10,88.58251969205631,88.59857940673828
2017-02-13,88.5905495493973,88.59857940673828
2017-02-14,88.58249425006947,88.57447052001953
2017-02-15,88.57443866922327,88.59049224853516
2017-02-16,88.58245849609375,88.58245849609375
2017-02-17,88.5905495493973,88.59857940673828
2017-02-21,88.59855278667321,88.60658264160156
2017-02-22,88.59857940673828,88.59857940673828
2017-02-23,88.60660926407927,88.59857940673828
2017-02-24,88.63061896198751,88.62258911132812
2017-02-27,88.63063795183,88.61457824707031
2017-02-28,88.61460637154524,88.60658264160156
2017-03-01,88.58565381364816,88.56958770751953
2017-03-02,88.56962515851181,88.56159210205078
2017-03-03,88.56958840683319,88.57762145996094
2017-03-06,88.55356517301648,88.56159210205078
2017-03-07,88.57765821497284,88.56159210205078
2017-03-08,88.53748401995588,88.52945709228516
2017-03-09,88.52945628773425,88.53748321533203
2017-03-10,88.54549467575073,88.56958770751953
2017-03-13,88.56159221207778,88.5455322265625
2017-03-14,88.5455322265625,88.5455322265625
2017-03-15,88.5535284280019,88.57762145996094
2017-03-16,88.56958770751953,88.56958770751953
2017-03-17,88.58565381364816,88.56958770751953
2017-03-20,88.56958840683319,88.57762145996094
2017-03-21,88.56155535370544,88.57762145996094
2017-03-22,88.59368143879222,88.57762145996094
2017-03-23,88.59368143879222,88.57762145996094
2017-03-24,88.57762076058384,88.56958770751953
2017-03-27,88.56962515851181,88.56159210205078
2017-03-28,88.56958770751953,88.56958770751953
2017-03-29,88.58569255327143,88.59371948242188
2017-03-30,88.57767544700887,88.60176849365234
2017-03-31,88.60977855244461,88.61780548095703
2017-04-03,88.59932708740234,88.59932708740234
2017-04-04,88.60736779357595,88.59130096435547
2017-04-05,88.59130301643921,88.56719970703125
2017-04-06,88.59933131394678,88.59130096435547
2017-04-07,88.61540700138235,88.58326721191406
2017-04-10,88.58326025894831,88.59932708740234
2017-04-11,88.59932708740234,88.59932708740234
2017-04-12,88.61535916840974,88.6073226928711
2017-04-13,88.60735538771858,88.62342834472656
2017-04-17,88.62339564394837,88.6073226928711
2017-04-18,88.61535916840974,88.6073226928711
2017-04-19,88.60735538771858,88.62342834472656
2017-04-20,88.6073226928711,88.6073226928711
2017-04-21,88.60731997002081,88.6153564453125
2017-04-24,88.61538764156843,88.63145446777344
2017-04-25,88.61539186622258,88.62342834472656
2017-04-26,88.6153564453125,88.6153564453125
2017-04-27,88.61539186622258,88.62342834472656
2017-04-28,88.639459741153,88.6153564453125
2017-05-01,88.65637645037431,88.62422180175781
2017-05-02,88.62422061518639,88.61618041992188
2017-05-03,88.63229809432929,88.60014343261719
2017-05-04,88.61621125024617,88.6081771850586
2017-05-05,88.61618041992188,88.61618041992188
2017-05-08,88.6322608104509,88.61618041992188
2017-05-09,88.61618041992188,88.61618041992188
2017-05-10,88.61621125024617,88.6081771850586
2017-05-11,88.61619804865487,88.63227844238281
2017-05-12,88.63227844238281,88.63227844238281
2017-05-15,88.64836765183306,88.64032745361328
2017-05-16,88.64836765183306,88.64032745361328
2017-05-17,88.66442108154297,88.66442108154297
2017-05-18,88.65637969970703,88.65637969970703
2017-05-19,88.65638088576857,88.66442108154297
2017-05-22,88.66442108154297,88.66442108154297
2017-05-23,88.66441989537387,88.65637969970703
2017-05-24,88.65638088576857,88.66442108154297
2017-05-25,88.66442108154297,88.66442108154297
2017-05-26,88.66442108154297,88.66442108154297
2017-05-30,88.67245395816835,88.65637969970703
2017-05-31,88.67245514444492,88.66442108154297
2017-06-01,88.66119095039726,88.66923522949219
2017-06-02,88.66929659498734,88.68537902832031
2017-06-05,88.68532238425944,88.67728424072266
2017-06-06,88.68531765169496,88.66923522949219
2017-06-07,88.67728424072266,88.67728424072266
2017-06-08,88.66923996119846,88.67728424072266
2017-06-09,88.66923522949219,88.66923522949219
2017-06-12,88.66119384765625,88.66119384765625
2017-06-13,88.66923267439753,88.693359375
2017-06-14,88.68531509613688,88.693359375
2017-06-15,88.70140365386314,88.693359375
2017-06-16,88.69338699304605,88.70143127441406
2017-06-19,88.69338699304605,88.70143127441406
2017-06-20,88.70947555578209,88.70143127441406
2017-06-21,88.70143127441406,88.70143127441406
2017-06-22,88.70145449531215,88.71753692626953
2017-06-23,88.72555541992188,88.72555541992188
2017-06-26,88.71750317128061,88.70946502685547
2017-06-27,88.71750317128061,88.70946502685547
2017-06-28,88.70145449531215,88.71753692626953
2017-06-29,88.70947299363917,88.72555541992188
2017-06-30,88.71750824001212,88.73359680175781
2017-07-03,88.72633361816406,88.72633361816406
2017-07-05,88.71023616017594,88.72633361816406
2017-07-06,88.73439844862166,88.75049591064453
2017-07-07,88.75049563040008,88.74244689941406
2017-07-10,88.74244717963309,88.75049591064453
2017-07-11,88.75855134086993,88.76659393310547
2017-07-12,88.76659421269166,88.77464294433594
2017-07-13,88.7746426647244,88.76659393310547
2017-07-14,88.76660853674655,88.7907485961914
2017-07-17,88.78270600263272,88.7907485961914
2017-07-18,88.78267669677734,88.78267669677734
2017-07-19,88.78267669677734,88.78267669677734
2017-07-20,88.79879732913449,88.7907485961914
2017-07-21,88.7987680179676,88.78267669677734
2017-07-24,88.78270600263272,88.7907485961914
2017-07-25,88.79072728693585,88.75049591064453
2017-07-26,88.76660853674655,88.7907485961914
2017-07-27,88.78270600263272,88.7907485961914
2017-07-28,88.7827065590562,88.80684661865234
2017-07-31,88.79074821946739,88.82293701171875
2017-08-01,88.81246948242188,88.81246948242188
2017-08-02,88.81245575823922,88.82050323486328
2017-08-03,88.81245417105441,88.83660888671875
2017-08-04,88.83661349549816,88.82855987548828
2017-08-07,88.83661349549816,88.82855987548828
2017-08-08,88.84468078613281,88.84468078613281
2017-08-09,88.83662420225052,88.81246948242188
2017-08-10,88.82050323486328,88.82050323486328
2017-08-11,88.82050164753464,88.83660888671875
2017-08-14,88.83665158173638,88.85275268554688
2017-08-15,88.85275268554688,88.85275268554688
2017-08-16,88.85270532269583,88.86881256103516
2017-08-17,88.86884005964997,88.86078643798828
2017-08-18,88.86078336079682,88.87688446044922
2017-08-21,88.87688446044922,88.87688446044922
2017-08-22,88.88494115985995,88.86078643798828
2017-08-23,88.8688369821796,88.87688446044922
2017-08-24,88.86078336079682,88.87688446044922
2017-08-25,88.86882474484989,88.88492584228516
2017-08-28,88.88492584228516,88.88492584228516
2017-08-29,88.8849212336594,88.89297485351562
2017-08-30,88.87687063375098,88.90103149414062
2017-08-31,88.89297946255897,88.88492584228516
2017-09-01,88.8801155608338,88.87206268310547
2017-09-05,88.87205018596457,88.9042739868164
2017-09-06,88.8801155608338,88.87206268310547
2017-09-07,88.90425634642143,88.91231536865234
2017-09-08,88.92039203447638,88.9042739868164
2017-09-11,88.90425396524724,88.92037200927734
2017-09-12,88.91230635360319,88.89619445800781
2017-09-13,88.91230635360319,88.89619445800781
2017-09-14,88.8881620863905,88.9042739868164
2017-09-15,88.88814444919244,88.91231536865234
2017-09-18,88.88817596435547,88.88817596435547
2017-09-19,88.9042878672969,88.88817596435547
2017-09-20,88.91231536865234,88.91231536865234
2017-09-21,88.90425634642143,88.91231536865234
2017-09-22,88.92037200927734,88.92037200927734
2017-09-25,88.91231536865234,88.91231536865234
2017-09-26,88.9203657654667,88.93647766113281
2017-09-27,88.9364815244691,88.92842864990234
2017-09-28,88.92842478691587,88.93647766113281
2017-09-29,88.93650341239567,88.95262145996094
2017-10-02,88.95584869384766,88.95584869384766
2017-10-03,88.95584869384766,88.95584869384766
2017-10-04,88.94776153564453,88.94776153564453
2017-10-05,88.95585195311878,88.93972778320312
2017-10-06,88.94778679220332,88.93972778320312
2017-10-09,88.93165936390281,88.95584869384766
2017-10-10,88.95585195311878,88.93972778320312
2017-10-11,88.93970075220422,88.9638900756836
2017-10-12,88.97197723388672,88.97197723388672
2017-10-13,88.97197723388672,88.97197723388672
2017-10-16,88.97197723388672,88.97197723388672
2017-10-17,88.97197723388672,88.97197723388672
2017-10-18,88.96389356131507,88.98808288574219
2017-10-19,88.97192879770162,88.99612426757812
2017-10-20,88.99614804452244,88.98808288574219
2017-10-23,88.98003387451172,88.98003387451172
2017-10-24,88.98809903475558,88.98003387451172
2017-10-25,88.98810755591904,88.97197723388672
2017-10-26,88.98003387451172,88.98003387451172
2017-10-27,88.98004239490288,88.97197723388672
2017-10-30,88.98808288574219,88.98808288574219
2017-10-31,88.98808288574219,88.98808288574219
2017-11-01,88.99616225750833,88.98809051513672
2017-11-02,88.98002508671452,88.99616241455078
2017-11-03,88.99616241455078,88.99616241455078
2017-11-06,89.00423415693663,88.99616241455078
2017-11-07,88.99616225750833,88.98809051513672
2017-11-08,88.98809051513672,88.98809051513672
2017-11-09,88.98809067216492,88.99616241455078
2017-11-10,88.99616241455078,88.99616241455078
2017-11-13,89.00424194335938,89.00424194335938
2017-11-14,89.00424194335938,89.00424194335938
2017-11-15,89.0123291015625,89.0123291015625
2017-11-16,89.0123058993225,88.99616241455078
2017-11-17,88.98809845717537,89.00424194335938
2017-11-20,89.00424194335938,89.00424194335938
2017-11-21,89.00425735707263,89.0123291015625
2017-11-22,88.99614615880921,89.02035522460938
2017-11-24,89.01232031115254,89.02845764160156
2017-11-27,89.02036316956824,89.03650665283203
2017-11-28,89.02843491120014,89.03650665283203
2017-11-29,89.02843491120014,89.03650665283203
2017-11-30,89.03650665283203,89.03650665283203
2017-12-01,89.03729360617957,89.04537200927734
2017-12-04,89.02922786819197,89.03730010986328
2017-12-05,89.0292213650979,89.04537200927734
2017-12-06,89.04537200927734,89.04537200927734
2017-12-07,89.0453655061836,89.0534439086914
2017-12-08,89.0534370657606,89.06958770751953
2017-12-11,89.06150930563248,89.06958770751953
2017-12-12,89.0615226534568,89.04537200927734
2017-12-13,89.0534439086914,89.0534439086914
2017-12-14,89.05347408245635,89.0615463256836
2017-12-15,89.0534370657606,89.06958770751953
2017-12-18,89.07767295419916,89.0534439086914
2017-12-19,89.06962473092858,89.0615463256836
2017-12-20,89.06958770751953,89.06958770751953
2017-12-21,89.07933044433594,89.07933044433594
2017-12-22,89.07125146065425,89.07933044433594
2017-12-26,89.07930956540571,89.08739471435547
2017-12-27,89.09550074602554,89.07933044433594
2017-12-28,89.07927599614543,89.11161041259766
2017-12-29,89.11161041259766,89.11161041259766
2018-01-02,89.1116327527416,89.10355377197266
2018-01-03,89.09546862404284,89.10355377197266
2018-01-04,89.10356395783234,89.1197280883789
2018-01-05,89.11164293952483,89.1197280883789
2018-01-08,89.1197280883789,89.1197280883789
2018-01-09,89.11164293952483,89.1197280883789
2018-01-10,89.11969555850055,89.11161041259766
2018-01-11,89.1197280883789,89.1197280883789
2018-01-12,89.11973772624812,89.12782287597656
2018-01-16,89.13591766357422,89.13591766357422
2018-01-17,89.1358662695153,89.14395141601562
2018-01-18,89.14396105623862,89.15204620361328
2018-01-19,89.16013135098795,89.15204620361328
2018-01-22,89.1520482142594,89.1601333618164
2018-01-23,89.16013135098795,89.15204620361328
2018-01-24,89.16013391017891,89.168212890625
2018-01-25,89.17633819580078,89.17633819580078
2018-01-26,89.18443298339844,89.18443298339844
2018-01-29,89.17634783127723,89.18443298339844
2018-01-30,89.18443298339844,89.18443298339844
2018-01-31,89.19248093858066,89.22481536865234
2018-02-01,89.20056599959013,89.18438720703125
2018-02-02,89.20054626464844,89.20054626464844
2018-02-05,89.24096980687932,89.22478485107422
2018-02-06,89.2086387455153,89.20054626464844
2018-02-07,89.19245378378157,89.20054626464844
2018-02-08,89.2005333137651,89.20862579345703
2018-02-09,89.19245378378157,89.20054626464844
2018-02-12,89.184367475669,89.20054626464844
2018-02-13,89.20056599959013,89.18438720703125
2018-02-14,89.20056599959013,89.18438720703125
2018-02-15,89.184367475669,89.20054626464844
2018-02-16,89.20867241686263,89.21675872802734
2018-02-20,89.2005333137651,89.20862579345703
2018-02-21,89.22478485107422,89.22478485107422
2018-02-22,89.22478485107422,89.22478485107422
2018-02-23,89.23290252685547,89.23290252685547
2018-02-26,89.24905611202985,89.22478485107422
2018-02-27,89.23290252685547,89.23290252685547
2018-02-28,89.2409950070432,89.23290252685547
2018-03-01,89.2523422241211,89.2523422241211
2018-03-02,89.25232466554887,89.24422454833984
2018-03-05,89.2604247827579,89.24422454833984
2018-03-06,89.2523422241211,89.2523422241211
2018-03-07,89.26856002029814,89.26045989990234
2018-03-08,89.2604500827614,89.28474426269531
2018-03-09,89.27664414319038,89.28474426269531
2018-03-12,89.28474426269531,89.28474426269531
2018-03-13,89.2928237915039,89.2928237915039
2018-03-14,89.29284438220024,89.28474426269531
2018-03-15,89.29284208429607,89.27664184570312
2018-03-16,89.30095672607422,89.30095672607422
2018-03-19,89.2928237915039,89.2928237915039
2018-03-20,89.2928237915039,89.2928237915039
2018-03-21,89.29284678855534,89.32524108886719
2018-03-22,89.32525708959676,89.30095672607422
2018-03-23,89.33332824707031,89.33332824707031
2018-03-26,89.32524108886719,89.32524108886719
2018-03-27,89.32526262729557,89.35765075683594
2018-03-28,89.34956893381027,89.34146881103516
2018-03-29,89.34141781926537,89.38191223144531
2018-04-02,89.37625885009766,89.37625885009766
2018-04-03,89.36815042817666,89.37625885009766
2018-04-04,89.38436889648438,89.38436889648438
2018-04-05,89.3843461901967,89.39244842529297
2018-04-06,89.40055684530154,89.39244842529297
2018-04-09,89.40867614746094,89.40867614746094
2018-04-10,89.40863637148976,89.40052795410156
2018-04-11,89.39245930547001,89.40867614746094
2018-04-12,89.41678456845639,89.40867614746094
2018-04-13,89.40867014400212,89.41677856445312
2018-04-16,89.41677856445312,89.41677856445312
2018-04-17,89.41677856445312,89.41677856445312
2018-04-18,89.41677856445312,89.41677856445312
2018-04-19,89.42488098144531,89.42488098144531
2018-04-20,89.43302154541016,89.43302154541016
2018-04-23,89.42491312202841,89.43302154541016
2018-04-24,89.43296213864498,89.44107055664062
2018-04-25,89.44107055664062,89.44107055664062
2018-04-26,89.44922637939453,89.44922637939453
2018-04-27,89.44919911382608,89.46541595458984
2018-04-30,89.45730753420796,89.46541595458984
2018-05-01,89.4759750366211,89.4759750366211
2018-05-02,89.45974629162494,89.4759750366211
2018-05-03,89.4759750366211,89.4759750366211
2018-05-04,89.47595875795639,89.4921875
2018-05-07,89.49217245142886,89.50028991699219
2018-05-08,89.50030496692833,89.4921875
2018-05-09,89.48406117767753,89.50028991699219
2018-05-10,89.50034352810941,89.50846099853516
2018-05-11,89.51658630371094,89.51658630371094
2018-05-14,89.5165784689609,89.50846099853516
2018-05-15,89.50842945980753,89.524658203125
2018-05-16,89.52469758303087,89.51658630371094
2018-05-17,89.53277608708423,89.5408935546875
2018-05-18,89.53277608708423,89.5408935546875
2018-05-21,89.54087808631814,89.53276062011719
2018-05-22,89.54898936070659,89.53276062011719
2018-05-23,89.54900401757757,89.56523895263672
2018-05-24,89.56523895263672,89.56523895263672
2018-05-25,89.58959197998047,89.58959197998047
2018-05-29,89.58959116552339,89.61393737792969
2018-05-30,89.61392313872688,89.59769439697266
2018-05-31,89.59770986335813,89.60582733154297
2018-06-01,89.61230700757393,89.60417938232422
2018-06-04,89.61228942871094,89.61228942871094
2018-06-05,89.6041618050556,89.61228942871094
2018-06-06,89.61228942871094,89.61228942871094
2018-06-07,89.61235576876527,89.6204833984375
2018-06-08,89.62860870361328,89.62860870361328
2018-06-11,89.63668823242188,89.63668823242188
2018-06-12,89.62856680632164,89.63668823242188
2018-06-13,89.64481585808403,89.63668823242188
2018-06-14,89.6529541015625,89.6529541015625
2018-06-15,89.66106414794922,89.66106414794922
2018-06-18,89.66106414794922,89.66106414794922
2018-06-19,89.66107476397903,89.67733001708984
2018-06-20,89.68545233466811,89.66919708251953
2018-06-21,89.69359356353756,89.70172119140625
2018-06-22,89.69359356353756,89.70172119140625
2018-06-25,89.70982360839844,89.70982360839844
2018-06-26,89.70983654560658,89.71796417236328
2018-06-27,89.70983279487322,89.72608184814453
2018-06-28,89.73421322631395,89.71796417236328
2018-06-29,89.73419720379609,89.74232482910156
2018-07-02,89.75128755783764,89.74314880371094
2018-07-03,89.73501948710498,89.75129699707031
2018-07-05,89.75943174042365,89.76757049560547
2018-07-06,89.7757092507873,89.76757049560547
2018-07-09,89.76757049560547,89.76757049560547
2018-07-10,89.7757092507873,89.76757049560547
2018-07-11,89.7838363647461,89.7838363647461
2018-07-12,89.79196166992188,89.79196166992188
2018-07-13,89.79196166992188,89.79196166992188
2018-07-16,89.80011749267578,89.80011749267578
2018-07-17,89.80011749267578,89.80011749267578
2018-07-18,89.80826568603516,89.80826568603516
2018-07-19,89.8245369897286,89.80826568603516
2018-07-20,89.83261508620308,89.81633758544922
2018-07-23,89.83267031055598,89.82453155517578
2018-07-24,89.82453155517578,89.82453155517578
2018-07-25,89.84074983399871,89.83261108398438
2018-07-26,89.84082832739246,89.84896087646484
2018-07-27,89.85707635569328,89.84080505371094
2018-07-30,89.86523839071506,89.84896087646484
2018-07-31,89.87333459307406,89.85706329345703
2018-08-01,89.86928832298666,89.86113739013672
2018-08-02,89.87744140625,89.87744140625
2018-08-03,89.87745740010828,89.89375305175781
2018-08-06,89.90192340175082,89.88562774658203
2018-08-07,89.90190398625325,89.89375305175781
2018-08-08,89.89375305175781,89.89375305175781
2018-08-09,89.9018756183695,89.91002655029297
2018-08-10,89.92635345458984,89.92635345458984
2018-08-13,89.92634093606341,89.9181900024414
2018-08-14,89.93447875976562,89.93447875976562
2018-08-15,89.9263278273318,89.93447875976562
2018-08-16,89.94264221191406,89.94264221191406
2018-08-17,89.94264294870314,89.95893859863281
2018-08-20,89.9588900863854,89.967041015625
2018-08-21,89.96709168091625,89.9752426147461
2018-08-22,89.97525372000572,89.9833984375
2018-08-23,89.99153826506493,89.9752426147461
2018-08-24,89.9833984375,89.9833984375
2018-08-27,89.99970030717175,89.9833984375
2018-08-28,89.99968230527583,89.99153137207031
2018-08-29,89.99153626117588,89.99968719482422
2018-08-30,90.00786590576172,90.00786590576172
2018-08-31,90.02414214534339,90.0159912109375
2018-09-04,90.02661895751953,90.02661895751953
2018-09-05,90.03475952148438,90.03475952148438
2018-09-06,90.05107143340831,90.04290771484375
2018-09-07,90.05108642578125,90.05108642578125
2018-09-10,90.0592269897461,90.0592269897461
2018-09-11,90.0429057800604,90.0592269897461
2018-09-12,90.05925723834152,90.06742095947266
2018-09-13,90.07555442652439,90.0592269897461
2018-09-14,90.06742095947266,90.06742095947266
2018-09-17,90.0673975375696,90.08372497558594
2018-09-18,90.08374050264185,90.07557678222656
2018-09-19,90.08374840173492,90.06742095947266
2018-09-20,90.08372497558594,90.08372497558594
2018-09-21,90.09191104646854,90.1000747680664
2018-09-24,90.09191104646854,90.1000747680664
2018-09-25,90.1000747680664,90.1000747680664
2018-09-26,90.1082150647041,90.11637878417969
2018-09-27,90.11636159154902,90.13268280029297
2018-09-28,90.13265964843669,90.14082336425781
2018-10-01,90.15065002441406,90.15065002441406
2018-10-02,90.1506498988347,90.1424789428711
2018-10-03,90.15885162353516,90.15885162353516
2018-10-04,90.15066983058811,90.17520141601562
2018-10-05,90.17520141601562,90.17520141601562
2018-10-08,90.18338775634766,90.18338775634766
2018-10-09,90.18338775634766,90.18338775634766
2018-10-10,90.18338775634766,90.18338775634766
2018-10-11,90.1833587557993,90.19153594970703
2018-10-12,90.19150707939838,90.20785522460938
2018-10-15,90.21603241589958,90.20785522460938
2018-10-16,90.21604919433594,90.21604919433594
2018-10-17,90.20787035714696,90.19969940185547
2018-10-18,90.21608286511615,90.24060821533203
2018-10-19,90.22426006097908,90.24060821533203
2018-10-22,90.24060821533203,90.24060821533203
2018-10-23,90.24060210156608,90.248779296875
2018-10-24,90.2569580078125,90.2569580078125
2018-10-25,90.27330017089844,90.27330017089844
2018-10-26,90.27330168679501,90.28147888183594
2018-10-29,90.28965607687685,90.28147888183594
2018-10-30,90.2814651401881,90.28964233398438
2018-10-31,90.28964245909107,90.29781341552734
2018-11-01,90.31094360351562,90.31094360351562
2018-11-02,90.3109558836359,90.30276489257812
2018-11-05,90.31913459345961,90.31094360351562
2018-11-06,90.31914687469366,90.30276489257812
2018-11-07,90.31914520263672,90.31914520263672
2018-11-08,90.33550102538636,90.32731628417969
2018-11-09,90.34368598367114,90.33549499511719
2018-11-12,90.36005699771331,90.36824798583984
2018-11-13,90.35185401874321,90.36003875732422
2018-11-14,90.36005699771331,90.36824798583984
2018-11-15,90.37645721435547,90.37645721435547
2018-11-16,90.39280540589536,90.3846206665039
2018-11-19,90.40103149414062,90.40103149414062
2018-11-20,90.40921020507812,90.40921020507812
2018-11-21,90.4255859358879,90.40921020507812
2018-11-23,90.42560112353007,90.43379211425781
2018-11-26,90.43379211425781,90.43379211425781
2018-11-27,90.43376457817256,90.44195556640625
2018-11-28,90.4419571662532,90.45014190673828
2018-11-29,90.45836639404297,90.45836639404297
2018-11-30,90.46652221679688,90.46652221679688
2018-12-03,90.45835175549085,90.47476196289062
2018-12-04,90.47476196289062,90.47476196289062
2018-12-06,90.49935150146484,90.49935150146484
2018-12-07,90.50753021240234,90.50753021240234
2018-12-10,90.51573944091797,90.51573944091797
2018-12-11,90.51572905328332,90.50753021240234
2018-12-12,90.5239486694336,90.5239486694336
2018-12-13,90.53217728226905,90.5403823852539
2018-12-14,90.54036988239305,90.54856872558594
2018-12-17,90.54853883735758,90.56494903564453
2018-12-18,90.57401275634766,90.57401275634766
2018-12-19,90.57399428980003,90.58221435546875
2018-12-20,90.59866333007812,90.59866333007812
2018-12-21,90.60686935073826,90.6150894165039
2018-12-24,90.6151002547371,90.60688018798828
2018-12-26,90.6151002547371,90.60688018798828
2018-12-27,90.63974441167656,90.64796447753906
2018-12-28,90.65620864232136,90.6644287109375
2018-12-31,90.65617827332844,90.64796447753906
2019-01-02,90.66442429184829,90.65620422363281
2019-01-03,90.67262253408414,90.68905639648438
2019-01-04,90.69728836444715,90.7137222290039
2019-01-07,90.7137222290039,90.7137222290039
2019-01-08,90.71372679814327,90.70551300048828
2019-01-09,90.71369185465956,90.69725799560547
2019-01-10,90.721923828125,90.721923828125
2019-01-11,90.73836823529375,90.74658203125
2019-01-14,90.74661696693875,90.75483703613281
2019-01-15,90.7466061282239,90.76304626464844
2019-01-16,90.7548020972795,90.74658203125
2019-01-17,90.77124786376953,90.77124786376953
2019-01-18,90.79589080810547,90.79589080810547
2019-01-22,90.78767395019531,90.78767395019531
2019-01-23,90.79589401603096,90.78767395019531
2019-01-24,90.8123442027062,90.82056427001953
2019-01-25,90.82056427001953,90.82056427001953
2019-01-28,90.82877806725864,90.82056427001953
2019-01-29,90.82056747971322,90.81234741210938
2019-01-30,90.82877791853997,90.83699798583984
2019-01-31,90.84521911476148,90.869873046875
2019-02-01,90.8764419555664,90.8764419555664
2019-02-04,90.8682063976253,90.8764419555664
2019-02-05,90.87646828737817,90.86823272705078
2019-02-06,90.88470114589117,90.89293670654297
2019-02-07,90.90118408203125,90.90118408203125
2019-02-08,90.92583046649747,90.91759490966797
2019-02-11,90.91759490966797,90.91759490966797
2019-02-12,90.92584288577642,90.90937805175781
2019-02-13,90.92583046649747,90.91759490966797
2019-02-14,90.94230651855469,90.94230651855469
2019-02-15,90.95053519473068,90.95877075195312
2019-02-19,90.95878256914901,90.9670181274414
2019-02-20,90.9670181274414,90.9670181274414
2019-02-21,90.99173736572266,90.99173736572266
2019-02-22,90.99996664382903,90.99173736572266
2019-02-25,90.99173736572266,90.99173736572266
2019-02-26,90.99996664382903,90.99173736572266
2019-02-27,91.00819815618853,91.01643371582031
2019-02-28,91.0246692754521,91.01643371582031
2019-03-01,91.02879333496094,91.02879333496094
2019-03-04,91.02880012757973,91.04530334472656
2019-03-05,91.03703308105469,91.03703308105469
2019-03-06,91.04529911202505,91.05355072021484
2019-03-07,91.06179386319833,91.0700454711914
2019-03-08,91.07831150105189,91.08656311035156
2019-03-11,91.08654868717753,91.0700454711914
2019-03-12,91.07831150105189,91.08656311035156
2019-03-13,91.09485202444633,91.10310363769531
2019-03-14,91.11135525094429,91.10310363769531
2019-03-15,91.11131832090749,91.12781524658203
2019-03-18,91.12782505244971,91.111328125
2019-03-19,91.13604736328125,91.13604736328125
2019-03-20,91.13605838842093,91.1443099975586
2019-03-21,91.15252685546875,91.15252685546875
2019-03-22,91.1690541849007,91.17729949951172
2019-03-25,91.18555110825602,91.17729949951172
2019-03-26,91.18553501380588,91.19378662109375
2019-03-27,91.20205009172246,91.185546875
2019-03-28,91.21028900146484,91.21028900146484
2019-03-29,91.21030002696291,91.21855163574219
2019-04-01,91.2350877552315,91.21855163574219
2019-04-02,91.23507778641401,91.24333953857422
2019-04-03,91.24335934339791,91.2268295288086
2019-04-04,91.25988989885276,91.26815795898438
2019-04-05,91.26815575524448,91.2598876953125
2019-04-08,91.26815121102844,91.27641296386719
2019-04-09,91.26815575524448,91.2598876953125
2019-04-10,91.2681991828589,91.28472900390625
2019-04-11,91.28469614256814,91.30949401855469
2019-04-12,91.30122595766497,91.30949401855469
2019-04-15,91.30120086669922,91.30120086669922
2019-04-16,91.30119764799633,91.31773376464844
2019-04-17,91.31775431118156,91.3425521850586
2019-04-18,91.33428955078125,91.33428955078125
2019-04-22,91.33428955078125,91.33428955078125
2019-04-23,91.33428955078125,91.33428955078125
2019-04-24,91.34253458939597,91.3673324584961
2019-04-25,91.36735975189643,91.38389587402344
2019-04-26,91.38388149643077,91.39214324951172
2019-04-29,91.39214324951172,91.39214324951172
2019-04-30,91.39214324951172,91.39214324951172
2019-05-01,91.39878194937435,91.40706634521484
2019-05-02,91.41535168395885,91.42362976074219
2019-05-03,91.42362976074219,91.42362976074219
2019-05-06,91.431884765625,91.431884765625
2019-05-07,91.42360912936765,91.44017791748047
2019-05-08,91.43189352342405,91.44017791748047
2019-05-09,91.44850252618636,91.4650650024414
2019-05-10,91.4650650024414,91.4650650024414
2019-05-13,91.46505831353039,91.48162078857422
2019-05-14,91.48163717124699,91.48992156982422
2019-05-15,91.48992156982422,91.48992156982422
2019-05-16,91.49816988936081,91.51473236083984
2019-05-17,91.50645428467139,91.51473236083984
2019-05-20,91.5147096537043,91.50643157958984
2019-05-21,91.514756374,91.52304077148438
2019-05-22,91.5230037528391,91.53128814697266
2019-05-23,91.54782980452708,91.55611419677734
2019-05-24,91.564453125,91.564453125
2019-05-28,91.564453125,91.564453125
2019-05-29,91.57273120304092,91.564453125
2019-05-30,91.58100240820811,91.58928680419922
2019-05-31,91.59757457784578,91.61414337158203
2019-06-03,91.63156721022054,91.64816284179688
2019-06-04,91.65645639317661,91.63985443115234
2019-06-05,91.66474894593553,91.67304992675781
2019-06-06,91.68963623046875,91.68963623046875
2019-06-07,91.71453897163869,91.69793701171875
2019-06-10,91.70625285170276,91.71455383300781
2019-06-11,91.70623779296875,91.70623779296875
2019-06-12,91.70625285170276,91.71455383300781
2019-06-13,91.7228448883429,91.75604248046875
2019-06-14,91.74774000357384,91.76433563232422
2019-06-17,91.75603465205266,91.76433563232422
2019-06-18,91.76433563232422,91.76433563232422
2019-06-19,91.76433563232422,91.76433563232422
2019-06-20,91.7974989209077,91.81409454345703
2019-06-21,91.80582427978516,91.80582427978516
2019-06-24,91.80582427978516,91.80582427978516
2019-06-25,91.81411892736752,91.80582427978516
2019-06-26,91.8224105834961,91.8224105834961
2019-06-27,91.83071730093722,91.8473129272461
2019-06-28,91.84733751307543,91.83074188232422
2019-07-01,91.83821868896484,91.83821868896484
2019-07-02,91.84650356444187,91.85482025146484
2019-07-03,91.86318710859605,91.87981414794922
2019-07-05,91.87144728173732,91.85482025146484
2019-07-08,91.8631648739499,91.87147521972656
2019-07-09,91.8631648739499,91.87147521972656
2019-07-10,91.87145103689527,91.8880844116211
2019-07-11,91.8880818318194,91.90470886230469
2019-07-12,91.90471144257319,91.8880844116211
2019-07-15,91.90472347268125,91.91304016113281
2019-07-16,91.91299567353974,91.8963623046875
2019-07-17,91.90472282438611,91.92135620117188
2019-07-18,91.93798000379388,91.94629669189453
2019-07-19,91.95457716130245,91.93795013427734
2019-07-22,91.95461971212008,91.96293640136719
2019-07-23,91.95462799072266,91.95462799072266
2019-07-24,91.95462799072266,91.95462799072266
2019-07-25,91.95461971212008,91.96293640136719
2019-07-26,91.96293575221785,91.97125244140625
2019-07-29,91.97125244140625,91.97125244140625
2019-07-30,91.97123653490621,91.97955322265625
2019-07-31,91.97955322265625,91.97955322265625
2019-08-01,91.98790892597755,92.02123260498047
2019-08-02,92.02122255763935,92.03788757324219
2019-08-05,92.0545654296875,92.0545654296875
2019-08-06,92.06285858154297,92.06285858154297
2019-08-07,92.07950712664389,92.07117462158203
2019-08-08,92.08785247802734,92.08785247802734
2019-08-09,92.09618377685547,92.09618377685547
2019-08-12,92.1045150756836,92.1045150756836
2019-08-13,92.10450992713056,92.09618377685547
2019-08-14,92.10449861063144,92.11283111572266
2019-08-15,92.13783785565185,92.15450286865234
2019-08-16,92.14616394042969,92.14616394042969
2019-08-19,92.16282259642904,92.14616394042969
2019-08-20,92.15452327376588,92.16284942626953
2019-08-21,92.16284942626953,92.16284942626953
2019-08-22,92.16284942626953,92.16284942626953
2019-08-23,92.17117067870399,92.18783569335938
2019-08-26,92.17950560324932,92.17117309570312
2019-08-27,92.17948150634766,92.17948150634766
2019-08-28,92.18781401171563,92.17948150634766
2019-08-29,92.18784846894131,92.19617462158203
2019-08-30,92.19616184484623,92.18783569335938
2019-09-03,92.2028405662918,92.211181640625
2019-09-04,92.21955020056588,92.22789764404297
2019-09-05,92.23621759808924,92.211181640625
2019-09-06,92.22788786751197,92.2362289428711
2019-09-09,92.23623872028628,92.22789764404297
2019-09-10,92.23621759808924,92.211181640625
2019-09-11,92.22789764404297,92.22789764404297
2019-09-12,92.24457638546332,92.2362289428711
2019-09-13,92.2362289428711,92.2362289428711
2019-09-16,92.2362289428711,92.2362289428711
2019-09-17,92.2362289428711,92.2362289428711
2019-09-18,92.23624331538439,92.24459075927734
2019-09-19,92.26128564706325,92.24459075927734
2019-09-20,92.26126187045267,92.25291442871094
2019-09-23,92.26128387451172,92.26128387451172
2019-09-24,92.2779702462726,92.26962280273438
2019-09-25,92.28630154364028,92.2779541015625
2019-09-26,92.30301754954422,92.29467010498047
2019-09-27,92.30299377441406,92.30299377441406
2019-09-30,92.31968688964844,92.31968688964844
2019-10-01,92.33140563964844,92.33140563964844
2019-10-02,92.35647553876375,92.36483764648438
2019-10-03,92.39828491210938,92.39828491210938
2019-10-04,92.41503722171691,92.43175506591797
2019-10-07,92.42338562011719,92.42338562011719
2019-10-08,92.42338562011719,92.42338562011719
2019-10-09,92.44010346183782,92.42338562011719
2019-10-10,92.44008452986729,92.45680236816406
2019-10-11,92.44011717722954,92.43175506591797
2019-10-14,92.44844055175781,92.44844055175781
2019-10-15,92.46515838895394,92.44844055175781
2019-10-16,92.46516418457031,92.46516418457031
2019-10-17,92.48187072696268,92.49858856201172
2019-10-18,92.49022645527792,92.49858856201172
2019-10-21,92.49862700278707,92.49026489257812
2019-10-22,92.49862700278707,92.49026489257812
2019-10-23,92.49862700278707,92.49026489257812
2019-10-24,92.50695066874552,92.49858856201172
2019-10-25,92.50696534555279,92.51532745361328
2019-10-28,92.51532745361328,92.51532745361328
2019-10-29,92.5236831832542,92.51532745361328
2019-10-30,92.5237045288086,92.5237045288086
2019-10-31,92.53202578769906,92.56546783447266
2019-11-01,92.5621109008789,92.5621109008789
2019-11-04,92.57049560546875,92.57049560546875
2019-11-05,92.55371856689453,92.55371856689453
2019-11-06,92.5621109008789,92.5621109008789
2019-11-07,92.57049560546875,92.57049560546875
2019-11-08,92.5872348393661,92.57886505126953
2019-11-11,92.57887178332562,92.57049560546875
2019-11-12,92.57051904384637,92.58726501464844
2019-11-13,92.57889522382406,92.58726501464844
2019-11-14,92.58728171431795,92.6124038696289
2019-11-15,92.6040340772949,92.6124038696289
2019-11-18,92.6124038696289,92.6124038696289
2019-11-19,92.6207651361649,92.60401916503906
2019-11-20,92.61238895602527,92.60401916503906
2019-11-21,92.62078005111738,92.6124038696289
2019-11-22,92.6207504272461,92.6207504272461
2019-11-25,92.62915802001953,92.62915802001953
2019-11-26,92.63753420166962,92.62915802001953
2019-11-27,92.63751220703125,92.63751220703125
2019-11-29,92.63753420166962,92.62915802001953
2019-12-02,92.63665771484375,92.63665771484375
2019-12-03,92.65342494411094,92.67019653320312
2019-12-04,92.6618423461914,92.6618423461914
2019-12-05,92.67858552721299,92.67019653320312
2019-12-06,92.68698120117188,92.68698120117188
2019-12-09,92.67859649658203,92.67859649658203
2019-12-10,92.68698549158482,92.67859649658203
2019-12-11,92.69536379685833,92.68698120117188
2019-12-12,92.71215915692328,92.69538116455078
2019-12-13,92.71216916941168,92.7205581665039
2019-12-16,92.7121810913086,92.7121810913086
2019-12-17,92.72055264403616,92.72893524169922
2019-12-18,92.72893524169922,92.72893524169922
2019-12-19,92.74573907262452,92.72893524169922
2019-12-20,92.74574279785156,92.74574279785156
2019-12-23,92.73733715716187,92.72893524169922
2019-12-24,92.74573199640302,92.7541275024414
2019-12-26,92.75413830486771,92.74574279785156
2019-12-27,92.75415606598946,92.76255798339844
2019-12-30,92.7709732055664,92.7709732055664
2019-12-31,92.77092993534994,92.78772735595703
2020-01-02,92.78775396608366,92.80455780029297
2020-01-03,92.80455780029297,92.80455780029297
2020-01-06,92.81291710881425,92.7961196899414
2020-01-07,92.80452411142718,92.81291961669922
2020-01-08,92.82132720947266,92.82132720947266
2020-01-09,92.82972912404136,92.82132720947266
2020-01-10,92.81291961669922,92.81291961669922
2020-01-13,92.82132720947266,92.82132720947266
2020-01-14,92.82132720947266,92.82132720947266
2020-01-15,92.82972400151355,92.83811950683594
2020-01-16,92.84655566336265,92.8549575805664
2020-01-17,92.8549575805664,92.8549575805664
2020-01-21,92.84654608187738,92.86334991455078
2020-01-22,92.86334991455078,92.86334991455078
2020-01-23,92.8801498413086,92.8801498413086
2020-01-24,92.88013263089218,92.88853454589844
2020-01-27,92.88853900265164,92.89693450927734
2020-01-28,92.89693450927734,92.89693450927734
2020-01-29,92.88855230700436,92.90534973144531
2020-01-30,92.90534014968344,92.91374206542969
2020-01-31,92.9221693711148,92.9305648803711
2020-02-03,92.92298995106687,92.93140411376953
2020-02-04,92.92293442134634,92.91452026367188
2020-02-05,92.92295837402344,92.92295837402344
2020-02-06,92.93134857902079,92.91452026367188
2020-02-07,92.92295287027484,92.93978118896484
2020-02-10,92.94818893018679,92.93978118896484
2020-02-11,92.93978104052978,92.94818878173828
2020-02-12,92.94818893018679,92.93978118896484
2020-02-13,92.95662689208984,92.95662689208984
2020-02-14,92.97342696747498,92.96501922607422
2020-02-18,92.96501922607422,92.96501922607422
2020-02-19,92.98184097835816,92.97342681884766
2020-02-20,92.98184097835816,92.97342681884766
2020-02-21,92.99025817667746,93.007080078125
2020-02-24,93.007080078125,93.007080078125
2020-02-25,93.02391800209877,93.0323257446289
2020-02-26,93.02391800209877,93.0323257446289
2020-02-27,93.05754181008703,93.0743637084961
2020-02-28,93.0996429213166,93.13329315185547
2020-03-02,93.17538724547032,93.16696166992188
2020-03-03,93.1669994527617,93.25123596191406
2020-03-04,93.2596494319883,93.28491973876953
2020-03-05,93.33546642609677,93.36915588378906
2020-03-06,93.39441680908203,93.39441680908203
2020-03-09,93.44495882287367,93.45338439941406
2020-03-10,93.40283203125,93.40283203125
2020-03-11,93.43651482790894,93.41967010498047
2020-03-12,93.4365234375,93.4365234375
2020-03-13,93.41968711149033,93.39441680908203
2020-03-16,93.46178512571693,93.41967010498047
2020-03-17,93.42810821533203,93.42810821533203
2020-03-18,93.42810123683788,93.52918243408203
2020-03-19,93.54602769742141,93.50390625
2020-03-20,93.48706741084061,93.52918243408203
2020-03-23,93.57971714316187,93.50390625
2020-03-24,93.50392466522631,93.5376205444336
2020-03-25,93.52076001823114,93.56288146972656
2020-03-26,93.57132132941301,93.54605102539062
2020-03-27,93.55447017550998,93.54605102539062
2020-03-30,93.57129134240847,93.52074432373047
2020-03-31,93.52074432373047,93.52074432373047
2020-04-01,93.55785897409106,93.54942321777344
2020-04-02,93.53255813973489,93.54942321777344
2020-04-03,93.55788891322125,93.51571655273438
2020-04-06,93.51573416126946,93.524169921875
2020-04-07,93.54942792499234,93.56629943847656
2020-04-08,93.56632467223838,93.51571655273438
2020-04-09,93.51569837049996,93.5325698852539
2020-04-13,93.54104144308609,93.524169921875
2020-04-14,93.54945257876102,93.54102325439453
2020-04-15,93.54100564263088,93.5325698852539
2020-04-16,93.5325874954293,93.54102325439453
2020-04-17,93.5325874954293,93.54102325439453
2020-04-20,93.54942321777344,93.54942321777344
2020-04-21,93.55785897409106,93.54942321777344
2020-04-22,93.55785897409106,93.54942321777344
2020-04-23,93.55787072278729,93.5325698852539
2020-04-24,93.53255813973489,93.54942321777344
2020-04-27,93.53260568248055,93.524169921875
2020-04-28,93.54099389605253,93.54942321777344
2020-04-29,93.54947076909163,93.524169921875
2020-04-30,93.52415173646405,93.54102325439453
2020-05-01,93.55032043388623,93.54187774658203
2020-05-04,93.54187469386461,93.53343200683594
2020-05-05,93.53343505927783,93.54187774658203
2020-05-06,93.53341488329622,93.52497863769531
2020-05-07,93.52497863769531,93.52497863769531
2020-05-08,93.53343200683594,93.53343200683594
2020-05-11,93.5418545136892,93.51653289794922
2020-05-12,93.51653595221227,93.52497863769531
2020-05-13,93.53341488329622,93.52497863769531
2020-05-14,93.54187469386461,93.53343200683594
2020-05-15,93.53343505927783,93.54187774658203
2020-05-18,93.53343505927783,93.54187774658203
2020-05-19,93.54187774658203,93.54187774658203
2020-05-20,93.54187774658203,93.54187774658203
2020-05-21,93.54187469386461,93.53343200683594
2020-05-22,93.54187774658203,93.54187774658203
2020-05-26,93.54187469386461,93.53343200683594
2020-05-27,93.53341488329622,93.52497863769531
2020-05-28,93.53343200683594,93.53343200683594
2020-05-29,93.53341182848189,93.51653289794922
2020-06-01,93.52580261230469,93.52580261230469
2020-06-02,93.51735451521779,93.52580261230469
2020-06-03,93.51737213134766,93.51737213134766
2020-06-04,93.52583785093057,93.50894165039062
2020-06-05,93.5173897506606,93.50894165039062
2020-06-08,93.50894165039062,93.50894165039062
2020-06-09,93.50894165039062,93.50894165039062
2020-06-10,93.48360379359312,93.50894165039062
2020-06-11,93.50890641813089,93.52580261230469
2020-06-12,93.52580261230469,93.52580261230469
2020-06-15,93.5173897506606,93.50894165039062
2020-06-16,93.5173897506606,93.50894165039062
2020-06-17,93.52583785093057,93.50894165039062
2020-06-18,93.51737213134766,93.51737213134766
2020-06-19,93.52582023002596,93.51737213134766
2020-06-22,93.51737213134766,93.51737213134766
2020-06-23,93.51735451521779,93.52580261230469
2020-06-24,93.51737213134766,93.51737213134766
2020-06-25,93.52582023002596,93.51737213134766
2020-06-26,93.52580261230469,93.52580261230469
2020-06-29,93.53426188469305,93.51737213134766
2020-06-30,93.52582958472291,93.53427124023438
2020-07-01,93.52582023002596,93.51737213134766
2020-07-02,93.51737213134766,93.51737213134766
2020-07-06,93.52580261230469,93.52580261230469
2020-07-07,93.52580261230469,93.52580261230469
2020-07-08,93.52582023002596,93.51737213134766
2020-07-09,93.51735451521779,93.52580261230469
2020-07-10,93.52580261230469,93.52580261230469
2020-07-13,93.52582958472291,93.53427124023438
2020-07-14,93.51738148519962,93.53427124023438
2020-07-15,93.53427124023438,93.53427124023438
2020-07-16,93.52580261230469,93.52580261230469
2020-07-17,93.52580261230469,93.52580261230469
2020-07-20,93.53427124023438,93.53427124023438
2020-07-21,93.53427124023438,93.53427124023438
2020-07-22,93.5342442653816,93.52580261230469
2020-07-23,93.52580261230469,93.52580261230469
2020-07-24,93.52580261230469,93.52580261230469
2020-07-27,93.52582958472291,93.53427124023438
2020-07-28,93.52582958472291,93.53427124023438
2020-07-29,93.52580261230469,93.52580261230469
2020-07-30,93.5342442653816,93.52580261230469
2020-07-31,93.53427124023438,93.53427124023438
2020-08-03,93.53934478759766,93.53934478759766
2020-08-04,93.5308954672589,93.53934478759766
2020-08-05,93.52244972718934,93.53089904785156
2020-08-06,93.53089904785156,93.53089904785156
2020-08-07,93.53089904785156,93.53089904785156
2020-08-10,93.53089904785156,93.53089904785156
2020-08-11,93.53934836851379,93.53089904785156
2020-08-12,93.5309026290912,93.52245330810547
2020-08-13,93.52245330810547,93.52245330810547
2020-08-14,93.52244972718934,93.53089904785156
2020-08-17,93.5308954672589,93.53934478759766
2020-08-18,93.53089904785156,93.53089904785156
2020-08-19,93.53934836851379,93.53089904785156
2020-08-20,93.53934836851379,93.53089904785156
2020-08-21,93.53089904785156,93.53089904785156
2020-08-24,93.53934836851379,93.53089904785156
2020-08-25,93.5309026290912,93.52245330810547
2020-08-26,93.5309026290912,93.52245330810547
2020-08-27,93.52244972718934,93.53089904785156
2020-08-28,93.53934478759766,93.53934478759766
2020-08-31,93.53934836851379,93.53089904785156
2020-09-01,93.53427588958957,93.52582550048828
2020-09-02,93.5258284802584,93.5342788696289
2020-09-03,93.53427588958957,93.52582550048828
2020-09-04,93.53427588958957,93.52582550048828
2020-09-08,93.52582550048828,93.52582550048828
2020-09-09,93.53427588958957,93.52582550048828
2020-09-10,93.53427588958957,93.52582550048828
2020-09-11,93.52582550048828,93.52582550048828
2020-09-14,93.53427588958957,93.52582550048828
2020-09-15,93.53427588958957,93.52582550048828
2020-09-16,93.52582550048828,93.52582550048828
2020-09-17,93.53427588958957,93.52582550048828
2020-09-18,93.53427588958957,93.52582550048828
2020-09-21,93.52582550048828,93.52582550048828
2020-09-22,93.52582550048828,93.52582550048828
2020-09-23,93.52582550048828,93.52582550048828
2020-09-24,93.53427588958957,93.52582550048828
2020-09-25,93.53427588958957,93.52582550048828
2020-09-28,93.52582550048828,93.52582550048828
2020-09-29,93.5258284802584,93.5342788696289
2020-09-30,93.52582550048828,93.52582550048828
2020-10-01,93.52837452207957,93.53681945800781
2020-10-02,93.52835845947266,93.52835845947266
2020-10-05,93.52835845947266,93.52835845947266
2020-10-06,93.52837452207957,93.53681945800781
2020-10-07,93.52835845947266,93.52835845947266
2020-10-08,93.53680339395056,93.52835845947266
2020-10-09,93.53680339395056,93.52835845947266
2020-10-12,93.51992313963535,93.53681945800781
2020-10-13,93.52837452207957,93.53681945800781
2020-10-14,93.53680140544351,93.51990509033203
2020-10-15,93.51990707847989,93.52835845947266
2020-10-16,93.53680339395056,93.52835845947266
2020-10-19,93.51990509033203,93.51990509033203
2020-10-20,93.52835647114514,93.51990509033203
2020-10-21,93.52835647114514,93.51990509033203
2020-10-22,93.52835647114514,93.51990509033203
2020-10-23,93.52835647114514,93.51990509033203
2020-10-26,93.52835647114514,93.51990509033203
2020-10-27,93.52835647114514,93.51990509033203
2020-10-28,93.52835647114514,93.51990509033203
2020-10-29,93.52835845947266,93.52835845947266
2020-10-30,93.52837452207957,93.53681945800781
2020-11-02,93.51738739013672,93.51738739013672
2020-11-03,93.52579643883733,93.53424835205078
2020-11-04,93.52583930722417,93.51738739013672
2020-11-05,93.52583312988281,93.52583312988281
2020-11-06,93.52583312988281,93.52583312988281
2020-11-09,93.51738739013672,93.51738739013672
2020-11-10,93.52583930722417,93.51738739013672
2020-11-11,93.52583312988281,93.52583312988281
2020-11-12,93.52583312988281,93.52583312988281
2020-11-13,93.52583312988281,93.52583312988281
2020-11-16,93.52583312988281,93.52583312988281
2020-11-17,93.52583312988281,93.52583312988281
2020-11-18,93.53428504641204,93.52583312988281
2020-11-19,93.53428504641204,93.52583312988281
2020-11-20,93.52583312988281,93.52583312988281
2020-11-23,93.52583312988281,93.52583312988281
2020-11-24,93.52583312988281,93.52583312988281
2020-11-25,93.53428504641204,93.52583312988281
2020-11-27,93.51734452562388,93.53424835205078
2020-11-30,93.52583930722417,93.51738739013672
2020-12-01,93.53598801188514,93.5190658569336
2020-12-02,93.52752370622262,93.5190658569336
2020-12-03,93.52752370622262,93.5190658569336
2020-12-04,93.53599879150129,93.52753448486328
2020-12-07,93.52753448486328,93.52753448486328
2020-12-08,93.5190658569336,93.5190658569336
2020-12-09,93.52753448486328,93.52753448486328
2020-12-10,93.52750829094741,93.53597259521484
2020-12-11,93.53599879150129,93.52753448486328
2020-12-14,93.53599879150129,93.52753448486328
2020-12-15,93.53598801188514,93.5190658569336
2020-12-16,93.52753448486328,93.52753448486328
2020-12-17,93.52753448486328,93.52753448486328
2020-12-18,93.52753448486328,93.52753448486328
2020-12-21,93.52753448486328,93.52753448486328
2020-12-22,93.53598801188514,93.5190658569336
2020-12-23,93.53599879150129,93.52753448486328
2020-12-24,93.52753448486328,93.52753448486328
2020-12-28,93.5190658569336,93.5190658569336
2020-12-29,93.52753448486328,93.52753448486328
2020-12-30,93.52753448486328,93.52753448486328
2020-12-31,93.52750829094741,93.53597259521484
2021-01-04,93.53599879150129,93.52753448486328
2021-01-05,93.52753448486328,93.52753448486328
2021-01-06,93.52750829094741,93.53597259521484
2021-01-07,93.52750829094741,93.53597259521484
2021-01-08,93.52753448486328,93.52753448486328
2021-01-11,93.52752370622262,93.5190658569336
2021-01-12,93.5190658569336,93.5190658569336
2021-01-13,93.5190658569336,93.5190658569336
2021-01-14,93.5190658569336,93.5190658569336
2021-01-15,93.52752370622262,93.5190658569336
2021-01-19,93.5190658569336,93.5190658569336
2021-01-20,93.52752370622262,93.5190658569336
2021-01-21,93.5190658569336,93.5190658569336
2021-01-22,93.5190658569336,93.5190658569336
2021-01-25,93.5190658569336,93.5190658569336
2021-01-26,93.53598801188514,93.5190658569336
2021-01-27,93.52753448486328,93.52753448486328
2021-01-28,93.52752370622262,93.5190658569336
2021-01-29,93.52753448486328,93.52753448486328
2021-02-01,93.52752370622262,93.5190658569336
2021-02-02,93.5190658569336,93.5190658569336
2021-02-03,93.52750829094741,93.53597259521484
2021-02-04,93.52753448486328,93.52753448486328
2021-02-05,93.53597259521484,93.53597259521484
2021-02-08,93.53599879150129,93.52753448486328
2021-02-09,93.52750829094741,93.53597259521484
2021-02-10,93.53597259521484,93.53597259521484
2021-02-11,93.52753448486328,93.52753448486328
2021-02-12,93.52753448486328,93.52753448486328
2021-02-16,93.52753448486328,93.52753448486328
2021-02-17,93.52753448486328,93.52753448486328
2021-02-18,93.52753448486328,93.52753448486328
2021-02-19,93.52753448486328,93.52753448486328
2021-02-22,93.52753448486328,93.52753448486328
2021-02-23,93.53599879150129,93.52753448486328
2021-02-24,93.53599879150129,93.52753448486328
2021-02-25,93.52752370622262,93.5190658569336
2021-02-26,93.51907663459953,93.52753448486328
2021-03-01,93.51907663459953,93.52753448486328
2021-03-02,93.5190658569336,93.5190658569336
2021-03-03,93.52753448486328,93.52753448486328
2021-03-04,93.5190658569336,93.5190658569336
2021-03-05,93.5190658569336,93.5190658569336
2021-03-08,93.5190658569336,93.5190658569336
2021-03-09,93.51907663459953,93.52753448486328
2021-03-10,93.5190658569336,93.5190658569336
2021-03-11,93.5190658569336,93.5190658569336
2021-03-12,93.52752370622262,93.5190658569336
2021-03-15,93.5190658569336,93.5190658569336
2021-03-16,93.5190658569336,93.5190658569336
2021-03-17,93.51907663459953,93.52753448486328
2021-03-18,93.52753448486328,93.52753448486328
2021-03-19,93.52753448486328,93.52753448486328
2021-03-22,93.52750829094741,93.53597259521484
2021-03-23,93.52753448486328,93.52753448486328
2021-03-24,93.52753448486328,93.52753448486328
2021-03-25,93.53599879150129,93.52753448486328
2021-03-26,93.52753448486328,93.52753448486328
2021-03-29,93.52753448486328,93.52753448486328
2021-03-30,93.52752370622262,93.5190658569336
2021-03-31,93.5190658569336,93.5190658569336
2021-04-01,93.5190658569336,93.5190658569336
2021-04-05,93.52752370622262,93.5190658569336
2021-04-06,93.51905044305242,93.53597259521484
2021-04-07,93.52753448486328,93.52753448486328
2021-04-08,93.53599879150129,93.52753448486328
2021-04-09,93.52750829094741,93.53597259521484
2021-04-12,93.52753448486328,93.52753448486328
2021-04-13,93.52753448486328,93.52753448486328
2021-04-14,93.51907663459953,93.52753448486328
2021-04-15,93.52752370622262,93.5190658569336
2021-04-16,93.5190658569336,93.5190658569336
2021-04-19,93.5190658569336,93.5190658569336
2021-04-20,93.5190658569336,93.5190658569336
2021-04-21,93.52752370622262,93.5190658569336
2021-04-22,93.52752370622262,93.5190658569336
2021-04-23,93.51907663459953,93.52753448486328
2021-04-26,93.5190658569336,93.5190658569336
2021-04-27,93.5190658569336,93.5190658569336
2021-04-28,93.5190658569336,93.5190658569336
2021-04-29,93.52752370622262,93.5190658569336
2021-04-30,93.5190658569336,93.5190658569336
2021-05-03,93.52752370622262,93.5190658569336
2021-05-04,93.51907663459953,93.52753448486328
2021-05-05,93.51907663459953,93.52753448486328
2021-05-06,93.51907663459953,93.52753448486328
2021-05-07,93.52753448486328,93.52753448486328
2021-05-10,93.5190658569336,93.5190658569336
2021-05-11,93.5190658569336,93.5190658569336
2021-05-12,93.5190658569336,93.5190658569336
2021-05-13,93.51907663459953,93.52753448486328
2021-05-14,93.5190658569336,93.5190658569336
2021-05-17,93.5190658569336,93.5190658569336
2021-05-18,93.52752370622262,93.5190658569336
2021-05-19,93.52752370622262,93.5190658569336
2021-05-20,93.5190658569336,93.5190658569336
2021-05-21,93.51907663459953,93.52753448486328
2021-05-24,93.51907663459953,93.52753448486328
2021-05-25,93.51907663459953,93.52753448486328
2021-05-26,93.51907663459953,93.52753448486328
2021-05-27,93.51907663459953,93.52753448486328
2021-05-28,93.5190658569336,93.5190658569336
2021-06-01,93.5190996847008,93.51063537597656
2021-06-02,93.5190658569336,93.5190658569336
2021-06-03,93.51063537597656,93.51063537597656
2021-06-04,93.51060155127108,93.5190658569336
2021-06-07,93.51063537597656,93.51063537597656
2021-06-08,93.51060155127108,93.5190658569336
2021-06-09,93.51057001569863,93.50210571289062
2021-06-10,93.5190996847008,93.51063537597656
2021-06-11,93.51057001569863,93.50210571289062
2021-06-14,93.50210571289062,93.50210571289062
2021-06-15,93.50217106725233,93.51063537597656
2021-06-16,93.51063537597656,93.51063537597656
2021-06-17,93.50217106725233,93.51063537597656
2021-06-18,93.51060501690682,93.49368286132812
2021-06-21,93.49364786645393,93.50210571289062
2021-06-22,93.5021407109306,93.49368286132812
2021-06-23,93.49364786645393,93.50210571289062
2021-06-24,93.49371321490393,93.51063537597656
2021-06-25,93.5021407109306,93.49368286132812
2021-06-28,93.50210571289062,93.50210571289062
2021-06-29,93.50210571289062,93.50210571289062
2021-06-30,93.49364786645393,93.50210571289062
2021-07-01,93.49364786645393,93.50210571289062
2021-07-02,93.49364786645393,93.50210571289062
2021-07-06,93.5021407109306,93.49368286132812
2021-07-07,93.50210571289062,93.50210571289062
2021-07-08,93.49364786645393,93.50210571289062
2021-07-09,93.49364786645393,93.50210571289062
2021-07-12,93.5021407109306,93.49368286132812
2021-07-13,93.49364786645393,93.50210571289062
2021-07-14,93.49364786645393,93.50210571289062
2021-07-15,93.5021407109306,93.49368286132812
2021-07-16,93.49368286132812,93.49368286132812
2021-07-19,93.49368286132812,93.49368286132812
2021-07-20,93.49364786645393,93.50210571289062
2021-07-21,93.49368286132812,93.49368286132812
2021-07-22,93.49368286132812,93.49368286132812
2021-07-23,93.49364786645393,93.50210571289062
2021-07-26,93.49368286132812,93.49368286132812
2021-07-27,93.5021407109306,93.49368286132812
2021-07-28,93.49364786645393,93.50210571289062
2021-07-29,93.50210571289062,93.50210571289062
2021-07-30,93.50210571289062,93.50210571289062
2021-08-02,93.49364786645393,93.50210571289062
2021-08-03,93.49364786645393,93.50210571289062
2021-08-04,93.5021407109306,93.49368286132812
2021-08-05,93.49368286132812,93.49368286132812
2021-08-06,93.49364786645393,93.50210571289062
2021-08-09,93.5021407109306,93.49368286132812
2021-08-10,93.49368286132812,93.49368286132812
2021-08-11,93.4937166894099,93.4852523803711
2021-08-12,93.4937166894099,93.4852523803711
2021-08-13,93.4852523803711,93.4852523803711
2021-08-16,93.4852523803711,93.4852523803711
2021-08-17,93.49368286132812,93.49368286132812
2021-08-18,93.4852523803711,93.4852523803711
2021-08-19,93.4852523803711,93.4852523803711
2021-08-20,93.49368286132812,93.49368286132812
2021-08-23,93.4852523803711,93.4852523803711
2021-08-24,93.4852523803711,93.4852523803711
2021-08-25,93.48521855535189,93.49368286132812
2021-08-26,93.4852523803711,93.4852523803711
2021-08-27,93.4937166894099,93.4852523803711
2021-08-30,93.4937166894099,93.4852523803711
2021-08-31,93.4852523803711,93.4852523803711
2021-09-01,93.4852523803711,93.4852523803711
2021-09-02,93.49368286132812,93.49368286132812
2021-09-03,93.4852523803711,93.4852523803711
2021-09-07,93.4852523803711,93.4852523803711
2021-09-08,93.48521855535189,93.49368286132812
2021-09-09,93.49368286132812,93.49368286132812
2021-09-10,93.4852523803711,93.4852523803711
2021-09-13,93.4852523803711,93.4852523803711
2021-09-14,93.4852523803711,93.4852523803711
2021-09-15,93.4852523803711,93.4852523803711
2021-09-16,93.47675424937567,93.49368286132812
2021-09-17,93.4852523803711,93.4852523803711
2021-09-20,93.4937166894099,93.4852523803711
2021-09-21,93.4852523803711,93.4852523803711
2021-09-22,93.4852523803711,93.4852523803711
2021-09-23,93.4767880713323,93.4852523803711
2021-09-24,93.47674560546875,93.47674560546875
2021-09-27,93.47674560546875,93.47674560546875
2021-09-28,93.47674560546875,93.47674560546875
2021-09-29,93.47674560546875,93.47674560546875
2021-09-30,93.4767880713323,93.4852523803711
2021-10-01,93.47674560546875,93.47674560546875
2021-10-04,93.48520558714318,93.46827697753906
2021-10-05,93.46828130027524,93.47674560546875
2021-10-06,93.46828130027524,93.47674560546875
2021-10-07,93.4767880713323,93.4852523803711
2021-10-08,93.4767880713323,93.4852523803711
2021-10-11,93.47674560546875,93.47674560546875
2021-10-12,93.4852523803711,93.4852523803711
2021-10-13,93.4767880713323,93.4852523803711
2021-10-14,93.4767880713323,93.4852523803711
2021-10-15,93.46827697753906,93.46827697753906
2021-10-18,93.47674128234112,93.46827697753906
2021-10-19,93.48520558714318,93.46827697753906
2021-10-20,93.46828130027524,93.47674560546875
2021-10-21,93.46827697753906,93.46827697753906
2021-10-22,93.47674560546875,93.47674560546875
2021-10-25,93.46827697753906,93.46827697753906
2021-10-26,93.46828130027524,93.47674560546875
2021-10-27,93.47674560546875,93.47674560546875
2021-10-28,93.46828130027524,93.47674560546875
2021-10-29,93.46829671740295,93.4598388671875
2021-11-01,93.4598388671875,93.4598388671875
2021-11-02,93.46827697753906,93.46827697753906
2021-11-03,93.46829671740295,93.4598388671875
2021-11-04,93.45982345145485,93.47674560546875
2021-11-05,93.45981912910985,93.46827697753906
2021-11-08,93.46829671740295,93.4598388671875
2021-11-09,93.46829671740295,93.4598388671875
2021-11-10,93.46829671740295,93.4598388671875
2021-11-11,93.46829671740295,93.4598388671875
2021-11-12,93.46827697753906,93.46827697753906
2021-11-15,93.46829671740295,93.4598388671875
2021-11-16,93.46829671740295,93.4598388671875
2021-11-17,93.46827697753906,93.46827697753906
2021-11-18,93.46828130027524,93.47674560546875
2021-11-19,93.46827697753906,93.46827697753906
2021-11-22,93.46829671740295,93.4598388671875
2021-11-23,93.45981912910985,93.46827697753906
2021-11-24,93.45981928528495,93.45135498046875
2021-11-26,93.45135498046875,93.45135498046875
2021-11-29,93.45137456059783,93.4598388671875
2021-11-30,93.45138464815017,93.41753387451172
2021-12-01,93.4428939819336,93.4428939819336
2021-12-02,93.45135498046875,93.45135498046875
2021-12-03,93.4428939819336,93.4428939819336
2021-12-06,93.43443613319099,93.4428939819336
2021-12-07,93.43443298339844,93.43443298339844
2021-12-08,93.42598724365234,93.42598724365234
2021-12-09,93.43443613319099,93.4428939819336
2021-12-10,93.44289083185592,93.43443298339844
2021-12-13,93.4428939819336,93.4428939819336
2021-12-14,93.43443613319099,93.4428939819336
2021-12-15,93.43443298339844,93.43443298339844
2021-12-16,93.43443282720919,93.45135498046875
2021-12-17,93.4428939819336,93.4428939819336
2021-12-20,93.45135513668627,93.43443298339844
2021-12-21,93.4428939819336,93.4428939819336
2021-12-22,93.43443613319099,93.4428939819336
2021-12-23,93.4428939819336,93.4428939819336
2021-12-27,93.43443613319099,93.4428939819336
2021-12-28,93.43443298339844,93.43443298339844
2021-12-29,93.4428939819336,93.4428939819336
2021-12-30,93.4428939819336,93.4428939819336
2021-12-31,93.4428939819336,93.4428939819336
2022-01-03,93.43445155016467,93.42598724365234
2022-01-04,93.42598724365234,93.42598724365234
2022-01-05,93.43443527351188,93.40904235839844
2022-01-06,93.41753387451172,93.41753387451172
2022-01-07,93.41752293714,93.42598724365234
2022-01-10,93.41752293714,93.42598724365234
2022-01-11,93.40904235839844,93.40904235839844
2022-01-12,93.40906956700837,93.41753387451172
2022-01-13,93.40906956700837,93.41753387451172
2022-01-14,93.40904683832824,93.40058898925781
2022-01-18,93.4090492884352,93.3582763671875
2022-01-19,93.38367131368224,93.39213562011719
2022-01-20,93.38366037837028,93.40058898925781
2022-01-21,93.39212468381405,93.40058898925781
2022-01-24,93.39213129823074,93.3836669921875
2022-01-25,93.39213129823074,93.3836669921875
2022-01-26,93.3836669921875,93.3836669921875
2022-01-27,93.37517995454404,93.3667221069336
2022-01-28,93.3836442585267,93.3667221069336
2022-01-31,93.37517995454404,93.3667221069336
2022-02-01,93.37519836425781,93.37519836425781
2022-02-02,93.37519836425781,93.37519836425781
2022-02-03,93.37520268614425,93.3836669921875
2022-02-04,93.35827204453169,93.34980773925781
2022-02-07,93.34134989035714,93.34980773925781
2022-02-08,93.34134989035714,93.34980773925781
2022-02-09,93.34134989035714,93.34980773925781
2022-02-10,93.31596721174515,93.29058074951172
2022-02-11,93.28211180768506,93.31595611572266
2022-02-14,93.29058074951172,93.29058074951172
2022-02-15,93.29903411865234,93.29903411865234
2022-02-16,93.30751037597656,93.30751037597656
2022-02-17,93.32443669430464,93.33290100097656
2022-02-18,93.32444101477867,93.34136962890625
2022-02-22,93.33287378906738,93.32440948486328
2022-02-23,93.3159723876327,93.33290100097656
2022-02-24,93.34982315794615,93.33290100097656
2022-02-25,93.33290532184246,93.34136962890625
2022-02-28,93.33290100097656,93.33290100097656
2022-03-01,93.3582763671875,93.3582763671875
2022-03-02,93.34982747959546,93.34136962890625
2022-03-03,93.34135421222943,93.3582763671875
2022-03-04,93.35829178665925,93.34136962890625
2022-03-07,93.34980773925781,93.34980773925781
2022-03-08,93.34982747959546,93.34136962890625
2022-03-09,93.33290532184246,93.34136962890625
2022-03-10,93.33290100097656,93.33290100097656
2022-03-11,93.32440948486328,93.32440948486328
2022-03-14,93.31596822589701,93.30751037597656
2022-03-15,93.31596822589701,93.30751037597656
2022-03-16,93.30749826689983,93.31595611572266
2022-03-17,93.31597670771488,93.34136962890625
2022-03-18,93.31594518065918,93.32440948486328
2022-03-21,93.30749842386255,93.29903411865234
2022-03-22,93.29903411865234,93.29903411865234
2022-03-23,93.29903411865234,93.29903411865234
2022-03-24,93.29058074951172,93.29058074951172
2022-03-25,93.29060049077846,93.28214263916016
2022-03-28,93.28213068874516,93.27366638183594
2022-03-29,93.27367833116658,93.28214263916016
2022-03-30,93.27365859348073,93.29058074951172
2022-03-31,93.29056981344213,93.29903411865234
2022-04-01,93.2719450794237,93.28041076660156
2022-04-04,93.28042308575682,93.27195739746094
2022-04-05,93.27196325971974,93.26350402832031
2022-04-06,93.2550048828125,93.2550048828125
2022-04-07,93.2719450794237,93.28041076660156
2022-04-08,93.27195739746094,93.27195739746094
2022-04-11,93.27196325971974,93.26350402832031
2022-04-12,93.27196327566148,93.28889465332031
2022-04-13,93.28043190305779,93.29736328125
2022-04-14,93.28887645377942,93.28041076660156
2022-04-18,93.2719450794237,93.28041076660156
2022-04-19,93.28042308575682,93.27195739746094
2022-04-20,93.26348584967312,93.28041076660156
2022-04-21,93.27192979696781,93.2550048828125
2022-04-22,93.24654388427734,93.24654388427734
2022-04-25,93.26347056860327,93.2550048828125
2022-04-26,93.26350402832031,93.26350402832031
2022-04-27,93.28042308575682,93.27195739746094
2022-04-28,93.26350402832031,93.26350402832031
2022-04-29,93.2634981665932,93.27195739746094
2022-05-02,93.26600606317763,93.25753784179688
2022-05-03,93.25755992089238,93.2406234741211
2022-05-04,93.2490696700107,93.2829360961914
2022-05-05,93.27448349195733,93.26602172851562
2022-05-06,93.27451404933355,93.29145050048828
2022-05-09,93.29141962318722,93.308349609375
2022-05-10,93.308349609375,93.308349609375
2022-05-11,93.29991226670212,93.29145050048828
2022-05-12,93.31681783214957,93.308349609375
2022-05-13,93.30836527189771,93.31683349609375
2022-05-16,93.30836527189771,93.31683349609375
2022-05-17,93.29141962318722,93.308349609375
2022-05-18,93.308349609375,93.308349609375
2022-05-19,93.3253173828125,93.3253173828125
2022-05-20,93.31684915719526,93.3253173828125
2022-05-23,93.3253173828125,93.3253173828125
2022-05-24,93.33377841845287,93.35917663574219
2022-05-25,93.35917663574219,93.35917663574219
2022-05-26,93.35916178067932,93.36763000488281
2022-05-27,93.36764486129313,93.35917663574219
2022-05-31,93.34223897680849,93.33377075195312
2022-06-01,93.35660733563653,93.32272338867188
2022-06-02,93.33119599108855,93.32272338867188
2022-06-03,93.33968353271484,93.33968353271484
2022-06-06,93.33119599108855,93.32272338867188
2022-06-07,93.31425724895726,93.32272338867188
2022-06-08,93.32275905066467,93.31429290771484
2022-06-09,93.32274013677275,93.30580139160156
2022-06-10,93.29734984203984,93.26346588134766
2022-06-13,93.22957544269093,93.18722534179688
2022-06-14,93.14485931396484,93.14485931396484
2022-06-15,93.15334138345908,93.18722534179688
2022-06-16,93.18722534179688,93.18722534179688
2022-06-17,93.19569148435313,93.18722534179688
2022-06-21,93.1956787109375,93.1956787109375
2022-06-22,93.20414187563541,93.22955322265625
2022-06-23,93.22956450510848,93.238037109375
2022-06-24,93.22108708211778,93.22955322265625
2022-06-27,93.22957178863527,93.17874908447266
2022-06-28,93.22109985351562,93.22109985351562
2022-06-29,93.22956450510848,93.238037109375
2022-06-30,93.2465271323539,93.26346588134766
2022-07-01,93.26938093849985,93.26090240478516
2022-07-05,93.2694091796875,93.2694091796875
2022-07-06,93.28633345273445,93.2778549194336
2022-07-07,93.26937638613272,93.2778549194336
2022-07-08,93.26090240478516,93.26090240478516
2022-07-11,93.2693790235324,93.24394989013672
2022-07-12,93.25243070030771,93.2354736328125
2022-07-13,93.24395025165832,93.21852111816406
2022-07-14,93.20156368965982,93.24394989013672
2022-07-15,93.25245666503906,93.25245666503906
2022-07-18,93.25242842367734,93.24394989013672
2022-07-19,93.25242842367734,93.24394989013672
2022-07-20,93.25245666503906,93.25245666503906
2022-07-21,93.26089785283185,93.2778549194336
2022-07-22,93.27784920634997,93.2947998046875
2022-07-25,93.29480551880931,93.2778549194336
2022-07-26,93.2947998046875,93.2947998046875
2022-07-27,93.29481051061596,93.311767578125
2022-07-28,93.32870255897303,93.3371810913086
2022-07-29,93.33719407390701,93.34567260742188
2022-08-01,93.32954406738281,93.32954406738281
2022-08-02,93.3465272329423,93.3210678100586
2022-08-03,93.33803731324534,93.34651947021484
2022-08-04,93.36349198840061,93.3550033569336
2022-08-05,93.3550140028313,93.33804321289062
2022-08-08,93.33804321289062,93.33804321289062
2022-08-09,93.33804321289062,93.33804321289062
2022-08-10,93.36351776123047,93.36351776123047
2022-08-11,93.3804931640625,93.3804931640625
2022-08-12,93.39743516422706,93.38894653320312
2022-08-15,93.38894653320312,93.38894653320312
2022-08-16,93.39745330810547,93.39745330810547
2022-08-17,93.40593546584887,93.39745330810547
2022-08-18,93.4313871253003,93.42290496826172
2022-08-19,93.42290669778485,93.43138885498047
2022-08-22,93.43138885498047,93.43138885498047
2022-08-23,93.43140699610984,93.43989562988281
2022-08-24,93.43987748710524,93.43138885498047
2022-08-25,93.45683762959304,93.44834899902344
2022-08-26,93.45684814453125,93.45684814453125
2022-08-29,93.44834899902344,93.44834899902344
2022-08-30,93.47383592310669,93.46534729003906
2022-08-31,93.45686513190131,93.46534729003906
2022-09-01,93.47468758300077,93.4661865234375
2022-09-02,93.47468758300077,93.4661865234375
2022-09-06,93.4747085571289,93.4747085571289
2022-09-07,93.4747085571289,93.4747085571289
2022-09-08,93.4832031341897,93.4747085571289
2022-09-09,93.4747085571289,93.4747085571289
2022-09-12,93.4832031341897,93.4747085571289
2022-09-13,93.44068528480358,93.4236831665039
2022-09-14,93.43218422565374,93.4236831665039
2022-09-15,93.44069863116485,93.43219757080078
2022-09-16,93.43218496900067,93.44918060302734
2022-09-19,93.44919320711978,93.43219757080078
2022-09-20,93.44068602821814,93.44918060302734
2022-09-21,93.45768166224481,93.44918060302734
2022-09-22,93.4661865234375,93.4661865234375
2022-09-23,93.46620749565814,93.4747085571289
2022-09-26,93.4747085571289,93.4747085571289
2022-09-27,93.49168321771879,93.4661865234375
2022-09-28,93.50870057078005,93.50020599365234
2022-09-29,93.51717948246797,93.52568054199219
2022-09-30,93.51717302296946,93.4916763305664
2022-10-03,93.52659179060495,93.51808166503906
2022-10-04,93.5351235134988,93.54364013671875
2022-10-05,93.54362266059772,93.55213928222656
2022-10-06,93.56914741827474,93.56063079833984
2022-10-07,93.56916809082031,93.56916809082031
2022-10-10,93.57769012451172,93.57769012451172
2022-10-11,93.56917350220269,93.57769012451172
2022-10-12,93.57769553540165,93.58621215820312
2022-10-13,93.58621215820312,93.58621215820312
2022-10-14,93.58621215820312,93.58621215820312
2022-10-17,93.59471687285037,93.57769012451172
2022-10-18,93.59469604492188,93.59469604492188
2022-10-19,93.59472228472482,93.58621215820312
2022-10-20,93.61173469951962,93.60321807861328
2022-10-21,93.61175201979353,93.6202621459961
2022-10-24,93.6287787684782,93.6202621459961
2022-10-25,93.62877433251126,93.63729095458984
2022-10-26,93.64582824707031,93.64582824707031
2022-10-27,93.66283416748047,93.66283416748047
2022-10-28,93.67136063849769,93.65432739257812
2022-10-31,93.67135094662501,93.63729095458984
2022-11-01,93.66459655761719,93.66459655761719
2022-11-02,93.67312545186246,93.66459655761719
2022-11-03,93.69871598022944,93.70724487304688
2022-11-04,93.70724676193265,93.71578216552734
2022-11-07,93.72433471679688,93.72433471679688
2022-11-08,93.7243431139634,93.73287200927734
2022-11-09,93.77551080586572,93.76697540283203
2022-11-10,93.80966186523438,93.80966186523438
2022-11-11,93.80111694335938,93.80111694335938
2022-11-14,93.80966683833238,93.7926025390625
2022-11-15,93.80968663915871,93.81822204589844
2022-11-16,93.81820755538064,93.82673645019531
2022-11-17,93.83525085449219,93.83525085449219
2022-11-18,93.84380340576172,93.84380340576172
2022-11-21,93.86086770529676,93.84380340576172
2022-11-22,93.8694076538086,93.8694076538086
2022-11-23,93.89500615956662,93.9035415649414
2022-11-25,93.90355108057669,93.9120864868164
2022-11-28,93.92060852050781,93.92060852050781
2022-11-29,93.93769913053691,93.94622802734375
2022-11-30,93.93768575924221,93.95475006103516
2022-12-01,93.98042966934247,94.006103515625
2022-12-02,93.98895487160362,93.99751281738281
2022-12-05,94.006103515625,94.006103515625
2022-12-06,94.01462015499119,94.02317810058594
2022-12-07,94.04030182903212,94.05741119384766
2022-12-08,94.07451313705467,94.09162902832031
2022-12-09,94.09162902832031,94.09162902832031
2022-12-12,94.10018697395313,94.09162902832031
2022-12-13,94.12588500976562,94.12588500976562
2022-12-14,94.12585988706032,94.11730194091797
2022-12-15,94.16279602050781,94.16279602050781
2022-12-16,94.17137978945902,94.17996215820312
2022-12-19,94.17996177537624,94.18853759765625
2022-12-20,94.19712899521426,94.2057113647461
2022-12-21,94.21425590641549,94.22283172607422
2022-12-22,94.24856708029814,94.26573181152344
2022-12-23,94.2657387383136,94.25715637207031
2022-12-27,94.2743211045569,94.25715637207031
2022-12-28,94.27433776855469,94.27433776855469
2022-12-29,94.31723855490559,94.32582092285156
2022-12-30,94.32581259179734,94.31723022460938
2023-01-03,94.33441162109375,94.33441162109375
2023-01-04,94.34297943115234,94.34297943115234
2023-01-05,94.35154794334395,94.3601303100586
2023-01-06,94.36013063129937,94.37728881835938
2023-01-09,94.38587188720703,94.38587188720703
2023-01-10,94.38587118510323,94.37728881835938
2023-01-11,94.38586458025397,94.40302276611328
2023-01-12,94.4459311833767,94.45451354980469
2023-01-13,94.46308936980519,94.45451354980469
2023-01-17,94.46309039391106,94.48025512695312
2023-01-18,94.48026345791752,94.48884582519531
2023-01-19,94.5231545095397,94.51457214355469
2023-01-20,94.51456483824428,94.53172302246094
2023-01-23,94.53172302246094,94.53172302246094
2023-01-24,94.54892660712974,94.54034423828125
2023-01-25,94.55748889024903,94.57465362548828
2023-01-26,94.60039520263672,94.60039520263672
2023-01-27,94.60897827148438,94.60897827148438
2023-01-30,94.6175308227539,94.6175308227539
2023-01-31,94.62614440917969,94.62614440917969
2023-02-01,94.65194702148438,94.65194702148438
2023-02-02,94.6863784790039,94.6863784790039
2023-02-03,94.68639671134216,94.66917419433594
2023-02-06,94.66917419433594,94.66917419433594
2023-02-07,94.68638377929965,94.67777252197266
2023-02-08,94.70361858326045,94.69500732421875
2023-02-09,94.72946166992188,94.72946166992188
2023-02-10,94.73807293040694,94.72946166992188
2023-02-13,94.74666722114435,94.7552719116211
2023-02-14,94.74666722114435,94.7552719116211
2023-02-15,94.74665429218759,94.76387023925781
2023-02-16,94.8069076538086,94.8069076538086
2023-02-17,94.81552124023438,94.81552124023438
2023-02-21,94.81552124023438,94.81552124023438
2023-02-22,94.83275074141923,94.84136199951172
2023-02-23,94.85859276541137,94.87580871582031
2023-02-24,94.87579578519299,94.88440704345703
2023-02-27,94.8930153289198,94.90162658691406
2023-02-28,94.91023127644304,94.90162658691406
2023-03-01,94.92754877022682,94.91891479492188
2023-03-02,94.95343267612537,94.96206665039062
2023-03-03,94.97069549560547,94.97069549560547
2023-03-06,94.97932434082031,94.97932434082031
2023-03-07,94.9793280131284,94.96206665039062
2023-03-08,94.97932947000315,94.97069549560547
2023-03-09,95.00522350651921,95.02249145507812
2023-03-10,95.03975560213713,95.0656509399414
2023-03-13,95.16059612723458,95.17786407470703
2023-03-14,95.13470208908834,95.12606811523438
2023-03-15,95.22965753355932,95.22102355957031
2023-03-16,95.25552851349696,95.21237182617188
2023-03-17,95.22101609326323,95.28144073486328
2023-03-20,95.27283227825026,95.26419830322266
2023-03-21,95.24691626735293,95.23828887939453
2023-03-22,95.24690997010872,95.27281188964844
2023-03-23,95.30736424251005,95.33325958251953
2023-03-24,95.36776745953111,95.34186553955078
2023-03-27,95.34186553955078,95.34186553955078
2023-03-28,95.35050201416016,95.35050201416016
2023-03-29,95.35914611816406,95.35914611816406
2023-03-30,95.37641143798828,95.37641143798828
2023-03-31,95.37639105143089,95.38502502441406
2023-04-03,95.38590767588332,95.37724304199219
2023-04-04,95.3945654651984,95.4118881225586
2023-04-05,95.47253182117639,95.4638671875
2023-04-06,95.48119645485279,95.4638671875
2023-04-10,95.4638582189965,95.4552001953125
2023-04-11,95.47251892089844,95.47251892089844
2023-04-12,95.49853146168327,95.48120880126953
2023-04-13,95.53314971923828,95.53314971923828
2023-04-14,95.53316891022928,95.5158462524414
2023-04-17,95.52450561523438,95.52450561523438
2023-04-18,95.53315207946893,95.54181671142578
2023-04-19,95.54181144273971,95.55047607421875
2023-04-20,95.5851411314106,95.60247039794922
2023-04-21,95.61113739013672,95.61113739013672
2023-04-24,95.61978912353516,95.61978912353516
2023-04-25,95.63713309524682,95.64579772949219
2023-04-26,95.65444946289062,95.65444946289062
2023-04-27,95.67179107666016,95.67179107666016
2023-04-28,95.67177715631006,95.68043518066406
2023-05-01,95.69609470358198,95.67001342773438
2023-05-02,95.68739472896317,95.69609069824219
2023-05-03,95.72214353749655,95.71344757080078
2023-05-04,95.74824832112591,95.76564025878906
2023-05-05,95.75695037841797,95.75695037841797
2023-05-08,95.75694428995749,95.76564025878906
2023-05-09,95.78302556337147,95.76564025878906
2023-05-10,95.79169618434841,95.8003921508789
2023-05-11,95.84387915464033,95.83518981933594
2023-05-12,95.8525751230251,95.83518981933594
2023-05-15,95.84388732910156,95.84388732910156
2023-05-16,95.85258329822801,95.84388732910156
2023-05-17,95.86126708984375,95.86126708984375
2023-05-18,95.88737487792969,95.88737487792969
2023-05-19,95.88737487792969,95.88737487792969
2023-05-22,95.89607084835629,95.88737487792969
2023-05-23,95.88736933190617,95.90475463867188
2023-05-24,95.91345060859551,95.90475463867188
2023-05-25,95.9569228985506,95.94822692871094
2023-05-26,95.96560668945312,95.96560668945312
2023-05-30,95.99169613817214,95.97430419921875
2023-05-31,95.99169158935547,95.99169158935547
2023-06-01,96.0545654296875,96.0545654296875
2023-06-02,96.04583288888816,96.06330108642578
2023-06-05,96.06330108642578,96.06330108642578
2023-06-06,96.08949886947195,96.08076477050781
2023-06-07,96.11568998953244,96.09822845458984
2023-06-08,96.15061343619675,96.15934753417969
2023-06-09,96.15934753417969,96.15934753417969
2023-06-12,96.16808474878519,96.17681884765625
2023-06-13,96.18554080457524,96.19427490234375
2023-06-14,96.21174465759692,96.20301055908203
2023-06-15,96.26413882602652,96.27287292480469
2023-06-16,96.2815933227539,96.2815933227539
2023-06-20,96.29905485566012,96.2815933227539
2023-06-21,96.29035949707031,96.29035949707031
2023-06-22,96.33400570589566,96.32527160644531
2023-06-23,96.333984375,96.333984375
2023-06-26,96.35143280029297,96.35143280029297
2023-06-27,96.36020053197073,96.36893463134766
2023-06-28,96.3689133024585,96.37764739990234
2023-06-29,96.40386044179476,96.39512634277344
2023-06-30,96.43006348719506,96.44752502441406
2023-07-03,96.44051361083984,96.44051361083984
2023-07-05,96.4580307006836,96.4580307006836
2023-07-06,96.49308239119713,96.51061248779297
2023-07-07,96.52814927271257,96.51061248779297
2023-07-10,96.5281753540039,96.5281753540039
2023-07-11,96.53694374883287,96.5281753540039
2023-07-12,96.56322701160977,96.55445861816406
2023-07-13,96.60707092285156,96.60707092285156
2023-07-14,96.6158218383789,96.6158218383789
2023-07-17,96.63338692609138,96.62461853027344
2023-07-18,96.64211589153489,96.63335418701172
2023-07-19,96.65967781895607,96.65090942382812
2023-07-20,96.68595664327727,96.6947250366211
2023-07-21,96.70349884033203,96.70349884033203
2023-07-24,96.72101814871552,96.71224975585938
2023-07-25,96.72980815484951,96.7210464477539
2023-07-26,96.73856353759766,96.73856353759766
2023-07-27,96.79116502295048,96.77362823486328
2023-07-28,96.7999267578125,96.7999267578125
2023-07-31,96.80869071280112,96.81745910644531
2023-08-01,96.83241271972656,96.83241271972656
2023-08-02,96.84123099213821,96.85003662109375
2023-08-03,96.8852310180664,96.8852310180664
2023-08-04,96.9116439819336,96.9116439819336
2023-08-07,96.92044289247272,96.9116439819336
2023-08-08,96.938065882237,96.92926025390625
2023-08-09,96.95568437645316,96.93807983398438
2023-08-10,96.99086220288267,96.98206329345703
2023-08-11,96.99971008300781,96.99971008300781
2023-08-14,97.00852744065821,97.01732635498047
2023-08-15,97.03490447998047,97.03490447998047
2023-08-16,97.03491080204671,97.04371643066406
2023-08-17,97.08772277832031,97.08772277832031
2023-08-18,97.10535561760913,97.09654998779297
2023-08-21,97.11413033179453,97.10533142089844
2023-08-22,97.12295532226562,97.12295532226562
2023-08-23,97.13178030922896,97.14057922363281
2023-08-24,97.16698865649904,97.1845932006836
2023-08-25,97.19339883113989,97.1845932006836
2023-08-28,97.19337463378906,97.19337463378906
2023-08-29,97.21098196913898,97.21978759765625
2023-08-30,97.22859191894531,97.22859191894531
2023-08-31,97.27260458907081,97.28141021728516
2023-09-01,97.30882263183594,97.30882263183594
2023-09-05,97.32650092563784,97.30882263183594
2023-09-06,97.33533482812147,97.32649230957031
2023-09-07,97.37071985740789,97.37956237792969
2023-09-08,97.38837432861328,97.38837432861328
2023-09-11,97.40608978271484,97.40608978271484
2023-09-12,97.41490173339844,97.41490173339844
2023-09-13,97.43258666992188,97.43258666992188
2023-09-14,97.46793360558632,97.47677612304688
2023-09-15,97.49449162972273,97.48564910888672
2023-09-18,97.50332641601562,97.50332641601562
2023-09-19,97.52100471141813,97.50332641601562
2023-09-20,97.5298462431895,97.52100372314453
2023-09-21,97.55635828641421,97.56520080566406
2023-09-22,97.57404233849837,97.58287811279297
2023-09-25,97.59174346923828,97.59174346923828
2023-09-26,97.6094131985534,97.60057067871094
2023-09-27,97.61824035644531,97.61824035644531
2023-09-28,97.6535949206968,97.66243743896484
2023-09-29,97.67127995723288,97.66243743896484
2023-10-02,97.69354176441136,97.68466186523438
2023-10-03,97.71126498245053,97.69351196289062
2023-10-04,97.71128225714654,97.72904205322266
2023-10-05,97.7734153301631,97.78229522705078
2023-10-06,97.79119873046875,97.79119873046875
2023-10-09,97.79118418920321,97.80006408691406
2023-10-10,97.80892944335938,97.80892944335938
2023-10-11,97.82666706540319,97.81778717041016
2023-10-12,97.86220536728155,97.87107849121094
2023-10-13,97.88883209228516,97.88883209228516
2023-10-16,97.89772033691406,97.89772033691406
2023-10-17,97.8977057965621,97.90658569335938
2023-10-18,97.92435383554262,97.91547393798828
2023-10-19,97.95098100232056,97.95985412597656
2023-10-20,97.98649597167969,97.98649597167969
2023-10-23,97.99537730417651,98.00425720214844
2023-10-24,98.01313781738281,98.01313781738281
2023-10-25,98.02201771541974,98.01313781738281
2023-10-26,98.05751181253551,98.07527160644531
2023-10-27,98.08415208388888,98.09302520751953
2023-10-30,98.09304881179325,98.1019287109375
2023-10-31,98.1019287109375,98.1019287109375
2023-11-01,98.12685504022485,98.13577270507812
2023-11-02,98.18037414550781,98.18037414550781
2023-11-03,98.1982051358486,98.20712280273438
2023-11-06,98.20712170731365,98.19820404052734
2023-11-07,98.22496032714844,98.22496032714844
2023-11-08,98.24278149698279,98.2338638305664
2023-11-09,98.27844891673908,98.26953125
2023-11-10,98.28736224026439,98.29627990722656
2023-11-13,98.30517578125,98.30517578125
2023-11-14,98.32302312608883,98.34085845947266
2023-11-15,98.34083584164574,98.34974670410156
2023-11-16,98.39434924019274,98.40326690673828
2023-11-17,98.41217803955078,98.41217803955078
2023-11-20,98.42109680175781,98.42109680175781
2023-11-21,98.44783892549678,98.45675659179688
2023-11-22,98.492431640625,98.492431640625
2023-11-24,98.50132751464844,98.50132751464844
2023-11-27,98.5191650390625,98.5191650390625
2023-11-28,98.52807753770753,98.54590606689453
2023-11-29,98.5548488115365,98.56376647949219
2023-11-30,98.59941101074219,98.59941101074219
2023-12-01,98.61287601209189,98.63078308105469
2023-12-04,98.64867405052578,98.63971710205078
2023-12-05,98.65760803222656,98.65760803222656
2023-12-06,98.675537109375,98.675537109375
2023-12-07,98.71136390911097,98.7203140258789
2023-12-08,98.72927097479705,98.7203140258789
2023-12-11,98.73822792371517,98.7203140258789
2023-12-12,98.73820412122949,98.74715423583984
2023-12-13,98.75611786261328,98.7829818725586
2023-12-14,98.83157348632812,98.83157348632812
2023-12-15,98.83160099769229,98.8405990600586
2023-12-18,98.84955296641897,98.85855102539062
2023-12-19,98.85855102539062,98.85855102539062
2023-12-20,98.88553619384766,98.88553619384766
2023-12-21,98.93951039230798,98.94850158691406
2023-12-22,98.95753178515552,98.9665298461914
2023-12-26,98.96650018774683,98.98448944091797
2023-12-27,98.98448944091797,98.98448944091797
2023-12-28,99.03848729111289,99.0474853515625
2023-12-29,99.05645837899199,99.07444763183594
2024-01-02,99.07447429034931,99.06548309326172
2024-01-03,99.0834456900116,99.07444763183594
2024-01-04,99.11944580078125,99.11944580078125
2024-01-05,99.12845611572266,99.12845611572266
2024-01-08,99.14643859863281,99.14643859863281
2024-01-09,99.16442408443719,99.15542602539062
2024-01-10,99.17343139648438,99.17343139648438
2024-01-11,99.23638153076172,99.23638153076172
2024-01-12,99.26338195800781,99.26338195800781
2024-01-16,99.27238001765973,99.26338195800781
2024-01-17,99.2723968973142,99.2813949584961
2024-01-18,99.3083724975586,99.3083724975586
2024-01-19,99.3353500366211,99.3353500366211
2024-01-22,99.35335540771484,99.35335540771484
2024-01-23,99.35335540771484,99.35335540771484
2024-01-24,99.37134089437913,99.36234283447266
2024-01-25,99.40732274119425,99.41632080078125
2024-01-26,99.42532348632812,99.42532348632812
2024-01-29,99.43428802490234,99.43428802490234
2024-01-30,99.46129522451547,99.44330596923828
2024-01-31,99.4703140258789,99.4703140258789
2024-02-01,99.53624725341797,99.53624725341797
2024-02-02,99.51819962163582,99.50916290283203
2024-02-05,99.52722519435427,99.5181884765625
2024-02-06,99.53625136847717,99.5452880859375
2024-02-07,99.56333923339844,99.56333923339844
2024-02-08,99.5994761626309,99.60851287841797
2024-02-09,99.6175765991211,99.6175765991211
2024-02-12,99.62657928466797,99.62657928466797
2024-02-13,99.62657941699761,99.60851287841797
2024-02-14,99.63564711929315,99.64468383789062
2024-02-15,99.6988754272461,99.6988754272461
2024-02-16,99.68983871000245,99.6988754272461
2024-02-20,99.71695709228516,99.71695709228516
2024-02-21,99.72598266601562,99.72598266601562
2024-02-22,99.77114456538528,99.7621078491211
2024-02-23,99.78019714355469,99.78019714355469
2024-02-26,99.78922696825948,99.78019714355469
2024-02-27,99.79825592041016,99.79825592041016
2024-02-28,99.80729675292969,99.80729675292969
2024-02-29,99.85245925497003,99.86149597167969
2024-03-01,99.88690185546875,99.88690185546875
2024-03-04,99.89598846435547,99.89598846435547
2024-03-05,99.91413879394531,99.91413879394531
2024-03-06,99.9322509765625,99.9322509765625
2024-03-07,99.9685287475586,99.9685287475586
2024-03-08,99.99576997455974,99.97762298583984
2024-03-11,99.99574493984224,99.9866714477539
2024-03-12,100.00483703613281,100.00483703613281
2024-03-13,100.01388549804688,100.01388549804688
2024-03-14,100.05926513671875,100.05926513671875
2024-03-15,100.06834197151294,100.0774154663086
2024-03-18,100.07740569310215,100.08647918701172
2024-03-19,100.08646870640816,100.09553527832031
2024-03-20,100.10461759988304,100.12276458740234
2024-03-21,100.15904998779297,100.15904998779297
2024-03-22,100.17719054443167,100.18626403808594
2024-03-25,100.19533061069242,100.18626403808594
2024-03-26,100.20439910888672,100.20439910888672
2024-03-27,100.25881743776918,100.26789093017578
2024-03-28,100.26790404546907,100.2769775390625
2024-04-01,100.28791046142578,100.28791046142578
2024-04-02,100.29702758789062,100.29702758789062
2024-04-03,100.3152350565164,100.30612182617188
2024-04-04,100.35167710447642,100.36990356445312
2024-04-05,100.3790054321289,100.3790054321289
2024-04-08,100.38813781738281,100.38813781738281
2024-04-09,100.39725494384766,100.39725494384766
2024-04-10,100.39725104870965,100.38813781738281
2024-04-11,100.42456444376873,100.43367767333984
2024-04-12,100.45192329053357,100.44281005859375
2024-04-15,100.46100226691829,100.45188903808594
2024-04-16,100.46104431152344,100.46104431152344
2024-04-17,100.479248046875,100.479248046875
2024-04-18,100.52481842041016,100.52481842041016
2024-04-19,100.53390129626098,100.54301452636719
2024-04-22,100.56126777354937,100.55215454101562
2024-04-23,100.57035827636719,100.57035827636719
2024-04-24,100.57945641137711,100.58856964111328
2024-04-25,100.62503425193243,100.61592102050781
2024-04-26,100.63414764404297,100.63414764404297
2024-04-29,100.64324188232422,100.64324188232422
2024-04-30,100.65235900878906,100.65235900878906
2024-05-01,100.68346405029297,100.68346405029297
2024-05-02,100.72005758221496,100.72920227050781
2024-05-03,100.74750518798828,100.74750518798828
2024-05-06,100.76581278009459,100.75666809082031
2024-05-07,100.77494451482242,100.76579284667969
2024-05-08,100.78414154052734,100.78414154052734
2024-05-09,100.82073211669922,100.82073211669922
2024-05-10,100.83902740478516,100.83902740478516
2024-05-13,100.85730743408203,100.85730743408203
2024-05-14,100.86646270751953,100.86646270751953
2024-05-15,100.875601652881,100.8938980102539
2024-05-16,100.92135620117188,100.92135620117188
2024-05-17,100.9396743774414,100.9396743774414
2024-05-20,100.94880971760516,100.95795440673828
2024-05-21,100.96710968017578,100.96710968017578
2024-05-22,100.9762685562592,100.98542022705078
2024-05-23,101.0311620501443,101.04031372070312
2024-05-24,101.04946899414062,101.04946899414062
2024-05-28,101.04946539126196,101.04031372070312
2024-05-29,101.0586136843462,101.04946899414062
2024-05-30,101.0677526271424,101.076904296875
2024-05-31,101.1135025024414,101.1135025024414
2024-06-03,101.14291132354755,101.13372039794922
2024-06-04,101.152099609375,101.152099609375
2024-06-05,101.17965198988682,101.16127014160156
2024-06-06,101.17967473541232,101.1888656616211
2024-06-07,101.23481313649806,101.21643829345703
2024-06-10,101.23480224609375,101.23480224609375
2024-06-11,101.24398803710938,101.24398803710938
2024-06-12,101.2807388305664,101.2807388305664
2024-06-13,101.28993225097656,101.28993225097656
2024-06-14,101.32667028204277,101.33586120605469
2024-06-17,101.33587895963178,101.3450698852539
2024-06-18,101.37263488769531,101.37263488769531
2024-06-20,101.38181492638745,101.39099884033203
2024-06-21,101.42776738734773,101.43695831298828
2024-06-24,101.4461441040039,101.4461441040039
2024-06-25,101.45533177177646,101.46451568603516
2024-06-26,101.47370661091541,101.46451568603516
2024-06-27,101.49210357666016,101.49210357666016
2024-06-28,101.52884923524805,101.53804016113281
2024-07-01,101.55280303955078,101.55280303955078
2024-07-02,101.57124328613281,101.57124328613281
2024-07-03,101.59895324707031,101.59895324707031
2024-07-05,101.64509410860096,101.6358642578125
2024-07-08,101.66352844238281,101.66352844238281
2024-07-09,101.67275829150736,101.66352844238281
2024-07-10,101.68198222895901,101.6727523803711
2024-07-11,101.70043182373047,101.70043182373047
2024-07-12,101.75580596923828,101.75580596923828
2024-07-15,101.7742691040039,101.7742691040039
2024-07-16,101.79270822050877,101.78348541259766
2024-07-17,101.79273223876953,101.79273223876953
2024-07-18,101.8204181839335,101.81119537353516
2024-07-19,101.85731678139508,101.86654663085938
2024-07-22,101.86654071991894,101.87577056884766
2024-07-23,101.88501089404815,101.89423370361328
2024-07-24,101.89423542096276,101.9034652709961
2024-07-25,101.92191964825489,101.9126968383789
2024-07-26,101.95881824676006,101.96804809570312
2024-07-29,101.97729604959474,101.98651885986328
2024-07-30,101.98650531910076,101.99573516845703
2024-07-31,102.0049819946289,102.0049819946289
2024-08-01,102.04018564179283,102.03092193603516
2024-08-02,102.10506933860253,102.12360382080078
2024-08-05,102.15140907986356,102.12360382080078
2024-08-06,102.15140907986356,102.12360382080078
2024-08-07,102.14213562011719,102.14213562011719
2024-08-08,102.1606837410842,102.15141296386719
2024-08-09,102.19775496867524,102.18848419189453
2024-08-12,102.20701492912538,102.2162857055664
2024-08-13,102.23482351466694,102.24408721923828
2024-08-14,102.24408721923828,102.24408721923828
2024-08-15,102.25337219238281,102.25337219238281
2024-08-16,102.29044235790914,102.29971313476562
2024-08-19,102.31823836635033,102.30896759033203
2024-08-20,102.32752884377881,102.33679962158203
2024-08-21,102.34606827204188,102.35533905029297
2024-08-22,102.37386322021484,102.37386322021484
2024-08-23,102.40166968055759,102.42020416259766
2024-08-26,102.42948150634766,102.42948150634766
2024-08-27,102.4387501572313,102.4480209350586
2024-08-28,102.46654510498047,102.46654510498047
2024-08-29,102.4665511140687,102.47581481933594
2024-08-30,102.51289367675781,102.51289367675781
2024-09-03,102.54547119140625,102.54547119140625
2024-09-04,102.56410689785714,102.57341766357422
2024-09-05,102.58269973428965,102.59201049804688
2024-09-06,102.6385498046875,102.6385498046875
2024-09-09,102.64785346574118,102.6385498046875
2024-09-10,102.66648574472887,102.67579650878906
2024-09-11,102.68509544329771,102.6664810180664
2024-09-12,102.69439987438551,102.68508911132812
2024-09-13,102.7502628296457,102.74095916748047
2024-09-16,102.76889510641082,102.77820587158203
2024-09-17,102.78752136230469,102.78752136230469
2024-09-18,102.79681998482754,102.82474517822266
2024-09-19,102.83403487885438,102.84334564208984
2024-09-20,102.88059707163502,102.88990783691406
2024-09-23,102.88990203006321,102.90852355957031
2024-09-24,102.90850487168342,102.91780853271484
2024-09-25,102.92712112153772,102.93643188476562
2024-09-26,102.9364589706328,102.94576263427734
2024-09-27,102.97369041635324,102.98299407958984
2024-09-30,102.99230484485948,102.98299407958984
2024-10-01,103.00541687011719,103.00541687011719
2024-10-02,103.01476600115659,103.00541687011719
2024-10-03,103.0334642632354,103.00541687011719
2024-10-04,103.05215766396019,103.04280853271484
2024-10-07,103.04279689391201,103.03345489501953
2024-10-08,103.05215141863765,103.0615005493164
2024-10-09,103.07083129882812,103.07083129882812
2024-10-10,103.08019256591797,103.08019256591797
2024-10-11,103.12694549560547,103.12694549560547
2024-10-14,103.13626861572266,103.13626861572266
2024-10-15,103.15496375409423,103.14561462402344
2024-10-16,103.1643295288086,103.1643295288086
2024-10-17,103.1643295288086,103.1643295288086
2024-10-18,103.20171757015378,103.2110595703125
2024-10-21,103.22039794921875,103.22039794921875
2024-10-22,103.22039794921875,103.22039794921875
2024-10-23,103.2297470797014,103.22039794921875
2024-10-24,103.24845435655415,103.23910522460938
2024-10-25,103.295187520731,103.2764892578125
2024-10-28,103.29519291146042,103.30453491210938
2024-10-29,103.31388404405654,103.30453491210938
2024-10-30,103.32323143461664,103.33258056640625
2024-10-31,103.34191582243385,103.35126495361328
2024-11-01,103.39537811279297,103.39537811279297
2024-11-04,103.40476480029783,103.41414642333984
2024-11-05,103.42353520792616,103.41414642333984
2024-11-06,103.42353520792616,103.41414642333984
2024-11-07,103.44231414794922,103.44231414794922
2024-11-08,103.47987202465059,103.49864959716797
2024-11-11,103.48925018310547,103.48925018310547
2024-11-12,103.48926081090927,103.49864959716797
2024-11-13,103.50802149294408,103.51741027832031
2024-11-14,103.52678680419922,103.52678680419922
2024-11-15,103.56434794445093,103.54557037353516
2024-11-18,103.56436157226562,103.56436157226562
2024-11-19,103.58312225341797,103.58312225341797
2024-11-20,103.58312825004414,103.6019058227539
2024-11-21,103.61128744756313,103.6019058227539
2024-11-22,103.63005365852214,103.63944244384766
2024-11-25,103.64881434055559,103.658203125
2024-11-26,103.6676025390625,103.6676025390625
2024-11-27,103.6863784790039,103.6863784790039
2024-11-29,103.73332214355469,103.73332214355469
2024-12-02,103.74839782714844,103.74839782714844
2024-12-03,103.76724047073105,103.77666473388672
2024-12-04,103.78608899704237,103.77666473388672
2024-12-05,103.8049087524414,103.8049087524414
2024-12-06,103.84261126011651,103.85203552246094
2024-12-09,103.86145542421545,103.8708724975586
2024-12-10,103.88029675950735,103.8708724975586
2024-12-11,103.88973236083984,103.88973236083984
2024-12-12,103.89913177490234,103.89913177490234
2024-12-13,103.9462552762763,103.92741394042969
2024-12-16,103.94626421352599,103.9556884765625
2024-12-17,103.9745298140291,103.9556884765625
2024-12-18,103.96230994890877,103.97176361083984
2024-12-19,103.99068366732509,104.00013732910156
2024-12-20,104.0379570782416,104.02850341796875
2024-12-23,104.04742474461227,104.0379638671875
2024-12-24,104.0758060928078,104.06634521484375
2024-12-26,104.07582049279723,104.08528137207031
2024-12-27,104.11365509033203,104.11365509033203
2024-12-30,104.13253741482438,104.14199829101562
2024-12-31,104.1514892578125,104.1514892578125
2025-01-02,104.17037200927734,104.17037200927734
2025-01-03,104.20822990658104,104.19877624511719
2025-01-06,104.20822863627617,104.21768951416016
2025-01-07,104.21768061619089,104.2365951538086
2025-01-08,104.22714149326713,104.2365951538086
2025-01-10,104.27443779197623,104.26498413085938
2025-01-13,104.28389739990234,104.28389739990234
2025-01-14,104.29336547851562,104.29336547851562
2025-01-15,104.31226348876953,104.31226348876953
2025-01-16,104.31226306133615,104.32172393798828
2025-01-17,104.36902618408203,104.36902618408203
2025-01-21,104.38794708251953,104.38794708251953
2025-01-22,104.39740796020858,104.38794708251953
2025-01-23,104.40684509277344,104.40684509277344
2025-01-24,104.44470977783203,104.44470977783203
2025-01-27,104.45414691147307,104.46360778808594
2025-01-28,104.46362220531604,104.47307586669922
2025-01-29,104.48252868652344,104.48252868652344
2025-01-30,104.48253588729577,104.49199676513672
2025-01-31,104.52038531237679,104.52984619140625
2025-02-03,104.54217529296875,104.54217529296875
2025-02-04,104.55164337158203,104.55164337158203
2025-02-05,104.56116485595703,104.56116485595703
2025-02-06,104.58016204833984,104.58016204833984
2025-02-07,104.608642578125,104.608642578125
2025-02-10,104.61811065673828,104.61811065673828
2025-02-11,104.61811065673828,104.61811065673828
2025-02-12,104.61811065673828,104.61811065673828
2025-02-13,104.63710331101426,104.64659881591797
2025-02-14,104.69405364990234,104.69405364990234
2025-02-18,104.70354915406192,104.69405364990234
2025-02-19,104.7035656701104,104.72254943847656
2025-02-20,104.73204040527344,104.73204040527344
2025-02-21,104.77001190185547,104.77001190185547
2025-02-24,104.78899383544922,104.78899383544922
2025-02-25,104.78900764515912,104.80799865722656
2025-02-26,104.81749416326029,104.80799865722656
2025-02-27,104.82697025661219,104.8174819946289
2025-02-28,104.85545349121094,104.85545349121094
2025-03-03,104.87261199951172,104.87261199951172
2025-03-04,104.88214111328125,104.88214111328125
2025-03-05,104.90116882324219,104.90116882324219
2025-03-06,104.92021668984101,104.91069030761719
2025-03-07,104.95829772949219,104.95829772949219
2025-03-10,104.96784973144531,104.96784973144531
2025-03-11,104.98689270019531,104.98689270019531
2025-03-12,104.9964118164506,104.98689270019531
2025-03-13,104.99641418457031,104.99641418457031
2025-03-14,105.04402923583984,105.04402923583984
2025-03-17,105.03450285373908,105.04402923583984
2025-03-18,105.0440395959636,105.0535659790039
2025-03-19,105.05357597532851,105.06309509277344
2025-03-20,105.0821533203125,105.0821533203125
2025-03-21,105.1202392578125,105.1202392578125
2025-03-24,105.12022636774307,105.12974548339844
2025-03-25,105.13928985595703,105.13928985595703
2025-03-26,105.13930021439663,105.1488265991211
2025-03-27,105.15833519247053,105.16785430908203
2025-03-28,105.19641876220703,105.19641876220703
2025-03-31,105.20594787597656,105.20594787597656
2025-04-01,105.22887420654297,105.22887420654297
2025-04-02,105.22888948085267,105.23844909667969
2025-04-03,105.25756868209238,105.24801635742188
2025-04-04,105.31491085752494,105.29579162597656
2025-04-07,105.3244555662459,105.30534362792969
2025-04-08,105.3149181954301,105.32447052001953
2025-04-09,105.32447052001953,105.32447052001953
2025-04-10,105.34358975290004,105.32447052001953
2025-04-11,105.37225341796875,105.37225341796875
2025-04-14,105.38182067871094,105.38182067871094
2025-04-15,105.39136505126953,105.39136505126953
2025-04-16,105.41049194335938,105.41049194335938
2025-04-17,105.44871488811908,105.45826721191406
2025-04-21,105.46781921386719,105.46781921386719
2025-04-22,105.4678344876644,105.4773941040039
2025-04-23,105.48694610595703,105.48694610595703
2025-04-24,105.48695341284379,105.49650573730469
2025-04-25,105.53474426269531,105.53474426269531
2025-04-28,105.5442886352539,105.5442886352539
2025-04-29,105.55384825085076,105.5442886352539
2025-04-30,105.57296752929688,105.57296752929688
2025-05-01,105.59404931518432,105.58445739746094
2025-05-02,105.61323755639928,105.60365295410156
2025-05-05,105.61323547363281,105.61323547363281
2025-05-06,105.63241754099674,105.6228256225586
2025-05-07,105.64202117919922,105.64202117919922
2025-05-08,105.65160369873047,105.65160369873047
2025-05-09,105.68996606500293,105.68037414550781
2025-05-12,105.68038000380128,105.68997192382812
2025-05-13,105.69953918457031,105.69953918457031
2025-05-14,105.7091311023594,105.69953918457031
2025-05-15,105.70914250948259,105.7187271118164
2025-05-16,105.74748053126876,105.75707244873047
2025-05-19,105.75707244873047,105.75707244873047
2025-05-20,105.77626037597656,105.77626037597656
2025-05-21,105.79545770341079,105.7858657836914
2025-05-22,105.79544653344178,105.80503845214844
2025-05-23,105.85298156738281,105.85298156738281
2025-05-27,105.86257348592225,105.85298156738281
2025-05-28,105.87215600460189,105.86256408691406
2025-05-29,105.89134216308594,105.89134216308594
2025-05-30,105.92010706268807,105.9105224609375
2025-06-02,105.93652929594148,105.9269027709961
2025-06-03,105.94613647460938,105.94613647460938
2025-06-04,105.95575714111328,105.95575714111328
2025-06-05,105.97500024759991,105.98462677001953
2025-06-06,106.00388158916554,105.99425506591797
2025-06-09,106.02313232421875,106.02313232421875
2025-06-10,106.03276062011719,106.03276062011719
2025-06-11,106.04237365722656,106.04237365722656
2025-06-12,106.05201106828015,106.06163024902344
2025-06-13,106.0905089931598,106.10012817382812
2025-06-16,106.10012817382812,106.10012817382812
2025-06-17,106.10012231730907,106.10974884033203
2025-06-18,106.12898431774832,106.13861083984375
2025-06-20,106.16749750003305,106.1771240234375
2025-06-23,106.18674617632266,106.19636535644531
2025-06-24,106.20599365234375,106.20599365234375
2025-06-25,106.22525610165779,106.21562957763672
2025-06-26,106.23486328125,106.23486328125
2025-06-27,106.26374965478523,106.27336883544922
2025-06-30,106.2829953589992,106.27336883544922
2025-07-01,106.29366318937257,106.28400421142578
2025-07-02,106.30329911257074,106.29364013671875
2025-07-03,106.35158597590916,106.332275390625
2025-07-07,106.34193377941502,106.3515853881836
2025-07-08,106.36124403875745,106.37090301513672
2025-07-09,106.3709028522488,106.38056182861328
2025-07-10,106.39022064208984,106.39022064208984
2025-07-11,106.42884843007529,106.419189453125
2025-07-14,106.43850708007812,106.43850708007812
2025-07-15,106.44816605699876,106.43850708007812
2025-07-16,106.44815767703835,106.46746826171875
2025-07-17,106.47714233398438,106.47714233398438
2025-07-18,106.50608809494159,106.5157470703125
2025-07-21,106.52542114257812,106.52542114257812
2025-07-22,106.53507232666016,106.53507232666016
2025-07-23,106.54471588134766,106.54471588134766
2025-07-24,106.54473071521129,106.55438232421875
2025-07-25,106.5833583398058,106.59300994873047
2025-07-28,106.6026611328125,106.6026611328125
2025-07-29,106.61232741263942,106.62198638916016
2025-07-30,106.6219865522191,106.6123275756836
2025-07-31,106.63163799804053,106.62198638916016
2025-08-01,106.70434988873038,106.71404266357422
2025-08-04,106.72372855079382,106.7334213256836
2025-08-05,106.733417139744,106.72372436523438
2025-08-06,106.74311484223038,106.7528076171875
2025-08-07,106.76249694824219,106.76249694824219
2025-08-08,106.80126190185547,106.80126190185547
2025-08-11,106.80126608649616,106.81095886230469
2025-08-12,106.82064451327868,106.83032989501953
2025-08-13,106.84003866869905,106.8497314453125
2025-08-14,106.85941682850367,106.8497314453125
2025-08-15,106.88847695465022,106.8787841796875
2025-08-18,106.88847351074219,106.88847351074219
2025-08-19,106.898155955138,106.91754150390625
2025-08-20,106.92723846435547,106.92723846435547
2025-08-21,106.9272268848698,106.91754150390625
2025-08-22,106.96599653023313,106.98538208007812
2025-08-25,106.98538208007812,106.98538208007812
2025-08-26,106.99507904052734,106.99507904052734
2025-08-27,107.00476492728932,107.01445770263672
2025-08-28,107.02413940429688,107.02413940429688
2025-08-29,107.06292356497936,107.0726089477539
2025-09-02,107.09008822788695,107.09980773925781
2025-09-03,107.09983171745026,107.1192855834961
2025-09-04,107.11927883541692,107.13872528076172
2025-09-05,107.18735558684308,107.19708251953125
2025-09-08,107.20680291342333,107.2165298461914
2025-09-09,107.22626386438023,107.2068099975586
2025-09-10,107.22625732421875,107.22625732421875
2025-09-11,107.23596246057639,107.24568939208984
2025-09-12,107.27486386028218,107.26514434814453
2025-09-15,107.27487237181488,107.28459930419922
2025-09-16,107.30404663085938,107.30404663085938
2025-09-17,107.32350104140039,107.31377410888672
2025-09-18,107.33322851947719,107.32350158691406
2025-09-19,107.35267693688714,107.3624038696289
2025-09-22,107.36240441486508,107.37213134765625
2025-09-23,107.38185086097162,107.37213134765625
2025-09-24,107.39157812911061,107.38185119628906
2025-09-25,107.39157104492188,107.39157104492188
2025-09-26,107.43047332763672,107.43047332763672
2025-09-29,107.43047387325608,107.44020080566406
2025-09-30,107.44992065429688,107.44992065429688
2025-10-01,107.47627258300781,107.47627258300781
2025-10-02,107.48602294921875,107.48602294921875
2025-10-03,107.52505493164062,107.52505493164062
2025-10-06,107.51529693603516,107.51529693603516
2025-10-07,107.52505493164062,107.52505493164062
2025-10-08,107.54456329345703,107.54456329345703
2025-10-09,107.55432891845703,107.55432891845703
2025-10-10,107.60310363769531,107.60310363769531
2025-10-13,107.60310499035651,107.59334564208984
2025-10-14,107.61286028100757,107.62261962890625
2025-10-15,107.62262861140854,107.61286926269531
2025-10-16,107.63239288330078,107.63239288330078
2025-10-17,107.6811752319336,107.6811752319336
2025-10-20,107.69093322753906,107.69093322753906
2025-10-21,107.71043531260618,107.70067596435547
2025-10-22,107.71044786496742,107.72020721435547
2025-10-23,107.72020586069553,107.72996520996094
2025-10-24,107.74946594238281,107.74946594238281
2025-10-27,107.7689805805802,107.77873992919922
2025-10-28,107.7787385763082,107.78849792480469
2025-10-29,107.79825862643722,107.77873992919922
2025-10-30,107.7787385763082,107.78849792480469
2025-10-31,107.81777326494108,107.80801391601562
2025-11-03,107.83836364746094,107.83836364746094
2025-11-04,107.83836756100344,107.84815979003906
2025-11-05,107.84816354312876,107.85794830322266
2025-11-06,107.85794087218635,107.87752532958984
2025-11-07,107.91669464111328,107.91669464111328
2025-11-10,107.91669076512082,107.92647552490234
2025-11-11,107.92647552490234,107.92647552490234
2025-11-12,107.93626403808594,107.93626403808594
2025-11-13,107.93626795158234,107.94606018066406
2025-11-14,107.97541809082031,107.97541809082031
2025-11-17,107.97542200498724,107.98521423339844
2025-11-18,107.99500666005372,108.00479888916016
2025-11-19,108.0047951735742,108.01458740234375
2025-11-20,108.02436828613281,108.02436828613281
2025-11-21,108.05375283780745,108.06353759765625
2025-11-24,108.0635338820454,108.07332611083984
2025-11-25,108.08312225341797,108.08312225341797
2025-11-26,108.10269927978516,108.10269927978516
2025-11-28,108.1418570481552,108.13206481933594
2025-12-01,108.15367126464844,108.15367126464844
2025-12-02,108.1634934195333,108.1733169555664
2025-12-03,108.18313911057668,108.19296264648438
2025-12-04,108.20277868922969,108.19296264648438
2025-12-05,108.23224639892578,108.23224639892578
2025-12-08,108.24207305908203,108.24207305908203
2025-12-09,108.26172325613001,108.25189971923828
2025-12-10,108.27152564647595,108.2813491821289
2025-12-11,108.29117883000208,108.30099487304688
2025-12-12,108.33045959472656,108.33045959472656
2025-12-15,108.35010528564453,108.35010528564453
2025-12-16,108.35992431640625,108.35992431640625
2025-12-17,108.36974334716797,108.36974334716797
2025-12-18,108.37957313082397,108.38939666748047
2025-12-19,108.40613555908203,108.40613555908203
2025-12-22,108.41599449731407,108.42584991455078
2025-12-23,108.42584991455078,108.42584991455078
2025-12-24,108.44555077195166,108.45540618896484
2025-12-26,108.48496422416355,108.49481964111328
2025-12-29,108.49481964111328,108.49481964111328
2025-12-30,108.51452471847668,108.50467681884766
2025-12-31,108.52437767637538,108.53423309326172
2026-01-02,108.55393981933594,108.55393981933594
2026-01-05,108.56379112858717,108.57364654541016
2026-01-06,108.58349444475273,108.57364654541016
2026-01-07,108.59335327148438,108.59335327148438
2026-01-08,108.60320281982422,108.60320281982422
2026-01-09,108.62291893526614,108.63277435302734
2026-01-12,108.63276848413842,108.64262390136719
2026-01-13,108.64262390136719,108.64262390136719
2026-01-14,108.6524658203125,108.6524658203125
2026-01-15,108.66231536865234,108.66231536865234
2026-01-16,108.69187927246094,108.69187927246094
2026-01-20,108.71159186697804,108.70173645019531
2026-01-21,108.72144317626953,108.72144317626953
2026-01-22,108.72144317626953,108.72144317626953
2026-01-23,108.75100708007812,108.75100708007812
2026-01-26,108.76084899902344,108.76084899902344
2026-01-27,108.78057098388672,108.78057098388672
2026-01-28,108.78057098388672,108.78057098388672
2026-01-29,108.7904281616211,108.7904281616211
2026-01-30,108.8199691772461,108.8199691772461
2026-02-02,108.84172821044922,108.84172821044922
2026-02-03,108.84172215706162,108.85160064697266
2026-02-04,108.86148667771566,108.85160064697266
2026-02-05,108.87137007301192,108.88125610351562
2026-02-06,108.91090989554402,108.9010238647461
2026-02-09,108.90102710462473,108.92079162597656
2026-02-10,108.93067765706861,108.92079162597656
2026-02-11,108.93067932128906,108.93067932128906
2026-02-12,108.95045304799565,108.94056701660156
2026-02-13,108.98998260498047,108.98998260498047
2026-02-17,108.98997663999887,108.99986267089844
2026-02-18,109.00974870179802,108.99986267089844
2026-02-19,109.00974440161932,109.0196304321289
2026-02-20,109.04928422416282,109.03939819335938
2026-02-23,109.04928588867188,109.04928588867188
2026-02-24,109.05916595458984,109.05916595458984
2026-02-25,109.07893968115037,109.06905364990234
2026-02-26,109.07893371582031,109.07893371582031
2026-02-27,109.1184675734293,109.10858154296875
2026-03-02,109.1323803724986,109.12246704101562
2026-03-03,109.13237762451172,109.13237762451172
2026-03-04,109.14229095574507,109.13237762451172
2026-03-05,109.15219116210938,109.15219116210938
2026-03-06,109.18193054199219,109.18193054199219
2026-03-09,109.19184112548828,109.19184112548828
2026-03-10,109.20175170898438,109.20175170898438
2026-03-11,109.21166229248047,109.21166229248047
2026-03-12,109.22156806143558,109.21166229248047
2026-03-13,109.25130462646484,109.25130462646484
2026-03-16,109.25130944088004,109.26121520996094
2026-03-17,109.27113342285156,109.27113342285156
2026-03-18,109.27113342285156,109.27113342285156
2026-03-19,109.27113342285156,109.27113342285156
2026-03-20,109.30086517333984,109.30086517333984
2026-03-23,109.30085967909302,109.32068634033203
2026-03-24,109.32068352572483,109.3305892944336
2026-03-25,109.34050750732422,109.34050750732422
2026-03-26,109.35042083813116,109.34050750732422
2026-03-27,109.3702365108123,109.3801498413086
2026-03-30,109.39006523927287,109.39997100830078
2026-03-31,109.39997589006539,109.4098892211914
2026-04-01,109.4337401655161,109.4238052368164
2026-04-02,109.45362712832254,109.46356964111328
2026-04-06,109.47350311279297,109.47350311279297
2026-04-07,109.48344421386719,109.48344421386719
2026-04-08,109.4933853149414,109.4933853149414
2026-04-09,109.50333258817075,109.51326751708984
2026-04-10,109.54308319091797,109.54308319091797
2026-04-13,109.54308319091797,109.54308319091797
2026-04-14,109.5530228808768,109.5629653930664
2026-04-15,109.5629653930664,109.5629653930664
2026-04-16,109.57290649414062,109.57290649414062
2026-04-17,109.61266948671432,109.62261199951172
2026-04-20,109.62261199951172,109.62261199951172
2026-04-21,109.64249561325529,109.63255310058594
2026-04-22,109.65242767333984,109.65242767333984
2026-04-23,109.65242626213278,109.66236877441406
2026-04-24,109.69219207763672,109.69219207763672
2026-04-27,109.69219066625391,109.70213317871094
2026-04-28,109.70213176745602,109.71207427978516
2026-04-29,109.72200920819947,109.71207427978516
2026-04-30,109.72201396917305,109.7319564819336
2026-05-01,109.7698369495302,109.7598648071289
2026-05-04,109.77981567382812,109.77981567382812
2026-05-05,109.77981567382812,109.77981567382812
2026-05-06,109.78978674535276,109.79975128173828
2026-05-07,109.80972290039062,109.80972290039062
2026-05-08,109.83962960294366,109.84960174560547
2026-05-11,109.84960174560547,109.84960174560547
2026-05-12,109.85957336425781,109.85957336425781
2026-05-13,109.85957336425781,109.85957336425781
2026-05-14,109.86953735351562,109.86953735351562
2026-05-15,109.89945929157682,109.909423828125
2026-05-18,109.9094233037603,109.91939544677734
2026-05-19,109.92936706542969,109.92936706542969
2026-05-20,109.93933053046754,109.94930267333984
2026-05-21,109.94930214916742,109.95927429199219
2026-05-22,109.9991541853576,109.97920989990234
2026-05-26,109.98918151855469,109.98918151855469
2026-05-27,110.00911712646484,110.00911712646484
2026-05-28,110.00911660258164,110.01908874511719
2026-05-29,110.03903143580457,110.04899597167969
2026-06-01,110.06999969482422,110.05999755859375
2026-06-02,110.06999969482422,110.07430267333984
