Date,Open,Close
2005-12-06,11.880715594674916,11.98055362701416
2005-12-07,11.980552674236263,11.857674598693848
2005-12-08,11.865355674803029,11.91911506652832
2005-12-09,11.972872889923691,11.957512855529785
2005-12-12,12.095751883035101,12.034313201904297
2005-12-13,12.034312289026458,12.080390930175781
2005-12-14,12.172546914576001,12.141827583312988
2005-12-15,12.164869659627538,12.080390930175781
2005-12-16,12.134147575716916,11.965190887451172
2005-12-19,11.972871567281224,11.81927490234375
2005-12-20,11.89607379566829,11.873034477233887
2005-12-21,11.911431815831685,11.934471130371094
2005-12-22,11.988233031158348,12.018952369689941
2005-12-23,12.04199242289374,12.018952369689941
2005-12-27,12.080393187737041,11.849998474121094
2005-12-28,11.857675657069871,11.91911506652832
2005-12-29,11.919115420995887,11.834636688232422
2005-12-30,11.750158467030904,11.734798431396484
2006-01-03,11.857676444348094,12.034313201904297
2006-01-04,12.095747847545612,12.157186508178711
2006-01-05,12.157190442908142,12.095751762390137
2006-01-06,12.25702915348425,12.272388458251953
2006-01-09,12.333827098027601,12.326147079467773
2006-01-10,12.28006917714661,12.39526653289795
2006-01-11,12.441345610420456,12.402945518493652
2006-01-12,12.425985855931776,12.326147079467773
2006-01-13,12.349183958940372,12.356863975524902
2006-01-17,12.372226794131452,12.364546775817871
2006-01-18,12.326147043934343,12.280068397521973
2006-01-19,12.402943267348645,12.487421989440918
2006-01-20,12.556540042964285,12.303105354309082
2006-01-23,12.349183911540981,12.310785293579102
2006-01-24,12.379906770409884,12.418305397033691
2006-01-25,12.518143032181342,12.287748336791992
2006-01-26,12.449019107253424,12.53349781036377
2006-01-27,12.633342266091422,12.587262153625488
2006-01-30,12.671740488465433,12.725499153137207
2006-01-31,12.786939350243685,12.763900756835938
2006-02-01,12.786936917300618,12.771576881408691
2006-02-02,12.771573084763672,12.564218521118164
2006-02-03,12.59494202321682,12.502784729003906
2006-02-06,12.633338928222656,12.633338928222656
2006-02-07,12.671737362386942,12.303105354309082
2006-02-08,12.356867902585453,12.39526653289795
2006-02-09,12.410624859377403,12.226308822631836
2006-02-10,12.257027674332983,12.080390930175781
2006-02-13,12.134149935748024,11.995912551879883
2006-02-14,11.926792175803648,12.149507522583008
2006-02-15,12.210948865346248,12.218628883361816
2006-02-16,12.226306716027995,12.449021339416504
2006-02-17,12.456699295235653,12.46437931060791
2006-02-21,12.533502662017632,12.425985336303711
2006-02-22,12.464384839550057,12.433666229248047
2006-02-23,12.464385715334199,12.441347122192383
2006-02-24,12.479744673043788,12.502784729003906
2006-02-27,12.54118191670341,12.456703186035156
2006-02-28,12.495101218066974,12.318465232849121
2006-03-01,12.326146287359402,12.602621078491211
2006-03-02,12.602621078491211,12.602621078491211
2006-03-03,12.57957811958791,12.556539535522461
2006-03-06,12.617980387769743,12.379905700683594
2006-03-07,12.287743412686405,12.126466751098633
2006-03-08,12.134153910003336,12.103434562683105
2006-03-09,12.141831759045939,12.057353019714355
2006-03-10,12.018953123984526,12.088071823120117
2006-03-13,12.210948447132541,12.187909126281738
2006-03-14,12.233990258972758,12.372227668762207
2006-03-15,12.364541868956213,12.53349781036377
2006-03-16,12.5949403386103,12.479743003845215
2006-03-17,12.518141627162382,12.479743003845215
2006-03-20,12.564220694541762,12.487421989440918
2006-03-21,12.425985415321195,12.418305397033691
2006-03-22,12.41830217187644,12.556539535522461
2006-03-23,12.648698041934358,12.57957935333252
2006-03-24,12.625660063038096,12.664058685302734
2006-03-27,12.710138921678576,12.694780349731445
2006-03-28,12.694777074938886,12.641016960144043
2006-03-29,12.687097611045505,12.833013534545898
2006-03-30,12.902132900117797,12.809975624084473
2006-03-31,12.886776170000262,12.817657470703125
2006-04-03,12.902134658579506,12.925174713134766
2006-04-04,13.017332509815022,13.02501106262207
2006-04-05,13.063411478234581,13.186288833618164
2006-04-06,13.247730015142892,13.270770072937012
2006-04-07,13.32452658346133,13.101810455322266
2006-04-10,13.14789164482023,13.040372848510742
2006-04-11,13.163249218063681,12.894455909729004
2006-04-12,12.948212056456594,12.909811973571777
2006-04-13,12.971252128656117,13.001972198486328
2006-04-17,13.048051153019925,12.97125244140625
2006-04-18,13.07108954462331,13.293804168701172
2006-04-19,13.385961558747894,13.485798835754395
2006-04-20,13.631716053398383,13.501158714294434
2006-04-21,13.539561194152977,13.447403907775879
2006-04-24,13.470439282764822,13.385960578918457
2006-04-25,13.439721555739814,13.293804168701172
2006-04-26,13.401322733566722,13.26308536529541
2006-04-27,13.109489398500548,13.063410758972168
2006-04-28,13.055732446955352,13.13253116607666
2006-05-01,13.270765847410557,13.217005729675293
2006-05-02,13.209330389802808,13.324527740478516
2006-05-03,13.3859645502981,13.370604515075684
2006-05-04,13.485807359609614,13.539566040039062
2006-05-05,13.708521049419607,13.693161010742188
2006-05-08,13.76227461709258,13.723875999450684
2006-05-09,13.708516996786706,13.71619701385498
2006-05-10,13.708516151042643,13.654757499694824
2006-05-11,13.63940040619502,13.355245590209961
2006-05-12,13.247726163869242,12.978931427001953
2006-05-15,12.978934552194064,12.756219863891602
2006-05-16,12.825337928796575,12.725499153137207
2006-05-17,12.710136046019167,12.449021339416504
2006-05-18,12.548862253139992,12.226308822631836
2006-05-19,12.318469001580493,12.372227668762207
2006-05-22,12.057352403964673,12.095751762390137
2006-05-23,12.111114582614917,12.103434562683105
2006-05-24,12.095750962263475,11.98055362701416
2006-05-25,12.149508554093838,12.2647066116333
2006-05-26,12.379904025278492,12.356863975524902
2006-05-30,12.34918521616359,12.003592491149902
2006-05-31,12.057350239470946,12.172548294067383
2006-06-01,12.249348578848643,12.425985336303711
2006-06-02,12.656379253642363,12.456703186035156
2006-06-05,12.402945879991954,12.049673080444336
2006-06-06,11.980556861981176,11.896078109741211
2006-06-07,11.942156426003699,11.688721656799316
2006-06-08,11.558162388005606,11.466004371643066
2006-06-09,11.650320404368145,11.466004371643066
2006-06-12,11.450643495110802,11.058971405029297
2006-06-13,10.8900192216523,10.790181159973145
2006-06-14,10.744099470971019,11.028253555297852
2006-06-15,11.174172054032562,11.57352352142334
2006-06-16,11.58120426414134,11.427607536315918
2006-06-19,11.51208400187337,11.243289947509766
2006-06-20,11.181848650179315,11.220247268676758
2006-06-21,11.235607509296837,11.496722221374512
2006-06-22,11.512083092517923,11.458324432373047
2006-06-23,11.481365490487008,11.57352352142334
2006-06-26,11.535121326084896,11.673357963562012
2006-06-27,11.627283260830696,11.44296646118164
2006-06-28,11.489043692631999,11.466004371643066
2006-06-29,11.55815956483548,11.965190887451172
2006-06-30,12.095751762390137,12.095751762390137
2006-07-03,12.21862724213617,12.2647066116333
2006-07-05,12.280064494803241,12.011270523071289
2006-07-06,12.072711641694971,11.98055362701416
2006-07-07,11.911432171812391,11.796234130859375
2006-07-10,11.834638986554658,11.650322914123535
2006-07-11,11.588881340801816,11.704078674316406
2006-07-12,11.74247935353657,11.519763946533203
2006-07-13,11.3354476736437,11.151131629943848
2006-07-14,11.14345163212669,11.028253555297852
2006-07-17,10.982173154813749,10.913054466247559
2006-07-18,10.95913433623565,10.936094284057617
2006-07-19,10.966813400152063,11.281686782836914
2006-07-20,11.389205056530818,10.936094284057617
2006-07-21,10.83625532173536,10.659619331359863
2006-07-24,10.674977879492172,10.989851951599121
2006-07-25,11.051296125934162,11.1588134765625
2006-07-26,11.135771492494404,11.089692115783691
2006-07-27,11.15112824946398,11.005210876464844
2006-07-28,11.105050963645098,11.33544635772705
2006-07-31,11.350808555808365,11.3815279006958
2006-08-01,11.281687935650906,11.11273193359375
2006-08-02,11.135772296879068,11.274009704589844
2006-08-03,11.11272893566466,11.404562950134277
2006-08-04,11.481363727180273,11.28936767578125
2006-08-07,11.143449938991273,11.128089904785156
2006-08-08,11.143448078511584,11.020570755004883
2006-08-09,11.151130142036843,10.83625602722168
2006-08-10,10.82857697018721,10.936094284057617
2006-08-11,10.828573472207609,10.751774787902832
2006-08-14,10.82858052714313,10.790181159973145
2006-08-15,11.074332277110424,11.120410919189453
2006-08-16,11.21256694580479,11.404562950134277
2006-08-17,11.396884652839562,11.350805282592773
2006-08-18,11.404562950134277,11.404562950134277
2006-08-21,11.404566673090677,11.243289947509766
2006-08-22,11.235607302001096,11.220247268676758
2006-08-23,11.250963939409486,11.043608665466309
2006-08-24,11.058972676836817,10.928415298461914
2006-08-25,10.943771865471813,10.966811180114746
2006-08-28,10.989854808989696,11.089692115783691
2006-08-29,11.135774148914573,11.1588134765625
2006-08-30,11.135768813312373,11.143448829650879
2006-08-31,11.189529035022314,11.105051040649414
2006-09-01,11.189532662510167,11.174173355102539
2006-09-05,11.181852165874874,11.297049522399902
2006-09-06,11.189530196833289,11.035933494567871
2006-09-07,10.943772213856773,11.005210876464844
2006-09-08,10.997530510440859,10.966811180114746
2006-09-11,10.88233757019043,10.88233757019043
2006-09-12,10.951454093372476,11.058971405029297
2006-09-13,11.112732563353461,11.243289947509766
2006-09-14,11.26632663624307,11.220247268676758
2006-09-15,11.289363881823324,11.235605239868164
2006-09-18,11.151130151827012,11.281686782836914
2006-09-19,11.258651814334156,11.250971794128418
2006-09-20,11.289364908092605,11.404562950134277
2006-09-21,11.4429662228254,11.297049522399902
2006-09-22,11.266331315522828,11.181853294372559
2006-09-25,11.151134008780677,11.343130111694336
2006-09-26,11.343126642723448,11.481363296508789
2006-09-27,11.473684489718469,11.527443885803223
2006-09-28,11.481366027851164,11.542804718017578
2006-09-29,11.504405534025144,11.427607536315918
2006-10-02,11.466005527905242,11.396886825561523
2006-10-03,11.38920876624569,11.343130111694336
2006-10-04,11.297048384519247,11.535123825073242
2006-10-05,11.61192210564268,11.62728214263916
2006-10-06,11.619601829188863,11.535123825073242
2006-10-09,11.458322994069874,11.657999038696289
2006-10-10,11.619601390831484,11.727119445800781
2006-10-11,11.711759725161448,11.696399688720703
2006-10-12,11.765516853996932,11.903754234313965
2006-10-13,11.903754462606967,12.003592491149902
2006-10-16,12.057350050650639,12.118788719177246
2006-10-17,11.995914414993683,12.049673080444336
2006-10-18,12.21094624580784,12.041990280151367
2006-10-19,11.980555694770198,12.13415241241455
2006-10-20,12.080388470723518,12.011270523071289
2006-10-23,11.93447778621833,12.103434562683105
2006-10-24,12.041991959078112,12.16486930847168
2006-10-25,12.180229108529202,12.187909126281738
2006-10-26,12.195592497792706,12.210951805114746
2006-10-27,12.149510625702764,12.026633262634277
2006-10-30,11.95751114279958,12.011270523071289
2006-10-31,12.041991423129156,11.972872734069824
2006-11-01,11.91911550169871,11.727119445800781
2006-11-02,11.696400688503282,11.6426420211792
2006-11-03,11.642641447228764,11.62728214263916
2006-11-06,11.665679994425522,11.780878067016602
2006-11-07,11.734798651952671,11.834636688232422
2006-11-08,11.78856035521766,11.865358352661133
2006-11-09,11.849993380497997,11.757835388183594
2006-11-10,11.71175751962928,11.82695484161377
2006-11-13,11.796234054301046,11.803914070129395
2006-11-14,11.826955830752906,11.995912551879883
2006-11-15,11.965195072963756,12.049673080444336
2006-11-16,12.041990280151367,12.041990280151367
2006-11-17,11.942153398088646,11.972872734069824
2006-11-20,11.94215492263335,11.98823356628418
2006-11-21,11.980554617687023,12.026633262634277
2006-11-22,12.018953738414409,12.049673080444336
2006-11-24,11.957515054354552,12.049673080444336
2006-11-27,11.988230002766295,11.757835388183594
2006-11-28,11.734798691498805,11.780878067016602
2006-11-29,11.84231779257409,11.942155838012695
2006-11-30,11.903758129473388,11.896078109741211
2006-12-01,11.88839285226061,11.81927490234375
2006-12-04,11.865356462591159,12.034313201904297
2006-12-05,11.980554005618046,12.065032005310059
2006-12-06,12.065029067526048,12.072709083557129
2006-12-07,12.049673080444336,12.049673080444336
2006-12-08,11.995913801741612,12.088071823120117
2006-12-11,12.088071744223676,12.095751762390137
2006-12-12,12.07271251909379,12.088071823120117
2006-12-13,12.111108905736684,12.149507522583008
2006-12-14,12.134149252532616,12.2647066116333
2006-12-15,12.287746964151705,12.257027626037598
2006-12-18,12.31078763473499,12.218628883361816
2006-12-19,12.14183139255026,12.241668701171875
2006-12-20,12.264707643667823,12.257027626037598
2006-12-21,12.280068397521973,12.280068397521973
2006-12-22,12.257028737825575,12.241668701171875
2006-12-26,12.203270409365727,12.280068397521973
2006-12-27,12.326147826484375,12.39526653289795
2006-12-28,12.379906812445032,12.364546775817871
2006-12-29,12.326147123549243,12.272388458251953
2007-01-03,12.326146964418967,12.287748336791992
2007-01-04,12.318468088923563,12.418305397033691
2007-01-05,12.349183834063222,12.318465232849121
2007-01-08,12.295428347779593,12.387585639953613
2007-01-09,12.341507468714406,12.433666229248047
2007-01-10,12.364542040394879,12.46437931060791
2007-01-11,12.502781059397355,12.641016960144043
2007-01-12,12.671740294590156,12.694780349731445
2007-01-16,12.717818940059004,12.694780349731445
2007-01-17,12.733177341306494,12.717817306518555
2007-01-18,12.748537412061191,12.664058685302734
2007-01-19,12.594940551556776,12.702459335327148
2007-01-22,12.671739776274164,12.602621078491211
2007-01-23,12.54117929513861,12.67941665649414
2007-01-24,12.648698040214127,12.825335502624512
2007-01-25,12.786934342103345,12.641016960144043
2007-01-26,12.610299795189087,12.687098503112793
2007-01-29,12.625660622580773,12.702459335327148
2007-01-30,12.679420506963366,12.725499153137207
2007-01-31,12.63334095282228,12.771576881408691
2007-02-01,12.817657272232093,12.886775970458984
2007-02-02,12.90981448105265,12.894455909729004
2007-02-05,12.863733261938167,12.917491912841797
2007-02-06,12.963571348264956,12.932852745056152
2007-02-07,13.017332197334326,13.055730819702148
2007-02-08,13.109492934847149,13.140213012695312
2007-02-09,13.170926412287105,12.986610412597656
2007-02-12,13.017335629779836,12.90213680267334
2007-02-13,12.978931582710254,12.963571548461914
2007-02-14,13.048053614024692,13.109492301940918
2007-02-15,13.109487149555404,13.147887229919434
2007-02-16,13.117171129289652,13.13253116607666
2007-02-20,13.101813759252051,13.24773120880127
2007-02-21,13.193971743916604,13.232370376586914
2007-02-22,13.217011128974473,13.24773120880127
2007-02-23,13.124849517917937,13.15556812286377
2007-02-26,13.224684565395243,13.086448669433594
2007-02-27,12.856054141911363,12.5258207321167
2007-02-28,12.641016960144043,12.641016960144043
2007-03-01,12.43366507547381,12.602621078491211
2007-03-02,12.594940334898084,12.379905700683594
2007-03-05,12.187908017040332,12.203268051147461
2007-03-06,12.402947025599511,12.441347122192383
2007-03-07,12.464384965412627,12.372227668762207
2007-03-08,12.518140527173069,12.594939231872559
2007-03-09,12.68709881588494,12.656378746032715
2007-03-12,12.66405955979249,12.771576881408691
2007-03-13,12.72549782996341,12.518141746520996
2007-03-14,12.602619248823855,12.594939231872559
2007-03-15,12.625660063038096,12.664058685302734
2007-03-16,12.62565891150748,12.633338928222656
2007-03-19,12.679420506963366,12.725499153137207
2007-03-20,12.710136043172733,12.848373413085938
2007-03-21,12.863732034689722,13.04804801940918
2007-03-22,13.094126649385736,13.04804801940918
2007-03-23,13.094132151527592,13.071093559265137
2007-03-26,13.094131514258596,13.040372848510742
2007-03-27,13.017335065778488,12.955896377563477
2007-03-28,12.856056213378904,12.856056213378906
2007-03-29,12.917492098042539,12.848373413085938
2007-03-30,12.83301314838292,12.871413230895996
2007-04-02,12.902136243663204,12.955896377563477
2007-04-03,12.9712498922456,13.086448669433594
2007-04-04,13.05573082577288,13.15556812286377
2007-04-05,13.124853819122148,13.24773120880127
2007-04-09,13.309169106741473,13.232370376586914
2007-04-10,13.209328654404207,13.309165954589844
2007-04-11,13.316846206814922,13.186288833618164
2007-04-12,13.186291325839132,13.270770072937012
2007-04-13,13.347564462242056,13.370604515075684
2007-04-16,13.432043714673751,13.462763786315918
2007-04-17,13.485802729293816,13.47812271118164
2007-04-18,13.501162648055054,13.43972396850586
2007-04-19,13.309169743838446,13.40900707244873
2007-04-20,13.531883197561788,13.585641860961914
2007-04-23,13.600998715039811,13.516521453857422
2007-04-24,13.470441124551323,13.39364242553711
2007-04-25,13.516523555264286,13.547242164611816
2007-04-26,13.585636250696748,13.677793502807617
2007-04-27,13.754593798682805,13.708515167236328
2007-04-30,13.762280115489885,13.508845329284668
2007-05-01,13.501158714294434,13.501158714294434
2007-05-02,13.478122396194872,13.60867977142334
2007-05-03,13.662438782821107,13.624038696289062
2007-05-04,13.708517040963093,13.762275695800781
2007-05-07,13.739234567619421,13.723875999450684
2007-05-08,13.677798076333724,13.746916770935059
2007-05-09,13.631720028124125,13.831396102905273
2007-05-10,13.700839605790746,13.547242164611816
2007-05-11,13.624038739065256,13.670117378234863
2007-05-14,13.64708094082225,13.547242164611816
2007-05-15,13.508845703669744,13.42436695098877
2007-05-16,13.447402762554127,13.516521453857422
2007-05-17,13.470440268777956,13.485798835754395
2007-05-18,13.439724520821818,13.577961921691895
2007-05-21,13.616355568035976,13.700834274291992
2007-05-22,13.693158826098921,13.769957542419434
2007-05-23,13.785315055487633,13.685476303100586
2007-05-24,13.654755213200982,13.493477821350098
2007-05-25,13.501163281583995,13.570281982421875
2007-05-29,13.639399607033136,13.631719589233398
2007-05-30,13.524200981588537,13.71619701385498
2007-05-31,13.708521049419607,13.693161010742188
2007-06-01,13.785314067586201,13.73923397064209
2007-06-04,13.654759528086068,13.79299545288086
2007-06-05,13.716195183279622,13.708515167236328
2007-06-06,13.608682411694076,13.531885147094727
2007-06-07,13.51651698253805,13.2784423828125
2007-06-08,13.255405060274194,13.39364242553711
2007-06-11,13.332201936402825,13.385960578918457
2007-06-12,13.309164990709094,13.209327697753906
2007-06-13,13.224687187620644,13.362924575805664
2007-06-14,13.432039032973234,13.455079078674316
2007-06-15,13.600995582624703,13.593317031860352
2007-06-18,13.54724372112624,13.531885147094727
2007-06-19,13.54724192720467,13.570281982421875
2007-06-20,13.585642618180374,12.587262153625488
2007-06-21,13.439722745207813,13.516521453857422
2007-06-22,13.47812378936865,13.416685104370117
2007-06-25,13.408998240070828,13.2784423828125
2007-06-26,13.37828757448759,13.255410194396973
2007-06-27,13.247724227155738,13.432040214538574
2007-06-28,13.478122357323363,13.462763786315918
2007-06-29,13.501158714294434,13.501158714294434
2007-07-02,13.516522251864572,13.631719589233398
2007-07-03,13.670116068070351,13.654757499694824
2007-07-05,13.670115290039227,13.73923397064209
2007-07-06,13.731557333107867,13.831396102905273
2007-07-09,13.854434324411057,13.823714256286621
2007-07-10,13.746917085167588,13.61635971069336
2007-07-11,13.61635664175107,13.73923397064209
2007-07-12,13.839077539645663,13.977314949035645
2007-07-13,13.938907605439562,13.992666244506836
2007-07-16,13.923554420471191,13.923554420471191
2007-07-17,13.946587620279608,13.992666244506836
2007-07-18,13.885157424647275,13.900517463684082
2007-07-19,13.992669671948038,14.0310697555542
2007-07-20,14.031073216274205,13.923554420471191
2007-07-23,13.992672841036452,14.00035285949707
2007-07-24,13.869793152910324,13.647078514099121
2007-07-25,13.754598226512464,13.601000785827637
2007-07-26,13.316849126238324,13.232370376586914
2007-07-27,13.178610219269165,12.994294166564941
2007-07-30,12.948216295466024,13.109492301940918
2007-07-31,13.309163778257533,12.986610412597656
2007-08-01,12.994292145025504,13.055730819702148
2007-08-02,13.109491110896148,13.13253116607666
2007-08-03,13.032692369587965,12.694780349731445
2007-08-06,12.725497210539094,12.779255867004395
2007-08-07,12.81765481133489,12.848373413085938
2007-08-08,12.986612163571223,13.001972198486328
2007-08-09,12.78693526121456,12.594939231872559
2007-08-10,12.35686421556272,12.833013534545898
2007-08-13,12.986612278339472,12.940533638000488
2007-08-14,12.948212289477821,12.633338928222656
2007-08-15,12.579581306635928,12.425985336303711
2007-08-16,12.249348969285707,12.387585639953613
2007-08-17,12.687096882875556,12.556539535522461
2007-08-20,12.656380257829298,12.694780349731445
2007-08-21,12.656378210944276,12.809975624084473
2007-08-22,12.894452097882915,13.04804801940918
2007-08-23,13.078772941769053,13.040372848510742
2007-08-24,13.032692307663147,13.2400484085083
2007-08-27,13.178608169055439,13.055730819702148
2007-08-28,13.017332205641344,12.710137367248535
2007-08-29,12.848374221226331,12.963571548461914
2007-08-30,12.909815391567536,12.94821548461914
2007-08-31,13.071093671298476,13.109492301940918
2007-09-04,13.055729283653099,13.31684398651123
2007-09-05,13.24773120880127,13.24773120880127
2007-09-06,13.35524234362333,13.39364242553711
2007-09-07,13.16324813418289,13.055730819702148
2007-09-10,13.155567582125714,12.963571548461914
2007-09-11,13.048049754090473,13.217005729675293
2007-09-12,13.178605802963052,13.201645851135254
2007-09-13,13.255411228757968,13.24773120880127
2007-09-14,13.117172617270667,13.270770072937012
2007-09-17,13.263088745260559,13.163249969482422
2007-09-18,13.278446748072918,13.670117378234863
2007-09-19,13.846758791869203,13.900517463684082
2007-09-20,13.87747494262226,13.862114906311035
2007-09-21,13.977315028643678,13.969635009765625
2007-09-24,14.046431014081806,13.954272270202637
2007-09-25,13.854438394738946,14.0387544631958
2007-09-26,14.13858878613935,14.100190162658691
2007-09-27,14.161631330606621,14.28450870513916
2007-09-28,14.24610610373607,14.100190162658691
2007-10-01,14.06178808255174,14.26146411895752
2007-10-02,14.261463319023607,14.246103286743164
2007-10-03,14.19234399040588,14.061786651611328
2007-10-04,14.038755632578123,14.11555290222168
2007-10-05,14.261467574016825,14.345946311950684
2007-10-08,14.307548042110625,14.353628158569336
2007-10-09,14.399702602211697,14.491861343383789
2007-10-10,14.476503289227692,14.584020614624023
2007-10-11,14.768334831743696,14.42274284362793
2007-10-12,14.537943902703407,14.630101203918457
2007-10-15,14.63009925910621,14.584020614624023
2007-10-16,14.476495892841971,14.461135864257812
2007-10-17,14.591693177597254,14.461135864257812
2007-10-18,14.468823824084934,14.622421264648438
2007-10-19,14.5225830084788,14.084832191467285
2007-10-22,13.83139625909393,14.207708358764648
2007-10-23,14.415066524540748,14.630101203918457
2007-10-24,14.530259178643556,14.576337814331055
2007-10-25,14.607061544921109,14.59170150756836
2007-10-26,14.791377862153954,14.806737899780273
2007-10-29,14.92960947662822,14.860490798950195
2007-10-30,14.822093065390245,14.614738464355469
2007-10-31,14.676179878376336,14.776017189025879
2007-11-01,14.545623269954705,14.45346450805664
2007-11-02,14.522581060228788,14.476502418518066
2007-11-05,14.246107537153627,14.345946311950684
2007-11-06,14.26914908866738,14.630101203918457
2007-11-07,14.491859149441902,14.169305801391602
2007-11-08,14.169307932669057,14.046430587768555
2007-11-09,13.961952177540603,13.670117378234863
2007-11-12,13.67011741055995,13.170928001403809
2007-11-13,13.416684735894098,13.601000785827637
2007-11-14,13.739234752607087,13.654757499694824
2007-11-15,13.593316598461453,13.385960578918457
2007-11-16,13.547237498099916,13.485798835754395
2007-11-19,13.370601809958217,13.201645851135254
2007-11-20,13.293803936913145,13.31684398651123
2007-11-21,13.209329242788627,13.101810455322266
2007-11-23,13.26308932695897,13.347566604614258
2007-11-26,13.339889184728873,13.232370376586914
2007-11-27,13.301487753099593,13.416685104370117
2007-11-28,13.654763873601608,13.87747859954834
2007-11-29,13.85443092151082,13.677793502807617
2007-11-30,13.84675720814914,13.869795799255371
2007-12-03,13.869791878107112,13.931230545043945
2007-12-04,13.816037089481952,13.923554420471191
2007-12-05,13.93123949804717,14.176994323730469
2007-12-06,14.01571561268836,14.445786476135254
2007-12-07,14.537936711716037,14.384339332580566
2007-12-10,14.35362233148693,14.415060997009277
2007-12-11,14.468821038765075,13.823714256286621
2007-12-12,14.368985354823105,14.153950691223145
2007-12-13,14.153949696642215,14.207708358764648
2007-12-14,14.092512495968244,14.008033752441406
2007-12-17,13.938911649581046,13.71619701385498
2007-12-18,13.81603345373828,13.654757499694824
2007-12-19,13.60099815682487,13.823714256286621
2007-12-20,13.946591718843997,14.107869148254395
2007-12-21,14.192351729943178,14.392027854919434
2007-12-24,14.384339213292527,14.499536514282227
2007-12-26,14.522582488838035,14.622421264648438
2007-12-27,14.660819581952495,14.361306190490723
2007-12-28,14.57633860257692,14.491861343383789
2007-12-31,14.453455143382076,14.330577850341797
2008-01-02,14.32290670759651,14.153950691223145
2008-01-03,14.246103286743164,14.246103286743164
2008-01-04,13.992670782049164,13.670117378234863
2008-01-07,13.70083384023846,13.493477821350098
2008-01-08,13.524201075676366,13.209327697753906
2008-01-09,13.16324658548408,13.31684398651123
2008-01-10,13.147885962857877,13.385960578918457
2008-01-11,13.209328159761169,13.063410758972168
2008-01-14,13.140209923029257,13.362924575805664
2008-01-15,13.193968558604547,12.97125244140625
2008-01-16,12.840696304518417,12.694780349731445
2008-01-17,12.67173641825534,12.072709083557129
2008-01-18,12.164868086775552,12.118788719177246
2008-01-22,11.427602223776491,11.965190887451172
2008-01-23,11.565840251434022,12.041990280151367
2008-01-24,12.134151742320244,12.326147079467773
2008-01-25,12.63334410877942,12.210951805114746
2008-01-28,12.126471334944872,12.364546775817871
2008-01-29,12.518143032181342,12.287748336791992
2008-01-30,12.295427840277076,12.095751762390137
2008-01-31,11.896076336357169,12.272388458251953
2008-02-01,12.349183311973158,12.62565803527832
2008-02-04,12.571902471039715,12.602621078491211
2008-02-05,12.510463130281453,12.080390930175781
2008-02-06,12.018950866525724,11.82695484161377
2008-02-07,11.71175580340587,11.934471130371094
2008-02-08,11.980554617687023,12.026633262634277
2008-02-11,12.103434217436183,12.233991622924805
2008-02-12,12.28774532110249,12.303105354309082
2008-02-13,12.47974190723005,12.594939231872559
2008-02-14,12.610300850807333,12.333826065063477
2008-02-15,12.418304797332686,12.333826065063477
2008-02-19,12.456702380145412,12.34150505065918
2008-02-20,12.27238332074095,12.46437931060791
2008-02-21,12.59493863039178,12.356863975524902
2008-02-22,12.395264271117782,12.379905700683594
2008-02-25,12.395266079458834,12.587262153625488
2008-02-26,12.510463595816296,12.67173957824707
2008-02-27,12.64869872856966,12.656378746032715
2008-02-28,12.571897886692625,12.53349781036377
2008-02-29,12.456699795663422,12.157186508178711
2008-03-03,12.049669507487891,12.149507522583008
2008-03-04,12.095751883035101,12.034313201904297
2008-03-05,12.141828959323009,12.172548294067383
2008-03-06,12.049671705957968,11.91911506652832
2008-03-07,11.734799428328904,11.68104076385498
2008-03-10,11.650321579217236,11.396886825561523
2008-03-11,11.696397749485515,11.873034477233887
2008-03-12,11.942156506048859,11.849998474121094
2008-03-13,11.67336040095568,12.034313201904297
2008-03-14,12.210946891437679,11.82695484161377
2008-03-17,11.4122484755396,11.473687171936035
2008-03-18,11.696396454757888,12.011270523071289
2008-03-19,11.965194992341111,11.788558959960938
2008-03-20,11.780878067016602,11.780878067016602
2008-03-24,11.965192047860727,12.118788719177246
2008-03-25,12.280068318303847,12.287748336791992
2008-03-26,12.257029074315787,12.280068397521973
2008-03-27,12.257024900853228,11.965190887451172
2008-03-28,11.965193591697293,11.98055362701416
2008-03-31,12.00359050697438,12.011270523071289
2008-04-01,12.157190675792338,12.364546775817871
2008-04-02,12.295428190726065,12.402945518493652
2008-04-03,12.34918359387097,12.495100975036621
2008-04-04,12.617978019096142,12.62565803527832
2008-04-07,12.756216501062541,12.610299110412598
2008-04-08,12.533500528743044,12.648697853088379
2008-04-09,12.664058109687812,12.5258207321167
2008-04-10,12.479741010199564,12.641016960144043
2008-04-11,12.525823167582015,12.326147079467773
2008-04-14,12.349187012350063,12.387585639953613
2008-04-15,12.495103039097517,12.479743003845215
2008-04-16,12.641017252631597,12.909811973571777
2008-04-17,12.856053197890764,12.871413230895996
2008-04-18,13.124848334581026,13.178606986999512
2008-04-21,13.109492994265194,13.232370376586914
2008-04-22,13.063410837138424,13.055730819702148
2008-04-23,13.055730855875648,13.001972198486328
2008-04-24,12.978934094246652,12.94821548461914
2008-04-25,13.040370593710657,13.124849319458008
2008-04-28,13.132532519325355,13.094132423400879
2008-04-29,13.017331006528293,12.833013534545898
2008-04-30,12.917494894997379,12.856056213378906
2008-05-01,12.85605408411636,12.978931427001953
2008-05-02,13.15556606755758,13.017330169677734
2008-05-05,12.955890759456068,13.04804801940918
2008-05-06,12.955896940048136,13.140213012695312
2008-05-07,13.132528059863562,12.909811973571777
2008-05-08,12.932851455851173,13.017330169677734
2008-05-09,12.948211795300697,12.986610412597656
2008-05-12,13.001975592006447,13.140213012695312
2008-05-13,13.155567059934137,13.217005729675293
2008-05-14,13.201651703577705,13.140213012695312
2008-05-15,13.155563892144086,13.301481246948242
2008-05-16,13.378287075965057,13.401327133178711
2008-05-19,13.462764546041331,13.2400484085083
2008-05-20,13.209323714373944,13.2784423828125
2008-05-21,13.332205625093351,13.001972198486328
2008-05-22,12.963574126807904,13.040372848510742
2008-05-23,12.978934970135436,12.955896377563477
2008-05-27,12.955888732022462,13.009647369384766
2008-05-28,13.101810102486843,13.186288833618164
2008-05-29,13.163247595023677,13.209327697753906
2008-05-30,13.217008353476487,13.2400484085083
2008-06-02,13.170931765326761,13.224690437316895
2008-06-03,13.247724482666374,13.201645851135254
2008-06-04,13.132530173739548,13.186288833618164
2008-06-05,13.20933080222601,13.52420425415039
2008-06-06,13.524203062076532,13.355245590209961
2008-06-09,13.339882027579854,13.378280639648438
2008-06-10,13.2784423828125,13.2784423828125
2008-06-11,13.316845559473421,13.15556812286377
2008-06-12,13.193968010557928,13.124849319458008
2008-06-13,13.178610974554967,13.401327133178711
2008-06-16,13.416682693168871,13.516521453857422
2008-06-17,13.570281982421875,13.570281982421875
2008-06-18,13.485804351048284,13.554923057556152
2008-06-19,13.593320162507029,13.516521453857422
2008-06-20,13.50116377583552,13.324527740478516
2008-06-23,13.38596158389618,13.432040214538574
2008-06-24,13.347561761786015,13.201645851135254
2008-06-25,13.193965835077853,13.201645851135254
2008-06-26,13.140209583095182,13.001972198486328
2008-06-27,12.940531292525224,13.086448669433594
2008-06-30,13.094129756394182,13.02501106262207
2008-07-01,12.963571997711549,13.063410758972168
2008-07-02,13.15556844199701,12.479743003845215
2008-07-03,12.556541711592233,12.379905700683594
2008-07-07,12.433662676556814,12.356863975524902
2008-07-08,12.3107872428255,12.456703186035156
2008-07-09,12.571901095034168,12.3491849899292
2008-07-10,12.433661184475254,12.564218521118164
2008-07-11,12.395264985142354,12.602621078491211
2008-07-14,12.756218510189699,12.602621078491211
2008-07-15,12.410621976617271,12.62565803527832
2008-07-16,12.556541448640095,12.656378746032715
2008-07-17,12.802294197642796,12.556539535522461
2008-07-18,12.510463310432707,12.456703186035156
2008-07-21,12.610299233244417,12.648697853088379
2008-07-22,12.556539327469958,12.67941665649414
2008-07-23,12.625661818499626,12.387585639953613
2008-07-24,12.571899631959267,12.149507522583008
2008-07-25,12.410623384746549,12.203268051147461
2008-07-28,12.233991622924805,12.233991622924805
2008-07-29,12.349187285564009,12.502784729003906
2008-07-30,12.602622448842967,12.802298545837402
2008-07-31,12.77925485137077,12.633338928222656
2008-08-01,12.87141698791021,12.587262153625488
2008-08-04,12.441341612432323,12.141827583312988
2008-08-05,12.134148651070047,12.303105354309082
2008-08-06,12.257030320581368,12.441347122192383
2008-08-07,12.349184713131505,12.203268051147461
2008-08-08,12.180228904496499,12.379905700683594
2008-08-11,12.518139929359869,12.356863975524902
2008-08-12,12.356864005718762,12.303105354309082
2008-08-13,12.28006491146689,12.495100975036621
2008-08-14,12.449021839424871,12.594939231872559
2008-08-15,12.479743003845215,12.479743003845215
2008-08-18,12.58725861380725,12.356863975524902
2008-08-19,12.280068432922569,12.326147079467773
2008-08-20,12.379907360177501,12.502784729003906
2008-08-21,12.449020772234817,12.556539535522461
2008-08-22,12.518138427140753,12.564218521118164
2008-08-25,12.48742349376865,12.333826065063477
2008-08-26,12.364547049316982,12.387585639953613
2008-08-27,12.472062673756579,12.510462760925293
2008-08-28,12.587258135880838,12.556539535522461
2008-08-29,12.487424017399338,12.425985336303711
2008-09-02,12.433663435907242,12.203268051147461
2008-09-03,12.134150321392388,12.080390930175781
2008-09-04,11.949837245835322,11.634963035583496
2008-09-05,11.396889678103255,11.61192512512207
2008-09-08,11.757839527481734,11.62728214263916
2008-09-09,11.473683401136736,11.197209358215332
2008-09-10,11.250969732778758,11.435286521911621
2008-09-11,11.266329449206712,11.56584358215332
2008-09-12,11.435289048172667,11.61192512512207
2008-09-15,11.066652103179186,11.135770797729492
2008-09-16,11.13576943995589,11.327765464782715
2008-09-17,11.097371067973667,10.70569896697998
2008-09-18,10.705702394454224,11.174173355102539
2008-09-19,12.195590282812706,11.68104076385498
2008-09-22,11.151129964608005,11.350805282592773
2008-09-23,11.3661696226149,11.1588134765625
2008-09-24,11.135770377912902,11.105051040649414
2008-09-25,11.012891945645103,11.220247268676758
2008-09-26,10.828578187265679,11.151131629943848
2008-09-29,10.905373595964123,10.175788879394531
2008-09-30,10.28331091159716,10.498346328735352
2008-10-01,10.521385654612702,10.498346328735352
2008-10-02,10.436904787678317,9.83019733428955
2008-10-03,9.784116929099282,9.714998245239258
2008-10-06,9.284930595498906,9.36940860748291
2008-10-07,9.354045726645825,8.73965835571289
2008-10-08,8.278868472184033,8.62446117401123
2008-10-09,8.563022357025497,8.240468978881836
2008-10-10,7.672160583517084,8.102231979370117
2008-10-13,8.662861208670222,9.14669132232666
2008-10-14,9.284930610072362,8.931657791137695
2008-10-15,8.716620934477266,8.125272750854492
2008-10-16,8.516942551074067,8.486223220825195
2008-10-17,8.555343328982765,8.56302261352539
2008-10-20,8.747341682075996,8.816459655761719
2008-10-21,8.92397602644427,8.693580627441406
2008-10-22,8.37102566752836,8.232789039611816
2008-10-23,8.294226213791928,8.033111572265625
2008-10-24,6.950257755087451,7.856478691101074
2008-10-27,7.564642380161249,7.595361709594727
2008-10-28,7.91791871468233,7.9639973640441895
2008-10-29,8.163676196733585,8.217434883117676
2008-10-30,8.532303689227229,8.493905067443848
2008-10-31,8.447825180875423,8.62446117401123
2008-11-03,8.778058581407068,8.62446117401123
2008-11-04,8.670540096091027,8.770378112792969
2008-11-05,8.524625848574559,8.347989082336426
2008-11-06,8.194390244088126,8.025433540344238
2008-11-07,8.025432757713581,8.132950782775879
2008-11-10,8.117592771558572,8.071514129638672
2008-11-11,7.79503666097151,7.756638050079346
2008-11-12,7.541604291734871,7.441766262054443
2008-11-13,7.4033683661427645,7.879518508911133
2008-11-14,7.910235595925923,7.587682247161865
2008-11-17,7.441767118294132,7.426407814025879
2008-11-18,7.595362985511266,7.288168907165527
2008-11-19,7.326567359403486,6.750579357147217
2008-11-20,6.812017538139976,6.266748905181885
2008-11-21,6.328188009011295,6.750579357147217
2008-11-24,6.712182229778511,7.180653095245361
2008-11-25,7.3726499543348165,7.464807987213135
2008-11-26,6.9041762019415245,7.587682247161865
2008-11-28,7.572324138040033,7.610723495483398
2008-12-01,7.748961140597388,7.096174240112305
2008-12-02,7.2728112721833424,7.311210632324219
2008-12-03,7.372649500444728,7.487846851348877
2008-12-04,7.295847568029777,7.280487537384033
2008-12-05,7.242091153234437,7.541604518890381
2008-12-08,7.910235019389514,7.595361709594727
2008-12-09,7.564644344096584,7.441766262054443
2008-12-10,7.587684494138426,7.480166435241699
2008-12-11,7.395686787531942,7.303528785705566
2008-12-12,7.027055235218844,7.3726487159729
2008-12-15,7.626082320105169,7.288168907165527
2008-12-16,7.295850467780705,7.47248649597168
2008-12-17,7.434087123705726,7.5492844581604
2008-12-18,7.472487620227571,7.526247024536133
2008-12-19,7.619276925261052,7.503950119018555
2008-12-22,7.450129415647364,7.3194260597229
2008-12-23,7.434754531819041,7.36555814743042
2008-12-24,7.33480213094173,7.3809332847595215
2008-12-26,7.3886221318561995,7.442441940307617
2008-12-29,7.2809851339196126,7.265607833862305
2008-12-30,7.380934293296439,7.542392253875732
2008-12-31,7.534702972192235,7.688472270965576
2009-01-02,7.7730462166152625,7.865307807922363
2009-01-05,7.849929717135199,7.749979496002197
2009-01-06,7.749979490431904,7.734602928161621
2009-01-07,7.680783392427083,7.657718181610107
2009-01-08,7.611588890671191,7.703851222991943
2009-01-09,7.650029554530289,7.611587047576904
2009-01-12,7.588522430440595,7.573145866394043
2009-01-13,7.573143367314263,7.596208572387695
2009-01-14,7.4885717871056805,7.419375419616699
2009-01-15,7.365556293397205,7.588521957397461
2009-01-16,7.6192731800039954,7.665404319763184
2009-01-20,7.611586844964405,7.457817554473877
2009-01-21,7.442438153031617,7.6269612312316895
2009-01-22,7.557768590017377,7.511638164520264
2009-01-23,7.4193765690627815,7.4962615966796875
2009-01-26,7.4731945928822565,7.550078868865967
2009-01-27,7.52701162941125,7.603896617889404
2009-01-28,7.66540575034768,7.742290019989014
2009-01-29,7.673091634166941,7.6269612312316895
2009-01-30,7.65772089782034,7.5193281173706055
2009-02-02,7.434752419459464,7.6192755699157715
2009-02-03,7.6115859479493695,7.7269134521484375
2009-02-04,7.719222770331726,7.6269612312316895
2009-02-05,7.611587254963979,7.688472270965576
2009-02-06,7.734604111931135,7.780734539031982
2009-02-09,7.742290728863377,7.773044586181641
2009-02-10,7.696160239725657,7.550078868865967
2009-02-11,7.588521373472716,7.550078868865967
2009-02-12,7.419372218334456,7.6269612312316895
2009-02-13,7.619276274853656,7.650030136108398
2009-02-17,7.457818336510392,7.573145866394043
2009-02-18,7.5731457843503245,7.473195552825928
2009-02-19,7.534701984397345,7.3578667640686035
2009-02-20,7.288673839813064,7.334805011749268
2009-02-23,7.350179620579268,7.142590522766113
2009-02-24,7.19641145006447,7.265607833862305
2009-02-25,7.27329048888572,7.173340320587158
2009-02-26,7.196408045973839,6.919623374938965
2009-02-27,6.865805165871671,6.819674015045166
2009-03-02,6.7120348275486865,6.550577640533447
2009-03-03,6.5813330818644475,6.481382846832275
2009-03-04,6.519823515500512,6.612085819244385
2009-03-05,6.481382038618097,6.427562236785889
2009-03-06,6.419873604555902,6.3814311027526855
2009-03-09,6.335299495147477,6.273791790008545
2009-03-10,6.296857672782694,6.473692893981934
2009-03-11,6.466003775824157,6.412184715270996
2009-03-12,6.51213723152061,6.642841339111328
2009-03-13,6.612084746523472,6.75816535949707
2009-03-16,6.819675031541438,6.650528430938721
2009-03-17,6.635150406988917,6.804296970367432
2009-03-18,6.796608079678405,6.8965582847595215
2009-03-19,6.904246936125697,6.819674015045166
2009-03-20,6.827362070702655,6.704346656799316
2009-03-23,6.7427895998419904,6.950377941131592
2009-03-24,6.9119350865213125,6.865804672241211
2009-03-25,6.873493526126774,6.927313327789307
2009-03-26,6.950382010761072,7.096462726593018
2009-03-27,6.981131076812744,6.981131076812744
2009-03-30,6.858117337666125,6.904247760772705
2009-03-31,6.950380390000458,7.050330638885498
2009-04-01,6.996510154850752,6.988821506500244
2009-04-02,7.188721444901603,7.1118364334106445
2009-04-03,7.173346105521154,7.065707206726074
2009-04-06,7.050328362583827,7.088770866394043
2009-04-07,6.996508369590018,6.981131076812744
2009-04-08,6.965756869610754,7.027264595031738
2009-04-09,7.142591575477974,7.181034088134766
2009-04-13,7.134901983469979,7.196409702301025
2009-04-14,7.14259089691359,7.1041483879089355
2009-04-15,7.065707269354269,7.150280952453613
2009-04-16,7.16565534963574,7.24254035949707
2009-04-17,7.2579160848585484,7.296358585357666
2009-04-20,7.196408276561018,7.1349005699157715
2009-04-21,7.096455350133059,7.173340320587158
2009-04-22,7.142586479051403,7.173340320587158
2009-04-23,7.173344983790413,7.119525909423828
2009-04-24,7.111836663819331,7.142590522766113
2009-04-27,7.011887813771916,7.188723087310791
2009-04-28,7.12721357793487,7.24254035949707
2009-04-29,7.296359993752897,7.342491149902344
2009-04-30,7.403998977779809,7.396310329437256
2009-05-01,7.357869973789096,7.350182056427002
2009-05-04,7.380933503776869,7.488571643829346
2009-05-05,7.503950119018555,7.503950119018555
2009-05-06,7.488572724343594,7.480884075164795
2009-05-07,7.388620842002311,7.450128555297852
2009-05-08,7.480882995759929,7.488571643829346
2009-05-11,7.465507732278918,7.4962615966796875
2009-05-12,7.557767776600174,7.457817554473877
2009-05-13,7.373245009592025,7.342491149902344
2009-05-14,7.3348026091565615,7.396310329437256
2009-05-15,7.357867608592834,7.304048538208008
2009-05-18,7.327113840708009,7.419375419616699
2009-05-19,7.411687499987828,7.403998851776123
2009-05-20,7.473195219221764,7.403998851776123
2009-05-21,7.357867835049579,7.3194260597229
2009-05-22,7.304048538208008,7.304048538208008
2009-05-26,7.265606540026048,7.511638164520264
2009-05-27,7.480882773776742,7.3809332847595215
2009-05-28,7.36555814743042,7.36555814743042
2009-05-29,7.357867820954356,7.396310329437256
2009-06-01,7.442441551647128,7.55776834487915
2009-06-02,7.580833764977758,7.650030136108398
2009-06-03,7.603897218488722,7.596208572387695
2009-06-04,7.619273777461126,7.596208572387695
2009-06-05,7.696159023302014,7.580831527709961
2009-06-08,7.511638269148939,7.565457344055176
2009-06-09,7.588521957397461,7.588521957397461
2009-06-10,7.634654935445058,7.534704685211182
2009-06-11,7.550080548223573,7.503950119018555
2009-06-12,7.457818860858341,7.480884075164795
2009-06-15,7.434751769990623,7.3578667640686035
2009-06-16,7.39631340972963,7.250232696533203
2009-06-17,7.2425399884153325,7.3578667640686035
2009-06-18,7.388620376586914,7.388620376586914
2009-06-19,7.475802447917621,7.437228202819824
2009-06-22,7.390938891624456,7.275214672088623
2009-06-23,7.282926888524444,7.228922367095947
2009-06-24,7.236638847648149,7.3060736656188965
2009-06-25,7.275215293929897,7.460374355316162
2009-06-26,7.437225685225246,7.444940090179443
2009-06-29,7.452655942806034,7.506660461425781
2009-06-30,7.514373567907208,7.475798606872559
2009-07-01,7.506661610140311,7.545236587524414
2009-07-02,7.4912329960944595,7.375508785247803
2009-07-06,7.275210069390213,7.329214572906494
2009-07-07,7.321501946360495,7.236637592315674
2009-07-08,7.267496536377381,7.282926082611084
2009-07-09,7.290642261505127,7.290642261505127
2009-07-10,7.275210372759024,7.313784599304199
2009-07-13,7.236636488919926,7.429510593414307
2009-07-14,7.406366565633789,7.506660461425781
2009-07-15,7.583810255996064,7.6609601974487305
2009-07-16,7.676387693996707,7.730392932891846
2009-07-17,7.714965375345968,7.738110065460205
2009-07-20,7.792119620245359,7.846124172210693
2009-07-21,7.876977405147191,7.853832721710205
2009-07-22,7.846120751979011,7.838405609130859
2009-07-23,7.861547577957209,7.954127788543701
2009-07-24,7.923269221572411,7.938698768615723
2009-07-27,7.930985736660304,7.892410755157471
2009-07-28,7.8769791089297145,7.938698768615723
2009-07-29,7.846117912292929,7.923267841339111
2009-07-30,7.938695302775036,8.008130073547363
2009-07-31,7.984989923789015,7.946414947509766
2009-08-03,7.946415090391121,8.000419616699219
2009-08-04,8.000416793946059,8.023561477661133
2009-08-05,8.00813242087116,7.984987735748291
2009-08-06,7.977272473312193,7.954127788543701
2009-08-07,7.977271413324002,8.085280418395996
2009-08-10,8.04670524597168,8.04670524597168
2009-08-11,8.008132765380765,7.992702484130859
2009-08-12,7.961844751528952,8.031279563903809
2009-08-13,8.01584819482243,8.038992881774902
2009-08-14,7.984991197288445,7.930985927581787
2009-08-17,7.861550272548934,7.815260887145996
2009-08-18,7.815259523279422,7.861548900604248
2009-08-19,7.853834694527093,7.9001240730285645
2009-08-20,7.907840113418271,8.000419616699219
2009-08-21,8.000418031338837,8.069852828979492
2009-08-24,8.062137568727374,8.038992881774902
2009-08-25,8.054420597553117,8.085280418395996
2009-08-26,8.062138473983584,8.054423332214355
2009-08-27,8.046709961341477,8.062139511108398
2009-08-28,8.092994603903385,8.04670524597168
2009-08-31,8.02356203003533,7.907837867736816
2009-09-01,7.861547504414568,7.7226786613464355
2009-09-02,7.707251293705841,7.768970966339111
2009-09-03,7.753539240118398,7.807543754577637
2009-09-04,7.745823599065128,7.907837867736816
2009-09-08,7.907842447010204,7.9772772789001465
2009-09-09,7.923268711256211,8.038992881774902
2009-09-10,8.023563894267605,8.131573677062988
2009-09-11,8.139286702379541,8.092996597290039
2009-09-14,8.008134345729093,8.131573677062988
2009-09-15,8.10071029879371,8.193289756774902
2009-09-16,8.177863531209521,8.316732406616211
2009-09-17,8.270440055888821,8.285869598388672
2009-09-18,8.301300259589086,8.339875221252441
2009-09-21,8.309015399072996,8.339875221252441
2009-09-22,8.355304678490098,8.332159996032715
2009-09-23,8.324447249546093,8.208723068237305
2009-09-24,8.19329435773506,8.116145133972168
2009-09-25,8.139285829647807,8.10071086883545
2009-09-28,8.085283897254232,8.224153518676758
2009-09-29,8.270438930158141,8.231863975524902
2009-09-30,8.231864714872765,8.193289756774902
2009-10-01,8.085286363389653,7.9772772789001465
2009-10-02,7.977276053650837,7.930985927581787
2009-10-05,7.977271413324002,8.085280418395996
2009-10-06,8.100711203286618,8.170145988464355
2009-10-07,8.185578542086446,8.224153518676758
2009-10-08,8.247298488133087,8.2704439163208
2009-10-09,8.247294934095331,8.332159996032715
2009-10-12,8.33987605297923,8.309016227722168
2009-10-13,8.255009777632809,8.285869598388672
2009-10-14,8.332161275544982,8.401596069335938
2009-10-15,8.347592582007689,8.40931224822998
2009-10-16,8.355310463565958,8.37845516204834
2009-10-19,8.355308862384005,8.447888374328613
2009-10-20,8.447884231002403,8.339875221252441
2009-10-21,8.33216149494444,8.255011558532715
2009-10-22,8.285874582531909,8.347594261169434
2009-10-23,8.355308279072897,8.2704439163208
2009-10-26,8.332164437728371,8.239584922790527
2009-10-27,8.216432340992593,8.139283180236816
2009-10-28,8.085281681362043,7.907837867736816
2009-10-29,7.992703669573358,8.054423332214355
2009-10-30,8.023559874834515,7.869260787963867
2009-11-02,7.87697696685791,7.87697696685791
2009-11-03,7.915552594017307,8.015847206115723
2009-11-04,8.03899259212427,7.992702484130859
2009-11-05,8.031273472271598,8.139283180236816
2009-11-06,8.170147845562676,8.185577392578125
2009-11-09,8.208725352113309,8.347594261169434
2009-11-10,8.34758875390979,8.386163711547852
2009-11-11,8.409313365859205,8.42474365234375
2009-11-12,8.393884252080763,8.29358959197998
2009-11-13,8.301301160953049,8.355305671691895
2009-11-16,8.363022479392392,8.50189208984375
2009-11-17,8.50189100259797,8.509605407714844
2009-11-18,8.494179375479446,8.440174102783203
2009-11-19,8.316732406616211,8.316732406616211
2009-11-20,8.262727935872327,8.301302909851074
2009-11-23,8.33987633204832,8.393880844116211
2009-11-24,8.386169244257037,8.347594261169434
2009-11-25,8.355305961556533,8.401596069335938
2009-11-27,8.270443554442155,8.216438293457031
2009-11-30,8.185574618004104,8.193289756774902
2009-12-01,8.309015399072996,8.339875221252441
2009-12-02,8.339876126804915,8.355305671691895
2009-12-03,8.363019518156408,8.285869598388672
2009-12-04,8.355303892588626,8.386163711547852
2009-12-07,8.347590531370265,8.355305671691895
2009-12-08,8.324444558272539,8.285869598388672
2009-12-09,8.30901501577269,8.285869598388672
2009-12-10,8.378448572869015,8.386163711547852
2009-12-11,8.3707341699463,8.386163711547852
2009-12-14,8.401599257043925,8.494178771972656
2009-12-15,8.478748484939576,8.494178771972656
2009-12-16,8.56361065807093,8.509605407714844
2009-12-17,8.417025614758204,8.401596069335938
2009-12-18,8.393883842966732,8.447888374328613
2009-12-21,8.455603144216388,8.563612937927246
2009-12-22,8.563609201347264,8.609898567199707
2009-12-23,8.609902873347577,8.717912673950195
2009-12-24,8.717910850015976,8.725625991821289
2009-12-28,8.741056442260742,8.741056442260742
2009-12-29,8.771911578762227,8.748766899108887
2009-12-30,8.7101975851582,8.764202117919922
2009-12-31,8.717908611928577,8.65618896484375
2010-01-04,8.679335046193966,8.756484985351562
2010-01-05,8.748774731412004,8.810494422912598
2010-01-06,8.779630609751539,8.795060157775879
2010-01-07,8.79506024103219,8.802775382995605
2010-01-08,8.76419867876033,8.818203926086426
2010-01-11,8.833639123286131,8.810494422912598
2010-01-12,8.756482692712261,8.70247745513916
2010-01-13,8.70248066236056,8.795060157775879
2010-01-14,8.733340462236557,8.771915435791016
2010-01-15,8.764197979364083,8.65618896484375
2010-01-19,8.671621904486443,8.787346839904785
2010-01-20,8.717911637558423,8.710196495056152
2010-01-21,8.679335120462222,8.555895805358887
2010-01-22,8.540464835053188,8.393880844116211
2010-01-25,8.432457695855794,8.37073802947998
2010-01-26,8.339876126804915,8.355305671691895
2010-01-27,8.32444494228462,8.339875221252441
2010-01-28,8.339879718086724,8.29358959197998
2010-01-29,8.332162391168387,8.208723068237305
2010-02-01,8.193293960541435,8.2704439163208
2010-02-02,8.270446078626097,8.37845516204834
2010-02-03,8.332160912725897,8.309016227722168
2010-02-04,8.224151848907342,8.038992881774902
2010-02-05,7.954132580189068,7.9772772789001465
2010-02-08,7.984986610045295,7.9695563316345215
2010-02-09,8.046708926201543,8.054423332214355
2010-02-10,8.023561610310798,8.015847206115723
2010-02-11,8.015851393510333,8.154720306396484
2010-02-12,8.10842634291886,8.170145988464355
2010-02-16,8.255011054779553,8.355305671691895
2010-02-17,8.409310389382911,8.393880844116211
2010-02-18,8.401597287882561,8.486461639404297
2010-02-19,8.471031522404404,8.50189208984375
2010-02-22,8.501890798040826,8.471030235290527
2010-02-23,8.440173779125718,8.347594261169434
2010-02-24,8.401596972694104,8.41702651977539
2010-02-25,8.33216045238286,8.432455062866211
2010-02-26,8.440174102783203,8.440174102783203
2010-03-01,8.471032779563362,8.633047103881836
2010-03-02,8.663905477806239,8.6947660446167
2010-03-03,8.702480450562906,8.6947660446167
2010-03-04,8.710197530530742,8.717912673950195
2010-03-05,8.733337946706644,8.841347694396973
2010-03-08,8.849066598693721,8.856781005859375
2010-03-09,8.810489026149725,8.879923820495605
2010-03-10,8.88764299206474,8.94164752960205
2010-03-11,8.910785035838078,8.980219841003418
2010-03-12,9.011078666076862,8.995648384094238
2010-03-15,8.980217800856064,8.987932205200195
2010-03-16,8.957075343719149,9.018795013427734
2010-03-17,9.034225410891873,9.049654960632324
2010-03-18,9.057368479856367,9.095943450927734
2010-03-19,8.987932205200195,8.987932205200195
2010-03-22,8.933924522442599,9.119083404541016
2010-03-23,9.126801773440258,9.211666107177734
2010-03-24,9.173088630303385,9.119083404541016
2010-03-25,9.149948844701056,9.088229179382324
2010-03-26,9.08822993861822,9.049654960632324
2010-03-29,9.11908901204169,9.088229179382324
2010-03-30,9.103659856250127,9.165379524230957
2010-03-31,9.142230815202117,9.126800537109375
2010-04-01,9.211668876676047,9.142234802246094
2010-04-05,9.149947033948125,9.30424690246582
2010-04-06,9.288816692855614,9.350536346435547
2010-04-07,9.319679036089838,9.257959365844727
2010-04-08,9.180804852745867,9.273385047912598
2010-04-09,9.265672006702216,9.350536346435547
2010-04-12,9.34282030012854,9.335105895996094
2010-04-13,9.327391780003598,9.381396293640137
2010-04-14,9.396828239087492,9.527982711791992
2010-04-15,9.535694416220446,9.581984519958496
2010-04-16,9.558839549528207,9.497119903564453
2010-04-19,9.489404341271838,9.41996955871582
2010-04-20,9.466263046490633,9.527982711791992
2010-04-21,9.535693214004906,9.520263671875
2010-04-22,9.45854753228587,9.682281494140625
2010-04-23,9.651420780772414,9.728569984436035
2010-04-26,9.759430099440745,9.774860382080078
2010-04-27,9.689997962619769,9.566557884216309
2010-04-28,9.597415618987819,9.48940658569336
2010-04-29,9.543409271553118,9.720853805541992
2010-04-30,9.689993549598961,9.41996955871582
2010-05-03,9.435403288345135,9.535697937011719
2010-05-04,9.458547720259709,9.281103134155273
2010-05-05,9.111375893192672,9.18080997467041
2010-05-06,9.088232535721657,8.918503761291504
2010-05-07,8.825920374329522,8.640761375427246
2010-05-10,9.018794760959128,9.165379524230957
2010-05-11,9.11908962914494,9.227099418640137
2010-05-12,9.265674313774888,9.450833320617676
2010-05-13,9.543411506611974,9.35825252532959
2010-05-14,9.265674022560974,9.111374855041504
2010-05-17,9.180806122101922,9.157661437988281
2010-05-18,9.234813669114574,9.003364562988281
2010-05-19,8.980218803070791,8.972503662109375
2010-05-20,8.725626468408132,8.640761375427246
2010-05-21,8.478748378243175,8.717912673950195
2010-05-24,8.725626202119845,8.825920104980469
2010-05-25,8.58675556065866,8.756484985351562
2010-05-26,8.810490409345475,8.771915435791016
2010-05-27,8.987930937213532,9.103655815124512
2010-05-28,9.10366022411518,9.049654960632324
2010-06-01,8.957074974659834,8.903070449829102
2010-06-02,8.872207519855905,9.065081596374512
2010-06-03,9.103659825947357,9.142234802246094
2010-06-04,8.987936128191222,8.764202117919922
2010-06-07,8.779630844107224,8.586756706237793
2010-06-08,8.563611849608089,8.57132625579834
2010-06-09,8.687050187260995,8.756484985351562
2010-06-10,8.77191508337557,8.887639999389648
2010-06-11,9.00336140360539,8.957071304321289
2010-06-14,9.088226279545005,9.065081596374512
2010-06-15,9.103655330984294,9.242524147033691
2010-06-16,9.21938335528492,9.250243186950684
2010-06-17,9.196236402015177,9.157661437988281
2010-06-18,9.304246574067882,9.234811782836914
2010-06-21,9.350535435234251,9.149946212768555
2010-06-22,9.165376748727837,8.987932205200195
2010-06-23,8.94164283611038,8.987932205200195
2010-06-24,8.949359287722192,8.833634376525879
2010-06-25,8.83363474428052,8.887639999389648
2010-06-28,8.887642125478022,8.949361801147461
2010-06-29,8.802776709699733,8.625332832336426
2010-06-30,8.555895517197728,8.509605407714844
2010-07-01,8.447885633208598,8.478745460510254
2010-07-02,8.501893613253362,8.42474365234375
2010-07-06,8.501892483319875,8.40931224822998
2010-07-07,8.463316666711176,8.648475646972656
2010-07-08,8.733339562150475,8.756484985351562
2010-07-09,8.771915467861156,8.795060157775879
2010-07-12,8.795060157775879,8.795060157775879
2010-07-13,8.910781814744372,8.9262113571167
2010-07-14,8.903073391188071,8.910788536071777
2010-07-15,8.93393050987326,8.964790344238281
2010-07-16,8.856779789005687,8.771915435791016
2010-07-19,8.787345719515368,8.771915435791016
2010-07-20,8.70247816201492,8.864492416381836
2010-07-21,8.93393087519353,8.787346839904785
2010-07-22,8.918498151565473,8.987932205200195
2010-07-23,8.941644103618335,9.057368278503418
2010-07-26,9.0727971057341,9.157661437988281
2010-07-27,9.219377982949991,9.119083404541016
2010-07-28,9.119089261600127,9.111374855041504
2010-07-29,9.134520059352594,9.049654960632324
2010-07-30,8.964788957494846,9.072798728942871
2010-08-02,9.15766159804991,9.211666107177734
2010-08-03,9.173091632422759,9.149946212768555
2010-08-04,9.196236817069012,9.234811782836914
2010-08-05,9.173094891770788,9.227099418640137
2010-08-06,9.119090300630276,9.18080997467041
2010-08-09,9.242529080405196,9.257959365844727
2010-08-10,9.180806282568083,9.211666107177734
2010-08-11,9.057367251260949,9.011077880859375
2010-08-12,8.841348222074107,8.987932205200195
2010-08-13,8.949361801147461,8.949361801147461
2010-08-16,8.849068928226115,8.918503761291504
2010-08-17,8.987933479269824,9.057368278503418
2010-08-18,9.04193889935149,9.072798728942871
2010-08-19,9.04194305606794,8.910788536071777
2010-08-20,8.903073391188071,8.910788536071777
2010-08-23,8.964786443494669,8.957071304321289
2010-08-24,8.79506413215907,8.810494422912598
2010-08-25,8.74105742327298,8.764202117919922
2010-08-26,8.810489501308071,8.756484985351562
2010-08-27,8.795062442540296,8.872212409973145
2010-08-30,8.83363418875281,8.756484985351562
2010-08-31,8.733342225032528,8.717912673950195
2010-09-01,8.82591688139853,8.957071304321289
2010-09-02,8.995649681404227,9.088229179382324
2010-09-03,9.142233014249781,9.17309284210205
2010-09-07,9.119088189690881,9.080513954162598
2010-09-08,9.157658355583852,9.119083404541016
2010-09-09,9.203955404252875,9.18080997467041
2010-09-10,9.173089159147185,9.203948974609375
2010-09-13,9.257956794759252,9.30424690246582
2010-09-14,9.257956794759252,9.30424690246582
2010-09-15,9.30424697412875,9.350536346435547
2010-09-16,9.288816692855614,9.350536346435547
2010-09-17,9.373679161071777,9.373679161071777
2010-09-20,9.389111957808248,9.48940658569336
2010-09-21,9.466261897952597,9.48940658569336
2010-09-22,9.450833320617676,9.450833320617676
2010-09-23,9.373686928653537,9.365972518920898
2010-09-24,9.450832793392932,9.551127433776855
2010-09-27,9.52026923037662,9.504838943481445
2010-09-28,9.504838212892837,9.566557884216309
2010-09-29,9.527982711791992,9.527982711791992
2010-09-30,9.574272092889787,9.527982711791992
2010-10-01,9.558840582244596,9.543410301208496
2010-10-04,9.520264415095424,9.481689453125
2010-10-05,9.543411852838581,9.659136772155762
2010-10-06,9.643710136413574,9.643710136413574
2010-10-07,9.697709847266086,9.620560646057129
2010-10-08,9.597412710246124,9.689992904663086
2010-10-11,9.659138625520518,9.674568176269531
2010-10-12,9.620558126728431,9.689992904663086
2010-10-13,9.759430099440745,9.774860382080078
2010-10-14,9.73628421936594,9.713139533996582
2010-10-15,9.736286195248598,9.759430885314941
2010-10-18,9.75943013308998,9.798005104064941
2010-10-19,9.6977080044489,9.666848182678223
2010-10-20,9.736283464569302,9.790287971496582
2010-10-21,9.828866958618164,9.828866958618164
2010-10-22,9.805722265567512,9.828866958618164
2010-10-25,9.882873372382155,9.867443084716797
2010-10-26,9.828867122928216,9.844297409057617
2010-10-27,9.790290998633765,9.805721282958984
2010-10-28,9.782574773672852,9.813434600830078
2010-10-29,9.774862592988386,9.844297409057617
2010-11-01,9.875158915576426,9.82115364074707
2010-11-02,9.90601531258501,9.898300170898438
2010-11-03,9.921444860201747,9.898300170898438
2010-11-04,9.998595548534913,10.06803035736084
2010-11-05,10.083458199574096,10.106603622436523
2010-11-08,10.068030274337364,10.060315132141113
2010-11-09,10.060314702304332,9.960020065307617
2010-11-10,9.998594234087888,10.014023780822754
2010-11-11,9.92915943439008,10.014023780822754
2010-11-12,9.936872310834731,9.921442031860352
2010-11-15,9.936876266932007,9.913731575012207
2010-11-16,9.867439904668595,9.798005104064941
2010-11-17,9.813439232134302,9.82115364074707
2010-11-18,9.882870853910747,9.960020065307617
2010-11-19,9.890585291864316,9.98316478729248
2010-11-22,9.944590549348066,9.98316478729248
2010-11-23,9.921447620032326,9.867443084716797
2010-11-24,9.967734655041387,10.037169456481934
2010-11-26,9.952305006665082,9.967735290527344
2010-11-29,9.867437526962423,9.921442031860352
2010-11-30,9.882867805936801,9.921442031860352
2010-12-01,10.07574553053508,10.091175079345703
2010-12-02,10.122036362699045,10.199186325073242
2010-12-03,10.168323785779934,10.253188133239746
2010-12-06,10.214613044784922,10.222328186035156
2010-12-07,10.330337956269329,10.222328186035156
2010-12-08,10.222326449247136,10.237756729125977
2010-12-09,10.291763104178342,10.253188133239746
2010-12-10,10.314909064252708,10.322624206542969
2010-12-13,10.33033836133842,10.299478530883789
2010-12-14,10.338053868997436,10.353484153747559
2010-12-15,10.384341869676465,10.31490707397461
2010-12-16,10.314906568892857,10.415201187133789
2010-12-17,10.47729094995786,10.399681091308594
2010-12-20,10.469528591422439,10.415202140808105
2010-12-21,10.446245062729059,10.45400619506836
2010-12-22,10.469526420683042,10.46176528930664
2010-12-23,10.477287552059442,10.46176528930664
2010-12-27,10.446247233195033,10.438486099243164
2010-12-28,10.485052162811897,10.438486099243164
2010-12-29,10.45400619506836,10.45400619506836
2010-12-30,10.454006672996305,10.469528198242188
2010-12-31,10.415201665187633,10.430723190307617
2011-01-03,10.492811419240386,10.523855209350586
2011-01-04,10.500571903703408,10.430723190307617
2011-01-05,10.422962405853477,10.45400619506836
2011-01-06,10.45400658820111,10.430723190307617
2011-01-07,10.454007065593649,10.415202140808105
2011-01-10,10.360877719819246,10.407443046569824
2011-01-11,10.430724833123028,10.446247100830078
2011-01-12,10.492813453052383,10.516096115112305
2011-01-13,10.500574458402737,10.492814064025879
2011-01-14,10.477289629486993,10.539377212524414
2011-01-18,10.516094980118966,10.601465225219727
2011-01-19,10.570423800041276,10.500575065612793
2011-01-20,10.477292400850821,10.500575065612793
2011-01-21,10.570421747253901,10.508334159851074
2011-01-24,10.508332686500095,10.570420265197754
2011-01-25,10.547137347608809,10.585942268371582
2011-01-26,10.601463448213082,10.59370231628418
2011-01-27,10.585942529943328,10.570420265197754
2011-01-28,10.547140507106608,10.407443046569824
2011-01-31,10.46952603189101,10.485048294067383
2011-02-01,10.492812320571922,10.601465225219727
2011-02-02,10.570420524444716,10.523855209350586
2011-02-03,10.593703960539615,10.60922622680664
2011-02-04,10.585942831606989,10.64026927947998
2011-02-07,10.679075717015573,10.694597244262695
2011-02-08,10.702355003809725,10.756681442260742
2011-02-09,10.748921051155035,10.756681442260742
2011-02-10,10.717881412187607,10.74892520904541
2011-02-11,10.748924282355672,10.865338325500488
2011-02-14,10.865338377545443,10.818772315979004
2011-02-15,10.772206994555004,10.818772315979004
2011-02-16,10.865335684190342,10.896379470825195
2011-02-17,10.87309988130428,10.9274263381958
2011-02-18,10.935185648571538,10.966229438781738
2011-02-22,10.873100951686155,10.803252220153809
2011-02-23,10.76444596723086,10.694597244262695
2011-02-24,10.61698786582398,10.710119247436523
2011-02-25,10.73340172453668,10.795489311218262
2011-02-28,10.849816058338547,10.865338325500488
2011-03-01,10.834293940719384,10.725640296936035
2011-03-02,10.717876915654182,10.7333984375
2011-03-03,10.811009588954295,10.919662475585938
2011-03-04,10.896379988020888,10.8342924118042
2011-03-07,10.834294983403375,10.764446258544922
2011-03-08,10.756684675794206,10.865338325500488
2011-03-09,10.91190173421375,10.896379470825195
2011-03-10,10.772207392449744,10.764446258544922
2011-03-11,10.733403826652578,10.82653522491455
2011-03-14,10.764445569185366,10.717880249023438
2011-03-15,10.523855982765182,10.60922622680664
2011-03-16,10.554897385538995,10.46176528930664
2011-03-17,10.601461087763761,10.531612396240234
2011-03-18,10.640268367715315,10.59370231628418
2011-03-21,10.702359143687454,10.74892520904541
2011-03-22,10.733402040103101,10.70235824584961
2011-03-23,10.655793209938249,10.741164207458496
2011-03-24,10.787729818088149,10.811013221740723
2011-03-25,10.811013221740723,10.811013221740723
2011-03-28,10.865337203467314,10.787727355957031
2011-03-29,10.787728601120568,10.857577323913574
2011-03-30,10.896382542808865,10.9274263381958
2011-03-31,10.89638132972782,10.942947387695312
2011-04-01,11.020556449890137,11.020556449890137
2011-04-04,11.00503492406288,11.020556449890137
2011-04-05,11.02055999679584,11.03608226776123
2011-04-06,11.074883723911052,11.059361457824707
2011-04-07,11.020553718341422,11.012792587280273
2011-04-08,11.028319414805887,10.9817533493042
2011-04-11,10.997275617852262,10.9817533493042
2011-04-12,10.942950041830928,10.911906242370605
2011-04-13,10.942950382273523,10.935189247131348
2011-04-14,10.865337195522908,10.95070743560791
2011-04-15,10.981748545322796,11.028314590454102
2011-04-18,10.880862442910281,10.911906242370605
2011-04-19,10.919663383395267,10.966229438781738
2011-04-20,11.090408458897278,11.082647323608398
2011-04-21,11.121450159721649,11.136972427368164
2011-04-25,11.105928553201633,11.098167419433594
2011-04-26,11.144732765784955,11.214581489562988
2011-04-27,11.23786552241487,11.276670455932617
2011-04-28,11.307710131671163,11.369797706604004
2011-04-29,11.346517430923086,11.354278564453125
2011-05-02,11.400843059682902,11.346516609191895
2011-05-03,11.330999170970294,11.299955368041992
2011-05-04,11.30771077475592,11.268906593322754
2011-05-05,11.175776086023946,11.19905948638916
2011-05-06,11.30771090605325,11.26114559173584
2011-05-09,11.237867223790143,11.330999374389648
2011-05-10,11.330997404088267,11.40860652923584
2011-05-11,11.385325641059165,11.299955368041992
2011-05-12,11.292191265912935,11.424127578735352
2011-05-13,11.447409117348322,11.346516609191895
2011-05-16,11.330993527377684,11.369797706604004
2011-05-17,11.299951208488862,11.307711601257324
2011-05-18,11.346517642569193,11.385322570800781
2011-05-19,11.462932507237673,11.424127578735352
2011-05-20,11.299952373010878,11.338756561279297
2011-05-23,11.237864973387484,11.222343444824219
2011-05-24,11.245626855950597,11.191300392150879
2011-05-25,11.144734323077865,11.191300392150879
2011-05-26,11.160254770603265,11.230103492736816
2011-05-27,11.261150429345951,11.299955368041992
2011-05-31,11.393082666857314,11.346516609191895
2011-06-01,11.299954059892874,11.191300392150879
2011-06-02,11.15249182744379,11.105926513671875
2011-06-03,10.973995679655015,10.989517211914062
2011-06-06,10.981752795087322,10.9274263381958
2011-06-07,10.966233047557463,10.935189247131348
2011-06-08,10.896382119681936,10.865338325500488
2011-06-09,10.888621958443325,10.9817533493042
2011-06-10,10.904145093537476,10.82653522491455
2011-06-13,10.88086072493954,10.857577323913574
2011-06-14,10.966231424240892,11.005036354064941
2011-06-15,10.950707878364257,10.849815368652344
2011-06-16,10.834296300337568,10.873101234436035
2011-06-17,10.977234724636377,10.945915222167969
2011-06-20,10.961574907192611,11.039872169494629
2011-06-21,11.1025078358568,11.14948558807373
2011-06-22,11.141661636639178,11.086853981018066
2011-06-23,10.953745031622804,11.039872169494629
2011-06-24,11.063361116330386,10.945915222167969
2011-06-27,10.985064413714143,11.016383171081543
2011-06-28,11.039871072797707,11.157316207885742
2011-06-29,11.17297830667983,11.204297065734863
2011-06-30,11.259104634397564,11.290423393249512
2011-07-01,11.321739593082476,11.45484447479248
2011-07-05,11.486164273169589,11.423526763916016
2011-07-06,11.431355597637168,11.45484447479248
2011-07-07,11.540974519838175,11.572293281555176
2011-07-08,11.439184966751817,11.501822471618652
2011-07-11,11.407868245614107,11.329571723937988
2011-07-12,11.31391313449277,11.32174301147461
2011-07-13,11.360890481948054,11.329571723937988
2011-07-14,11.34523326493647,11.251276969909668
2011-07-15,11.25126946750858,11.274758338928223
2011-07-18,11.227782837365824,11.14948558807373
2011-07-19,11.219955790365322,11.298253059387207
2011-07-20,11.282591490752694,11.266932487487793
2011-07-21,11.298250270754293,11.407865524291992
2011-07-22,11.439184779073434,11.368718147277832
2011-07-25,11.235615751933132,11.290423393249512
2011-07-26,11.266933835792617,11.196466445922852
2011-07-27,11.157319984113132,10.985066413879395
2011-07-28,11.008555932936945,10.961577415466309
2011-07-29,10.859789870120931,10.914597511291504
2011-08-01,11.008554275885142,10.812811851501465
2011-08-02,10.758002378257565,10.523111343383789
2011-08-03,10.499621457507532,10.617067337036133
2011-08-04,10.523114445346971,10.147289276123047
2011-08-05,10.303880547688465,10.225584030151367
2011-08-08,9.982863833715086,9.654016494750977
2011-08-09,9.740142999163066,9.935885429382324
2011-08-10,9.896735265134126,9.661844253540039
2011-08-11,9.62269498642321,9.967201232910156
2011-08-12,10.068990402466074,10.108139038085938
2011-08-15,10.1707729242629,10.249070167541504
2011-08-16,10.194266434422437,10.217755317687988
2011-08-17,10.29605290447152,10.186437606811523
2011-08-18,9.912393617464234,9.82626724243164
2011-08-19,9.747973635795304,9.685336112976074
2011-08-22,9.881077157474921,9.700994491577148
2011-08-23,9.747972486773701,10.006352424621582
2011-08-24,9.982864432441367,10.155117988586426
2011-08-25,10.202092228863838,9.967201232910156
2011-08-26,9.873249627369521,10.115970611572266
2011-08-29,10.225582109506526,10.36651611328125
2011-08-30,10.350858418724224,10.444814682006836
2011-08-31,10.491791813163402,10.46047306060791
2011-09-01,10.468302028949559,10.374345779418945
2011-09-02,10.15511776163661,10.100309371948242
2011-09-06,9.834097670577856,10.03766918182373
2011-09-07,10.178603780202707,10.303878784179688
2011-09-08,10.29605184413921,10.217755317687988
2011-09-09,10.061160904623248,9.9750337600708
2011-09-12,9.84193042811336,10.01418399810791
2011-09-13,10.037671643309809,10.108139038085938
2011-09-14,10.139454913891937,10.256900787353516
2011-09-15,10.288219610450383,10.36651611328125
2011-09-16,10.507296767962012,10.45224380493164
2011-09-19,10.294950209486535,10.389327049255371
2011-09-20,10.467974818869656,10.397192001342773
2011-09-21,10.397193524236704,10.14552116394043
2011-09-22,9.775879660361989,9.838797569274902
2011-09-23,9.76014582248835,9.89384651184082
2011-09-26,9.956763938296625,10.098329544067383
2011-09-27,10.271354646048088,10.208436012268066
2011-09-28,10.2634903796485,9.996088981628418
2011-09-29,10.169112433312545,10.06687068939209
2011-09-30,9.972497097515667,9.885984420776367
2011-10-03,9.823063382696361,9.626444816589355
2011-10-04,9.50847618571091,9.854524612426758
2011-10-05,9.87811812957974,9.996088981628418
2011-10-06,9.980360598063772,10.161250114440918
2011-10-07,10.161247424400987,10.098329544067383
2011-10-10,10.279220361171504,10.389327049255371
2011-10-11,10.365733951165096,10.381463050842285
2011-10-12,10.499435371392991,10.483705520629883
2011-10-13,10.428652736806983,10.420787811279297
2011-10-14,10.53089410271649,10.538758277893066
2011-10-17,10.538756858045916,10.389327049255371
2011-10-18,10.373596776696381,10.554486274719238
2011-10-19,10.546623203110194,10.538758277893066
2011-10-20,10.538757231190568,10.570216178894043
2011-10-21,10.688187387574535,10.743240356445312
2011-10-24,10.84547993877571,10.892668724060059
2011-10-25,10.853346142007723,10.7039155960083
2011-10-26,10.798291351215303,10.782562255859375
2011-10-27,11.049964669402508,11.097152709960938
2011-10-28,11.010639885078191,11.105016708374023
2011-10-31,11.010640349658573,10.900533676147461
2011-11-01,10.664589933118354,10.625266075134277
2011-11-02,10.751103315107208,10.782562255859375
2011-11-03,10.861215136102404,10.971321105957031
2011-11-04,10.861210647057128,10.924128532409668
2011-11-07,10.884809165351157,10.971321105957031
2011-11-08,11.026370823116862,11.089288711547852
2011-11-09,10.853346228830098,10.727510452270508
2011-11-10,10.821885974137706,10.798291206359863
2011-11-11,10.947725078405272,11.002778053283691
2011-11-14,11.0027763265832,10.939858436584473
2011-11-15,10.924131202054754,10.987049102783203
2011-11-16,10.908396039130997,10.821884155273438
2011-11-17,10.790427497662217,10.6488618850708
2011-11-18,10.703912877413893,10.688183784484863
2011-11-21,10.538757417803987,10.507298469543457
2011-11-22,10.467972725950892,10.460107803344727
2011-11-23,10.381460509180338,10.302813529968262
2011-11-25,10.27135453005633,10.287083625793457
2011-11-28,10.538758277893066,10.538758277893066
2011-11-29,10.570216206524899,10.578081130981445
2011-11-30,10.869075561450932,10.979182243347168
2011-12-01,10.979181406392554,10.955587387084961
2011-12-02,11.057829226293903,10.924128532409668
2011-12-05,11.120747870065127,10.979182243347168
2011-12-06,11.065693973418707,11.042099952697754
2011-12-07,11.034233009387236,11.065691947937012
2011-12-08,11.010640586484818,10.85334587097168
2011-12-09,10.908401203474744,11.002778053283691
2011-12-12,10.93985497417376,10.821884155273438
2011-12-13,10.93199406388724,10.751105308532715
2011-12-14,10.774698407266934,10.7039155960083
2011-12-15,10.790428340550303,10.727510452270508
2011-12-16,10.825492096129565,10.762277603149414
2011-12-19,10.793881515774348,10.643747329711914
2011-12-20,10.880807242663302,10.920315742492676
2011-12-21,10.904511776367766,11.007235527038574
2011-12-22,11.015135193873764,11.04674243927002
2011-12-23,11.094156639311935,11.125763893127441
2011-12-27,11.11785955779839,11.165270805358887
2011-12-28,11.157367506878343,11.062545776367188
2011-12-29,11.117858317258255,11.149465560913086
2011-12-30,11.157367746655824,11.086251258850098
2012-01-03,11.260092546903667,11.165270805358887
2012-01-04,11.157368324857794,11.21268081665039
2012-01-05,11.173174599473162,11.244290351867676
2012-01-06,11.260092637836271,11.181074142456055
2012-01-09,11.228486205654935,11.236388206481934
2012-01-10,11.291699790182845,11.323307037353516
2012-01-11,11.299600693030932,11.315403938293457
2012-01-12,11.315404755963115,11.370718002319336
2012-01-13,11.291699790182845,11.323307037353516
2012-01-17,11.449736124563863,11.402325630187988
2012-01-18,11.370716826516311,11.505047798156738
2012-01-19,11.505045423996012,11.55245590209961
2012-01-20,11.544557571411133,11.544557571411133
2012-01-23,11.544558814050873,11.560362815856934
2012-01-24,11.497143426453425,11.55245590209961
2012-01-25,11.5050520941425,11.639382362365723
2012-01-26,11.65518120429269,11.607769966125488
2012-01-27,11.57616716299379,11.568265914916992
2012-01-30,11.48134180063705,11.505047798156738
2012-01-31,11.54455939068172,11.528756141662598
2012-02-01,11.568265568829652,11.623578071594238
2012-02-02,11.663086513196047,11.631479263305664
2012-02-03,11.710498659888438,11.765811920166016
2012-02-06,11.726305149666056,11.734207153320312
2012-02-07,11.710496617402434,11.75790786743164
2012-02-08,11.734202619205165,11.75790786743164
2012-02-09,11.750004052613821,11.773709297180176
2012-02-10,11.686786947160865,11.702590942382812
2012-02-13,11.765808051375483,11.773709297180176
2012-02-14,11.757909918186877,11.765811920166016
2012-02-15,11.789512522917754,11.710494041442871
2012-02-16,11.7342022811053,11.813220024108887
2012-02-17,11.836927557427025,11.844829559326172
2012-02-21,11.876434429412985,11.797416687011719
2012-02-22,11.797417116859938,11.75790786743164
2012-02-23,11.78951411513275,11.829023361206055
2012-02-24,11.860633419350508,11.83692741394043
2012-02-27,11.781613530029057,11.876435279846191
2012-02-28,11.860631134179556,11.86853313446045
2012-02-29,11.852728607419559,11.829023361206055
2012-03-01,11.718399884539291,11.86063289642334
2012-03-02,11.868535421153869,11.83692741394043
2012-03-05,11.821124163910078,11.83692741394043
2012-03-06,11.726301393003746,11.663086891174316
2012-03-07,11.702593180851421,11.742101669311523
2012-03-08,11.81322230530596,11.844829559326172
2012-03-09,11.836926316697873,11.892239570617676
2012-03-12,11.884335808854441,11.900139808654785
2012-03-13,11.931745968184497,12.050272941589355
2012-03-14,12.058176613987335,12.026569366455078
2012-03-15,12.026565379711554,12.0897798538208
2012-03-16,12.123106316559445,12.10723876953125
2012-03-19,12.10723739647992,12.099303245544434
2012-03-20,12.043766662185837,12.0596342086792
2012-03-21,12.051698684692383,12.051698684692383
2012-03-22,11.980295703584714,12.012031555175781
2012-03-23,11.932691651041369,12.035833358764648
2012-03-26,12.107235905896667,12.146905899047852
2012-03-27,12.210381856397433,12.115174293518066
2012-03-28,12.194513550929647,12.115174293518066
2012-03-29,12.035831127822677,12.131038665771484
2012-03-30,12.170710667999659,12.194512367248535
2012-04-02,12.178643848609077,12.27385139465332
2012-04-03,12.257981304040529,12.218311309814453
2012-04-04,12.115171121101142,12.131038665771484
2012-04-05,12.10723876953125,12.10723876953125
2012-04-09,11.96442741256918,11.97236156463623
2012-04-10,11.932689353072458,11.781944274902344
2012-04-11,11.861287099190303,11.900957107543945
2012-04-12,11.940621490236879,12.043763160705566
2012-04-13,12.02790211181345,11.956496238708496
2012-04-16,11.988232393567888,11.98029899597168
2012-04-17,12.05169867249302,12.131038665771484
2012-04-18,12.099304304560142,12.123106002807617
2012-04-19,12.107239753643523,12.027899742126465
2012-04-20,12.075502918832496,12.10723876953125
2012-04-23,11.996166252282645,11.956496238708496
2012-04-24,11.964429954320291,11.988231658935547
2012-04-25,12.099303245544434,12.099303245544434
2012-04-26,12.067565493637696,12.178641319274902
2012-04-27,12.178646290578184,12.226249694824219
2012-04-30,12.178644296592738,12.162775993347168
2012-05-01,12.115174580488494,12.226249694824219
2012-05-02,12.146906228178164,12.218311309814453
2012-05-03,12.18657513555685,12.146905899047852
2012-05-04,12.0834366670054,11.97236156463623
2012-05-07,11.948559018804822,11.996162414550781
2012-05-08,11.94856039979623,11.964427947998047
2012-05-09,11.861285731861113,11.893021583557129
2012-05-10,11.988229007752466,11.948559761047363
2012-05-11,11.988230520607976,11.900957107543945
2012-05-14,11.774013187744263,11.829550743103027
2012-05-15,11.82161660661798,11.789880752563477
2012-05-16,11.82954766521196,11.781944274902344
2012-05-17,11.75021275098978,11.591532707214355
2012-05-18,11.591527074334925,11.448716163635254
2012-05-21,11.480455681774115,11.631200790405273
2012-05-22,11.678804397583008,11.678804397583008
2012-05-23,11.599463021584913,11.710538864135742
2012-05-24,11.742275773007737,11.734341621398926
2012-05-25,11.750207483268703,11.702603340148926
2012-05-29,11.797814889091955,11.829550743103027
2012-05-30,11.73434216945508,11.686738014221191
2012-05-31,11.678805989030066,11.694673538208008
2012-06-01,11.51218988960178,11.393179893493652
2012-06-04,11.393182551574373,11.345579147338867
2012-06-05,11.353514017553465,11.424919128417969
2012-06-06,11.480453384887342,11.62326431274414
2012-06-07,11.73434216945508,11.686738014221191
2012-06-08,11.623267244353912,11.726408958435059
2012-06-11,11.80574802398472,11.686738014221191
2012-06-12,11.655001503270645,11.75020980834961
2012-06-13,11.686736004378774,11.62326431274414
2012-06-14,11.686742190633076,11.774016380310059
2012-06-15,11.813898100328469,11.869736671447754
2012-06-18,11.82985323159905,11.91759967803955
2012-06-19,11.957478602118252,12.037248611450195
2012-06-20,12.013321334381533,11.949504852294922
2012-06-21,11.92557420971451,11.734127044677734
2012-06-22,11.781987990588329,11.80591869354248
2012-06-25,11.670313007089923,11.622450828552246
2012-06-26,11.654354759065479,11.670309066772461
2012-06-27,11.670311943443483,11.726150512695312
2012-06-28,11.646377336196274,11.590538024902344
2012-06-29,11.877711651125546,11.941527366638184
2012-07-02,11.9973697280717,11.91759967803955
2012-07-03,11.973432908281916,12.037248611450195
2012-07-05,11.981410243722417,12.069156646728516
2012-07-06,11.957482007648673,11.949504852294922
2012-07-09,11.901644706726074,11.901644706726074
2012-07-10,11.957479707626245,11.829848289489746
2012-07-11,11.837829885830645,11.82187557220459
2012-07-12,11.766033681456673,11.80591869354248
2012-07-13,11.79794208923648,11.957481384277344
2012-07-16,11.949506122449131,11.901644706726074
2012-07-17,11.97343682259403,11.98939037322998
2012-07-18,11.973435775465658,12.093090057373047
2012-07-19,12.11701983182218,12.148927688598633
2012-07-20,12.053208512634857,12.029277801513672
2012-07-23,11.901643597043057,11.92557430267334
2012-07-24,11.837827175750618,11.797942161560059
2012-07-25,11.805920616223164,11.861759185791016
2012-07-26,11.98141255665969,11.973435401916504
2012-07-27,12.061181337629716,12.228697776794434
2012-07-30,12.132973079867918,12.196788787841797
2012-07-31,12.172861551000123,12.132976531982422
2012-08-01,12.140956519260254,12.05320930480957
2012-08-02,11.965459530050644,11.981413841247559
2012-08-03,12.18083667755127,12.18083667755127
2012-08-06,12.252627191056892,12.220719337463379
2012-08-07,12.260608343625023,12.252631187438965
2012-08-08,12.260605989476927,12.292513847351074
2012-08-09,12.27656364440918,12.27656364440918
2012-08-10,12.236676892512262,12.308469772338867
2012-08-13,12.292517197322265,12.27656364440918
2012-08-14,12.332396612807685,12.284534454345703
2012-08-15,12.292515926706466,12.324423789978027
2012-08-16,12.348353442384832,12.428123474121094
2012-08-17,12.420144122676248,12.444075584411621
2012-08-20,12.468002414285493,12.420140266418457
2012-08-21,12.452058164963159,12.404196739196777
2012-08-22,12.388236045837402,12.388236045837402
2012-08-23,12.348351298303907,12.31644344329834
2012-08-24,12.284537993576807,12.356330871582031
2012-08-27,12.41217019933244,12.356330871582031
2012-08-28,12.348354045814514,12.36430835723877
2012-08-29,12.372285512950898,12.36430835723877
2012-08-30,12.32442059723555,12.31644344329834
2012-08-31,12.348353716082913,12.356330871582031
2012-09-04,12.31644663397427,12.324423789978027
2012-09-05,12.284534454345703,12.284534454345703
2012-09-06,12.396214685600174,12.48396110534668
2012-09-07,12.531822827048721,12.523845672607422
2012-09-10,12.531826348261115,12.539803504943848
2012-09-11,12.523846781359348,12.499916076660156
2012-09-12,12.53979998149002,12.523845672607422
2012-09-13,12.49991538623146,12.667431831359863
2012-09-14,12.683387619737319,12.675411224365234
2012-09-17,12.691362202953272,12.659454345703125
2012-09-18,12.635523642951346,12.659454345703125
2012-09-19,12.651477698472243,12.699339866638184
2012-09-20,12.619569003631442,12.651476860046387
2012-09-21,12.708367596049328,12.628239631652832
2012-09-24,12.596190193862745,12.6522798538208
2012-09-25,12.652278708777017,12.556124687194824
2012-09-26,12.540100356157373,12.508049011230469
2012-09-27,12.532087323333139,12.580163955688477
2012-09-28,12.532086372840334,12.556124687194824
2012-10-01,12.572150419533374,12.596189498901367
2012-10-02,12.620226157398513,12.588174819946289
2012-10-03,12.588176472061951,12.620227813720703
2012-10-04,12.652281240141063,12.716383934020996
2012-10-05,12.748436494619073,12.708372116088867
2012-10-08,12.732410693193616,12.700359344482422
2012-10-09,12.692341857707055,12.588174819946289
2012-10-10,12.54810859342336,12.48400592803955
2012-10-11,12.572151701084277,12.508049011230469
2012-10-12,12.52407385617458,12.492022514343262
2012-10-15,12.492022259545909,12.572150230407715
2012-10-16,12.61221643064433,12.676319122314453
2012-10-17,12.740419387817383,12.740419387817383
2012-10-18,12.708369441428351,12.756446838378906
2012-10-19,12.724393707075418,12.548110961914062
2012-10-22,12.540096975836867,12.500033378601074
2012-10-23,12.403880309519499,12.451957702636719
2012-10-24,12.443944035718351,12.339776992797852
2012-10-25,12.435934839627054,12.387857437133789
2012-10-26,12.403882468343175,12.41990852355957
2012-10-31,12.435932160257874,12.459970474243164
2012-11-01,12.508047736213918,12.596189498901367
2012-11-02,12.644266196482612,12.516060829162598
2012-11-05,12.475997156933737,12.52407455444336
2012-11-06,12.556125130403199,12.620227813720703
2012-11-07,12.516059677479058,12.395867347717285
2012-11-08,12.363816770148622,12.299714088439941
2012-11-09,12.187534266134337,12.26766300201416
2012-11-12,12.259649975593327,12.26766300201416
2012-11-13,12.28368688931516,12.251635551452637
2012-11-14,12.307728162419819,12.099394798278809
2012-11-15,12.12343050617779,12.11541748046875
2012-11-16,12.09939358775,12.15548324584961
2012-11-19,12.24362505371794,12.363818168640137
2012-11-20,12.379843013445017,12.371829986572266
2012-11-21,12.387854767292247,12.435932159423828
2012-11-23,12.516060829675684,12.492022514343262
2012-11-26,12.516058664662564,12.500033378601074
2012-11-27,12.484008788228456,12.459970474243164
2012-11-28,12.459970918368336,12.572150230407715
2012-11-29,12.612215230396036,12.63625431060791
2012-11-30,12.636253866632211,12.620227813720703
2012-12-03,12.684330755100147,12.564138412475586
2012-12-04,12.556124242085318,12.540098190307617
2012-12-05,12.508048242991176,12.580163955688477
2012-12-06,12.580163955688477,12.580163955688477
2012-12-07,12.636252657341739,12.628239631652832
2012-12-10,12.652280548732438,12.684331893920898
2012-12-11,12.7163851446278,12.708372116088867
2012-12-12,12.724394096834345,12.668304443359375
2012-12-13,12.70035533452461,12.628239631652832
2012-12-14,12.61221478726495,12.620227813720703
2012-12-17,12.660294267917152,12.716383934020996
2012-12-18,12.724396117227968,12.844589233398438
2012-12-19,12.868625900327363,12.764459609985352
2012-12-20,12.788496019945534,12.81253433227539
2012-12-21,12.577118923418334,12.754487991333008
2012-12-24,12.738366549026841,12.714179992675781
2012-12-26,12.730299171349564,12.649676322937012
2012-12-27,12.649676322937012,12.649676322937012
2012-12-28,12.5690560504679,12.5368070602417
2012-12-31,12.496494549284243,12.673864364624023
2013-01-02,12.907675845764436,12.956048965454102
2013-01-03,12.980231362268185,12.972168922424316
2013-01-04,13.012481220331738,13.060855865478516
2013-01-07,13.020545164033285,13.004420280456543
2013-01-08,12.939917056173737,12.931856155395508
2013-01-09,12.97216869133628,12.996356010437012
2013-01-10,13.068914260173315,13.085039138793945
2013-01-11,13.093103642545437,13.068916320800781
2013-01-14,13.068914260173315,13.085039138793945
2013-01-15,13.06085479813088,13.133415222167969
2013-01-16,13.117291528758088,13.10922908782959
2013-01-17,13.1495378533221,13.2301607131958
2013-01-18,13.246290390927335,13.286601066589355
2013-01-22,13.278536324871888,13.326910972595215
2013-01-23,13.302721822215254,13.318846702575684
2013-01-24,13.35109504442275,13.367219924926758
2013-01-25,13.423653679106204,13.4155912399292
2013-01-28,13.439779235929226,13.383343696594238
2013-01-29,13.359154452051868,13.447839736938477
2013-01-30,13.439779235929226,13.383343696594238
2013-01-31,13.375279654415989,13.351092338562012
2013-02-01,13.407527544829613,13.447839736938477
2013-02-04,13.399469566624605,13.318846702575684
2013-02-05,13.351094136692947,13.423654556274414
2013-02-06,13.399465768870494,13.439776420593262
2013-02-07,13.439781502055048,13.40753173828125
2013-02-08,13.447842871519711,13.480091094970703
2013-02-11,13.49621589789626,13.488153457641602
2013-02-12,13.49621295928955,13.49621295928955
2013-02-13,13.528468369616743,13.504281044006348
2013-02-14,13.488154021711276,13.52846622467041
2013-02-15,13.560717742460367,13.54459285736084
2013-02-19,13.560715708745008,13.617151260375977
2013-02-20,13.617146461271405,13.49621295928955
2013-02-21,13.463963734278598,13.439776420593262
2013-02-22,13.472028577132285,13.488153457641602
2013-02-25,13.576838795542601,13.302721977233887
2013-02-26,13.318849592865392,13.375285148620605
2013-02-27,13.334975502081685,13.54459285736084
2013-02-28,13.552655299910603,13.54459285736084
2013-03-01,13.488153113186117,13.584900856018066
2013-03-04,13.592964210998487,13.649399757385254
2013-03-05,13.705835982801627,13.738085746765137
2013-03-06,13.794522681109227,13.754210472106934
2013-03-07,13.762271531984386,13.738085746765137
2013-03-08,13.770330555242323,13.818703651428223
2013-03-11,13.810642886920137,13.84289264678955
2013-03-12,13.867080121735242,13.826767921447754
2013-03-13,13.818709241330609,13.89126968383789
2013-03-14,13.9235142895594,13.9315767288208
2013-03-15,13.978661737254921,13.97054386138916
2013-03-18,13.881249029140315,13.89748477935791
2013-03-19,13.938076826428285,13.90560531616211
2013-03-20,13.99489533854721,14.019248962402344
2013-03-21,13.954306640449062,13.913717269897461
2013-03-22,13.954311161664872,13.986781120300293
2013-03-25,14.067956823451794,13.97054386138916
2013-03-26,14.019248920226953,14.084190368652344
2013-03-27,14.019248920226953,14.084190368652344
2013-03-28,14.084194115632256,14.173487663269043
2013-04-01,14.16536640780374,14.092307090759277
2013-04-02,14.149134235524777,14.165369987487793
2013-04-03,14.173483732737036,14.051718711853027
2013-04-04,14.067952877798135,14.141012191772461
2013-04-05,13.994896640727086,14.06795597076416
2013-04-08,14.076070554600769,14.149129867553711
2013-04-09,14.189723014831543,14.189723014831543
2013-04-10,14.181604825561836,14.327723503112793
2013-04-11,14.343953300603532,14.400776863098145
2013-04-12,14.368306159973143,14.368306159973145
2013-04-15,14.327721586256846,14.07607364654541
2013-04-16,14.149129245171482,14.238424301147461
2013-04-17,14.189724786144007,14.132901191711426
2013-04-18,14.116661474512084,14.07607364654541
2013-04-19,14.08419217499232,14.214075088500977
2013-04-22,14.22218855491074,14.238424301147461
2013-04-23,14.295251444116582,14.33583927154541
2013-04-24,14.368306159973143,14.368306159973145
2013-04-25,14.400776272517545,14.425129890441895
2013-04-26,14.40889779773842,14.392662048339844
2013-04-29,14.384540139771811,14.465717315673828
2013-04-30,14.465722435284448,14.51442813873291
2013-05-01,14.506310745803596,14.392662048339844
2013-05-02,14.449482491349098,14.506307601928711
2013-05-03,14.619956573943961,14.660544395446777
2013-05-06,14.676781099598852,14.63619327545166
2013-05-07,14.66866503765336,14.766077995300293
2013-05-08,14.749839941895566,14.806663513183594
2013-05-09,14.798542608776254,14.749836921691895
2013-05-10,14.774192021499925,14.831015586853027
2013-05-13,14.814784049987793,14.814784049987793
2013-05-14,14.8553768493149,14.993377685546875
2013-05-15,14.96902019080948,15.082667350769043
2013-05-16,15.058314179812685,14.97713851928711
2013-05-17,14.985256836539849,15.098905563354492
2013-05-20,15.098902546226869,15.066431045532227
2013-05-21,15.139494895935059,15.139494895935059
2013-05-22,15.155732156994016,14.993377685546875
2013-05-23,14.847255253087308,14.952784538269043
2013-05-24,14.920313036166084,14.952784538269043
2013-05-28,15.098902950492992,15.025843620300293
2013-05-29,14.97713861715172,14.871607780456543
2013-05-30,14.87160662742198,14.879724502563477
2013-05-31,14.879725155616354,14.766077995300293
2013-06-03,14.709251762618955,14.757957458496094
2013-06-04,14.782309172168675,14.733603477478027
2013-06-05,14.69302078809018,14.53066635131836
2013-06-06,14.514422757136009,14.603717803955078
2013-06-07,14.693016370607538,14.806663513183594
2013-06-10,14.86349303094818,14.798551559448242
2013-06-11,14.676778956896133,14.709250450134277
2013-06-12,14.798550028552325,14.59560775756836
2013-06-13,14.579373512513406,14.798551559448242
2013-06-14,14.798549659411746,14.774197578430176
2013-06-17,14.839131360578595,14.863483428955078
2013-06-18,14.89596210757504,14.94466781616211
2013-06-19,15.00148477800794,14.749836921691895
2013-06-20,14.611841348547015,14.417016983032227
2013-06-21,14.500295177940062,14.467636108398438
2013-06-24,14.35333145250061,14.320673942565918
2013-06-25,14.418649673461914,14.418649673461914
2013-06-26,14.459472726404025,14.557448387145996
2013-06-27,14.630922912646147,14.639087677001953
2013-06-28,14.614599117580209,14.581941604614258
2013-07-01,14.647259590778596,14.66358757019043
2013-07-02,14.671745177155605,14.639087677001953
2013-07-03,14.565610509669115,14.630927085876465
2013-07-05,14.720736620400027,14.75339412689209
2013-07-08,14.835043522666451,14.900360107421875
2013-07-09,14.92485021644953,15.02282428741455
2013-07-10,14.982003791770115,15.047320365905762
2013-07-11,15.186120963565,15.24327278137207
2013-07-12,15.210613709899322,15.24327278137207
2013-07-15,15.243268957637708,15.300420761108398
2013-07-16,15.308589367047329,15.24327278137207
2013-07-17,15.284091472574588,15.259598731994629
2013-07-18,15.30042586410206,15.34941291809082
2013-07-19,15.333091902599522,15.406573295593262
2013-07-22,15.431060564388707,15.4147310256958
2013-07-23,15.471876869359185,15.398395538330078
2013-07-24,15.463712962970241,15.300420761108398
2013-07-25,15.300427040985777,15.365743637084961
2013-07-26,15.308583851371454,15.373900413513184
2013-07-29,15.324919929112399,15.341249465942383
2013-07-30,15.373908633113098,15.382073402404785
2013-07-31,15.382078978838322,15.406573295593262
2013-08-01,15.496375739823295,15.602516174316406
2013-08-02,15.56985709992764,15.602516174316406
2013-08-05,15.553532458044506,15.57802677154541
2013-08-06,15.561695953981078,15.529038429260254
2013-08-07,15.480051167839411,15.463723182678223
2013-08-08,15.520869255065918,15.520869255065918
2013-08-09,15.480043050143186,15.488207817077637
2013-08-12,15.406571341436866,15.463723182678223
2013-08-13,15.455553751097646,15.496376037597656
2013-08-14,15.431060460884403,15.382073402404785
2013-08-15,15.300420906822088,15.161623001098633
2013-08-16,15.137132543837627,15.096308708190918
2013-08-19,15.104470855062091,15.0554838180542
2013-08-20,15.047325329231752,15.120806694030762
2013-08-21,15.096309937306657,14.998335838317871
2013-08-22,15.014660686254322,15.153458595275879
2013-08-23,15.177956219057723,15.186120986938477
2013-08-26,15.20244767135645,15.128966331481934
2013-08-27,14.97384205426689,14.908525466918945
2013-08-28,14.892197381373101,14.87586784362793
2013-08-29,14.86769959501969,14.93301773071289
2013-08-30,14.908528101662501,14.89219856262207
2013-09-03,15.047321353635853,14.93301773071289
2013-09-04,14.98200781699986,15.063653945922852
2013-09-05,15.104474791724336,15.08814525604248
2013-09-06,15.145297073658739,15.08814525604248
2013-09-09,15.1289702254847,15.218779563903809
2013-09-10,15.316755160697408,15.341249465942383
2013-09-11,15.357573137744186,15.422889709472656
2013-09-12,15.422888277159938,15.398395538330078
2013-09-13,15.398396841539839,15.447383880615234
2013-09-16,15.602512255890169,15.561688423156738
2013-09-17,15.594345327263898,15.610674858093262
2013-09-18,15.58617889312043,15.798458099365234
2013-09-19,15.831124565161327,15.790302276611328
2013-09-20,15.814899946519338,15.642730712890625
2013-09-23,15.626329540678954,15.593536376953125
2013-09-24,15.60173399099748,15.57713794708252
2013-09-25,15.58533148694805,15.478750228881836
2013-09-26,15.519746610542184,15.544341087341309
2013-09-27,15.45416651992914,15.470563888549805
2013-09-30,15.34758494010644,15.380379676818848
2013-10-01,15.413170071210496,15.495155334472656
2013-10-02,15.429563579786281,15.437762260437012
2013-10-03,15.396771089482439,15.298388481140137
2013-10-04,15.322990451311247,15.380379676818848
2013-10-07,15.265595206791394,15.281991004943848
2013-10-08,15.30659079643502,15.118025779724121
2013-10-09,15.159017507654863,15.150818824768066
2013-10-10,15.322983027143794,15.454158782958984
2013-10-11,15.429562976041177,15.536144256591797
2013-10-14,15.45416191270634,15.593536376953125
2013-10-15,15.560739516159872,15.462358474731445
2013-10-16,15.52795226629752,15.642730712890625
2013-10-17,15.544339616530078,15.74930191040039
2013-10-18,15.790293753044294,15.798492431640625
2013-10-21,15.806693856529654,15.782097816467285
2013-10-22,15.806706513991685,15.929683685302734
2013-10-23,15.888681523775475,15.905078887939453
2013-10-24,15.913278624412552,15.970667839050293
2013-10-25,15.96246920094279,16.028057098388672
2013-10-28,16.028054521207412,16.069047927856445
2013-10-29,16.110042670751586,16.175630569458008
2013-10-30,16.175627657666787,16.069047927856445
2013-10-31,16.101838280892625,16.07724380493164
2013-11-01,16.093645206510654,16.110042572021484
2013-11-04,16.175628774513893,16.192026138305664
2013-11-05,16.142830681200984,16.16742515563965
2013-11-06,16.1920244578782,16.274009704589844
2013-11-07,16.331399475455967,16.069047927856445
2013-11-08,16.093636174574154,16.22481346130371
2013-11-11,16.224820859499268,16.2412166595459
2013-11-12,16.183822749009966,16.200220108032227
2013-11-13,16.142829277149374,16.33139419555664
2013-11-14,16.339597698783937,16.437978744506836
2013-11-15,16.46256751127275,16.487163543701172
2013-11-18,16.528160871473975,16.454374313354492
2013-11-19,16.446176527866736,16.39698600769043
2013-11-20,16.41338798935266,16.323204040527344
2013-11-21,16.331399017683943,16.437978744506836
2013-11-22,16.42978084673847,16.511764526367188
2013-11-25,16.560958755307976,16.495370864868164
2013-11-26,16.51996421813965,16.51996421813965
2013-11-27,16.544564302015004,16.552762985229492
2013-11-29,16.577345868463052,16.487163543701172
2013-12-02,16.51176531066827,16.437978744506836
2013-12-03,16.38878810915776,16.372390747070312
2013-12-04,16.31499683819825,16.33139419555664
2013-12-05,16.31500233174982,16.249414443969727
2013-12-06,16.396989922683037,16.46257781982422
2013-12-09,16.577345868463052,16.487163543701172
2013-12-10,16.478976208451716,16.421586990356445
2013-12-11,16.421578867494578,16.25760841369629
2013-12-12,16.249410385824334,16.16742515563965
2013-12-13,16.200226617874986,16.175630569458008
2013-12-16,16.2330123765051,16.25760841369629
2013-12-17,16.282202524211666,16.208415985107422
2013-12-18,16.23301773937027,16.495370864868164
2013-12-19,16.454368833796607,16.487163543701172
2013-12-20,16.484699600661937,16.567123413085938
2013-12-23,16.633055471031582,16.608327865600586
2013-12-24,16.633064205353467,16.666032791137695
2013-12-26,16.699005190937154,16.748458862304688
2013-12-27,16.77318559603145,16.75670051574707
2013-12-30,16.789665909911466,16.79790687561035
2013-12-31,16.830876280722972,16.822633743286133
2014-01-02,16.797910278481925,16.666032791137695
2014-01-03,16.64130205339292,16.674270629882812
2014-01-06,16.715482948469724,16.591846466064453
2014-01-07,16.616570783519965,16.690752029418945
2014-01-08,16.649538040161133,16.649538040161133
2014-01-09,16.682510518530563,16.69899559020996
2014-01-10,16.715482797888857,16.764936447143555
2014-01-13,16.7402087583879,16.525907516479492
2014-01-14,16.600089367651538,16.674270629882812
2014-01-15,16.690755983776903,16.70724105834961
2014-01-16,16.690755704179367,16.674270629882812
2014-01-17,16.68251602192038,16.6330623626709
2014-01-21,16.715483371242755,16.64130210876465
2014-01-22,16.649538040161133,16.649538040161133
2014-01-23,16.575360875193713,16.492937088012695
2014-01-24,16.410515984664595,16.163246154785156
2014-01-27,16.163250720621,16.13852310180664
2014-01-28,16.179731584640518,16.245670318603516
2014-01-29,16.138525835263426,16.080829620361328
2014-01-30,16.171490678145226,16.21270179748535
2014-01-31,16.01488815194221,16.13852310180664
2014-02-03,16.122033000858423,15.759370803833008
2014-02-04,15.8088197257453,15.841788291931152
2014-02-05,15.792342330504042,15.850038528442383
2014-02-06,15.86652254662511,16.031370162963867
2014-02-07,16.080827233615086,16.220947265625
2014-02-10,16.22918980540249,16.220947265625
2014-02-11,16.253908763671195,16.402271270751953
2014-02-12,16.426998879299756,16.402271270751953
2014-02-13,16.30336637502834,16.501182556152344
2014-02-14,16.476454092729593,16.591846466064453
2014-02-18,16.6165800086699,16.575368881225586
2014-02-19,16.558878745800605,16.501182556152344
2014-02-20,16.492938428968085,16.616573333740234
2014-02-21,16.641292422544204,16.624807357788086
2014-02-24,16.68251316703109,16.674270629882812
2014-02-25,16.690755704179367,16.674270629882812
2014-02-26,16.740209579467773,16.740209579467773
2014-02-27,16.740210683098137,16.79790687561035
2014-02-28,16.75669348366555,16.90505599975586
2014-03-03,16.82263933144834,16.806154251098633
2014-03-04,16.954508203868244,17.03693199157715
2014-03-05,16.987481932130162,16.970996856689453
2014-03-06,17.020450453192424,17.003965377807617
2014-03-07,17.04517466976059,17.053417205810547
2014-03-10,17.053417063539527,17.03693199157715
2014-03-11,17.061663199510033,16.970996856689453
2014-03-12,16.938027726395458,16.97924041748047
2014-03-13,16.987484305788275,16.83087921142578
2014-03-14,16.814394133681617,16.83087921142578
2014-03-17,16.905053305716933,16.962749481201172
2014-03-18,17.02044691961477,17.03693199157715
2014-03-19,17.06166105252931,16.90505599975586
2014-03-20,16.83912392871932,16.946273803710938
2014-03-21,17.036413874120797,16.937171936035156
2014-03-24,17.019866134667694,16.879274368286133
2014-03-25,16.90409611777984,16.945446014404297
2014-03-26,17.02814021669884,16.89581871032715
2014-03-27,16.904096760628644,16.86274528503418
2014-03-28,16.920633165179215,16.961984634399414
2014-03-31,17.061225318571456,17.12738609313965
2014-04-01,17.135652343508795,17.193544387817383
2014-04-02,17.226627230120613,17.259708404541016
2014-04-03,17.325874490964615,17.284523010253906
2014-04-04,17.3506757976829,17.11911392211914
2014-04-07,17.07776178120477,16.953710556030273
2014-04-08,16.953713861146316,17.003334045410156
2014-04-09,17.06122519797768,17.16046714782715
2014-04-10,17.168733894515075,16.91236114501953
2014-04-11,16.837931242244135,16.771770477294922
2014-04-14,16.829661845238512,16.87101173400879
2014-04-15,16.937169972034496,16.953710556030273
2014-04-16,17.01160513199463,17.12738609313965
2014-04-17,17.135652428461416,17.168733596801758
2014-04-21,17.185279877345955,17.17700958251953
2014-04-22,17.226623591529016,17.2100830078125
2014-04-23,17.168733154050276,17.201812744140625
2014-04-24,17.259705232340764,17.168733596801758
2014-04-25,17.102573452196292,17.08603286743164
2014-04-28,17.110843129603087,17.168733596801758
2014-04-29,17.22662361975605,17.201812744140625
2014-04-30,17.22663251465661,17.284523010253906
2014-05-01,17.243164118818637,17.22662353515625
2014-05-02,17.25143053777728,17.243160247802734
2014-05-05,17.20181634930531,17.259708404541016
2014-05-06,17.259703370219235,17.152191162109375
2014-05-07,17.234899037624338,17.276248931884766
2014-05-08,17.276248931884766,17.276248931884766
2014-05-09,17.267974652258825,17.32586669921875
2014-05-12,17.425103621429084,17.482994079589844
2014-05-13,17.53262535645637,17.491273880004883
2014-05-14,17.449919282641556,17.39202880859375
2014-05-15,17.39202231255156,17.243160247802734
2014-05-16,17.243166892905954,17.334136962890625
2014-05-19,17.350679367226597,17.358949661254883
2014-05-20,17.358945134911217,17.201812744140625
2014-05-21,17.259707479229398,17.334136962890625
2014-05-22,17.309329504766527,17.350679397583008
2014-05-23,17.325871451169654,17.408571243286133
2014-05-27,17.482999831478704,17.474729537963867
2014-05-28,17.507807277228505,17.458187103271484
2014-05-29,17.50780630918646,17.549156188964844
2014-05-30,17.516081711477554,17.623592376708984
2014-06-02,17.607049470333727,17.648399353027344
2014-06-03,17.582242484865496,17.623592376708984
2014-06-04,17.623588035087902,17.68147850036621
2014-06-05,17.714570370971774,17.78900146484375
2014-06-06,17.797265434951182,17.863426208496094
2014-06-09,17.896509107089976,17.913049697875977
2014-06-10,17.92958503822033,17.871694564819336
2014-06-11,17.788991985558305,17.772451400756836
2014-06-12,17.79726536226626,17.63186264038086
2014-06-13,17.623588448679907,17.65666961669922
2014-06-16,17.640128618709383,17.68147850036621
2014-06-17,17.640132335051604,17.7062931060791
2014-06-18,17.714562124133334,17.87996482849121
2014-06-19,17.896509107089976,17.913049697875977
2014-06-20,17.943784713745117,17.943784713745117
2014-06-23,17.977013772728014,17.87732696533203
2014-06-24,17.877322950974467,17.78594207763672
2014-06-25,17.711177936586058,17.81917381286621
2014-06-26,17.827482795022775,17.777639389038086
2014-06-27,17.777637827516713,17.83578872680664
2014-06-30,17.835787222338283,17.81917381286621
2014-07-01,17.785946071474683,17.87732696533203
2014-07-02,17.852404553321534,17.8607120513916
2014-07-03,17.893937941389535,17.98531723022461
2014-07-07,17.985313045545908,17.927162170410156
2014-07-08,17.93547794952898,17.8607120513916
2014-07-09,17.860703801041794,17.927162170410156
2014-07-10,17.777640637322637,17.844099044799805
2014-07-11,17.85240654379613,17.844099044799805
2014-07-14,17.918863379103236,17.90224838256836
2014-07-15,17.918854379621017,17.85239601135254
2014-07-16,17.91055753672086,17.827484130859375
2014-07-17,17.75270629002332,17.661325454711914
2014-07-18,17.67795390170082,17.827484130859375
2014-07-21,17.794251562329297,17.769329071044922
2014-07-22,17.785941007872786,17.810863494873047
2014-07-23,17.81085975407923,17.79424476623535
2014-07-24,17.77763450318763,17.80255699157715
2014-07-25,17.76932664985564,17.74440574645996
2014-07-28,17.76932624882711,17.761018753051758
2014-07-29,17.827482944110756,17.686260223388672
2014-07-30,17.711176556354303,17.644718170166016
2014-07-31,17.511804706201193,17.295814514160156
2014-08-01,17.287502211567286,17.30411720275879
2014-08-04,17.38718696718724,17.39549446105957
2014-08-05,17.370573744140124,17.287500381469727
2014-08-06,17.179512207153913,17.270893096923828
2014-08-07,17.304116477001553,17.187814712524414
2014-08-08,17.26258761126022,17.437040328979492
2014-08-11,17.495182435169248,17.47856903076172
2014-08-12,17.495190661808564,17.48688316345215
2014-08-13,17.528417507491582,17.545032501220703
2014-08-14,17.59487005877877,17.63640594482422
2014-08-15,17.644710087751456,17.603174209594727
2014-08-18,17.70286870046539,17.78594207763672
2014-08-19,17.84408836910267,17.8856258392334
2014-08-20,17.869013634081636,17.968700408935547
2014-08-21,17.95208304567897,18.00192642211914
2014-08-22,18.00193039021533,17.968700408935547
2014-08-25,18.05177879333496,18.05177879333496
2014-08-26,18.026855547911946,18.01024055480957
2014-08-27,18.018548051360757,18.01024055480957
2014-08-28,17.985318065156005,18.01024055480957
2014-08-29,18.026854153281608,18.035160064697266
2014-09-02,18.085008783847705,18.05177879333496
2014-09-03,18.06838607788086,18.06838607788086
2014-09-04,18.10993003845215,18.10993003845215
2014-09-05,18.068394395793064,18.184696197509766
2014-09-08,18.18468911718673,18.134845733642578
2014-09-09,18.134855510780522,18.0268611907959
2014-09-10,18.06007949951704,18.07669448852539
2014-09-11,18.03516090040192,18.060083389282227
2014-09-12,18.04346811889044,17.98531723022461
2014-09-15,17.977010568604815,18.01024055480957
2014-09-16,17.952092333978648,18.10993003845215
2014-09-17,18.101624125158335,18.10993003845215
2014-09-18,18.13484998091732,18.1763858795166
2014-09-19,18.222271015577206,18.205583572387695
2014-09-22,18.247306591263783,18.12215232849121
2014-09-23,18.10546178454944,17.988651275634766
2014-09-24,17.98865593350952,18.12215232849121
2014-09-25,18.12215399877703,17.905221939086914
2014-09-26,17.921905398563283,18.063745498657227
2014-09-29,17.95528738359443,18.022035598754883
2014-09-30,18.072088763265842,18.005340576171875
2014-10-01,17.980310052916526,17.7967529296875
2014-10-02,17.78840971329772,17.838470458984375
2014-10-03,17.938593261137115,18.030372619628906
2014-10-06,18.055404214750666,17.996999740600586
2014-10-07,17.930243064163523,17.73834228515625
2014-10-08,17.71332410901093,18.022035598754883
2014-10-09,17.955274223278224,17.73834228515625
2014-10-10,17.746697128198246,17.646574020385742
2014-10-13,17.62153498606575,17.396259307861328
2014-10-14,17.488041799352644,17.513072967529297
2014-10-15,17.34619857650544,17.396259307861328
2014-10-16,17.162647983046565,17.421297073364258
2014-10-17,17.58816898558572,17.621543884277344
2014-10-20,17.546441506148977,17.73834228515625
2014-10-21,17.838467930686726,18.047056198120117
2014-10-22,18.10545929453685,17.963619232177734
2014-10-23,18.138840757761514,18.11380958557129
2014-10-24,18.18889843762194,18.280677795410156
2014-10-27,18.23895979649204,18.289020538330078
2014-10-28,18.35577045840548,18.44754981994629
2014-10-29,18.497617408182347,18.405838012695312
2014-10-30,18.380804467602847,18.54767417907715
2014-10-31,18.75626225180407,18.722888946533203
2014-11-03,18.76460597597245,18.722888946533203
2014-11-04,18.706194853014388,18.71453857421875
2014-11-05,18.839696010690407,18.814664840698242
2014-11-06,18.86472459223563,18.931472778320312
2014-11-07,18.939820371502687,18.9147891998291
2014-11-10,18.939818860204323,18.989879608154297
2014-11-11,19.006565249025364,18.95650291442871
2014-11-12,18.95650471525266,18.989879608154297
2014-11-13,19.031594669685973,19.00656509399414
2014-11-14,19.006571360156006,18.939823150634766
2014-11-17,18.948160992027248,18.989879608154297
2014-11-18,18.95650792789566,19.073318481445312
2014-11-19,19.106688472853424,19.115032196044922
2014-11-20,19.073316965386887,19.148408889770508
2014-11-21,19.306930960706847,19.273557662963867
2014-11-24,19.331966400146484,19.331966400146484
2014-11-25,19.373683429395715,19.331966400146484
2014-11-26,19.365337318810344,19.38202476501465
2014-11-28,19.40705392180606,19.41539764404297
2014-12-01,19.36533216000847,19.298583984375
2014-12-02,19.30693279573273,19.398712158203125
2014-12-03,19.398717220354094,19.49884033203125
2014-12-04,19.498835697055085,19.457117080688477
2014-12-05,19.482152881517912,19.49884033203125
2014-12-08,19.473805058891816,19.390369415283203
2014-12-09,19.248527823108617,19.35699462890625
2014-12-10,19.34031130429694,19.073318481445312
2014-12-11,19.140065665306043,19.190126419067383
2014-12-12,19.09834915362093,18.939823150634766
2014-12-15,19.039943293929262,18.87307357788086
2014-12-16,18.789637537865737,18.79798126220703
2014-12-17,18.864731054773113,19.081663131713867
2014-12-18,19.290250198260757,19.465463638305664
2014-12-19,19.54514358144021,19.53675651550293
2014-12-22,19.578708587044197,19.670982360839844
2014-12-23,19.75485566943944,19.78002166748047
2014-12-24,19.847139116060713,19.771642684936523
2014-12-26,19.838748081085168,19.79680633544922
2014-12-29,19.788416910729346,19.821969985961914
2014-12-30,19.813582104259208,19.687753677368164
2014-12-31,19.746470440285165,19.528369903564453
2015-01-02,19.645820012256962,19.503215789794922
2015-01-05,19.444488043298183,19.201221466064453
2015-01-06,19.209613002390768,19.075397491455078
2015-01-07,19.176062410508226,19.310277938842773
2015-01-08,19.44449017925845,19.620647430419922
2015-01-09,19.65420413864713,19.452880859375
2015-01-12,19.469655804086646,19.31866455078125
2015-01-13,19.427713193503564,19.25994300842285
2015-01-14,19.100558897875853,19.19283103942871
2015-01-15,19.276725770633846,19.117345809936523
2015-01-16,19.083789233655857,19.276723861694336
2015-01-20,19.35221969145658,19.310277938842773
2015-01-21,19.22638724800261,19.39415740966797
2015-01-22,19.4948191027651,19.687753677368164
2015-01-23,19.61226409786705,19.553544998168945
2015-01-26,19.51998560388024,19.587093353271484
2015-01-27,19.419321813935387,19.39415740966797
2015-01-28,19.478046217127574,19.150896072387695
2015-01-29,19.209610946618604,19.335437774658203
2015-01-30,19.134110564583573,18.999895095825195
2015-02-02,19.058615560829363,19.19283103942871
2015-02-03,19.30189246396185,19.503215789794922
2015-02-04,19.494818226687315,19.39415740966797
2015-02-05,19.47804226052637,19.587093353271484
2015-02-06,19.60386851751384,19.511594772338867
2015-02-09,19.519990989725528,19.427717208862305
2015-02-10,19.561928346699432,19.620647430419922
2015-02-11,19.553536626258442,19.59547996520996
2015-02-12,19.662589271969885,19.687753677368164
2015-02-13,19.71292124420229,19.79680633544922
2015-02-17,19.79679899950782,19.78002166748047
2015-02-18,19.805197456817645,19.855527877807617
2015-02-19,19.80519424833312,19.821969985961914
2015-02-20,19.813584173228307,19.947799682617188
2015-02-23,19.98135275997687,19.947799682617188
2015-02-24,19.931019091222513,20.006515502929688
2015-02-25,19.998122874912468,20.01490020751953
2015-02-26,20.023293136713267,19.98973846435547
2015-02-27,20.006513473874197,19.92262840270996
2015-03-02,19.922627337259925,20.056842803955078
2015-03-03,19.998125669047887,19.964570999145508
2015-03-04,19.872303609812572,19.838748931884766
2015-03-05,19.905851068482182,19.92262840270996
2015-03-06,19.830355652338007,19.612255096435547
2015-03-09,19.595487603493517,19.754867553710938
2015-03-10,19.620654611749618,19.469661712646484
2015-03-11,19.511600554747556,19.419326782226562
2015-03-12,19.444493061509768,19.670982360839844
2015-03-13,19.620646877475842,19.561927795410156
2015-03-16,19.63742118517961,19.788414001464844
2015-03-17,19.746478031465898,19.69614601135254
2015-03-18,19.679363887266852,19.914241790771484
2015-03-19,19.85551938486661,19.81357765197754
2015-03-20,19.940639112418896,19.991121292114258
2015-03-23,19.982695914769405,19.96586799621582
2015-03-24,19.982701396058246,19.898563385009766
2015-03-25,19.864908150198275,19.629322052001953
2015-03-26,19.604077361258696,19.570423126220703
2015-03-27,19.587252562166576,19.646148681640625
2015-03-30,19.713458544714516,19.881732940673828
2015-03-31,19.763938931292547,19.738697052001953
2015-04-01,19.747106601545713,19.654556274414062
2015-04-02,19.62932101250674,19.713459014892578
2015-04-06,19.620906303290088,19.839664459228516
2015-04-07,19.831247038113997,19.7891788482666
2015-04-08,19.822839736938477,19.822839736938477
2015-04-09,19.79759905559085,19.898563385009766
2015-04-10,19.881735094638614,19.949045181274414
2015-04-13,19.949042734798304,19.839664459228516
2015-04-14,19.839659357702015,19.856487274169922
2015-04-15,19.949045549719223,19.898563385009766
2015-04-16,19.881732940673828,19.881732940673828
2015-04-17,19.79759642832231,19.671388626098633
2015-04-20,19.772354351598423,19.864906311035156
2015-04-21,19.94062973061115,19.84807777404785
2015-04-22,19.864909755731688,19.91539192199707
2015-04-23,19.881735094638614,19.949045181274414
2015-04-24,19.965873104133127,19.949045181274414
2015-04-27,20.024764489552044,19.89014434814453
2015-04-28,19.856492663919315,19.881732940673828
2015-04-29,19.822834370693563,19.77235221862793
2015-04-30,19.679801396092643,19.570423126220703
2015-05-01,19.671386309697986,19.77235221862793
2015-05-04,19.78917721309674,19.856487274169922
2015-05-05,19.789182802419976,19.646148681640625
2015-05-06,19.68821341149128,19.59566307067871
2015-05-07,19.5704280709247,19.69663429260254
2015-05-08,19.88173038870673,19.89014434814453
2015-05-11,19.881732685902843,19.814422607421875
2015-05-12,19.77235154848506,19.806007385253906
2015-05-13,19.822833079184804,19.7891788482666
2015-05-14,19.873318268817016,19.982696533203125
2015-05-15,20.007942511622147,20.024768829345703
2015-05-18,20.02476815206484,20.05842399597168
2015-05-19,20.06683921813965,20.06683921813965
2015-05-20,20.06683795694839,20.05842399597168
2015-05-21,20.033177332568005,20.092073440551758
2015-05-22,20.083666245079097,20.00794219970703
2015-05-26,19.965871305553836,19.83125114440918
2015-05-27,19.856490376411962,19.957454681396484
2015-05-28,19.915389368702417,19.923803329467773
2015-05-29,19.915385645155407,19.806007385253906
2015-06-01,19.831250469494943,19.864906311035156
2015-06-02,19.7891788482666,19.7891788482666
2015-06-03,19.864905694295505,19.84807777404785
2015-06-04,19.814417605734192,19.68821144104004
2015-06-05,19.671386457022553,19.604076385498047
2015-06-08,19.612491681610287,19.519941329956055
2015-06-09,19.53676764538486,19.519941329956055
2015-06-10,19.5704280709247,19.69663429260254
2015-06-11,19.713456107084912,19.77235221862793
2015-06-12,19.69663050750314,19.671388626098633
2015-06-15,19.587247848510742,19.587247848510742
2015-06-16,19.587253175561667,19.66297721862793
2015-06-17,19.688214870840845,19.763938903808594
2015-06-18,19.83966686002837,19.974287033081055
2015-06-19,19.940460684513543,19.915090560913086
2015-06-22,20.025020882895426,19.957368850708008
2015-06-23,20.01656704646888,19.940458297729492
2015-06-24,19.898176965618106,19.80515480041504
2015-06-25,19.88972295733224,19.745962142944336
2015-06-26,19.75441759829721,19.79669952392578
2015-06-29,19.66139549643677,19.466896057128906
2015-06-30,19.58528530033633,19.475351333618164
2015-07-01,19.652933127489522,19.68675994873047
2015-07-02,19.729046641660606,19.669851303100586
2015-07-06,19.551459971117584,19.619112014770508
2015-07-07,19.661394005533918,19.80515480041504
2015-07-08,19.686764355460614,19.55146026611328
2015-07-09,19.7544180261982,19.58528709411621
2015-07-10,19.745956898729812,19.754413604736328
2015-07-13,19.898176376408458,19.940458297729492
2015-07-14,19.948915187445174,19.98274040222168
2015-07-15,19.99119931876235,19.915090560913086
2015-07-16,20.050396742041286,20.025028228759766
2015-07-17,20.02502393688221,19.98274040222168
2015-07-20,20.025021841715855,19.97428321838379
2015-07-21,19.965826796616696,19.872804641723633
2015-07-22,19.83897876825013,19.855892181396484
2015-07-23,19.898174380943637,19.754413604736328
2015-07-24,19.73750988682267,19.61066246032715
2015-07-27,19.526093010465175,19.500722885131836
2015-07-28,19.610657087995765,19.762874603271484
2015-07-29,19.796700817125053,19.965831756591797
2015-07-30,19.93200177358096,19.98274040222168
2015-07-31,20.033481599239135,19.99965476989746
2015-08-03,20.008115604704738,19.9320068359375
2015-08-04,19.95737266643938,19.923545837402344
2015-08-05,20.033483980746194,20.041940689086914
2015-08-06,20.050393220387257,19.923545837402344
2015-08-07,19.88971805405906,19.872804641723633
2015-08-10,19.982740110131807,20.084218978881836
2015-08-11,19.957376963177357,19.9320068359375
2015-08-12,19.830526708149105,19.915090560913086
2015-08-13,19.889718057388308,19.906631469726562
2015-08-14,19.92354933677688,20.025028228759766
2015-08-17,19.94045960972059,20.075763702392578
2015-08-18,20.067302703857422,20.067302703857422
2015-08-19,20.033478547763156,19.97428321838379
2015-08-20,19.838987842830853,19.627574920654297
2015-08-21,19.466895159505526,19.12017822265625
2015-08-24,18.31680952883438,18.47748374938965
2015-08-25,19.069437669257077,18.60433006286621
2015-08-26,18.70581024599499,18.773462295532227
2015-08-27,18.97641713042643,19.154003143310547
2015-08-28,19.094806672250538,19.128633499145508
2015-08-31,19.06098444057813,18.96796226501465
2015-09-01,18.646606806928258,18.46902084350586
2015-09-02,18.731180359672628,18.807289123535156
2015-09-03,18.86647892568943,18.917219161987305
2015-09-04,18.680433550394042,18.612781524658203
2015-09-08,18.900309912978198,19.035614013671875
2015-09-09,19.17091466645416,18.82419776916504
2015-09-10,18.79882717626021,18.849567413330078
2015-09-11,18.790370184194373,18.917219161987305
2015-09-14,18.959503469605927,18.85802459716797
2015-09-15,18.917223976817343,19.086353302001953
2015-09-16,19.077893624321305,19.247024536132812
2015-09-17,19.23010873445031,19.20473861694336
2015-09-18,18.993139061679702,18.916656494140625
2015-09-21,18.993144380319908,19.044132232666016
2015-09-22,18.840170005726087,18.82317352294922
2015-09-23,18.814683513349795,18.772193908691406
2015-09-24,18.644725475874058,18.755199432373047
2015-09-25,18.865676707234645,18.789194107055664
2015-09-28,18.695708219300045,18.423770904541016
2015-09-29,18.457763462210057,18.491756439208984
2015-09-30,18.61922605568544,18.74669647216797
2015-10-01,18.78069297710087,18.687213897705078
2015-10-02,18.534242572652776,18.942150115966797
2015-10-05,19.069622258406405,19.316064834594727
2015-10-06,19.299071460972975,19.214092254638672
2015-10-07,19.256585352219478,19.324569702148438
2015-10-08,19.290574104056105,19.562511444091797
2015-10-09,19.58800305456887,19.604999542236328
2015-10-12,19.613502502441406,19.613502502441406
2015-10-13,19.53701450080551,19.503023147583008
2015-10-14,19.494523484827607,19.35855484008789
2015-10-15,19.426538189728166,19.537012100219727
2015-10-16,19.579511247800816,19.596506118774414
2015-10-19,19.554011803928226,19.588003158569336
2015-10-20,19.588007872850277,19.596506118774414
2015-10-21,19.6644870304071,19.57950782775879
2015-10-22,19.67298516273889,19.936424255371094
2015-10-23,20.03840055624392,19.944921493530273
2015-10-26,19.936425548628616,19.927928924560547
2015-10-27,19.85994561854685,19.808956146240234
2015-10-28,19.859942295653468,19.944921493530273
2015-10-29,19.970414008125644,19.995908737182617
2015-10-30,19.978914966061055,19.910930633544922
2015-11-02,19.978912967055145,20.097885131835938
2015-11-03,20.08938588419779,20.106382369995117
2015-11-04,20.16587378657282,20.06389808654785
2015-11-05,20.063893779416073,20.097885131835938
2015-11-06,20.02990412151271,19.9619197845459
2015-11-09,19.961922119528964,19.83445167541504
2015-11-10,19.766462932451752,19.885435104370117
2015-11-11,19.93642637004479,19.84294891357422
2015-11-12,19.715476709300003,19.545515060424805
2015-11-13,19.46053253505888,19.34156036376953
2015-11-16,19.358557638027392,19.647491455078125
2015-11-17,19.689991110595145,19.67299461364746
2015-11-18,19.74946674501474,19.944921493530273
2015-11-19,19.893930644775306,19.970413208007812
2015-11-20,20.05540013440661,20.123384475708008
2015-11-23,20.14887859946413,20.114887237548828
2015-11-24,20.021405150991498,20.140378952026367
2015-11-25,20.174373518827448,20.191370010375977
2015-11-27,20.208362579345703,20.208362579345703
2015-11-30,20.22535553994024,20.097885131835938
2015-12-01,20.16587035529387,20.216859817504883
2015-12-02,20.216857177522364,20.004405975341797
2015-12-03,20.055398973145866,19.77496337890625
2015-12-04,19.83445061995843,20.123384475708008
2015-12-07,20.123379347774215,20.072391510009766
2015-12-08,19.97891677334139,19.927928924560547
2015-12-09,19.868442243056712,19.808956146240234
2015-12-10,19.868442243056712,19.808956146240234
2015-12-11,19.647492268071552,19.562511444091797
2015-12-14,19.562512639596182,19.630496978759766
2015-12-15,19.757965989005765,19.766464233398438
2015-12-16,19.868435129225453,20.05539321899414
2015-12-17,20.06389039387859,19.78345489501953
2015-12-18,19.669323040816124,19.463361740112305
2015-12-21,19.54918488596371,19.609256744384766
2015-12-22,19.69507159943226,19.82379722595215
2015-12-23,19.93535168525518,20.04691505432129
2015-12-24,20.07266530456171,20.021175384521484
2015-12-28,19.95252009469618,19.99542808532715
2015-12-29,20.106990919456486,20.167062759399414
2015-12-30,20.16705871008367,20.04691505432129
2015-12-31,20.012588269226136,19.84953498840332
2016-01-04,19.634994506835938,19.634994506835938
2016-01-05,19.634998791122634,19.712234497070312
2016-01-06,19.480526734930912,19.47194480895996
2016-01-07,19.163001635409703,19.145837783813477
2016-01-08,19.214493079495515,18.90555191040039
2016-01-11,18.991357933345196,18.888378143310547
2016-01-12,19.03428429571221,19.077192306518555
2016-01-13,19.10292712227714,18.682422637939453
2016-01-14,18.759657133409004,18.87980079650879
2016-01-15,18.51079310295661,18.63951873779297
2016-01-19,18.76823526307936,18.67383575439453
2016-01-20,18.450711941135765,18.493619918823242
2016-01-21,18.51079111160446,18.579444885253906
2016-01-22,18.81972668058171,18.862634658813477
2016-01-25,18.828317756734812,18.622356414794922
2016-01-26,18.691008658912196,18.90555191040039
2016-01-27,18.888380306369076,18.802562713623047
2016-01-28,18.896970842838297,18.957042694091797
2016-01-29,19.060020924929777,19.446199417114258
2016-02-01,19.291727637240058,19.47194480895996
2016-02-02,19.33463390744224,19.240234375
2016-02-03,19.35179862630202,19.377544403076172
2016-02-04,19.3432184399316,19.4376163482666
2016-02-05,19.39471188891691,19.257404327392578
2016-02-08,19.120094299316406,19.120094299316406
2016-02-09,18.948461033618514,19.18016815185547
2016-02-10,19.25739684783213,19.111507415771484
2016-02-11,19.042860623463017,18.871225357055664
2016-02-12,19.00853288571657,19.18016815185547
2016-02-16,19.35180440701603,19.480531692504883
2016-02-17,19.566345012150833,19.712234497070312
2016-02-18,19.746560186480384,19.695070266723633
2016-02-19,19.609255408839754,19.70365333557129
2016-02-22,19.86670503662813,19.926776885986328
2016-02-23,19.87528524399989,19.780885696411133
2016-02-24,19.660744743877252,19.875288009643555
2016-02-25,19.909608799365525,20.072660446166992
2016-02-26,20.141317545041336,19.99542808532715
2016-02-29,20.01258546340095,19.840951919555664
2016-03-01,19.995428387402153,20.21855354309082
2016-03-02,20.20138789891171,20.235713958740234
2016-03-03,20.23571862854755,20.33011817932129
2016-03-04,20.415932464903804,20.407350540161133
2016-03-07,20.338700687607755,20.424516677856445
2016-03-08,20.338700105467545,20.33011817932129
2016-03-09,20.415931701576792,20.373022079467773
2016-03-10,20.458839686851093,20.373022079467773
2016-03-11,20.53607922803289,20.63905906677246
2016-03-14,20.613309860229492,20.613309860229492
2016-03-15,20.51891451452527,20.587568283081055
2016-03-16,20.553246206552696,20.70771598815918
2016-03-17,20.733457864776586,20.95658302307129
2016-03-18,21.016653824711803,21.008071899414062
2016-03-21,20.990909569012114,21.0338191986084
2016-03-22,20.965160863848734,20.999486923217773
2016-03-23,20.956587137978698,20.870769500732422
2016-03-24,20.80210773314263,20.85359764099121
2016-03-28,20.930832559252433,20.905088424682617
2016-03-29,20.86218065823499,21.06814193725586
2016-03-30,21.16253994138528,21.12821388244629
2016-03-31,21.136795696303373,21.111051559448242
2016-04-01,21.008074191334895,21.291271209716797
2016-04-04,21.299847296696335,21.23119354248047
2016-04-05,21.13679237488097,21.145374298095703
2016-04-06,21.179700079859753,21.351333618164062
2016-04-07,21.248366469884207,21.153966903686523
2016-04-08,21.265522655275763,21.196868896484375
2016-04-11,21.282684371254426,21.119632720947266
2016-04-12,21.14537870712372,21.282686233520508
2016-04-13,21.411417879009846,21.419998168945312
2016-04-14,21.445744986702817,21.411418914794922
2016-04-15,21.437163151095564,21.47149085998535
2016-04-18,21.45431922836808,21.617372512817383
2016-04-19,21.634533958135165,21.583044052124023
2016-04-20,21.617371747354518,21.583044052124023
2016-04-21,21.59162586019197,21.522972106933594
2016-04-22,21.497229003130187,21.514392852783203
2016-04-25,21.462902940658946,21.514392852783203
2016-04-26,21.583045466773708,21.54871940612793
2016-04-27,21.591627993839804,21.643117904663086
2016-04-28,21.531562243337316,21.394254684448242
2016-04-29,21.265522655275763,21.196868896484375
2016-05-02,21.248362552514614,21.35992431640625
2016-05-03,21.24836464878006,21.21403694152832
2016-05-04,21.119633484011533,21.111051559448242
2016-05-05,21.162540816840583,21.136795043945312
2016-05-06,21.085311313004645,21.21403694152832
2016-05-09,21.248363215381836,21.291271209716797
2016-05-10,21.359921479575643,21.514392852783203
2016-05-11,21.497229724775263,21.239778518676758
2016-05-12,21.342762659409246,21.27410888671875
2016-05-13,21.23978023009801,21.07672691345215
2016-05-16,21.09389171038429,21.27410888671875
2016-05-17,21.205452806488534,21.0338191986084
2016-05-18,20.973746874517413,20.95658302307129
2016-05-19,20.887925337446703,20.85359764099121
2016-05-20,20.930838009499972,20.948001861572266
2016-05-23,20.956583408868735,20.930837631225586
2016-05-24,21.04239915154558,21.239778518676758
2016-05-25,21.334177017211914,21.334177017211914
2016-05-26,21.38567151934201,21.325599670410156
2016-05-27,21.33417446403658,21.402828216552734
2016-05-31,21.480060817935218,21.351333618164062
2016-06-01,21.308434012784684,21.385669708251953
2016-06-02,21.385669802280628,21.488651275634766
2016-06-03,21.462908932762904,21.47149085998535
2016-06-06,21.50580978427732,21.54871940612793
2016-06-07,21.5830431723449,21.531553268432617
2016-06-08,21.522973744009303,21.60879135131836
2016-06-09,21.557299917535754,21.583044052124023
2016-06-10,21.45432243538341,21.437158584594727
2016-06-13,21.419994035578743,21.239778518676758
2016-06-14,21.179703636027224,21.23119354248047
2016-06-15,21.30843217588998,21.179706573486328
2016-06-16,21.11105708165264,21.256946563720703
2016-06-17,21.302628576950564,21.190555572509766
2016-06-20,21.39746720331834,21.337120056152344
2016-06-21,21.42333280413762,21.3543643951416
2016-06-22,21.38884602786613,21.31987762451172
2016-06-23,21.518152127874664,21.544015884399414
2016-06-24,20.90606747957965,20.837099075317383
2016-06-27,20.690540233607628,20.466392517089844
2016-06-28,20.64743889365896,20.759511947631836
2016-06-29,20.949166457609223,21.069862365722656
2016-06-30,21.14744924468371,21.40608024597168
2016-07-01,21.431951022071484,21.48367691040039
2016-07-05,21.423330850439374,21.36298370361328
2016-07-06,21.337115557243475,21.431947708129883
2016-07-07,21.449191967807693,21.466434478759766
2016-07-08,21.578511865657255,21.828521728515625
2016-07-11,21.83713486426677,21.880239486694336
2016-07-12,21.940591355378274,21.98369598388672
2016-07-13,22.052670033921377,22.000944137573242
2016-07-14,22.164740030869535,22.13025665283203
2016-07-15,22.21646756443035,22.13025665283203
2016-07-18,22.16474139520179,22.19060516357422
2016-07-19,22.17336257084344,22.207847595214844
2016-07-20,22.24232856512211,22.259571075439453
2016-07-21,22.24232960698747,22.147499084472656
2016-07-22,22.12163469998235,22.225088119506836
2016-07-25,22.225088119506836,22.225088119506836
2016-07-26,22.233713478766397,22.164743423461914
2016-07-27,22.207843092636796,22.052663803100586
2016-07-28,22.07853694511777,22.087158203125
2016-07-29,22.069910089438757,22.061288833618164
2016-08-01,22.078529554415102,22.035423278808594
2016-08-02,21.99231827389502,21.871623992919922
2016-08-03,21.87162403208988,21.86300277709961
2016-08-04,21.854377370972173,21.880239486694336
2016-08-05,21.957837387684435,22.044048309326172
2016-08-08,22.08715119179455,22.00956153869629
2016-08-09,22.0354275203598,22.000944137573242
2016-08-10,22.0354275203598,22.000944137573242
2016-08-11,22.095773575303443,22.12163734436035
2016-08-12,22.113012392024828,22.09576988220215
2016-08-15,22.15612381088548,22.164743423461914
2016-08-16,22.087152761519434,22.026803970336914
2016-08-17,22.00956294303102,22.061288833618164
2016-08-18,22.03542693058694,22.06991195678711
2016-08-19,22.0354306550816,22.087158203125
2016-08-22,22.061283036102886,22.07852554321289
2016-08-23,22.1388779084255,22.13025665283203
2016-08-24,22.130253447868693,22.052663803100586
2016-08-25,22.02680004006584,22.052663803100586
2016-08-26,22.069906885239785,21.98369598388672
2016-08-29,22.00956852539673,22.087158203125
2016-08-30,22.06990290622233,22.018177032470703
2016-08-31,21.983695945153297,21.99231719970703
2016-09-01,21.957834007073238,22.00956153869629
2016-09-02,22.078533213337153,22.06991195678711
2016-09-06,22.09576640598691,22.07852554321289
2016-09-07,22.052669443687027,22.06991195678711
2016-09-08,22.000938493024567,21.98369598388672
2016-09-09,21.819894277114475,21.431947708129883
2016-09-12,21.33712635836143,21.725074768066406
2016-09-13,21.604371783086965,21.414709091186523
2016-09-14,21.414705732026995,21.371601104736328
2016-09-15,21.34574705166328,21.5612735748291
2016-09-16,21.48425594263465,21.458297729492188
2016-09-19,21.527520695418406,21.4842586517334
2016-09-20,21.596742299233817,21.536174774169922
2016-09-21,21.614048020036375,21.726531982421875
2016-09-22,21.8130529266298,21.84766387939453
2016-09-23,21.78709904112938,21.761140823364258
2016-09-26,21.648655705349785,21.562129974365234
2016-09-27,21.58809145205611,21.726531982421875
2016-09-28,21.74383534485418,21.761140823364258
2016-09-29,21.752483684745517,21.622695922851562
2016-09-30,21.67461587416711,21.787099838256836
2016-10-03,21.717877439649783,21.709224700927734
2016-10-04,21.75248414697578,21.58808708190918
2016-10-05,21.631354279290292,21.64000701904297
2016-10-06,21.57078618147638,21.69192123413086
2016-10-07,21.683267937157307,21.55348014831543
2016-10-10,21.640002505046425,21.596738815307617
2016-10-11,21.579441215138456,21.371780395507812
2016-10-12,21.397729772732784,21.415035247802734
2016-10-13,21.3025601222976,21.371780395507812
2016-10-14,21.449645292905085,21.406381607055664
2016-10-17,21.38042989398006,21.319862365722656
2016-10-18,21.458297847411618,21.363121032714844
2016-10-19,21.37177431463578,21.38907814025879
2016-10-20,21.354475021362305,21.354475021362305
2016-10-21,21.267949160521745,21.371780395507812
2016-10-24,21.458300435317685,21.4842586517334
2016-10-25,21.466957239708425,21.371780395507812
2016-10-26,21.319853789868766,21.440990447998047
2016-10-27,21.484256162732123,21.345815658569336
2016-10-28,21.36311747146519,21.440990447998047
2016-10-31,21.46695565287018,21.43234634399414
2016-11-01,21.440995804877456,21.2679443359375
2016-11-02,21.23334435409914,21.190080642700195
2016-11-03,21.224691300203677,21.129512786865234
2016-11-04,21.138161282624168,21.086246490478516
2016-11-07,21.354470767580036,21.501564025878906
2016-11-08,21.5102145341516,21.631349563598633
2016-11-09,21.302549630470185,21.778438568115234
2016-11-10,21.821706771850586,21.821706771850586
2016-11-11,21.7957491005885,21.84766387939453
2016-11-14,21.925546018973947,21.804410934448242
2016-11-15,21.83901348405725,21.890928268432617
2016-11-16,21.86497149380393,21.925539016723633
2016-11-17,21.925534986821276,22.03801727294922
2016-11-18,22.04667137434176,22.012062072753906
2016-11-21,22.038019212202357,22.150503158569336
2016-11-22,22.202417408242994,22.31490135192871
2016-11-23,22.25433082772517,22.340856552124023
2016-11-25,22.366819607906667,22.444692611694336
2016-11-28,22.43603571729241,22.38412094116211
2016-11-29,22.39276785712838,22.40142059326172
2016-11-30,22.427381481254404,22.23702621459961
2016-12-01,22.24567997817863,22.150503158569336
2016-12-02,22.15916025133457,22.176464080810547
2016-12-05,22.254335299162843,22.27164077758789
2016-12-06,22.297602599964804,22.306255340576172
2016-12-07,22.28894139464788,22.67830467224121
2016-12-08,22.678308383601294,22.695613861083984
2016-12-09,22.712919363437603,22.80809783935547
2016-12-12,22.782142639160156,22.782142639160156
2016-12-13,22.860011592281857,22.894620895385742
2016-12-14,22.911927715873535,22.756181716918945
2016-12-15,22.76483568848145,22.825403213500977
2016-12-16,22.85333421045216,22.8096866607666
2016-12-19,22.85333630429251,22.896982192993164
2016-12-20,22.940630564030688,22.958087921142578
2016-12-21,22.949357136926075,22.93189811706543
2016-12-22,22.91443888049544,22.88825035095215
2016-12-23,22.870795325766345,22.896982192993164
2016-12-27,22.91444629909362,22.923175811767578
2016-12-28,22.96681795699268,22.757314682006836
2016-12-29,22.766041226584477,22.774770736694336
2016-12-30,22.818416432407265,22.687477111816406
2017-01-03,22.7573121405691,22.78350067138672
2017-01-04,22.844606131678148,22.966815948486328
2017-01-05,22.90571170373008,22.896982192993164
2017-01-06,22.896987273745697,22.923175811767578
2017-01-09,22.92317500520158,22.862070083618164
2017-01-10,22.862070083618164,22.862070083618164
2017-01-11,22.870798075777877,22.914443969726562
2017-01-12,22.914441214466997,22.896982192993164
2017-01-13,22.888255011783396,22.90571403503418
2017-01-17,22.896984523408786,22.90571403503418
2017-01-18,22.949360075078626,22.958087921142578
2017-01-19,22.98427329429379,22.88825035095215
2017-01-20,22.966816161774286,23.01046371459961
2017-01-23,22.984276454286398,22.958087921142578
2017-01-24,22.949361690034156,23.158864974975586
2017-01-25,23.219963454256117,23.31598472595215
2017-01-26,23.307267943513004,23.263620376586914
2017-01-27,23.307267098683713,23.24616050720215
2017-01-30,23.167587911098682,23.141399383544922
2017-01-31,23.027922131448143,22.993005752563477
2017-02-01,23.019196021180157,22.90571403503418
2017-02-02,22.888255011783396,22.90571403503418
2017-02-03,22.993004454551105,23.089027404785156
2017-02-06,23.054109997342046,23.06283950805664
2017-02-07,23.097753949489913,23.106483459472656
2017-02-08,23.08902822243405,23.15013313293457
2017-02-09,23.185044387952484,23.289796829223633
2017-02-10,23.315986849228686,23.359634399414062
2017-02-13,23.420745209623906,23.44693374633789
2017-02-14,23.403278341739316,23.525489807128906
2017-02-15,23.508037067882924,23.665164947509766
2017-02-16,23.691352421412606,23.6826229095459
2017-02-17,23.569141529415425,23.70008087158203
2017-02-21,23.752457680382044,23.857210159301758
2017-02-22,23.81356130262912,23.874666213989258
2017-02-23,23.909582592630493,23.874666213989258
2017-02-24,23.787373969577096,23.988147735595703
2017-02-27,23.961958141512884,23.927040100097656
2017-02-28,23.839751135317776,23.857210159301758
2017-03-01,24.02305896980099,24.171457290649414
2017-03-02,24.119082579441994,24.0579776763916
2017-03-03,24.066707186110765,24.0579776763916
2017-03-06,23.92704518224815,23.95323371887207
2017-03-07,23.918309315798215,23.900850296020508
2017-03-08,23.90958107939004,23.927040100097656
2017-03-09,23.918312103536792,23.874666213989258
2017-03-10,23.979417195827548,23.961959838867188
2017-03-13,23.961959384696563,23.996875762939453
2017-03-14,23.935764331138063,23.892118453979492
2017-03-15,23.927042996463015,24.075441360473633
2017-03-16,24.119087252542144,24.075441360473633
2017-03-17,24.095536436592273,24.130483627319336
2017-03-20,24.09553297533982,24.06932258605957
2017-03-21,24.130480994490842,23.807226181030273
2017-03-22,23.81595631113348,23.885848999023438
2017-03-23,23.8509018218919,23.885848999023438
2017-03-24,23.920796789867556,23.868377685546875
2017-03-27,23.68491473056798,23.789752960205078
2017-03-28,23.754808547283023,23.938276290893555
2017-03-29,23.920801162719727,23.920801162719727
2017-03-30,23.92079774653935,23.94700813293457
2017-03-31,23.938272319730107,23.912063598632812
2017-04-03,23.929533584983215,23.868377685546875
2017-04-04,23.807228631461616,23.859647750854492
2017-04-05,23.92080158043826,23.789752960205078
2017-04-06,23.82470398236806,23.83344078063965
2017-04-07,23.81596656830729,23.85091209411621
2017-04-10,23.85090775276254,23.842172622680664
2017-04-11,23.84217696244436,23.85091209411621
2017-04-12,23.824703050316508,23.754810333251953
2017-04-13,23.737339616323236,23.63249969482422
2017-04-17,23.649967172664244,23.807226181030273
2017-04-18,23.746072714440963,23.859647750854492
2017-04-19,23.85964643794746,23.798490524291992
2017-04-20,23.85090620995297,23.981956481933594
2017-04-21,23.964486904962854,23.894594192504883
2017-04-24,24.13921663071297,24.174163818359375
2017-04-25,24.235319685050854,24.287738800048828
2017-04-26,24.261529154962123,24.252792358398438
2017-04-27,24.279006191723774,24.2702693939209
2017-04-28,24.226586214973487,24.121747970581055
2017-05-01,24.156688883953546,24.06932258605957
2017-05-02,24.078060544513406,24.104270935058594
2017-05-03,24.078062057495117,24.078062057495117
2017-05-04,24.121744528755386,24.104270935058594
2017-05-05,24.130483181640148,24.21784782409668
2017-05-08,24.226581791222515,24.182899475097656
2017-05-09,24.174162678597977,24.182899475097656
2017-05-10,24.16542931965013,24.200376510620117
2017-05-11,24.130484768676066,24.121747970581055
2017-05-12,24.086801756417227,24.043119430541992
2017-05-15,24.078062227497053,24.1479549407959
2017-05-16,24.174162282898887,24.156688690185547
2017-05-17,23.990694288987527,23.789752960205078
2017-05-18,23.73733347357577,23.807226181030273
2017-05-19,23.86837882492585,24.01690101623535
2017-05-22,24.06059029895264,24.1479549407959
2017-05-23,24.182902130632186,24.1479549407959
2017-05-24,24.19163986337,24.226585388183594
2017-05-25,24.29647769102995,24.401317596435547
2017-05-26,24.357628663229086,24.410049438476562
2017-05-30,24.366366751309886,24.427522659301758
2017-05-31,24.44499474106733,24.453731536865234
2017-06-01,24.49741401042601,24.63719940185547
2017-06-02,24.637203764553348,24.68962287902832
2017-06-05,24.7245683998871,24.68962287902832
2017-06-06,24.61973265218024,24.58478546142578
2017-06-07,24.610995854491627,24.58478546142578
2017-06-08,24.645945591388774,24.611000061035156
2017-06-09,24.63720244880733,24.62846565246582
2017-06-12,24.628473659398995,24.611000061035156
2017-06-13,24.68088380449947,24.707094192504883
2017-06-14,24.733307500158848,24.715835571289062
2017-06-15,24.610993548287663,24.7595157623291
2017-06-16,24.765657504398632,24.77442741394043
2017-06-19,24.86212017008463,24.94104766845703
2017-06-20,24.90597055223806,24.74811553955078
2017-06-21,24.783193256539377,24.721805572509766
2017-06-22,24.713033267339117,24.6691837310791
2017-06-23,24.677959442138672,24.677959442138672
2017-06-26,24.739343635028973,24.713035583496094
2017-06-27,24.686726459318194,24.52010154724121
2017-06-28,24.63411156825521,24.677959442138672
2017-06-29,24.67795596444295,24.406095504760742
2017-06-30,24.52010154724121,24.52010154724121
2017-07-03,24.599031603207738,24.59026336669922
2017-07-05,24.625343164427925,24.607803344726562
2017-07-06,24.51133440254052,24.37978744506836
2017-07-07,24.414865993173937,24.52010154724121
2017-07-10,24.511329239962024,24.467479705810547
2017-07-11,24.467479705810547,24.467479705810547
2017-07-12,24.56395546816243,24.607803344726562
2017-07-13,24.642881393432617,24.642881393432617
2017-07-14,24.651652025733664,24.77442741394043
2017-07-17,24.77442741394043,24.77442741394043
2017-07-18,24.721809629378846,24.77442741394043
2017-07-19,24.84457829126259,24.923505783081055
2017-07-20,24.94105107846239,24.870893478393555
2017-07-21,24.756887757154338,24.818275451660156
2017-07-24,24.809502899620473,24.713035583496094
2017-07-25,24.791967233024028,24.77442741394043
2017-07-26,24.844585339342878,24.8358154296875
2017-07-27,24.827040043798814,24.862119674682617
2017-07-28,24.818274970058546,24.739347457885742
2017-07-31,24.76565734539858,24.756887435913086
2017-08-01,24.835815270858742,24.818275451660156
2017-08-02,24.809509119861865,24.791969299316406
2017-08-03,24.77442741394043,24.77442741394043
2017-08-04,24.853356998536164,24.791969299316406
2017-08-07,24.818274103546816,24.879663467407227
2017-08-08,24.853353334857083,24.809505462646484
2017-08-09,24.774427734789096,24.8358154296875
2017-08-10,24.765652281171324,24.546409606933594
2017-08-11,24.546413820710896,24.59026336669922
2017-08-14,24.721805742104376,24.765653610229492
2017-08-15,24.77443083721636,24.704273223876953
2017-08-16,24.756882120922015,24.800731658935547
2017-08-17,24.72180566868238,24.423635482788086
2017-08-18,24.397329007140108,24.335941314697266
2017-08-21,24.335937912820526,24.406095504760742
2017-08-22,24.46748655311927,24.642881393432617
2017-08-23,24.555177513076767,24.511329650878906
2017-08-24,24.572716915085394,24.467479705810547
2017-08-25,24.55517943324614,24.537639617919922
2017-08-28,24.599027380397768,24.546409606933594
2017-08-29,24.414864336928726,24.546409606933594
2017-08-30,24.563955389112323,24.59903335571289
2017-08-31,24.65165344996159,24.69550132751465
2017-09-01,24.74811221331931,24.800731658935547
2017-09-05,24.7218089842607,24.65165138244629
2017-09-06,24.739345630769368,24.74811553955078
2017-09-07,24.791969299316406,24.791969299316406
2017-09-08,24.756882120922015,24.800731658935547
2017-09-11,24.914742236740377,25.01997947692871
2017-09-12,25.055057767933818,25.107675552368164
2017-09-13,25.08136383952206,25.09890365600586
2017-09-14,25.063822371439464,25.151519775390625
2017-09-15,25.160299611710805,25.22168731689453
2017-09-18,25.263172643056937,25.351442337036133
2017-09-19,25.36026433258762,25.333784103393555
2017-09-20,25.333784293133935,25.316129684448242
2017-09-21,25.29847777981869,25.26317024230957
2017-09-22,25.236685439985624,25.333784103393555
2017-09-25,25.34261102709234,25.36909294128418
2017-09-26,25.43087828459021,25.395570755004883
2017-09-27,25.422055086031634,25.36909294128418
2017-09-28,25.34261093196692,25.377920150756836
2017-09-29,25.3955781915643,25.413232803344727
2017-10-02,25.457365348497053,25.563289642333984
2017-10-03,25.589772283297368,25.651561737060547
2017-10-04,25.660382943171406,25.686864852905273
2017-10-05,25.68687129871682,25.775142669677734
2017-10-06,25.731006334155865,25.757488250732422
2017-10-09,25.775138305252845,25.669212341308594
2017-10-10,25.748655319213867,25.748655319213867
2017-10-11,25.739831224602923,25.783966064453125
2017-10-12,25.766312474171276,25.84575653076172
2017-10-13,25.91636694850617,25.881057739257812
2017-10-16,25.907549705732876,25.85458755493164
2017-10-17,25.845756022579014,25.872236251831055
2017-10-18,25.907543088360786,25.916370391845703
2017-10-19,25.836929450184346,25.960508346557617
2017-10-20,25.951681582376757,26.066434860229492
2017-10-23,26.101737734001336,25.98698616027832
2017-10-24,26.022291686188453,25.995811462402344
2017-10-25,25.97815992687264,25.907543182373047
2017-10-26,25.969328296930485,25.934019088745117
2017-10-27,25.889890860423176,25.872236251831055
2017-10-30,25.757484815537527,25.72217559814453
2017-10-31,25.775136013656386,25.704519271850586
2017-11-01,25.792794070425938,25.739831924438477
2017-11-02,25.7310007120203,25.748655319213867
2017-11-03,25.739838645733492,25.80162811279297
2017-11-06,25.810447883255172,25.79279327392578
2017-11-07,25.792792893678172,25.828102111816406
2017-11-08,25.81044462104637,25.89871597290039
2017-11-09,25.766321182250977,25.766321182250977
2017-11-10,25.72218403124887,25.80162811279297
2017-11-13,25.722176615208358,25.783966064453125
2017-11-14,25.686869778451015,25.739831924438477
2017-11-15,25.60742206340991,25.589767456054688
2017-11-16,25.73982778282302,25.907543182373047
2017-11-17,25.92519769533062,25.916370391845703
2017-11-20,25.942849644511067,25.98698616027832
2017-11-21,26.04878145526242,26.110570907592773
2017-11-22,26.11056998678963,26.039953231811523
2017-11-24,26.075255937645203,26.09290885925293
2017-11-27,26.084087181720676,26.101741790771484
2017-11-28,26.137052399145436,26.419519424438477
2017-11-29,26.446000861007303,26.463655471801758
2017-11-30,26.543097369161217,26.622541427612305
2017-12-01,26.631364263421137,26.52543830871582
2017-12-04,26.693158181387023,26.622541427612305
2017-12-05,26.68432822283872,26.53426742553711
2017-12-06,26.498961419958228,26.569578170776367
2017-12-07,26.560749887013642,26.640193939208984
2017-12-08,26.72846533761021,26.772600173950195
2017-12-11,26.781425288472427,26.79907989501953
2017-12-12,26.86969785340175,26.843215942382812
2017-12-13,26.860871383643588,26.92266082763672
2017-12-14,26.96679543060554,26.80790901184082
2017-12-15,26.931492863266108,26.993282318115234
2017-12-18,27.101545694954872,27.11041831970215
2017-12-19,27.145914251796285,27.057172775268555
2017-12-20,27.145912515591533,27.030548095703125
2017-12-21,27.08379745431308,27.021678924560547
2017-12-22,26.986180503981657,27.003929138183594
2017-12-26,26.977305615653886,27.057172775268555
2017-12-27,27.074920654296875,27.074920654296875
2017-12-28,27.110419866464436,27.101547241210938
2017-12-29,27.15479030154497,27.021678924560547
2018-01-02,27.110415481492716,27.154787063598633
2018-01-03,27.20802845908589,27.323392868041992
2018-01-04,27.403257774092555,27.43875503540039
2018-01-05,27.536381326030437,27.669492721557617
2018-01-08,27.651736468595686,27.731603622436523
2018-01-09,27.76710089648959,27.79372215270996
2018-01-10,27.749358733300806,27.77597999572754
2018-01-11,27.85583673094563,28.006696701049805
2018-01-12,28.06882364912683,28.201936721801758
2018-01-16,28.281797721247543,28.04219627380371
2018-01-17,28.148687772763147,28.308422088623047
2018-01-18,28.32616898034382,28.21967887878418
2018-01-19,28.317296986332266,28.37941551208496
2018-01-22,28.31729774847223,28.548023223876953
2018-01-23,28.485904693603516,28.485904693603516
2018-01-24,28.51252705834011,28.4149112701416
2018-01-25,28.539146020826923,28.50364875793457
2018-01-26,28.539148750425927,28.761001586914062
2018-01-29,28.69000734398081,28.556894302368164
2018-01-30,28.388290977178425,28.27292823791504
2018-01-31,28.441534212751723,28.290674209594727
2018-02-01,28.210809134813235,28.264053344726562
2018-02-02,28.086573421326268,27.75823211669922
2018-02-05,27.562998300937053,26.58684539794922
2018-02-06,26.107647104897552,27.066051483154297
2018-02-07,27.003930289601826,27.021678924560547
2018-02-08,27.048298907520103,26.018901824951172
2018-02-09,26.28512402795539,26.444856643676758
2018-02-12,26.702206244879157,26.7731990814209
2018-02-13,26.6578375122698,26.85306739807129
2018-02-14,26.737707718943156,27.208036422729492
2018-02-15,27.394391441696765,27.57187271118164
2018-02-16,27.500880259286326,27.607370376586914
2018-02-20,27.394386453900108,27.305644989013672
2018-02-21,27.314525791959174,27.101547241210938
2018-02-22,27.181408320259397,27.154787063598633
2018-02-23,27.287901146357687,27.536376953125
2018-02-26,27.642863314409748,27.87359046936035
2018-02-27,27.917962042150258,27.562997817993164
2018-02-28,27.678365891628932,27.25240707397461
2018-03-01,27.252398787032725,26.870813369750977
2018-03-02,26.648964917159425,27.003929138183594
2018-03-05,26.879690608711027,27.287899017333984
2018-03-06,27.38551690195967,27.26127815246582
2018-03-07,27.012807073069062,27.21691131591797
2018-03-08,27.279025856687607,27.367767333984375
2018-03-09,27.527504921956233,27.820350646972656
2018-03-12,27.829216915012086,27.722726821899414
2018-03-13,27.775976749983062,27.536376953125
2018-03-14,27.65173484020785,27.305644989013672
2018-03-15,27.323399527179404,27.279027938842773
2018-03-16,27.33226834584355,27.403261184692383
2018-03-19,27.294655029199326,27.07209587097168
2018-03-20,27.161122007506687,27.20563316345215
2018-03-21,27.187830098319758,27.134414672851562
2018-03-22,26.90294901081354,26.422222137451172
2018-03-23,26.47564113224874,25.950401306152344
2018-03-26,26.29759067759956,26.58246612548828
2018-03-27,26.69819975824939,26.22637367248535
2018-03-28,26.279789099698377,26.22637367248535
2018-03-29,26.324296729731525,26.564661026000977
2018-04-02,26.49344627502974,25.950401306152344
2018-04-03,26.092837113663297,26.324298858642578
2018-04-04,25.896983235263036,26.618074417114258
2018-04-05,26.742710753647163,26.787221908569336
2018-04-06,26.582464260428186,26.172954559326172
2018-04-09,26.34209998138949,26.172954559326172
2018-04-10,26.5023463449068,26.600271224975586
2018-04-11,26.431121826171875,26.431121826171875
2018-04-12,26.564667291079566,26.64478874206543
2018-04-13,26.805026222322663,26.59136962890625
2018-04-16,26.74270893026192,26.751609802246094
2018-04-17,26.91185722170985,26.983076095581055
2018-04-18,27.054294969452258,26.983076095581055
2018-04-19,26.88515265956514,26.73381233215332
2018-04-20,26.769414101315494,26.555757522583008
2018-04-23,26.609171532905908,26.52014923095703
2018-04-24,26.609171514096428,26.146249771118164
2018-04-25,26.155146505640765,26.19965934753418
2018-04-26,26.359906370662543,26.52014923095703
2018-04-27,26.493439654955132,26.502342224121094
2018-04-30,26.564659615985104,26.288686752319336
2018-05-01,26.190761155578745,26.27978515625
2018-05-02,26.306488150844107,26.101734161376953
2018-05-03,26.04832607270701,26.13735008239746
2018-05-04,26.030514727041673,26.431121826171875
2018-05-07,26.511255658205013,26.44003677368164
2018-05-08,26.422220799618888,26.502342224121094
2018-05-09,26.53795354556684,26.698196411132812
2018-05-10,26.78721837319794,26.9029483795166
2018-05-11,26.911846777216564,26.974163055419922
2018-05-14,27.063188913423105,26.99197006225586
2018-05-15,26.867338866794153,26.894044876098633
2018-05-16,26.920754647039605,27.06319236755371
2018-05-17,27.089901011147884,27.07209587097168
2018-05-18,27.054289797772633,27.06319236755371
2018-05-21,27.232336978216217,27.241239547729492
2018-05-22,27.321360484526785,27.125507354736328
2018-05-23,26.965268016072827,27.16111946105957
2018-05-24,27.12550885171797,27.21453285217285
2018-05-25,27.152216891106775,27.16111946105957
2018-05-29,26.97416854393931,26.840633392333984
2018-05-30,26.929655884026698,27.143312454223633
2018-05-31,27.10770309949142,26.911849975585938
2018-06-01,27.063190950097344,27.178922653198242
2018-06-04,27.259047793788007,27.365875244140625
2018-06-05,27.392578733432373,27.45489501953125
2018-06-06,27.535016000105994,27.713062286376953
2018-06-07,27.784285216133913,27.695262908935547
2018-06-08,27.650750323295103,27.810993194580078
2018-06-11,27.828798294067383,27.828798294067383
2018-06-12,27.900019962755238,27.85550880432129
2018-06-13,27.873306072121643,27.721965789794922
2018-06-14,27.793190340153252,27.739776611328125
2018-06-15,27.68636064607176,27.793188095092773
2018-06-18,27.633267858033275,27.6958065032959
2018-06-19,27.409915738136988,27.463520050048828
2018-06-20,27.570728280561028,27.517122268676758
2018-06-21,27.49031957406261,27.302701950073242
2018-06-22,27.40097876406519,27.284835815429688
2018-06-25,27.159757355503515,26.864931106567383
2018-06-26,26.927467346191406,26.927467346191406
2018-06-27,27.016814182986394,26.64158058166504
2018-06-28,26.587973063238927,26.775588989257812
2018-06-29,26.891734294850508,26.81132698059082
2018-07-02,26.632644455854933,26.891735076904297
2018-07-03,26.99000792072947,26.775588989257812
2018-07-05,26.9185379314425,27.05255126953125
2018-07-06,27.088285249647686,27.347375869750977
2018-07-09,27.436716542760735,27.526058197021484
2018-07-10,27.534990466258698,27.63326644897461
2018-07-11,27.472453756252133,27.481388092041016
2018-07-12,27.561794877154522,27.6958065032959
2018-07-13,27.69580472975787,27.740474700927734
2018-07-16,27.731540176189135,27.588592529296875
2018-07-17,27.508187251396553,27.785144805908203
2018-07-18,27.785150152906912,27.892358779907227
2018-07-19,27.776214100686964,27.83875274658203
2018-07-20,27.811949294110804,27.803016662597656
2018-07-23,27.749410649217165,27.803016662597656
2018-07-24,27.919160695534234,27.820884704589844
2018-07-25,27.80301987269101,28.16931915283203
2018-07-26,28.0889069277809,28.097841262817383
2018-07-27,28.124646918587505,27.82982063293457
2018-07-30,27.820878363685736,27.53498649597168
2018-07-31,27.62432843947464,27.677932739257812
2018-08-01,27.713675174528156,27.6958065032959
2018-08-02,27.508188473324584,27.901288986206055
2018-08-03,27.50819237636243,27.999568939208984
2018-08-06,27.990633473792254,28.079975128173828
2018-08-07,27.990629006975144,28.19611358642578
2018-08-08,28.17825348942699,28.16931915283203
2018-08-09,28.196115855357334,28.08890724182129
2018-08-10,27.92809423457641,27.94596290588379
2018-08-13,27.999564966451498,27.901288986206055
2018-08-14,27.990632663719918,28.151447296142578
2018-08-15,27.999567531117616,27.937028884887695
2018-08-16,28.09784742491477,28.133583068847656
2018-08-17,28.07103523957301,28.178245544433594
2018-08-20,28.213987996854563,28.249725341796875
2018-08-21,28.33013027067311,28.365867614746094
2018-08-22,28.31225886913769,28.383731842041016
2018-08-23,28.321192578286485,28.401599884033203
2018-08-24,28.446271046296676,28.616018295288086
2018-08-27,28.732172765814557,28.758974075317383
2018-08-28,28.82151273622492,28.758974075317383
2018-08-29,28.767896590033335,28.964445114135742
2018-08-30,28.86617734433413,28.839372634887695
2018-08-31,28.76789823803434,28.928712844848633
2018-09-04,28.857242735261096,28.95551872253418
2018-09-05,28.91084335195214,28.79469871520996
2018-09-06,28.812580102424448,28.758974075317383
2018-09-07,28.69642755902042,28.72323226928711
2018-09-10,28.84831682594821,28.830448150634766
2018-09-11,28.776833993013312,28.839372634887695
2018-09-12,28.830440026289732,28.89297866821289
2018-09-13,29.000182511430875,29.071657180786133
2018-09-14,29.08952598867879,29.1163272857666
2018-09-17,29.13419741842245,28.928712844848633
2018-09-18,28.97338463594576,29.125263214111328
2018-09-19,29.134202827225415,29.08953285217285
2018-09-20,29.169938161221793,29.28607940673828
2018-09-21,29.42903060287265,29.348623275756836
2018-09-24,29.28935980754572,29.253446578979492
2018-09-25,29.31629901047117,29.253446578979492
2018-09-26,29.28935980754572,29.253446578979492
2018-09-27,29.325279033145325,29.352214813232422
2018-09-28,29.33425182893571,29.450979232788086
2018-10-01,29.603622442326518,29.549747467041016
2018-10-02,29.549746393428542,29.504852294921875
2018-10-03,29.594646434088894,29.477922439575195
2018-10-04,29.40608038284662,29.15467071533203
2018-10-05,29.172636483561973,28.90326499938965
2018-10-08,28.81347676342127,28.786540985107422
2018-10-09,28.732662832443594,28.768579483032227
2018-10-10,28.70572434911128,27.691102981567383
2018-10-11,27.610294950141945,27.197263717651367
2018-10-12,27.700079405796295,27.735994338989258
2018-10-15,27.655188648673754,27.556421279907227
2018-10-16,27.789876307205613,28.20290756225586
2018-10-17,28.211888203148114,28.166994094848633
2018-10-18,28.023323867685047,27.727018356323242
2018-10-19,27.942511627098547,27.735994338989258
2018-10-22,27.744976681278537,27.727018356323242
2018-10-23,27.26011512074743,27.547441482543945
2018-10-24,27.484592264733454,26.613632202148438
2018-10-25,26.73035834287675,27.098495483398438
2018-10-26,26.685458498354276,26.73035430908203
2018-10-29,27.13440847945207,26.622608184814453
2018-10-30,26.640563421315335,27.0535945892334
2018-10-31,27.35888353818993,27.367862701416016
2018-11-01,27.475614319343865,27.75396156311035
2018-11-02,27.80783099596774,27.556421279907227
2018-11-05,27.574371976608116,27.637226104736328
2018-11-06,27.61029246545607,27.834766387939453
2018-11-07,28.05923871943154,28.40043830871582
2018-11-08,28.29269262313903,28.3286075592041
2018-11-09,28.18494837930847,28.07720184326172
2018-11-12,27.969454020948813,27.439695358276367
2018-11-13,27.511529705114338,27.421741485595703
2018-11-14,27.67314459055783,27.242155075073242
2018-11-15,27.098490294614994,27.58335304260254
2018-11-16,27.296031103288332,27.394800186157227
2018-11-19,27.340923186063367,26.66750144958496
2018-11-20,26.155701952633596,26.173660278320312
2018-11-21,26.38017503803006,26.272428512573242
2018-11-23,26.0748950182925,26.119789123535156
2018-11-26,26.389158657554585,26.50588607788086
2018-11-27,26.3891533928354,26.595670700073242
2018-11-28,26.703416077689614,27.25113296508789
2018-11-29,27.20623862990999,27.13440704345703
2018-11-30,27.134412959370593,27.30501365661621
2018-12-03,27.789872054661075,27.691102981567383
2018-12-04,27.619275187005268,26.820148468017578
2018-12-06,26.407114052843752,26.882999420166016
2018-12-07,26.838100509206527,26.13774299621582
2018-12-10,26.10182973935428,26.299367904663086
2018-12-11,26.640564766562395,26.34425926208496
2018-12-12,26.64056500318604,26.48792266845703
2018-12-13,26.604645161178368,26.496898651123047
2018-12-14,26.20060031230818,25.958168029785156
2018-12-17,25.850423007039755,25.419431686401367
2018-12-18,25.581053217565707,25.419431686401367
2018-12-19,25.464318463391013,25.006391525268555
2018-12-20,24.83579654646493,24.557449340820312
2018-12-21,24.575401351232035,24.045642852783203
2018-12-24,23.877734327732977,23.41733169555664
2018-12-26,23.53469516505146,24.627023696899414
2018-12-27,24.28397547404142,24.91590118408203
2018-12-28,25.069370768502353,24.84368324279785
2018-12-31,25.015197236338413,25.105472564697266
2019-01-02,24.663125349783424,25.105472564697266
2019-01-03,24.80757296450867,24.26592254638672
2019-01-04,24.627019551829356,25.123531341552734
2019-01-07,25.132561922098464,25.367277145385742
2019-01-08,25.647125320885156,25.574905395507812
2019-01-09,25.7193426680789,25.80961799621582
2019-01-10,25.629072266921916,25.908926010131836
2019-01-11,25.76448302258695,25.881839752197266
2019-01-14,25.65615332243134,25.701290130615234
2019-01-15,25.746427092100706,25.97211456298828
2019-01-16,25.99017301053471,25.926979064941406
2019-01-17,25.818647240054915,26.170719146728516
2019-01-18,26.37834995067633,26.567928314208984
2019-01-22,26.39640891697746,26.224885940551758
2019-01-23,26.333215191258613,26.215858459472656
2019-01-24,26.288077823646738,26.36932373046875
2019-01-25,26.558900985895757,26.622093200683594
2019-01-28,26.315167471267046,26.35127830505371
2019-01-29,26.42348751617829,26.251964569091797
2019-01-30,26.42349341029384,26.667236328125
2019-01-31,26.631126509573672,26.90195083618164
2019-02-01,26.94708960943188,27.037364959716797
2019-02-04,27.028331913466403,27.299156188964844
2019-02-05,27.344296919711017,27.4255428314209
2019-02-06,27.380400718005866,27.41651153564453
2019-02-07,27.199859709511653,27.127639770507812
2019-02-08,26.965140990701066,27.25402069091797
2019-02-11,27.326242302435762,27.263050079345703
2019-02-12,27.461650483484174,27.6151180267334
2019-02-13,27.696369541173784,27.750534057617188
2019-02-14,27.660261390716915,27.79567527770996
2019-02-15,27.98525106544313,28.03038787841797
2019-02-19,27.958166451945157,28.021360397338867
2019-02-20,28.03038589094767,28.10260581970215
2019-02-21,28.039411619828247,27.967191696166992
2019-02-22,28.075524671633538,28.238019943237305
2019-02-25,28.409539054444203,28.247045516967773
2019-02-26,28.183851167804054,28.256071090698242
2019-02-27,28.201911838539417,28.274131774902344
2019-02-28,28.274126501886485,28.256071090698242
2019-03-01,28.436625531475364,28.472736358642578
2019-03-04,28.590092175237395,28.364404678344727
2019-03-05,28.36440262249473,28.301210403442383
2019-03-06,28.301212700540702,28.14774513244629
2019-03-07,28.111634554107493,27.93108558654785
2019-03-08,27.669279763799562,27.858858108520508
2019-03-11,27.97622091502074,28.328292846679688
2019-03-12,28.40051202073349,28.427595138549805
2019-03-13,28.53593113251813,28.653287887573242
2019-03-14,28.626201404179632,28.635229110717773
2019-03-15,28.689394434180738,28.878971099853516
2019-03-18,28.89888042047942,28.953184127807617
2019-03-19,29.079899991787652,28.935087203979492
2019-03-20,28.88983083275722,28.808374404907227
2019-03-21,28.690720094886537,29.20660972595215
2019-03-22,29.052740644030067,28.58210563659668
2019-03-25,28.52780246474717,28.573055267333984
2019-03-26,28.790276161184014,28.844581604003906
2019-03-27,28.871731304254062,28.708818435668945
2019-03-28,28.799329374087275,28.898887634277344
2019-03-29,29.08894312652344,29.09799575805664
2019-04-01,29.33332023616927,29.432878494262695
2019-04-02,29.450974939950715,29.42382049560547
2019-04-03,29.541482697345717,29.487180709838867
2019-04-04,29.505277518203776,29.478126525878906
2019-04-05,29.55053435764603,29.62293815612793
2019-04-08,29.586732266321867,29.72249412536621
2019-04-09,29.59578263334441,29.54147720336914
2019-04-10,29.604835862584544,29.695344924926758
2019-04-11,29.74964726643068,29.68629264831543
2019-04-12,29.858259315027393,29.88541030883789
2019-04-15,29.90350555976549,29.86730194091797
2019-04-16,29.98496197588886,29.86730194091797
2019-04-17,30.02117211203151,29.76775360107422
2019-04-18,29.84920573530297,29.84015655517578
2019-04-22,29.731553529760973,29.8039608001709
2019-04-23,29.858258344988705,30.021167755126953
2019-04-24,30.021162869093,30.039264678955078
2019-04-25,29.96686458984424,29.921611785888672
2019-04-26,29.876350891220486,29.99401092529297
2019-04-29,30.00306355621929,29.99401092529297
2019-04-30,30.06642519464003,30.129779815673828
2019-05-01,30.247432239178316,29.85825538635254
2019-05-02,29.812999608224967,29.78584861755371
2019-05-03,29.921607140717892,29.99401092529297
2019-05-06,29.441924512048438,29.88541030883789
2019-05-07,29.58673696058002,29.369522094726562
2019-05-08,29.31521177360753,29.387619018554688
2019-05-09,29.14325365697039,29.324268341064453
2019-05-10,29.1975583473931,29.432878494262695
2019-05-13,28.817426881712173,28.627361297607422
2019-05-14,28.772174211245403,28.998441696166992
2019-05-15,28.817429344261516,29.20660972595215
2019-05-16,29.260911682144563,29.478126525878906
2019-05-17,29.2428063181301,29.35141372680664
2019-05-20,29.07990074157715,29.07990074157715
2019-05-21,29.279006839987375,29.342361450195312
2019-05-22,29.22471248317759,29.251863479614258
2019-05-23,28.962239649009515,28.817428588867188
2019-05-24,28.95318903707565,28.844581604003906
2019-05-28,28.916982540350798,28.6092586517334
2019-05-29,28.464451373813343,28.455400466918945
2019-05-30,28.509697381245335,28.564001083374023
2019-05-31,28.27438199721533,28.174823760986328
2019-06-03,28.22007691571047,28.075265884399414
2019-06-04,28.373941688798144,28.772172927856445
2019-06-05,28.98938821996383,29.070844650268555
2019-06-06,29.134198300372297,29.306163787841797
2019-06-07,29.460023039249815,29.72249412536621
2019-06-10,29.91256130264839,29.88541030883789
2019-06-11,30.120729260089078,29.876359939575195
2019-06-12,29.81299949089443,29.758697509765625
2019-06-13,29.8673084954416,29.88541030883789
2019-06-14,29.758699542282454,29.695344924926758
2019-06-17,29.713447093627497,29.68629264831543
2019-06-18,29.894458518037336,30.021167755126953
2019-06-19,30.08452141337135,30.156925201416016
2019-06-20,30.5008602142334,30.5008602142334
2019-06-21,30.48275710965871,30.365097045898438
2019-06-24,30.42871395669342,30.34691619873047
2019-06-25,30.36508922878465,30.065166473388672
2019-06-26,30.174231668310874,30.037900924682617
2019-06-27,30.083342718492503,30.05607795715332
2019-06-28,30.119705835664114,30.10152816772461
2019-07-01,30.51960547914831,30.365097045898438
2019-07-02,30.36508943489771,30.41962242126465
2019-07-03,30.5105087174047,30.73772430419922
2019-07-05,30.56504963532599,30.62866973876953
2019-07-08,30.446893201562535,30.45598030090332
2019-07-09,30.365094178147235,30.492334365844727
2019-07-10,30.59230819908601,30.63775062561035
2019-07-11,30.646847406472773,30.62866973876953
2019-07-12,30.674108513408815,30.728641510009766
2019-07-15,30.774090446768696,30.81044578552246
2019-07-16,30.792256644934465,30.70136833190918
2019-07-17,30.71046878590531,30.537782669067383
2019-07-18,30.546874642963452,30.71047019958496
2019-07-19,30.828612510016693,30.54686737060547
2019-07-22,30.637747458927333,30.674102783203125
2019-07-23,30.801342658857273,30.837697982788086
2019-07-24,30.828614085839142,31.01947784423828
2019-07-25,30.955851052045972,30.837697982788086
2019-07-26,30.883141352402923,30.9104061126709
2019-07-29,30.892231917182,30.9104061126709
2019-07-30,30.79226889790497,30.783178329467773
2019-07-31,30.801342924729585,30.41962242126465
2019-08-01,30.465074098786282,30.219680786132812
2019-08-02,30.092439348492626,29.892488479614258
2019-08-05,29.41079143607821,28.9472713470459
2019-08-06,29.20174886660975,29.383522033691406
2019-08-07,29.09268319442497,29.474407196044922
2019-08-08,29.601647259278675,30.0469913482666
2019-08-09,29.956105730620667,29.819778442382812
2019-08-12,29.674360595236788,29.510765075683594
2019-08-13,29.483499308239892,30.001550674438477
2019-08-14,29.565292523524562,29.156307220458984
2019-08-15,29.183575159915204,29.11995506286621
2019-08-16,29.319899724178864,29.547115325927734
2019-08-19,29.91066122087534,29.974281311035156
2019-08-20,29.937930612491986,29.7470703125
2019-08-21,30.001545455915014,30.0469913482666
2019-08-22,30.128789733814695,30.0288143157959
2019-08-23,29.892484345084842,29.18357276916504
2019-08-26,29.43805441497767,29.510765075683594
2019-08-27,29.710718363058902,29.55621337890625
2019-08-28,29.474408325278375,29.75615692138672
2019-08-29,30.037906793495576,30.083349227905273
2019-08-30,30.228761049533695,30.0469913482666
2019-09-03,29.865217208862305,29.865217208862305
2019-09-04,30.110615715474687,30.237855911254883
2019-09-05,30.528688262418612,30.68319320678711
2019-09-06,30.755905151367188,30.755905151367188
2019-09-09,30.846787911827345,30.601394653320312
2019-09-10,30.474152258993694,30.510507583618164
2019-09-11,30.565045987242105,30.728641510009766
2019-09-12,30.864964161824908,30.846786499023438
2019-09-13,30.901329390428735,30.792266845703125
2019-09-16,30.701379631419368,30.71047019958496
2019-09-17,30.710471117150266,30.783178329467773
2019-09-18,30.75591355822821,30.783178329467773
2019-09-19,30.80134694706458,30.77408218383789
2019-09-20,30.864966225266972,30.63775062561035
2019-09-23,30.58113456474721,30.699840545654297
2019-09-24,30.836819197817174,30.462430953979492
2019-09-25,30.498959827470124,30.635929107666016
2019-09-26,30.66332921097168,30.581146240234375
2019-09-27,30.635928897257603,30.416776657104492
2019-09-30,30.498959244012035,30.626798629760742
2019-10-01,30.68158566337348,30.279804229736328
2019-10-02,30.11543249500921,29.686254501342773
2019-10-03,29.722786270723432,29.987598419189453
2019-10-04,30.115433798215424,30.435035705566406
2019-10-07,30.34371646731402,30.30718994140625
2019-10-08,30.069780423695285,29.786705017089844
2019-10-09,30.060646169309734,30.106306076049805
2019-10-10,30.097170663338332,30.27066993713379
2019-10-11,30.58114278893249,30.635929107666016
2019-10-14,30.635928521587648,30.626798629760742
2019-10-15,30.745502366741967,30.83681869506836
2019-10-16,30.763755798339844,30.763755798339844
2019-10-17,30.919000325158525,30.845947265625
2019-10-18,30.77289652642188,30.617660522460938
2019-10-21,30.80942092810643,30.873340606689453
2019-10-22,31.028571094544517,30.754629135131836
2019-10-23,30.672453624970014,30.727243423461914
2019-10-24,30.955525619597534,30.973785400390625
2019-10-25,30.928124276904963,31.174673080444336
2019-10-28,31.28425456192986,31.384700775146484
2019-10-29,31.39383910506642,31.348182678222656
2019-10-30,31.421226804504773,31.494279861450195
2019-10-31,31.466877396105513,31.375564575195312
2019-11-01,31.530805883910325,31.603858947753906
2019-11-04,31.78649306314568,31.640390396118164
2019-11-05,31.68604212278187,31.558202743530273
2019-11-06,31.54906896622668,31.576465606689453
2019-11-07,31.74083200454801,31.676912307739258
2019-11-08,31.640380742132024,31.804746627807617
2019-11-11,31.631252364986775,31.749961853027344
2019-11-12,31.804753744090522,31.77735710144043
2019-11-13,31.695169719364806,31.841272354125977
2019-11-14,31.740823864327314,31.786483764648438
2019-11-15,31.99651043480776,32.07869338989258
2019-11-18,32.03304026436223,32.051300048828125
2019-11-19,32.14261326306204,32.10608673095703
2019-11-20,32.06042430644406,31.959978103637695
2019-11-21,31.96912348929987,31.914337158203125
2019-11-22,31.987371255908098,31.959978103637695
2019-11-25,32.06042579186664,32.26131820678711
2019-11-26,32.28871642679053,32.398292541503906
2019-11-27,32.43481933119573,32.544395446777344
2019-11-29,32.48047950305856,32.425689697265625
2019-12-02,32.45308352317461,32.1517448425293
2019-12-03,31.850404711300428,31.92345428466797
2019-12-04,32.06956700695135,32.14262008666992
2019-12-05,32.24305673363698,32.215660095214844
2019-12-06,32.416558186995196,32.498741149902344
2019-12-09,32.4348230732456,32.425689697265625
2019-12-10,32.425689697265625,32.425689697265625
2019-12-11,32.50786049665418,32.58091354370117
2019-12-12,32.58092187059734,32.90052032470703
2019-12-13,32.90051472160368,32.94617462158203
2019-12-16,33.16532897949219,33.16532897949219
2019-12-17,33.24750408689593,33.1379280090332
2019-12-18,33.210988335819955,33.08314895629883
2019-12-19,33.13794201050644,33.26578140258789
2019-12-20,33.43014445728854,33.466670989990234
2019-12-23,33.56757512679769,33.54005432128906
2019-12-24,33.58592094104965,33.51252746582031
2019-12-26,33.56758023483925,33.631797790527344
2019-12-27,33.7510684392914,33.65015411376953
2019-12-30,33.65014964903717,33.47584533691406
2019-12-31,33.41162143269145,33.549232482910156
2020-01-02,33.71436344076995,33.85197448730469
2020-01-03,33.53089014657903,33.576759338378906
2020-01-06,33.36575730956439,33.64097595214844
2020-01-07,33.585930816747556,33.52171325683594
2020-01-08,33.52171612249924,33.705196380615234
2020-01-09,33.85197196934511,33.94371032714844
2020-01-10,33.99876595260948,33.888675689697266
2020-01-13,33.98041787792681,34.14554977416992
2020-01-14,34.16389242861739,34.15471649169922
2020-01-15,34.154719672034744,34.23728561401367
2020-01-16,34.402417500831355,34.47581100463867
2020-01-17,34.567543029785156,34.567543029785156
2020-01-21,34.4849853515625,34.4849853515625
2020-01-22,34.585896810527565,34.558372497558594
2020-01-23,34.50333340724036,34.585899353027344
2020-01-24,34.72349729309606,34.338191986083984
2020-01-27,33.73270736779195,33.81527328491211
2020-01-28,33.94371542480614,34.03545379638672
2020-01-29,34.19140106470093,33.98040008544922
2020-01-30,33.714366312687005,34.053802490234375
2020-01-31,33.81527729879339,33.21896743774414
2020-02-03,33.402450574316696,33.52171325683594
2020-02-04,33.97123655519911,34.053802490234375
2020-02-05,34.30150729299752,34.512508392333984
2020-02-06,34.677638055138594,34.604248046875
2020-02-07,34.47580302407062,34.338191986083984
2020-02-10,34.20976448711884,34.457462310791016
2020-02-11,34.622593238785214,34.52167892456055
2020-02-12,34.6684560930812,34.73267364501953
2020-02-13,34.530852002161964,34.57672119140625
2020-02-14,34.6225973747577,34.67763900756836
2020-02-18,34.56754715444403,34.46663284301758
2020-02-19,34.567548122209956,34.65928649902344
2020-02-20,34.585896810527565,34.558372497558594
2020-02-21,34.42076427863986,34.26480484008789
2020-02-24,33.22813634434406,33.13639450073242
2020-02-25,33.22815038131593,32.05387878417969
2020-02-26,32.20065973783191,32.00800704956055
2020-02-27,31.384173279256824,30.696125030517578
2020-02-28,29.806254125249275,30.475954055786133
2020-03-02,30.705296877373748,31.907085418701172
2020-03-03,31.962137127858725,30.953001022338867
2020-03-04,31.62270107530778,32.347442626953125
2020-03-05,31.558484385530658,31.393352508544922
2020-03-06,30.43007924007715,31.08143424987793
2020-03-09,28.7971185001854,28.879684448242188
2020-03-10,29.971386568691848,30.375043869018555
2020-03-11,29.576897729347834,28.916370391845703
2020-03-12,26.751316156455385,26.265094757080078
2020-03-13,27.476062897916997,28.861331939697266
2020-03-16,25.457793016440846,25.88896942138672
2020-03-17,26.366011367061883,27.402671813964844
2020-03-18,25.861441525908443,26.411880493164062
2020-03-19,26.18253037452978,25.99905014038086
2020-03-20,26.265095177880898,24.677997589111328
2020-03-23,24.53487093917658,23.75921058654785
2020-03-24,24.95040615098423,26.206235885620117
2020-03-25,26.326276868652265,26.566362380981445
2020-03-26,26.871080173756763,28.080739974975586
2020-03-27,27.314321051205628,27.166576385498047
2020-03-30,27.489769765592452,28.136152267456055
2020-03-31,28.071509990001108,27.637510299682617
2020-04-01,26.64946982912296,26.621767044067383
2020-04-02,26.55712832394883,27.526702880859375
2020-04-03,27.434363456514273,27.20351219177246
2020-04-06,28.302362065263267,28.985681533813477
2020-04-07,29.872153950734138,28.717899322509766
2020-04-08,29.12419221803438,29.659765243530273
2020-04-09,30.038358965050435,29.752105712890625
2020-04-13,29.68747102743113,29.493555068969727
2020-04-14,30.130698024548604,30.47235679626465
2020-04-15,29.798282559718352,29.733644485473633
2020-04-16,29.87214656218598,29.853681564331055
2020-04-17,30.583170087050462,30.712446212768555
2020-04-20,30.241510650996155,30.195341110229492
2020-04-21,29.69670649943532,29.262706756591797
2020-04-22,29.82597684250781,29.964488983154297
2020-04-23,30.05683504823906,29.92755889892578
2020-04-24,30.056832304015213,30.35232162475586
2020-04-27,30.500066460002262,30.83249282836914
2020-04-28,31.192618482816982,30.721683502197266
2020-04-29,31.358835948478113,31.460411071777344
2020-04-30,31.257252732043096,31.02640151977539
2020-05-01,30.481591594230252,30.269208908081055
2020-05-04,30.08453588330815,30.343088150024414
2020-05-05,30.675517370248638,30.638580322265625
2020-05-06,30.860185188989867,30.53699493408203
2020-05-07,30.943296692051323,30.897127151489258
2020-05-08,31.22955876772343,31.386539459228516
2020-05-11,31.155692366021764,31.469650268554688
2020-05-12,31.617385902602063,30.80478858947754
2020-05-13,30.758625025431257,30.407730102539062
2020-05-14,30.1768714256054,30.82325553894043
2020-05-15,30.564705256718028,30.93406867980957
2020-05-18,31.63585067854037,31.728193283081055
2020-05-19,31.691255825253347,31.358829498291016
2020-05-20,31.718954586454664,31.86669921875
2020-05-21,31.82976695652466,31.589679718017578
2020-05-22,31.580452034275286,31.645090103149414
2020-05-26,32.3745742129629,32.005210876464844
2020-05-27,32.26376988618878,32.3653450012207
2020-05-28,32.5500260641955,32.37458038330078
2020-05-29,32.402280758028894,32.642364501953125
2020-06-01,32.531565042481766,32.55003356933594
2020-06-02,32.67006895522584,32.863983154296875
2020-06-03,33.094825920663,33.22410202026367
2020-06-04,33.131772661038,33.113304138183594
2020-06-05,33.65811524974317,33.833560943603516
2020-06-08,33.90742758734246,34.009002685546875
2020-06-09,33.750445680796,33.759681701660156
2020-06-10,33.80585780554731,33.639644622802734
2020-06-11,33.02095742440674,31.75589370727539
2020-06-12,32.503855528268886,32.03291702270508
2020-06-15,31.469645936658406,32.21760177612305
2020-06-16,33.15024327193621,32.95632553100586
2020-06-17,33.03018917227914,32.771636962890625
2020-06-18,32.62389588050797,32.81781005859375
2020-06-19,33.24258853833377,32.67007827758789
2020-06-22,32.58751177758686,32.86579895019531
2020-06-23,33.190463902834395,33.02349090576172
2020-06-24,32.81013310403942,32.18862533569336
2020-06-25,32.14225892872424,32.5318603515625
2020-06-26,32.457647619349494,31.984556198120117
2020-06-29,32.10514483089141,32.33705139160156
2020-06-30,32.36487444565872,32.84724044799805
2020-07-01,32.85651538390191,32.912174224853516
2020-07-02,33.28323202552412,33.16263961791992
2020-07-06,33.55223398451244,33.62644577026367
2020-07-07,33.478024563044094,33.30177688598633
2020-07-08,33.431650216410716,33.51513671875
2020-07-09,33.6171762854786,33.4130973815918
2020-07-10,33.403814282358645,33.58934020996094
2020-07-13,33.774869058825715,33.32960891723633
2020-07-14,33.19046221677636,33.811973571777344
2020-07-15,34.23868190125493,34.13664245605469
2020-07-16,34.025333746355344,33.98822784423828
2020-07-17,34.1459162214624,34.21084976196289
2020-07-20,34.19230187177676,34.4334831237793
2020-07-21,34.61900906918829,34.4334831237793
2020-07-22,34.45204516730348,34.656124114990234
2020-07-23,34.61900209673722,34.294334411621094
2020-07-24,33.9974953403125,33.84907531738281
2020-07-27,33.92329610097346,34.17375564575195
2020-07-28,34.099539705596726,33.94184494018555
2020-07-29,34.02532557544058,34.22940444946289
2020-07-30,33.886188599114305,34.05316162109375
2020-07-31,34.19230936789543,34.266517639160156
2020-08-03,34.489134153728656,34.63755416870117
2020-08-04,34.59118075369924,34.77670669555664
2020-08-05,34.94367857098633,34.99006271362305
2020-08-06,34.94367578144188,35.14775466918945
2020-08-07,35.064273834228516,35.064273834228516
2020-08-10,35.09209902973461,35.18486022949219
2020-08-11,35.324011511290855,34.897300720214844
2020-08-12,35.16630086159735,35.509521484375
2020-08-13,35.35182661177051,35.34254837036133
2020-08-14,35.30544602056146,35.34254837036133
2020-08-17,35.52808402488814,35.593017578125
2020-08-18,35.66722785955155,35.63939666748047
2020-08-19,35.67650002547389,35.528079986572266
2020-08-20,35.38894037512985,35.6765022277832
2020-08-21,35.67650050892471,35.92695999145508
2020-08-24,36.2052488866489,36.21452713012695
2020-08-25,36.3443981581413,36.38150405883789
2020-08-26,36.4649902705601,36.6505126953125
2020-08-27,36.80820324193467,36.75254440307617
2020-08-28,36.86385972660674,37.077213287353516
2020-08-31,37.08649281066828,36.96590042114258
2020-09-01,37.030843301557034,37.253475189208984
2020-09-02,37.54103869633172,37.87498474121094
2020-09-03,37.7172809162946,36.446434020996094
2020-09-04,36.50209238256319,36.08466339111328
2020-09-08,35.4817060366475,35.10137939453125
2020-09-09,35.574459014084916,35.94551086425781
2020-09-10,36.195973346795896,35.314727783203125
2020-09-11,35.6022880452428,35.4260368347168
2020-09-14,35.899136373992484,35.99189758300781
2020-09-15,36.27017894931039,36.17741775512695
2020-09-16,36.36294507149021,35.96406555175781
2020-09-17,35.39820480998384,35.769256591796875
2020-09-18,35.90840279526234,35.4260368347168
2020-09-21,34.73959572299549,34.88801574707031
2020-09-22,35.027159040565884,35.17557907104492
2020-09-23,35.314728942632,34.498416900634766
2020-09-24,34.405659380051176,34.600460052490234
2020-09-25,34.51696688737839,35.12919998168945
2020-09-28,35.60229570770377,35.6950569152832
2020-09-29,35.66723472267772,35.5466423034668
2020-09-30,35.63940196738363,35.86203384399414
2020-10-01,36.149586471405634,35.97333526611328
2020-10-02,35.36111493481215,35.49098205566406
2020-10-05,35.73216258301445,36.168148040771484
2020-10-06,36.21453052012237,35.815650939941406
2020-10-07,36.10321067289444,36.437156677246094
2020-10-08,36.66905918795486,36.641231536865234
2020-10-09,36.78965389777846,36.956626892089844
2020-10-12,37.23491322487361,37.466819763183594
2020-10-13,37.4018873802143,37.188533782958984
2020-10-14,37.290577516903106,37.04939270019531
2020-10-15,36.58557912031842,36.919525146484375
2020-10-16,37.07721985057003,36.98445510864258
2020-10-19,37.10504245029784,36.390769958496094
2020-10-20,36.56702400661271,36.50209045410156
2020-10-21,36.437150553836446,36.390769958496094
2020-10-22,36.40933030452501,36.59485626220703
2020-10-23,36.63196306297904,36.58557891845703
2020-10-26,36.20525040355224,35.89913558959961
2020-10-27,35.991900746359995,35.79710006713867
2020-10-28,35.20341233229819,34.554073333740234
2020-10-29,34.55407541733672,34.804534912109375
2020-10-30,34.54478668191095,34.4241943359375
2020-11-02,34.86019515991211,34.86019515991211
2020-11-03,35.240517359971896,35.43531799316406
2020-11-04,35.97334724122644,36.27018737792969
2020-11-05,36.92880422712576,36.947357177734375
2020-11-06,36.93807590576759,37.04011535644531
2020-11-09,38.208922953906,37.207088470458984
2020-11-10,37.197810679971006,37.06794357299805
2020-11-11,37.3462312910776,37.364784240722656
2020-11-12,37.253469868550276,37.03083801269531
2020-11-13,37.281298672934604,37.55958938598633
2020-11-16,37.83787883875466,37.87498474121094
2020-11-17,37.69872170394466,37.64306640625
2020-11-18,37.68945277057393,37.188533782958984
2020-11-19,37.067939447171526,37.37405776977539
2020-11-20,37.33695952892303,37.10505294799805
2020-11-23,37.25346110464817,37.24418640136719
2020-11-24,37.52247285991565,37.652339935302734
2020-11-25,37.680179377109425,37.6152458190918
2020-11-27,37.76365953158057,37.7729377746582
2020-11-30,37.69872598448883,37.7729377746582
2020-12-01,38.1439834405422,38.09760284423828
2020-12-02,38.00485065493487,38.15327072143555
2020-12-03,38.18109489844852,38.11616134643555
2020-12-04,38.171823252635974,38.52431869506836
2020-12-07,38.450099100576274,38.42226791381836
2020-12-08,38.320242421718774,38.53359603881836
2020-12-09,38.579979100974,38.208927154541016
2020-12-10,38.11616308414128,38.13471603393555
2020-12-11,37.96774012221091,38.12543487548828
2020-12-14,38.42228034726954,38.07905960083008
2020-12-15,38.357341546488726,38.56142044067383
2020-12-16,38.570692227557046,38.55213928222656
2020-12-17,38.72839193807283,38.87681198120117
2020-12-18,38.99740740994408,38.784053802490234
2020-12-21,38.24001856446746,38.58469009399414
2020-12-22,38.56607292953078,38.538124084472656
2020-12-23,38.63128363836387,38.42634201049805
2020-12-24,38.51017838543799,38.640594482421875
2020-12-28,38.901427838036795,38.836219787597656
2020-12-29,39.078415694384596,38.87347412109375
2020-12-30,39.00388941110032,38.99457550048828
2020-12-31,39.03184625284477,39.22747039794922
2021-01-04,39.339252104612086,38.7710075378418
2021-01-05,38.696484786458754,39.05978775024414
2021-01-06,38.78033435129923,39.19953155517578
2021-01-07,39.44173041910868,39.7770881652832
2021-01-08,39.90749477580601,39.93544006347656
2021-01-11,39.81435206002045,39.972713470458984
2021-01-12,39.94476280859581,39.79571533203125
2021-01-13,39.83297308358218,39.85160446166992
2021-01-14,40.0192794803002,39.683921813964844
2021-01-15,39.628039951793156,39.4789924621582
2021-01-19,39.730506886647404,39.81434631347656
2021-01-20,39.982020135220985,40.12175369262695
2021-01-21,40.168329171506585,40.17764663696289
2021-01-22,40.00996017456055,40.00996017456055
2021-01-25,40.12175827088589,40.252174377441406
2021-01-26,40.41985549107047,40.242862701416016
2021-01-27,39.898188882902225,39.26473617553711
2021-01-28,39.544191428755475,39.702552795410156
2021-01-29,39.57213390486212,38.99457550048828
2021-02-01,39.33926305933462,39.54420471191406
2021-02-02,39.91681249202267,40.019283294677734
2021-02-03,40.028605690523094,39.73051071166992
2021-02-04,39.93543849659493,40.26148223876953
2021-02-05,40.54094616706594,40.41053009033203
2021-02-08,40.52231257847377,40.75519943237305
2021-02-09,40.66205872466234,40.699317932128906
2021-02-10,40.857682889758635,40.699317932128906
2021-02-11,40.913577205217976,41.0346794128418
2021-02-12,40.89493874598541,41.248924255371094
2021-02-16,41.38866006233566,41.1557731628418
2021-02-17,40.92288929548059,41.025360107421875
2021-02-18,40.77383961019646,40.86699295043945
2021-02-19,41.05329471743147,40.736568450927734
2021-02-22,40.52232059729875,40.40121841430664
2021-02-23,40.27080231888687,40.40121841430664
2021-02-24,40.33600654622701,40.98809051513672
2021-02-25,40.87630502219752,39.93544006347656
2021-02-26,40.24286202306504,39.7770881652832
2021-03-01,40.31737700098066,40.662052154541016
2021-03-02,40.70862459181297,40.26148223876953
2021-03-03,40.17764667065931,39.59077072143555
2021-03-04,39.59077223661217,38.864166259765625
2021-03-05,39.283355326336604,39.72118377685547
2021-03-08,39.75844877596744,39.46035385131836
2021-03-09,39.94476276415542,40.131072998046875
2021-03-10,40.38258586871756,40.20559310913086
2021-03-11,40.522322017857476,40.59684753417969
2021-03-12,40.40122101941409,40.54095458984375
2021-03-15,40.531635634086285,40.84836196899414
2021-03-16,40.9694709777832,40.9694709777832
2021-03-17,40.81110274087909,41.01604080200195
2021-03-18,40.7645155690179,40.41053009033203
2021-03-19,40.466420661646964,40.326690673828125
2021-03-22,40.35754197728955,40.79682159423828
2021-03-23,40.918318067061556,40.479042053222656
2021-03-24,40.6098864464739,40.292110443115234
2021-03-25,40.23603496311225,40.479042053222656
2021-03-26,40.61923292256278,41.45105743408203
2021-03-29,41.33890394760399,41.516483306884766
2021-03-30,41.36694587580157,41.17067337036133
2021-03-31,41.30151734369268,41.432369232177734
2021-04-01,41.66602581156951,41.87164306640625
2021-04-05,42.142686760023714,42.39503860473633
2021-04-06,42.3296099015077,42.28287887573242
2021-04-07,42.28288761576919,42.26419448852539
2021-04-08,42.51655060957672,42.535240173339844
2021-04-09,42.5445815944813,42.806278228759766
2021-04-12,42.75955259609538,42.84366989135742
2021-04-13,42.86236653516362,43.002559661865234
2021-04-14,42.993201102692986,42.853004455566406
2021-04-15,43.13341484568499,43.45119094848633
2021-04-16,43.60071674526154,43.58202362060547
2021-04-19,43.479214093570945,43.348365783691406
2021-04-20,43.161446135819354,43.05863571166992
2021-04-21,43.03994918877268,43.45119094848633
2021-04-22,43.38575034855227,43.06797790527344
2021-04-23,43.086672307213966,43.42314147949219
2021-04-26,43.47922456952689,43.39510726928711
2021-04-27,43.37640331871159,43.3203239440918
2021-04-28,43.2081744610783,43.039939880371094
2021-04-29,43.19883569225552,43.16144943237305
2021-04-30,42.87170980078935,42.75020980834961
2021-05-03,43.01189139405475,42.96516036987305
2021-05-04,42.731507086894844,42.68477249145508
2021-05-05,42.88105555238772,42.759552001953125
2021-05-06,42.73151207683313,43.01190185546875
2021-05-07,43.236217450900895,43.39510726928711
2021-05-10,43.4044362755994,42.96516036987305
2021-05-11,42.53524060404884,42.75020980834961
2021-05-12,42.395040781731424,41.796875
2021-05-13,42.00250132945313,42.36701202392578
2021-05-14,42.6754223153887,42.96516036987305
2021-05-17,42.87170386655273,42.81562805175781
2021-05-18,42.853006075539035,42.51654052734375
2021-05-19,42.00248984372117,42.553924560546875
2021-05-20,42.638043493781495,43.15209197998047
2021-05-21,43.34837716643544,43.16144943237305
2021-05-24,43.46987100955369,43.57268142700195
2021-05-25,43.66614374530761,43.46986770629883
2021-05-26,43.535300247151326,43.42314147949219
2021-05-27,43.51660305923437,43.367061614990234
2021-05-28,43.48855762793978,43.55398178100586
2021-06-01,43.778310181412564,43.22687530517578
2021-06-02,43.29228701605812,43.4324836730957
2021-06-03,43.2549046811858,43.46052551269531
2021-06-04,43.68484036534417,43.946537017822266
2021-06-07,43.98391526485217,44.07737731933594
2021-06-08,44.17083887954393,44.021297454833984
2021-06-09,44.10542273993641,44.049346923828125
2021-06-10,44.198889410555914,44.40450668334961
2021-06-11,44.46058261478607,44.43254470825195
2021-06-14,44.44188799709787,44.58208465576172
2021-06-15,44.6194709205135,44.423194885253906
2021-06-16,44.4418783754834,44.14279556274414
2021-06-17,44.030647142366206,44.376461029052734
2021-06-18,44.1521584859322,43.87176513671875
2021-06-21,44.062076402478375,44.615196228027344
2021-06-22,44.66207889210445,44.86832809448242
2021-06-23,44.90581901558902,44.765193939208984
2021-06-24,45.018319491573756,45.13081741333008
2021-06-25,45.2526894413347,45.45893859863281
2021-06-28,45.52455160443023,45.44955062866211
2021-06-29,45.52456524771884,45.47768783569336
2021-06-30,45.430805534192416,45.56205368041992
2021-07-01,45.646441687238045,45.79644012451172
2021-07-02,45.880814270741794,46.07769012451172
2021-07-06,46.07768022550891,45.84330749511719
2021-07-07,45.87142891894103,46.08705139160156
2021-07-08,45.41206746459164,45.618316650390625
2021-07-09,45.843312221125494,46.237056732177734
2021-07-12,46.17143294948295,46.36830520629883
2021-07-13,46.24643924613902,46.27456283569336
2021-07-14,46.41517779534486,46.46205520629883
2021-07-15,46.26518240554324,46.40580749511719
2021-07-16,46.565175673809776,46.05893325805664
2021-07-19,45.44019123558811,45.337066650390625
2021-07-20,45.38393191753548,45.974552154541016
2021-07-21,46.162055970993144,46.43392562866211
2021-07-22,46.39642372515836,46.387046813964844
2021-07-23,46.593292740911046,46.790164947509766
2021-07-26,46.70580003775642,46.827674865722656
2021-07-27,46.59330421942715,46.64955139160156
2021-07-28,46.68704354161818,46.527671813964844
2021-07-29,46.73392098237469,46.87454605102539
2021-07-30,46.733930466488594,46.77143096923828
2021-08-02,46.92141438783821,46.630794525146484
2021-08-03,46.696433875939995,47.10892868041992
2021-08-04,46.88391938668821,46.87454605102539
2021-08-05,46.93079967759108,47.09954833984375
2021-08-06,47.202664368844374,47.32453918457031
2021-08-09,47.324537002330814,47.29641342163086
2021-08-10,47.32454191790546,47.483917236328125
2021-08-11,47.53079620171897,47.59642028808594
2021-08-12,47.60578895545004,47.680789947509766
2021-08-13,47.690167637194136,47.73704147338867
2021-08-16,47.568298455245284,47.905792236328125
2021-08-17,47.63392537700159,47.65267562866211
2021-08-18,47.49329692125319,47.02455139160156
2021-08-19,46.593295186717235,47.09016418457031
2021-08-20,47.17455296334463,47.380802154541016
2021-08-23,47.558912486279766,47.7276611328125
2021-08-24,47.802669135554375,47.73704147338867
2021-08-25,47.8214205478559,47.85892105102539
2021-08-26,47.87767149609869,47.65267562866211
2021-08-27,47.680787942428346,47.99015808105469
2021-08-30,48.03703392859291,47.952659606933594
2021-08-31,47.95266317936007,47.680789947509766
2021-09-01,47.74642418420733,47.568302154541016
2021-09-02,47.69954058200322,47.67141342163086
2021-09-03,47.60578778805504,47.633914947509766
2021-09-07,47.63391469714309,47.36204147338867
2021-09-08,47.268293264890964,47.30579376220703
2021-09-09,47.25891782198976,47.13704299926758
2021-09-10,47.39016534233786,46.87454605102539
2021-09-13,47.20267786369102,47.01518249511719
2021-09-14,47.127679470014975,46.68705749511719
2021-09-15,46.74330215513515,47.0714225769043
2021-09-16,47.11829641197926,47.0714225769043
2021-09-17,46.968299261982324,46.70580291748047
2021-09-20,45.80581003275763,45.78705978393555
2021-09-21,46.030812906267144,45.79644012451172
2021-09-22,46.0308053953724,46.20893096923828
2021-09-23,46.46205426475098,46.95892333984375
2021-09-24,46.81829098428538,47.09016418457031
2021-09-27,46.98704692485073,46.95892333984375
2021-09-28,46.668294734262304,46.08705139160156
2021-09-29,46.218303524334296,46.152679443359375
2021-09-30,46.35893350672499,45.51519012451172
2021-10-01,45.646435937596316,46.040184020996094
2021-10-04,45.90893705465265,45.46831512451172
2021-10-05,45.68392870351586,45.974552154541016
2021-10-06,45.60893261765757,46.08705139160156
2021-10-07,46.471424262046355,46.53704833984375
2021-10-08,46.66829993316734,46.54642868041992
2021-10-11,46.52767804346516,46.20893096923828
2021-10-12,46.34018523491886,46.096435546875
2021-10-13,46.17143921261913,46.049564361572266
2021-10-14,46.4151833456058,46.77143096923828
2021-10-15,47.07141667862114,47.249542236328125
2021-10-18,47.08079028397535,47.4464111328125
2021-10-19,47.5964198804753,47.87766647338867
2021-10-20,47.90578531863766,48.1026611328125
2021-10-21,48.07453677412233,48.12141418457031
2021-10-22,48.22453533309327,48.45890808105469
2021-10-25,48.5245246887207,48.5245246887207
2021-10-26,48.71203287681061,48.49641036987305
2021-10-27,48.355788114482735,47.821414947509766
2021-10-28,48.06516281347032,48.13078689575195
2021-10-29,47.96203815728003,48.27141189575195
2021-11-01,48.365158153762216,48.22453308105469
2021-11-02,48.29015887721185,48.40266036987305
2021-11-03,48.35578892801403,48.702659606933594
2021-11-04,48.655777687316785,48.77764892578125
2021-11-05,49.15266022580464,49.0870361328125
2021-11-08,49.25578535569456,49.14328384399414
2021-11-09,49.05890795534884,49.03078079223633
2021-11-10,48.92764944131935,48.9463996887207
2021-11-11,49.02140793148653,48.95578384399414
2021-11-12,49.08702679428531,49.255775451660156
2021-11-15,49.42452910372091,49.30265426635742
2021-11-16,49.33077566093212,49.5463981628418
2021-11-17,49.424521682122936,49.22764587402344
2021-11-18,49.26515869354715,49.14328384399414
2021-11-19,49.04014592707767,48.89952087402344
2021-11-22,49.19015081434738,48.85265350341797
2021-11-23,48.833905661810036,49.152652740478516
2021-11-24,48.96515854595996,49.274532318115234
2021-11-26,48.44953412653063,48.1964111328125
2021-11-29,48.6932799681695,48.54328155517578
2021-11-30,48.20579132587192,47.66204833984375
2021-12-01,48.20578424032706,47.30579376220703
2021-12-02,47.305790150387466,47.99015808105469
2021-12-03,48.16828385462179,47.643287658691406
2021-12-06,48.01828913408239,48.1964111328125
2021-12-07,48.71202589148259,49.10577392578125
2021-12-08,49.14327084351698,49.10577392578125
2021-12-09,48.946403657374894,49.012027740478516
2021-12-10,49.36827785631702,49.724525451660156
2021-12-13,49.677650465092334,49.33077621459961
2021-12-14,48.9839041552182,49.012027740478516
2021-12-15,49.06827839679647,49.77139663696289
2021-12-16,49.91201356877887,49.57451629638672
2021-12-17,49.1807826039158,48.83391189575195
2021-12-20,48.337265976397674,48.09271240234375
2021-12-21,48.459558935115915,48.91104507446289
2021-12-22,48.85460294163196,49.25905990600586
2021-12-23,49.42835924019453,49.50360870361328
2021-12-27,49.616478180160655,50.190242767333984
2021-12-28,50.17144149122855,50.058570861816406
2021-12-29,50.03974951973265,50.17143249511719
2021-12-30,50.1996477112488,50.04915237426758
2021-12-31,50.00212325422817,50.04915237426758
2022-01-03,50.0867826310355,50.23727798461914
2022-01-04,50.453616341118966,50.528865814208984
2022-01-05,50.57588513387324,49.70112991333008
2022-01-06,49.7011396209476,49.85163497924805
2022-01-07,49.757566040726864,49.77637481689453
2022-01-10,49.61647625864642,49.766971588134766
2022-01-11,49.757573834760876,50.18083953857422
2022-01-12,50.387773520376456,50.30311965942383
2022-01-13,50.45361853464416,49.83282470703125
2022-01-14,49.33430382240265,49.748165130615234
2022-01-18,49.28726856347484,48.68528366088867
2022-01-19,48.87340483607073,47.99864959716797
2022-01-20,48.19618246215543,47.41548538208008
2022-01-21,47.2649889250353,46.51251220703125
2022-01-24,45.77884704718231,46.7570686340332
2022-01-25,46.15508196673108,46.39963912963867
2022-01-26,46.93577898696984,46.39963912963867
2022-01-27,46.88875052882936,46.02340316772461
2022-01-28,46.32439882129493,47.33083724975586
2022-01-31,47.18033671265542,47.95162582397461
2022-02-01,48.186779157091586,48.59123611450195
2022-02-02,48.64766748758228,49.01449966430664
2022-02-03,48.610052580221556,48.1491584777832
2022-02-04,48.083305735181206,48.214988708496094
2022-02-07,48.30904595654005,48.12092590332031
2022-02-08,48.07390835617331,48.525394439697266
2022-02-09,48.9392448791577,49.230831146240234
2022-02-10,48.61945004796539,48.3466796875
2022-02-11,48.29964509260822,47.58479309082031
2022-02-14,47.49072371944154,47.20854187011719
2022-02-15,47.669447493410146,47.95162582397461
2022-02-16,47.75410439847623,48.026878356933594
2022-02-17,47.669444084809314,47.00162124633789
2022-02-18,47.001622365402774,46.71944046020508
2022-02-22,46.46548939324293,46.286773681640625
2022-02-23,46.568946725259394,45.42142105102539
2022-02-24,44.16101159758813,45.948143005371094
2022-02-25,46.06102896176008,46.92637634277344
2022-02-28,46.277360931825335,46.70063018798828
2022-03-01,46.65360233644361,45.60954284667969
2022-03-02,45.87290495546845,46.521915435791016
2022-03-03,46.7664735852576,46.27736282348633
2022-03-04,45.750625794024145,45.647159576416016
2022-03-07,45.468459327121266,43.88825607299805
2022-03-08,43.98230019325557,43.709529876708984
2022-03-09,44.76300068013925,45.167457580566406
2022-03-10,44.52785753093176,44.875877380371094
2022-03-11,45.139237915145934,44.245670318603516
2022-03-14,44.48081988181431,44.37735366821289
2022-03-15,44.621910097432206,45.12983322143555
2022-03-16,45.60013198594272,46.27736282348633
2022-03-17,46.02340066750556,46.822906494140625
2022-03-18,46.65359539647053,47.2932014465332
2022-03-21,47.22997873780308,47.163909912109375
2022-03-22,47.39042422701984,47.76796340942383
2022-03-23,47.428177161208886,46.842994689941406
2022-03-24,47.07895549109081,47.42817687988281
2022-03-25,47.531998059932334,47.6735725402832
2022-03-28,47.4848124302366,47.786842346191406
2022-03-29,48.268198555127874,48.52303695678711
2022-03-30,48.43809194616793,47.994483947753906
2022-03-31,47.937853286616196,47.107269287109375
2022-04-01,47.28659470904054,47.154457092285156
2022-04-04,47.17333687216574,47.409297943115234
2022-04-05,47.18277980460549,46.805240631103516
2022-04-06,46.314440978960434,46.30500411987305
2022-04-07,46.19174574878723,46.64479064941406
2022-04-08,46.56927781276468,46.73917007446289
2022-04-11,46.43714220266985,46.04072570800781
2022-04-12,46.35219745252307,45.785888671875
2022-04-13,45.71982090548985,46.29556655883789
2022-04-14,46.257800798416746,45.757564544677734
2022-04-18,45.57823984363705,45.899147033691406
2022-04-19,45.85195473865261,46.5220832824707
2022-04-20,46.88074780357224,46.77692794799805
2022-04-21,47.088383454818555,46.059593200683594
2022-04-22,45.946332762783484,44.79484176635742
2022-04-25,44.436183892926735,45.06855773925781
2022-04-26,44.70046404538978,43.90763473510742
2022-04-27,44.18134772725763,44.23797607421875
2022-04-28,44.77597624520501,45.29509353637695
2022-04-29,45.02136989523601,43.75661849975586
2022-05-02,43.69999267911843,43.964271545410156
2022-05-03,44.09640496158708,44.32292556762695
2022-05-04,44.42675384270505,45.691505432128906
2022-05-05,45.21957840379613,44.096405029296875
2022-05-06,43.76605975113193,43.718868255615234
2022-05-09,43.039305384501446,42.435245513916016
2022-05-10,43.07705050738561,42.36916732788086
2022-05-11,42.331413510644246,41.74623107910156
2022-05-12,41.3875701619057,41.755672454833984
2022-05-13,42.24646741566875,42.60512924194336
2022-05-16,42.38805342958917,42.472999572753906
2022-05-17,43.11480521302059,43.40739822387695
2022-05-18,42.841089814518234,41.8311767578125
2022-05-19,41.463083799574456,41.53858947753906
2022-05-20,41.85005926619891,41.57634353637695
2022-05-23,42.04826213842649,42.708953857421875
2022-05-24,42.34085315285428,42.36916732788086
2022-05-25,42.2087149297702,42.812774658203125
2022-05-26,43.077061466927525,43.76606750488281
2022-05-27,44.01146107029587,44.75709533691406
2022-05-31,44.41731274842671,44.46450424194336
2022-06-01,44.634401471090634,43.93595504760742
2022-06-02,43.91707276628901,44.69102478027344
2022-06-03,44.24742159138811,44.11528396606445
2022-06-06,44.540016742639494,44.22854995727539
2022-06-07,43.79437547941053,44.64383316040039
2022-06-08,44.473946758827324,44.124725341796875
2022-06-09,43.907645192692584,42.944923400878906
2022-06-10,42.20871923847302,41.46308135986328
2022-06-13,40.387102990739116,39.87742614746094
2022-06-14,40.06618305719638,39.773590087890625
2022-06-15,40.16057909955529,40.198333740234375
2022-06-16,39.30167695251112,38.839195251464844
2022-06-17,38.839196076214876,38.89582443237305
2022-06-21,39.52276122945477,39.835758209228516
2022-06-22,39.27616536206114,39.52276611328125
2022-06-23,39.74090927578223,39.61760711669922
2022-06-24,40.06338987622995,40.907527923583984
2022-06-27,41.06876845390526,40.860107421875
2022-06-28,41.135160693795626,40.27205276489258
2022-06-29,40.36690571503022,40.14875793457031
2022-06-30,39.68400308458513,39.835758209228516
2022-07-01,39.71244992400133,40.110809326171875
2022-07-05,39.54172780815907,39.96854019165039
2022-07-06,39.92112300429864,40.1392707824707
2022-07-07,40.37638791556222,40.708351135253906
2022-07-08,40.585052130232896,40.68938446044922
2022-07-11,40.376383213401816,40.32896041870117
2022-07-12,40.224632337174754,39.99699783325195
2022-07-13,39.446889891895665,39.854732513427734
2022-07-14,39.29512402505814,39.75987243652344
2022-07-15,40.21515122411994,40.51866149902344
2022-07-18,40.86011453851078,40.262577056884766
2022-07-19,40.698868017594144,41.40073776245117
2022-07-20,41.35330012532561,41.63784408569336
2022-07-21,41.48609385169795,41.903419494628906
2022-07-22,41.865478438391136,41.51454544067383
2022-07-25,41.609402123304186,41.61888885498047
2022-07-26,41.52403408101451,41.220523834228516
2022-07-27,41.467134600202584,42.11209487915039
2022-07-28,42.187960000313,42.60528564453125
2022-07-29,42.64323180108785,43.14592361450195
2022-08-01,42.766532408125066,42.98468017578125
2022-08-02,42.77601890153645,42.624263763427734
2022-08-03,42.82344665403849,43.126956939697266
2022-08-04,43.136437470553204,43.05107498168945
2022-08-05,42.56734433558122,43.13642501831055
2022-08-08,43.26922340881612,43.070045471191406
2022-08-09,43.01313261529346,42.85189437866211
2022-08-10,43.54427519398137,43.71500015258789
2022-08-11,43.97109171434315,43.83830642700195
2022-08-12,44.06593961635412,44.49275207519531
2022-08-15,44.141813575482445,44.559139251708984
2022-08-16,44.47377806124521,44.59708023071289
2022-08-17,44.227171859089204,44.31253433227539
2022-08-18,44.42636098849594,44.653995513916016
2022-08-19,44.36944772640636,44.07542419433594
2022-08-22,43.58221365154702,43.212310791015625
2022-08-23,43.25025177001953,43.25025177001953
2022-08-24,43.17437543193199,43.34510040283203
2022-08-25,43.534793115991455,43.98057174682617
2022-08-26,44.04696402715269,42.57683563232422
2022-08-29,42.3207462756485,42.28281021118164
2022-08-30,42.35868815033913,41.77063751220703
2022-08-31,41.96032763921139,41.51454544067383
2022-09-01,41.21104787235938,41.55249786376953
2022-09-02,42.01724147959808,41.17310333251953
2022-09-06,41.25846553445602,41.049800872802734
2022-09-07,40.95495059923561,41.599910736083984
2022-09-08,41.362794599598075,41.874969482421875
2022-09-09,42.187960000313,42.60528564453125
2022-09-12,42.87086538020308,43.0036506652832
2022-09-13,42.14054953388222,41.230018615722656
2022-09-14,41.41022087524363,41.40073776245117
2022-09-15,41.163628549177425,40.841148376464844
2022-09-16,40.52814231398893,40.56608200073242
2022-09-19,40.12479869918868,40.8396110534668
2022-09-20,40.46791464068772,40.4488525390625
2022-09-21,40.67759697863772,39.8102912902832
2022-09-22,39.819817959027866,39.52436447143555
2022-09-23,39.0668803677522,38.76189041137695
2022-09-26,38.618931869923074,38.36159896850586
2022-09-27,38.77142944013095,38.2186393737793
2022-09-28,38.304413884699095,38.97157287597656
2022-09-29,38.676118171034865,38.36159896850586
2022-09-30,38.304410942211035,37.875526428222656
2022-10-03,38.371129245522184,39.00016403198242
2022-10-04,39.62920533362503,40.15340042114258
2022-10-05,39.75310318982122,40.2105827331543
2022-10-06,40.01996618233617,39.97230911254883
2022-10-07,39.63873156763866,39.03828811645508
2022-10-10,39.0764063836433,38.60939407348633
2022-10-11,38.36159967384195,38.19004440307617
2022-10-12,38.24723100037881,38.123329162597656
2022-10-13,37.40851224955049,39.247962951660156
2022-10-14,39.47670481202968,38.28535079956055
2022-10-17,38.971568777602165,39.06687927246094
2022-10-18,39.810281091921134,39.47669982910156
2022-10-19,39.28609050048049,39.37186813354492
2022-10-20,39.35280325285547,39.114532470703125
2022-10-21,39.009696600449615,40.01996612548828
2022-10-24,40.172457309005424,40.46791076660156
2022-10-25,40.45839058476352,41.039772033691406
2022-10-26,40.84914685884486,41.068355560302734
2022-10-27,40.91586769819457,40.7061882019043
2022-10-28,40.839611296886865,41.735511779785156
2022-10-31,41.45911812277917,41.41146469116211
2022-11-01,41.83081939354074,41.54489517211914
2022-11-02,41.50677122026439,40.58228302001953
2022-11-03,40.029498813346365,40.10574722290039
2022-11-04,40.77290326103823,40.8300895690918
2022-11-07,41.0111678669865,41.41146469116211
2022-11-08,41.58302265842889,41.687862396240234
2022-11-09,41.47818663910732,40.820560455322266
2022-11-10,42.21205591819049,42.936397552490234
2022-11-11,43.0317140041741,43.32716751098633
2022-11-14,43.11748527807667,43.041236877441406
2022-11-15,43.64168614860351,43.489192962646484
2022-11-16,43.174664403942046,42.974517822265625
2022-11-17,42.469388472750595,43.02217483520508
2022-11-18,43.23184989991547,43.18419647216797
2022-11-21,42.955459068686565,43.069828033447266
2022-11-22,43.327165833015506,43.746524810791016
2022-11-23,43.60356014803806,43.9180793762207
2022-11-25,43.86089307049156,43.88948440551758
2022-11-28,43.47965794705859,43.098426818847656
2022-11-29,43.12701433368954,43.069828033447266
2022-11-30,43.146078751348085,44.35649490356445
2022-12-01,44.48992615293807,44.29930877685547
2022-12-02,43.70839476271945,44.21352767944336
2022-12-05,43.99431859270876,43.40340805053711
2022-12-06,43.3462169411505,42.67905807495117
2022-12-07,42.564700899006446,42.62188720703125
2022-12-08,42.869682019162255,42.936397552490234
2022-12-09,42.86968313558578,42.660003662109375
2022-12-12,42.71719123172712,43.279510498046875
2022-12-13,44.442271783828396,43.62261962890625
2022-12-14,43.594033074367076,43.374820709228516
2022-12-15,42.898275781143134,42.355018615722656
2022-12-16,42.02143854053369,42.04050064086914
2022-12-19,42.0836163759953,41.729087829589844
2022-12-20,41.66201545513325,41.87281799316406
2022-12-21,42.141111958780996,42.466896057128906
2022-12-22,42.10277780869315,41.84406661987305
2022-12-23,41.80574133104049,42.14110565185547
2022-12-27,42.15069496181256,42.13153076171875
2022-12-28,42.160278974673346,41.594947814941406
2022-12-29,41.83449374525738,42.236934661865234
2022-12-30,41.9303077636614,42.160274505615234
2023-01-03,42.36149746138368,41.815330505371094
2023-01-04,42.02612484466526,42.112361907958984
2023-01-05,41.91114555110125,41.85365295410156
2023-01-06,42.32316649175512,43.003482818603516
2023-01-09,43.30050544097237,42.917232513427734
2023-01-10,42.89807372195276,43.17594909667969
2023-01-11,43.310101268664184,43.54964828491211
2023-01-12,43.616722325863684,43.71253967285156
2023-01-13,43.453826437737824,43.79877471923828
2023-01-17,43.78919506415341,43.72212219238281
2023-01-18,43.87542543880734,43.08012771606445
2023-01-19,42.81183849086111,42.82141876220703
2023-01-20,42.94599243714114,43.50174331665039
2023-01-23,43.60714739816472,43.9233512878418
2023-01-24,43.74127939393522,43.913753509521484
2023-01-25,43.425080682596494,43.856266021728516
2023-01-26,44.13413990714094,44.354522705078125
2023-01-27,44.22038483046253,44.18205642700195
2023-01-30,43.885013711570195,43.66463088989258
2023-01-31,43.67420501417479,44.19162368774414
2023-02-01,44.0574805112902,44.51741027832031
2023-02-02,44.98693022978678,45.06358337402344
2023-02-03,44.747382501515695,44.82403564453125
2023-02-06,44.594075657777296,44.58449172973633
2023-02-07,44.4982520391799,45.23605728149414
2023-02-08,45.063582205136676,44.63240051269531
2023-02-09,45.03483615047881,44.373687744140625
2023-02-10,44.344943300837336,44.59407424926758
2023-02-13,44.67072429905163,45.10190963745117
2023-02-14,44.94860479923364,45.0444221496582
2023-02-15,44.8144453010552,44.98691940307617
2023-02-16,44.498255166935344,44.459930419921875
2023-02-17,44.19162059367041,44.16287612915039
2023-02-21,43.77002868185709,43.540061950683594
2023-02-22,43.540066849940146,43.386756896972656
2023-02-23,43.71253647223712,43.63588333129883
2023-02-24,43.11846278081561,43.28135299682617
2023-02-27,43.616718404221814,43.39633560180664
2023-02-28,43.42507742929643,43.290931701660156
2023-03-01,43.28135718357158,43.37717819213867
2023-03-02,43.20469278114819,43.69336700439453
2023-03-03,43.83710114647671,44.373687744140625
2023-03-06,44.421595800959345,44.450340270996094
2023-03-07,44.45033672955991,43.789188385009766
2023-03-08,43.78919387922959,43.82752227783203
2023-03-09,43.95208468058069,43.26219177246094
2023-03-10,43.271767187555795,42.70643615722656
2023-03-13,42.371071840589266,42.70643615722656
2023-03-14,43.15679250315399,43.44424819946289
2023-03-15,42.78309703528005,43.02264404296875
2023-03-16,42.75435147499983,43.66463088989258
2023-03-17,43.559223156932696,43.290931701660156
2023-03-20,43.41605682732688,43.76253890991211
2023-03-21,44.15713953830894,44.20526123046875
2023-03-22,44.20525657847371,43.60853958129883
2023-03-23,43.92614894869486,43.868404388427734
2023-03-24,43.67591430405967,44.08976745605469
2023-03-27,44.27262707194737,44.109012603759766
2023-03-28,44.04164060886257,44.14751052856445
2023-03-29,44.57099231314876,44.77310562133789
2023-03-30,45.04258903516659,45.052215576171875
2023-03-31,45.12921095607421,45.54306411743164
2023-04-03,45.65856068365307,45.93767166137695
2023-04-04,46.02429132764308,45.581565856933594
2023-04-05,45.523812056958405,45.57193374633789
2023-04-06,45.38907469595205,45.533443450927734
2023-04-10,45.360204724147394,45.591190338134766
2023-04-11,45.69705716473564,45.63930892944336
2023-04-12,45.87991891427503,45.49494171142578
2023-04-13,45.591183832058434,46.10128402709961
2023-04-14,45.97616532329696,45.99541473388672
2023-04-17,45.928049949955614,45.96654510498047
2023-04-18,46.13015266298118,46.0146598815918
2023-04-19,45.822180012874384,45.96654510498047
2023-04-20,45.67779960386028,45.89916229248047
2023-04-21,45.889550415288994,45.91842269897461
2023-04-24,45.88954056007452,46.0146598815918
2023-04-25,45.79330171865065,45.27357864379883
2023-04-26,45.379446444790524,45.04258728027344
2023-04-27,45.389069327336216,45.83179473876953
2023-04-28,45.783678830700374,46.303401947021484
2023-05-01,46.22639739842673,46.35151672363281
2023-05-02,46.236026685119256,45.68743133544922
2023-05-03,45.76442969545261,45.427574157714844
2023-05-04,45.22545997781123,45.071468353271484
2023-05-05,45.48532361393211,45.85105514526367
2023-05-08,45.90879431744608,45.75480270385742
2023-05-09,45.533436986820384,45.56230926513672
2023-05-10,45.84142294813818,45.68743133544922
2023-05-11,45.543062057762306,45.55268859863281
2023-05-12,45.687435789374994,45.581565856933594
2023-05-15,45.68743418519237,45.879920959472656
2023-05-16,45.72592612915963,45.466068267822266
2023-05-17,45.67780849462942,45.92804718017578
2023-05-18,45.81254268168718,46.34189224243164
2023-05-19,46.41888620579946,46.34189224243164
2023-05-22,46.293766365051084,46.12052536010742
2023-05-23,46.033914285650134,45.64893341064453
2023-05-24,45.5141939646935,45.379451751708984
2023-05-25,45.46606862167444,45.68743133544922
2023-05-26,45.812547159905904,46.390018463134766
2023-05-30,46.515141547443726,46.23603057861328
2023-05-31,45.976168874642404,45.92804718017578
2023-06-01,46.02429328165883,46.361148834228516
2023-06-02,46.72687457627329,47.07335662841797
2023-06-05,47.08298076538728,46.86161804199219
2023-06-06,46.76536995761126,46.90011215209961
2023-06-07,46.900119520915275,46.83274841308594
2023-06-08,46.81349616530495,46.948238372802734
2023-06-09,47.00598615739359,46.96748733520508
2023-06-12,47.04448900706482,47.429466247558594
2023-06-13,47.63157859804161,47.621952056884766
2023-06-14,47.708576652501385,47.689327239990234
2023-06-15,47.68932880495654,48.334171295166016
2023-06-16,48.56514987513808,48.228294372558594
2023-06-20,47.9684064066116,47.88145446777344
2023-06-21,47.76551524867087,47.755855560302734
2023-06-22,47.60127224006346,47.92009353637695
2023-06-23,47.54330882893137,47.58195495605469
2023-06-26,47.543302845343874,47.4273681640625
2023-06-27,47.49500350259205,47.891117095947266
2023-06-28,47.70755351846475,47.891117095947266
2023-06-29,47.90077119356994,48.180946350097656
2023-06-30,48.49011778855893,48.74131393432617
2023-07-03,48.644699665955585,48.683345794677734
2023-07-05,48.45147862407167,48.567413330078125
2023-07-06,48.171290776657905,48.13264465332031
2023-07-07,47.98772767677249,47.9490852355957
2023-07-10,47.939420744859184,48.27756881713867
2023-07-11,48.39350370966058,48.63503646850586
2023-07-12,48.98284253895034,48.92487335205078
2023-07-13,49.13742575044558,49.301666259765625
2023-07-14,49.398284386749545,49.22438049316406
2023-07-17,49.21471192608258,49.46590805053711
2023-07-18,49.417607276508576,49.765411376953125
2023-07-19,49.900670452480384,49.794395446777344
2023-07-20,49.72676867065933,49.67845916748047
2023-07-21,49.9006673768897,49.78472900390625
2023-07-24,49.919992247801176,50.03593063354492
2023-07-25,50.006939574326815,50.316104888916016
2023-07-26,50.161520388872745,50.316104888916016
2023-07-27,50.6252654199706,49.96829605102539
2023-07-28,50.325769970490306,50.432044982910156
2023-07-31,50.56729726832889,50.58662033081055
2023-08-01,50.40305149220975,50.47068405151367
2023-08-02,50.15185818219557,49.80405044555664
2023-08-03,49.61082381444409,49.75574493408203
2023-08-04,49.90067379781888,49.48523712158203
2023-08-07,49.697776568240556,50.0166015625
2023-08-08,49.69778060913086,49.69778060913086
2023-08-09,49.765407933608905,49.44658660888672
2023-08-10,49.6977727165038,49.475563049316406
2023-08-11,49.282339357609665,49.436920166015625
2023-08-14,49.36929265086419,49.871681213378906
2023-08-15,49.74608444049557,49.3596305847168
2023-08-16,49.3306498125119,49.021488189697266
2023-08-17,49.23403027636996,48.79927062988281
2023-08-18,48.51909953115353,48.886226654052734
2023-08-21,49.04080560087474,49.3596305847168
2023-08-22,49.59150396005378,49.17606735229492
2023-08-23,49.27268352790019,49.70744323730469
2023-08-24,50.00693736087081,49.07945251464844
2023-08-25,49.24370246403587,49.417606353759766
2023-08-28,49.71710319335786,49.794395446777344
2023-08-29,49.784728254264245,50.47068405151367
2023-08-30,50.56730265851274,50.70256042480469
2023-08-31,50.77018636481827,50.69289779663086
2023-09-01,50.99238942067505,50.770179748535156
2023-09-05,50.702550619053014,50.547969818115234
2023-09-06,50.4610179257566,50.2774543762207
2023-09-07,49.958638376382424,50.03593063354492
2023-09-08,50.103558903161435,50.13254165649414
2023-09-11,50.34509413706054,50.23881912231445
2023-09-12,50.122877882242356,50.04558563232422
2023-09-13,50.064906773852506,50.11321258544922
2023-09-14,50.36441609964257,50.432044982910156
2023-09-15,50.22915042833628,49.80405044555664
2023-09-18,49.72939729874905,50.01057434082031
2023-09-19,49.94269455219376,49.91360855102539
2023-09-20,49.99118016957579,49.380348205566406
2023-09-21,49.031306214351574,48.63378143310547
2023-09-22,48.73072685515352,48.66285705566406
2023-09-25,48.536818502406774,48.91495132446289
2023-09-26,48.62408269595541,48.2750358581543
2023-09-27,48.47864436898109,48.488338470458984
2023-09-28,48.439860224293646,48.779212951660156
2023-09-29,49.06038781481949,48.51742935180664
2023-10-02,48.46895452155864,48.56591033935547
2023-10-03,48.3429072046489,48.01325225830078
2023-10-04,48.02295198843941,48.19747543334961
2023-10-05,48.110211594758205,48.13930130004883
2023-10-06,47.88720646222031,48.71134567260742
2023-10-09,48.58529990748794,49.04100036621094
2023-10-10,49.128262224237005,49.24461364746094
2023-10-11,49.293089023639965,49.31248092651367
2023-10-12,49.47730430348343,49.254302978515625
2023-10-13,49.45791727283164,49.07978439331055
2023-10-16,49.2640022169218,49.525787353515625
2023-10-17,49.147652584912834,49.50639724731445
2023-10-18,49.38035335585096,49.07978439331055
2023-10-19,49.20582420018972,48.691951751708984
2023-10-20,48.6628653535745,48.20716857910156
2023-10-23,48.052034596712176,48.110206604003906
2023-10-24,48.323514316476746,48.39138412475586
2023-10-25,48.11020906933317,47.6351203918457
2023-10-26,47.4412002028349,46.8691520690918
2023-10-27,46.946722607092525,46.47163391113281
2023-10-30,46.733415754682554,46.956417083740234
2023-10-31,47.02428799107861,47.18911361694336
2023-11-01,47.24728717802151,47.4993782043457
2023-11-02,47.83872586165056,48.37199020385742
2023-11-03,48.594991289802806,48.70164489746094
2023-11-06,48.7501271675581,48.817996978759766
2023-11-07,48.71134654796083,48.90525817871094
2023-11-08,48.95373978502574,48.90525817871094
2023-11-09,49.06038996179962,48.57560348510742
2023-11-10,48.847092442680655,49.40944290161133
2023-11-13,49.3512622020607,49.380348205566406
2023-11-14,49.95239822639767,50.13661575317383
2023-11-15,50.24326531985826,50.09782791137695
2023-11-16,49.94270675524602,50.06875228881836
2023-11-17,50.1463119808044,50.19478988647461
2023-11-20,50.146313014663626,50.592315673828125
2023-11-21,50.485666384519824,50.50505828857422
2023-11-22,50.52444311771347,50.62139892578125
2023-11-24,50.631103515625,50.631103515625
2023-11-27,50.524449753804845,50.427490234375
2023-11-28,50.33053133938602,50.37900924682617
2023-11-29,50.62140266972794,50.21418380737305
2023-11-30,50.3499212242791,50.359615325927734
2023-12-01,50.29174957571169,50.602012634277344
2023-12-04,50.291748046875,50.291748046875
2023-12-05,50.06875219957139,50.23358154296875
2023-12-06,50.41779586270731,49.98148727416992
2023-12-07,50.243267613008626,50.359615325927734
2023-12-08,50.34992244185257,50.592315673828125
2023-12-11,50.68926666437953,51.13527297973633
2023-12-12,51.11588854341893,51.50371551513672
2023-12-13,51.503716444356975,52.066070556640625
2023-12-14,52.211499949624496,52.15332794189453
2023-12-15,51.95941396701134,52.05636978149414
2023-12-18,52.3064713823087,52.49136734008789
2023-12-19,52.52056145028505,52.76384735107422
2023-12-20,52.705463553172734,52.004798889160156
2023-12-21,52.37459114108253,52.49136734008789
2023-12-22,52.54974979077103,52.54001998901367
2023-12-26,52.627607840592006,52.76384735107422
2023-12-27,52.7638495736502,52.75411605834961
2023-12-28,52.7638442385274,52.69572448730469
2023-12-29,52.66652835927326,52.62760543823242
2024-01-02,52.29674295280432,52.257816314697266
2024-01-03,52.03398953017566,51.91720962524414
2024-01-04,51.84908510703592,51.74203872680664
2024-01-05,51.82962796602378,51.78097152709961
2024-01-08,51.81017508791917,52.50110626220703
2024-01-09,52.27727753078697,52.51082992553711
2024-01-10,52.5400262513058,52.77357864379883
2024-01-11,52.929282385417025,52.900089263916016
2024-01-12,53.11417299305162,53.036319732666016
2024-01-16,52.909813658224024,52.890350341796875
2024-01-17,52.452439300680396,52.62760543823242
2024-01-18,52.81250567854585,53.162837982177734
2024-01-19,53.31853471209005,53.97053909301758
2024-01-22,54.08732680588148,54.116519927978516
2024-01-23,54.15545044078002,54.26249313354492
2024-01-24,54.51549815449947,54.34033203125
2024-01-25,54.66147848288147,54.70040512084961
2024-01-26,54.525230407714844,54.525230407714844
2024-01-29,54.52523318391407,54.95341873168945
2024-01-30,54.89503571161913,55.0702018737793
2024-01-31,54.778253343739195,54.184635162353516
2024-02-01,54.33060795456792,54.73932647705078
2024-02-02,54.64201313992223,55.05073165893555
2024-02-05,55.14805146035745,55.118858337402344
2024-02-06,55.23563087049283,55.21617126464844
2024-02-07,55.498383490799725,55.67354965209961
2024-02-08,55.76112820417708,55.74166488647461
2024-02-09,55.7319392338245,56.03361511230469
2024-02-12,56.091992886086736,56.05306625366211
2024-02-13,55.4205315172286,55.488651275634766
2024-02-14,55.76112222759837,55.84870529174805
2024-02-15,55.89736505242927,56.11145782470703
2024-02-16,56.199044310381524,55.72220230102539
2024-02-20,55.38160776855046,55.3134880065918
2024-02-21,55.14804194438151,55.51783752441406
2024-02-22,56.306088024786504,56.88997268676758
2024-02-23,57.07487470001225,56.92890167236328
2024-02-26,57.00675871969647,56.83159255981445
2024-02-27,56.90943977189734,56.79266357421875
2024-02-28,56.64669051903095,56.7440071105957
2024-02-29,57.00675491849684,56.880245208740234
2024-03-01,57.03594421683211,57.62956237792969
2024-03-04,57.62956384106648,57.59063720703125
2024-03-05,57.45440487524547,57.055416107177734
2024-03-06,57.522524174183374,57.464134216308594
2024-03-07,57.882589259679676,58.2329216003418
2024-03-08,58.27184691637443,57.57118225097656
2024-03-11,57.425205426525984,57.619834899902344
2024-03-12,57.84365433937435,58.30103302001953
2024-03-13,58.26211472464738,58.2329216003418
2024-03-14,58.36914889746922,58.20371627807617
2024-03-15,57.66849513794907,57.57118225097656
2024-03-18,58.08385431062085,57.8983154296875
2024-03-19,57.74206417899982,58.24985885620117
2024-03-20,58.220568041016946,58.708831787109375
2024-03-21,59.118975834163344,59.06038284301758
2024-03-22,59.07014745257284,58.99202346801758
2024-03-25,58.82601563671666,58.845542907714844
2024-03-26,59.031086463032416,58.61117935180664
2024-03-27,58.91390376477796,58.884605407714844
2024-03-28,58.92366502133827,59.00178527832031
2024-04-01,59.00179066611361,58.972496032714844
2024-04-02,58.57211024601697,58.65023422241211
2024-04-03,58.54282364900748,58.689300537109375
2024-04-04,59.07991024257134,57.8494873046875
2024-04-05,58.02525765525788,58.52328872680664
2024-04-08,58.56235228989958,58.493995666503906
2024-04-09,58.7088323479983,58.60141372680664
2024-04-10,58.122909255611766,58.24985885620117
2024-04-11,58.45493218346588,58.835777282714844
2024-04-12,58.464697542297024,58.05455780029297
2024-04-15,58.63071009195823,57.36122512817383
2024-04-16,57.439347380314004,57.37099075317383
2024-04-17,57.576061461153486,56.824134826660156
2024-04-18,57.019433033241135,56.638587951660156
2024-04-19,56.638593210491166,55.98432159423828
2024-04-22,56.27728043933115,56.56047058105469
2024-04-23,56.83390192875848,57.263572692871094
2024-04-24,57.41981035808904,57.19520950317383
2024-04-25,56.794836954296976,57.175682067871094
2024-04-26,57.57605497759282,57.98619842529297
2024-04-29,57.96666535095239,57.9764289855957
2024-04-30,57.751830769902064,56.960845947265625
2024-05-01,56.726478755743386,56.43352127075195
2024-05-02,56.921788998072834,56.91202163696289
2024-05-03,57.507704620909934,57.5760612487793
2024-05-06,57.83972274977549,58.2303352355957
2024-05-07,58.33775329589844,58.33775329589844
2024-05-08,58.14244548886306,58.36704635620117
2024-05-09,58.33775117030644,58.474464416503906
2024-05-10,58.68930079024687,58.708831787109375
2024-05-13,58.8846023991004,58.796714782714844
2024-05-14,58.80648509822436,59.03108596801758
2024-05-15,59.28498246611846,59.88066482543945
2024-05-16,59.900190564729094,59.76347732543945
2024-05-17,59.80254105173763,59.75371170043945
2024-05-20,59.81230358517562,59.96854782104492
2024-05-21,59.802536656530364,60.007606506347656
2024-05-22,60.0076120565527,59.99784469604492
2024-05-23,60.5544641031347,59.91972351074219
2024-05-24,60.13455950102162,60.281036376953125
2024-05-28,60.48610539265679,60.515403747558594
2024-05-29,60.04667481056976,60.05643844604492
2024-05-30,59.90019652531884,59.62677001953125
2024-05-31,59.79277128002866,60.017372131347656
2024-06-03,60.36892718857387,60.07596969604492
2024-06-04,60.03690452524418,60.281036376953125
2024-06-05,60.58376498687006,61.198974609375
2024-06-06,61.238036437873696,61.179447174072266
2024-06-07,61.130617313415314,61.140384674072266
2024-06-10,61.062265358524364,61.364990234375
2024-06-11,61.21850996831371,61.55052947998047
2024-06-12,62.107141452551915,61.950897216796875
2024-06-13,62.59541427798837,62.52705764770508
2024-06-14,62.546585827261815,62.91766357421875
2024-06-17,63.015307238964255,63.52310562133789
2024-06-18,63.55240933975168,63.80630111694336
2024-06-20,63.99184631548109,63.39616394042969
2024-06-21,63.26921191751427,63.05437469482422
2024-06-24,63.05927724478952,62.7360954284668
2024-06-25,62.853613879811846,62.61857223510742
2024-06-26,62.46188180146701,62.49126434326172
2024-06-27,62.52064314919606,62.49126434326172
2024-06-28,62.461878881106855,62.22684097290039
2024-07-01,62.37374366474531,62.18767166137695
2024-07-02,62.05056218488076,62.638160705566406
2024-07-03,62.67733429030077,62.961341857910156
2024-07-05,63.01030505620564,63.2551383972168
2024-07-08,63.245349166979636,63.23555374145508
2024-07-09,63.29431339351964,63.09844970703125
2024-07-10,63.020106196445695,63.39225769042969
2024-07-11,63.39225459312436,62.902587890625
2024-07-12,63.15719745952057,63.3432731628418
2024-07-15,63.45100542821762,63.637081146240234
2024-07-16,63.80357492397416,64.15613555908203
2024-07-17,63.509767275868434,63.421630859375
2024-07-18,63.499976176774624,63.039695739746094
2024-07-19,63.12782790213078,62.42271041870117
2024-07-22,62.87320172752264,63.127830505371094
2024-07-23,63.06907150944506,62.94175338745117
2024-07-24,62.501057412873664,61.67841720581055
2024-07-25,61.88407496454753,61.65882873535156
2024-07-26,62.197464669087694,62.54023361206055
2024-07-29,62.696914067780014,62.52063751220703
2024-07-30,62.69691951900402,62.26601791381836
2024-07-31,62.95155575022038,63.26494216918945
2024-08-01,63.09845068796795,62.334571838378906
2024-08-02,61.85469097129689,61.63923645019531
2024-08-05,59.93519885326515,60.19961929321289
2024-08-06,60.31714428410025,60.6207389831543
2024-08-07,61.21812851741237,60.27796936035156
2024-08-08,60.787217526713704,61.63923645019531
2024-08-09,61.55109875579418,61.9526252746582
2024-08-12,61.96242274001167,61.815521240234375
2024-08-13,62.079941453005645,62.589195251464844
2024-08-14,62.638163193329675,62.785064697265625
2024-08-15,63.52935689209611,63.96025848388672
2024-08-16,63.79377542553387,63.93088150024414
2024-08-19,63.93087975029536,64.2932357788086
2024-08-20,64.3030428116859,64.35200500488281
2024-08-21,64.50869364331476,64.67517852783203
2024-08-22,64.87105282084471,64.2736587524414
2024-08-23,64.63600031035608,64.61641693115234
2024-08-26,64.65558246631822,64.48909759521484
2024-08-27,64.32262115361044,64.7241439819336
2024-08-28,64.67518085880836,64.26386260986328
2024-08-29,64.63601414329682,64.59683990478516
2024-08-30,64.94939283682837,65.26277923583984
2024-09-03,64.98856748630627,64.15613555908203
2024-09-04,63.91130197599002,64.26386260986328
2024-09-05,64.0973720348135,63.90150833129883
2024-09-06,63.75460351226973,63.020103454589844
2024-09-09,63.46080659405128,63.832950592041016
2024-09-10,63.960264388621454,64.15613555908203
2024-09-11,64.10715819834459,64.48909759521484
2024-09-12,64.48910504260816,64.9298095703125
2024-09-13,64.90041411107472,65.35091400146484
2024-09-16,65.30193999763222,65.39987182617188
2024-09-17,65.585948970673,65.41946411132812
2024-09-18,65.51740078736727,65.04731750488281
2024-09-19,66.07561933967453,65.9189224243164
2024-09-20,65.77203624114445,65.81120300292969
2024-09-23,65.85834362219293,65.99583435058594
2024-09-24,66.00564676268651,65.90744018554688
2024-09-25,65.89761629665546,65.62263488769531
2024-09-26,66.25117219139698,66.14314270019531
2024-09-27,66.27082005099842,65.94673156738281
2024-09-30,65.9074385449422,66.06456756591797
2024-10-01,66.04494187228345,65.57353973388672
2024-10-02,65.43603365917234,65.59317016601562
2024-10-03,65.2690953500035,65.36730194091797
2024-10-04,65.82886605324053,65.73065948486328
2024-10-07,65.46551284989725,64.93518829345703
2024-10-08,65.11196093193425,65.53425598144531
2024-10-09,65.52444152657745,66.20207977294922
2024-10-10,66.01547177644503,66.07439422607422
2024-10-11,66.07440317061196,66.3199234008789
2024-10-14,66.45740840150954,66.8895263671875
2024-10-15,66.87970141025626,66.33956146240234
2024-10-16,66.32973728532545,66.45740509033203
2024-10-17,66.83060084385802,66.4377670288086
2024-10-18,66.68328305951017,66.85023498535156
2024-10-21,66.74220828043863,66.57525634765625
2024-10-22,66.133308665725,66.1136703491211
2024-10-23,66.00565684148438,65.6717529296875
2024-10-24,65.76013037264775,65.53425598144531
2024-10-25,65.84852608096887,65.46551513671875
2024-10-28,65.68156210932429,65.53425598144531
2024-10-29,65.39675650487125,65.652099609375
2024-10-30,65.56371770817096,65.47532653808594
2024-10-31,65.26908503967252,64.49324035644531
2024-11-01,64.50306873592108,64.70930480957031
2024-11-04,64.7976922201331,64.69947814941406
2024-11-05,64.81733109797415,65.40657806396484
2024-11-06,66.7127456665039,66.7127456665039
2024-11-07,66.97790439973117,67.07611846923828
2024-11-08,67.1350496196933,67.3412857055664
2024-11-11,67.44930793854266,67.30199432373047
2024-11-12,67.27254239379971,67.1448745727539
2024-11-13,66.99756106055581,67.12522888183594
2024-11-14,67.13505565632138,66.75204467773438
2024-11-15,66.31009394044364,65.83869934082031
2024-11-18,65.81905796150345,66.15296936035156
2024-11-19,65.7404987079605,65.99583435058594
2024-11-20,66.03511498946247,65.96636962890625
2024-11-21,66.23153551417239,66.73239135742188
2024-11-22,66.78149832653453,67.11540222167969
2024-11-25,67.49842420855515,67.52788543701172
2024-11-26,67.60644041946672,67.71446990966797
2024-11-27,67.66536902103533,67.46894836425781
2024-11-29,67.56716264538497,67.83232116699219
2024-12-02,67.83232149260041,68.1760482788086
2024-12-03,68.05820203195485,67.93052673339844
2024-12-04,68.00910562040492,68.01892852783203
2024-12-05,68.00910054082456,67.76358032226562
2024-12-06,67.83232288400563,68.03855895996094
2024-12-09,68.05820304980584,67.83232116699219
2024-12-10,67.73412191334556,67.48860168457031
2024-12-11,67.89124711562586,67.86178588867188
2024-12-12,67.71447309873123,67.40020751953125
2024-12-13,68.04837386029207,68.07783508300781
2024-12-16,68.24480143612335,68.5394287109375
2024-12-17,68.23498922847166,68.22516632080078
2024-12-18,68.13676774993813,66.31009674072266
2024-12-19,66.67346057609991,66.04492950439453
2024-12-20,65.80924478112043,66.68329620361328
2024-12-23,66.61631219215495,66.90192413330078
2024-12-24,66.97087226992636,67.44361114501953
2024-12-26,67.27617318542067,67.48299407958984
2024-12-27,67.0988993616252,66.92162322998047
2024-12-30,66.23222460673924,66.16328430175781
2024-12-31,66.32085467801936,66.01554870605469
2025-01-02,66.3799654075116,65.84813690185547
2025-01-03,66.04508936513986,66.35040283203125
2025-01-06,66.66555870659023,66.53752136230469
2025-01-07,66.7148016107378,66.14358520507812
2025-01-08,66.12388126762448,66.22236633300781
2025-01-10,65.7102467893726,65.13902282714844
2025-01-13,64.70567742053349,65.33599090576172
2025-01-14,65.60190812867673,65.52311706542969
2025-01-15,66.3504091327741,66.3602523803711
2025-01-16,66.54737744809466,66.61631774902344
2025-01-17,67.18755185184195,67.07921600341797
2025-01-21,67.38451094079763,67.70951843261719
2025-01-22,68.3201404242908,68.17240905761719
2025-01-23,68.15271244351979,68.6156005859375
2025-01-24,68.68453520373814,68.35953521728516
2025-01-27,67.52238698114242,68.34967803955078
2025-01-28,68.33982632036737,68.47770690917969
2025-01-29,68.51710885672388,68.48756408691406
2025-01-30,68.8815104109327,69.34439849853516
2025-01-31,69.44288822633172,68.70423889160156
2025-02-03,67.84740524051853,68.62545013427734
2025-02-04,68.4087733812903,68.60575103759766
2025-02-05,68.60575762058606,69.21636962890625
2025-02-06,69.31485227897659,69.23606872558594
2025-02-07,69.39364362833187,68.87166595458984
2025-02-10,69.21636477977619,69.31484985351562
2025-02-11,69.07847705998314,69.49211883544922
2025-02-12,68.85196564175452,69.34439849853516
2025-02-13,69.4034911501907,70.04365539550781
2025-02-14,69.98455750864379,69.7481918334961
2025-02-18,69.89592742919922,69.89592742919922
2025-02-19,69.75804618987854,70.14214324951172
2025-02-20,69.94515336690908,69.87621307373047
2025-02-21,69.93532072333338,69.06863403320312
2025-02-24,69.23606912437704,68.93075561523438
2025-02-25,69.03908029830004,69.0193862915039
2025-02-26,69.2853082565056,69.04894256591797
2025-02-27,69.21636447923878,68.23149871826172
2025-02-28,68.27089813254602,69.2262191772461
2025-03-03,69.35423942830917,68.51710510253906
2025-03-04,68.23150753937846,67.67998504638672
2025-03-05,67.60117803697725,68.34967803955078
2025-03-06,67.56179451493836,67.1678466796875
2025-03-07,66.8231380288934,67.3451156616211
2025-03-10,66.53753414590501,66.07464599609375
2025-03-11,65.82843024933608,65.3458480834961
2025-03-12,65.8678195544558,65.39508819580078
2025-03-13,65.13902437928027,64.28218841552734
2025-03-14,64.70567885361474,65.38523864746094
2025-03-17,65.30644453148584,66.13373565673828
2025-03-18,65.88751851730098,65.41477966308594
2025-03-19,65.53296504009597,65.90721130371094
2025-03-20,65.54282402205409,65.66100311279297
2025-03-21,65.13900965865842,65.42462158203125
2025-03-24,66.1171213451106,66.443115234375
2025-03-25,66.62092437439671,66.52213287353516
2025-03-26,66.58141817030996,66.13687896728516
2025-03-27,65.98870499595552,66.16651916503906
2025-03-28,65.97882597651125,64.92182159423828
2025-03-31,64.34885621376586,65.5342788696289
2025-04-01,65.17866741026742,65.38611602783203
2025-04-02,64.8230313071465,65.63307189941406
2025-04-03,63.76602650319709,63.2622184753418
2025-04-04,61.82982914644817,59.52812576293945
2025-04-07,57.91792786231818,59.24165344238281
2025-04-08,61.05930177824423,58.52051544189453
2025-04-09,57.9673183175602,63.35112380981445
2025-04-10,62.264482491494725,61.563106536865234
2025-04-11,61.355659067052024,62.52132797241211
2025-04-14,63.48941863509473,63.114036560058594
2025-04-15,63.22270292590273,63.02513122558594
2025-04-16,62.53120883956919,61.90885925292969
2025-04-17,62.05703386949885,62.23484802246094
2025-04-21,61.780435944349506,60.95063781738281
2025-04-22,61.65201544399343,62.57072067260742
2025-04-23,63.82529576805014,63.13379669189453
2025-04-24,63.28198140227473,64.15129852294922
2025-04-25,64.03274356191,64.42788696289062
2025-04-28,64.54642486572266,64.54642486572266
2025-04-29,64.38837292796202,65.02059936523438
2025-04-30,64.48715185592035,65.34658813476562
2025-05-01,65.67259168163545,65.43550109863281
2025-05-02,66.16651253948896,66.39371490478516
2025-05-05,66.01833875108824,66.1763916015625
2025-05-06,65.63307662133202,65.80101013183594
2025-05-07,65.9195464192353,66.4332275390625
2025-05-08,66.78886704849175,66.62093353271484
2025-05-09,66.7197075829706,66.4134750366211
2025-05-12,68.02367688195048,68.22124481201172
2025-05-13,68.2113809771961,68.43858337402344
2025-05-14,68.5966346836523,68.33979034423828
2025-05-15,68.30028225743504,69.0806884765625
2025-05-16,69.21897828012816,69.5943603515625
2025-05-19,69.0312890900149,69.8709716796875
2025-05-20,69.66352478904233,69.7228012084961
2025-05-21,69.23873941241821,68.74481201171875
2025-05-22,68.64602661132812,68.64602661132812
2025-05-23,67.85574769546957,68.152099609375
2025-05-27,68.83372227043895,69.48570251464844
2025-05-28,69.49558074533736,69.15971374511719
2025-05-29,69.6042385493309,69.26837158203125
2025-05-30,69.2387337566973,69.4461898803711
2025-06-02,69.1695940680074,69.65364837646484
2025-06-03,69.63388394917682,70.06854248046875
2025-06-04,70.17719785977731,70.21671295166016
2025-06-05,70.37477362774501,69.96975708007812
2025-06-06,70.53282987642602,70.52294921875
2025-06-09,70.58222059362727,70.11793518066406
2025-06-10,70.18708884452005,70.2957534790039
2025-06-11,70.33525171286398,70.07841491699219
2025-06-12,69.94999429397771,70.2364730834961
2025-06-13,69.39679840641105,69.01153564453125
2025-06-16,69.43631394949242,69.61412811279297
2025-06-17,69.4363116221737,69.04116821289062
2025-06-18,69.13995111356593,68.44845581054688
2025-06-20,68.82384225416591,68.37931060791016
2025-06-23,68.45753670649471,69.23985290527344
2025-06-24,69.73498726784159,69.84391784667969
2025-06-25,69.89343640508852,69.27946472167969
2025-06-26,69.38839718177536,69.5864486694336
2025-06-27,69.82412331389796,70.12120056152344
2025-06-30,70.28954315488838,70.56681823730469
2025-07-01,70.55690578878473,71.00252532958984
2025-07-02,70.98274042789598,71.03225708007812
2025-07-03,71.13127137262563,71.4085464477539
2025-07-07,71.31942176143077,71.07185363769531
2025-07-08,71.06196017625271,70.93321990966797
2025-07-09,71.16097642731036,71.1015625
2025-07-10,71.11146545410156,71.11146545410156
2025-07-11,70.72526364338017,70.49750518798828
2025-07-14,70.39847186177403,70.73516845703125
2025-07-15,70.86388957848553,70.08157348632812
2025-07-16,70.1707115113968,70.3093490600586
2025-07-17,70.44797900049477,70.8638916015625
2025-07-18,71.10156820774661,70.67575073242188
2025-07-21,70.84409715232736,70.74507141113281
2025-07-22,70.65593151394381,71.00252532958984
2025-07-23,71.38873492665971,71.77494812011719
2025-07-24,71.74523360125202,71.77494812011719
2025-07-25,71.89377597053156,72.21066284179688
2025-07-28,72.25028040590716,71.98291015625
2025-07-29,72.04231834847195,71.77494812011719
2025-07-30,71.65611262681422,71.29961395263672
2025-07-31,70.96292869456332,70.6856460571289
2025-08-01,70.2202338659123,70.12120056152344
2025-08-04,70.50740625456066,71.03225708007812
2025-08-05,70.93321612599635,70.31925201416016
2025-08-06,70.51729589132475,70.87379455566406
2025-08-07,71.1015643266372,70.65593719482422
2025-08-08,70.90350917647673,71.26991271972656
2025-08-11,71.26991463604178,71.06195831298828
2025-08-12,71.23030469702937,71.68582916259766
2025-08-13,71.93338966438927,72.24037170410156
2025-08-14,71.91359898277642,71.82447052001953
2025-08-15,71.70564075188807,71.35903930664062
2025-08-18,71.35902980354707,71.4085464477539
2025-08-19,71.5174827516197,71.65612030029297
2025-08-20,71.74523932208771,71.70563507080078
2025-08-21,71.36893652841529,71.39864349365234
2025-08-22,71.59670066205888,72.0027084350586
2025-08-25,71.86407086477595,71.4085464477539
2025-08-26,71.34913823611353,71.65612030029297
2025-08-27,71.59671205275929,71.82447052001953
2025-08-28,71.92348676250803,71.91358947753906
2025-08-29,71.75514793876718,71.68582916259766
2025-09-02,71.04214668165308,71.11146545410156
2025-09-03,71.1411686711425,71.21049499511719
2025-09-04,71.11146357403585,71.67591857910156
2025-09-05,71.73534200697462,71.58679962158203
2025-09-08,71.62641522736092,71.68582916259766
2025-09-09,71.55709263561313,71.50757598876953
2025-09-10,71.49767882805965,71.3491439819336
2025-09-11,71.46795852897077,72.21066284179688
2025-09-12,72.1512469490354,71.78484344482422
2025-09-15,71.96310618896501,71.8343734741211
2025-09-16,71.85417175292969,71.85417175292969
2025-09-17,71.8739852639704,72.15126037597656
2025-09-18,72.37900928995047,72.39881896972656
2025-09-19,72.74541471188711,72.66619110107422
2025-09-22,72.61554336318153,73.09229278564453
2025-09-23,73.0227603723401,72.78438568115234
2025-09-24,72.7446644495295,72.47649383544922
2025-09-25,72.28777424688916,71.91034698486328
2025-09-26,71.98980421155251,72.23811340332031
2025-09-29,72.62547736516026,72.43675994873047
2025-09-30,72.30763528826834,72.79431915283203
2025-10-01,72.57581276388728,73.24127960205078
2025-10-02,73.33067401813545,73.4697265625
2025-10-03,73.4101368149028,73.44985961914062
2025-10-06,73.68823675514903,73.49951934814453
2025-10-07,73.59884403113915,73.18168640136719
2025-10-08,73.28100524578461,73.36046600341797
2025-10-09,73.44985056585854,73.02275848388672
2025-10-10,73.28100770816512,71.72162628173828
2025-10-13,72.24804394516966,72.49635314941406
2025-10-14,71.93020068772697,73.01283264160156
2025-10-15,73.24127488255306,72.99296569824219
2025-10-16,73.39026362699036,72.53607940673828
2025-10-17,72.53607669747657,73.00289916992188
2025-10-20,73.3803273884698,73.72796630859375
2025-10-21,73.62863281741603,74.2047119140625
2025-10-22,74.2345094931656,73.38032531738281
2025-10-23,73.56904639940991,74.00607299804688
2025-10-24,74.46296452442513,74.04580688476562
2025-10-27,74.38350305079949,74.49275970458984
2025-10-28,74.46296140210795,74.07559967041016
2025-10-29,74.00607966544501,73.64851379394531
2025-10-30,73.44985629902044,73.6286392211914
2025-10-31,73.60877741830274,73.55911254882812
2025-11-03,73.61871693465437,73.29094696044922
2025-11-04,72.80425674649037,72.7645263671875
2025-11-05,72.72479429565394,73.2214126586914
2025-11-06,72.86384914262155,72.68506622314453
2025-11-07,72.65527294958822,72.95323944091797
2025-11-10,73.28100834770159,73.33067321777344
2025-11-11,73.40019636677141,73.72796630859375
2025-11-12,73.8670241765515,73.89682006835938
2025-11-13,73.80741930802253,73.14195251464844
2025-11-14,72.65527294958822,72.95323944091797
2025-11-17,72.84397896763852,72.1089859008789
2025-11-18,71.90040405364068,71.77128601074219
2025-11-19,71.90040608011427,72.1189193725586
2025-11-20,72.78438707815735,71.15547943115234
2025-11-21,71.46337968917858,72.33743286132812
2025-11-24,72.48642211539044,72.53607940673828
2025-11-25,72.68506451176856,73.50945281982422
2025-11-26,73.56905213077077,73.876953125
2025-11-28,73.91667135285797,74.21464538574219
2025-12-01,73.79749399861953,73.78755950927734
2025-12-02,73.83721592327201,74.01599884033203
2025-12-03,74.06566267750821,74.3934326171875
2025-12-04,74.35371008826993,74.24445343017578
2025-12-05,74.42323303222656,74.42323303222656
2025-12-08,74.47288985617503,73.98619842529297
2025-12-09,73.94647216796875,73.94647216796875
2025-12-10,74.31397365920202,74.89005279541016
2025-12-11,74.89005556060371,75.7442398071289
2025-12-12,75.92302527248916,75.42640686035156
2025-12-15,75.88328573072516,75.3667984008789
2025-12-16,75.33700711240336,75.02910614013672
2025-12-17,75.02910311018573,74.32390594482422
2025-12-18,74.85031952059558,74.77085876464844
2025-12-19,74.87018643500663,75.1582260131836
2025-12-22,75.49295431013692,75.6324234008789
2025-12-23,75.50291697336007,75.69219970703125
2025-12-24,75.76193220975128,76.05082702636719
2025-12-26,76.08072006216996,76.0408706665039
2025-12-29,75.811738937187,75.74200439453125
2025-12-30,75.71211938522026,75.4531021118164
2025-12-31,75.43318449212184,74.7657241821289
2026-01-02,75.1741651762396,75.12435913085938
2026-01-05,75.39333340788764,75.96117401123047
2026-01-06,75.87152196189489,76.96735382080078
2026-01-07,76.7481853227998,76.14049530029297
2026-01-08,76.04087453624841,76.18034362792969
2026-01-09,76.36962563367753,77.0570068359375
2026-01-12,76.67844907403553,77.33594512939453
2026-01-13,77.19647754943074,76.99723815917969
2026-01-14,76.7780664054664,76.8577651977539
2026-01-15,77.68462708386065,77.27617645263672
2026-01-16,77.51525973044468,77.19647216796875
2026-01-20,76.20026585809438,76.13053131103516
2026-01-21,76.43936339580914,76.93746948242188
2026-01-22,77.20644195358474,76.70833587646484
2026-01-23,76.61867736993433,76.53897857666016
2026-01-26,76.7681057603501,77.0072021484375
2026-01-27,77.2164076165171,77.50531005859375
2026-01-28,77.52522384598639,77.4853744506836
2026-01-29,78.10303309356081,78.17276763916016
2026-01-30,77.51526242879606,77.09685516357422
2026-02-02,77.14666585458606,78.34211730957031
2026-02-03,78.27238866552156,78.12295532226562
2026-02-04,78.29230945746859,77.8440170288086
2026-02-05,77.63481195071942,77.6148910522461
2026-02-06,78.47162755301443,79.55750274658203
2026-02-09,79.29847998363958,79.47779846191406
2026-02-10,79.32837183246771,79.22875213623047
2026-02-11,79.76670300186437,79.9659423828125
2026-02-12,79.84640500642118,78.4317855834961
2026-02-13,78.84022614613973,79.08927917480469
2026-02-17,78.99962384960918,79.36821746826172
2026-02-18,79.4379518697414,79.65711975097656
2026-02-19,79.10920566140285,79.44791412353516
2026-02-20,79.21878716387057,80.10542297363281
2026-02-23,79.62723355304207,79.1291275024414
2026-02-24,79.01954446498209,79.9460220336914
2026-02-25,80.29469848100727,80.37439727783203
2026-02-26,80.49394654596944,80.33454895019531
2026-02-27,79.7168942522305,80.63341522216797
2026-03-02,79.79659346520123,80.33454895019531
2026-03-03,78.88007848606826,78.97969818115234
2026-03-04,79.35826029956836,79.38814544677734
2026-03-05,78.81034035306867,78.26242065429688
2026-03-06,77.1068202223722,77.06697082519531
2026-03-09,76.24010975666123,77.75435638427734
2026-03-10,77.67465918020767,77.694580078125
2026-03-11,77.61489361294176,77.236328125
2026-03-12,76.56886698661835,75.85159301757812
2026-03-13,76.1803420378904,75.67227172851562
2026-03-16,76.31981470771389,76.3895492553711
2026-03-17,76.76810322412082,76.81791687011719
2026-03-18,76.4493165209381,75.65235137939453
2026-03-19,74.95499698482749,75.70215606689453
2026-03-20,75.6125055140224,74.95500183105469
2026-03-23,76.2300033569336,75.80000305175781
2026-03-24,75.2300033569336,76.23999786376953
2026-03-25,76.7300033569336,76.4800033569336
2026-03-26,75.86000061035156,74.94999694824219
2026-03-27,74.7699966430664,74.11000061035156
2026-03-30,74.70999908447266,73.45999908447266
2026-03-31,74.19000244140625,75.19000244140625
2026-04-01,75.62000274658203,75.86000061035156
2026-04-02,74.75,75.76000213623047
2026-04-06,75.7699966430664,76.37999725341797
2026-04-07,75.95999908447266,76.04000091552734
2026-04-08,78.27999877929688,78.62999725341797
2026-04-09,78.37999725341797,79.18000030517578
2026-04-10,79.38999938964844,78.76000213623047
2026-04-13,78.52999877929688,79.2300033569336
2026-04-14,79.37999725341797,79.61000061035156
2026-04-15,79.41999816894531,79.41000366210938
2026-04-16,79.37000274658203,79.12999725341797
2026-04-17,79.94000244140625,80.5
2026-04-20,80.43000030517578,80.47000122070312
2026-04-21,80.44000244140625,79.66000366210938
2026-04-22,80.41000366210938,80.12999725341797
2026-04-23,80.16999816894531,80.25
2026-04-24,80.58999633789062,80.7300033569336
2026-04-27,80.55000305175781,80.2699966430664
2026-04-28,80.01000213623047,79.69999694824219
2026-04-29,80.23999786376953,80.01000213623047
2026-04-30,79.91000366210938,81.08000183105469
2026-05-01,81.36000061035156,80.80000305175781
2026-05-04,80.62000274658203,80.55999755859375
2026-05-05,81.06999969482422,81.66999816894531
2026-05-06,82.37000274658203,82.66999816894531
2026-05-07,82.72000122070312,81.93000030517578
2026-05-08,82.6500015258789,82.44000244140625
2026-05-11,82.48999786376953,82.98999786376953
2026-05-12,82.62999725341797,82.58999633789062
2026-05-13,82.62000274658203,82.38999938964844
2026-05-14,83.08999633789062,83.19000244140625
2026-05-15,82.63999938964844,82.58000183105469
2026-05-18,82.80000305175781,82.62999725341797
2026-05-19,82.08000183105469,82.06999969482422
2026-05-20,82.41999816894531,83.2300033569336
2026-05-21,82.81999969482422,83.69999694824219
2026-05-22,84.18000030517578,84.63999938964844
2026-05-26,85.20999908447266,85.62000274658203
2026-05-27,85.83999633789062,85.51000213623047
2026-05-28,85.41000366210938,85.44000244140625
2026-05-29,85.61000061035156,85.36000061035156
2026-06-01,84.68000030517578,85.02999877929688
2026-06-02,85.25,85.83999633789062
