Date,Open,Close
2002-07-30,36.0695295989542,35.968048095703125
2002-07-31,36.15773997229099,36.41364669799805
2002-08-01,36.418061797776055,36.62102127075195
2002-08-02,36.69164077280606,36.99607849121094
2002-08-05,37.07990158417449,37.15932083129883
2002-08-06,37.00488057238061,36.84162902832031
2002-08-07,36.88573432733886,36.92985534667969
2002-08-08,36.876911469957896,36.92985534667969
2002-08-09,37.062257137749135,37.45052719116211
2002-08-12,37.63581442507414,37.679935455322266
2002-08-13,37.84761568457806,38.14323043823242
2002-08-14,38.588869181407546,38.288841247558594
2002-08-15,38.11234494946725,37.95350646972656
2002-08-16,38.13881581941268,37.52993392944336
2002-08-19,37.52552615127549,37.6446533203125
2002-08-20,37.77701993847942,38.06380844116211
2002-08-21,37.80347521237415,37.86083221435547
2002-08-22,37.7461327809757,37.52993392944336
2002-08-23,37.591711976574786,37.90056610107422
2002-08-26,37.812323630212106,37.93586730957031
2002-08-27,37.679940786427494,37.69758987426758
2002-08-28,37.9623428758792,37.88733673095703
2002-08-29,38.27998736193649,38.191741943359375
2002-08-30,38.2756010951703,38.42120361328125
2002-09-03,38.586481056444875,39.011871337890625
2002-09-04,39.00743045063965,39.00299835205078
2002-09-05,39.24669326707855,39.215675354003906
2002-09-06,38.98083430394031,38.754844665527344
2002-09-09,38.772579137166424,38.69725036621094
2002-09-10,38.626346590134055,38.88335418701172
2002-09-11,38.55103106952678,38.679534912109375
2002-09-12,38.76368295955247,38.98080825805664
2002-09-13,39.14037076095478,39.33977127075195
2002-09-16,39.52585522591336,39.40621566772461
2002-09-17,39.27772339218433,39.4815559387207
2002-09-18,39.50814630591202,39.490421295166016
2002-09-19,39.74742623990277,39.756290435791016
2002-09-20,39.63668175574431,39.57021713256836
2002-09-23,39.880387010993694,39.92469787597656
2002-09-24,40.01331523884718,40.181697845458984
2002-09-25,39.92466654497368,39.69424819946289
2002-09-26,39.45940719943363,39.60120391845703
2002-09-27,39.67211585132977,39.89810562133789
2002-09-30,40.17281279041378,40.05760192871094
2002-10-01,39.65861000474554,39.560752868652344
2002-10-02,39.69422375402584,39.78763198852539
2002-10-03,39.72093254026154,39.689796447753906
2002-10-04,39.3205955174743,39.814327239990234
2002-10-07,39.987771311180566,39.881019592285156
2002-10-08,39.809887853262474,39.89440155029297
2002-10-09,40.16569723902165,40.098976135253906
2002-10-10,40.107880671038465,39.78317642211914
2002-10-11,39.63193847724981,39.31167984008789
2002-10-14,39.365065037022234,39.25386428833008
2002-10-15,38.69785540172798,38.324222564697266
2002-10-16,38.519905518672566,38.341983795166016
2002-10-17,37.870516688751685,37.87496566772461
2002-10-18,37.81717456119743,37.97285842895508
2002-10-21,38.030644215454316,37.603633880615234
2002-10-22,37.7414960582032,37.496856689453125
2002-10-23,37.697066598288906,37.510250091552734
2002-10-24,37.43462839708822,37.83939743041992
2002-10-25,37.96392467572582,37.97726821899414
2002-10-28,38.05732796922502,37.92388916015625
2002-10-29,38.17296732763311,38.41761016845703
2002-10-30,38.41764000218309,38.404293060302734
2002-10-31,38.27528131300696,38.5777473449707
2002-11-01,38.559463001439354,38.41648483276367
2002-11-04,38.19308940737427,38.2467041015625
2002-11-05,38.246667360994024,38.099220275878906
2002-11-06,38.000948759491635,38.25115966796875
2002-11-07,38.894535480452745,39.1983642578125
2002-11-08,39.49771036244252,39.51558303833008
2002-11-11,39.56472524586751,39.73004150390625
2002-11-12,39.832829550430866,39.502193450927734
2002-11-13,39.520105906085675,39.587127685546875
2002-11-14,39.16263831491302,38.76498031616211
2002-11-15,38.66669909799253,38.92137908935547
2002-11-18,38.88116927384898,39.095638275146484
2002-11-19,39.29668156343694,39.23859786987305
2002-11-20,39.40837163383602,38.854331970214844
2002-11-21,38.64882375151279,38.47903823852539
2002-11-22,38.57285372084938,38.44327926635742
2002-11-25,38.42538317764648,38.37176513671875
2002-11-26,38.51475773366861,38.854331970214844
2002-11-27,38.5371083652272,37.978599548339844
2002-11-29,38.05011825763532,38.22437286376953
2002-12-02,37.864803651009346,38.259788513183594
2002-12-03,38.466270150685425,38.313663482666016
2002-12-04,38.55606119825554,38.51117706298828
2002-12-05,38.277758666366815,38.60990524291992
2002-12-06,39.04977164053855,38.67722702026367
2002-12-09,38.690667101649844,38.89265060424805
2002-12-10,38.874746015680714,38.995933532714844
2002-12-11,39.117095276470245,39.2562370300293
2002-12-12,39.07672469501727,39.22035598754883
2002-12-13,39.11258058105227,38.838783264160156
2002-12-16,39.00487718117228,38.54705047607422
2002-12-17,38.735569167581346,38.54705047607422
2002-12-18,38.81637435785087,38.84779357910156
2002-12-19,38.95999812649601,39.193397521972656
2002-12-20,39.153031494518515,39.22035598754883
2002-12-23,39.21135094126077,39.229305267333984
2002-12-24,39.49860754217174,39.44923400878906
2002-12-26,39.453763602702736,39.525577545166016
2002-12-27,39.74551513919246,39.960960388183594
2002-12-30,39.90258057702106,40.0551872253418
2002-12-31,40.12554205942574,39.954124450683594
2003-01-02,39.56168823449288,38.92112350463867
2003-01-03,38.862506862729596,39.01137161254883
2003-01-06,38.87151899008701,38.90760803222656
2003-01-07,38.88049963194249,39.04740524291992
2003-01-08,39.191772507139625,39.24139404296875
2003-01-09,38.87149638277685,38.488059997558594
2003-01-10,38.75871701832563,38.58729934692383
2003-01-13,38.5872976029342,38.65045166015625
2003-01-14,38.7948405489437,38.78582000732422
2003-01-15,38.92112052350002,38.97525405883789
2003-01-16,38.96623054188381,39.02938461303711
2003-01-17,39.29104331910916,39.2233772277832
2003-01-21,39.19179285790833,39.44892120361328
2003-01-22,39.552679408692036,39.64289855957031
2003-01-23,39.390279104291004,39.44892120361328
2003-01-24,39.57973565528342,39.68349075317383
2003-01-27,39.6518876512548,39.53911209106445
2003-01-28,39.53911209106445,39.53911209106445
2003-01-29,39.620345973612814,39.32261657714844
2003-01-30,39.33613704638104,39.615821838378906
2003-01-31,39.65190834024853,39.724082946777344
2003-02-03,39.686972202655355,39.78203582763672
2003-02-04,40.00383227173351,39.958560943603516
2003-02-05,39.940455237563896,39.61452102661133
2003-02-06,39.76390558842802,39.93592834472656
2003-02-07,39.73225028472961,40.02649688720703
2003-02-10,39.89067459734034,39.74581527709961
2003-02-11,39.65526037570303,39.73674392700195
2003-02-12,39.745803204989485,39.877079010009766
2003-02-13,39.95854569703136,40.09435272216797
2003-02-14,39.972150367640445,39.75033187866211
2003-02-18,39.637180791484845,39.800148010253906
2003-02-19,40.01288367717709,40.07173156738281
2003-02-20,39.990251770911975,40.207542419433594
2003-02-21,40.08984086525743,39.972145080566406
2003-02-24,40.23465928128874,40.1622314453125
2003-02-25,40.47011988751831,40.34789276123047
2003-02-26,40.461045093056136,40.6285400390625
2003-02-27,40.49727403829321,40.69645690917969
2003-02-28,40.596883540222876,40.954505920410156
2003-03-03,40.89542115417084,41.00447463989258
2003-03-04,40.95446209167607,41.03171157836914
2003-03-05,41.1771424852188,41.168052673339844
2003-03-06,41.14534505097959,41.00902557373047
2003-03-07,41.22253058868095,41.14982604980469
2003-03-10,41.26347814393394,41.36344528198242
2003-03-11,41.34525833174395,41.290733337402344
2003-03-12,41.31344043661547,41.440670013427734
2003-03-13,40.963519647306676,40.677249908447266
2003-03-14,40.849950041326665,40.87721252441406
2003-03-17,41.13167156193355,40.38646697998047
2003-03-18,40.4228515857834,40.00481033325195
2003-03-19,40.00478703653604,39.70943069458008
2003-03-20,39.904836212784886,39.64583206176758
2003-03-21,39.495856212727126,39.10053634643555
2003-03-24,39.57765683387173,39.71852111816406
2003-03-25,39.82756831979376,39.673072814941406
2003-03-26,39.64581794017853,39.7548713684082
2003-03-27,39.87303140059993,39.78215408325195
2003-03-28,39.95025857261175,39.87301254272461
2003-03-31,40.12293732441593,40.395572662353516
2003-04-01,40.339896588390324,40.28057098388672
2003-04-02,39.997630655645445,39.8607292175293
2003-04-03,39.81510307198041,39.837921142578125
2003-04-04,39.728407265424316,39.723846435546875
2003-04-07,39.3450946226088,39.63258361816406
2003-04-08,39.72386325561826,39.952030181884766
2003-04-09,39.883572231378004,40.0706672668457
2003-04-10,40.043283915691525,39.883567810058594
2003-04-11,39.618879933671074,39.81966781616211
2003-04-14,39.74669356283732,39.71018600463867
2003-04-15,39.85161763939002,39.92462921142578
2003-04-16,39.942852118777076,40.0888786315918
2003-04-17,40.266877288241176,40.152793884277344
2003-04-21,39.92005922331009,40.06608581542969
2003-04-22,40.22580423240153,40.043270111083984
2003-04-23,40.05697648648306,40.12542724609375
2003-04-24,40.339859122541995,40.48588562011719
2003-04-25,40.49959166393392,40.57716751098633
2003-04-28,40.654741202016034,40.51327896118164
2003-04-29,40.39920301049274,40.4448356628418
2003-04-30,40.51785624440027,40.819034576416016
2003-05-01,40.92135632029096,40.83877944946289
2003-05-02,40.85713944561541,40.51765823364258
2003-05-05,40.51307015935386,40.7332763671875
2003-05-06,40.756222957451065,40.935142517089844
2003-05-07,41.28836027511799,41.41222381591797
2003-05-08,41.56363600623787,41.5131721496582
2003-05-09,41.42597222319017,41.55442428588867
2003-05-12,41.81135609490887,41.81594467163086
2003-05-13,41.701243928036384,41.907684326171875
2003-05-14,42.12789546314569,42.54995346069336
2003-05-15,42.481135695996656,42.68299102783203
2003-05-16,42.88484801922113,42.99494934082031
2003-05-19,43.17388262436898,42.84816360473633
2003-05-20,42.733443599570926,43.48122024536133
2003-05-21,43.238108142746725,43.476661682128906
2003-05-22,43.6280273740217,43.861995697021484
2003-05-23,43.935435817708296,43.972137451171875
2003-05-27,43.866563757461535,43.17842483520508
2003-05-28,43.07750180532338,43.10502624511719
2003-05-29,43.26101766871266,43.48122024536133
2003-05-30,43.3298517276775,43.39866638183594
2003-06-02,43.25032431667293,43.07986831665039
2003-06-03,43.1950128074513,43.42536163330078
2003-06-04,43.51751040071719,43.55436706542969
2003-06-05,43.858429310621425,43.21345520019531
2003-06-06,43.16738612532616,43.370094299316406
2003-06-09,43.62808301862454,43.66033172607422
2003-06-10,43.803128682061185,44.18090057373047
2003-06-11,44.342154094016955,44.12562561035156
2003-06-12,44.277706624974584,44.47119903564453
2003-06-13,44.655462997462195,44.77063751220703
2003-06-16,44.91805098378845,44.34678649902344
2003-06-17,44.213183110778544,43.99665451049805
2003-06-18,43.79390619509919,43.43456268310547
2003-06-19,43.287156654157876,43.351654052734375
2003-06-20,43.25953507796923,43.1904296875
2003-06-23,43.22268426732109,43.44842529296875
2003-06-24,43.37470583945622,43.84922409057617
2003-06-25,43.959770211887424,43.14894485473633
2003-06-26,42.96006620976723,42.56847381591797
2003-06-27,42.637579343721015,42.41644287109375
2003-06-30,42.347308037217985,42.6145133972168
2003-07-01,42.61595745825468,42.40322494506836
2003-07-02,42.17660493232801,42.509578704833984
2003-07-03,42.407805434129905,41.89909744262695
2003-07-07,41.75113500588367,41.63089370727539
2003-07-08,41.82050217943401,41.66788864135742
2003-07-09,41.866742626368676,41.801998138427734
2003-07-10,41.940733772566574,41.78812026977539
2003-07-11,41.76037474913226,41.98698043823242
2003-07-14,41.936121526967106,41.50603103637695
2003-07-15,41.40888569619376,40.53483200073242
2003-07-16,40.42384248175853,40.76606369018555
2003-07-17,40.386860147576094,40.641212463378906
2003-07-18,40.53486237699203,40.5579833984375
2003-07-21,40.465442858641104,39.69775390625
2003-07-22,39.75789140669996,39.892005920410156
2003-07-23,40.1417539523837,40.02613830566406
2003-07-24,39.72555380563395,39.6746826171875
2003-07-25,39.76252381020733,39.56828689575195
2003-07-28,39.420313622223034,39.03647232055664
2003-07-29,38.930080293756845,38.504615783691406
2003-07-30,38.726629133757314,38.939361572265625
2003-07-31,38.70351116067897,38.36128616333008
2003-08-01,38.14200575524143,38.33248519897461
2003-08-04,38.31853879507859,38.66232681274414
2003-08-05,38.65767839807667,38.109474182128906
2003-08-06,38.32780114834014,38.86206817626953
2003-08-07,38.93176279611777,39.02467727661133
2003-08-08,39.1826635252907,38.86675262451172
2003-08-11,38.81562241101156,38.671600341796875
2003-08-12,38.755220017312475,38.49040985107422
2003-08-13,38.18846556689017,37.74711608886719
2003-08-14,37.83539559483265,38.11878967285156
2003-08-15,38.18848039224891,38.09556579589844
2003-08-18,38.234896725687896,38.27206039428711
2003-08-19,38.35103153651691,38.86206817626953
2003-08-20,38.945725567984525,38.653038024902344
2003-08-21,38.58795892285935,38.56008529663086
2003-08-22,38.53686854291035,38.73199462890625
2003-08-25,38.708785600255744,38.43003845214844
2003-08-26,38.3045787902841,38.73199462890625
2003-08-27,38.685555093449906,38.55547332763672
2003-08-28,38.666976084209395,38.955013275146484
2003-08-29,38.9967966298837,38.86206817626953
2003-09-02,39.02635313343187,38.293704986572266
2003-09-03,38.489692818800776,38.35436248779297
2003-09-04,38.49436045650017,38.569026947021484
2003-09-05,38.919020074857876,39.2316780090332
2003-09-08,39.02636450146646,38.82570266723633
2003-09-09,38.97504642490831,39.105712890625
2003-09-10,39.152351011669275,39.502342224121094
2003-09-11,39.32035208783619,39.24568557739258
2003-09-12,39.675026120657364,39.51636505126953
2003-09-15,39.432339048656495,39.45567321777344
2003-09-16,39.37168128942051,39.39501190185547
2003-09-17,39.5349957725994,39.884986877441406
2003-09-18,39.96897133607928,39.91297149658203
2003-09-19,39.968994668594604,39.959659576416016
2003-09-22,39.66570250694998,39.64236831665039
2003-09-23,39.60964526315036,39.91297149658203
2003-09-24,39.91766374443821,40.25831985473633
2003-09-25,40.272310047304686,40.45896911621094
2003-09-26,40.570962111558345,40.82295608520508
2003-09-29,40.60833414230688,40.496337890625
2003-09-30,40.598984776841505,41.168304443359375
2003-10-01,41.00289754861233,41.01226806640625
2003-10-02,40.69361302385279,40.824825286865234
2003-10-03,40.32340639553347,39.96726608276367
2003-10-06,39.88761628819896,40.140663146972656
2003-10-07,40.042261195017126,39.67675018310547
2003-10-08,39.57364299599095,39.66736602783203
2003-10-09,39.325279093073526,39.386199951171875
2003-10-10,39.59705938511143,39.62049102783203
2003-10-13,39.52677191660217,39.46585464477539
2003-10-14,39.245608035565894,39.194061279296875
2003-10-15,38.96914333085564,39.00194549560547
2003-10-16,39.119108230811484,38.84731674194336
2003-10-17,38.93162882597142,39.147186279296875
2003-10-20,39.10503458473477,39.278419494628906
2003-10-21,39.37681201546814,39.42367172241211
2003-10-22,39.643949610465995,39.807960510253906
2003-10-23,39.83135899118653,39.51739501953125
2003-10-24,39.831367961140636,39.957889556884766
2003-10-27,39.901666514017236,39.87823486328125
2003-10-28,39.761078507597674,40.08910369873047
2003-10-29,39.96259281741481,39.72829055786133
2003-10-30,39.36277038135311,39.55021286010742
2003-10-31,39.70481082522857,39.92036819458008
2003-11-03,39.78772691448599,39.731266021728516
2003-11-04,39.83008218502419,39.957122802734375
2003-11-05,39.910016205239366,39.68416213989258
2003-11-06,39.415993715818026,39.31248092651367
2003-11-07,39.11014934827805,39.28894805908203
2003-11-10,39.336012045060464,39.25602340698242
2003-11-11,39.265418162924675,39.26071548461914
2003-11-12,39.45837023011467,39.54777145385742
2003-11-13,39.806513935879856,40.15940856933594
2003-11-14,40.13590727915047,40.42763137817383
2003-11-17,40.53113424762797,40.48878860473633
2003-11-18,40.451179577078136,40.73820114135742
2003-11-19,40.66290669418693,40.2864875793457
2003-11-20,40.582875282825945,40.676979064941406
2003-11-21,40.738173977019684,40.700531005859375
2003-11-24,40.54996772733763,40.36646270751953
2003-11-25,40.441742712071616,40.587608337402344
2003-11-26,40.51232543823632,40.42292785644531
2003-11-28,40.15940545513128,40.05588912963867
2003-12-01,39.90842499881615,39.832767486572266
2003-12-02,39.908392000515846,40.002960205078125
2003-12-03,39.96040948920773,39.84219741821289
2003-12-04,39.842179599383606,39.9320182800293
2003-12-05,40.33395324783233,40.570377349853516
2003-12-08,40.56092354398397,40.28667068481445
2003-12-09,40.40488048578646,40.002960205078125
2003-12-10,40.225216570933064,40.069175720214844
2003-12-11,39.960380113258275,40.35757064819336
2003-12-12,40.39065791735719,40.4332160949707
2003-12-15,40.42850984514186,40.40959548950195
2003-12-16,40.381240774888234,40.54200744628906
2003-12-17,40.77368000506828,40.81623458862305
2003-12-18,40.80680127021372,41.18507766723633
2003-12-19,41.12362576328737,41.1709098815918
2003-12-22,41.19454143593843,41.05741500854492
2003-12-23,40.915530877894135,40.593994140625
2003-12-24,40.83989767638274,40.97702407836914
2003-12-26,41.090505327258015,41.128334045410156
2003-12-29,40.99594946810992,40.759525299072266
2003-12-30,40.570353908609334,40.593994140625
2003-12-31,40.5560224731747,40.594024658203125
2004-01-02,40.423003092793856,40.11421585083008
2004-01-05,39.90995346429227,40.00971603393555
2004-01-06,40.16172340664881,40.45151138305664
2004-01-07,40.427759477944974,40.613033294677734
2004-01-08,40.52275454351206,40.59876251220703
2004-01-09,41.27336355927436,41.306617736816406
2004-01-12,41.14032929385778,41.273345947265625
2004-01-13,41.17836960374483,41.55366897583008
2004-01-14,41.56315368809867,41.757930755615234
2004-01-15,41.7816944310536,41.91471481323242
2004-01-16,42.128475063767524,41.62015914916992
2004-01-20,41.56790673149721,41.610660552978516
2004-01-21,41.68665272882926,41.71040725708008
2004-01-22,41.781671067619904,42.01445388793945
2004-01-23,42.07146392408769,41.51089096069336
2004-01-26,41.47290861721473,41.25912857055664
2004-01-27,41.20210143217519,41.51564025878906
2004-01-28,41.449109630220995,41.14982223510742
2004-01-29,40.9598054946018,41.0643196105957
2004-01-30,41.28287212953247,41.34938049316406
2004-02-02,41.23867865060685,41.26253128051758
2004-02-03,41.46287341792479,41.472415924072266
2004-02-04,41.40088467453215,41.39134216308594
2004-02-05,41.42473047616997,41.22915267944336
2004-02-06,41.56785402058652,41.68233871459961
2004-02-09,41.76820318895139,41.806365966796875
2004-02-10,41.730035273097855,41.57261657714844
2004-02-11,41.51057856804348,41.882659912109375
2004-02-12,41.90655647621615,41.706207275390625
2004-02-13,41.882659912109375,41.882659912109375
2004-02-17,41.911297644767785,41.85405349731445
2004-02-18,42.0257891480364,41.91130447387695
2004-02-19,41.753855614404166,41.95420455932617
2004-02-20,41.85882377644039,41.66324234008789
2004-02-23,41.6870892440669,41.92082977294922
2004-02-24,42.001925490424014,41.997154235839844
2004-02-25,42.08303096949566,42.06394958496094
2004-02-26,41.90651388527445,41.93036651611328
2004-02-27,42.0830313811,42.29292297363281
2004-03-01,42.36765057309504,42.276649475097656
2004-03-02,42.20482345123709,42.008453369140625
2004-03-03,41.85517520291359,41.93180847167969
2004-03-04,41.859933006709504,42.11856460571289
2004-03-05,42.99505061449419,42.93278884887695
2004-03-08,43.133972481235325,43.1866569519043
2004-03-09,43.224906576266,43.47395706176758
2004-03-10,43.3542694628902,43.44527053833008
2004-03-11,43.60808932565043,43.50750732421875
2004-03-12,43.39734920529762,43.239295959472656
2004-03-15,43.306351478546446,43.31114196777344
2004-03-16,43.24414739846677,43.67041015625
2004-03-17,43.809294424379154,43.59855651855469
2004-03-18,43.44526285649948,43.36863327026367
2004-03-19,43.33030027060877,43.31114196777344
2004-03-22,43.38778853388762,43.574581146240234
2004-03-23,43.53145506449866,43.65119171142578
2004-03-24,43.66078426402197,43.627254486083984
2004-03-25,43.450032661909404,43.45960998535156
2004-03-26,43.335143153544266,42.9998779296875
2004-03-29,42.6502587654846,42.712520599365234
2004-03-30,42.76992251897095,42.683712005615234
2004-03-31,42.74599348174543,42.889678955078125
2004-04-01,42.78295120857718,42.74929428100586
2004-04-02,41.89342786615176,41.69148635864258
2004-04-05,41.50399228896541,41.36455535888672
2004-04-06,41.54244578085709,41.59052658081055
2004-04-07,41.494354248046875,41.494354248046875
2004-04-08,41.431863898717076,41.374168395996094
2004-04-12,41.2588003900614,41.22514343261719
2004-04-13,40.83566473214614,40.7779655456543
2004-04-14,40.37889507723051,40.74431228637695
2004-04-15,40.71065711051732,40.50390625
2004-04-16,40.7154827258008,40.65778350830078
2004-04-19,40.79717363706504,40.571189880371094
2004-04-20,40.51831743806816,40.20098114013672
2004-04-21,40.253878416185884,40.39812088012695
2004-04-22,40.50868932512081,40.63850784301758
2004-04-23,40.44136794730315,40.407711029052734
2004-04-26,40.43176133172925,40.47503662109375
2004-04-27,40.58083305817398,40.62891387939453
2004-04-28,40.53274845405882,40.24906539916992
2004-04-29,40.26828345864896,40.051918029785156
2004-04-30,40.114441315015775,40.21541213989258
2004-05-03,40.11165978997817,40.26612091064453
2004-05-04,40.367449956397564,39.99095153808594
2004-05-05,40.188846665554756,39.87992477416992
2004-05-06,39.85094075084649,39.773712158203125
2004-05-07,39.31518610478455,39.252437591552734
2004-05-10,39.32965796469731,39.16071319580078
2004-05-11,39.151068122456124,39.339317321777344
2004-05-12,39.29101357164565,39.07862854003906
2004-05-13,39.044849403008605,38.92900466918945
2004-05-14,39.11725660717313,39.247581481933594
2004-05-17,39.51791752629529,39.59514617919922
2004-05-18,39.43587640172673,39.440704345703125
2004-05-19,39.291040432611176,39.31034851074219
2004-05-20,39.45516343962458,39.61445236206055
2004-05-21,39.759259740928975,39.455162048339844
2004-05-24,39.54687355118044,39.58066177368164
2004-05-25,39.59512280816664,39.69648742675781
2004-05-26,39.77374829270892,39.90890121459961
2004-05-27,40.07785122629485,40.222660064697266
2004-05-28,40.073005692381,40.11162185668945
2004-06-01,39.91391807357816,39.74431610107422
2004-06-02,39.74429507481899,39.64253616333008
2004-06-03,39.63771493872939,39.724937438964844
2004-06-04,39.75401909006338,39.49235153198242
2004-06-07,39.45356948982482,39.50202560424805
2004-06-08,39.34698200969747,39.574729919433594
2004-06-09,39.4681057990205,39.405113220214844
2004-06-10,39.424489767277365,39.48263931274414
2004-06-14,39.34697067198955,39.16768264770508
2004-06-15,39.642570538501005,39.996307373046875
2004-06-16,39.758841294907995,39.841217041015625
2004-06-17,39.778267932565285,40.10293197631836
2004-06-18,40.10290090715605,40.01567840576172
2004-06-21,40.03990349230274,40.04475021362305
2004-06-22,39.942978610650464,39.9235954284668
2004-06-23,39.87515932496245,40.00114822387695
2004-06-24,40.34517859931097,40.2434196472168
2004-06-25,40.180459888525064,40.28221893310547
2004-06-28,40.112584571557,39.87030029296875
2004-06-29,39.92847472601542,40.1223030090332
2004-06-30,40.23370784504562,40.534141540527344
2004-07-01,40.55168518743852,40.610069274902344
2004-07-02,41.188998180280684,41.03817367553711
2004-07-06,41.14522982055899,40.9700813293457
2004-07-07,40.96523406964194,40.98469543457031
2004-07-08,41.013888028078846,41.0090217590332
2004-07-09,40.98953735152947,41.05278396606445
2004-07-12,41.164662783370304,41.11114501953125
2004-07-13,40.96519722905734,40.989524841308594
2004-07-14,41.02361556901939,41.004154205322266
2004-07-15,41.00898989928146,41.04791259765625
2004-07-16,41.281460167574764,41.59283447265625
2004-07-19,41.55390783670064,41.62202072143555
2004-07-20,41.50526635710794,41.24740982055664
2004-07-21,41.06742705424343,41.13554000854492
2004-07-22,41.150127206125845,41.193912506103516
2004-07-23,41.247415889149174,41.33012390136719
2004-07-26,41.27662847682828,41.13554000854492
2004-07-27,41.062524290960596,40.580867767333984
2004-07-28,40.48846268005239,40.58576583862305
2004-07-29,40.51278756973434,40.67820739746094
2004-07-30,40.90198937339577,41.15497970581055
2004-08-02,41.272169688688706,41.208675384521484
2004-08-03,41.26729724530935,41.374752044677734
2004-08-04,41.36010109832418,41.394290924072266
2004-08-05,41.45780440363462,41.511531829833984
2004-08-06,42.20507552463163,42.209957122802734
2004-08-09,42.078079217394006,42.06342697143555
2004-08-10,42.13180505339268,41.912010192871094
2004-08-11,41.91689707145548,42.09273147583008
2004-08-12,42.00481439881237,42.18064880371094
2004-08-13,42.332065577906455,42.317413330078125
2004-08-16,42.23440414349704,42.17090606689453
2004-08-17,42.20020821419861,42.41023254394531
2004-08-18,42.50792808681734,42.20510482788086
2004-08-19,42.249050223205145,42.30766296386719
2004-08-20,42.2881571322424,42.268619537353516
2004-08-23,42.05855047995833,42.02436065673828
2004-08-24,41.98038365562731,42.048763275146484
2004-08-25,42.161126486176514,42.195316314697266
2004-08-26,42.27834590900615,42.43464279174805
2004-08-27,42.410246503812516,42.40536117553711
2004-08-30,42.49327733429683,42.60561752319336
2004-08-31,42.63979985010184,42.86935806274414
2004-09-01,43.00663774174575,42.91346740722656
2004-09-02,42.844798751457745,42.491722106933594
2004-09-03,42.40351466448363,42.49668884277344
2004-09-07,42.29068713756484,42.4525146484375
2004-09-08,42.300497801540594,42.81049728393555
2004-09-09,42.771315852875865,42.648719787597656
2004-09-10,42.849712952875635,42.712406158447266
2004-09-13,42.761470202103744,42.898780822753906
2004-09-14,42.83993670272268,42.94291687011719
2004-09-15,42.9085780999097,42.84482955932617
2004-09-16,42.93800230352284,43.3303108215332
2004-09-17,43.21751259507615,43.114532470703125
2004-09-20,43.2812614571701,43.39895248413086
2004-09-21,43.33030071229597,43.52645492553711
2004-09-22,43.54607144382149,43.97760772705078
2004-09-23,43.972704710719185,43.80107116699219
2004-09-24,43.81579464063784,43.85502624511719
2004-09-27,43.938387244415544,44.04627227783203
2004-09-28,43.977613107718604,43.869728088378906
2004-09-29,43.49705777178213,43.443115234375
2004-09-30,43.2224132443083,43.2763557434082
2004-10-01,43.084813504264346,43.0601921081543
2004-10-04,42.83862245439307,43.12421417236328
2004-10-05,43.09959277172167,43.12421417236328
2004-10-06,43.06021482364682,42.927268981933594
2004-10-07,42.838594143473046,42.740116119384766
2004-10-08,43.3162427311709,43.306392669677734
2004-10-11,43.30639405776547,43.350711822509766
2004-10-12,43.49844636458395,43.4492073059082
2004-10-13,43.33103923107831,43.606781005859375
2004-10-14,43.57722684552157,43.81357955932617
2004-10-15,43.729869875111014,43.66093444824219
2004-10-18,43.65108704993267,43.68062973022461
2004-10-19,43.49352873989015,43.79389190673828
2004-10-20,43.951442423793104,44.09423828125
2004-10-21,44.040026859929455,44.12373352050781
2004-10-22,44.06960569654665,44.2271728515625
2004-10-25,44.35031244272291,44.261680603027344
2004-10-26,44.291184876221664,44.12869644165039
2004-10-27,44.25180469104961,43.69539260864258
2004-10-28,43.695396119686826,43.838191986083984
2004-10-29,43.87758877259274,44.04008102416992
2004-11-01,43.879896706250975,43.766178131103516
2004-11-02,43.746439317777714,43.83049011230469
2004-11-03,43.523899906885504,43.8502197265625
2004-11-04,43.93425750311829,43.89470291137695
2004-11-05,43.380540335418644,43.4151496887207
2004-11-08,43.26189422607422,43.26189422607422
2004-11-09,43.21244472919467,43.23716354370117
2004-11-10,43.16789677656629,43.07395935058594
2004-11-11,43.237119719092156,42.98002243041992
2004-11-12,43.18275107922433,43.44479751586914
2004-11-15,43.48435592651367,43.48435592651367
2004-11-16,43.41513723975749,43.48435592651367
2004-11-17,43.454713805797105,43.855194091796875
2004-11-18,43.781006683499164,43.98866271972656
2004-11-19,43.954048305452716,43.63761901855469
2004-11-22,43.68210646247126,43.86504364013672
2004-11-23,43.75628890385623,43.91944885253906
2004-11-24,43.95900346533529,43.91944885253906
2004-11-26,43.65243720778504,43.632659912109375
2004-11-29,43.24699397625263,43.167884826660156
2004-11-30,42.98499298095703,42.98499298095703
2004-12-01,43.04203878458042,42.91792678833008
2004-12-02,42.77894525713438,42.74419403076172
2004-12-03,43.26549904666547,43.40946960449219
2004-12-06,43.43426803102344,43.558380126953125
2004-12-07,43.5584007554149,43.61301040649414
2004-12-08,43.89099183587195,44.293113708496094
2004-12-09,44.17890851147501,44.000186920166016
2004-12-10,44.15909538960614,44.10945129394531
2004-12-13,44.09453519960881,44.20375442504883
2004-12-14,44.05482172824062,44.37751388549805
2004-12-15,44.65550528400321,44.77961730957031
2004-12-16,44.62574133644382,44.11936569213867
2004-12-17,43.92576358473342,44.0598030090332
2004-12-20,44.119381869340295,44.13924026489258
2004-12-21,44.213660194105955,44.27323532104492
2004-12-22,44.288161309000884,44.124332427978516
2004-12-23,44.05480320790313,43.9803352355957
2004-12-27,43.85126735724728,43.637794494628906
2004-12-28,43.61795833725634,43.603065490722656
2004-12-29,43.62292084090093,43.558380126953125
2004-12-30,43.5881177119326,43.851234436035156
2004-12-31,44.0381485498659,44.12784957885742
2005-01-03,43.943492517398695,44.22256088256836
2005-01-04,44.212580158730205,43.759090423583984
2005-01-05,43.84882466244716,43.993343353271484
2005-01-06,43.9982711063039,44.02318572998047
2005-01-07,44.232502603757304,44.122867584228516
2005-01-10,44.172715848896004,44.192649841308594
2005-01-11,44.30226398359036,44.45176315307617
2005-01-12,44.28732688796705,44.51157760620117
2005-01-13,44.725865578410556,44.94015121459961
2005-01-14,44.80063855140138,44.93518829345703
2005-01-18,44.75080417155723,45.08469009399414
2005-01-19,45.24914746675652,45.214263916015625
2005-01-20,45.05973612140582,45.303924560546875
2005-01-21,45.149443080136585,45.353763580322266
2005-01-24,45.39361213360123,45.548099517822266
2005-01-25,45.528197587123096,45.11956024169922
2005-01-26,45.27401354763406,45.204246520996094
2005-01-27,45.109591344335996,45.11956024169922
2005-01-28,45.458424318630094,45.57304000854492
2005-01-31,45.51326180442137,45.70262908935547
2005-02-01,45.74012256892495,45.63007354736328
2005-02-02,45.62007799171672,45.735130310058594
2005-02-03,45.55002423178347,45.7100944519043
2005-02-04,46.255361976289365,46.345401763916016
2005-02-07,46.39039386907365,46.69052505493164
2005-02-08,46.70555172574414,46.95566177368164
2005-02-09,46.74057673469483,47.080726623535156
2005-02-10,46.76557512244445,46.4454345703125
2005-02-11,46.25035839737397,46.41543197631836
2005-02-14,46.470449880345875,46.560489654541016
2005-02-15,46.32037514896096,46.32537841796875
2005-02-16,46.275350249409314,46.15029525756836
2005-02-17,45.90021751603922,45.860198974609375
2005-02-18,45.294929944088516,45.44999694824219
2005-02-22,45.33494494581561,45.249908447265625
2005-02-23,45.59004941520748,45.399967193603516
2005-02-24,45.60007336249147,45.2999382019043
2005-02-25,45.46500645676476,45.5200309753418
2005-02-28,45.57004276376981,45.02980422973633
2005-03-01,44.93043575842134,45.01573944091797
2005-03-02,44.88529294421767,44.955543518066406
2005-03-03,44.97057944074653,44.93043518066406
2005-03-04,45.15627555728518,45.41720962524414
2005-03-07,45.587824254960935,45.597862243652344
2005-03-08,45.22650668121974,45.16629409790039
2005-03-09,44.749800215434846,44.428653717041016
2005-03-10,44.52903847312232,44.699649810791016
2005-03-11,44.48385369531201,44.37345886230469
2005-03-14,44.34339061455825,44.63944625854492
2005-03-15,44.805015977540805,44.358421325683594
2005-03-16,44.42863133740022,44.62934875488281
2005-03-17,44.83510729461074,44.77489471435547
2005-03-18,44.609329453798594,44.49391555786133
2005-03-21,44.493875218806025,44.36842727661133
2005-03-22,44.62937381853778,43.992095947265625
2005-03-23,43.92181017483171,44.20281219482422
2005-03-24,44.318265873067254,44.293174743652344
2005-03-28,44.152668491191626,44.0222053527832
2005-03-29,44.19781552823841,44.283119201660156
2005-03-30,44.258055914232266,44.503936767578125
2005-03-31,44.75982260568943,44.82505798339844
2005-04-01,45.092041929528264,44.97620391845703
2005-04-04,44.966121673583984,44.966121673583984
2005-04-05,44.945953061012936,44.85026168823242
2005-04-06,45.03158141467814,45.00639724731445
2005-04-07,44.97620394562236,44.64379119873047
2005-04-08,44.60350621973842,44.799930572509766
2005-04-11,44.80995396656097,45.04163360595703
2005-04-12,44.940898300515656,45.459659576416016
2005-04-13,45.50500418923791,45.348873138427734
2005-04-14,45.36904663773381,45.27838897705078
2005-04-15,45.6007207994379,45.87772750854492
2005-04-18,46.01875744411178,45.84247589111328
2005-04-19,46.003623186358695,46.28567123413086
2005-04-20,45.9432033859278,46.16984558105469
2005-04-21,45.98351280966542,45.68635559082031
2005-04-22,45.96835138516864,46.06908416748047
2005-04-25,46.16481171457619,46.205101013183594
2005-04-26,46.330999086081725,46.13457489013672
2005-04-27,46.36121168626171,46.29573440551758
2005-04-28,46.36119999710665,46.638206481933594
2005-04-29,46.62313644018713,46.55766296386719
2005-05-02,46.57786116883308,46.54753112792969
2005-05-03,46.537413687868394,46.673885345458984
2005-05-04,46.22403929219166,46.26447677612305
2005-05-05,46.14825265723239,46.37065124511719
2005-05-06,45.961219905202896,46.02692794799805
2005-05-09,46.001669758485214,46.07243347167969
2005-05-10,46.17857565957927,46.400978088378906
2005-05-11,46.5728448258901,46.542518615722656
2005-05-12,46.50205821977277,46.72446060180664
2005-05-13,46.86091327189297,46.90640640258789
2005-05-16,47.02773933054427,46.850830078125
2005-05-17,46.98730205082814,46.98224639892578
2005-05-18,47.361366198279036,47.295658111572266
2005-05-19,47.36133308239415,47.17431640625
2005-05-20,47.133873722909286,47.22991180419922
2005-05-23,47.31079320591096,47.59890365600586
2005-05-24,47.78085728428216,47.73031234741211
2005-05-25,47.811161011684476,47.39668655395508
2005-05-26,47.305745729532894,47.38156509399414
2005-05-27,47.38152676914478,47.432071685791016
2005-05-31,47.62413879578786,48.018394470214844
2005-06-01,48.29692219955941,48.606388092041016
2005-06-02,48.56578108651678,48.72304916381836
2005-06-03,49.1593954663585,48.32231521606445
2005-06-06,48.449158511647354,48.57598876953125
2005-06-07,48.94123929585103,48.96153259277344
2005-06-08,48.86006911984878,48.72816848754883
2005-06-09,48.53541273537071,48.6876106262207
2005-06-10,48.47449723550954,48.13966369628906
2005-06-13,47.93167138617243,47.85049819946289
2005-06-14,47.71354568626464,47.535980224609375
2005-06-15,47.3787033260585,47.62221908569336
2005-06-16,47.586691658926476,47.86064147949219
2005-06-17,47.743971969513375,47.85558319091797
2005-06-20,47.59686010094937,47.77442169189453
2005-06-21,47.88088186464275,48.12439727783203
2005-06-22,48.44405391511247,48.707862854003906
2005-06-23,48.6013217969551,48.657127380371094
2005-06-24,48.82458541160726,48.90068435668945
2005-06-27,48.951389059794366,49.032562255859375
2005-06-28,48.865132529007354,48.697715759277344
2005-06-29,48.94126545497464,48.62165069580078
2005-06-30,48.63174447449812,49.057891845703125
2005-07-01,48.890952808474786,48.46333312988281
2005-07-05,48.0306429139239,48.005191802978516
2005-07-06,48.17313128052991,48.26985549926758
2005-07-07,48.58037048772051,48.37165069580078
2005-07-08,48.488788325050756,48.17316436767578
2005-07-11,47.90845038179249,48.17316436767578
2005-07-12,48.030591196548954,47.903324127197266
2005-07-13,47.877891393816284,47.83207321166992
2005-07-14,47.90333687163093,47.70989227294922
2005-07-15,47.597922002858525,47.83718490600586
2005-07-18,47.776103409819356,47.48084259033203
2005-07-19,47.46050407438995,47.64885711669922
2005-07-20,47.603006875969704,47.908447265625
2005-07-21,47.58774664797422,47.25685119628906
2005-07-22,47.39429550681477,47.62337875366211
2005-07-25,47.547037905761286,47.450313568115234
2005-07-26,47.48080078881922,47.52661895751953
2005-07-27,47.379044230024775,47.450313568115234
2005-07-28,47.53683080810049,47.87281799316406
2005-07-29,47.750626793534316,47.39936828613281
2005-08-01,47.2639499172588,47.22307205200195
2005-08-02,47.14644248013019,47.069801330566406
2005-08-03,47.13618657813371,47.2996940612793
2005-08-04,47.3099649630676,47.20266342163086
2005-08-05,46.855231962890244,46.83479690551758
2005-08-08,46.844982099810224,46.74789810180664
2005-08-09,46.85521855654663,46.92164611816406
2005-08-10,47.01359020710699,46.870521545410156
2005-08-11,47.02378844965679,47.19751739501953
2005-08-12,47.32527264551041,47.677833557128906
2005-08-15,47.65232085128749,47.55523681640625
2005-08-16,47.86689397970552,47.887332916259766
2005-08-17,47.78003375329017,47.57053756713867
2005-08-18,47.749389512657686,47.923118591308594
2005-08-19,47.70338104648144,47.91798400878906
2005-08-22,47.795348012861645,47.86688232421875
2005-08-23,47.892448631346916,48.086612701416016
2005-08-24,48.1683851338447,48.13261795043945
2005-08-25,48.17346123220133,48.28587341308594
2005-08-26,48.36252685302224,48.27055358886719
2005-08-29,48.45450466197635,48.331871032714844
2005-08-30,48.454538281641135,48.638484954833984
2005-08-31,48.69977932020617,49.04723358154297
2005-09-01,48.869836778414374,48.75190734863281
2005-09-02,48.64933936265149,48.792911529541016
2005-09-06,48.71598612173779,48.44935607910156
2005-09-07,48.29045874748999,47.993064880371094
2005-09-08,48.14175365355623,48.04433059692383
2005-09-09,48.177636500924486,48.19814682006836
2005-09-12,48.02376860018311,47.86481475830078
2005-09-13,48.07504547494099,48.11606216430664
2005-09-14,48.10579296386228,47.931461334228516
2005-09-15,47.86484310345955,47.536685943603516
2005-09-16,47.326436083570265,47.22388458251953
2005-09-19,47.264919428724355,47.32645034790039
2005-09-20,47.321337402503886,47.44952392578125
2005-09-21,47.8289414899394,47.890472412109375
2005-09-22,47.875074352376366,47.84430694580078
2005-09-23,47.711029779943594,47.48542022705078
2005-09-26,47.22902943425165,47.270050048828125
2005-09-27,47.31108445594671,47.33672332763672
2005-09-28,47.37259784387366,47.65460968017578
2005-09-29,47.48029446661445,47.439273834228516
2005-09-30,47.4700153139033,47.275169372558594
2005-10-03,47.25047162071037,46.90557861328125
2005-10-04,47.03425775274834,47.059993743896484
2005-10-05,47.1938326017304,47.265899658203125
2005-10-06,47.20412570040021,47.085731506347656
2005-10-07,46.890150576076756,47.27622604370117
2005-10-10,47.28134145015177,47.24530792236328
2005-10-11,47.27622141198414,47.14752960205078
2005-10-12,47.070284257672775,46.689353942871094
2005-10-13,46.45772727123066,46.519500732421875
2005-10-14,46.637856466642674,46.44739532470703
2005-10-17,46.54523821878348,46.437137603759766
2005-10-18,46.56583661718884,46.48862075805664
2005-10-19,46.66880064095576,46.509220123291016
2005-10-20,46.47316350964304,46.63274002075195
2005-10-21,46.756310720516815,47.06517028808594
2005-10-24,47.00857825763968,46.6997184753418
2005-10-25,46.751150396965485,46.29815673828125
2005-10-26,46.04592164647901,45.958412170410156
2005-10-27,46.12314224243163,46.12314224243164
2005-10-28,46.18489387730434,46.12826919555664
2005-10-31,46.21067153841831,46.2158203125
2005-11-01,46.24010307856514,46.16254425048828
2005-11-02,46.059122110226355,45.945369720458984
2005-11-03,45.960874041015074,45.6351318359375
2005-11-04,45.71785778391216,45.562744140625
2005-11-07,45.759222576588606,45.717857360839844
2005-11-08,45.96089366437196,46.16254425048828
2005-11-09,45.90403220751993,45.68687057495117
2005-11-10,45.87298302828625,46.245262145996094
2005-11-11,46.327986727784065,46.27111053466797
2005-11-14,46.21424661250061,45.92469787597656
2005-11-15,45.888497115551274,46.22458267211914
2005-11-16,46.43138506910675,46.71059036254883
2005-11-17,46.62272455384131,46.82437515258789
2005-11-18,46.72611701045123,46.60719299316406
2005-11-21,46.71061337945885,46.74681091308594
2005-11-22,46.726115216094236,46.808841705322266
2005-11-23,46.83991977533419,46.6279296875
2005-11-25,46.746803135687294,46.79850769042969
2005-11-28,46.80366516639397,47.03116989135742
2005-11-29,47.093227619286196,46.58651351928711
2005-11-30,46.68995351273721,46.53483581542969
2005-12-01,46.73734281162158,46.46211242675781
2005-12-02,46.35825383403194,46.47769546508789
2005-12-05,46.39978059462261,46.269954681396484
2005-12-06,46.43092663502887,46.74250793457031
2005-12-07,46.63345666341972,46.56594467163086
2005-12-08,46.72692010950631,46.867130279541016
2005-12-09,46.72695378314285,46.49845886230469
2005-12-12,46.60749015806428,46.41015625
2005-12-13,46.591946524240754,46.58155822753906
2005-12-14,46.841200310014706,47.05931091308594
2005-12-15,46.96582572306168,46.94505310058594
2005-12-16,47.16833825466014,47.100826263427734
2005-12-19,47.04889881094273,47.14756774902344
2005-12-20,47.0385512035366,47.09048080444336
2005-12-21,47.012587032272215,47.00739288330078
2005-12-22,47.21510192930644,47.38127899169922
2005-12-23,47.35530921071233,47.67208480834961
2005-12-27,47.760406170226794,48.06160354614258
2005-12-28,47.99010885451292,47.92753601074219
2005-12-29,47.9901195725904,48.031837463378906
2005-12-30,48.25607178676352,47.92233657836914
2006-01-03,47.76069269610649,47.859771728515625
2006-01-04,47.73463052807189,47.97450256347656
2006-01-05,47.91190234124504,47.917118072509766
2006-01-06,47.85453902099813,47.828468322753906
2006-01-09,47.81805382240246,47.859771728515625
2006-01-10,47.78155282558686,47.47389221191406
2006-01-11,47.58340227684839,47.39567565917969
2006-01-12,47.52079525915715,47.71373748779297
2006-01-13,47.76070208666635,47.99014663696289
2006-01-17,47.97447784372386,48.203922271728516
2006-01-18,48.37078517065016,48.18827438354492
2006-01-19,48.01093744659071,48.04743957519531
2006-01-20,48.14136294232458,48.17264938354492
2006-01-23,47.87016952645362,48.1569709777832
2006-01-24,47.97448195872373,47.92233657836914
2006-01-25,47.718970925817025,47.40087890625
2006-01-26,47.21838779745442,47.19752883911133
2006-01-27,47.348753303269106,47.19752883911133
2006-01-30,47.08800467199012,47.150577545166016
2006-01-31,47.11405058328362,47.28091812133789
2006-02-01,47.17681236238552,47.11924743652344
2006-02-02,47.119224621858876,47.208187103271484
2006-02-03,47.098274581116,47.5430908203125
2006-02-06,47.61118482918245,47.63734817504883
2006-02-07,47.68443360026088,47.41230773925781
2006-02-08,47.558837017522954,47.30241394042969
2006-02-09,47.17158200436306,47.516971588134766
2006-02-10,47.7262437727409,47.25526428222656
2006-02-13,47.22386621728852,47.260498046875
2006-02-14,47.04596316242794,47.09305953979492
2006-02-15,47.1715552584209,47.208187103271484
2006-02-16,47.202944221758344,47.21864700317383
2006-02-17,47.516915482928844,47.59540939331055
2006-02-21,47.56930225436789,47.516971588134766
2006-02-22,47.684408226435636,47.841400146484375
2006-02-23,47.783891283452476,47.72109603881836
2006-02-24,47.851908163653064,47.6478157043457
2006-02-27,47.804783929183536,47.56929397583008
2006-02-28,47.62161977519051,47.804779052734375
2006-03-01,47.66820981154568,47.51591873168945
2006-03-02,47.29535950673736,47.18507766723633
2006-03-03,46.990768813830115,46.91199493408203
2006-03-06,46.72824271150029,46.50242614746094
2006-03-07,46.42364217759199,46.5339241027832
2006-03-08,46.51288240976502,46.51813507080078
2006-03-09,46.50766478442886,46.5339241027832
2006-03-10,46.38160997732406,46.36060333251953
2006-03-13,46.28711096285367,46.32387161254883
2006-03-14,46.449901721847446,46.63370895385742
2006-03-15,46.44459642706473,46.38157653808594
2006-03-16,46.48140575651926,46.80175018310547
2006-03-17,46.659942626953125,46.659942626953125
2006-03-20,46.85950698392902,46.73346710205078
2006-03-21,46.81749844907586,46.49190139770508
2006-03-22,46.60744405139419,46.59169006347656
2006-03-23,46.644182952790835,46.44462585449219
2006-03-24,46.49192172451889,46.786006927490234
2006-03-27,46.76496986879779,46.612674713134766
2006-03-28,46.42362284009394,46.17679977416992
2006-03-29,46.1242678065184,45.95621871948242
2006-03-30,45.76191534402288,45.63587951660156
2006-03-31,45.67792262781285,45.620155334472656
2006-04-03,45.42931690395133,45.63490295410156
2006-04-04,45.70345092596012,45.58748245239258
2006-04-05,45.703432341295816,45.650718688964844
2006-04-06,45.48728367296603,45.30278396606445
2006-04-07,45.0339363009556,44.85997772216797
2006-04-10,44.886376395970444,44.94436264038086
2006-04-11,45.11302698417727,45.102481842041016
2006-04-12,45.12358029559273,44.8283805847168
2006-04-13,44.543689441005014,44.512062072753906
2006-04-17,44.564791483116394,44.67549133300781
2006-04-18,44.78089810132166,44.75454330444336
2006-04-19,44.51733053985136,44.480430603027344
2006-04-20,44.501570701851804,44.44358444213867
2006-04-21,44.55953484786119,44.701866149902344
2006-04-24,44.77562289445072,44.88105010986328
2006-04-25,44.82833203019396,44.348628997802734
2006-04-26,44.201064290574585,44.274864196777344
2006-04-27,44.14833644496517,44.33283615112305
2006-04-28,44.264331750220606,44.3644905090332
2006-05-01,44.279808412557884,44.03107452392578
2006-05-02,44.062814623936006,44.14748764038086
2006-05-03,44.14749815405702,44.05223846435547
2006-05-04,44.12631495076486,43.97813415527344
2006-05-05,44.45442536375831,44.24273681640625
2006-05-08,44.31685390631986,44.26922607421875
2006-05-09,44.21627827150175,44.24273681640625
2006-05-10,44.3485947000398,44.3221321105957
2006-05-11,44.16867138559298,44.10516357421875
2006-05-12,43.8246556062946,43.73998260498047
2006-05-15,43.74000650336717,43.914649963378906
2006-05-16,43.967544531184814,44.24273681640625
2006-05-17,43.87758204210853,43.96754837036133
2006-05-18,44.216303221843646,44.56558609008789
2006-05-19,44.517938665154915,44.6819953918457
2006-05-22,44.89898186915687,44.77726364135742
2006-05-23,44.48089445633862,44.75079345703125
2006-05-24,44.88310445191141,44.771968841552734
2006-05-25,44.83544488240411,44.597293853759766
2006-05-26,44.5814620335137,44.56558609008789
2006-05-30,44.55502025177082,44.54443359375
2006-05-31,44.634388093337975,44.27981185913086
2006-06-01,44.312752399166406,44.47746276855469
2006-06-02,45.01406532523467,45.0512580871582
2006-06-05,45.06190332916519,44.99283218383789
2006-06-06,44.98220755365414,45.20536422729492
2006-06-07,45.01944127639264,45.21603012084961
2006-06-08,45.290419138410726,45.306358337402344
2006-06-09,45.34884024134532,45.545433044433594
2006-06-12,45.52417232304921,45.582618713378906
2006-06-13,45.61448287963868,45.61448287963867
2006-06-14,45.42852913815668,45.15755081176758
2006-06-15,44.998124536556695,44.89717102050781
2006-06-16,45.003466925248055,44.79624938964844
2006-06-19,44.74314965276668,44.73252487182617
2006-06-20,44.70062999671536,44.65812683105469
2006-06-21,44.76440909218372,44.66876983642578
2006-06-22,44.54650913076147,44.41367721557617
2006-06-23,44.42963607425229,44.323368072509766
2006-06-26,44.32336406925422,44.23835372924805
2006-06-27,44.30211408509799,44.456199645996094
2006-06-28,44.43495913969664,44.22243118286133
2006-06-29,44.408404811505804,44.371212005615234
2006-06-30,44.36585193111359,44.80154037475586
2006-07-03,44.751977668947994,44.7573127746582
2006-07-05,44.48522858625104,44.39988327026367
2006-07-06,44.447910586344214,44.67193603515625
2006-07-07,44.91193411584997,44.95994186401367
2006-07-10,44.901327443176925,45.0026741027832
2006-07-11,45.119992222290264,45.146663665771484
2006-07-12,44.98132681507341,45.1573486328125
2006-07-13,45.178665717397806,45.333351135253906
2006-07-14,45.24268326678386,45.36003112792969
2006-07-17,45.32269322682273,45.42937088012695
2006-07-18,45.178711684428905,45.04003143310547
2006-07-19,44.98133183884192,45.46672058105469
2006-07-20,45.3227254891317,45.60009002685547
2006-07-21,45.658724690095134,45.51470947265625
2006-07-24,45.55738505533812,45.488040924072266
2006-07-25,45.461391380773485,45.35470962524414
2006-07-26,45.290685896331446,45.520042419433594
2006-07-27,45.59474492190586,45.45072555541992
2006-07-28,45.685403086425296,45.71207046508789
2006-07-31,45.669401773784756,45.77074432373047
2006-08-01,45.6914902440738,45.76646423339844
2006-08-02,45.718270169300055,45.937835693359375
2006-08-03,45.857526858803624,45.948570251464844
2006-08-04,46.269871346365015,46.227027893066406
2006-08-07,46.23238534076094,46.253807067871094
2006-08-08,46.25915455678928,46.15205001831055
2006-08-09,45.921771451676584,46.00210189819336
2006-08-10,45.975323307592525,45.93247985839844
2006-08-11,45.77184675722575,45.73435974121094
2006-08-14,45.70757068570907,45.65401840209961
2006-08-15,45.9378139192448,46.03956604003906
2006-08-16,46.360894210933104,46.35018539428711
2006-08-17,46.467981445985174,46.33409881591797
2006-08-18,46.441182482768184,46.46795654296875
2006-08-21,46.53225818326836,46.634010314941406
2006-08-22,46.59116911821506,46.65007781982422
2006-08-23,46.62328983995984,46.67148971557617
2006-08-24,46.81076232678616,46.757205963134766
2006-08-25,46.719688912711554,46.82679748535156
2006-08-28,46.81075478769688,46.869659423828125
2006-08-29,46.725095498013,46.93395233154297
2006-08-30,47.035646160179446,47.05706787109375
2006-08-31,46.98751486012627,47.16959762573242
2006-09-01,47.11038825730829,47.18566131591797
2006-09-05,47.05126688929261,46.88996505737305
2006-09-06,46.717930478154564,46.825462341308594
2006-09-07,46.739393243402155,46.91682434082031
2006-09-08,47.04050383948602,46.9544792175293
2006-09-11,47.04048837392149,46.91144943237305
2006-09-12,46.8576999746651,47.148040771484375
2006-09-13,47.3308955035504,47.16959762573242
2006-09-14,47.12654472251288,47.0620231628418
2006-09-15,47.18566624362944,47.02436447143555
2006-09-18,46.76092918999699,46.94911193847656
2006-09-19,47.23939276571654,47.47596740722656
2006-09-20,47.5190935069261,47.54597854614258
2006-09-21,47.5028989181046,47.981422424316406
2006-09-22,48.02443796903954,48.21799850463867
2006-09-25,48.30402789234136,48.556732177734375
2006-09-26,48.39005353641057,48.3524169921875
2006-09-27,48.524467761021526,48.21261978149414
2006-09-28,48.083585180231154,48.13197326660156
2006-09-29,48.223391678585386,48.072845458984375
2006-10-02,48.096595919691275,48.204559326171875
2006-10-03,48.258520520954065,48.13976287841797
2006-10-04,48.22077062681989,48.49067306518555
2006-10-05,48.33410179683092,48.15056610107422
2006-10-06,48.09116461313539,47.64852523803711
2006-10-09,47.55679241887462,47.778114318847656
2006-10-10,47.47585619689021,47.40028381347656
2006-10-11,47.475779385198535,47.25986099243164
2006-10-12,47.30307778766382,47.28688430786133
2006-10-13,47.11953910536547,47.04936599731445
2006-10-16,47.178889535954376,47.25986099243164
2006-10-17,47.43801465195824,47.29766845703125
2006-10-18,47.33546903146763,47.39484786987305
2006-10-19,47.28147980412318,47.3084716796875
2006-10-20,47.2922479276708,47.25986099243164
2006-10-23,47.04396180115924,47.07094955444336
2006-10-24,47.05475607879661,47.07094955444336
2006-10-25,47.1087439025081,47.443424224853516
2006-10-26,47.58376818268366,47.75110626220703
2006-10-27,48.053394748409154,47.97242736816406
2006-10-30,47.983238282061784,48.10739517211914
2006-10-31,48.17758425040114,48.47987365722656
2006-11-01,48.55844846642032,48.74810791015625
2006-11-02,48.56924521303163,48.547569274902344
2006-11-03,48.04901584656579,47.97315216064453
2006-11-06,47.87562828026267,48.11405944824219
2006-11-07,48.379609832254125,48.33625793457031
2006-11-08,48.35793511667549,48.50966262817383
2006-11-09,48.48252868652344,48.48252868652344
2006-11-10,48.58010544023374,48.69390106201172
2006-11-13,48.683021545410156,48.683021545410156
2006-11-14,48.954002256511856,48.87272262573242
2006-11-15,48.796867757787155,48.6884880065918
2006-11-16,48.76973670741819,48.46628189086914
2006-11-17,48.531302452819126,48.742637634277344
2006-11-20,48.769748014019996,48.81851577758789
2006-11-21,48.845609243621396,48.93772888183594
2006-11-22,48.96482467206895,49.019012451171875
2006-11-24,49.17618714663431,49.105743408203125
2006-11-27,48.894406463721154,49.28456115722656
2006-11-28,49.44168091044961,49.38749313354492
2006-11-29,49.47421920027265,49.273719787597656
2006-11-30,49.45793964138714,49.59883117675781
2006-12-01,49.648857879448805,49.725006103515625
2006-12-04,49.659764781291344,49.81206130981445
2006-12-05,49.692427571707015,49.57820510864258
2006-12-06,49.51288890145435,49.480255126953125
2006-12-07,49.491135113401285,49.44218444824219
2006-12-08,49.414992966090324,49.08320236206055
2006-12-11,49.29530715942383,49.29530715942383
2006-12-12,49.349719531158904,49.3986701965332
2006-12-13,49.12126857802527,48.95809555053711
2006-12-14,48.85474702396667,48.77859878540039
2006-12-15,49.2681466195097,48.805816650390625
2006-12-18,48.800397747760016,48.8221549987793
2006-12-19,48.68615090761372,48.756858825683594
2006-12-20,48.762318840203264,48.75143814086914
2006-12-21,48.79494533696941,48.99619674682617
2006-12-22,48.86022479052373,48.62089920043945
2006-12-26,48.653500379675044,48.76772689819336
2006-12-27,48.725696370604474,48.40915298461914
2006-12-28,48.5183319746981,48.300025939941406
2006-12-29,48.21815970796541,48.26182174682617
2007-01-03,48.692937719338516,48.605613708496094
2007-01-04,48.69297548129332,48.90036392211914
2007-01-05,48.463750803584055,48.6875114440918
2007-01-08,48.638358712908094,48.77479934692383
2007-01-09,48.83483355899776,48.77479934692383
2007-01-10,48.611082546732476,48.5565071105957
2007-01-11,48.45829335119832,48.27273178100586
2007-01-12,48.10899206633029,48.04895782470703
2007-01-16,48.15265655517578,48.15265655517578
2007-01-17,48.14172784705315,48.005287170410156
2007-01-18,47.99438483405182,48.15265655517578
2007-01-19,48.108972418713186,48.02164840698242
2007-01-22,48.10899822908571,48.13628387451172
2007-01-23,48.0380842478865,47.81978225708008
2007-01-24,47.841559819803955,47.81427001953125
2007-01-25,47.726956379725195,47.47045135498047
2007-01-26,47.36132580461409,47.43227767944336
2007-01-29,47.514113435235316,47.328556060791016
2007-01-30,47.42132853395761,47.38312530517578
2007-01-31,47.31763060097206,47.781532287597656
2007-02-01,48.03090025981512,47.72402572631836
2007-02-02,47.718519551656335,47.78427505493164
2007-02-05,47.89387641219659,47.85003662109375
2007-02-06,47.78428476468778,48.11307907104492
2007-02-07,48.16786735640593,48.25554275512695
2007-02-08,48.21718961489052,48.293907165527344
2007-02-09,48.16238230471519,48.01990509033203
2007-02-12,47.94319803833985,47.91032028198242
2007-02-13,47.94318285852954,47.80618667602539
2007-02-14,47.95964630562941,48.26103973388672
2007-02-15,48.513098717042105,48.40350341796875
2007-02-16,48.54597478768952,48.5733757019043
2007-02-20,48.49664771226361,48.682960510253906
2007-02-21,48.51310470703905,48.60078430175781
2007-02-22,48.44733368072082,48.33773422241211
2007-02-23,48.51308658493432,48.682960510253906
2007-02-26,48.85286293615406,49.00629806518555
2007-02-27,49.17615237852953,49.6254997253418
2007-02-28,49.40634085463373,49.40085983276367
2007-03-01,49.66100916962988,49.369468688964844
2007-03-02,49.48500595092432,49.61702346801758
2007-03-05,49.77101379816603,49.699501037597656
2007-03-06,49.540021480850534,49.551025390625
2007-03-07,49.55102290315476,49.74354934692383
2007-03-08,49.66649773072502,49.699501037597656
2007-03-09,49.165978967473784,49.17698287963867
2007-03-12,49.358468982627784,49.369468688964844
2007-03-13,49.63352346824817,49.666526794433594
2007-03-14,49.58948319281106,49.44095993041992
2007-03-15,49.37496171524029,49.43547058105469
2007-03-16,49.32550054799317,49.42451477050781
2007-03-19,49.27595814221202,49.31996536254883
2007-03-20,49.457498856083284,49.34748077392578
2007-03-21,49.165938449274456,49.369468688964844
2007-03-22,49.22097468690763,48.978939056396484
2007-03-23,49.06143206880908,48.841400146484375
2007-03-26,48.74786116962457,48.90188217163086
2007-03-27,48.758903328431636,48.81941223144531
2007-03-28,48.907411294465746,48.72038269042969
2007-03-29,48.70386325368825,48.654354095458984
2007-03-30,48.764389944182355,48.56085968017578
2007-04-02,48.647001838529825,48.6414794921875
2007-04-03,48.597342867500664,48.580780029296875
2007-04-04,48.68010532762653,48.63041687011719
2007-04-05,48.64148219706666,48.4482421875
2007-04-09,48.18878498231172,48.1280517578125
2007-04-10,48.249513626167705,48.27159881591797
2007-04-11,48.29363320393672,48.23842239379883
2007-04-12,48.31024111558354,48.249507904052734
2007-04-13,48.26051716190678,48.10040283203125
2007-04-16,48.25500344786671,48.36542510986328
2007-04-17,48.52549610026342,48.63591766357422
2007-04-18,48.790539278015665,48.878875732421875
2007-04-19,48.950696920102615,48.79610061645508
2007-04-20,48.8347380722323,48.669105529785156
2007-04-23,48.663557040855636,48.84575653076172
2007-04-24,48.834732726235956,49.027976989746094
2007-04-25,48.90097423945331,48.85680389404297
2007-04-26,48.82366180549059,48.50343322753906
2007-04-27,48.59175934267385,48.49237823486328
2007-04-30,48.76845158838247,49.00033950805664
2007-05-01,49.08569477787778,49.03582000732422
2007-05-02,49.00812530517578,49.00812530517578
2007-05-03,48.969303405569725,48.89726257324219
2007-05-04,49.05243143188531,49.096763610839844
2007-05-07,49.152180011818196,49.229759216308594
2007-05-08,49.32396014754233,49.118927001953125
2007-05-09,49.124501376860046,48.925010681152344
2007-05-10,48.98595725955201,49.0413703918457
2007-05-11,49.118940477958205,48.86957931518555
2007-05-14,48.89171976334339,48.74209976196289
2007-05-15,48.86956421017943,48.725486755371094
2007-05-16,48.686695275408724,48.692237854003906
2007-05-17,48.542595873872095,48.49272537231445
2007-05-18,48.40410532081384,48.17136764526367
2007-05-21,48.171397857698544,48.31547546386719
2007-05-22,48.30992018624412,48.066097259521484
2007-05-23,48.12144573676154,47.92749786376953
2007-05-24,47.91089567200652,47.97185134887695
2007-05-25,47.87769224754905,47.86106872558594
2007-05-29,47.938613415819994,47.855491638183594
2007-05-30,48.093773233188074,47.955238342285156
2007-05-31,47.9663071550086,47.86656188964844
2007-06-01,47.78760770853495,47.61514663696289
2007-06-04,47.74864015717202,47.832088470458984
2007-06-05,47.78204478594331,47.53170394897461
2007-06-06,47.4872034526991,47.509456634521484
2007-06-07,47.0810462270185,46.65824890136719
2007-06-08,46.51359940249862,46.619300842285156
2007-06-11,46.44686352614031,46.48580551147461
2007-06-12,46.124184962474175,45.812644958496094
2007-06-13,46.00739355487384,46.35787582397461
2007-06-14,46.25216755669076,46.24104309082031
2007-06-15,46.407947144683256,46.55815505981445
2007-06-18,46.52475717917355,46.46356201171875
2007-06-19,46.63043865252961,46.8974723815918
2007-06-20,46.74173413262968,46.51921081542969
2007-06-21,46.474667175745004,46.29664611816406
2007-06-22,46.20206947219561,46.59705352783203
2007-06-25,46.814028143206684,46.852970123291016
2007-06-26,46.89189221430313,46.86407470703125
2007-06-27,47.06994743414913,46.90861511230469
2007-06-28,46.90859684163904,46.8974723815918
2007-06-29,47.203460038320195,47.3814811706543
2007-07-02,47.36247916391959,47.63053894042969
2007-07-03,47.60821258633245,47.340152740478516
2007-07-05,47.08323818246459,46.80959701538086
2007-07-06,46.653268312065215,46.6197624206543
2007-07-09,46.83755175552789,46.787288665771484
2007-07-10,47.17817429794015,47.580257415771484
2007-07-11,47.440676495706455,47.08885192871094
2007-07-12,47.217282131051036,46.926883697509766
2007-07-13,47.16146994939966,47.05536651611328
2007-07-16,47.20053517836236,47.507686614990234
2007-07-17,47.39039733360092,47.40715026855469
2007-07-18,47.4294871753408,47.585853576660156
2007-07-19,47.41272441425303,47.574676513671875
2007-07-20,47.68081813615202,48.004722595214844
2007-07-23,47.853946669846984,47.926544189453125
2007-07-24,48.032634745033945,48.10523223876953
2007-07-25,48.06611800351479,48.20014572143555
2007-07-26,48.44030078218776,48.60225296020508
2007-07-27,48.61342121983473,48.74186325073242
2007-07-30,48.69160764904196,48.60225296020508
2007-07-31,48.65809827310153,48.95408248901367
2007-08-01,48.92099928324773,48.848114013671875
2007-08-02,48.89295465566684,48.97144317626953
2007-08-03,48.93222864934704,49.2966423034668
2007-08-06,49.167682349639385,48.93782424926758
2007-08-07,49.016303816529145,48.8985710144043
2007-08-08,48.71355173232734,48.304290771484375
2007-08-09,48.63505428958027,48.37155532836914
2007-08-10,48.489287905527355,48.259429931640625
2007-08-13,48.169769045258,48.39963150024414
2007-08-14,48.22583241116255,48.5285758972168
2007-08-15,48.57902169233269,48.354766845703125
2007-08-16,48.70236729917026,48.853736877441406
2007-08-17,48.43888814005904,48.657535552978516
2007-08-20,48.75279788268809,48.68552017211914
2007-08-21,48.831290183900336,48.92099380493164
2007-08-22,48.80328120106652,48.842525482177734
2007-08-23,48.82567828782396,49.01068878173828
2007-08-24,49.20693726173017,49.25178909301758
2007-08-27,49.49284045350748,49.50965881347656
2007-08-28,49.5769697757256,49.593788146972656
2007-08-29,49.610605761240414,49.45923614501953
2007-08-30,49.6778718024752,49.78999710083008
2007-08-31,49.666639013999664,49.8292236328125
2007-09-04,50.004859984297376,49.852867126464844
2007-09-05,49.96541649348346,50.252506256103516
2007-09-06,50.27509274894834,50.123104095458984
2007-09-07,50.52279294212594,50.83240509033203
2007-09-10,50.94494232764611,51.22640609741211
2007-09-11,51.158844555150644,51.18699264526367
2007-09-12,51.170112104614795,50.995601654052734
2007-09-13,50.83234792502639,50.53962326049805
2007-09-14,50.9899954837211,50.61283493041992
2007-09-17,50.56217976521361,50.85490036010742
2007-09-18,50.55086299024103,50.47205352783203
2007-09-19,49.93731087548279,50.00486373901367
2007-09-20,49.63893467061762,49.059120178222656
2007-09-21,49.301224628003034,49.475730895996094
2007-09-24,49.55453267762728,49.616455078125
2007-09-25,49.81911620636943,49.44195556640625
2007-09-26,49.323723271545184,49.48697280883789
2007-09-27,49.67274133649545,49.830360412597656
2007-09-28,50.19059478598952,49.94290542602539
2007-10-01,50.12099971536371,50.228370666503906
2007-10-02,50.15487034907302,50.386573791503906
2007-10-03,50.48262416431818,50.239620208740234
2007-10-04,50.301809166037216,50.431785583496094
2007-10-05,49.90621622302755,49.88926315307617
2007-10-08,49.60106340070367,49.8497200012207
2007-10-09,49.82146997374471,49.787559509277344
2007-10-10,49.71971421049747,49.8157844543457
2007-10-11,49.45976255682889,49.764930725097656
2007-10-12,49.45975894406616,49.52192306518555
2007-10-15,49.43714053210545,49.53321075439453
2007-10-16,49.53322164800968,49.550174713134766
2007-10-17,49.60103666974286,50.09269714355469
2007-10-18,50.3583206668577,50.36962127685547
2007-10-19,50.65218741232144,51.12124252319336
2007-10-22,51.189018031112354,51.126853942871094
2007-10-23,51.00819613552672,51.05905532836914
2007-10-24,51.262533726667115,51.437721252441406
2007-10-25,51.46026306364641,51.26247024536133
2007-10-26,51.0703303407082,51.143795013427734
2007-10-29,51.14383604955739,51.34162902832031
2007-10-30,51.27378828900352,51.31334686279297
2007-10-31,51.1438465136814,50.84998321533203
2007-11-01,51.06227943598781,51.51069259643555
2007-11-02,51.340362411312526,51.675254821777344
2007-11-05,51.74340006341943,51.65258026123047
2007-11-06,51.42552171710553,51.40281677246094
2007-11-07,51.391501262419254,51.49367141723633
2007-11-08,51.45390398054263,51.40281677246094
2007-11-09,51.67525527527416,51.83986282348633
2007-11-12,52.214541487005626,52.0272331237793
2007-11-13,51.8909505521991,51.834190368652344
2007-11-14,51.62419060514675,51.890968322753906
2007-11-15,51.99880277083343,52.37910079956055
2007-11-16,52.37343427019881,52.452903747558594
2007-11-19,52.52668318254721,52.793460845947266
2007-11-20,52.83887153625677,52.7367057800293
2007-11-21,53.01487308333603,53.043251037597656
2007-11-23,53.037533222596146,53.20214080810547
2007-11-26,53.48029950364715,54.25225067138672
2007-11-27,53.900310132976934,53.73570251464844
2007-11-28,53.673296372391356,53.37246322631836
2007-11-29,53.820856415393656,53.83220672607422
2007-11-30,53.2872777889799,53.571083068847656
2007-12-03,54.001915846767005,53.9962158203125
2007-12-04,54.081711159371295,53.99052810668945
2007-12-05,53.694154638106575,53.346527099609375
2007-12-06,53.18128959252668,52.87925338745117
2007-12-07,52.53164345402637,52.28659439086914
2007-12-10,52.22388205877122,51.9731330871582
2007-12-11,52.2751970898546,52.99324417114258
2007-12-12,52.11562347536772,52.4461555480957
2007-12-13,52.20684840838787,51.87631607055664
2007-12-14,51.739492044617904,51.63691329956055
2007-12-17,51.89904569692458,52.09850311279297
2007-12-18,52.195392492689386,52.43474578857422
2007-12-19,52.6569988522766,53.130001068115234
2007-12-20,53.147096254247394,53.016021728515625
2007-12-21,52.94195681849167,52.24100112915039
2007-12-24,51.984537827452876,51.995933532714844
2007-12-26,51.870555220853234,51.5400276184082
2007-12-27,51.99891483659337,52.101905822753906
2007-12-28,52.43950635788755,52.91440963745117
2007-12-31,53.086028922525394,53.23479461669922
2008-01-02,53.35496257247541,54.00151443481445
2008-01-03,53.78407744956586,53.927120208740234
2008-01-04,54.07017703805479,53.938575744628906
2008-01-07,53.88710915061807,54.173194885253906
2008-01-08,54.03585642759556,54.11023712158203
2008-01-09,54.23610987605086,54.21322250366211
2008-01-10,54.28187926898386,53.480838775634766
2008-01-11,53.50949409374929,53.8985710144043
2008-01-14,53.898518199795994,54.09878158569336
2008-01-15,54.44779745649593,54.70527267456055
2008-01-16,54.74537944442552,54.31052780151367
2008-01-17,54.33337801084655,55.01426315307617
2008-01-18,54.67096425511152,54.63663101196289
2008-01-22,55.163055787919006,55.220272064208984
2008-01-23,56.06133875165247,55.09436798095703
2008-01-24,54.670924509503834,53.99003982543945
2008-01-25,53.89281534908173,54.89983367919922
2008-01-28,54.745322428948455,54.693824768066406
2008-01-29,54.5164698540475,54.32193374633789
2008-01-30,54.17891386197629,53.96720886230469
2008-01-31,54.52792385289164,54.350547790527344
2008-02-01,54.54516075845937,54.67721939086914
2008-02-04,54.194918270027074,54.11453628540039
2008-02-05,54.780574305209555,54.5279426574707
2008-02-06,54.332763329129136,54.361473083496094
2008-02-07,54.27530485003323,53.19014358520508
2008-02-08,53.5403817677495,53.79875183105469
2008-02-11,54.13182362210834,54.02273178100586
2008-02-12,53.580587409708656,53.7011604309082
2008-02-13,53.356673449246436,53.13275146484375
2008-02-14,52.707859693841186,52.35187911987305
2008-02-15,52.59878963449444,52.75381088256836
2008-02-19,52.32892514053046,52.21983337402344
2008-02-20,52.03035776755808,52.58155059814453
2008-02-21,52.86861779391004,53.13847351074219
2008-02-22,53.10405004801956,52.83419418334961
2008-02-25,52.79399177714208,52.29447555541992
2008-02-26,52.22560072773529,52.31172561645508
2008-02-27,52.49543645333692,52.35763931274414
2008-02-28,53.01795905691185,53.28781509399414
2008-02-29,53.7700859649362,54.10309982299805
2008-03-03,53.980918620067776,53.96363067626953
2008-03-04,54.13648629251648,53.439178466796875
2008-03-05,53.62936273024699,52.79951095581055
2008-03-06,52.914754644001476,53.081878662109375
2008-03-07,53.761937665386235,53.15107345581055
2008-03-10,53.427663488892705,53.93479537963867
2008-03-11,53.59478246112475,53.47376251220703
2008-03-12,53.669674949571125,54.50529479980469
2008-03-13,54.76468396161823,54.07889938354492
2008-03-14,54.528391368589425,54.747379302978516
2008-03-17,55.08738735321112,55.16807174682617
2008-03-18,54.9202466681747,54.9548225402832
2008-03-19,54.81652001645909,55.86536407470703
2008-03-20,55.899949142603816,56.00368118286133
2008-03-24,55.600304734253314,54.920284271240234
2008-03-25,54.96633345603067,55.1507453918457
2008-03-26,55.196900230959656,54.920284271240234
2008-03-27,54.53987513183108,54.53411102294922
2008-03-28,54.79923465310977,55.0643310546875
2008-03-31,55.38705708224246,55.26027297973633
2008-04-01,54.870227611853274,54.360939025878906
2008-04-02,54.39562720599681,54.47665023803711
2008-04-03,54.69078676981742,54.59818649291992
2008-04-04,55.07854766832888,55.095909118652344
2008-04-07,54.76022284361213,54.8065185546875
2008-04-08,55.08432004768446,54.615543365478516
2008-04-09,54.72555024510629,55.18275451660156
2008-04-10,55.15957800253487,54.99753189086914
2008-04-11,55.32737027807486,55.367881774902344
2008-04-14,55.17691916282901,55.0438117980957
2008-04-15,54.64451981911476,54.360939025878906
2008-04-16,54.285668413723805,53.82846450805664
2008-04-17,53.81110919432712,53.735870361328125
2008-04-18,53.243940873136005,53.68956756591797
2008-04-21,53.481247872410364,53.903724670410156
2008-04-22,53.770582814210314,54.08888626098633
2008-04-23,53.874749931012,53.90947723388672
2008-04-24,53.394393749500004,53.452266693115234
2008-04-25,53.32495900083838,53.13976287841797
2008-04-28,52.97191530872521,53.301795959472656
2008-04-29,53.46389443165704,53.5044059753418
2008-04-30,53.48702148367963,53.8863525390625
2008-05-01,54.27319601777751,53.88984298706055
2008-05-02,53.30898401602807,53.210243225097656
2008-05-05,53.35545183461241,53.210243225097656
2008-05-06,53.44258425859404,52.82689666748047
2008-05-07,52.699146366734055,53.05345153808594
2008-05-08,53.111518674093944,53.529720306396484
2008-05-09,53.86082405337617,53.727230072021484
2008-05-12,53.87819721281282,53.6458625793457
2008-05-13,53.33801030642354,53.059207916259766
2008-05-14,53.43677553518045,53.08246612548828
2008-05-15,52.954700776631405,53.564579010009766
2008-05-16,53.367105996767975,53.3438720703125
2008-05-19,53.587792008382635,53.41353988647461
2008-05-20,53.69234466552735,53.692344665527344
2008-05-21,53.465763597651616,53.70390319824219
2008-05-22,53.39611243932234,53.07084655761719
2008-05-23,53.33799560640589,53.30314254760742
2008-05-27,53.07664744827928,52.943058013916016
2008-05-28,52.58877626218708,52.47260665893555
2008-05-29,52.2809444836835,52.09507751464844
2008-05-30,52.35060664398041,52.4377326965332
2008-06-02,52.45346834389463,52.640010833740234
2008-06-03,52.50011835787065,53.01893997192383
2008-06-04,53.275462514590366,52.54677963256836
2008-06-05,52.3602167753462,52.23196792602539
2008-06-06,52.72164529710129,52.90818786621094
2008-06-09,52.7449636741807,52.90818786621094
2008-06-10,52.844051702525796,52.56423568725586
2008-06-11,52.494316234737674,52.44184875488281
2008-06-12,52.20864832640787,51.91717529296875
2008-06-13,51.86472836660906,51.806434631347656
2008-06-16,51.94630299274519,51.81805419921875
2008-06-17,51.96963326523948,51.922996520996094
2008-06-18,52.05123836856872,52.360198974609375
2008-06-19,52.18531407766012,52.051239013671875
2008-06-20,52.43014829054292,52.35436248779297
2008-06-23,52.511774226856915,52.46513748168945
2008-06-24,52.68666965779043,52.814918518066406
2008-06-25,52.84406846915722,52.83823776245117
2008-06-26,53.04809587034461,53.19383239746094
2008-06-27,53.47364891948761,53.81758499145508
2008-06-30,53.870053204414944,53.82924270629883
2008-07-01,54.228232230450416,53.70168685913086
2008-07-02,53.801160923350835,53.98252487182617
2008-07-03,53.65486805059827,53.86548614501953
2008-07-07,53.8655168100791,54.111236572265625
2008-07-08,54.11706894124096,54.46224594116211
2008-07-09,54.37448410643514,54.702110290527344
2008-07-10,54.6026796338991,54.696285247802734
2008-07-11,54.71383424379464,53.91817092895508
2008-07-14,54.04689292020206,54.39207458496094
2008-07-15,54.450566560515654,54.37451171875
2008-07-16,53.871326424797815,53.39158630371094
2008-07-17,53.39158528822256,53.11661148071289
2008-07-18,53.09908150327332,52.9177131652832
2008-07-21,52.917730458205575,53.122501373291016
2008-07-22,53.028864344234236,52.85919952392578
2008-07-23,52.78317195748817,52.7539176940918
2008-07-24,52.85922333824149,53.268760681152344
2008-07-25,52.976257891104154,52.736385345458984
2008-07-28,53.21025215818393,53.268760681152344
2008-07-29,53.04056996028467,53.052268981933594
2008-07-30,52.70710847446377,53.104942321777344
2008-07-31,53.660701077123015,53.631446838378906
2008-08-01,53.415390039249026,53.75008010864258
2008-08-04,53.48585220319723,53.62677764892578
2008-08-05,53.63854919886262,53.2275276184082
2008-08-06,53.08657438025235,53.01023864746094
2008-08-07,53.215744024008124,53.873382568359375
2008-08-08,53.95562433602564,54.02021408081055
2008-08-11,53.89102436335891,53.50349044799805
2008-08-12,53.908651271153786,54.002601623535156
2008-08-13,54.1963280990775,53.81466293334961
2008-08-14,54.17286358338814,54.16111755371094
2008-08-15,54.413591228590526,54.6308479309082
2008-08-18,54.65435625616454,54.84812545776367
2008-08-19,54.8657859427096,54.63678741455078
2008-08-20,54.830492704350974,54.789390563964844
2008-08-21,54.97731320489329,54.689598083496094
2008-08-22,54.67198774185089,54.65437316894531
2008-08-25,55.265033016925116,55.200443267822266
2008-08-26,55.171074713280326,55.247406005859375
2008-08-27,54.89507652014995,55.341331481933594
2008-08-28,55.14175243786397,55.34726333618164
2008-08-29,55.20627395980745,55.100582122802734
2008-09-02,54.79413179439848,55.61327362060547
2008-09-03,55.55433215274645,55.8489875793457
2008-09-04,55.98455229277963,56.2968864440918
2008-09-05,56.585668754388266,56.2674446105957
2008-09-08,55.925643638724225,56.50316619873047
2008-09-09,56.473688575426685,57.0629997253418
2008-09-10,56.56215232578959,56.70948028564453
2008-09-11,57.03945777371264,56.67997741699219
2008-09-12,56.69764988747108,55.94922637939453
2008-09-15,56.73887074976407,57.7642707824707
2008-09-16,59.34950010608781,57.75246810913086
2008-09-17,58.29461012662986,58.04120635986328
2008-09-18,57.72303013818586,57.19265365600586
2008-09-19,55.31271984624977,55.37754440307617
2008-09-22,54.7646951542762,55.37168502807617
2008-09-23,55.16547079215582,55.159576416015625
2008-09-24,55.37759582649868,55.40116882324219
2008-09-25,55.74290612935194,55.28913879394531
2008-09-26,55.436514476182985,55.689918518066406
2008-09-29,56.084740470001925,57.310508728027344
2008-09-30,57.18676721602616,55.91385269165039
2008-10-01,56.77102071503147,56.61732864379883
2008-10-02,57.08424621403481,57.072425842285156
2008-10-03,57.56304236852182,57.574867248535156
2008-10-06,58.367004320225945,58.621185302734375
2008-10-07,58.11869675887305,58.44381332397461
2008-10-08,58.922641515226594,57.60444641113281
2008-10-09,57.55715863536097,57.119728088378906
2008-10-10,57.107940390407464,56.71780014038086
2008-10-13,56.22123543586749,55.990699768066406
2008-10-14,55.71283728514511,55.63008117675781
2008-10-15,55.63601483820114,56.162109375
2008-10-16,56.150289367375315,55.87246322631836
2008-10-17,55.9729711814395,55.48825454711914
2008-10-20,55.234041423539146,55.93156051635742
2008-10-21,56.20942407424916,56.2271614074707
2008-10-22,56.81827147975063,57.368011474609375
2008-10-23,57.90000340482786,57.793601989746094
2008-10-24,58.414286665268975,57.17885208129883
2008-10-27,57.79359542166239,57.22021484375
2008-10-28,56.85368690316868,56.38670349121094
2008-10-29,56.61136557151055,56.10300827026367
2008-10-30,55.86064006845932,55.59463882446289
2008-10-31,55.943403823534034,54.87348175048828
2008-11-03,55.027805763850786,55.02186965942383
2008-11-04,55.17020039285618,56.05448913574219
2008-11-05,56.31562751211121,56.71919631958008
2008-11-06,56.143529197999214,56.3097038269043
2008-11-07,56.096117033711685,55.94181442260742
2008-11-10,55.66877118469143,56.21477508544922
2008-11-11,56.50558196011882,56.380950927734375
2008-11-12,56.72517335573139,56.742977142333984
2008-11-13,56.327506225801415,55.38386535644531
2008-11-14,56.44620778228281,56.481815338134766
2008-11-17,56.784479691813836,56.73106384277344
2008-11-18,57.19990645237215,57.46104049682617
2008-11-19,57.84683132809585,58.93290710449219
2008-11-20,60.428496989622,61.97748947143555
2008-11-21,61.27716853423257,61.08131790161133
2008-11-24,60.624337183638175,60.12580871582031
2008-11-25,61.692603376849725,61.89439010620117
2008-11-26,62.14960025029487,61.97748947143555
2008-11-28,62.464123164131856,62.74306106567383
2008-12-01,64.16328809674296,65.14583587646484
2008-12-02,64.64569317296174,65.39600372314453
2008-12-03,65.66392605580342,65.58055877685547
2008-12-04,66.17602314701259,66.87274169921875
2008-12-05,66.66432723557804,65.78897094726562
2008-12-08,65.78899928517853,65.64608001708984
2008-12-09,65.84846702825622,66.94415283203125
2008-12-10,66.31894832944376,66.7834243774414
2008-12-11,66.8012702501335,66.91441345214844
2008-12-12,67.01564445228082,66.91441345214844
2008-12-15,66.90256645475505,67.67669677734375
2008-12-16,69.3499755859375,69.3499755859375
2008-12-17,71.916475972291,71.23167419433594
2008-12-18,71.89859756674164,72.726318359375
2008-12-19,72.31548354436536,72.80377960205078
2008-12-22,72.88115458299661,72.24398803710938
2008-12-23,71.54135486658508,72.14875030517578
2008-12-24,71.89265784483875,71.99388885498047
2008-12-26,72.40482577863366,72.23213958740234
2008-12-29,72.55173187734903,72.14544677734375
2008-12-30,71.99013426588091,72.83258056640625
2008-12-31,72.53979036062022,71.3089828491211
2009-01-02,71.72719535955827,69.51652526855469
2009-01-05,69.06845419009075,67.72412872314453
2009-01-06,66.69051223796694,67.04302215576172
2009-01-07,66.8936089462486,67.30587005615234
2009-01-08,67.29990503517219,67.25210571289062
2009-01-09,66.59486138044734,67.3536605834961
2009-01-12,66.66061723394398,68.05274200439453
2009-01-13,67.81375648393166,68.12444305419922
2009-01-14,68.50081074326242,69.2476577758789
2009-01-15,69.42692135062833,69.36119842529297
2009-01-16,67.76596440617082,68.291748046875
2009-01-20,67.09078272218318,68.2797622680664
2009-01-21,66.87572561802206,66.1229019165039
2009-01-22,66.08109210064856,64.85028839111328
2009-01-23,64.47977873961706,64.34236145019531
2009-01-26,64.18704684692887,63.78076171875
2009-01-27,64.4081390898915,65.28045654296875
2009-01-28,65.31036129421123,63.64937210083008
2009-01-29,63.06977744721079,62.18551254272461
2009-01-30,62.46632266274586,61.988338470458984
2009-02-02,62.32088009780307,63.14168167114258
2009-02-03,62.48860320637309,61.63784408569336
2009-02-04,61.559930981586525,61.4221305847168
2009-02-05,61.85350125833367,61.47605514526367
2009-02-06,61.26038967044581,61.28435516357422
2009-02-09,60.92485928178079,61.4820442199707
2009-02-10,62.37481045632751,62.81816101074219
2009-02-11,63.333384077849736,63.6329460144043
2009-02-12,63.49508371593451,63.033756256103516
2009-02-13,62.27892807140948,61.35628128051758
2009-02-17,62.638416737114376,63.267494201660156
2009-02-18,63.543049452830516,62.728240966796875
2009-02-19,61.52402735201616,61.66182327270508
2009-02-20,62.47060999001367,62.26091766357422
2009-02-23,62.06919743414209,62.83607482910156
2009-02-24,63.32735335311665,62.77016830444336
2009-02-25,63.0518089671557,62.04528045654297
2009-02-26,61.6318776486367,61.39222717285156
2009-02-27,61.452131343344156,61.038734436035156
2009-03-02,61.41244175479356,62.04927444458008
2009-03-03,61.418433200091485,61.63471221923828
2009-03-04,60.97382697138438,61.352325439453125
2009-03-05,62.493867707941305,63.05860900878906
2009-03-06,62.637977600097656,62.637977600097656
2009-03-09,62.78818005422508,62.27150344848633
2009-03-10,61.53862334110137,61.076019287109375
2009-03-11,60.85365207796809,61.73680877685547
2009-03-12,61.67674998544184,62.031211853027344
2009-03-13,61.73080185802821,61.718788146972656
2009-03-16,60.57128530812834,60.745513916015625
2009-03-17,61.111987755216894,60.41507339477539
2009-03-18,60.7515413396634,62.704097747802734
2009-03-19,63.45504780320014,62.78216552734375
2009-03-20,62.85431125596728,62.43375778198242
2009-03-23,62.6560413284926,61.89303970336914
2009-03-24,61.3943629168856,62.48178482055664
2009-03-25,62.055214772060715,61.64067077636719
2009-03-26,61.5445907309369,62.35565185546875
2009-03-27,62.57195521142931,62.818275451660156
2009-03-30,63.3469888132079,63.05860900878906
2009-03-31,63.10665964817473,63.509185791015625
2009-04-01,63.93814863941936,64.08877563476562
2009-04-02,63.79953322007444,63.305477142333984
2009-04-03,63.20913791619888,62.0101432800293
2009-04-06,62.38370966189725,61.745052337646484
2009-04-07,61.78117640589279,61.901676177978516
2009-04-08,62.10046131057931,62.44991683959961
2009-04-09,61.73901635386453,61.66671371459961
2009-04-13,62.034207348611154,62.233036041259766
2009-04-14,62.20892832579653,62.55838394165039
2009-04-15,62.73911792813691,62.44991683959961
2009-04-16,61.96794260680455,61.955894470214844
2009-04-17,61.73897323980458,61.27503967285156
2009-04-20,61.83536603890366,62.20289611816406
2009-04-21,62.684896876336936,61.58833312988281
2009-04-22,61.72689796503867,61.21476745605469
2009-04-23,61.06420059940501,61.20880126953125
2009-04-24,60.72677550404541,60.59422302246094
2009-04-27,60.895435383173094,60.8532600402832
2009-04-28,61.15455433392236,59.859161376953125
2009-04-29,60.05194497538906,59.32893753051758
2009-04-30,59.033698521722165,59.09394836425781
2009-05-01,58.69328908431773,58.6872444152832
2009-05-04,58.83834228052975,58.880645751953125
2009-05-05,58.89877233646434,58.80812072753906
2009-05-06,58.69330248889629,58.66912841796875
2009-05-07,57.98017304135471,57.23683547973633
2009-05-08,57.42414458004801,57.37580108642578
2009-05-11,58.046675389881244,58.191715240478516
2009-05-12,58.12524899632328,58.40324401855469
2009-05-13,58.83833290767482,59.03776550292969
2009-05-14,58.98337835585158,59.267417907714844
2009-05-15,59.22512783554686,59.24930191040039
2009-05-18,59.23116295884521,58.33069610595703
2009-05-19,58.13123425873692,58.02245330810547
2009-05-20,57.97417369968761,58.63290023803711
2009-05-21,58.95315584222276,57.15827178955078
2009-05-22,56.69897832177228,56.523719787597656
2009-05-26,56.83799975399517,55.671627044677734
2009-05-27,55.744114533476164,54.6865234375
2009-05-28,55.460072629223,55.478206634521484
2009-05-29,55.41777306142362,56.91048812866211
2009-06-01,55.98588910638623,55.22801208496094
2009-06-02,55.54330427937623,55.525115966796875
2009-06-03,55.755504820484425,56.046531677246094
2009-06-04,55.434165043580144,54.888492584228516
2009-06-05,54.51258028873699,54.47013473510742
2009-06-08,54.815720076037245,54.3306770324707
2009-06-09,54.68239337932842,54.32467269897461
2009-06-10,53.88201557923384,53.469730377197266
2009-06-11,53.209069903283456,54.0639533996582
2009-06-12,54.21545216761121,54.548919677734375
2009-06-15,54.89454324355725,55.04005432128906
2009-06-16,55.14918191845398,55.99800491333008
2009-06-17,56.05258746073593,55.682743072509766
2009-06-18,55.32507811589291,54.84003448486328
2009-06-19,54.76726388501842,55.591835021972656
2009-06-22,56.04649254885884,56.13137435913086
2009-06-23,56.246617176848055,56.79228973388672
2009-06-24,56.78010892718627,56.222312927246094
2009-06-25,56.51945008091068,57.253074645996094
2009-06-26,57.36826770440849,57.350074768066406
2009-06-29,57.64114570037765,57.43500518798828
2009-06-30,57.10754728099987,57.33794021606445
2009-07-01,56.82273096606373,57.224178314208984
2009-07-02,57.37628663350586,57.35803985595703
2009-07-06,57.20602261115453,57.248600006103516
2009-07-07,56.944449261381,57.631771087646484
2009-07-08,57.856790582577624,58.69617462158203
2009-07-09,57.996658325195305,57.99665832519531
2009-07-10,58.160926282157675,58.531959533691406
2009-07-13,58.58668351143975,58.203487396240234
2009-07-14,57.637829161247936,57.23638153076172
2009-07-15,56.36047638835604,55.76438903808594
2009-07-16,56.451705110657414,56.36655044555664
2009-07-17,55.89824720838992,55.49679946899414
2009-07-20,55.259573743541324,55.788753509521484
2009-07-21,55.62446560715399,56.90179443359375
2009-07-22,56.81061701963016,56.39092254638672
2009-07-23,56.42128358754031,55.35684585571289
2009-07-24,55.35080461958394,55.624515533447266
2009-07-27,54.8824802670683,54.98588180541992
2009-07-28,55.180519143138355,55.472476959228516
2009-07-29,56.062428674612555,55.77655029296875
2009-07-30,55.6792273948483,56.5672721862793
2009-07-31,57.08431578116704,57.668235778808594
2009-08-03,57.252038716826895,56.794315338134766
2009-08-04,57.14214327738892,56.342655181884766
2009-08-05,55.726245714221676,55.50043869018555
2009-08-06,55.476044477733836,55.68964767456055
2009-08-07,55.18305987846529,55.22578048706055
2009-08-10,55.23804315498627,55.91547393798828
2009-08-11,56.38541769823667,56.56240463256836
2009-08-12,56.72715484140168,55.95818328857422
2009-08-13,56.02532068855953,56.75157165527344
2009-08-14,56.9407403699019,56.97125244140625
2009-08-17,57.33741796465178,57.813453674316406
2009-08-18,57.770739373171395,57.4777946472168
2009-08-19,58.08201170818627,57.95384979248047
2009-08-20,58.2101897758331,58.42989730834961
2009-08-21,58.36879206687743,57.227535247802734
2009-08-24,57.05668888842894,58.265079498291016
2009-08-25,58.20406791297936,58.59465789794922
2009-08-26,58.69841903551223,58.863197326660156
2009-08-27,58.698373896658254,58.63124084472656
2009-08-28,58.24678513226513,58.899803161621094
2009-08-31,58.808264712855475,58.954734802246094
2009-09-01,58.665128102312146,58.81206512451172
2009-09-02,59.069228044331474,59.66922378540039
2009-09-03,59.28962858846588,59.301876068115234
2009-09-04,59.044740636509744,58.29167938232422
2009-09-08,57.844786190769284,57.88151931762695
2009-09-09,57.48350179673097,57.81411361694336
2009-09-10,58.12025988137728,58.87944030761719
2009-09-11,59.27742370106925,59.20395278930664
2009-09-14,58.78760782049459,58.616180419921875
2009-09-15,58.27947094904264,58.31620407104492
2009-09-16,58.37126554629343,58.42024612426758
2009-09-17,58.58554762181379,59.15493392944336
2009-09-18,58.89775584971233,58.62837219238281
2009-09-21,58.83660405370372,58.76313781738281
2009-09-22,58.56107088975983,58.88555908203125
2009-09-23,58.738595602250555,59.06308364868164
2009-09-24,59.081451573729204,59.23451232910156
2009-09-25,59.60800211478645,59.98759460449219
2009-09-28,60.19571962077776,60.51408386230469
2009-09-29,60.19573874029926,60.45900344848633
2009-09-30,60.34266067358562,60.40388870239258
2009-10-01,60.776720585565364,61.23119354248047
2009-10-02,61.587381135123415,60.80740737915039
2009-10-05,61.0899097571088,60.81353759765625
2009-10-06,60.6538539483996,60.21166229248047
2009-10-07,60.598621057134835,60.91798400878906
2009-10-08,61.23731101986092,60.279232025146484
2009-10-09,59.953738310424164,58.89739227294922
2009-10-12,58.97726582816711,58.98955154418945
2009-10-13,59.33956805117596,59.29657745361328
2009-10-14,58.657862326419526,58.41834259033203
2009-10-15,58.08060545499077,58.148162841796875
2009-10-16,58.46132932222375,58.62100601196289
2009-10-19,58.70698869817154,59.08162307739258
2009-10-20,59.5852176581018,59.40097427368164
2009-10-21,59.05710840878595,59.044822692871094
2009-10-22,58.57804015370975,58.75614547729492
2009-10-23,58.27094372334904,58.313934326171875
2009-10-26,58.000743711182366,57.55855178833008
2009-10-27,57.71206840516289,58.34464645385742
2009-10-28,58.43061974347645,58.62100601196289
2009-10-29,58.23411974445426,57.98231887817383
2009-10-30,58.40608618947804,58.82371139526367
2009-11-02,58.84707366357354,58.56365203857422
2009-11-03,58.70543032124597,57.978389739990234
2009-11-04,57.67645437962184,57.448482513427734
2009-11-05,57.22051534797524,57.448482513427734
2009-11-06,57.53474836066362,57.503944396972656
2009-11-09,57.47314758146591,57.57173156738281
2009-11-10,57.947585205894114,57.46699523925781
2009-11-11,57.68876830251336,57.70725631713867
2009-11-12,57.44847466466428,57.602508544921875
2009-11-13,57.81197028168655,57.8674201965332
2009-11-16,58.31722179378439,58.545188903808594
2009-11-17,58.5267260236995,58.859439849853516
2009-11-18,58.80398114161889,58.51439666748047
2009-11-19,58.68074560745609,58.61913299560547
2009-11-20,58.53289642912744,58.606834411621094
2009-11-23,58.24948365253237,58.53290557861328
2009-11-24,58.60064088568682,58.90254592895508
2009-11-25,58.83473832276358,59.173614501953125
2009-11-27,59.395503997802734,59.395503997802734
2009-11-30,59.272243355911016,59.53718185424805
2009-12-01,59.18922890368036,58.87399673461914
2009-12-02,58.89869922233566,58.923423767089844
2009-12-03,58.367070859274754,58.311439514160156
2009-12-04,57.662537319642766,57.69343948364258
2009-12-07,57.65014532602945,57.76758575439453
2009-12-08,58.132219984435466,57.85407257080078
2009-12-09,57.90974369616989,57.58832931518555
2009-12-10,57.29165648585378,56.92697525024414
2009-12-11,56.766217264854404,56.92074203491211
2009-12-14,57.08143572361136,56.98871994018555
2009-12-15,56.59935750637464,56.7353401184082
2009-12-16,56.821841186571625,56.66731643676758
2009-12-17,57.17417987490381,57.600669860839844
2009-12-18,57.60686144427856,57.35344314575195
2009-12-21,56.902211078180656,56.333560943603516
2009-12-22,56.123444466529165,56.01836395263672
2009-12-23,56.22235205655825,56.03074264526367
2009-12-24,55.83292274682426,55.44969940185547
2009-12-28,55.29513549804688,55.295135498046875
2009-12-29,55.36836830399284,55.659912109375
2009-12-30,55.777748667520235,56.02587127685547
2009-12-31,55.67846027737314,55.759098052978516
2010-01-04,55.72811916938181,55.709510803222656
2010-01-05,55.85837002595028,56.069271087646484
2010-01-06,55.93281381261826,55.3187141418457
2010-01-07,55.3435893730549,55.41182327270508
2010-01-08,55.5234267484868,55.386959075927734
2010-01-11,55.20088531446004,55.083030700683594
2010-01-12,55.92662507264846,56.02587127685547
2010-01-13,55.78398362307996,55.37458038330078
2010-01-14,55.63505374567875,56.14990234375
2010-01-15,56.466297346383854,56.497314453125
2010-01-19,56.27401481925191,56.33604431152344
2010-01-20,56.6461621411648,56.90668869018555
2010-01-21,56.78887692037923,57.16726303100586
2010-01-22,57.12379918491301,57.06797409057617
2010-01-25,56.78263279643991,56.80744552612305
2010-01-26,57.080398806090656,56.82607650756836
2010-01-27,56.912918533463014,56.79505920410156
2010-01-28,56.52834605551613,56.76406478881836
2010-01-29,56.701999268792164,57.26026916503906
2010-02-01,57.0891090973383,56.74051284790039
2010-02-02,56.7591790406322,56.9023551940918
2010-02-03,56.528882339483054,56.24253463745117
2010-02-04,56.64091416638828,57.132686614990234
2010-02-05,56.87747151046579,57.25719451904297
2010-02-08,57.18874910354542,57.3319206237793
2010-02-09,57.107751328214704,56.7591552734375
2010-02-10,56.84635480776854,56.21763229370117
2010-02-11,56.14912530248261,55.91257858276367
2010-02-12,56.21762557533557,56.14292907714844
2010-02-16,55.85656657612976,56.24873733520508
2010-02-17,55.97484870040498,55.60757827758789
2010-02-18,55.688494166946214,55.38347244262695
2010-02-19,55.55151600287716,55.6822395324707
2010-02-22,55.47685048551332,55.45195007324219
2010-02-23,55.61376506337362,56.31718826293945
2010-02-24,56.367009730583156,56.454158782958984
2010-02-25,56.75919294562614,56.77164077758789
2010-02-26,56.933473972278534,57.0641975402832
2010-03-01,57.03301194704602,57.03925323486328
2010-03-02,56.751933628522906,56.964256286621094
2010-03-03,56.83320515280545,56.82071304321289
2010-03-04,56.8019480758736,57.12042999267578
2010-03-05,56.72075913991715,56.37105178833008
2010-03-08,56.13998754705359,56.07754135131836
2010-03-09,56.189940755365285,56.090023040771484
2010-03-10,55.88397254346113,55.94641876220703
2010-03-11,55.82146641070793,56.152435302734375
2010-03-12,56.05883333838079,56.50221252441406
2010-03-15,56.42100004462729,56.42724609375
2010-03-16,56.55213374588054,56.876861572265625
2010-03-17,57.02051222883933,57.12042999267578
2010-03-18,57.08917755142588,56.93305969238281
2010-03-19,56.989227294921875,56.989227294921875
2010-03-22,57.045469801899365,57.05171585083008
2010-03-23,56.87062494781563,56.783199310302734
2010-03-24,56.102542197906274,55.7465934753418
2010-03-25,55.65914412592306,55.390621185302734
2010-03-26,55.29070303784644,55.54673385620117
2010-03-29,55.44059737069506,55.33443832397461
2010-03-30,55.2781755624147,55.50923156738281
2010-03-31,55.71529326219808,55.89014434814453
2010-04-01,55.64073171929554,55.75355529785156
2010-04-05,55.14549574433518,54.825828552246094
2010-04-06,55.03272045914752,54.91362762451172
2010-04-07,54.81332415955203,55.61562728881836
2010-04-08,55.71596822398225,55.640750885009766
2010-04-09,55.540437701707866,55.77235412597656
2010-04-12,55.89145327850154,56.06695556640625
2010-04-13,56.34275015918107,56.24872970581055
2010-04-14,56.26123552517553,55.853816986083984
2010-04-15,55.690853029919865,55.916500091552734
2010-04-16,56.03562581367248,56.323951721191406
2010-04-19,56.3302425177196,56.18607711791992
2010-04-20,56.31771347210371,56.386661529541016
2010-04-21,56.580887918203075,56.85041046142578
2010-04-22,56.975831535768286,56.681236267089844
2010-04-23,56.54333820784168,56.48065948486328
2010-04-26,56.73132231778647,56.54328155517578
2010-04-27,56.944451605357216,57.33933639526367
2010-04-28,57.11993300464848,56.85041046142578
2010-04-29,56.95072705976391,57.088623046875
2010-04-30,57.213996578118845,57.74677276611328
2010-05-03,57.50146753291974,57.671295166015625
2010-05-04,58.37576612219127,58.70912551879883
2010-05-05,59.16196027192375,59.05503463745117
2010-05-06,59.22489654693841,60.87911605834961
2010-05-07,60.30670674194164,60.11801528930664
2010-05-10,58.59592061475325,58.8726692199707
2010-05-11,59.11164972233442,58.7216796875
2010-05-12,58.58331544725426,58.275115966796875
2010-05-13,58.6588134765625,58.6588134765625
2010-05-14,59.199700766902154,59.6777229309082
2010-05-17,59.5770999739807,59.45759201049805
2010-05-18,59.69030907344846,60.36960983276367
2010-05-19,60.344473916637135,60.57090759277344
2010-05-20,61.583553952140186,61.84772491455078
2010-05-21,62.65283511592959,61.91063690185547
2010-05-24,62.10559697466438,61.69675827026367
2010-05-25,62.677992569427786,61.99869155883789
2010-05-26,61.77855755090102,61.82258605957031
2010-05-27,60.9042438461126,60.419925689697266
2010-05-28,60.69037937816025,60.69667053222656
2010-06-01,61.363155325751904,61.123329162597656
2010-06-02,61.21167259407809,60.542694091796875
2010-06-03,60.088281412878516,60.10090637207031
2010-06-04,61.18013779637487,61.716583251953125
2010-06-07,61.54613859006827,62.189876556396484
2010-06-08,61.80496378159842,61.880699157714844
2010-06-09,61.596648709293596,61.81122970581055
2010-06-10,61.344227320360446,60.70680618286133
2010-06-11,61.27481135292001,61.47677230834961
2010-06-14,60.788861027214466,61.16122055053711
2010-06-15,61.28740030681206,60.90873336791992
2010-06-16,61.33784607408102,61.25579833984375
2010-06-17,61.31267425103791,61.754451751708984
2010-06-18,61.779697483676095,61.65347671508789
2010-06-21,60.87721155569993,61.47677230834961
2010-06-22,61.647156510512445,62.20884704589844
2010-06-23,62.23408748937908,62.63168716430664
2010-06-24,62.70107741883627,62.259300231933594
2010-06-25,62.05106870364141,62.511783599853516
2010-06-28,62.85891717545839,63.0987434387207
2010-06-29,63.31326339999972,63.786598205566406
2010-06-30,64.0011831300301,64.21575927734375
2010-07-01,64.29809477325016,64.31708526611328
2010-07-02,64.00685249663341,63.80427932739258
2010-07-06,63.8295855831269,64.3296890258789
2010-07-07,64.2284100442756,63.576377868652344
2010-07-08,63.19021697810924,63.171226501464844
2010-07-09,62.9243534439681,62.81040573120117
2010-07-12,62.88004100345078,62.78508377075195
2010-07-13,62.576181260429,62.24700164794922
2010-07-14,62.49390168941283,62.87372589111328
2010-07-15,63.1396087522168,63.50044250488281
2010-07-16,63.500432967793465,63.81062698364258
2010-07-19,63.658717579828405,63.41816329956055
2010-07-20,63.7283354416399,63.51310348510742
2010-07-21,63.58908660557684,64.58929443359375
2010-07-22,64.26009519728206,63.84228515625
2010-07-23,63.81059157444727,63.164886474609375
2010-07-26,63.06997454170143,63.057315826416016
2010-07-27,62.531924506663486,62.44963073730469
2010-07-28,62.34828320797799,62.65214538574219
2010-07-29,62.10142090517005,62.6331787109375
2010-07-30,63.43077268928849,63.608028411865234
2010-08-02,63.02629955589352,62.71510696411133
2010-08-03,63.00091302076551,63.077125549316406
2010-08-04,63.191383978085305,62.594398498535156
2010-08-05,63.08982524389936,62.8865966796875
2010-08-06,63.37557636751139,63.572452545166016
2010-08-09,63.3438909004642,63.33754348754883
2010-08-10,63.54709391753264,63.47088623046875
2010-08-11,63.70585392624516,64.32189178466797
2010-08-12,64.51244843827774,64.16314697265625
2010-08-13,64.53783930587393,64.96334838867188
2010-08-16,66.1826924828089,66.58914947509766
2010-08-17,66.58922126520217,66.20816802978516
2010-08-18,66.68444121709463,66.38594818115234
2010-08-19,66.55102253075485,67.42109680175781
2010-08-20,67.57991755991529,67.34493255615234
2010-08-23,67.09722075030781,67.35760498046875
2010-08-24,67.98001331267535,68.4372787475586
2010-08-25,69.097778482196,68.21500396728516
2010-08-26,68.31025247694556,68.85643005371094
2010-08-27,68.44365509639833,66.90673828125
2010-08-30,67.45293682277705,68.18964385986328
2010-08-31,68.72941482424949,68.94534301757812
2010-09-01,68.1695149541379,67.5197982788086
2010-09-02,67.0101914308437,66.80635833740234
2010-09-03,65.43052980439592,65.97833251953125
2010-09-07,66.94015468776273,67.3287124633789
2010-09-08,66.94013498695497,66.79363250732422
2010-09-09,66.05472315555511,65.4750747680664
2010-09-10,65.13113185930628,65.17572021484375
2010-09-13,64.84448500938839,65.49420166015625
2010-09-14,65.62799655446405,66.12483978271484
2010-09-15,65.44961967910886,65.14386749267578
2010-09-16,64.67244750609184,64.5004653930664
2010-09-17,64.86358433515005,64.76166534423828
2010-09-20,65.06745170823184,65.13751983642578
2010-09-21,65.3986495015043,66.04199981689453
2010-09-22,66.59618221436955,66.6343994140625
2010-09-23,67.14395947426817,66.82546997070312
2010-09-24,66.22037810606405,65.9273681640625
2010-09-27,66.58339898704973,67.0738754272461
2010-09-28,67.12488061121823,67.53254699707031
2010-09-29,67.62804296997086,67.25222778320312
2010-09-30,67.13760402319018,67.20767211914062
2010-10-01,66.63995099191447,66.88290405273438
2010-10-04,66.88929800475394,67.05552673339844
2010-10-05,66.95964060518254,66.65274810791016
2010-10-06,67.06831617018678,67.49028778076172
2010-10-07,67.24093289007075,66.92765045166016
2010-10-08,67.04914946659277,66.6335678100586
2010-10-11,66.56317933371638,66.64629364013672
2010-10-12,66.75504463126735,65.9878158569336
2010-10-13,65.4379620242658,65.88551330566406
2010-10-14,66.03894470151731,64.90089416503906
2010-10-15,64.31910444573568,64.10811614990234
2010-10-18,64.7027189227549,64.6259994506836
2010-10-19,64.30627680782888,65.01596069335938
2010-10-20,64.81134144577834,65.1565933227539
2010-10-21,65.0159061359079,64.38294219970703
2010-10-22,64.21676674722374,64.81775665283203
2010-10-25,65.29090161939084,65.00318908691406
2010-10-26,64.4853004735294,63.9993896484375
2010-10-27,63.73080880635027,63.43670654296875
2010-10-28,63.66692325708138,63.609378814697266
2010-10-29,63.82038292479175,64.20399475097656
2010-11-01,64.65228505774623,63.92750930786133
2010-11-02,64.43419672578804,64.7677230834961
2010-11-03,65.24881381511688,63.44649887084961
2010-11-04,63.60684587408956,63.940372467041016
2010-11-05,63.08093615083707,62.843624114990234
2010-11-08,63.23484419737418,63.12580871582031
2010-11-09,63.17068323066924,61.73396682739258
2010-11-10,61.798115133529755,61.81735610961914
2010-11-11,61.862249849707794,61.78528594970703
2010-11-12,61.70834390380908,61.451786041259766
2010-11-15,61.14391757021383,60.16899871826172
2010-11-16,60.87452733690083,61.66343688964844
2010-11-17,61.44537912364385,61.32351303100586
2010-11-18,61.36839745068119,61.57364273071289
2010-11-19,61.63136464889705,61.95206069946289
2010-11-22,62.452389618975936,62.21507263183594
2010-11-23,62.64479518970103,62.52293395996094
2010-11-24,62.093172646396475,61.406883239746094
2010-11-26,62.03541679873564,62.25990295410156
2010-11-29,62.57423667647526,62.79231262207031
2010-11-30,63.632480011752705,63.11936950683594
2010-12-01,62.205484811328,61.71633529663086
2010-12-02,61.76138445378821,61.55542755126953
2010-12-03,61.96732603495868,61.07270050048828
2010-12-06,61.47822783580986,61.93519973754883
2010-12-07,60.963281686251506,60.609291076660156
2010-12-08,60.31966033109867,60.023597717285156
2010-12-09,60.24240549108584,60.31964111328125
2010-12-10,60.04288744971039,59.952781677246094
2010-12-13,59.88840319760664,60.17802810668945
2010-12-14,59.47005665993344,59.30271530151367
2010-12-15,59.264155414747776,58.530433654785156
2010-12-16,58.588340918313236,58.93589401245117
2010-12-17,59.13539038224504,60.01070785522461
2010-12-20,60.33899052108749,59.94638442993164
2010-12-21,59.939919292143266,60.364707946777344
2010-12-22,60.15875141827163,59.93348693847656
2010-12-23,59.97214516624121,59.811241149902344
2010-12-27,59.70180878950161,60.34542465209961
2010-12-28,60.016037125573135,59.16355514526367
2010-12-29,59.2604475272022,60.16459655761719
2010-12-30,59.98376314937727,60.119384765625
2010-12-31,60.39062584619292,60.784576416015625
2011-01-03,60.19041184758793,60.3260383605957
2011-01-04,60.32606666767901,60.39710235595703
2011-01-05,59.7319015466351,59.066707611083984
2011-01-06,59.11838426343168,59.32504653930664
2011-01-07,59.09899680561875,59.641483306884766
2011-01-10,59.789997736362146,59.9643669128418
2011-01-11,59.73187246053941,59.628543853759766
2011-01-12,59.247509949543606,59.16355514526367
2011-01-13,59.1700141964291,59.6931266784668
2011-01-14,59.91916790833169,59.312095642089844
2011-01-18,58.95689696646469,59.03439712524414
2011-01-19,59.03435970686014,59.46059799194336
2011-01-20,59.092529176131286,58.64045715332031
2011-01-21,58.56939631110886,59.10542297363281
2011-01-24,59.33143678786838,59.131229400634766
2011-01-25,59.37667634353659,59.6931266784668
2011-01-26,59.557528941600246,58.78900146484375
2011-01-27,58.814790246127245,59.05374526977539
2011-01-28,58.646863758002134,59.36372375488281
2011-01-31,59.19591340943773,58.91175079345703
2011-02-01,58.684873278074186,58.620059967041016
2011-02-02,58.91168739204423,58.63300704956055
2011-02-03,58.30249082400912,58.146949768066406
2011-02-04,58.00431843415028,57.557132720947266
2011-02-07,57.48591436189082,57.85532760620117
2011-02-08,57.881209341567995,57.323848724365234
2011-02-09,57.47944046090858,57.82292938232422
2011-02-10,57.615510762911136,57.155364990234375
2011-02-11,57.69972857942178,57.97840881347656
2011-02-14,57.88124634579938,58.0173454284668
2011-02-15,58.043255298746786,58.27656936645508
2011-02-16,58.244203483007816,58.08865737915039
2011-02-17,58.34135605639358,58.1793327331543
2011-02-18,57.952527933355235,57.997894287109375
2011-02-22,58.270095734564904,58.86634063720703
2011-02-23,59.041326475467336,59.08021545410156
2011-02-24,59.38476786696037,59.456058502197266
2011-02-25,59.45609353865195,59.80606460571289
2011-02-28,59.8190074309415,59.88381576538086
2011-03-01,59.50480075772904,60.05746078491211
2011-03-02,59.71283328590426,59.13417053222656
2011-03-03,58.86110228032304,58.55551528930664
2011-03-04,58.581537384905154,59.04316711425781
2011-03-07,58.529469020791375,58.666011810302734
2011-03-08,58.5880316910548,58.30845260620117
2011-03-09,58.575014843863265,58.87410354614258
2011-03-10,59.08212152899149,59.86233901977539
2011-03-11,59.842857457156825,59.524269104003906
2011-03-14,59.47872910341092,59.498233795166016
2011-03-15,60.33703480185369,60.38904571533203
2011-03-16,60.70760767155112,61.07170867919922
2011-03-17,60.62308517878145,60.603580474853516
2011-03-18,60.30447629381544,60.76610565185547
2011-03-21,60.55160558166146,60.4085693359375
2011-03-22,60.343507014981256,60.610084533691406
2011-03-23,61.01972690975853,60.53208923339844
2011-03-24,60.31099352810524,60.076927185058594
2011-03-25,60.37601141124603,59.92738342285156
2011-03-28,59.894880121327105,60.01191329956055
2011-03-29,59.80387287974882,59.550296783447266
2011-03-30,59.63482001330918,60.02492904663086
2011-03-31,60.25252037537475,59.90142059326172
2011-04-01,59.74203914204527,60.19255447387695
2011-04-04,60.199123499786886,60.25788879394531
2011-04-05,60.17300813850456,60.01630401611328
2011-04-06,59.91838697329083,59.115299224853516
2011-04-07,59.10871758755815,58.99772262573242
2011-04-08,58.71695501266195,58.68430709838867
2011-04-11,58.651664144887434,58.736541748046875
2011-04-12,59.16095835486588,59.36989212036133
2011-04-13,59.11529422689566,59.742095947265625
2011-04-14,59.76815626778667,59.69633483886719
2011-04-15,60.238279743292125,60.50597381591797
2011-04-18,60.06201091927797,60.64310836791992
2011-04-19,60.63005684032667,60.90428161621094
2011-04-20,60.76713863827326,60.51250076293945
2011-04-21,60.64965138636034,60.460304260253906
2011-04-25,60.4798669938372,60.68880081176758
2011-04-26,60.89773412412164,61.27642822265625
2011-04-27,61.008708161560854,60.649600982666016
2011-04-28,60.86510517830604,61.11321258544922
2011-04-29,61.02831894903095,61.30254364013672
2011-05-02,61.19103223198946,61.40085983276367
2011-05-03,61.61072555083137,61.7484245300293
2011-05-04,61.84022794802231,62.023826599121094
2011-05-05,62.24021586598078,62.61397171020508
2011-05-06,61.971372345254345,62.33856964111328
2011-05-09,62.22708771261786,62.272987365722656
2011-05-10,62.09593439361299,61.82709503173828
2011-05-11,61.84676068390791,62.181175231933594
2011-05-12,62.259958669852416,61.78784942626953
2011-05-13,62.063197196817896,62.34515380859375
2011-05-16,62.31234311138332,62.692657470703125
2011-05-17,62.9680459694427,63.335243225097656
2011-05-18,63.125424404536254,62.495941162109375
2011-05-19,61.93857457195956,62.46969985961914
2011-05-20,62.30578673080035,62.50250244140625
2011-05-23,62.771321248079566,62.80410385131836
2011-05-24,62.712312671285346,63.04016876220703
2011-05-25,63.04671744084952,62.74509048461914
2011-05-26,62.92872867975194,63.282814025878906
2011-05-27,63.03363552014415,63.2565803527832
2011-05-31,63.06643738026325,63.40085220336914
2011-06-01,63.783813811061016,64.25765228271484
2011-06-02,63.50082915187064,63.033573150634766
2011-06-03,63.56009208535161,63.395565032958984
2011-06-06,62.82960123056905,62.91515350341797
2011-06-07,62.67166479321884,63.20473098754883
2011-06-08,63.349483862716816,63.698280334472656
2011-06-09,63.90232425952492,63.441650390625
2011-06-10,63.77724972465643,63.928611755371094
2011-06-13,63.66537890227164,63.60615158081055
2011-06-14,63.00729273513233,62.64533615112305
2011-06-15,62.77035303408696,63.78384017944336
2011-06-16,63.902308117932485,64.07341766357422
2011-06-17,63.744320227780456,63.77064514160156
2011-06-20,64.05365297254359,63.84963607788086
2011-06-21,63.63906558778257,63.566673278808594
2011-06-22,63.810163493798626,63.60615158081055
2011-06-23,63.99445291184609,64.09317016601562
2011-06-24,64.07336708627258,63.82328796386719
2011-06-27,63.73778702339222,62.94805908203125
2011-06-28,62.836172183906484,62.44130325317383
2011-06-29,62.487349748633065,62.026676177978516
2011-06-30,62.01353961210992,61.927982330322266
2011-07-01,62.159106830071245,61.82892990112305
2011-07-05,62.09962969272878,61.96755599975586
2011-07-06,62.198701751667144,62.2845458984375
2011-07-07,61.960932015143044,62.099605560302734
2011-07-08,62.62793650207946,62.977928161621094
2011-07-11,63.42038611912658,63.92225646972656
2011-07-12,64.25243121908325,64.14016723632812
2011-07-13,63.862797690454386,64.31844329833984
2011-07-14,63.80339765468311,63.40058135986328
2011-07-15,62.92514249727139,63.50625228881836
2011-07-18,63.433595108289616,62.89210510253906
2011-07-19,62.94491945362301,64.19959259033203
2011-07-20,63.869404977143816,63.4401741027832
2011-07-21,62.89210361551256,62.9515380859375
2011-07-22,63.189251314283965,63.426979064941406
2011-07-25,62.713786998337234,62.73359680175781
2011-07-26,62.93169997146288,63.16282272338867
2011-07-27,62.958149803200186,63.16946792602539
2011-07-28,63.46660380355552,63.407169342041016
2011-07-29,63.98170894054496,64.66187286376953
2011-08-01,64.52601371300783,65.314453125
2011-08-02,65.738444854114,67.27556610107422
2011-08-03,67.29550929086706,67.40814208984375
2011-08-04,67.83215473692542,69.80656433105469
2011-08-05,68.53447286405635,67.79241180419922
2011-08-08,68.36221231742752,69.93246459960938
2011-08-09,69.57462896983711,70.14442443847656
2011-08-10,71.31055079839989,72.23149871826172
2011-08-11,71.1184069524497,68.58745574951172
2011-08-12,69.19701117818839,69.94569396972656
2011-08-15,69.52828783068236,69.23676300048828
2011-08-16,69.34281032210069,70.38301849365234
2011-08-17,70.44260975807195,71.61532592773438
2011-08-18,72.94042686215253,73.08618927001953
2011-08-19,73.31146418686453,73.67586517333984
2011-08-22,73.18558275940852,73.4903564453125
2011-08-23,72.72179276568663,72.47664642333984
2011-08-24,72.4103924192139,70.41610717773438
2011-08-25,70.6877519489451,71.17803955078125
2011-08-26,72.01282357446382,71.88031005859375
2011-08-29,70.69438708202706,70.88652801513672
2011-08-30,71.8406318783102,72.0261459350586
2011-08-31,72.09239133853245,70.91304779052734
2011-09-01,71.41942386250821,72.41625213623047
2011-09-02,74.02445292566692,74.76875305175781
2011-09-06,76.03806238002406,75.54629516601562
2011-09-07,74.61589744819499,74.10419464111328
2011-09-08,74.6291977287651,74.76875305175781
2011-09-09,74.78873611291849,75.5662612915039
2011-09-12,75.47321106111117,75.64599609375
2011-09-13,75.36020795209043,74.56938934326172
2011-09-14,74.40986533486064,75.20068359375
2011-09-15,74.41654633218779,74.05104064941406
2011-09-16,73.97126860787701,74.58930206298828
2011-09-19,75.89183978240524,76.01145935058594
2011-09-20,76.00481527041042,76.3304443359375
2011-09-21,76.17761667790505,78.85576629638672
2011-09-22,80.68331050671172,81.81969451904297
2011-09-23,81.81963799096273,80.29781341552734
2011-09-26,79.82597651200733,79.00857543945312
2011-09-27,77.58643873652221,77.7990951538086
2011-09-28,77.68611679359299,77.77250671386719
2011-09-29,78.15794692267244,78.310791015625
2011-09-30,79.75950028589664,80.2778549194336
2011-10-03,81.20130901856105,82.48715209960938
2011-10-04,82.86021750570377,81.44112396240234
2011-10-05,81.05472471316081,80.85485076904297
2011-10-06,80.37514688479972,79.36246490478516
2011-10-07,78.44971284272188,78.77616882324219
2011-10-10,77.83012652500074,77.66356658935547
2011-10-11,78.14326651156468,77.40373992919922
2011-10-12,76.41770363342724,76.27779388427734
2011-10-13,76.63757245790683,77.03731536865234
2011-10-14,75.87140082312476,75.91803741455078
2011-10-17,76.15120180684775,77.23050689697266
2011-10-18,77.37703718018223,76.75077056884766
2011-10-19,76.3111267763983,76.72419738769531
2011-10-20,76.25784523836438,76.17789459228516
2011-10-21,75.8580460177827,75.37168884277344
2011-10-24,75.90472069595351,75.4983139038086
2011-10-25,75.53826486486832,77.41706085205078
2011-10-26,76.87741146706853,76.0645980834961
2011-10-27,74.96529991446842,73.48625183105469
2011-10-28,73.88596358766436,74.2590560913086
2011-10-31,75.69151044412057,77.20387268066406
2011-11-01,79.29393937715604,79.7882308959961
2011-11-02,77.90450069567834,78.79289245605469
2011-11-03,77.71083068847656,77.71083068847656
2011-11-04,77.29665289594325,77.80430603027344
2011-11-07,77.9112327424886,78.29865264892578
2011-11-08,77.9846622931486,77.29666137695312
2011-11-09,78.99336341849816,78.89984893798828
2011-11-10,78.00474070510977,77.72419738769531
2011-11-11,77.37020310021863,77.24996948242188
2011-11-14,77.74425741441699,78.49237823486328
2011-11-15,78.61926889567695,78.38548278808594
2011-11-16,78.79294199353437,79.10020446777344
2011-11-17,78.84639450802322,79.73478698730469
2011-11-18,79.60785784243409,79.71472930908203
2011-11-21,80.40941937493504,80.18899536132812
2011-11-22,80.38935556681785,81.08403778076172
2011-11-23,80.93043771250449,81.87894439697266
2011-11-25,81.35791217303843,80.68994903564453
2011-11-28,79.24049161610394,80.64989471435547
2011-11-29,80.1756458794912,79.98861694335938
2011-11-30,79.04674144300085,78.7394790649414
2011-12-01,77.86898342173836,78.34440612792969
2011-12-02,78.09001535006315,79.442626953125
2011-12-05,78.34445768634103,79.28191375732422
2011-12-06,78.8867900755761,78.52519989013672
2011-12-07,78.56542016081272,78.80648040771484
2011-12-08,78.82656109767804,79.79080200195312
2011-12-09,79.7305036017522,78.15022277832031
2011-12-12,78.95376904301624,79.0207290649414
2011-12-13,78.53192800191016,79.75731658935547
2011-12-14,80.21262792479526,81.263916015625
2011-12-15,80.79520571171957,80.96260833740234
2011-12-16,81.27734833840543,81.90678405761719
2011-12-19,81.90677309768583,82.94467163085938
2011-12-20,82.13448996507184,80.87561798095703
2011-12-21,80.77514451936058,79.75064086914062
2011-12-22,80.3532562811256,80.08541107177734
2011-12-23,79.38902715493319,79.19483947753906
2011-12-27,79.22841599741564,79.57101440429688
2011-12-28,79.76585879752407,81.04222106933594
2011-12-29,80.93471685348737,81.18998718261719
2011-12-30,81.35796383548451,81.45201110839844
2012-01-03,80.2226509922813,80.2293701171875
2012-01-04,80.11519365073116,79.27548217773438
2012-01-05,79.38290477257831,79.13435363769531
2012-01-06,79.1007965369117,79.7591323852539
2012-01-09,79.58452526032592,79.61811065673828
2012-01-10,79.0873396105707,79.48368072509766
2012-01-11,79.96742175365272,80.51827239990234
2012-01-12,80.57869373462742,80.40403747558594
2012-01-13,81.35125074037936,81.20346069335938
2012-01-17,81.2504878890989,81.57965850830078
2012-01-18,81.64007517374957,80.59211730957031
2012-01-19,80.16216861839436,79.48368072509766
2012-01-20,79.07393038246008,78.58354187011719
2012-01-23,78.01256127120494,78.08645629882812
2012-01-24,78.40215465066157,78.22749328613281
2012-01-25,77.96554130922044,78.03943634033203
2012-01-26,78.3618099648006,79.07388305664062
2012-01-27,79.15455223617877,79.32249450683594
2012-01-30,80.50479974017789,80.2562484741211
2012-01-31,80.11520083308616,81.18331146240234
2012-02-01,80.63722131472814,80.2533950805664
2012-02-02,80.10519229165614,80.21966552734375
2012-02-03,78.42174696318104,78.49581909179688
2012-02-06,78.57661681100508,79.27693176269531
2012-02-07,78.52949484546824,78.29380798339844
2012-02-08,78.24666512047747,78.35440826416016
2012-02-09,78.01769916254256,77.76854705810547
2012-02-10,78.6506793259869,78.77861785888672
2012-02-13,78.51605126036534,78.87967681884766
2012-02-14,79.08169130865787,79.29717254638672
2012-02-15,79.2297956915533,79.15572357177734
2012-02-16,78.96720915624014,78.52278137207031
2012-02-17,78.0177598663624,78.50259399414062
2012-02-21,77.95708439875185,77.63386535644531
2012-02-22,78.03793435225305,78.61030578613281
2012-02-23,78.20627919383396,78.61030578613281
2012-02-24,78.94022970864788,79.12203979492188
2012-02-27,79.79545953199644,79.82239532470703
2012-02-28,80.04461796697026,79.55978393554688
2012-02-29,79.70792182563488,79.07494354248047
2012-03-01,78.40473103857337,78.33049011230469
2012-03-02,78.69498019625179,79.0661849975586
2012-03-05,78.9378882599877,78.4384536743164
2012-03-06,79.26860627919119,79.39009094238281
2012-03-07,79.27542029677916,78.90422058105469
2012-03-08,78.50598376412994,78.11453247070312
2012-03-09,77.94579161986769,78.2697525024414
2012-03-12,78.50598372670497,78.25626373291016
2012-03-13,77.79729525903615,76.8794174194336
2012-03-14,76.06277507014498,74.94242095947266
2012-03-15,74.84794541188636,75.05716705322266
2012-03-16,74.57796511320198,75.20563507080078
2012-03-19,75.15842995960321,74.30803680419922
2012-03-20,74.53072428685272,74.60496520996094
2012-03-21,74.82096867142896,75.44863891601562
2012-03-22,75.78609979934954,75.69161224365234
2012-03-23,76.0560295494475,76.406982421875
2012-03-26,76.1505192861336,76.01553344726562
2012-03-27,76.11677216425454,76.56221771240234
2012-03-28,76.21129231296581,76.45426177978516
2012-03-29,76.95369788517476,77.02793884277344
2012-03-30,77.08193578640069,75.72535705566406
2012-04-02,76.46286099111484,76.14482879638672
2012-04-03,76.46967713001116,74.82538604736328
2012-04-04,75.6306047438148,75.8539047241211
2012-04-05,76.46288996671474,76.40199279785156
2012-04-09,78.18161693656914,78.18838500976562
2012-04-10,78.45904065750923,79.0748062133789
2012-04-11,78.2966452386824,78.12747955322266
2012-04-12,78.26958240561045,77.80268859863281
2012-04-13,78.59439305841681,79.06128692626953
2012-04-16,78.96655760572217,78.94625854492188
2012-04-17,78.85152906587855,78.89889526367188
2012-04-18,79.2033777131897,79.12894439697266
2012-04-19,79.33869196983596,79.20336151123047
2012-04-20,78.87179666087026,79.2168960571289
2012-04-23,79.92067426155705,79.79210662841797
2012-04-24,79.58234406677158,79.23047637939453
2012-04-25,78.77035665247345,78.8244857788086
2012-04-26,79.45374815098033,79.2981185913086
2012-04-27,79.18304377772905,79.3657455444336
2012-04-30,79.55529709699682,79.3861312866211
2012-05-01,79.65267973121408,78.97438049316406
2012-05-02,79.51023046594503,79.53057861328125
2012-05-03,79.11678588354948,79.51020050048828
2012-05-04,79.68659491861132,80.13426971435547
2012-05-07,80.25637523668077,80.1478500366211
2012-05-08,80.50732066212326,80.57514953613281
2012-05-09,81.02282697193613,80.6294174194336
2012-05-10,80.05284877798819,80.39199829101562
2012-05-11,81.04993248107905,81.05671691894531
2012-05-14,81.98598183881751,82.18946838378906
2012-05-15,82.13523800747141,82.5218734741211
2012-05-16,82.06063007592701,82.75927734375
2012-05-17,82.77286612240897,84.22442626953125
2012-05-18,83.61390228135629,84.24472045898438
2012-05-21,84.04124205442804,84.06837463378906
2012-05-22,83.26121796787189,83.13233947753906
2012-05-23,83.80383900435885,83.70887756347656
2012-05-24,83.5867982975069,83.39009094238281
2012-05-25,83.72244317310371,83.70209503173828
2012-05-29,83.69535433021794,83.44438171386719
2012-05-30,85.00447891413965,85.56068420410156
2012-05-31,86.16434166975307,86.55097198486328
2012-06-01,87.59292575412043,88.60568237304688
2012-06-04,87.89201222580253,87.90560913085938
2012-06-05,87.36185766211804,86.729736328125
2012-06-06,86.70256494326631,84.99652099609375
2012-06-07,84.72458991699848,85.1256103515625
2012-06-08,86.15201714953363,85.10527801513672
2012-06-11,84.81979685776206,85.4926986694336
2012-06-12,84.9420762521825,84.71097564697266
2012-06-13,84.86055952755876,85.54705810546875
2012-06-14,85.60821846803226,85.43829345703125
2012-06-15,86.03643160180769,85.9140853881836
2012-06-18,86.42384526613446,86.37626647949219
2012-06-19,85.83250529929198,85.24796295166016
2012-06-20,84.67022045664534,85.66938018798828
2012-06-21,85.60819775769447,86.12477111816406
2012-06-22,85.57419804822554,84.97605895996094
2012-06-25,85.88687410975659,86.21312713623047
2012-06-26,85.71695531229447,85.87328338623047
2012-06-27,86.02283091516036,86.00923919677734
2012-06-28,86.52580062710635,86.21993255615234
2012-06-29,84.98289431656707,85.09844207763672
2012-07-02,85.45200239323135,85.97650146484375
2012-07-03,85.79253192672957,85.31571960449219
2012-07-05,85.38384952800442,85.75167846679688
2012-07-06,86.28296120839696,86.54861450195312
2012-07-09,86.76660339358969,87.31153106689453
2012-07-10,87.09357135723694,87.4886474609375
2012-07-11,87.59078455938472,87.59760284423828
2012-07-12,87.90412371336693,88.21745300292969
2012-07-13,88.02674613305449,87.98587799072266
2012-07-16,88.75562343785215,88.39460754394531
2012-07-17,88.0471958787723,87.6998062133789
2012-07-18,88.0472314255335,87.74752807617188
2012-07-19,87.50224049341817,87.52267456054688
2012-07-20,88.27884875999416,88.59217834472656
2012-07-23,89.44358632202724,89.0893783569336
2012-07-24,88.78964366948759,89.79095458984375
2012-07-25,89.66157473356915,90.02259063720703
2012-07-26,89.59342503531336,89.19834899902344
2012-07-27,88.47632743801438,87.51588439941406
2012-07-30,87.45463663396654,88.16986083984375
2012-07-31,88.42185988166509,88.34693145751953
2012-08-01,87.73460811850757,87.90525817871094
2012-08-02,88.45813555853564,88.40352630615234
2012-08-03,87.26362724072725,86.97693634033203
2012-08-06,87.14759588409768,87.01107788085938
2012-08-07,85.98034536867364,85.89160919189453
2012-08-08,86.11683474793085,85.43423461914062
2012-08-09,85.16804343429243,85.3728256225586
2012-08-10,86.14416425831021,85.80286407470703
2012-08-13,86.08270646606303,85.65949249267578
2012-08-14,84.61511762389573,84.49907684326172
2012-08-15,83.97348109310437,83.31136322021484
2012-08-16,83.42059700044712,82.60147857666016
2012-08-17,82.86767818892473,83.00419616699219
2012-08-20,82.97009631820815,83.17487335205078
2012-08-21,82.91542052226387,83.54341125488281
2012-08-22,84.31479078829493,84.92230987548828
2012-08-23,85.14754124348649,85.27723693847656
2012-08-24,85.64583871268016,85.19532012939453
2012-08-27,85.55716418233452,85.69368743896484
2012-08-28,85.83696784001552,85.89839935302734
2012-08-29,85.74139629439033,85.52296447753906
2012-08-30,86.19195187124637,85.9666976928711
2012-08-31,85.85746306929408,87.18170928955078
2012-09-04,86.82048482713532,87.09410858154297
2012-09-05,86.7521052151205,86.68370056152344
2012-09-06,85.86970310209432,85.24037170410156
2012-09-07,86.28696600404454,84.8436050415039
2012-09-10,84.61103195924206,85.048828125
2012-09-11,84.83677656658108,84.51527404785156
2012-09-12,83.60545861401457,83.46180725097656
2012-09-13,83.7217505395333,83.13346099853516
2012-09-14,81.92268829794793,80.92396545410156
2012-09-17,81.3138089829742,81.89525604248047
2012-09-18,82.57255279296317,82.30577087402344
2012-09-19,83.00349110873117,82.84616088867188
2012-09-20,83.55074278641047,83.05138397216797
2012-09-21,82.59991548664739,83.14716339111328
2012-09-24,83.62600563205018,83.7970199584961
2012-09-25,84.00222078533514,84.62471008300781
2012-09-26,85.20618841937652,85.53453826904297
2012-09-27,85.19927531017103,84.92565155029297
2012-09-28,85.33609821085726,84.97354888916016
2012-10-01,84.98046342202751,85.28893280029297
2012-10-02,84.93932899415222,85.17239379882812
2012-10-03,84.90503682421154,85.19979858398438
2012-10-04,84.63083838267562,84.13728332519531
2012-10-05,83.33528400007386,83.04737854003906
2012-10-08,83.61631921510134,83.7465591430664
2012-10-09,83.26668526637286,83.59571838378906
2012-10-10,83.25989677534994,84.18531036376953
2012-10-11,83.60260478280513,84.7679443359375
2012-10-12,85.04903219502181,84.98048400878906
2012-10-15,84.85021259258014,84.78852081298828
2012-10-16,84.24696914356349,83.61631774902344
2012-10-17,83.06104724902681,82.84169006347656
2012-10-18,83.02680588996144,82.33445739746094
2012-10-19,82.49206989808707,83.4517593383789
2012-10-22,83.23925039032734,82.91706848144531
2012-10-23,83.69853113664763,84.10297393798828
2012-10-24,83.53404461348525,83.2735595703125
2012-10-25,82.64289923356745,82.84854888916016
2012-10-26,83.24618273233645,84.06877136230469
2012-10-31,84.09618958392792,84.56232452392578
2012-11-01,84.15787770677248,83.8699722290039
2012-11-02,83.13644328508042,83.8082275390625
2012-11-05,84.19211504747172,84.2812271118164
2012-11-06,84.00705177084645,83.48607635498047
2012-11-07,84.96671513585757,85.00099182128906
2012-11-08,84.85704332042828,86.26229858398438
2012-11-09,86.1183804385557,86.35830688476562
2012-11-12,86.26225577588218,86.50218200683594
2012-11-13,86.92036811006196,86.79012298583984
2012-11-14,86.18006516980029,86.8724136352539
2012-11-15,86.44055183296932,86.70104217529297
2012-11-16,86.61870819568205,86.62556457519531
2012-11-19,86.00180687829003,86.13890838623047
2012-11-20,86.0155478448644,85.27521514892578
2012-11-21,85.13121968647013,85.22718811035156
2012-11-23,85.20664785912163,85.14495086669922
2012-11-26,85.79620846389156,85.54943084716797
2012-11-27,85.64536329462275,85.88528442382812
2012-11-28,86.35141769357891,85.76189422607422
2012-11-29,85.59051611315891,85.77559661865234
2012-11-30,86.01553262538036,85.54254150390625
2012-12-03,84.97588938684562,85.62152099609375
2012-12-04,85.86876492519035,86.11602783203125
2012-12-05,86.12978521933061,86.07483673095703
2012-12-06,86.44574191449533,86.26029205322266
2012-12-07,85.51162536883122,85.46354675292969
2012-12-10,85.82758410870301,85.84132385253906
2012-12-11,85.34674963263858,85.18877410888672
2012-12-12,85.05143858234162,84.19975280761719
2012-12-13,83.99369887084512,84.26156616210938
2012-12-14,84.61184611819077,84.89344787597656
2012-12-17,84.82480416111878,83.62283325195312
2012-12-18,83.38239786808866,82.77111053466797
2012-12-19,83.08706903023322,83.04586029052734
2012-12-20,83.3069020271778,83.05963897705078
2012-12-21,84.00744104370902,83.96623229980469
2012-12-24,83.79451251275734,83.81511688232422
2012-12-26,83.94453490306678,84.11662292480469
2012-12-27,83.8963653228874,84.39886474609375
2012-12-28,84.76369579420835,84.8807144165039
2012-12-31,84.57781396121393,83.41449737548828
2013-01-02,82.43710451095558,82.29943084716797
2013-01-03,82.17549651700499,81.18427276611328
2013-01-04,80.99153628234168,81.50091552734375
2013-01-07,81.48021416105193,81.5352783203125
2013-01-08,81.94144650888937,82.07223510742188
2013-01-09,82.08598962153862,81.99650573730469
2013-01-10,81.65927023856085,81.7694091796875
2013-01-11,81.58347587965116,82.49898529052734
2013-01-14,82.62981964975287,82.2718734741211
2013-01-15,83.02212417429186,82.6504135131836
2013-01-16,83.03593544346982,82.82254791259766
2013-01-17,82.14105905108713,81.99650573730469
2013-01-18,82.30625731517189,82.6297836303711
2013-01-22,82.2924997007582,82.7881088256836
2013-01-23,82.8363031418683,82.66421508789062
2013-01-24,82.51278040304767,82.37510681152344
2013-01-25,81.51467277963533,81.2462158203125
2013-01-28,80.55094229458828,80.95018768310547
2013-01-29,80.96402304286072,80.50282287597656
2013-01-30,80.31003524893815,80.36510467529297
2013-01-31,80.55780838285327,80.75743103027344
2013-02-01,81.21971913421007,79.70887756347656
2013-02-04,80.43323981443876,80.72988891601562
2013-02-05,80.21248921090181,80.0124282836914
2013-02-06,80.38495471567532,80.66780853271484
2013-02-07,80.55739799355482,80.48841094970703
2013-02-08,80.57813499217673,80.79889678955078
2013-02-11,80.75057119703776,80.73677062988281
2013-02-12,80.50222175186221,80.53671264648438
2013-02-13,79.88826320235087,79.88136291503906
2013-02-14,80.22629659439902,80.60572814941406
2013-02-15,80.48150009732463,80.3711166381836
2013-02-19,80.61946739280695,79.97097778320312
2013-02-20,79.81233638996807,80.21246337890625
2013-02-21,80.64713445520283,80.68162536621094
2013-02-22,80.70227973874385,80.73677062988281
2013-02-25,80.26766131507014,82.3235092163086
2013-02-26,81.90961097630324,81.84751892089844
2013-02-27,82.43388080642053,81.60602569580078
2013-02-28,81.70258262630979,81.75777435302734
2013-03-01,82.16159384803376,82.20307922363281
2013-03-04,82.12696757665888,81.7674560546875
2013-03-05,81.62922294676436,81.53243255615234
2013-03-06,80.96551193350726,80.79267120361328
2013-03-07,80.48151118738537,80.17039489746094
2013-03-08,79.41686590657315,79.33390045166016
2013-03-11,79.5897061034214,79.40995025634766
2013-03-12,79.67954812539404,79.98374938964844
2013-03-13,79.67264400327261,79.90079498291016
2013-03-14,79.56895580948779,79.6588363647461
2013-03-15,79.73490209203486,80.03218841552734
2013-03-18,80.77189402949692,80.64053344726562
2013-03-19,80.7373122318255,81.18669891357422
2013-03-20,80.68896849933138,80.28106689453125
2013-03-21,80.79265817731198,81.05537414550781
2013-03-22,81.09682893724855,81.11756896972656
2013-03-25,80.73047125287526,81.04158782958984
2013-03-26,80.79956229923259,81.1383285522461
2013-03-27,81.78823945417263,81.82971954345703
2013-03-28,81.66376985696999,81.41487884521484
2013-04-01,81.42526812096584,82.02806091308594
2013-04-02,81.80640443762597,81.69554901123047
2013-04-03,81.97261665287232,82.4299087524414
2013-04-04,82.85948767093802,83.41378021240234
2013-04-05,85.1390203529982,85.09745025634766
2013-04-08,84.99354492569299,84.44618225097656
2013-04-09,84.55009044527671,84.2383041381836
2013-04-10,83.55237974500517,83.08123779296875
2013-04-11,83.26134748369466,83.24056243896484
2013-04-12,84.06509520070193,84.4808120727539
2013-04-15,84.61935499652907,85.21521759033203
2013-04-16,84.47388939156353,84.51546478271484
2013-04-17,84.73721191211276,85.07671356201172
2013-04-18,85.09054500921089,85.2845458984375
2013-04-19,85.18061602085919,85.10440063476562
2013-04-22,85.11131771909905,85.166748046875
2013-04-23,85.4023125121428,84.86880493164062
2013-04-24,84.85491112770582,85.08355712890625
2013-04-25,84.70249943639071,84.71635437011719
2013-04-26,85.36070970021085,85.49235534667969
2013-04-29,85.6240197117723,85.18058776855469
2013-04-30,85.40229595241074,85.22908020019531
2013-05-01,85.72275769708091,86.10464477539062
2013-05-02,85.81301661970436,85.99354553222656
2013-05-03,84.82016954654242,83.96613311767578
2013-05-06,84.11886279464045,83.75780487060547
2013-05-07,83.45228676224319,83.43145751953125
2013-05-08,83.5077758315953,83.56332397460938
2013-05-09,83.67443754078174,83.34809875488281
2013-05-10,83.15376568967771,82.45248413085938
2013-05-13,81.84843756576736,81.82066345214844
2013-05-14,82.17469387928497,80.93183135986328
2013-05-15,81.60530657333797,81.47338104248047
2013-05-16,81.91080943728802,82.32046508789062
2013-05-17,81.89698891387478,81.2790298461914
2013-05-20,81.67478666697046,81.18180847167969
2013-05-21,81.1888195837724,81.82066345214844
2013-05-22,81.94558406329733,80.60551452636719
2013-05-23,81.34151694573833,80.9874038696289
2013-05-24,81.2234991735921,81.09851837158203
2013-05-28,80.60554679513288,79.04328918457031
2013-05-29,79.58485383470365,79.93202209472656
2013-05-30,80.02229805887576,79.73761749267578
2013-05-31,79.82786242456024,79.46680450439453
2013-06-03,79.19187727495535,79.88788604736328
2013-06-04,79.3171336436161,79.15009307861328
2013-06-05,79.54685005464742,80.24285888671875
2013-06-06,79.95749941863164,80.19414520263672
2013-06-07,79.49814377037033,78.7603759765625
2013-06-10,78.4402134283563,78.38453674316406
2013-06-11,78.1409275472252,79.31718444824219
2013-06-12,78.64902591929346,78.18270111083984
2013-06-13,78.69773461968404,79.40766143798828
2013-06-14,79.41460818957086,79.2197265625
2013-06-17,79.3588664592556,78.80206298828125
2013-06-18,78.54458048844472,78.84386444091797
2013-06-19,79.1640023997945,78.02951049804688
2013-06-20,77.08295733523721,76.74887084960938
2013-06-21,76.6654113759957,75.44739532470703
2013-06-24,75.05063997917291,75.76056671142578
2013-06-25,75.7953274636979,75.08539581298828
2013-06-26,75.86495423838927,75.5726318359375
2013-06-27,76.24076673719134,76.34516906738281
2013-06-28,75.87192516360098,76.86721801757812
2013-07-01,76.54770329732122,77.0220718383789
2013-07-02,77.08485471790323,76.97323608398438
2013-07-03,76.95230367432434,76.74302673339844
2013-07-05,74.83858727824509,74.12703704833984
2013-07-08,74.69207759143082,74.84555053710938
2013-07-09,74.98506083531083,74.92227935791016
2013-07-10,74.91535181727174,74.33634185791016
2013-07-11,74.95718397043521,75.20832061767578
2013-07-12,75.57806264731022,75.14555358886719
2013-07-15,75.20134432179846,75.54316711425781
2013-07-16,75.64078862856896,75.80123901367188
2013-07-17,76.17099005102357,75.94078063964844
2013-07-18,75.76638711472366,74.99205017089844
2013-07-19,75.55709931271532,76.17796325683594
2013-07-22,76.28959655761719,76.28959655761719
2013-07-23,75.80826136172074,75.96871185302734
2013-07-24,75.09671872171346,75.00602722167969
2013-07-25,74.62236386052906,74.97814178466797
2013-07-26,75.36877859365893,75.43853759765625
2013-07-29,75.09664940067309,74.88736724853516
2013-07-30,75.13853063637166,74.85948944091797
2013-07-31,73.98749704408065,75.13156127929688
2013-08-01,74.47421287462458,73.68394470214844
2013-08-02,74.13848878167715,74.49515533447266
2013-08-05,74.26437142123562,73.92168426513672
2013-08-06,73.802842207977,74.13853454589844
2013-08-07,74.25041308556548,74.69100952148438
2013-08-08,74.81682908654231,74.89375305175781
2013-08-09,74.55111162875637,75.01268768310547
2013-08-12,75.25741625929551,74.50211334228516
2013-08-13,73.66294636569974,73.42516326904297
2013-08-14,73.39020753417485,73.53707122802734
2013-08-15,72.80271036502525,72.54395294189453
2013-08-16,72.70479898165544,72.29218292236328
2013-08-19,71.98445986065245,71.66275787353516
2013-08-20,71.95655379552578,72.21531677246094
2013-08-21,71.87261209715788,71.4250259399414
2013-08-22,71.6558106763693,72.15235137939453
2013-08-23,72.04044344214608,72.93561553955078
2013-08-26,73.12445501213787,73.2992935180664
2013-08-27,73.63494994718002,74.22240447998047
2013-08-28,73.71890903844313,73.6209945678711
2013-08-29,73.34825012600294,74.20845794677734
2013-08-30,74.14542279617963,74.12444305419922
2013-09-03,73.33844273474618,73.0790023803711
2013-09-04,73.24032167248392,72.91777038574219
2013-09-05,72.55308596388257,71.90097045898438
2013-09-06,72.39885135230182,72.25861358642578
2013-09-09,72.78449817397448,72.29365539550781
2013-09-10,72.03420423967681,71.78878021240234
2013-09-11,72.16751782592827,72.42696380615234
2013-09-12,72.81957290141564,72.3287353515625
2013-09-13,72.58117378548826,72.60922241210938
2013-09-16,73.15613012056816,72.1253662109375
2013-09-17,72.48295412275236,72.72135925292969
2013-09-18,72.66532546698161,73.61895751953125
2013-09-19,73.66104308036088,73.1842269897461
2013-09-20,73.40860467536466,73.56987762451172
2013-09-23,73.77321642220635,74.10979461669922
2013-09-24,74.32011605816798,74.90912628173828
2013-09-25,74.70581743758198,75.06343078613281
2013-09-26,74.66372986493073,74.53751373291016
2013-09-27,74.53050421137283,74.7198257446289
2013-09-30,74.78997182872469,74.60765838623047
2013-10-01,74.45159685647745,74.38129425048828
2013-10-02,74.47260789712529,74.49369812011719
2013-10-03,74.34608444893726,74.37420654296875
2013-10-04,74.28982529932745,74.31794738769531
2013-10-07,74.6624502354799,74.62026977539062
2013-10-08,74.50780702885972,74.6413803100586
2013-10-09,74.43046488640448,74.04379272460938
2013-10-10,73.67825362622897,74.16334533691406
2013-10-11,74.63438665145927,74.14225769042969
2013-10-14,74.09301481758288,73.54464721679688
2013-10-15,73.92429799748385,73.49544525146484
2013-10-16,73.4462163858224,74.4164047241211
2013-10-17,74.88748067542399,75.09136199951172
2013-10-18,75.30221067337175,75.25299835205078
2013-10-21,75.16164233888784,75.01399993896484
2013-10-22,75.64671237584689,75.85059356689453
2013-10-23,75.97713916958187,76.14586639404297
2013-10-24,76.3567806117381,75.85059356689453
2013-10-25,76.01933226788204,76.13182067871094
2013-10-28,75.93498781672764,75.87171173095703
2013-10-29,75.660783276703,75.9701156616211
2013-10-30,75.87876036162288,75.51318359375
2013-10-31,75.86465038206633,75.6748275756836
2013-11-01,75.40555151324206,74.855712890625
2013-11-04,75.05312532256232,74.92623901367188
2013-11-05,74.5737611160882,74.03096771240234
2013-11-06,73.97457751555552,74.06621551513672
2013-11-07,74.05211913544748,74.69359588623047
2013-11-08,73.29081978054336,72.89606475830078
2013-11-11,72.98062863418217,72.6211166381836
2013-11-12,72.75503689493108,72.95946502685547
2013-11-13,73.220257202836,73.22730255126953
2013-11-14,73.53046423486745,73.67849731445312
2013-11-15,73.77716322734842,73.82650756835938
2013-11-18,73.77013558787584,74.2706298828125
2013-11-19,73.98163787747208,73.70671844482422
2013-11-20,73.6080073021528,72.45193481445312
2013-11-21,72.26161506617585,72.57177734375
2013-11-22,72.95243308074946,73.24850463867188
2013-11-25,73.19916052640171,73.4599838256836
2013-11-26,73.65732140664727,73.73486328125
2013-11-27,73.79127540538883,73.60799407958984
2013-11-29,73.36832491441085,73.62914276123047
2013-12-02,73.3887734729648,73.05647277832031
2013-12-03,73.31808544421249,73.32515716552734
2013-12-04,72.64640049968374,72.62519073486328
2013-12-05,72.45551159249139,72.42015838623047
2013-12-06,72.51207356559208,72.7666015625
2013-12-09,72.75244474067709,72.93627166748047
2013-12-10,73.4170629841716,73.45948791503906
2013-12-11,73.21199954353389,72.89383697509766
2013-12-12,72.84435711235119,72.61811065673828
2013-12-13,72.92211978617227,72.97161102294922
2013-12-16,73.23322280433699,72.70295715332031
2013-12-17,72.54740859793051,73.02818298339844
2013-12-18,72.70289393838479,72.66046905517578
2013-12-19,72.72420239476862,72.5898666381836
2013-12-20,73.33221183744722,73.7069320678711
2013-12-23,73.56550968901489,73.2897720336914
2013-12-24,72.98576657935743,72.70295715332031
2013-12-26,72.60008527327689,72.4227523803711
2013-12-27,72.401476376777,72.21704864501953
2013-12-30,72.4582631002138,72.713623046875
2013-12-31,72.55756115314753,72.25254821777344
2014-01-02,72.15322263297878,72.47241973876953
2014-01-03,72.21705988942834,72.47241973876953
2014-01-06,72.62138145434876,72.77743530273438
2014-01-07,72.93350961800103,72.96188354492188
2014-01-08,72.67105090666129,72.76326751708984
2014-01-09,73.03995990909405,73.18891906738281
2014-01-10,73.60735539101091,74.06133270263672
2014-01-13,74.13228056150945,74.4301986694336
2014-01-14,74.23161425195401,74.0897445678711
2014-01-15,73.79886908600523,74.01166534423828
2014-01-16,74.3734801549927,74.50825500488281
2014-01-17,74.38050971453956,74.82029724121094
2014-01-21,74.79903300885346,74.87705993652344
2014-01-22,74.74226468458,74.69261169433594
2014-01-23,75.10404014767316,75.7495346069336
2014-01-24,76.03328389463664,76.2389907836914
2014-01-27,76.05454887627567,75.70697784423828
2014-01-28,75.83465314691458,75.89139556884766
2014-01-29,76.1609818738147,76.5156478881836
2014-01-30,76.23190094620654,76.29573822021484
2014-01-31,76.74967917348806,76.80642700195312
2014-02-03,76.65433467688142,77.74238586425781
2014-02-04,77.17338062553948,76.91737365722656
2014-02-05,76.58312812896946,76.20622253417969
2014-02-06,76.07112428753523,75.87911224365234
2014-02-07,75.70841345008368,75.9430923461914
2014-02-10,75.81509450806934,76.15644073486328
2014-02-11,75.81511307635674,75.7155532836914
2014-02-12,75.50222616488614,75.3244400024414
2014-02-13,75.80090906111373,75.75112915039062
2014-02-14,75.78665687340926,75.79376983642578
2014-02-18,75.85066673515657,75.96444702148438
2014-02-19,76.22044961036991,75.64442443847656
2014-02-20,75.60888865524772,75.45954895019531
2014-02-21,75.34577829601928,75.85780334472656
2014-02-24,75.87914982113416,75.66580963134766
2014-02-25,76.02843931041096,76.34133911132812
2014-02-26,76.31295867748472,76.74675750732422
2014-02-27,77.00273988935734,77.16630554199219
2014-02-28,77.0027289218258,77.2089614868164
2014-03-03,77.61744105914623,77.72437286376953
2014-03-04,77.23956941477074,76.55521392822266
2014-03-05,76.51962206883975,76.71923065185547
2014-03-06,76.10611660013315,75.96353912353516
2014-03-07,75.30771359538988,75.48593139648438
2014-03-10,75.52157895583036,75.59286499023438
2014-03-11,75.5500764043592,75.79244995117188
2014-03-12,76.2201905284337,76.31999206542969
2014-03-13,76.06336423540853,77.3465347290039
2014-03-14,77.68156644492936,77.36077117919922
2014-03-17,77.11841370722169,76.78336334228516
2014-03-18,76.76198906875409,77.06139373779297
2014-03-19,76.93311611175521,76.4626235961914
2014-03-20,76.34138058144721,76.3271255493164
2014-03-21,76.56951370833978,77.15406799316406
2014-03-24,77.02577709801359,77.7030029296875
2014-03-25,77.2823710806612,77.41068267822266
2014-03-26,77.38217709666499,78.01663208007812
2014-03-27,78.15921802743642,78.40872192382812
2014-03-28,78.31607957097245,77.9667739868164
2014-03-31,77.5175665254348,77.77420043945312
2014-04-01,77.37402400891645,77.10958099365234
2014-04-02,76.75225530632557,76.66648864746094
2014-04-03,76.84512903788824,77.00236511230469
2014-04-04,77.09530167981818,77.51697540283203
2014-04-07,77.63130222970067,77.98150634765625
2014-04-08,77.92436324924314,78.16736602783203
2014-04-09,77.81711932621718,77.78138732910156
2014-04-10,77.84572993103943,78.50325775146484
2014-04-11,79.00357793559083,79.13937377929688
2014-04-14,78.96067200637575,78.93208312988281
2014-04-15,79.05359501184772,79.42523956298828
2014-04-16,78.92491862774366,79.5252685546875
2014-04-17,79.59677741422057,78.65336608886719
2014-04-21,78.88205931917089,78.58902740478516
2014-04-22,78.37460324104103,78.85345458984375
2014-04-23,79.0464469745216,79.30374145507812
2014-04-24,78.93925311667759,79.45384216308594
2014-04-25,79.68253397118637,79.56818389892578
2014-04-28,79.41094129639787,79.18223571777344
2014-04-29,78.73909216907182,79.07500457763672
2014-04-30,79.13216914571181,79.40375518798828
2014-05-01,79.43891174045925,80.25565338134766
2014-05-02,79.9117584607183,80.74999237060547
2014-05-05,80.78576752769301,80.26276397705078
2014-05-06,80.32011260253547,80.58519744873047
2014-05-07,80.46337738780701,80.29859924316406
2014-05-08,80.48489140327408,79.95472717285156
2014-05-09,79.90460677641038,79.69683837890625
2014-05-12,79.53205319303083,79.37443542480469
2014-05-13,79.84010010447678,80.06219482421875
2014-05-14,80.69267341291227,80.9291000366211
2014-05-15,81.51655127971475,81.57386779785156
2014-05-16,81.39476271149036,81.34461212158203
2014-05-19,81.62405243863165,80.74282836914062
2014-05-20,80.67116779221567,80.92192077636719
2014-05-21,80.39892352197563,80.42758178710938
2014-05-22,80.42758319682157,80.31295013427734
2014-05-23,80.61386888253234,80.74282836914062
2014-05-27,80.85029685430585,81.21568298339844
2014-05-28,81.74588884979244,82.21874237060547
2014-05-29,82.29749220444288,81.78165435791016
2014-05-30,81.64556362941846,81.74586486816406
2014-06-02,81.1956405774769,81.13817596435547
2014-06-03,80.74312275400304,80.13975524902344
2014-06-04,80.27618128581383,80.11815643310547
2014-06-05,79.82370806735283,80.15412139892578
2014-06-06,80.54199934819687,80.15412139892578
2014-06-09,80.05351745927253,80.03915405273438
2014-06-10,79.75904357333863,79.74467468261719
2014-06-11,79.91708374723164,79.88835144042969
2014-06-12,79.94579949438189,80.59944152832031
2014-06-13,80.1397177707574,80.55632781982422
2014-06-16,80.59947471514292,80.75749969482422
2014-06-17,80.49884968001713,80.11815643310547
2014-06-18,80.30494259826673,80.73591613769531
2014-06-19,80.81492958015443,79.70157623291016
2014-06-20,79.70877154596182,80.3049545288086
2014-06-23,80.50608534851267,80.05355834960938
2014-06-24,80.55633090123216,80.86519622802734
2014-06-25,81.23871308166346,81.0735092163086
2014-06-26,81.31774137333078,81.4614028930664
2014-06-27,81.65533665806045,81.33928680419922
2014-06-30,81.56916047201052,81.5404281616211
2014-07-01,81.01612130900516,80.8576889038086
2014-07-02,80.38961351446298,79.99353790283203
2014-07-03,79.4894448447802,79.70549011230469
2014-07-07,80.13037064001216,80.28880310058594
2014-07-08,80.82891593279253,81.1889877319336
2014-07-09,81.13136111573057,81.2537841796875
2014-07-10,81.76510374401744,81.27540588378906
2014-07-11,81.62828695653096,81.7939224243164
2014-07-14,81.57784615954773,81.4410171508789
2014-07-15,81.25380245520333,81.27540588378906
2014-07-16,81.37621603142509,81.70748138427734
2014-07-17,82.26201272874498,82.7373046875
2014-07-18,82.73003900907918,82.47078704833984
2014-07-21,82.82369458309421,82.88130187988281
2014-07-22,82.88132265531256,83.05416107177734
2014-07-23,83.18377751968346,82.94612884521484
2014-07-24,82.47081633228419,82.32678985595703
2014-07-25,83.06137012480698,83.29901885986328
2014-07-28,83.24136125554284,83.18375396728516
2014-07-29,83.4430144693306,83.48622131347656
2014-07-30,82.92451017180473,82.32678985595703
2014-07-31,81.75780350667664,82.08187103271484
2014-08-01,82.0097160083132,82.71731567382812
2014-08-04,82.69571242857978,82.50076293945312
2014-08-05,82.36351773728016,82.76786041259766
2014-08-06,83.37438185146884,82.81840515136719
2014-08-07,82.91953277527908,83.59103393554688
2014-08-08,83.70655549578423,83.41051483154297
2014-08-11,83.5043678583843,83.40328216552734
2014-08-12,83.33110800224505,82.86177825927734
2014-08-13,82.94117456710777,83.40328216552734
2014-08-14,83.70656222614984,84.0748062133789
2014-08-15,84.26976953155041,84.99181365966797
2014-08-18,84.63076362830279,84.1469955444336
2014-08-19,84.53691038501235,83.88706970214844
2014-08-20,83.78598996411219,83.74988555908203
2014-08-21,83.80768088390762,84.21924591064453
2014-08-22,84.29142639931838,84.68855285644531
2014-08-25,84.80409434640634,85.00627136230469
2014-08-26,85.15782009270997,84.7318115234375
2014-08-27,84.98455833853154,85.45388793945312
2014-08-28,86.01709735339684,85.90157318115234
2014-08-29,85.8654356028341,85.95930480957031
2014-09-02,84.87452076572119,84.47649383544922
2014-09-03,84.23766976195397,84.94688415527344
2014-09-04,84.39687224875065,83.91199493408203
2014-09-05,84.26667390255439,83.75285339355469
2014-09-08,84.24492297518694,83.78899383544922
2014-09-09,83.57909724970688,83.72383880615234
2014-09-10,83.20281799024602,83.1955795288086
2014-09-11,83.41265009776458,82.92053985595703
2014-09-12,82.27647209848524,82.0521240234375
2014-09-15,82.3922673830907,82.17516326904297
2014-09-16,82.21852359286112,81.84220123291016
2014-09-17,82.16065380316664,81.63236236572266
2014-09-18,81.90736232339432,81.89289093017578
2014-09-19,82.1968728858577,82.9350357055664
2014-09-22,82.9784629461,83.0363540649414
2014-09-23,83.15945074002255,83.55023956298828
2014-09-24,83.43437224591143,83.08699798583984
2014-09-25,83.44879997557071,84.07117462158203
2014-09-26,83.9626143937484,83.9481430053711
2014-09-29,84.67188161956653,84.62122344970703
2014-09-30,84.4258145823419,84.14356994628906
2014-10-01,84.80308737821345,85.77525329589844
2014-10-02,85.48503452475006,85.02796936035156
2014-10-03,84.88287252091666,85.39071655273438
2014-10-06,85.33264756056812,85.44146728515625
2014-10-07,85.83323754400978,86.59500885009766
2014-10-08,86.66034157138016,86.61681365966797
2014-10-09,86.52974115029079,86.23954772949219
2014-10-10,86.7111176486239,87.09563446044922
2014-10-13,87.1754713548468,87.62527465820312
2014-10-14,88.00971891586714,88.19834899902344
2014-10-15,90.3821178157581,88.89485168457031
2014-10-16,90.04837280764862,88.32894897460938
2014-10-17,87.92267075929112,87.83560943603516
2014-10-20,88.35071199593251,88.15483093261719
2014-10-21,87.66877117338679,87.45112609863281
2014-10-22,87.40036680382384,87.54546356201172
2014-10-23,87.08838447838573,86.7691650390625
2014-10-24,87.00853142213437,86.8561782836914
2014-10-27,86.9795387943149,87.01581573486328
2014-10-28,86.68206608067761,86.47167205810547
2014-10-29,86.3048475650594,86.66759490966797
2014-10-30,87.29150497725442,86.74012756347656
2014-10-31,86.58055066715622,86.5152587890625
2014-11-03,86.47163238343565,86.51526641845703
2014-11-04,86.84977567494612,86.7843246459961
2014-11-05,86.47888972446455,86.66070556640625
2014-11-06,86.25340971749027,86.1006851196289
2014-11-07,86.340687254226,87.08976745605469
2014-11-10,86.96610390325606,86.28974914550781
2014-11-11,86.16613801403388,86.34795379638672
2014-11-12,86.6897855370203,86.2752456665039
2014-11-13,86.32617450764955,86.4789047241211
2014-11-14,86.42793557593849,86.9006576538086
2014-11-17,87.11154703626966,86.68246459960938
2014-11-18,86.77706541402326,86.92251586914062
2014-11-19,86.45702661807351,86.36975860595703
2014-11-20,87.1988893321814,86.82070922851562
2014-11-21,86.95884315611401,87.34429168701172
2014-11-24,87.03159693577034,87.41704559326172
2014-11-25,87.54063263368673,88.14425659179688
2014-11-26,88.46425381402305,88.3842544555664
2014-11-28,88.82067375548054,89.08248901367188
2014-12-01,89.42289842032672,88.56278228759766
2014-12-02,88.08168359931445,87.70265197753906
2014-12-03,87.68806194735387,88.04522705078125
2014-12-04,88.01606615461613,88.78142547607422
2014-12-05,88.6137654436771,88.26388549804688
2014-12-08,88.50444010954874,89.34268951416016
2014-12-09,90.09346085567012,89.80189514160156
2014-12-10,89.78733415846685,90.45793151855469
2014-12-11,90.19551110500238,90.82966613769531
2014-12-12,91.44192148775726,92.0615005493164
2014-12-15,91.58046637066167,91.87203216552734
2014-12-16,92.83415705806762,93.00909423828125
2014-12-17,92.50614917219441,92.17084503173828
2014-12-18,91.06291534536847,90.53080749511719
2014-12-19,90.80776594273601,91.74806213378906
2014-12-22,91.44197136684059,91.87203216552734
2014-12-23,91.44195422981532,90.04973602294922
2014-12-24,89.88973658412954,90.53984069824219
2014-12-26,90.9781482366817,90.87588500976562
2014-12-29,91.24108565705951,91.55517578125
2014-12-30,92.02268172085334,91.80354309082031
2014-12-31,91.81815039822627,91.97885131835938
2015-01-02,92.24914302161663,93.00151062011719
2015-01-05,93.50548226874307,94.46238708496094
2015-01-06,95.47044543578767,96.16437530517578
2015-01-07,95.47041841821593,95.97443389892578
2015-01-08,95.22208083617674,94.70345306396484
2015-01-09,94.3747269031823,95.74068450927734
2015-01-12,95.689580662293,96.28855895996094
2015-01-13,95.97445759400298,96.28855895996094
2015-01-14,97.67640963556751,97.01900482177734
2015-01-15,97.04087419798257,98.54560852050781
2015-01-16,98.12200183986624,97.2892837524414
2015-01-20,97.97591260423867,98.58219146728516
2015-01-21,98.75746276197266,97.44264221191406
2015-01-22,97.88090269307529,97.09201049804688
2015-01-23,98.10005245964872,98.44336700439453
2015-01-26,98.49454378656424,98.14392852783203
2015-01-27,99.14459821001066,98.29727935791016
2015-01-28,98.42879022808302,99.90431213378906
2015-01-29,99.42947797139333,99.24686431884766
2015-01-30,100.59092504513772,101.00727844238281
2015-02-02,100.05500240067535,100.62590789794922
2015-02-03,99.2865243312395,98.49604797363281
2015-02-04,97.70555431559157,98.66438293457031
2015-02-05,98.07881612771051,97.58110809326172
2015-02-06,96.65156246691728,95.853759765625
2015-02-09,96.59303084201042,95.7000732421875
2015-02-10,95.25358327690985,94.93885803222656
2015-02-11,94.9315342964743,95.11451721191406
2015-02-12,94.90225177424622,94.7997817993164
2015-02-13,94.79246077132242,93.8263168334961
2015-02-17,93.54087175622958,92.4136962890625
2015-02-18,92.82356243891302,92.96263122558594
2015-02-19,92.79427989534189,92.3478012084961
2015-02-20,92.99190849160821,92.61862182617188
2015-02-23,93.09439724459459,93.67993927001953
2015-02-24,93.43108443968971,94.90958404541016
2015-02-25,94.75584074319956,95.31941986083984
2015-02-26,94.93150825936844,94.01659393310547
2015-02-27,94.4338096973458,94.80709075927734
2015-03-02,94.60323487042749,93.04118347167969
2015-03-03,93.05583576080734,92.70382690429688
2015-03-04,93.09248091351712,92.7331314086914
2015-03-05,92.79178040317178,92.61577606201172
2015-03-06,91.42774496616057,90.56971740722656
2015-03-09,91.43513487612897,91.40579986572266
2015-03-10,92.38118874929914,92.60852813720703
2015-03-11,92.59378932477817,93.28314208984375
2015-03-12,94.01652085404652,93.2171630859375
2015-03-13,92.96050260687394,92.93116760253906
2015-03-16,93.82584381103516,93.82584381103516
2015-03-17,94.27320909078952,94.60321807861328
2015-03-18,95.27059834352774,96.42930603027344
2015-03-19,96.21661106214457,95.93794250488281
2015-03-20,96.23130830349412,96.44397735595703
2015-03-23,96.58327541359955,96.32660675048828
2015-03-24,96.67857150494677,97.25791931152344
2015-03-25,97.33129759755042,96.43659973144531
2015-03-26,96.10662843953685,94.9332504272461
2015-03-27,95.35856408236141,96.11392211914062
2015-03-30,95.99659119119397,95.63725280761719
2015-03-31,95.51258136152582,95.84259033203125
2015-04-01,96.5135691363175,97.10148620605469
2015-04-02,96.9544864652382,96.07261657714844
2015-04-06,96.58704031755288,95.53614807128906
2015-04-07,95.70513436972202,96.33714294433594
2015-04-08,96.28573080120677,96.36656951904297
2015-04-09,96.17551998101854,95.11727142333984
2015-04-10,95.77132375042108,95.25688934326172
2015-04-13,95.19073580969294,95.38916015625
2015-04-14,96.49883090847464,96.06524658203125
2015-04-15,96.30776798905407,95.98441314697266
2015-04-16,96.14612105021371,95.50676727294922
2015-04-17,95.36711487906489,96.60173034667969
2015-04-20,96.22697040819344,95.74928283691406
2015-04-21,95.7051511204405,95.31565856933594
2015-04-22,95.16872066548008,93.86061096191406
2015-04-23,93.91939255020414,94.2647933959961
2015-04-24,94.53667406957598,94.8526840209961
2015-04-27,94.8526840209961,94.8526840209961
2015-04-28,94.19124429432058,93.54454040527344
2015-04-29,92.45694242678032,92.39815521240234
2015-04-30,91.89108714829402,92.5598373413086
2015-05-01,91.85141100041098,91.31383514404297
2015-05-04,91.53474388085628,90.45223236083984
2015-05-05,90.4743120872696,90.32703399658203
2015-05-06,89.83362544781814,88.78057098388672
2015-05-07,89.42127801218513,89.97357940673828
2015-05-08,90.85725688565314,90.21659088134766
2015-05-11,89.5612160224798,88.02213287353516
2015-05-12,87.73494042527295,88.25041961669922
2015-05-13,88.84685284315181,87.54341888427734
2015-05-14,87.57287644521818,87.77906799316406
2015-05-15,88.64805505876271,89.53910064697266
2015-05-18,88.60387697029036,88.03684997558594
2015-05-19,87.09425440823023,87.25626373291016
2015-05-20,87.46244944585757,87.4035415649414
2015-05-21,88.05891919150775,88.62594604492188
2015-05-22,88.84689650825044,88.66279602050781
2015-05-26,88.98681344022599,90.1797866821289
2015-05-27,89.97361816585598,90.38600158691406
2015-05-28,90.20925190560388,90.16506958007812
2015-05-29,90.74680081473691,90.3638687133789
2015-06-01,90.11594804071798,89.39271545410156
2015-06-02,88.68421421166865,88.1454849243164
2015-06-03,87.37059151581161,86.7285385131836
2015-06-04,87.27466870101058,87.85768127441406
2015-06-05,86.96469833833993,86.78758239746094
2015-06-08,87.05324844229703,86.69163513183594
2015-06-09,86.38905451601713,86.00530242919922
2015-06-10,85.54780640301009,85.25260925292969
2015-06-11,86.02007794242161,87.04588317871094
2015-06-12,86.78020643531367,87.04588317871094
2015-06-15,87.73957306938108,87.18608093261719
2015-06-16,87.53294672500174,87.87242126464844
2015-06-17,87.45173844614904,87.19344329833984
2015-06-18,86.61784621845032,86.76544189453125
2015-06-19,87.45914506166775,87.87979888916016
2015-06-22,86.96474455057246,86.08654022216797
2015-06-23,85.40753228400256,85.56988525390625
2015-06-24,85.98321821479472,86.30792999267578
2015-06-25,86.04219852827808,86.00530242919922
2015-06-26,85.36326295355006,85.0385513305664
2015-06-29,86.31527489978643,87.28942108154297
2015-06-30,86.63997230767816,86.68424987792969
2015-07-01,85.6621265329597,85.51420593261719
2015-07-02,86.03190331348492,85.79522705078125
2015-07-06,87.31149957372794,87.38545989990234
2015-07-07,88.50225249707051,88.20640563964844
2015-07-08,88.76845599829741,88.96815490722656
2015-07-09,87.79215358387435,87.21525573730469
2015-07-10,85.82488529347785,85.83228302001953
2015-07-13,85.3440924598134,85.56597900390625
2015-07-14,85.81006292014335,85.8470458984375
2015-07-15,85.87658661291304,86.75672912597656
2015-07-16,86.45348961899371,87.35581970214844
2015-07-17,87.54810493608124,87.80696868896484
2015-07-20,87.4889599604876,87.43718719482422
2015-07-21,87.03778524932517,87.91053009033203
2015-07-22,88.02147797310187,88.45784759521484
2015-07-23,88.4578519752518,89.55987548828125
2015-07-24,89.86311917731507,89.7817611694336
2015-07-27,90.37345545890888,90.26251220703125
2015-07-28,89.61168391787618,89.60428619384766
2015-07-29,89.50813023449867,89.27145385742188
2015-07-30,89.64866809039904,89.95930480957031
2015-07-31,90.55836876283,90.62493133544922
2015-08-03,90.66718090926351,91.57889556884766
2015-08-04,91.28984459982141,90.8525161743164
2015-08-05,90.25954484249083,90.17060089111328
2015-08-06,90.42999982531902,90.97109985351562
2015-08-07,91.39360833960176,92.16448211669922
2015-08-10,91.47509182181189,91.02294158935547
2015-08-11,92.13480235540302,92.46835327148438
2015-08-12,92.60174423127019,91.96428680419922
2015-08-13,91.78639263382289,91.66779327392578
2015-08-14,91.51961921044452,91.88282012939453
2015-08-17,92.43874039834063,92.29790496826172
2015-08-18,91.76422395913951,91.57150268554688
2015-08-19,91.21565326370101,92.47574615478516
2015-08-20,92.92796476526797,93.40975952148438
2015-08-21,93.51348230079239,93.69137573242188
2015-08-24,95.10712267181486,93.66172790527344
2015-08-25,92.32009952777965,92.15702819824219
2015-08-26,91.17118964679965,90.3780746459961
2015-08-27,90.29656353076875,90.42998504638672
2015-08-28,91.28243337463358,90.69686126708984
2015-08-31,91.4380476993627,90.00006103515625
2015-09-01,90.35890631306683,90.64861297607422
2015-09-02,90.19545166206932,89.86860656738281
2015-09-03,90.16571315381377,90.30685424804688
2015-09-04,90.96058383819765,91.13143920898438
2015-09-08,90.16576230896827,89.78691864013672
2015-09-09,88.86573936100703,90.21770477294922
2015-09-10,89.89830333293283,89.60859680175781
2015-09-11,90.23260044181903,90.17317199707031
2015-09-14,90.58914713776471,90.31430053710938
2015-09-15,89.80171217709737,88.58345794677734
2015-09-16,88.36805010342043,88.24919891357422
2015-09-17,88.30861110901586,89.32630157470703
2015-09-18,90.03945099200754,90.70057678222656
2015-09-21,89.89085318952921,89.22229766845703
2015-09-22,90.21029776992853,90.46286010742188
2015-09-23,90.34401547156025,90.45543670654297
2015-09-24,91.49540098304215,91.07198333740234
2015-09-25,90.36627381773181,90.28456115722656
2015-09-28,90.77486168671587,91.82969665527344
2015-09-29,91.77027037552122,92.08969116210938
2015-09-30,91.67364336315251,91.77021026611328
2015-10-01,92.36278259132666,92.16179656982422
2015-10-02,93.48675042449112,92.72003936767578
2015-10-05,92.09477380052988,91.46205139160156
2015-10-06,91.22393592932632,91.85665893554688
2015-10-07,91.41738759598758,91.55137634277344
2015-10-08,91.77474192172575,90.78471374511719
2015-10-09,90.79214716069376,91.02290344238281
2015-10-12,91.58115254916441,91.71514129638672
2015-10-13,91.95340337766423,91.87152099609375
2015-10-14,92.07988535133228,92.6753921508789
2015-10-15,92.5339749360731,92.2213363647461
2015-10-16,92.48932317242205,92.2511215209961
2015-10-19,92.14688827673098,91.99800872802734
2015-10-20,91.40999674730095,91.43232727050781
2015-10-21,92.01293228635679,92.34046173095703
2015-10-22,92.37768433455223,92.49678802490234
2015-10-23,91.63330381639736,91.7077407836914
2015-10-26,92.2064626445112,92.318115234375
2015-10-27,92.68285504320477,92.54886627197266
2015-10-28,92.50423585495282,92.17671203613281
2015-10-29,91.69287190971717,90.71028900146484
2015-10-30,90.99312941445254,91.39509582519531
2015-11-02,90.8482784647108,90.97509765625
2015-11-03,90.75128582871729,90.22908020019531
2015-11-04,90.34098823711614,90.33352661132812
2015-11-05,90.30370382495838,90.09481811523438
2015-11-06,89.13990820897058,88.77436828613281
2015-11-09,88.10293770983387,88.27452087402344
2015-11-10,88.40135613323154,88.53563690185547
2015-11-11,88.28948524296568,88.34916687011719
2015-11-12,88.58786751242245,88.77436828613281
2015-11-13,89.01306235141375,89.28162384033203
2015-11-16,89.3637065435059,89.1995849609375
2015-11-17,88.7743731197638,89.34879302978516
2015-11-18,89.20705607061446,89.53529357910156
2015-11-19,90.17690713440753,90.13214874267578
2015-11-20,90.21414780606241,89.85606384277344
2015-11-23,89.91580703004671,90.13214874267578
2015-11-24,90.19173121801776,90.12458801269531
2015-11-25,90.39320823452653,90.33352661132812
2015-11-27,90.45285268211339,90.24397277832031
2015-11-30,90.34097372432596,90.6020736694336
2015-12-01,90.65218107580046,91.82588958740234
2015-12-02,91.6987817552209,91.85577392578125
2015-12-03,90.72691521923525,89.35883331298828
2015-12-04,89.35883987566397,90.14380645751953
2015-12-07,90.31574663254423,91.01847839355469
2015-12-08,91.41469748425185,91.0633316040039
2015-12-09,90.71947437790396,90.96617889404297
2015-12-10,91.04837856640331,91.08575439453125
2015-12-11,91.97540895992825,92.52114868164062
2015-12-14,92.01281998039505,91.32504272460938
2015-12-15,90.47274546080162,90.78673553466797
2015-12-16,90.51013425646018,90.59236907958984
2015-12-17,91.04091055195673,91.6165542602539
2015-12-18,92.01277716887373,92.12491607666016
2015-12-21,92.27440981517286,92.10246276855469
2015-12-22,91.69134629701038,91.43716430664062
2015-12-23,90.62977133309376,90.74938201904297
2015-12-24,90.99955360954206,91.26924896240234
2015-12-28,91.38913697676229,91.53897094726562
2015-12-29,91.16445297102175,90.01824951171875
2015-12-30,89.83832996452463,89.92823028564453
2015-12-31,90.32536209548081,90.33285522460938
2016-01-04,91.3441844160949,90.98458862304688
2016-01-05,90.5575667237862,90.61750030517578
2016-01-06,91.62138141369232,91.83863067626953
2016-01-07,91.90608354924206,92.00347137451172
2016-01-08,91.71875415356202,92.41546630859375
2016-01-11,91.4265950651553,91.40412139892578
2016-01-12,91.65132961809343,92.72261810302734
2016-01-13,92.54284193688493,93.63660430908203
2016-01-14,93.24697509673712,92.76002502441406
2016-01-15,93.9437455856408,94.20594787597656
2016-01-19,93.74148019692775,93.91378784179688
2016-01-20,95.12742757553819,94.90267944335938
2016-01-21,95.09744541424608,94.25839233398438
2016-01-22,93.5766811159776,93.89881134033203
2016-01-25,94.35577792472064,94.40821838378906
2016-01-26,94.38575931131088,94.45318603515625
2016-01-27,94.20599216445162,94.43074035644531
2016-01-28,94.0486269566976,94.56554412841797
2016-01-29,95.44951843455935,95.36711120605469
2016-02-01,95.16523569625649,95.07516479492188
2016-02-02,96.14848578646624,96.8390121459961
2016-02-03,96.2836022784464,96.0359115600586
2016-02-04,96.23853066783799,96.50123596191406
2016-02-05,95.99090619216693,96.61388397216797
2016-02-08,97.36442110489634,98.69293975830078
2016-02-09,99.10574592081235,98.79801940917969
2016-02-10,98.85051785157434,99.66864013671875
2016-02-11,100.90713611961142,100.3667221069336
2016-02-12,99.55605451715668,98.70040130615234
2016-02-16,98.11497004975315,97.65711975097656
2016-02-17,97.30433886026178,97.05664825439453
2016-02-18,97.13174408317077,98.25009155273438
2016-02-19,98.28014553249504,98.33267974853516
2016-02-22,98.40016955644751,98.28007507324219
2016-02-23,97.48447045455585,98.6778793334961
2016-02-24,99.37593814415571,98.4827651977539
2016-02-25,98.68545879107464,98.8355712890625
2016-02-26,97.80724701649562,97.88230895996094
2016-02-29,97.92727804650742,98.31006622314453
2016-03-01,98.37628684338029,96.5790023803711
2016-03-02,96.49632976083147,96.97760772705078
2016-03-03,97.06032371245135,97.3310317993164
2016-03-04,96.81967369211658,96.70687866210938
2016-03-07,96.59403003897899,96.67675018310547
2016-03-08,98.02282221782482,97.74457550048828
2016-03-09,97.06778492773964,97.15050506591797
2016-03-10,97.38368939150095,96.75201416015625
2016-03-11,96.87234331577012,95.77442169189453
2016-03-14,96.12033622226328,96.0752182006836
2016-03-15,96.63171462651255,96.16547393798828
2016-03-16,96.06768017084228,96.4511947631836
2016-03-17,96.63913504604952,96.84969329833984
2016-03-18,97.03774461908043,97.05278778076172
2016-03-21,96.44367312523143,96.30831909179688
2016-03-22,96.87985880129037,96.28577423095703
2016-03-23,96.56398586565014,97.37614440917969
2016-03-24,98.19583350929314,97.41374969482422
2016-03-28,97.29344253054175,97.5416030883789
2016-03-29,98.04538257107659,98.56426239013672
2016-03-30,97.78222666988682,97.52655029296875
2016-03-31,97.74462174113431,98.2183837890625
2016-04-01,98.70064004915321,98.47457122802734
2016-04-04,98.55747206742467,98.53486633300781
2016-04-05,99.47681136904029,99.61245727539062
2016-04-06,99.11511457508885,98.88904571533203
2016-04-07,99.6124379245344,100.10978698730469
2016-04-08,99.59742405053626,99.47685241699219
2016-04-11,98.95687630304252,99.34871673583984
2016-04-12,98.77602694576183,98.6629867553711
2016-04-13,98.48212671931832,99.00961303710938
2016-04-14,98.64790650343106,98.53486633300781
2016-04-15,98.93423898971133,99.37884521484375
2016-04-18,98.96437699248767,98.94930267333984
2016-04-19,98.77605734750354,98.64041137695312
2016-04-20,98.83630895419125,97.55526733398438
2016-04-21,96.78660971696361,96.9749984741211
2016-04-22,97.09561039263633,96.72636413574219
2016-04-25,96.50026452717606,96.32695007324219
2016-04-26,96.27422263329731,95.88990783691406
2016-04-27,96.39474051669909,96.84687805175781
2016-04-28,96.61330856278391,97.24629211425781
2016-04-29,96.79416751161263,97.49497985839844
2016-05-02,97.14759987654021,96.51333618164062
2016-05-03,97.81963569132749,97.72901916503906
2016-05-04,97.91782109940003,98.2651596069336
2016-05-05,98.2047565811865,98.92207336425781
2016-05-06,98.80125011240104,98.49921417236328
2016-05-09,98.50679052792292,98.8088150024414
2016-05-10,98.8012444304351,98.81633758544922
2016-05-11,98.78612834402779,99.37508392333984
2016-05-12,98.65780482391334,98.92207336425781
2016-05-13,99.276951522005,99.88101196289062
2016-05-16,99.39776184481146,99.02022552490234
2016-05-17,99.07309928841451,99.18635559082031
2016-05-18,98.77101201814986,97.77432250976562
2016-05-19,97.91781986291164,98.19720458984375
2016-05-20,97.89515353647795,98.27268981933594
2016-05-23,98.43126913720079,98.4916763305664
2016-05-24,98.13678464136947,98.05372619628906
2016-05-25,98.03105420485936,97.6837158203125
2016-05-26,98.01595752598513,98.18962097167969
2016-05-27,98.21234347105869,98.04622650146484
2016-05-31,97.4194985125118,98.28028106689453
2016-06-01,98.83789713564613,98.67900085449219
2016-06-02,99.04214539362192,99.39019775390625
2016-06-03,100.52515205959347,100.80509948730469
2016-06-06,100.46463307489108,100.05606079101562
2016-06-07,100.35869572667261,100.29816436767578
2016-06-08,100.53267049096561,100.8353271484375
2016-06-09,101.6298216171414,101.4860610961914
2016-06-10,101.98544447645324,101.9778823852539
2016-06-13,102.21240378344925,102.43183135986328
2016-06-14,103.0446864207136,102.35615539550781
2016-06-15,102.5377950297363,102.74964904785156
2016-06-16,103.46084687389263,103.24899291992188
2016-06-17,103.05225590959698,102.60585021972656
2016-06-20,101.5692746301197,101.50874328613281
2016-06-21,101.60711844684784,101.0396499633789
2016-06-22,101.00938222777646,101.20610046386719
2016-06-23,100.33599059142537,100.04846954345703
2016-06-24,103.36244320145286,102.73444366455078
2016-06-27,104.74715131746905,105.29948425292969
2016-06-28,105.50374702524432,105.51888275146484
2016-06-29,105.68534571422894,104.70930480957031
2016-06-30,105.0270374911187,105.09513092041016
2016-07-01,106.73628359237937,106.55436706542969
2016-07-05,107.52456805506296,107.88841247558594
2016-07-06,108.23713804980439,108.06279754638672
2016-07-07,107.70652137956455,108.05521392822266
2016-07-08,108.33568579624234,108.85114288330078
2016-07-11,108.43425388970614,107.89605712890625
2016-07-12,106.44067235623203,106.12230682373047
2016-07-13,107.16074985189786,107.37299346923828
2016-07-14,105.57652494160901,105.81150817871094
2016-07-15,105.28089417495804,104.90188598632812
2016-07-18,105.41733238652151,104.80332946777344
2016-07-19,105.31878996316814,105.39458465576172
2016-07-20,104.7806240810367,104.81852722167969
2016-07-21,103.87852060955079,105.03070831298828
2016-07-22,104.55319487901804,105.21267700195312
2016-07-25,105.31881472121155,105.13688659667969
2016-07-26,105.75847974975962,105.30366516113281
2016-07-27,105.78112623841243,106.61493682861328
2016-07-28,105.9706808745367,106.41790771484375
2016-07-29,106.46337297866806,107.30477142333984
2016-08-01,106.1489548814631,106.14136505126953
2016-08-02,104.66812098110918,105.04782104492188
2016-08-03,105.25289235056803,105.10860443115234
2016-08-04,105.90590158493927,105.89830017089844
2016-08-05,105.59465227922698,104.79727935791016
2016-08-08,104.49344895085696,104.99464416503906
2016-08-09,105.33638245782011,106.02742767333984
2016-08-10,106.24003336608118,106.43748474121094
2016-08-11,106.36158681756163,105.48828125
2016-08-12,106.62740403868074,106.37680053710938
2016-08-15,105.81487389232075,105.37442016601562
2016-08-16,105.5414577335559,105.09341430664062
2016-08-17,105.2756657171759,105.72370910644531
2016-08-18,105.70850211546599,105.89076232910156
2016-08-19,105.28328507230924,105.3364486694336
2016-08-22,106.05026699444028,106.22493743896484
2016-08-23,106.5210510818955,106.33879089355469
2016-08-24,106.39198575889512,106.08821868896484
2016-08-25,105.7540961240273,105.68575286865234
2016-08-26,106.11099229663049,105.07061767578125
2016-08-29,105.84519090377259,106.47549438476562
2016-08-30,106.44514511932834,106.06544494628906
2016-08-31,106.05783286483333,106.21730041503906
2016-09-01,105.45956664395939,106.33447265625
2016-09-02,105.71823771675322,105.46717834472656
2016-09-06,105.52805887349349,106.23558044433594
2016-09-07,106.79089676215753,106.1594467163086
2016-09-08,105.64215176655728,104.82810974121094
2016-09-09,103.51959813590564,103.10116577148438
2016-09-12,102.94898572591465,103.15438842773438
2016-09-13,103.36743566015896,101.98281860351562
2016-09-14,101.9828023220173,102.13495635986328
2016-09-15,101.64805764673422,101.6937026977539
2016-09-16,102.38598072646076,102.51531219482422
2016-09-19,102.34037231520617,102.18060302734375
2016-09-20,102.81964011081905,102.53815460205078
2016-09-21,102.40123188272447,103.36741638183594
2016-09-22,103.9759927563723,104.18901062011719
2016-09-23,104.24991420949702,104.09015655517578
2016-09-26,104.28037888107706,104.75205993652344
2016-09-27,105.43676030434109,105.52044677734375
2016-09-28,105.36831918036485,105.292236328125
2016-09-29,104.6531470706032,105.55847930908203
2016-09-30,105.40633196195705,104.6151123046875
2016-10-03,104.93291149773644,104.26984405517578
2016-10-04,104.1250850850228,103.05046081542969
2016-10-05,102.90563027989514,102.57028198242188
2016-10-06,102.10535025093165,101.99864959716797
2016-10-07,102.07486280565544,102.06724548339844
2016-10-10,101.25171715939737,101.46511840820312
2016-10-11,101.25936719729835,101.23650360107422
2016-10-12,101.1145562792025,101.33558654785156
2016-10-13,101.85381820036787,101.71663665771484
2016-10-14,100.8097192443735,100.29145050048828
2016-10-17,100.6801334452964,100.93163299560547
2016-10-18,100.49718013770733,101.25933074951172
2016-10-19,100.88591311121776,101.34320831298828
2016-10-20,101.85379081829294,101.4498519897461
2016-10-21,101.76241279662666,101.60235595703125
2016-10-24,101.67849326246831,101.16022491455078
2016-10-25,101.00784719401186,101.42703247070312
2016-10-26,100.95452473060918,100.7411117553711
2016-10-27,99.8951269224405,99.64361572265625
2016-10-28,99.37681158419903,99.42253875732422
2016-10-31,99.75793568332725,100.03231048583984
2016-11-01,99.39090501704382,100.03996276855469
2016-11-02,100.2613578124562,100.47516632080078
2016-11-03,99.84143053447478,99.70398712158203
2016-11-04,100.2384709101707,100.59736633300781
2016-11-07,99.84140652525282,99.74213409423828
2016-11-08,100.04756895596694,99.33740997314453
2016-11-09,97.1458619240399,95.12230682373047
2016-11-10,94.66414643220071,93.71727752685547
2016-11-11,93.8929147054548,93.19039916992188
2016-11-14,92.61003497652185,92.63294219970703
2016-11-15,93.32787186363647,93.09115600585938
2016-11-16,93.38891706402535,93.93107604980469
2016-11-17,93.12169249248704,92.54898834228516
2016-11-18,92.87731901990627,92.28170776367188
2016-11-21,92.55658715358014,92.51077270507812
2016-11-22,92.90022512040125,92.48023986816406
2016-11-23,91.6250084841613,92.12135314941406
2016-11-25,92.54137868077586,92.25884246826172
2016-11-28,92.7093602272439,92.93843841552734
2016-11-29,92.73220875556989,93.32781982421875
2016-11-30,91.60974705996713,91.81591796875
2016-12-01,90.67813175243714,90.84646606445312
2016-12-02,91.1831153138401,91.51213073730469
2016-12-05,90.99952171395194,91.41270446777344
2016-12-06,91.31317375821729,91.34378051757812
2016-12-07,91.6804705901121,92.12425994873047
2016-12-08,91.16782462983363,91.03775024414062
2016-12-09,90.77761474139096,89.90534210205078
2016-12-12,89.72931722542533,90.07363891601562
2016-12-13,90.59394531137093,90.39500427246094
2016-12-14,91.11423846386488,89.38499450683594
2016-12-15,89.95118617829702,89.83641815185547
2016-12-16,89.98948211823287,89.6298599243164
2016-12-19,90.27261651057343,90.59397888183594
2016-12-20,90.00479717238294,90.14252471923828
2016-12-21,90.22672067507828,90.54043579101562
2016-12-22,90.16373754852697,90.3785400390625
2016-12-23,90.70839277857058,90.56263732910156
2016-12-27,90.07937511289265,90.27116394042969
2016-12-28,90.4169080189985,90.93090057373047
2016-12-29,91.13802895060186,91.25309753417969
2016-12-30,91.12264841231135,91.39115142822266
2017-01-03,90.8388124401957,91.78240966796875
2017-01-04,91.87449265687539,92.13532257080078
2017-01-05,92.40380847186609,93.57756042480469
2017-01-06,92.92548254508625,92.71835327148438
2017-01-09,93.50084813425218,93.46249389648438
2017-01-10,93.24766391764722,93.40109252929688
2017-01-11,93.54686982296047,93.71564483642578
2017-01-12,94.20664357610559,93.50852966308594
2017-01-13,93.07890686171662,93.06356048583984
2017-01-17,94.21426884521388,94.03782653808594
2017-01-18,93.41642262376826,92.83338928222656
2017-01-19,92.43450961110884,92.19669342041016
2017-01-20,91.93581494412128,92.01253509521484
2017-01-23,92.31940977885681,92.93313598632812
2017-01-24,92.64930017946166,92.2964096069336
2017-01-25,91.50628516813062,91.13805389404297
2017-01-26,91.2224230371077,91.44489288330078
2017-01-27,91.59826169665295,91.77470397949219
2017-01-30,91.62899410006331,91.49857330322266
2017-01-31,91.5446157432512,92.13532257080078
2017-02-01,91.56565856933594,91.56565856933594
2017-02-02,92.20372912753996,91.52717590332031
2017-02-03,91.82701858112729,91.48873901367188
2017-02-06,92.07306585239604,92.04231262207031
2017-02-07,92.08843031689779,92.71885681152344
2017-02-08,93.34923387339397,93.97966003417969
2017-02-09,93.34160393636668,92.89569091796875
2017-02-10,92.34212829571855,92.84185791015625
2017-02-13,92.44977717071902,92.54972076416016
2017-02-14,92.44207432664186,91.88084411621094
2017-02-15,91.30420183572555,91.45796203613281
2017-02-16,91.65788131269947,91.95771789550781
2017-02-17,92.72654230349549,92.50358581542969
2017-02-21,92.0115427341807,92.34213256835938
2017-02-22,92.8726409816742,92.49591827392578
2017-02-23,92.69577917818854,92.77265930175781
2017-02-24,93.29547509500294,93.80289459228516
2017-02-27,93.64912411294435,93.24934387207031
2017-02-28,93.4107852780383,93.59529876708984
2017-03-01,92.00386967131038,92.0269775390625
2017-03-02,91.67265476360724,91.69576263427734
2017-03-03,91.84210832431182,91.93453979492188
2017-03-06,91.75732509868833,91.49542236328125
2017-03-07,91.26441467982667,91.21819305419922
2017-03-08,90.36313503911502,90.72517395019531
2017-03-09,90.38626840708774,90.0011215209961
2017-03-10,90.23220752673085,90.31694030761719
2017-03-13,89.9933961648497,89.74690246582031
2017-03-14,89.94720083930194,90.17829132080078
2017-03-15,90.55574518713692,91.27982330322266
2017-03-16,90.88695819933494,90.81763458251953
2017-03-17,90.97937200520283,91.38762664794922
2017-03-20,91.3183044675974,91.78047943115234
2017-03-21,91.70342809116016,92.54304504394531
2017-03-22,92.98983182416647,92.91280364990234
2017-03-23,93.07456802282475,92.78185272216797
2017-03-24,92.84351174587235,93.11311340332031
2017-03-27,93.84486175005722,93.5367431640625
2017-03-28,93.81404563022589,92.91280364990234
2017-03-29,93.15937058119431,93.46748352050781
2017-03-30,93.25944743251468,92.71253967285156
2017-03-31,92.65089790047607,92.98212432861328
2017-04-03,92.97827254013579,93.9200210571289
2017-04-04,93.68845382531768,93.41056060791016
2017-04-05,93.06318931811997,93.6961669921875
2017-04-06,93.58811340075323,93.55723571777344
2017-04-07,94.05126567327264,93.17899322509766
2017-04-10,93.51093428290248,93.61128234863281
2017-04-11,94.0203503787697,94.49893951416016
2017-04-12,94.56845503389603,95.01616668701172
2017-04-13,95.2940674908948,95.30950927734375
2017-04-17,95.30178082049,95.01616668701172
2017-04-18,95.61055090841906,96.25896453857422
2017-04-19,95.79581756071035,95.73406219482422
2017-04-20,95.34809123530823,95.36353302001953
2017-04-21,95.5796708914552,95.36353302001953
2017-04-24,94.59930248771465,94.89263153076172
2017-04-25,94.3368624467545,93.75019836425781
2017-04-26,93.80427370048238,94.2674331665039
2017-04-27,93.98182047424986,94.23655700683594
2017-04-28,93.86597267616757,94.44491577148438
2017-05-01,94.13165538962622,93.65979766845703
2017-05-02,93.57468036737306,94.13935852050781
2017-05-03,94.54158305315842,94.20122528076172
2017-05-04,93.60563707530632,93.73713684082031
2017-05-05,93.89185818899931,93.8222427368164
2017-05-08,93.68305262087324,93.31175231933594
2017-05-09,93.11832495075511,93.3039779663086
2017-05-10,93.52829963698481,93.1956787109375
2017-05-11,92.82437859982757,93.1956787109375
2017-05-12,93.60565541658652,93.89959716796875
2017-05-15,93.64431762695312,93.64431762695312
2017-05-16,93.68305384919603,93.99246978759766
2017-05-17,94.85877998379503,95.36157989501953
2017-05-18,95.72515527691142,95.46988677978516
2017-05-19,95.42347723244819,95.6942138671875
2017-05-22,95.46213265579122,95.43119049072266
2017-05-23,95.53947763807052,94.78914642333984
2017-05-24,94.99026275126084,95.32288360595703
2017-05-25,95.1604747878925,95.3538589477539
2017-05-26,95.57042844205287,95.51628112792969
2017-05-30,95.9417412439274,95.98815155029297
2017-05-31,95.95719160526023,96.2279281616211
2017-06-01,95.88915898415448,96.23799133300781
2017-06-02,97.06745402035158,97.37752532958984
2017-06-05,96.81941035941388,96.77289581298828
2017-06-06,97.43177971046585,97.29999542236328
2017-06-07,97.08297871588357,96.83492279052734
2017-06-08,96.80390314125577,96.5791015625
2017-06-09,96.18378305140092,96.43183898925781
2017-06-12,96.28456323323255,96.40084075927734
2017-06-13,96.12949445455413,96.41630554199219
2017-06-14,97.61013065793117,97.90470123291016
2017-06-15,97.74189563533699,97.74964904785156
2017-06-16,97.73411802032933,97.94341278076172
2017-06-19,97.92013336159133,97.8038558959961
2017-06-20,98.28450653949861,98.67984771728516
2017-06-21,98.53255158815996,98.88137817382812
2017-06-22,98.99762565275323,99.09839630126953
2017-06-23,98.8115850893222,99.05188751220703
2017-06-26,99.43174766602937,99.42398834228516
2017-06-27,98.78060257152386,98.36200714111328
2017-06-28,98.19147070928182,98.03643798828125
2017-06-29,96.90467324158483,97.2147445678711
2017-06-30,97.04419123003662,96.98992919921875
2017-07-03,97.09715665594183,96.67769622802734
2017-07-05,96.47569223133574,96.70095825195312
2017-07-06,95.94750652485051,95.9009017944336
2017-07-07,95.41927450150243,95.32606506347656
2017-07-10,95.44260187167393,95.46590423583984
2017-07-11,95.4348340472108,95.6290283203125
2017-07-12,96.2349095952351,96.2892837524414
2017-07-13,96.00964797345179,95.68340301513672
2017-07-14,96.39802719808388,95.79991149902344
2017-07-17,95.79990928351566,96.06401062011719
2017-07-18,96.6543628092438,96.9029312133789
2017-07-19,96.92627174296756,96.94181060791016
2017-07-20,97.47779046303717,97.2214584350586
2017-07-21,97.66416657613622,97.63309478759766
2017-07-24,97.44668909552318,97.25249481201172
2017-07-25,96.4290984170345,95.98633575439453
2017-07-26,95.75330458924738,96.14169311523438
2017-07-27,95.62903596900308,95.66787719726562
2017-07-28,95.75330514909558,96.23490905761719
2017-07-31,95.90090825086212,96.3514404296875
2017-08-01,95.89141009263611,97.02796936035156
2017-08-02,97.12910347387026,97.0823974609375
2017-08-03,97.5339372750175,98.0866470336914
2017-08-04,97.4249330542912,97.25366973876953
2017-08-07,97.18359839054538,97.3626480102539
2017-08-08,97.20693774430336,97.01232147216797
2017-08-09,98.03214092810629,97.54170989990234
2017-08-10,97.79081531853909,98.37466430664062
2017-08-11,97.9075739041156,98.4213638305664
2017-08-14,98.07882884690608,97.91535186767578
2017-08-15,97.09797776402894,97.50277709960938
2017-08-16,97.17580032000873,97.86084747314453
2017-08-17,97.8530829026294,98.5926284790039
2017-08-18,98.8494846200378,98.5692367553711
2017-08-21,98.6860277429947,98.81058502197266
2017-08-22,98.7016074562847,98.42914581298828
2017-08-23,98.8962301761207,99.0986328125
2017-08-24,98.7716620058692,98.73274230957031
2017-08-25,98.88067004622799,99.11421203613281
2017-08-28,98.80282460454211,99.05193328857422
2017-08-29,100.00162395151325,99.37106323242188
2017-08-30,99.22317196630122,99.3399429321289
2017-08-31,99.36331864475494,99.63578033447266
2017-09-01,99.3104705816829,98.8736343383789
2017-09-05,99.60691490352787,100.44158172607422
2017-09-06,100.41039916405491,99.82534790039062
2017-09-07,100.1061513518529,100.84721374511719
2017-09-08,100.71459214618906,100.6287841796875
2017-09-11,99.7473440090131,99.4275131225586
2017-09-12,99.10761971629051,98.90480041503906
2017-09-13,98.99846072342608,98.51481628417969
2017-09-14,98.57720713023552,98.9204330444336
2017-09-15,99.06867411275363,98.95946502685547
2017-09-18,98.67863441637914,98.39000701904297
2017-09-19,98.50700109167241,98.1481704711914
2017-09-20,98.26517834064825,98.21837615966797
2017-09-21,98.41340775177879,98.16378021240234
2017-09-22,98.67864109840069,98.44461822509766
2017-09-25,98.53820782206502,99.06085205078125
2017-09-26,98.88924323534734,98.8814468383789
2017-09-27,97.40711470600455,97.39151000976562
2017-09-28,96.89224543394147,97.10286712646484
2017-09-29,97.3212890625,97.3212890625
2017-10-02,97.55734593105602,97.14307403564453
2017-10-03,96.86168429818184,97.23687744140625
2017-10-04,97.33851429616675,97.24472045898438
2017-10-05,97.13522003385128,96.87728118896484
2017-10-06,96.36926160881954,96.60375213623047
2017-10-09,96.75225163774608,96.90858459472656
2017-10-10,97.03362904362722,97.06489562988281
2017-10-11,97.36977358075286,97.25252532958984
2017-10-12,97.35413978264484,97.66679382324219
2017-10-13,98.15923533089698,98.37027740478516
2017-10-16,98.12013009597798,98.29991149902344
2017-10-17,98.01071584140317,98.42498779296875
2017-10-18,97.7449615962829,97.7762222290039
2017-10-19,98.28432021457166,97.94821166992188
2017-10-20,96.92421490867835,96.90858459472656
2017-10-23,97.04929814351814,97.08055877685547
2017-10-24,96.43177131153084,96.47866821289062
2017-10-25,95.77522364220466,96.01753234863281
2017-10-26,96.1895028515626,95.69706726074219
2017-10-27,96.09572483277387,96.33021545410156
2017-10-30,96.81480488630791,97.25252532958984
2017-10-31,97.33852854409254,97.2838134765625
2017-11-01,97.40365020241933,97.71697235107422
2017-11-02,97.91277306747077,98.14776611328125
2017-11-03,98.28095592817793,98.41411590576172
2017-11-06,98.64124718495789,98.78224182128906
2017-11-07,98.87628253694423,99.19743347167969
2017-11-08,99.15823693487452,98.97808074951172
2017-11-09,98.59430165733498,98.69612884521484
2017-11-10,97.68561663890823,97.20780181884766
2017-11-13,97.75611575260052,97.41146087646484
2017-11-14,97.73266054662227,98.0694808959961
2017-11-15,98.74308396559277,99.13473510742188
2017-11-16,98.70391278156296,98.2730941772461
2017-11-17,98.75091517240459,99.00157165527344
2017-11-20,98.625557703197,98.96237182617188
2017-11-21,99.54988091291789,99.27572631835938
2017-11-22,99.18173643066619,99.59688568115234
2017-11-24,99.42455816257404,99.3227310180664
2017-11-27,99.36973068662917,99.1817398071289
2017-11-28,99.29921098145716,99.31488037109375
2017-11-29,98.35143306953887,98.33576965332031
2017-11-30,98.15559825883903,98.00677490234375
2017-12-01,98.79561212934223,99.329345703125
2017-12-04,98.83483489990671,99.37641906738281
2017-12-05,99.26653884928328,99.87091064453125
2017-12-06,100.36541899901262,100.2162857055664
2017-12-07,100.41253179645658,99.43140411376953
2017-12-08,99.36069876852861,99.43919372558594
2017-12-11,99.57266127430333,99.23515319824219
2017-12-12,99.03107128298275,99.1958999633789
2017-12-13,99.53340650266122,99.94155883789062
2017-12-14,99.72178294096543,100.36540222167969
2017-12-15,100.31829568027757,100.74214935302734
2017-12-18,100.44394129024464,99.82386779785156
2017-12-19,99.14885156970244,98.52877807617188
2017-12-20,97.5711607779012,97.43772888183594
2017-12-21,97.55729036349896,98.00563049316406
2017-12-22,98.08426128351965,98.13932037353516
2017-12-26,98.30451209914176,98.43035888671875
2017-12-27,98.8786868717241,99.71244049072266
2017-12-28,99.52368152247256,99.62593841552734
2017-12-29,99.50010894409685,99.78327178955078
2018-01-02,99.49223529362054,98.70567321777344
2018-01-03,99.10680172431945,99.1775894165039
2018-01-04,98.83154107006384,99.16189575195312
2018-01-05,99.00453776837549,98.8786849975586
2018-01-08,99.09894343611718,98.81578063964844
2018-01-09,98.17079802556599,97.49435424804688
2018-01-10,96.59768019634524,97.37638092041016
2018-01-11,97.14831113505679,97.77755737304688
2018-01-12,97.61234862825967,97.94270324707031
2018-01-16,98.45398126414898,98.35173034667969
2018-01-17,98.38316434018,98.21798706054688
2018-01-18,97.47866294673138,97.30561828613281
2018-01-19,97.0617227551909,96.7942886352539
2018-01-22,97.10107912728323,96.88871002197266
2018-01-23,97.38427331340654,97.30561828613281
2018-01-24,96.62918434953946,96.77863311767578
2018-01-25,96.87298879232769,97.57302856445312
2018-01-26,97.43930060469506,97.21119689941406
2018-01-29,96.72350979339079,96.53473663330078
2018-01-30,96.18079101487656,95.96842193603516
2018-01-31,96.6448548101025,96.53473663330078
2018-02-01,96.53872782274773,95.13572692871094
2018-02-02,94.70217265161203,94.25289916992188
2018-02-05,93.92972681543829,95.1435546875
2018-02-06,94.91500031624318,94.55242919921875
2018-02-07,94.68642453481539,93.65388488769531
2018-02-08,93.01545368087908,93.55142974853516
2018-02-09,93.09429680885245,92.9603042602539
2018-02-12,93.44894357497613,93.37012481689453
2018-02-13,93.48836622485962,93.78787994384766
2018-02-14,93.3701686331772,92.74748992919922
2018-02-15,93.15732263822845,93.06273651123047
2018-02-16,93.82725353607802,93.56714630126953
2018-02-20,93.22829137294389,93.15735626220703
2018-02-21,93.19671895483452,92.01441955566406
2018-02-22,92.40854489599499,92.29031372070312
2018-02-23,92.91298881039673,93.11003875732422
2018-02-26,93.54354697353546,93.14156341552734
2018-02-27,93.41740658496145,93.0075454711914
2018-02-28,93.37799894221519,93.59869384765625
2018-03-01,93.53472852504824,94.23764038085938
2018-03-02,93.86641393863621,93.47151947021484
2018-03-05,93.78747553073516,93.21882629394531
2018-03-06,93.47947974067408,93.30572509765625
2018-03-07,93.64529817910706,93.20301818847656
2018-03-08,93.43995043067454,93.74007415771484
2018-03-09,93.18724778515667,93.12406921386719
2018-03-12,93.43999271919617,93.6611328125
2018-03-13,93.4399684497309,94.1349868774414
2018-03-14,94.30085137121011,94.96427154541016
2018-03-15,94.90898653089349,94.96427154541016
2018-03-16,94.61673260744135,94.62462615966797
2018-03-19,94.15077695389166,94.32453155517578
2018-03-20,93.91383304727975,93.94541931152344
2018-03-21,93.71640090321914,94.04811096191406
2018-03-22,95.01952734464065,94.98004150390625
2018-03-23,94.52196344800376,94.9089584350586
2018-03-26,94.7747091592058,94.54566955566406
2018-03-27,94.64041982943786,95.55657196044922
2018-03-28,95.91992673090955,95.80935668945312
2018-03-29,95.99102013597104,96.27534484863281
2018-04-02,96.0457661182982,96.46524810791016
2018-04-03,96.05368672079756,95.72126770019531
2018-04-04,96.04580192687021,95.52342987060547
2018-04-05,95.05643700067058,94.81108093261719
2018-04-06,95.49966208440958,95.84790802001953
2018-04-09,95.48382476064292,96.0062026977539
2018-04-10,95.92708098961064,95.83210754394531
2018-04-11,96.44150079219997,96.17240142822266
2018-04-12,95.8004213647179,95.46800231933594
2018-04-13,95.38886329384516,95.68962860107422
2018-04-16,95.15931953532218,95.72126770019531
2018-04-17,95.7054441443442,95.98246002197266
2018-04-18,95.99828251652094,95.2147216796875
2018-04-19,94.51822581374961,94.43907928466797
2018-04-20,94.0987277858499,93.75839233398438
2018-04-23,93.65556274610348,93.78219604492188
2018-04-24,93.56056032858513,93.35477447509766
2018-04-25,92.92737682267139,92.72950744628906
2018-04-26,93.18063255144915,93.37850189208984
2018-04-27,93.7663357983335,94.0987548828125
2018-04-30,94.24912672280917,94.26495361328125
2018-05-01,94.21103059726607,93.92547607421875
2018-05-02,94.10792541706954,93.8223648071289
2018-05-03,94.26656304171668,94.24276733398438
2018-05-04,94.575875712334,94.385498046875
2018-05-07,94.36965621150027,94.23480987548828
2018-05-08,94.03647899618613,94.14752960205078
2018-05-09,93.69541647810601,93.58436584472656
2018-05-10,94.03652168540899,94.33794403076172
2018-05-11,94.64730722418237,94.57592010498047
2018-05-14,94.2348276223501,94.07617950439453
2018-05-15,93.25119937324463,93.00530242919922
2018-05-16,93.14017813749945,92.64838409423828
2018-05-17,92.5134954723621,92.18034362792969
2018-05-18,92.41833383503418,92.97358703613281
2018-05-21,92.91013617837734,93.02118682861328
2018-05-22,93.03706609701368,92.87841796875
2018-05-23,93.40190579282825,93.55261993408203
2018-05-24,94.14758589890796,94.29829406738281
2018-05-25,94.83770983189257,94.88530731201172
2018-05-29,95.81335357554683,96.9635238647461
2018-05-30,95.97992781795921,96.31307983398438
2018-05-31,96.42406574789594,96.15437316894531
2018-06-01,95.54298468659911,95.64634704589844
2018-06-04,95.4953262274522,94.95468139648438
2018-06-05,95.37605824844402,95.17729187011719
2018-06-06,94.67635403716011,94.4060287475586
2018-06-07,94.3663052025434,95.32038116455078
2018-06-08,95.05801541970463,95.03416442871094
2018-06-11,94.66840847192331,94.85922241210938
2018-06-12,94.55709834281687,94.88307189941406
2018-06-13,94.97054782902818,94.83538818359375
2018-06-14,95.23293247052501,95.62251281738281
2018-06-15,96.0677592864744,95.70997619628906
2018-06-18,95.78948188904661,95.62251281738281
2018-06-19,96.17906188964844,96.17906188964844
2018-06-20,96.0200544366303,95.3363037109375
2018-06-21,95.69405384507958,95.83716583251953
2018-06-22,95.47937014052465,95.8292007446289
2018-06-25,95.93260611022777,96.04391479492188
2018-06-26,96.02004517098577,96.17906188964844
2018-06-27,96.79920233121706,97.0854263305664
2018-06-28,97.10134635269168,97.10929870605469
2018-06-29,97.13309881807834,96.77532196044922
2018-07-02,97.01040780727573,96.69963073730469
2018-07-03,96.84308537687595,97.21761322021484
2018-07-05,97.2654215931832,97.49651336669922
2018-07-06,97.81527709960938,97.81527709960938
2018-07-09,97.2733704122101,97.18571472167969
2018-07-10,97.11399738704881,97.17774200439453
2018-07-11,97.57620449825669,97.55229949951172
2018-07-12,97.35312795065461,97.54438018798828
2018-07-13,97.70368036737145,97.79133605957031
2018-07-16,97.38497161865234,97.38497161865234
2018-07-17,97.44871712054741,97.20169067382812
2018-07-18,97.233556136467,96.81121826171875
2018-07-19,97.05822438356651,97.4247817993164
2018-07-20,96.88295246539089,96.22952270507812
2018-07-23,95.92669676151587,95.04217529296875
2018-07-24,95.05010333411705,95.36885070800781
2018-07-25,95.63980605440986,95.21746826171875
2018-07-26,95.39280501574106,95.03421783447266
2018-07-27,95.50434247125371,95.19356536865234
2018-07-30,94.81904336221413,94.86685943603516
2018-07-31,95.45654010302923,95.38481903076172
2018-08-01,94.47198137251237,94.60774993896484
2018-08-02,94.73551767225578,94.74349975585938
2018-08-03,94.90325735860503,95.21472930908203
2018-08-06,95.47030698335364,95.27064514160156
2018-08-07,95.06294215134986,94.77542877197266
2018-08-08,94.76743969802817,94.87126159667969
2018-08-09,95.22273467488068,95.66997528076172
2018-08-10,96.13312251970726,96.36473083496094
2018-08-13,96.03730601785028,96.16509246826172
2018-08-14,96.26890764228172,95.94944763183594
2018-08-15,96.36479424525571,96.508544921875
2018-08-16,96.48454244658596,96.50051879882812
2018-08-17,96.70816875127001,96.62032318115234
2018-08-20,97.14740603398238,97.26720428466797
2018-08-21,96.93179910519741,96.93978118896484
2018-08-22,97.43496075801598,97.32315063476562
2018-08-23,97.4349644922174,97.47489929199219
2018-08-24,97.13148037765572,97.66657257080078
2018-08-27,97.25924306808717,97.10749816894531
2018-08-28,96.636323379265,96.5245132446289
2018-08-29,96.58838794449265,96.65227508544922
2018-08-30,96.88386749316946,96.85990905761719
2018-08-31,97.3470868795787,96.63629150390625
2018-09-04,96.021552307575,96.07758331298828
2018-09-05,95.86149694508819,95.82147216796875
2018-09-06,95.86147898802687,96.17365264892578
2018-09-07,95.5172630368296,95.35717010498047
2018-09-10,95.3892165121451,95.70939636230469
2018-09-11,95.31717362352873,94.98098754882812
2018-09-12,95.29313533676036,95.20508575439453
2018-09-13,95.52526757240295,95.34917449951172
2018-09-14,94.78085182194819,94.89291381835938
2018-09-17,94.59674648103223,94.89291381835938
2018-09-18,94.500717909188,93.90038299560547
2018-09-19,93.74028824450421,93.3400650024414
2018-09-20,93.31606927512011,93.77232360839844
2018-09-21,93.54817004074312,93.73226928710938
2018-09-24,93.44412603799908,93.49215698242188
2018-09-25,93.23598557413266,93.39607238769531
2018-09-26,93.59624343755843,94.05249786376953
2018-09-27,93.84439912045663,94.1165542602539
2018-09-28,94.33263054962192,93.86837005615234
2018-10-01,93.58835436399214,93.17921447753906
2018-10-02,93.59639904594586,93.74882507324219
2018-10-03,93.27551791429808,92.12030792236328
2018-10-04,91.55875842143229,91.47051239013672
2018-10-05,90.9650832511274,90.6843032836914
2018-10-08,90.64417215815266,90.37944030761719
2018-10-09,90.76450752101947,91.29398345947266
2018-10-10,90.76453098895382,91.0453109741211
2018-10-11,91.45445307364567,92.15239715576172
2018-10-12,91.76729429184277,91.83147430419922
2018-10-15,91.98390662745524,91.79136657714844
2018-10-16,91.76732145916245,91.99996948242188
2018-10-17,91.98392859864735,91.45445251464844
2018-10-18,91.14960732331171,91.42236328125
2018-10-19,91.3340831951997,91.22177124023438
2018-10-22,91.4143256504212,91.10145568847656
2018-10-23,92.06412909839001,91.39025115966797
2018-10-24,91.74326417954802,92.0802001953125
2018-10-25,91.88764808957521,91.69511413574219
2018-10-26,92.20051763906534,92.24864959716797
2018-10-29,92.12833236926346,92.04009246826172
2018-10-30,91.66302378927371,91.58280181884766
2018-10-31,91.24587714640319,91.11752319335938
2018-11-01,90.75159803617679,91.20194244384766
2018-11-02,91.00894222148261,90.06805419921875
2018-11-05,90.45408868401802,90.42192077636719
2018-11-06,90.55057361862282,90.36561584472656
2018-11-07,91.02505662314124,90.48625183105469
2018-11-08,90.84005802317641,90.47817993164062
2018-11-09,90.67115759354287,91.1536636352539
2018-11-12,91.63620234757762,91.74878692626953
2018-11-13,91.44318848124004,91.6924819946289
2018-11-14,91.25824333934017,91.74878692626953
2018-11-15,92.03026817794891,91.7085952758789
2018-11-16,91.83725977578626,92.23934936523438
2018-11-19,92.00616035342883,92.4967041015625
2018-11-20,92.67357630242967,92.52882385253906
2018-11-21,92.392162997108,92.4967041015625
2018-11-23,93.01939172161241,92.59317779541016
2018-11-26,92.36799047140705,92.38407135009766
2018-11-27,92.32776986610416,92.48860931396484
2018-11-28,92.3599418174389,92.03826904296875
2018-11-29,92.41625025316505,92.4001693725586
2018-11-30,92.72988466279963,92.7459716796875
2018-12-03,92.43725877034281,93.40451049804688
2018-12-04,94.15414663940831,94.96825408935547
2018-12-06,95.54860172043703,95.26648712158203
2018-12-07,94.96016990708023,95.44380187988281
2018-12-10,95.81459526267602,95.83877563476562
2018-12-11,95.89524016848273,95.82269287109375
2018-12-12,95.5808245879952,95.39543151855469
2018-12-13,95.4840881923396,95.16973114013672
2018-12-14,95.55665942836431,95.50023651123047
2018-12-17,95.58888124168499,96.05638885498047
2018-12-18,96.20343662219996,96.63165283203125
2018-12-19,97.04368961451388,97.908203125
2018-12-20,98.57885100992597,97.55274200439453
2018-12-21,97.87594642012985,97.53660583496094
2018-12-24,97.86781038466268,98.02132415771484
2018-12-26,97.75470459984894,96.97098541259766
2018-12-27,97.9728759694226,96.98716735839844
2018-12-28,97.27801888362633,97.80319213867188
2018-12-31,97.48003729713218,98.17488098144531
2019-01-02,98.29607353275603,98.69197082519531
2019-01-03,98.80507135730548,99.81501770019531
2019-01-04,98.84546412368766,98.65963745117188
2019-01-07,99.07170697615301,98.36878204345703
2019-01-08,98.32031535261733,98.11024475097656
2019-01-09,97.97290393097497,97.95674133300781
2019-01-10,97.98902443551823,97.32649993896484
2019-01-11,97.6254128355077,97.70620727539062
2019-01-14,97.68199944644665,97.34265899658203
2019-01-15,97.4073023222625,96.98716735839844
2019-01-16,96.62358026976294,97.08412170410156
2019-01-17,97.1325903845723,97.10835266113281
2019-01-18,96.82556933255914,96.5993423461914
2019-01-22,97.20531782026005,97.25379943847656
2019-01-23,96.85789868409907,97.2134017944336
2019-01-24,97.69009561650361,97.8516845703125
2019-01-25,97.43154735466585,97.38307189941406
2019-01-28,97.39114975778901,97.28611755371094
2019-01-29,97.3830411507166,97.77893829345703
2019-01-30,97.63348796454154,97.70620727539062
2019-01-31,98.20716075113477,98.54650115966797
2019-02-01,98.3724532798039,97.95136260986328
2019-02-04,97.53022193951398,97.51402282714844
2019-02-05,97.76506550810753,97.95941162109375
2019-02-06,98.27527892082324,98.00804901123047
2019-02-07,98.35624658351145,98.65586853027344
2019-02-08,99.00404969648227,99.0769271850586
2019-02-11,98.68014812149936,98.68824768066406
2019-02-12,98.51818568211013,98.43720245361328
2019-02-13,98.10518124492806,98.06468963623047
2019-02-14,98.90689694066369,98.62347412109375
2019-02-15,98.43716933279136,98.77728271484375
2019-02-19,99.13362801964801,99.02835845947266
2019-02-20,98.75301220315389,98.74491882324219
2019-02-21,98.04042741816356,97.86227416992188
2019-02-22,98.36434306414806,98.44532012939453
2019-02-25,98.12138602093576,98.15377807617188
2019-02-26,98.57485525517157,98.63963317871094
2019-02-27,98.08091561780572,97.52216339111328
2019-02-28,97.62743093634724,97.19014739990234
2019-03-01,96.83550816999946,96.29180908203125
2019-03-04,96.80308727427823,97.0465316772461
2019-03-05,96.79494762176657,97.24938201904297
2019-03-06,97.31428431321231,97.6064224243164
2019-03-07,97.89859978996452,98.23942565917969
2019-03-08,98.28806689487062,98.65323638916016
2019-03-11,98.51528494679218,98.36109924316406
2019-03-12,98.43415750008096,99.05088806152344
2019-03-13,98.72629778014493,98.86425018310547
2019-03-14,98.75067922227574,98.1501693725586
2019-03-15,98.79119211035969,98.79930877685547
2019-03-18,98.65325079611111,98.74251556396484
2019-03-19,98.26373078567498,98.5234146118164
2019-03-20,98.79124814822474,99.5540542602539
2019-03-21,99.78121084341011,99.7730941772461
2019-03-22,100.79557958231013,101.32305145263672
2019-03-25,101.28252391946839,101.48539733886719
2019-03-26,101.1932087177583,101.41231536865234
2019-03-27,101.77748626440253,102.34553527832031
2019-03-28,102.451029998423,102.70259094238281
2019-03-29,101.98850307614778,102.60523986816406
2019-04-01,101.89606004614572,101.14784240722656
2019-04-02,101.23731769021849,101.33490753173828
2019-04-03,100.52974917602128,100.45655059814453
2019-04-04,100.5215985556296,100.7411880493164
2019-04-05,100.53784996325645,100.87129211425781
2019-04-08,100.70865792490535,100.51346588134766
2019-04-09,101.02585909871782,100.83067321777344
2019-04-10,101.06648855561133,101.07462310791016
2019-04-11,100.78997123364725,100.48092651367188
2019-04-12,99.94417410224968,99.76525115966797
2019-04-15,99.85471209131329,100.01737213134766
2019-04-16,99.63512311315246,99.3911361694336
2019-04-17,99.32605503052083,99.4317855834961
2019-04-18,99.87912533277762,99.95232391357422
2019-04-22,99.60260882167843,99.47248077392578
2019-04-23,99.71643092570207,99.68389892578125
2019-04-24,100.12311405001924,100.49722290039062
2019-04-25,100.43217227961681,100.35084533691406
2019-04-26,100.83065302618802,100.69239044189453
2019-04-29,100.22069847300833,100.0499038696289
2019-04-30,99.99301579226484,100.56231689453125
2019-05-01,100.80594968458524,100.97709655761719
2019-05-02,100.79779437051089,100.49624633789062
2019-05-03,100.7815170288086,100.7815170288086
2019-05-06,101.31120765078512,101.05856323242188
2019-05-07,101.49054618935979,101.83283996582031
2019-05-08,101.9958358616579,101.39274597167969
2019-05-09,101.96323760035084,101.80838775634766
2019-05-10,101.78395114548016,101.66985321044922
2019-05-13,102.19958099277187,102.4685287475586
2019-05-14,102.28921119186097,102.16696166992188
2019-05-15,102.85971046798916,102.79450988769531
2019-05-16,102.53372235468984,102.45222473144531
2019-05-17,102.9167750272716,102.68042755126953
2019-05-20,102.78637383308104,102.4685287475586
2019-05-21,102.3625680579253,102.3055191040039
2019-05-22,102.50113663217513,102.892333984375
2019-05-23,103.41392371191179,104.04961395263672
2019-05-24,103.95995320594825,104.13925170898438
2019-05-28,104.53860653509324,104.88904571533203
2019-05-29,105.67958888444913,105.20689392089844
2019-05-30,105.40245998445519,106.11149597167969
2019-05-31,106.68199559262835,107.43994140625
2019-06-03,107.7258464489423,108.15867614746094
2019-06-04,107.30110753758146,106.9254379272461
2019-06-05,106.5906514960062,106.32115173339844
2019-06-06,106.95813737666487,106.66413879394531
2019-06-07,107.62779819780098,107.58697509765625
2019-06-10,106.7212957301038,106.57430267333984
2019-06-11,106.50900248130476,106.6396713256836
2019-06-12,106.48446429902609,106.7212905883789
2019-06-13,106.81926075198866,107.08876037597656
2019-06-14,107.06431590791077,107.35831451416016
2019-06-17,107.30116450004998,107.5461654663086
2019-06-18,108.40360323929471,108.0851058959961
2019-06-19,107.68497923526823,108.24030303955078
2019-06-20,108.54245213199555,108.52611541748047
2019-06-21,108.21578168817932,107.33378601074219
2019-06-24,107.92995181769707,108.13411712646484
2019-06-25,108.44448282951407,108.468994140625
2019-06-26,108.35462576228554,107.7748031616211
2019-06-27,108.05245930180119,108.53428649902344
2019-06-28,108.27294868668173,108.46077728271484
2019-07-01,108.4771740842021,108.20714569091797
2019-07-02,108.47710380534399,109.04169464111328
2019-07-03,109.25451105302604,109.8191146850586
2019-07-05,108.45257351716454,108.36256408691406
2019-07-08,108.86991786039768,108.50988006591797
2019-07-09,108.56717411674751,108.46898651123047
2019-07-10,108.2971128038803,107.87161254882812
2019-07-11,107.4461494026183,106.43151092529297
2019-07-12,106.30875590290755,106.55423736572266
2019-07-15,106.74246824529243,107.16796875
2019-07-16,106.51334780762,106.84883880615234
2019-07-17,107.2415494866235,108.0025405883789
2019-07-18,107.5770484936868,108.01072692871094
2019-07-19,107.6752716367163,107.7571029663086
2019-07-22,108.3953485046449,107.961669921875
2019-07-23,107.68344156844337,107.37249755859375
2019-07-24,107.68342295394298,107.83888244628906
2019-07-25,107.39704309490952,107.32340240478516
2019-07-26,107.76525391249051,107.57705688476562
2019-07-29,107.86345906270094,107.60978698730469
2019-07-30,108.01071576023504,107.87161254882812
2019-07-31,107.76527830924455,108.739013671875
2019-08-01,109.36535839474938,110.89855194091797
2019-08-02,111.22656874314818,111.92346954345703
2019-08-05,113.25988077834924,113.8583984375
2019-08-06,113.30908670250683,114.76849365234375
2019-08-07,116.75260333012908,114.80946350097656
2019-08-08,114.07978448363757,115.05545806884766
2019-08-09,115.33418036344766,114.82585144042969
2019-08-12,116.19509048627226,117.21995544433594
2019-08-13,117.90864922969666,116.81819152832031
2019-08-14,119.0155390637163,119.45008087158203
2019-08-15,119.66323616271355,120.77828979492188
2019-08-16,119.7534383398198,119.81083679199219
2019-08-19,117.71192932604946,118.0972671508789
2019-08-20,119.11391279627553,119.31888580322266
2019-08-21,118.65476817764358,118.5235824584961
2019-08-22,118.0644324655163,117.73648071289062
2019-08-23,117.67094668237038,119.6714859008789
2019-08-26,119.59762140535622,119.18767547607422
2019-08-27,120.22080869232829,121.02429962158203
2019-08-28,121.98355981817826,121.18006896972656
2019-08-29,120.72912642503186,120.72093200683594
2019-08-30,120.2043209206978,120.75364685058594
2019-09-03,120.81116709121255,120.90973663330078
2019-09-04,120.35122851088427,121.0904312133789
2019-09-05,119.63667624174943,118.8974609375
2019-09-06,119.30815889156558,119.74346923828125
2019-09-09,118.13359927605335,117.61614990234375
2019-09-10,117.320437320304,115.55455780029297
2019-09-11,115.31635959244909,115.3492202758789
2019-09-12,116.21988915614372,114.59363555908203
2019-09-13,113.57510433209524,112.14596557617188
2019-09-16,113.246602595941,113.57513427734375
2019-09-17,113.64090250943569,114.19120025634766
2019-09-18,114.93038765223037,114.67577362060547
2019-09-19,115.61209631217993,115.0207290649414
2019-09-20,115.62031551961131,116.54021453857422
2019-09-23,116.82763965224132,116.5155258178711
2019-09-24,116.97553879981231,117.92008972167969
2019-09-25,117.66546355349809,116.19526672363281
2019-09-26,116.85231698873372,116.94266510009766
2019-09-27,116.89335434446224,117.23009490966797
2019-09-30,116.53201593210795,117.51762390136719
2019-10-01,116.22585480017503,117.87141418457031
2019-10-02,118.03599662015219,118.15940856933594
2019-10-03,118.46373769513707,119.23715209960938
2019-10-04,119.59099065659485,120.11756896972656
2019-10-07,119.43469243804505,119.12203216552734
2019-10-08,119.97777714143838,119.44296264648438
2019-10-09,118.97389092944874,118.76819610595703
2019-10-10,117.75620801702796,116.99925231933594
2019-10-11,115.99541986177184,115.5511245727539
2019-10-14,116.40684266919517,116.39039611816406
2019-10-15,115.7403461498055,114.98339080810547
2019-10-16,114.89292901850148,115.12330627441406
2019-10-17,114.79420975819126,114.84357452392578
2019-10-18,115.03281031078146,114.84357452392578
2019-10-21,114.01253246006034,113.9796142578125
2019-10-22,114.67902875042795,114.64611053466797
2019-10-23,115.21383809963694,114.76130676269531
2019-10-24,114.92581436445946,114.5308837890625
2019-10-25,114.80247686173932,113.97147369384766
2019-10-28,113.19801075031711,112.9347152709961
2019-10-29,113.23095346010442,113.0088119506836
2019-10-30,113.35435811209724,114.6625747680664
2019-10-31,115.58407582522065,116.20939636230469
2019-11-01,115.99177672693048,115.8516616821289
2019-11-04,114.5411498748472,114.32685852050781
2019-11-05,113.09882354378297,113.04112243652344
2019-11-06,113.75815722226895,113.72518157958984
2019-11-07,112.3817255993518,111.6646499633789
2019-11-08,111.39270415594613,111.19490051269531
2019-11-11,111.58223344207639,111.26902770996094
2019-11-12,111.49984488932866,111.78007507324219
2019-11-13,112.76088343181003,112.50537872314453
2019-11-14,113.57685444276308,113.66751861572266
2019-11-15,113.3130669522288,113.5438461303711
2019-11-18,113.91476150967925,113.74990844726562
2019-11-19,114.04665499213338,114.69779205322266
2019-11-20,115.3159331457039,115.8846435546875
2019-11-21,115.09344693482302,115.15938568115234
2019-11-22,115.47256185187865,115.30770874023438
2019-11-25,115.63736937200923,115.6456069946289
2019-11-26,116.2142973215977,116.32144927978516
2019-11-27,115.88463399112257,115.98353576660156
2019-11-29,115.90108465133382,115.73624420166016
2019-12-02,114.05283556122826,114.19319152832031
2019-12-03,115.62151612140993,116.58751678466797
2019-12-04,115.8692291297465,115.42339324951172
2019-12-05,114.48213193729372,114.8619155883789
2019-12-06,113.96197276909075,114.22618103027344
2019-12-09,114.75456317992759,114.47383880615234
2019-12-10,114.91145916965306,114.48213958740234
2019-12-11,115.01055577657,115.38208770751953
2019-12-12,114.91967401278755,113.48307037353516
2019-12-13,114.03630314831253,114.79588317871094
2019-12-16,114.26743748281234,113.76380157470703
2019-12-17,114.11062310660441,113.60698699951172
2019-12-18,113.359272018666,112.67399597167969
2019-12-19,112.46561724244266,112.85428619384766
2019-12-20,112.57314435652664,113.0031509399414
2019-12-23,113.13544163163169,112.83773803710938
2019-12-24,112.39947527569497,113.16027069091797
2019-12-26,113.2181175294921,113.43312072753906
2019-12-27,113.65646607810447,113.55723571777344
2019-12-30,112.3746647900339,113.14373779296875
2019-12-31,112.63929892413259,112.03561401367188
2020-01-02,113.11891158952236,113.30084228515625
2020-01-03,114.34278241185305,115.04568481445312
2020-01-06,115.51709768336116,114.39244079589844
2020-01-07,114.30143208108221,113.83006286621094
2020-01-08,114.06163161438934,113.07756805419922
2020-01-09,112.46556586621594,113.47444915771484
2020-01-10,113.8466333789414,114.48339080810547
2020-01-13,114.02033543062129,114.1361083984375
2020-01-14,114.2683712166484,114.72319793701172
2020-01-15,115.37644485337938,115.48394012451172
2020-01-16,115.16150816223383,115.12017059326172
2020-01-17,113.77224689435594,114.1361083984375
2020-01-21,114.78935199613414,115.33514404296875
2020-01-22,115.54188316726793,115.7403564453125
2020-01-23,116.47636611796618,116.55078887939453
2020-01-24,116.94773804894953,117.4935302734375
2020-01-27,119.03989153672684,119.32105255126953
2020-01-28,119.02335675704762,118.38661193847656
2020-01-29,118.61812072504674,119.54430389404297
2020-01-30,119.82550100295002,119.56088256835938
2020-01-31,120.04880870494628,120.65248107910156
2020-02-03,120.06590929230063,120.55461883544922
2020-02-04,119.27074637988545,118.9311294555664
2020-02-05,117.87092103800813,117.63069915771484
2020-02-06,117.77153579400706,118.16085052490234
2020-02-07,119.46131232679697,119.63525390625
2020-02-10,120.19029619694022,119.96664428710938
2020-02-11,119.76782597136125,119.36195373535156
2020-02-12,118.75721740722656,118.75721740722656
2020-02-13,118.81519051423724,119.21278381347656
2020-02-14,119.90860650106954,119.73466491699219
2020-02-18,120.3889560831074,120.55461883544922
2020-02-19,120.20675451385256,120.54637145996094
2020-02-20,121.0020583394992,121.49076843261719
2020-02-21,122.42669033047856,122.62548065185547
2020-02-24,124.936592790574,124.45616149902344
2020-02-25,124.42304358258455,125.11883544921875
2020-02-26,124.2076608117704,124.45616149902344
2020-02-27,126.48549579597119,125.8062744140625
2020-02-28,127.9351144051091,128.64747619628906
2020-03-02,128.8291162292876,127.700927734375
2020-03-03,127.59312354920473,129.68359375
2020-03-04,129.74987863245158,128.30645751953125
2020-03-05,130.34720061967775,131.50027465820312
2020-03-06,138.7837921936182,138.34413146972656
2020-03-09,148.5724406551612,142.09364318847656
2020-03-10,140.72487686046887,134.8101806640625
2020-03-11,137.2324787662973,129.8494873046875
2020-03-12,135.6397834893597,130.65419006347656
2020-03-13,128.58024870021762,127.700927734375
2020-03-16,133.0432617567802,135.97157287597656
2020-03-17,135.63145033706883,126.90457916259766
2020-03-18,126.78846411717083,119.74559020996094
2020-03-19,121.90237322114037,123.00567626953125
2020-03-20,127.17002430716036,132.25515747070312
2020-03-23,130.65408821565558,137.70526123046875
2020-03-24,133.76503282451972,135.14208984375
2020-03-25,135.70615931546754,134.8351287841797
2020-03-26,136.04622439780843,135.49871826171875
2020-03-27,137.30709641365155,139.11550903320312
2020-03-30,139.61331596207265,137.97080993652344
2020-03-31,137.45647451307923,136.8509063720703
2020-04-01,139.9645142106974,138.7682342529297
2020-04-02,140.25530776167312,139.64886474609375
2020-04-03,140.02261904900126,139.9810791015625
2020-04-06,138.73510011821338,139.61569213867188
2020-04-07,137.04028813029876,138.1534881591797
2020-04-08,137.16494921555582,137.14833068847656
2020-04-09,136.4754662241589,137.39759826660156
2020-04-13,136.865828874939,136.14308166503906
2020-04-14,136.1098175048828,136.1098175048828
2020-04-15,138.56884673227586,139.71527099609375
2020-04-16,140.61257031891813,141.30209350585938
2020-04-17,141.07769503587727,139.4078826904297
2020-04-20,139.93133978810496,140.52947998046875
2020-04-21,142.83061358137496,142.29893493652344
2020-04-22,141.20232121413736,140.8450927734375
2020-04-23,141.11933196426943,141.59286499023438
2020-04-24,140.90327732671116,141.9250946044922
2020-04-27,140.9447453329439,139.2832489013672
2020-04-28,140.02266954831217,140.8866424560547
2020-04-29,140.8368010934985,140.1555938720703
2020-04-30,140.18052492894287,138.51902770996094
2020-05-01,139.33092661780645,139.7052459716797
2020-05-04,139.38086705194263,139.0481414794922
2020-05-05,137.72543387142815,138.15797424316406
2020-05-06,135.77894514996953,135.92868041992188
2020-05-07,136.05345712123838,138.19956970214844
2020-05-08,136.82705613351263,136.40281677246094
2020-05-11,136.13672428597727,135.33816528320312
2020-05-12,135.72079213276518,136.727294921875
2020-05-13,137.3261613430569,137.68385314941406
2020-05-14,139.18116842439335,139.03143310546875
2020-05-15,139.99632163841406,138.67372131347656
2020-05-18,137.19308174358744,135.62925720214844
2020-05-19,135.18839165488663,136.1366729736328
2020-05-20,135.72904928906885,136.5442352294922
2020-05-21,137.13494176841502,136.88539123535156
2020-05-22,137.0184600556349,137.70887756347656
2020-05-26,136.17829594738853,135.86219787597656
2020-05-27,135.41293655462897,135.61257934570312
2020-05-28,134.72259396325322,135.11354064941406
2020-05-29,135.34646218401346,136.07846069335938
2020-06-01,135.01236213587234,135.1622772216797
2020-06-02,134.65420645233732,134.67086791992188
2020-06-03,133.41321014248751,132.88015747070312
2020-06-04,132.3637107191726,130.95611572265625
2020-06-05,128.77395708273107,130.02330017089844
2020-06-08,129.1570777556594,130.5230255126953
2020-06-09,132.4720346910587,132.005615234375
2020-06-10,132.630250527866,133.96287536621094
2020-06-11,135.97017539040823,136.49490356445312
2020-06-12,135.2705893693488,135.17897033691406
2020-06-15,136.50320336095953,135.2538604736328
2020-06-16,132.77182114400495,133.179931640625
2020-06-17,133.48809553985438,133.72962951660156
2020-06-18,134.96234612738326,135.1455841064453
2020-06-19,134.09613657306895,135.2538604736328
2020-06-22,135.92022635764238,135.27056884765625
2020-06-23,134.49593862344852,134.3460235595703
2020-06-24,134.5376134962688,135.78695678710938
2020-06-25,136.76972114665443,136.17835998535156
2020-06-26,136.8030756317,137.63597106933594
2020-06-29,137.30282169791397,137.20286560058594
2020-06-30,137.6192806652784,136.53651428222656
2020-07-01,135.76265426429464,136.2713165283203
2020-07-02,135.6709708893169,136.41311645507812
2020-07-06,135.36244970275536,135.85443115234375
2020-07-07,136.27136946710235,137.76400756835938
2020-07-08,137.0218055985358,137.21359252929688
2020-07-09,137.30537741891004,139.3983917236328
2020-07-10,140.04886726545317,138.697998046875
2020-07-13,138.00589860805616,139.15664672851562
2020-07-14,140.03212376098017,139.356689453125
2020-07-15,138.35610447117574,138.70632934570312
2020-07-16,139.59017229694805,139.3650360107422
2020-07-17,139.48173713149018,139.07313537597656
2020-07-20,139.68196317068788,139.41513061523438
2020-07-21,139.50680572663788,139.4984588623047
2020-07-22,140.30738741588019,139.91546630859375
2020-07-23,140.85770442498784,141.54981994628906
2020-07-24,140.93273751468274,141.54147338867188
2020-07-27,141.96677306433494,141.0161590576172
2020-07-28,141.37462946212074,141.99169921875
2020-07-29,141.79993873235827,141.74990844726562
2020-07-30,142.63389912726663,142.68392944335938
2020-07-31,141.88332099362674,142.5921173095703
2020-08-03,141.28150588895124,141.87420654296875
2020-08-04,142.6088062576941,143.2265625
2020-08-05,141.96608537601105,141.9744415283203
2020-08-06,143.06792330897892,142.76739501953125
2020-08-07,142.98454130711931,141.81582641601562
2020-08-10,142.09965102326544,141.18136596679688
2020-08-11,139.55350392687959,139.50341796875
2020-08-12,138.3263255586612,138.2344970703125
2020-08-13,138.0007404097366,136.75689697265625
2020-08-14,136.74853836675615,136.2226104736328
2020-08-17,136.88209304020387,136.5648651123047
2020-08-18,137.20769589236687,137.54161071777344
2020-08-19,138.05078757290286,136.6817169189453
2020-08-20,138.06752468050237,137.91726684570312
2020-08-21,138.38477082650252,138.7437286376953
2020-08-24,138.8439099587762,138.51832580566406
2020-08-25,137.1992830781671,137.45806884765625
2020-08-26,136.94885898028832,136.93215942382812
2020-08-27,137.54155812661497,134.6030731201172
2020-08-28,135.0456031209711,134.5029754638672
2020-08-31,134.90363517979816,135.3961639404297
2020-09-01,135.18966874942987,136.94473266601562
2020-09-02,136.65226377822705,138.24853515625
2020-09-03,138.52433870685417,138.64134216308594
2020-09-04,137.4044626051485,136.00877380371094
2020-09-08,137.3710374811118,136.8445281982422
2020-09-09,137.0116968601273,136.47682189941406
2020-09-10,135.7747671284621,137.1704559326172
2020-09-11,137.32089217866675,137.4629669189453
2020-09-14,137.72203613958612,137.45460510253906
2020-09-15,137.20389744122204,137.12033081054688
2020-09-16,137.71370428817252,136.7108154296875
2020-09-17,137.81393381384513,137.12863159179688
2020-09-18,137.20386100385693,136.70242309570312
2020-09-21,137.80559083482817,137.3960723876953
2020-09-22,137.42953505940486,137.28746032714844
2020-09-23,137.31247460873703,137.4712677001953
2020-09-24,137.86413935317344,137.9978485107422
2020-09-25,137.9894956735264,137.9978485107422
2020-09-28,137.7888753745096,137.60501098632812
2020-09-29,137.73043087592256,137.76385498046875
2020-09-30,137.06181361266096,136.443359375
2020-10-01,135.95728868332063,136.6684112548828
2020-10-02,136.87761114551878,136.1581268310547
2020-10-05,134.6521614178873,133.49765014648438
2020-10-06,133.29681000709996,134.21707153320312
2020-10-07,133.48935810871686,133.23837280273438
2020-10-08,133.83229273381838,133.95777893066406
2020-10-09,133.45578751243525,133.93264770507812
2020-10-12,134.21704881800864,134.35928344726562
2020-10-13,134.86964820556838,135.3214111328125
2020-10-14,135.80665958872763,135.63096618652344
2020-10-15,136.40073311066845,135.3968048095703
2020-10-16,135.2461057190301,135.0202178955078
2020-10-19,134.27566884612312,134.50991821289062
2020-10-20,133.7402818242477,133.22994995117188
2020-10-21,132.84511289929964,132.7698211669922
2020-10-22,132.42677557830797,131.38938903808594
2020-10-23,131.18857723295108,132.1925048828125
2020-10-26,133.19642717241493,133.42230224609375
2020-10-27,134.04981447680223,134.31753540039062
2020-10-28,135.0118936235217,134.4429931640625
2020-10-29,134.4680983028255,133.1378936767578
2020-10-30,133.04585846484085,131.8244171142578
2020-11-02,132.91240169061174,132.81190490722656
2020-11-03,132.20047968658417,132.04135131835938
2020-11-04,135.37462624860052,134.90562438964844
2020-11-05,135.37465295327394,135.14015197753906
2020-11-06,133.68279671627184,133.50692749023438
2020-11-09,130.6259214091299,130.7012939453125
2020-11-10,129.78010245859096,129.94760131835938
2020-11-11,129.8303279048917,130.4165802001953
2020-11-12,131.43840275359295,132.6360321044922
2020-11-13,132.62761237374352,132.46011352539062
2020-11-16,132.09999830761427,132.14187622070312
2020-11-17,132.97094566168852,133.0044403076172
2020-11-18,133.5320840928497,133.38970947265625
2020-11-19,133.9759498170943,134.07644653320312
2020-11-20,134.44500897839035,135.26576232910156
2020-11-23,134.68785873363453,134.64598083496094
2020-11-24,133.9927003426817,133.30593872070312
2020-11-25,133.37296915682012,132.8955841064453
2020-11-27,133.6744384197499,134.18531799316406
2020-11-30,134.0262690305585,134.0178985595703
2020-12-01,132.92210572823322,132.0418243408203
2020-12-02,131.52209860918524,130.99392700195312
2020-12-03,131.57237283217,132.05023193359375
2020-12-04,130.52440310734394,130.1136016845703
2020-12-07,131.07774800597406,131.28733825683594
2020-12-08,132.100562362685,131.90773010253906
2020-12-09,131.2454254328017,131.47178649902344
2020-12-10,131.8239193520196,132.6371307373047
2020-12-11,133.00597062045202,133.10658264160156
2020-12-14,132.03348123159066,132.73770141601562
2020-12-15,132.27654890645198,132.29331970214844
2020-12-16,131.27057750830053,131.94126892089844
2020-12-17,132.70822502134365,131.592041015625
2020-12-18,131.86065263818028,131.19766235351562
2020-12-21,131.92778061724508,131.7179718017578
2020-12-22,132.2299216020063,132.39776611328125
2020-12-23,131.4410526339536,131.48301696777344
2020-12-24,131.6760707950656,132.0033721923828
2020-12-28,131.23964087542825,132.0620880126953
2020-12-29,131.24808721182512,131.89430236816406
2020-12-30,131.6088763549983,132.17955017089844
2020-12-31,132.14602001800193,132.3726043701172
2021-01-04,131.48303443944096,132.21316528320312
2021-01-05,131.7179897443754,131.23123168945312
2021-01-06,129.09114492500603,128.53724670410156
2021-01-07,127.3875543553123,127.40434265136719
2021-01-08,127.12737095493185,126.99310302734375
2021-01-11,126.72454205454176,126.78329467773438
2021-01-12,126.5483516544583,126.68263244628906
2021-01-13,127.2784334062261,128.10926818847656
2021-01-14,128.05054035699447,126.9091796875
2021-01-15,127.7232097709545,127.4126968383789
2021-01-19,127.24486960616053,127.82394409179688
2021-01-20,127.55537985054632,127.94982147216797
2021-01-21,127.09390528023353,127.05194091796875
2021-01-22,127.43789769350265,127.46307373046875
2021-01-25,128.20157906300855,128.9652862548828
2021-01-26,128.48698464419385,128.7219696044922
2021-01-27,129.30099802258206,129.04922485351562
2021-01-28,128.73870587323185,128.33587646484375
2021-01-29,127.07703126629733,127.56378936767578
2021-02-01,127.42597932120829,127.7116470336914
2021-02-02,126.65298736100736,126.88824462890625
2021-02-03,126.39256178688966,125.76240539550781
2021-02-04,125.32544865749689,125.42626953125
2021-02-05,125.27505897671094,124.37602996826172
2021-02-08,124.60287925855808,124.92214965820312
2021-02-09,125.37587598684152,125.01457977294922
2021-02-10,125.42627044062327,125.84637451171875
2021-02-11,125.76235539767242,125.15741729736328
2021-02-12,124.09876241890147,123.60304260253906
2021-02-16,122.01503288614906,121.72095489501953
2021-02-17,122.62836336802117,122.49392700195312
2021-02-18,121.50247981808917,121.99819946289062
2021-02-19,121.040383857501,120.37662506103516
2021-02-22,120.1750053207366,119.46082305908203
2021-02-23,118.90631901476077,119.11637115478516
2021-02-24,117.0830131974841,118.33491516113281
2021-02-25,117.22587928117491,116.4024658203125
2021-02-26,118.27615851338315,120.25064086914062
2021-03-01,118.32589386357503,118.6623764038086
2021-03-02,118.10716349993179,118.67079162597656
2021-03-03,117.24915032387973,117.38373565673828
2021-03-04,117.45948276243676,116.62667083740234
2021-03-05,116.23125294938609,116.853759765625
2021-03-08,116.78647840464907,115.94525909423828
2021-03-09,117.15658219130438,117.55195617675781
2021-03-10,117.60245972037313,117.78752899169922
2021-03-11,117.07251781911268,116.93791961669922
2021-03-12,114.74231796525372,114.45630645751953
2021-03-15,114.81801782260618,115.12926483154297
2021-03-16,115.26384377496474,114.66657257080078
2021-03-17,113.69075492623979,113.80852508544922
2021-03-18,112.14291510555539,112.65605926513672
2021-03-19,112.79070883246868,113.35432434082031
2021-03-22,114.14503109652233,114.62451934814453
2021-03-23,114.90213568677392,115.65924072265625
2021-03-24,115.29752082200761,116.28174591064453
2021-03-25,116.41636968332128,115.3648452758789
2021-03-26,114.75910895805443,114.96100616455078
2021-03-29,115.10403743372007,113.98521423339844
2021-03-30,113.81693846112977,114.58245086669922
2021-03-31,114.69188413364516,113.94319915771484
2021-04-01,115.0255988519404,115.83426666259766
2021-04-05,115.02561898520246,115.32887268066406
2021-04-06,115.5394839406277,116.11228942871094
2021-04-07,115.78374831886669,115.30360412597656
2021-04-08,115.73321262365285,116.25547790527344
2021-04-09,115.82584759186649,115.83426666259766
2021-04-12,115.79216910766714,115.78373718261719
2021-04-13,115.65738455006515,116.65137481689453
2021-04-14,116.27232738743191,116.28074645996094
2021-04-15,117.50213939319795,118.22657775878906
2021-04-16,117.17361076623997,117.30838012695312
2021-04-19,116.8703248233889,116.97140502929688
2021-04-20,116.62605328827355,117.51054382324219
2021-04-21,117.544286563899,117.7464599609375
2021-04-22,117.93176835551685,118.26029205322266
2021-04-23,118.25185663539813,117.98229217529297
2021-04-26,118.05813200930407,117.81385040283203
2021-04-27,117.58642753393877,116.78617858886719
2021-04-28,116.79457786181082,116.86196899414062
2021-04-29,115.78369315976579,116.51656341552734
2021-04-30,116.67666637357286,116.78617858886719
2021-05-03,117.00802101804103,116.8561782836914
2021-05-04,117.67445415133389,117.6491470336914
2021-05-05,117.28638784441196,117.84317016601562
2021-05-06,117.47207068760628,118.03728485107422
2021-05-07,118.18906134849281,117.45511627197266
2021-05-10,117.21891278995467,116.2656478881836
2021-05-11,115.76788432435181,115.60759735107422
2021-05-12,115.29545737800262,114.39280700683594
2021-05-13,114.67119763704089,114.5699691772461
2021-05-14,115.17741776040292,115.64140319824219
2021-05-17,115.43047992598582,115.396728515625
2021-05-18,115.06773479225339,115.10148620605469
2021-05-19,115.18584891745488,114.82310485839844
2021-05-20,115.37138801430164,115.76788330078125
2021-05-21,116.13066007629084,116.13909149169922
2021-05-24,116.40904655807677,116.56932067871094
2021-05-25,116.94895341000735,117.6491470336914
2021-05-26,117.75882316264799,117.44669342041016
2021-05-27,116.83930141136642,116.97428131103516
2021-05-28,116.90680812950929,116.78870391845703
2021-06-01,116.43303310796112,116.76251220703125
2021-06-02,117.04970639046873,117.03280639648438
2021-06-03,117.01594613355658,116.59353637695312
2021-06-04,117.02438929320115,118.19023132324219
2021-06-07,117.92833190120004,117.82695770263672
2021-06-08,118.83226388364199,118.65484619140625
2021-06-09,119.76159189660358,119.70246124267578
2021-06-10,118.97593619328077,120.42057037353516
2021-06-11,120.2262191772461,120.2262191772461
2021-06-14,120.04881152512327,119.30536651611328
2021-06-15,118.95059168859125,119.16179656982422
2021-06-16,119.45746044449628,119.06039428710938
2021-06-17,119.84610614371311,120.84298706054688
2021-06-18,121.8905765400331,123.11556243896484
2021-06-21,121.98348290505814,121.0541763305664
2021-06-22,120.10800576985054,121.34989166259766
2021-06-23,120.90209540502363,121.03726959228516
2021-06-24,121.1639879182515,121.23157501220703
2021-06-25,121.02885626982825,119.97283172607422
2021-06-28,120.5726080773094,121.20622253417969
2021-06-29,120.89368664193056,121.40902709960938
2021-06-30,121.86520467177908,121.94969177246094
2021-07-01,121.79569385390556,121.9564208984375
2021-07-02,122.0072571116716,122.69245147705078
2021-07-06,123.26763469233724,124.13047790527344
2021-07-07,124.83257729147732,125.23014831542969
2021-07-08,125.94071950507467,125.72077178955078
2021-07-09,124.24042225807796,123.95281219482422
2021-07-12,124.42656287216533,123.79212188720703
2021-07-13,124.19807505527466,122.84459686279297
2021-07-14,123.51294004818193,124.24043273925781
2021-07-15,125.15407318945103,125.61087799072266
2021-07-16,124.63802507772691,125.37398529052734
2021-07-19,127.69178670230312,128.1232147216797
2021-07-20,129.0283322254382,126.88815307617188
2021-07-21,125.34854609866221,125.2808837890625
2021-07-22,125.28938009700796,126.4652099609375
2021-07-23,125.14557182431058,125.6192855834961
2021-07-26,126.04223817562345,125.2470703125
2021-07-27,126.32136949162275,126.58360290527344
2021-07-28,125.76305741474738,126.59205627441406
2021-07-29,125.85617056794835,125.8900146484375
2021-07-30,126.15221562155017,126.48212432861328
2021-08-02,126.57700020861645,127.61028289794922
2021-08-03,127.67804718017578,127.67804718017578
2021-08-04,128.31325091910318,127.94058990478516
2021-08-05,127.68648248662441,127.28841400146484
2021-08-06,125.61991314715623,125.16255187988281
2021-08-09,125.47595107742286,124.71369934082031
2021-08-10,124.91698899503811,124.1377944946289
2021-08-11,124.00230452460195,124.06158447265625
2021-08-12,123.73122580158605,123.8582763671875
2021-08-13,124.35793153921917,125.81468963623047
2021-08-16,126.3568126576265,126.11966705322266
2021-08-17,126.09419414243064,126.06878662109375
2021-08-18,125.9502379177272,126.4922866821289
2021-08-19,127.30533167579392,127.42390441894531
2021-08-20,127.54252413386216,127.50865173339844
2021-08-23,127.21216645449927,127.42390441894531
2021-08-24,126.83952436122966,126.43299102783203
2021-08-25,126.37375037154227,125.38280487060547
2021-08-26,125.32347007518594,125.7300033569336
2021-08-27,125.83162455008956,126.58541107177734
2021-08-30,126.18740736634261,126.91578674316406
2021-08-31,126.7632935125159,126.0518569946289
2021-09-01,126.58530144831448,126.26304626464844
2021-09-02,126.55982594868935,126.81422424316406
2021-09-03,125.73723635853617,125.66090393066406
2021-09-07,124.88075752094085,124.60090637207031
2021-09-08,125.21998554141179,125.44894409179688
2021-09-09,125.65247879178854,126.96692657470703
2021-09-10,126.27154114505797,125.84752655029297
2021-09-13,126.39021436107399,126.61071014404297
2021-09-14,126.97531578293888,128.14559936523438
2021-09-15,128.2304445524533,127.69618225097656
2021-09-16,126.92447083403707,127.11103820800781
2021-09-17,126.50892576362061,126.50045013427734
2021-09-20,127.68772549712877,128.0693359375
2021-09-21,127.80642170139662,127.95906066894531
2021-09-22,127.87420057846678,128.72222900390625
2021-09-23,127.56052878475192,125.81359100341797
2021-09-24,125.37261468186615,124.58395385742188
2021-09-27,123.86314298642306,124.12602996826172
2021-09-28,122.39603651679617,122.1925048828125
2021-09-29,122.79458659515214,122.40448760986328
2021-09-30,122.20097532278143,122.38754272460938
2021-10-01,122.99299617853377,123.41754913330078
2021-10-04,122.84016513472831,123.10338592529297
2021-10-05,122.78068798942009,121.91459655761719
2021-10-06,122.4665035736824,122.60236358642578
2021-10-07,121.58340339933399,121.32018280029297
2021-10-08,120.79372820346502,120.47107696533203
2021-10-11,120.2333810655146,120.16545104980469
2021-10-12,121.10793437093416,122.22026062011719
2021-10-13,122.78916075412481,123.40900421142578
2021-10-14,123.43447866859331,123.8675308227539
2021-10-15,123.1202798282868,123.145751953125
2021-10-18,123.12029681699643,123.7231674194336
2021-10-19,122.83164965925334,122.0165023803711
2021-10-20,121.63440975168467,121.19287109375
2021-10-21,121.42211627505723,121.04850769042969
2021-10-22,121.80417048307741,122.3815689086914
2021-10-25,121.99095037003767,122.19474029541016
2021-10-26,122.79764308235609,123.2052230834961
2021-10-27,124.3090726398733,125.44688415527344
2021-10-28,125.48933667797303,125.0223388671875
2021-10-29,124.3685165538956,125.40442657470703
2021-11-01,123.95740610804869,124.50152587890625
2021-11-02,124.5525304236962,125.05413818359375
2021-11-03,125.67476331694671,123.7618408203125
2021-11-04,124.01691206933351,125.06265258789062
2021-11-05,126.26992932832826,126.93307495117188
2021-11-08,126.64400575105469,126.69501495361328
2021-11-09,128.2083729133138,128.3444061279297
2021-11-10,128.23379256229106,125.99779510498047
2021-11-11,126.26137421269944,125.81077575683594
2021-11-12,125.82781834739643,125.25819396972656
2021-11-15,124.88409361265131,123.6853256225586
2021-11-16,123.86389920043841,123.37078857421875
2021-11-17,122.91168108151854,124.3484878540039
2021-11-18,124.11889294981515,124.8160400390625
2021-11-19,125.47072748467922,126.13387298583984
2021-11-22,125.31768651462933,124.654541015625
2021-11-23,124.06788930302699,122.85212707519531
2021-11-24,123.22623520129656,124.82459259033203
2021-11-26,126.53343565555727,127.97875213623047
2021-11-29,126.0913750943699,126.9500732421875
2021-11-30,128.23382108066284,128.8799591064453
2021-12-01,128.1002520067102,129.6750030517578
2021-12-02,130.1771988440791,129.8367156982422
2021-12-03,129.11319949111015,131.38597106933594
2021-12-06,131.13060364748267,129.5813751220703
2021-12-07,129.14731957065558,128.53443908691406
2021-12-08,128.08323980885493,126.31269836425781
2021-12-09,127.12136845991206,127.01922607421875
2021-12-10,127.61506080754191,126.7127685546875
2021-12-13,128.01513267617125,128.58544921875
2021-12-14,127.99811768411804,128.27902221679688
2021-12-15,127.3512094511652,127.04476928710938
2021-12-16,126.76179699098806,127.09414672851562
2021-12-17,128.11682016184915,128.53439331054688
2021-12-20,128.46624162308262,127.57144927978516
2021-12-21,126.24204506612772,127.08570861816406
2021-12-22,127.59699229201671,127.67369842529297
2021-12-23,127.47769103040616,126.56586456298828
2021-12-27,126.51469782043141,126.87261199951172
2021-12-28,127.4861945302688,126.36982727050781
2021-12-29,125.19379336626282,124.98926544189453
2021-12-30,125.48353314541328,126.03744506835938
2021-12-31,125.96078185249888,126.28461456298828
2022-01-03,124.76772844301779,122.9696273803711
2022-01-04,122.38163512723389,122.45832824707031
2022-01-05,122.83326295395682,121.7936019897461
2022-01-06,121.51238599689093,122.1089096069336
2022-01-07,121.97255336516241,121.23114776611328
2022-01-10,120.71135054333638,121.52944946289062
2022-01-11,121.75951295471602,122.3389892578125
2022-01-12,122.62872488777688,121.87028503417969
2022-01-13,122.19412055330747,122.95256042480469
2022-01-14,122.21965077654738,121.09477996826172
2022-01-18,120.12330965318125,119.39043426513672
2022-01-19,119.75691732700813,120.21710205078125
2022-01-20,120.47274699191816,120.95849609375
2022-01-21,122.20266315850128,122.39867401123047
2022-01-24,122.96963588518271,121.39309692382812
2022-01-25,121.95554549289409,121.19710540771484
2022-01-26,121.23119440226272,119.73136138916016
2022-01-27,121.35899530859312,121.9299545288086
2022-01-28,121.08630509353146,121.97257995605469
2022-01-31,121.163008737219,121.34197235107422
2022-02-01,121.41706192782134,120.93917846679688
2022-02-02,121.13544364932758,121.34878540039062
2022-02-03,119.84689731288412,120.40158081054688
2022-02-04,119.3433332558299,118.62649536132812
2022-02-07,118.54121968879605,118.70336151123047
2022-02-08,117.94385571617902,117.90971374511719
2022-02-09,118.37906023695007,118.13157653808594
2022-02-10,117.47448705086227,116.25416564941406
2022-02-11,116.80033100226635,117.97798156738281
2022-02-14,117.02226424575852,116.51023864746094
2022-02-15,115.71657352056165,115.1874771118164
2022-02-16,116.01523378222292,115.87016296386719
2022-02-17,116.44192925623754,116.73207092285156
2022-02-18,117.35499339378698,117.96087646484375
2022-02-22,117.50013268209479,118.26815795898438
2022-02-23,117.49151208196187,116.63814544677734
2022-02-24,118.70338160459866,116.71503448486328
2022-02-25,116.7917716184966,116.80030059814453
2022-02-28,118.13160760211946,119.36045837402344
2022-03-01,119.93721860354307,120.74044799804688
2022-03-02,119.49287908567858,116.61322784423828
2022-03-03,117.48482744467476,117.80098724365234
2022-03-04,119.93722176603366,119.83468627929688
2022-03-07,118.87764454218764,118.92037200927734
2022-03-08,117.50190532998003,117.72408294677734
2022-03-09,117.12595721989518,116.57052612304688
2022-03-10,115.2118506866946,114.89569091796875
2022-03-11,114.78461768920425,115.28022766113281
2022-03-14,113.39179926125108,112.58856964111328
2022-03-15,113.52850407550865,112.39202117919922
2022-03-16,112.64832895065148,113.4942855834961
2022-03-17,113.49428733437173,112.64833068847656
2022-03-18,113.28068533294267,114.02409362792969
2022-03-21,112.17837352077596,111.38369750976562
2022-03-22,110.19594383476775,109.95667266845703
2022-03-23,110.54631814212598,112.36640167236328
2022-03-24,110.78553511726105,111.4862289428711
2022-03-25,110.65739554323825,109.93962097167969
2022-03-28,110.56338734134499,110.87954711914062
2022-03-29,111.56314845098154,111.71696472167969
2022-03-30,111.14448002715376,112.58856964111328
2022-03-31,112.77650645230858,112.8619613647461
2022-04-01,111.26334896289312,113.29161834716797
2022-04-04,112.90647398930916,112.50425720214844
2022-04-05,111.90521027991376,109.96253967285156
2022-04-06,108.19955237529479,109.07247161865234
2022-04-07,107.92569633562098,108.25090026855469
2022-04-08,107.36088704079255,107.07847595214844
2022-04-11,106.05146923080498,105.38394165039062
2022-04-12,106.16276718362724,105.23849487304688
2022-04-13,105.30689953910048,105.45238494873047
2022-04-14,105.14429745041643,103.33854675292969
2022-04-18,103.44128519368772,102.82510375976562
2022-04-19,101.96929130704382,102.05487060546875
2022-04-20,102.88503009439648,104.10883331298828
2022-04-21,103.4070127815737,103.33854675292969
2022-04-22,102.75662980678241,102.68816375732422
2022-04-25,103.87773237090225,103.71513366699219
2022-04-26,104.7848741815553,104.75920104980469
2022-04-27,104.57093935521327,103.41559600830078
2022-04-28,103.0305084431418,103.56966400146484
2022-04-29,102.10620849916957,102.22602081298828
2022-05-02,101.03697173434489,100.45403289794922
2022-05-03,102.0485959854885,101.1313247680664
2022-05-04,101.1312925867694,101.68851470947266
2022-05-05,99.74254169133128,98.90242767333984
2022-05-06,97.84799061359568,97.44507598876953
2022-05-09,96.75069385137371,98.30233764648438
2022-05-10,99.34817045749472,99.19386291503906
2022-05-11,98.36233070885177,101.10557556152344
2022-05-12,101.17415949093085,100.91698455810547
2022-05-13,100.28260920859292,99.42534637451172
2022-05-16,99.62252760478378,99.3224868774414
2022-05-17,98.33662254015668,98.12230682373047
2022-05-18,98.34520163720967,100.21403503417969
2022-05-19,101.70563552365866,100.45403289794922
2022-05-20,100.37689725674484,101.5942153930664
2022-05-23,100.90841528971623,99.92256164550781
2022-05-24,101.07130779470805,101.89427947998047
2022-05-25,102.5372050863934,102.29717254638672
2022-05-26,102.03141054606805,101.83424377441406
2022-05-27,102.32290305547569,102.08287048339844
2022-05-31,100.45406699865939,99.92256164550781
2022-06-01,100.5039735254802,99.80835723876953
2022-06-02,100.16045306258673,99.85987854003906
2022-06-03,98.83790929011566,99.64517211914062
2022-06-06,98.88943242512599,97.80735778808594
2022-06-07,98.42567147246663,98.86365509033203
2022-06-08,98.48582299199374,97.98772430419922
2022-06-09,97.76440327008741,98.31403350830078
2022-06-10,98.21101121946496,97.7043228149414
2022-06-13,95.74626495581114,94.638427734375
2022-06-14,94.92184152166381,93.4447250366211
2022-06-15,94.5439583804081,95.18804931640625
2022-06-16,93.135568696679,95.94380950927734
2022-06-17,96.19285293204346,96.25296783447266
2022-06-21,94.54398251636009,94.62127685546875
2022-06-22,96.77682938922095,97.22339630126953
2022-06-23,97.81597214518442,98.02207946777344
2022-06-24,97.4380946020662,96.6651840209961
2022-06-27,95.51439931844881,95.84073638916016
2022-06-28,95.57450459219696,96.28730010986328
2022-06-29,96.51060787556413,97.79020690917969
2022-06-30,98.64040472996676,98.64899444580078
2022-07-01,99.73064487305021,99.66180419921875
2022-07-05,100.58250660305113,100.44483184814453
2022-07-06,101.0127370727454,98.75825500488281
2022-07-07,99.04223459449918,97.8891830444336
2022-07-08,97.66545071072049,96.80496215820312
2022-07-11,97.91497778561666,98.47429656982422
2022-07-12,99.39500764408298,99.05941772460938
2022-07-13,97.897765267836,100.19527435302734
2022-07-14,99.02500316998554,99.37779998779297
2022-07-15,99.67899222294257,99.93714141845703
2022-07-18,99.17129874293893,98.89594268798828
2022-07-19,98.87873271849452,98.36243438720703
2022-07-20,99.36921758885704,98.62059020996094
2022-07-21,99.11968490866559,100.3243637084961
2022-07-22,101.78718880799772,102.01091766357422
2022-07-25,100.42760866596737,101.01274108886719
2022-07-26,102.27765878301646,101.0901870727539
2022-07-27,101.54622282966858,100.5222396850586
2022-07-28,101.5806512644904,101.32250213623047
2022-07-29,101.2795015705541,101.04717254638672
2022-08-01,101.93767674832716,103.48075103759766
2022-08-02,103.57556183239386,101.29112243652344
2022-08-03,101.00663631704234,102.88591003417969
2022-08-04,102.56696821722666,102.8514404296875
2022-08-05,100.92042813066355,100.4031982421875
2022-08-08,101.41179337691783,102.02384948730469
2022-08-09,101.48937918485875,101.62730407714844
2022-08-10,101.48939140362663,100.96353912353516
2022-08-11,100.74802221932924,98.6101303100586
2022-08-12,99.22218009054771,99.610107421875
2022-08-15,100.28254362868843,99.52393341064453
2022-08-16,99.35150268404244,99.93769836425781
2022-08-17,99.18770207013334,98.89460754394531
2022-08-18,99.11010342259475,99.0411376953125
2022-08-19,97.61016499418677,97.44637298583984
2022-08-22,97.29118981368883,97.11878204345703
2022-08-23,96.71362156180868,96.58431243896484
2022-08-24,96.11018494554322,95.87743377685547
2022-08-25,95.96361987086631,97.21359252929688
2022-08-26,96.80845680817662,97.94636535644531
2022-08-29,97.36015220083625,97.13601684570312
2022-08-30,97.08430109928949,97.37739562988281
2022-08-31,97.14465492999473,96.4463882446289
2022-09-01,94.91389097351637,94.6806411743164
2022-09-02,94.74973176598601,95.21622467041016
2022-09-06,94.07591507995888,92.85784912109375
2022-09-07,93.57486587434875,94.3264389038086
2022-09-08,94.0240823358815,93.35890197753906
2022-09-09,93.58349669056368,93.56621551513672
2022-09-12,93.84265025318975,92.79736328125
2022-09-13,92.05445791728262,93.01335906982422
2022-09-14,92.72826892896389,93.3329849243164
2022-09-15,93.16883180704227,93.27249908447266
2022-09-16,92.46044699051485,92.49500274658203
2022-09-19,92.40001083376012,92.71100616455078
2022-09-20,91.3028840742567,91.78665161132812
2022-09-21,92.1754014751051,93.32435607910156
2022-09-22,91.38925122804874,90.94003295898438
2022-09-23,91.00051291262258,91.31150817871094
2022-09-26,91.01780705427001,89.56649780273438
2022-09-27,88.72851982902206,87.20809936523438
2022-09-28,89.09136042375901,90.12801361083984
2022-09-29,88.8926969392896,89.66154479980469
2022-09-30,90.0761802735703,88.5039291381836
2022-10-03,89.92752548296778,89.91020965576172
2022-10-04,90.18730238433801,89.6590805053711
2022-10-05,88.95766480293622,88.80179595947266
2022-10-06,88.83641214769435,88.30819702148438
2022-10-07,87.29508174313543,87.4509506225586
2022-10-10,87.02665165804657,86.09143829345703
2022-10-11,86.36853546092391,86.47245025634766
2022-10-12,85.9701842509468,86.89673614501953
2022-10-13,85.17351613420323,86.0654296875
2022-10-14,86.75818922459811,85.3553695678711
2022-10-17,85.97885578777506,84.93972778320312
2022-10-18,84.81850178186868,85.13890075683594
2022-10-19,84.1603808894797,83.58885955810547
2022-10-20,83.06930079720281,82.16006469726562
2022-10-21,80.54945231321973,80.6793441772461
2022-10-24,80.37624217312053,80.0125503540039
2022-10-25,81.90027321257257,82.3418960571289
2022-10-26,82.93073807294716,83.52823638916016
2022-10-27,83.97854017656587,84.40284729003906
2022-10-28,83.87461643344835,83.82266235351562
2022-10-31,83.4416504686321,83.22516632080078
2022-11-01,84.53249003585678,84.00296783447266
2022-11-02,84.1244893770412,83.63836669921875
2022-11-03,82.61407571317035,83.18700408935547
2022-11-04,82.55328823030453,81.78939056396484
2022-11-07,82.29287135713268,80.97340393066406
2022-11-08,81.42480680509094,81.85884094238281
2022-11-09,81.44218530460417,82.12796020507812
2022-11-10,83.96826619284438,85.28772735595703
2022-11-11,84.69743048404854,84.97521209716797
2022-11-14,84.9925681977696,84.7668685913086
2022-11-15,85.28771781313252,86.138427734375
2022-11-16,86.82418677466787,88.02212524414062
2022-11-17,86.98044674067376,87.09329986572266
2022-11-18,87.32766849263218,86.49432373046875
2022-11-21,87.40578150475257,86.85889434814453
2022-11-22,87.3710697637973,88.09156799316406
2022-11-23,88.6645105120683,89.62806701660156
2022-11-25,89.07247817825909,89.32421875
2022-11-28,89.94055296111864,89.57596588134766
2022-11-29,88.6731513367275,88.52558135986328
2022-11-30,88.21308720165148,89.17664337158203
2022-12-01,89.75442922954704,92.02548217773438
2022-12-02,91.62519619371585,93.18273162841797
2022-12-05,92.0951125499218,91.87757873535156
2022-12-06,92.66934748879132,93.06090545654297
2022-12-07,94.29654532289123,95.25369262695312
2022-12-08,94.58365792350416,94.99262237548828
2022-12-09,93.92236395898358,92.52144622802734
2022-12-12,93.85275394936744,92.81729125976562
2022-12-13,94.87951577964435,93.71353149414062
2022-12-14,93.67875535310601,94.11382293701172
2022-12-15,94.54206695396064,94.48101043701172
2022-12-16,92.98076920443296,93.42561340332031
2022-12-19,92.30913633856113,91.8555679321289
2022-12-20,90.17213314142748,90.22447204589844
2022-12-21,90.96588069069718,90.45125579833984
2022-12-22,90.42511362785721,90.433837890625
2022-12-23,89.47436373017082,89.10802459716797
2022-12-27,87.65135950821858,87.34607696533203
2022-12-28,87.79093674832033,86.83147430419922
2022-12-29,87.10184904342464,87.81708526611328
2022-12-30,87.11059357261581,86.84019470214844
2023-01-03,89.14290738895657,88.49745178222656
2023-01-04,90.03258521897155,89.70985412597656
2023-01-05,88.85507569489506,90.08493041992188
2023-01-06,89.57902974840951,91.7421875
2023-01-09,91.07056269496611,92.23063659667969
2023-01-10,91.17521863049369,90.70420837402344
2023-01-11,91.5590170916001,92.17830657958984
2023-01-12,92.30042900760716,93.9925765991211
2023-01-13,93.41687774141342,93.1115951538086
2023-01-17,92.16956217644946,92.50973510742188
2023-01-18,94.60313226228449,94.75141143798828
2023-01-19,94.28909379387423,94.15825653076172
2023-01-20,93.29476289925744,92.6318588256836
2023-01-23,92.0823357332246,92.19572448730469
2023-01-24,92.56208303301207,93.52154541015625
2023-01-25,93.65242036780042,93.74836730957031
2023-01-26,93.45178026224934,93.31222534179688
2023-01-27,92.62315936044001,93.07672119140625
2023-01-30,92.85867007508575,92.73655700683594
2023-01-31,93.31224522116739,93.47796630859375
2023-02-01,94.05073168211234,94.60165405273438
2023-02-02,95.24877188132967,94.72408294677734
2023-02-03,93.36861715359241,93.30740356445312
2023-02-06,92.47666416387572,92.61658477783203
2023-02-07,92.10935954837548,91.87324523925781
2023-02-08,91.85576489938242,92.31049346923828
2023-02-09,93.10631038938567,91.43604278564453
2023-02-10,91.29611815773605,90.41288757324219
2023-02-13,90.6927068170065,91.17367553710938
2023-02-14,91.1211905827133,90.96378326416016
2023-02-15,90.55278902642257,90.11554718017578
2023-02-16,89.25854598157532,88.83879089355469
2023-02-17,88.41031717983269,89.52965545654297
2023-02-21,88.33160339574084,87.78942108154297
2023-02-22,88.31413664137402,88.5939712524414
2023-02-23,88.79509950916558,89.45970916748047
2023-02-24,88.70764698012326,88.29663848876953
2023-02-27,88.57643827197981,88.54145812988281
2023-02-28,87.94683745370774,88.9437484741211
2023-03-01,88.38267426199253,87.98818969726562
2023-03-02,86.83979173881434,87.2079849243164
2023-03-03,88.47913694863067,89.32070922851562
2023-03-06,89.61001160864147,88.628173828125
2023-03-07,88.9437411243711,89.17166900634766
2023-03-08,89.76777500583255,89.25932312011719
2023-03-09,89.02264365296315,89.4784927368164
2023-03-10,91.19670837602764,92.56426239013672
2023-03-13,94.85226385969253,92.7746353149414
2023-03-14,92.1697711943881,91.24929809570312
2023-03-15,93.60747472273567,93.01136016845703
2023-03-16,94.13344505751213,92.28373718261719
2023-03-17,93.49349821587586,93.6688232421875
2023-03-20,93.69511363308709,92.84477996826172
2023-03-21,92.11717553211687,92.04704284667969
2023-03-22,91.7489811461228,93.27433013916016
2023-03-23,92.3626253708446,93.27433013916016
2023-03-24,93.87921461140569,93.6688232421875
2023-03-27,92.09087163732494,91.46845245361328
2023-03-28,91.3807762219074,91.63500213623047
2023-03-29,90.90740187445506,91.45092010498047
2023-03-30,91.57363597243375,91.87169647216797
2023-03-31,92.35384912163669,93.2480239868164
2023-04-03,93.05384134744098,93.6866226196289
2023-04-04,92.96592835345425,94.15238952636719
2023-04-05,94.71484725986335,95.13670349121094
2023-04-06,95.28612198062322,95.38279724121094
2023-04-10,94.60060868339262,93.84478759765625
2023-04-11,94.08208508110087,94.03813934326172
2023-04-12,94.08210356852052,93.94148254394531
2023-04-13,94.08206989685488,93.20320892333984
2023-04-14,92.62316805388889,92.35072326660156
2023-04-17,91.7706609848868,91.25213623046875
2023-04-18,91.23456862107962,91.57732391357422
2023-04-19,91.32247709623766,91.48945617675781
2023-04-20,92.1310150376024,92.2716293334961
2023-04-21,92.54406614723226,91.75308990478516
2023-04-24,92.24527076591478,92.64076232910156
2023-04-25,93.44927267251634,94.0029525756836
2023-04-26,93.85358743188328,93.00109100341797
2023-04-27,92.45618048107728,92.0782699584961
2023-04-28,93.3438299677241,93.56354522705078
2023-05-01,92.75118544423505,90.86567687988281
2023-05-02,91.63221899899742,93.13005065917969
2023-05-03,93.3944038043467,93.64991760253906
2023-05-04,92.70714333873606,92.72476196289062
2023-05-05,91.94059074795163,92.41637420654297
2023-05-08,91.20929949193005,91.1211929321289
2023-05-09,91.1916870697129,90.79520416259766
2023-05-10,91.34147042351766,91.67628479003906
2023-05-11,92.77764051658951,92.64547729492188
2023-05-12,92.55734917699492,91.87010192871094
2023-05-15,91.09478463626105,90.91857147216797
2023-05-16,90.22250205207457,90.64541625976562
2023-05-17,90.82165077034472,90.38111114501953
2023-05-18,90.04627152982357,89.71146392822266
2023-05-19,89.2180785548122,89.07710266113281
2023-05-22,89.2092551585697,88.75990295410156
2023-05-23,88.48673497860442,89.015380859375
2023-05-24,89.23569184470755,88.57488250732422
2023-05-25,88.72466587984954,88.3546142578125
2023-05-26,88.21364955595584,89.06829071044922
2023-05-30,89.3414078177183,89.95816040039062
2023-05-31,89.8612458242342,90.74232482910156
2023-06-01,91.23971726437237,91.09837341308594
2023-06-02,90.99234696682751,90.10009002685547
2023-06-05,89.53469992899353,89.93224334716797
2023-06-06,89.96758286540046,90.4623031616211
2023-06-07,90.25909753829681,89.1194839477539
2023-06-08,89.11061483967933,90.16188049316406
2023-06-09,89.75555176889752,90.03824615478516
2023-06-12,90.3209262508107,90.30326080322266
2023-06-13,90.20611383416184,89.4110336303711
2023-06-14,89.78205334178101,90.1265869140625
2023-06-15,91.01883400120609,90.9923324584961
2023-06-16,90.49760275084017,90.63894653320312
2023-06-20,91.08950051807619,91.26618194580078
2023-06-21,90.82447976487566,91.48704528808594
2023-06-22,90.81564003940825,90.38275909423828
2023-06-23,91.72557725329457,91.28386688232422
2023-06-26,91.54005848148907,91.38104248046875
2023-06-27,91.51357516832668,91.14253997802734
2023-06-28,91.35455326732576,91.53123474121094
2023-06-29,90.25908255958836,89.87921142578125
2023-06-30,90.16190894349835,90.93932342529297
2023-07-03,91.09702603071712,90.42381286621094
2023-07-05,90.25548536069552,89.5645523071289
2023-07-06,88.75846373943217,88.29784393310547
2023-07-07,87.85495264821569,87.76637268066406
2023-07-10,87.57148987676939,87.88152313232422
2023-07-11,88.2004091554775,88.33328247070312
2023-07-12,88.66987426872265,89.31652069091797
2023-07-13,89.74175030533546,90.25552368164062
2023-07-14,90.10490654318238,89.72400665283203
2023-07-17,89.67085444464169,89.7682876586914
2023-07-18,90.17577362060547,90.17577362060547
2023-07-19,90.35293068804172,91.19445037841797
2023-07-20,90.54779997617017,90.08717346191406
2023-07-21,90.49466177249029,90.11376190185547
2023-07-24,90.34407820414734,89.78601837158203
2023-07-25,89.31652549646475,89.6176986694336
2023-07-26,90.06947781989096,89.70629119873047
2023-07-27,89.210204669424,87.96121215820312
2023-07-28,88.04982216291394,88.41300201416016
2023-07-31,88.27127613306766,88.62560272216797
2023-08-01,87.79506949223392,87.17329406738281
2023-08-02,86.19624531846995,86.24065399169922
2023-08-03,84.55294847108462,84.25093841552734
2023-08-04,84.51742853112565,85.74321746826172
2023-08-07,85.37013442373079,84.89936065673828
2023-08-08,86.0363318395028,85.88533020019531
2023-08-09,86.05411184095416,86.32947540283203
2023-08-10,86.19622980584758,84.90825653076172
2023-08-11,84.65066729682071,84.71284484863281
2023-08-14,84.57069954689007,84.52629089355469
2023-08-15,84.20651781666386,84.01110076904297
2023-08-16,83.74463205596193,83.35379791259766
2023-08-17,83.05178247277293,82.99848937988281
2023-08-18,82.98959987796093,83.2916030883789
2023-08-21,82.30565151683857,82.18128967285156
2023-08-22,82.28790745143301,82.81198120117188
2023-08-23,83.76241201185937,84.86384582519531
2023-08-24,84.49964001497723,84.30422973632812
2023-08-25,84.08218468921159,84.57960510253906
2023-08-28,84.96154449646546,84.66841888427734
2023-08-29,84.35754777165977,85.54780578613281
2023-08-30,85.41456808041694,85.45897674560547
2023-08-31,85.75208777316173,85.84091186523438
2023-09-01,85.35002378918924,84.50364685058594
2023-09-05,83.99581810525915,83.31871795654297
2023-09-06,83.82652967355648,83.52362060546875
2023-09-07,83.74636082109197,83.7552719116211
2023-09-08,84.0849312123744,84.0760269165039
2023-09-11,83.47909625039358,83.4701919555664
2023-09-12,83.64835516833355,83.9512710571289
2023-09-13,83.67508916220002,83.93345642089844
2023-09-14,83.69292436293749,83.32764434814453
2023-09-15,83.26527602032048,82.81981658935547
2023-09-18,82.72182746172405,83.2920150756836
2023-09-19,82.92670985845507,82.67725372314453
2023-09-20,83.11382628880769,82.93563842773438
2023-09-21,81.33198877433908,80.80634307861328
2023-09-22,80.9043538361675,81.45672607421875
2023-09-25,79.87976182199117,79.45211791992188
2023-09-26,79.67486140480594,79.17594909667969
2023-09-27,79.7728797163513,78.76614379882812
2023-09-28,78.0623190883621,79.0066909790039
2023-09-29,79.53231456701977,79.01558685302734
2023-10-02,78.48826885697368,77.69284057617188
2023-10-03,77.13872075097655,76.02154541015625
2023-10-04,76.65610226206523,77.09403991699219
2023-10-05,76.96000121305684,76.70975494384766
2023-10-06,75.25294773544445,75.78025817871094
2023-10-09,76.41480547417417,77.55879211425781
2023-10-10,76.72761136042776,77.45154571533203
2023-10-11,78.51508479141482,79.06920623779297
2023-10-12,78.69383359035213,76.92422485351562
2023-10-13,78.29164357411689,78.30058288574219
2023-10-16,77.03147278057892,77.0404052734375
2023-10-17,75.8696286149181,76.19137573242188
2023-10-18,75.4137905985296,75.52104187011719
2023-10-19,74.96696727075621,73.97491455078125
2023-10-20,74.17152336753378,74.39495849609375
2023-10-23,74.01063212737957,75.28868103027344
2023-10-24,75.4674310956458,76.28073120117188
2023-10-25,75.09208109261658,74.58264923095703
2023-10-26,74.60946312131287,75.72663879394531
2023-10-27,75.24401839749854,75.40489196777344
2023-10-30,74.90439589292703,75.06526947021484
2023-10-31,75.4048777344894,74.69882202148438
2023-11-01,75.36784303190306,76.3184585571289
2023-11-02,77.7354214571925,78.05827331542969
2023-11-03,79.64562220592123,78.58738708496094
2023-11-06,78.08517160221122,77.8250961303711
2023-11-07,78.5694534341669,78.97301483154297
2023-11-08,79.34968847774189,80.3182373046875
2023-11-09,79.76220194533467,78.47079467773438
2023-11-10,79.12548695944984,78.91024780273438
2023-11-13,78.21969218551862,78.73087310791016
2023-11-14,80.71280963292227,80.51551055908203
2023-11-15,79.82498523790984,79.38554382324219
2023-11-16,80.0850535337804,80.37203216552734
2023-11-17,80.85633021206998,80.74871063232422
2023-11-20,80.37204416973249,81.241943359375
2023-11-21,81.16123437785681,81.2060775756836
2023-11-22,81.71723660748218,81.49303436279297
2023-11-24,80.80250881274101,80.5334701538086
2023-11-27,80.98186068069805,81.87866973876953
2023-11-28,81.52892676233975,82.04010772705078
2023-11-29,82.60508865934197,83.07142639160156
2023-11-30,82.47954963805344,82.11185455322266
2023-12-01,82.14693018716845,83.65834045410156
2023-12-04,83.2085340960582,83.32549285888672
2023-12-05,84.23413229232258,85.11579132080078
2023-12-06,85.5386128397001,86.24933624267578
2023-12-07,85.62858156494164,85.75453186035156
2023-12-08,84.94482746725095,85.05278778076172
2023-12-11,84.5760000899617,84.87287902832031
2023-12-12,84.70194267947487,85.1247787475586
2023-12-13,85.61957454233269,87.12198638916016
2023-12-14,88.14276249452944,89.38827514648438
2023-12-15,89.07240835289227,89.48757934570312
2023-12-18,88.90089982021746,88.77454376220703
2023-12-19,89.22583910766659,89.25291442871094
2023-12-20,89.45146905379329,89.85761260986328
2023-12-21,90.02007024002305,89.28900909423828
2023-12-22,89.69514531154208,88.88285827636719
2023-12-26,88.93701283070608,89.13557434082031
2023-12-27,90.05616432714986,90.71502685546875
2023-12-28,90.33597036548548,90.05618286132812
2023-12-29,89.46951806747637,89.24388122558594
2024-01-02,88.6572325948719,88.72943115234375
2024-01-03,87.89004001136647,89.09945678710938
2024-01-04,87.92618088939797,87.74567413330078
2024-01-05,87.09582991671846,86.90629577636719
2024-01-08,86.8521420770009,87.76371002197266
2024-01-09,87.2221876292213,87.20413970947266
2024-01-10,87.47489949686475,86.79798889160156
2024-01-11,86.79796303853901,87.28533935546875
2024-01-12,87.34854060647206,87.11387634277344
2024-01-16,86.301592434447,85.57955169677734
2024-01-17,85.38097479528847,85.44415283203125
2024-01-18,85.25461499638548,84.64990997314453
2024-01-19,84.57769647248703,84.92066192626953
2024-01-22,85.57952542691811,85.42609405517578
2024-01-23,84.740171511879,84.74919891357422
2024-01-24,85.29974284819072,84.2527847290039
2024-01-25,84.8394474453992,84.8033447265625
2024-01-26,84.77627551272133,84.6408920288086
2024-01-29,85.11925012631133,85.61565399169922
2024-01-30,86.17523623643632,86.391845703125
2024-01-31,86.84311131831113,87.240234375
2024-02-01,88.20904556316111,88.9515151977539
2024-02-02,87.16780474403046,86.9867172241211
2024-02-05,85.6828433916301,85.23011779785156
2024-02-06,85.32971312211852,86.0631332397461
2024-02-07,85.62852334826586,85.6466293334961
2024-02-08,85.1305229708622,85.14863586425781
2024-02-09,84.89512097028751,84.97660827636719
2024-02-12,85.02186990122134,85.0761947631836
2024-02-13,84.0801978726648,83.61841583251953
2024-02-14,83.57315185623476,84.04398345947266
2024-02-15,84.71401953671553,84.47860717773438
2024-02-16,83.73615973789144,83.98968505859375
2024-02-20,84.01681197120172,84.06208038330078
2024-02-21,84.05304514903847,83.4645004272461
2024-02-22,83.60030940265996,83.87194061279297
2024-02-23,83.9806049247346,84.99471282958984
2024-02-26,85.11240342811641,84.74116516113281
2024-02-27,84.42425757320235,84.14356994628906
2024-02-28,84.27940156915497,84.67779541015625
2024-02-29,84.94944285483743,85.27540588378906
2024-03-01,84.87121850467456,85.8067626953125
2024-03-04,85.1073510354672,85.46158599853516
2024-03-05,86.49706207380551,86.67871856689453
2024-03-06,86.73322209610178,87.18737030029297
2024-03-07,87.52341382928756,87.10559844970703
2024-03-08,87.0147981223455,86.95121765136719
2024-03-11,87.16011409734806,86.90579223632812
2024-03-12,86.32450710849245,86.1791763305664
2024-03-13,85.83398737764243,85.76132202148438
2024-03-14,85.13462790970686,84.44432067871094
2024-03-15,84.52603669518224,84.41704559326172
2024-03-18,84.22633071683454,84.16275024414062
2024-03-19,84.33530717265097,84.39888763427734
2024-03-20,84.56238445854554,84.37164306640625
2024-03-21,84.71680020497043,84.55330657958984
2024-03-22,85.55241279924122,85.3616714477539
2024-03-25,85.11643276720254,84.93477630615234
2024-03-26,84.93477693990077,85.17092895507812
2024-03-27,85.37075841385436,86.0156478881836
2024-03-28,85.82491783612895,85.94300079345703
2024-04-01,85.01529574194167,84.34093475341797
2024-04-02,83.4478546004323,83.87616729736328
2024-04-03,83.1653491410067,83.8579330444336
2024-04-04,84.41382089548742,84.45938873291016
2024-04-05,83.5572066089825,83.2838134765625
2024-04-08,83.13801435699386,83.27470397949219
2024-04-09,83.72123980409184,84.04930877685547
2024-04-10,83.11066927200599,82.21759796142578
2024-04-11,82.36340506115519,81.84396362304688
2024-04-12,82.60034902198062,82.2813949584961
2024-04-15,81.30629288849187,81.00556182861328
2024-04-16,80.24006260917294,80.46788787841797
2024-04-17,80.9873624521289,81.36099243164062
2024-04-18,81.32451181012325,80.95088195800781
2024-04-19,81.46121063817424,81.24250030517578
2024-04-22,80.81419594790276,81.1058120727539
2024-04-23,80.85977720064648,81.13316345214844
2024-04-24,80.70484084738996,80.55903625488281
2024-04-25,79.70241004916925,79.99402618408203
2024-04-26,80.42233059592196,80.41321563720703
2024-04-29,80.7959921433918,81.08760833740234
2024-04-30,80.57726175699877,80.39500427246094
2024-05-01,81.02416757259836,80.98758697509766
2024-05-02,80.66751457938209,81.33509826660156
2024-05-03,82.24044254535137,82.15813446044922
2024-05-06,82.18557266832342,82.47821044921875
2024-05-07,83.12750830613035,82.98118591308594
2024-05-08,82.5879452564076,82.47821044921875
2024-05-09,82.18558946456734,82.88059997558594
2024-05-10,82.5605228804982,82.4142074584961
2024-05-13,82.807429953739,82.62452697753906
2024-05-14,82.89889182904001,83.09093475341797
2024-05-15,84.01455435023844,84.22488403320312
2024-05-16,84.49010624672454,84.1426010131836
2024-05-17,83.80423080308177,83.57560729980469
2024-05-20,83.29210898068006,83.32868957519531
2024-05-21,83.8865500019614,83.75851440429688
2024-05-22,83.46586003346943,83.85909271240234
2024-05-23,83.95054497104051,83.31954193115234
2024-05-24,83.1915131466488,83.56645202636719
2024-05-28,83.52071808878279,82.36845397949219
2024-05-29,81.7008773221701,81.37166595458984
2024-05-30,81.93865786243559,82.15813446044922
2024-05-31,82.74342121083357,82.71598052978516
2024-06-03,83.17295049728003,84.05386352539062
2024-06-04,84.60445410974717,85.03573608398438
2024-06-05,85.33853336309356,85.65969848632812
2024-06-06,85.26511688316889,85.5312271118164
2024-06-07,84.26492828293321,83.96211242675781
2024-06-10,83.5032976209283,83.40235900878906
2024-06-11,83.53084049436364,84.26493835449219
2024-06-12,85.35687292652946,84.89806365966797
2024-06-13,85.5404095869477,86.14603424072266
2024-06-14,86.64155175706325,86.87095642089844
2024-06-17,85.81569388427528,86.0083999633789
2024-06-18,86.15520097403613,86.79753112792969
2024-06-20,85.71475823688664,86.21944427490234
2024-06-21,86.47637636711026,86.21944427490234
2024-06-24,86.30203488084715,86.5681381225586
2024-06-25,86.32039710000667,86.71497344970703
2024-06-26,85.5954765778255,85.47618865966797
2024-06-27,85.8156967163086,85.8156967163086
2024-06-28,86.00840051349014,84.21903991699219
2024-07-01,83.23497184449573,82.7655029296875
2024-07-02,83.47433418957205,83.40989685058594
2024-07-03,83.925382334771,84.50532531738281
2024-07-05,84.93797649755963,85.2049331665039
2024-07-08,85.1865263766147,85.38904571533203
2024-07-09,85.12209421322272,85.01162719726562
2024-07-10,85.10366775391341,85.27857208251953
2024-07-11,86.23593031789406,86.1070556640625
2024-07-12,86.09786467383762,86.47528839111328
2024-07-15,85.60996137978495,85.48108673095703
2024-07-16,86.09785314570391,86.68699645996094
2024-07-17,86.45686480498595,86.70541381835938
2024-07-18,86.23593742392278,86.0426254272461
2024-07-19,85.64679055081231,85.53632354736328
2024-07-22,85.97817603351982,85.28777313232422
2024-07-23,85.43505507984423,85.16809844970703
2024-07-24,85.2325485205722,84.24757385253906
2024-07-25,84.71703842884288,84.9379653930664
2024-07-26,85.563946704973,85.60076904296875
2024-07-29,86.22672451661418,86.06102752685547
2024-07-30,86.3003808315788,86.3924331665039
2024-07-31,87.01838138104348,87.27613067626953
2024-08-01,87.87185832857503,88.02886962890625
2024-08-02,89.58977347498276,90.77198791503906
2024-08-05,92.07429001541863,91.25228118896484
2024-08-06,90.65193558214368,89.21110534667969
2024-08-07,88.61999162737649,88.58305358886719
2024-08-08,87.85339808877119,88.03811645507812
2024-08-09,89.13721252347466,88.90631103515625
2024-08-12,88.69386018957094,89.22955322265625
2024-08-13,89.8668571065954,89.84838104248047
2024-08-14,90.097743480465,90.4117660522461
2024-08-15,89.04484564520061,89.68212890625
2024-08-16,89.99615478515625,89.99615478515625
2024-08-19,89.97767022350534,90.4117660522461
2024-08-20,90.80892625372462,91.13218688964844
2024-08-21,91.13220091951246,91.1876220703125
2024-08-22,90.72582760661462,90.2824935913086
2024-08-23,90.68888541900513,90.87360382080078
2024-08-26,91.15068635831474,90.6427001953125
2024-08-27,90.04233806043862,90.48567199707031
2024-08-28,90.52262011540034,90.37483978271484
2024-08-29,89.93151138429138,90.07928466796875
2024-08-30,90.21783732751135,89.11874389648438
2024-09-03,90.40025068868114,90.57630920410156
2024-09-04,90.69675960042804,91.74383544921875
2024-09-05,92.04960203048184,92.26272583007812
2024-09-06,92.24421797488702,92.25347900390625
2024-09-09,92.10521890810942,92.65191650390625
2024-09-10,92.5407157755624,93.300537109375
2024-09-11,93.11521395568788,93.22640991210938
2024-09-12,92.99474925647088,92.7908935546875
2024-09-13,93.08742589929504,93.04109954833984
2024-09-16,93.2449374822076,93.89356994628906
2024-09-17,94.02330704760624,93.43953704833984
2024-09-18,92.88355666016886,92.28125762939453
2024-09-19,91.66044267903511,91.97549438476562
2024-09-20,91.72530280552745,91.62337493896484
2024-09-23,91.27124206885492,91.42876434326172
2024-09-24,90.80794119032319,91.41024017333984
2024-09-25,91.04886444244576,90.65042114257812
2024-09-26,90.87280874583038,90.86354064941406
2024-09-27,91.30833101094899,91.33612823486328
2024-09-30,91.40097540278123,90.90060424804688
2024-10-01,91.84509803627066,91.55691528320312
2024-10-02,90.50645467555678,90.78533935546875
2024-10-03,90.48786177448113,89.93009948730469
2024-10-04,88.72161055704062,88.82386779785156
2024-10-07,88.29401390363289,88.15457153320312
2024-10-08,87.74555176055048,88.30331420898438
2024-10-09,88.00582218846796,87.80130767822266
2024-10-10,87.27143380513861,87.45735931396484
2024-10-11,86.89960328171526,87.10411071777344
2024-10-14,86.49057317936187,87.16918182373047
2024-10-15,87.81061575445608,88.22894287109375
2024-10-16,88.67513924481388,88.60076904296875
2024-10-17,87.65255698935043,87.19705200195312
2024-10-18,87.42946776988143,87.26213836669922
2024-10-21,86.47196966635084,85.73758697509766
2024-10-22,86.1280150313823,85.82124328613281
2024-10-23,85.37503174832085,85.5888442993164
2024-10-24,85.73758289332864,86.13731384277344
2024-10-25,86.44408696308376,85.65392303466797
2024-10-28,85.77474891284153,85.42150115966797
2024-10-29,84.75218916186617,85.55165100097656
2024-10-30,86.30463920526047,85.80265808105469
2024-10-31,85.70969133863264,85.94209289550781
2024-11-01,86.05494750503712,84.7304458618164
2024-11-04,86.0736049573697,86.04562377929688
2024-11-05,85.84043809208288,86.502685546875
2024-11-06,83.61115724295331,84.13349151611328
2024-11-07,84.64651442434202,85.18750762939453
2024-11-08,85.81245052215037,86.26949310302734
2024-11-11,86.04561441617352,85.84973907470703
2024-11-12,85.22480831610045,84.56256103515625
2024-11-13,85.36472005181712,83.76040649414062
2024-11-14,84.4692865393864,84.24542999267578
2024-11-15,83.8723334813382,84.02157592773438
2024-11-18,83.62982841572381,84.17081451416016
2024-11-19,84.71180824361616,84.5998764038086
2024-11-20,84.08686082333284,84.32937622070312
2024-11-21,84.36668626468801,84.26408386230469
2024-11-22,84.42265418332073,84.31072235107422
2024-11-25,85.99897932499682,86.49333953857422
2024-11-26,85.96169449001407,86.1575698852539
2024-11-27,86.78249778140082,86.7545166015625
2024-11-29,87.47273972439073,87.64996337890625
2024-12-02,87.29896312502939,87.86055755615234
2024-12-03,87.91670788781495,87.10240173339844
2024-12-04,86.68120617949096,88.03837585449219
2024-12-05,87.72015579625105,88.21622467041016
2024-12-06,88.65611204432031,88.34723663330078
2024-12-09,87.97285595697515,87.53294372558594
2024-12-10,87.06496054458084,87.12112426757812
2024-12-11,87.1117455615129,86.29743957519531
2024-12-12,85.77330790034905,85.24916076660156
2024-12-13,84.98708173433926,84.37869262695312
2024-12-16,84.7530831633182,84.63140106201172
2024-12-17,84.72499812813678,84.83731842041016
2024-12-18,84.53758655924585,83.77649688720703
2024-12-19,82.7523063631359,82.50800323486328
2024-12-20,83.18453120246637,82.97781372070312
2024-12-23,82.83687300014176,82.21672058105469
2024-12-24,81.7844983999046,82.56438446044922
2024-12-26,81.94421132310177,82.51737976074219
2024-12-27,82.19793378911604,81.84087371826172
2024-12-30,82.52679126182925,82.49860382080078
2024-12-31,82.80868304924546,82.05699157714844
2025-01-02,82.49863221631051,82.28251647949219
2025-01-03,82.4234536275989,82.01941680908203
2025-01-06,81.79389849158196,81.6529541015625
2025-01-07,81.3710506430889,80.73210906982422
2025-01-08,80.30930259047152,80.83548736572266
2025-01-10,80.13077202599489,80.2999038696289
2025-01-13,80.3656585187801,80.27169799804688
2025-01-14,80.08378472277231,80.1401596069336
2025-01-15,81.46503364781286,81.52141571044922
2025-01-16,81.4086584000202,81.78450775146484
2025-01-17,82.15095228185461,81.92544555664062
2025-01-21,82.58316916279193,82.65834045410156
2025-01-22,82.56437599177553,82.22611236572266
2025-01-23,81.40864343982146,81.58717346191406
2025-01-24,81.48381112066718,81.95362091064453
2025-01-27,82.8368701692565,82.92143249511719
2025-01-28,82.53620148597697,82.86507415771484
2025-01-29,83.09056902814703,82.69593048095703
2025-01-30,83.07178459723136,83.0060043334961
2025-01-31,83.04358869410254,82.46102905273438
2025-02-03,83.52847762013643,83.13243103027344
2025-02-04,82.55722616636564,83.38703918457031
2025-02-05,84.34886098413772,84.7637710571289
2025-02-06,84.73549069728291,84.72605895996094
2025-02-07,84.15083491063434,84.17912292480469
2025-02-10,84.16968187300968,83.92450714111328
2025-02-11,83.48133497390828,83.38703918457031
2025-02-12,82.3120310378639,82.25545501708984
2025-02-13,83.06642247480126,83.6227798461914
2025-02-14,84.28285094732863,84.06597137451172
2025-02-18,83.49075385339432,83.07584381103516
2025-02-19,82.93439067708682,83.1795654296875
2025-02-20,83.40588956280878,83.49076080322266
2025-02-21,83.8019280444401,84.49972534179688
2025-02-24,84.23569777706572,84.74490356445312
2025-02-25,85.78217786028794,86.20651245117188
2025-02-26,86.20650011878249,86.71570587158203
2025-02-27,86.102783203125,86.102783203125
2025-02-28,86.61200226976877,87.15892791748047
2025-03-03,86.46837954293026,87.56566619873047
2025-03-04,87.44269079356073,86.48728942871094
2025-03-05,86.6102618863396,85.7967529296875
2025-03-06,85.5886545323042,85.51297760009766
2025-03-07,86.21296443173992,85.2386474609375
2025-03-10,86.15620754756823,86.1278305053711
2025-03-11,86.05216311240777,85.51297760009766
2025-03-12,85.13462069106046,85.00218963623047
2025-03-13,84.73731792909989,85.74947357177734
2025-03-14,85.14406350535825,85.29541015625
2025-03-17,85.89136937090667,85.72109985351562
2025-03-18,85.26703546886311,85.80622100830078
2025-03-19,85.7778387200584,86.25080871582031
2025-03-20,87.21568844684082,86.30758666992188
2025-03-21,86.39269973336827,85.7967529296875
2025-03-24,85.3237848217612,84.91703033447266
2025-03-25,84.72784660290905,84.90757751464844
2025-03-26,84.55758765864269,84.34947967529297
2025-03-27,84.04677719914584,84.1035385131836
2025-03-28,85.02109760901038,85.26704406738281
2025-03-31,86.29810956691755,86.10891723632812
2025-04-01,86.6272477798745,86.85508728027344
2025-04-02,87.69051553506172,86.79813385009766
2025-04-03,87.83291721001062,87.19686126708984
2025-04-04,88.90567685131886,88.14620208740234
2025-04-07,87.22534649178324,85.4880599975586
2025-04-08,84.7570623937795,83.87417602539062
2025-04-09,82.84889391966797,84.36784362792969
2025-04-10,83.29508244356859,82.04195404052734
2025-04-11,81.51982040285134,82.48814392089844
2025-04-14,82.97230086224499,83.07672882080078
2025-04-15,82.7349539837873,83.37100982666016
2025-04-16,83.35203122241683,83.83618927001953
2025-04-17,83.57989142354995,83.0957260131836
2025-04-21,82.21283676425607,81.64323425292969
2025-04-22,82.42168717913677,82.09891510009766
2025-04-23,84.37732251040215,82.89635467529297
2025-04-24,83.57038437717507,83.76974487304688
2025-04-25,84.39632098880568,84.38682556152344
2025-04-28,84.1684772701058,84.91844940185547
2025-04-29,84.79503096796569,85.63044738769531
2025-04-30,85.23172434973299,84.93743133544922
2025-05-01,85.04987415343683,84.50675964355469
2025-05-02,83.57297265731862,83.59203338623047
2025-05-05,83.22994188708007,83.12512969970703
2025-05-06,82.7059175234454,83.40148162841797
2025-05-07,83.77308178311822,83.7540283203125
2025-05-08,83.86835097103587,82.82023620605469
2025-05-09,82.89647775275644,82.94412231445312
2025-05-12,82.30572118773,82.17232513427734
2025-05-13,82.06751458485655,81.83883666992188
2025-05-14,81.7054338332888,81.29571533203125
2025-05-15,81.59107379329862,82.01032257080078
2025-05-16,82.77261439561671,82.22949981689453
2025-05-19,80.90504307445265,81.99127197265625
2025-05-20,81.40050506591797,81.40050506591797
2025-05-21,80.6859023728603,80.00939178466797
2025-05-22,79.58060661062926,80.42863464355469
2025-05-23,80.77165176455165,80.5620346069336
2025-05-27,81.32430487236653,81.68638610839844
2025-05-28,81.38146871476661,81.33382415771484
2025-05-29,81.724474327811,82.08655548095703
2025-05-30,82.02939335515731,82.21043395996094
2025-06-02,81.56966981937087,81.44534301757812
2025-06-03,81.71313131367867,81.30188751220703
2025-06-04,82.04785457826394,82.6216812133789
2025-06-05,82.89902488719723,82.6790542602539
2025-06-06,82.04784661164543,81.62703704833984
2025-06-09,81.3305584071544,81.7131118774414
2025-06-10,82.34433119650593,82.13392639160156
2025-06-11,82.0669536243327,82.38256072998047
2025-06-12,83.09986002337116,83.36764526367188
2025-06-13,82.94684639370723,82.56429290771484
2025-06-16,82.3251970314582,81.73223876953125
2025-06-17,82.24869285980401,82.72688293457031
2025-06-18,83.09029413069156,82.87033081054688
2025-06-20,82.38258408654293,82.71731567382812
2025-06-23,83.1381164705686,82.98509216308594
2025-06-24,82.69818224825146,83.58761596679688
2025-06-25,83.31026422023514,83.69281768798828
2025-06-26,83.76933476062061,84.11363220214844
2025-06-27,83.75020504527242,83.57805633544922
2025-06-30,84.02755556032379,84.40054321289062
2025-07-01,84.60021597405708,84.60981750488281
2025-07-02,83.69785602894773,84.07223510742188
2025-07-03,83.67865045453546,83.48666381835938
2025-07-07,83.07389151050404,82.68991088867188
2025-07-08,82.14275248362176,82.5843276977539
2025-07-09,82.7379132972761,83.44827270507812
2025-07-10,83.35227914651183,83.50586700439453
2025-07-11,82.77630701342495,82.35392761230469
2025-07-14,82.1139486507029,82.18114471435547
2025-07-15,82.44992270013486,81.60517120361328
2025-07-16,81.86433816230301,81.72034454345703
2025-07-17,81.80675145852985,81.70115661621094
2025-07-18,82.00834305308776,81.8259506225586
2025-07-21,82.76670116414641,82.55551147460938
2025-07-22,82.71872240324097,83.05470275878906
2025-07-23,82.60350411574628,82.59390258789062
2025-07-24,82.12354189913283,82.44992065429688
2025-07-25,82.36353530652325,82.96829986572266
2025-07-28,82.54591415322359,82.43072509765625
2025-07-29,82.77631497376746,83.8226547241211
2025-07-30,83.29467013414057,83.39067077636719
2025-07-31,83.64024782384791,83.43865966796875
2025-08-01,84.3743429594455,84.62488555908203
2025-08-04,84.75977987361709,84.85614013671875
2025-08-05,84.6537933867699,85.1163330078125
2025-08-06,84.64415467359969,84.62488555908203
2025-08-07,84.72124340986502,84.48033905029297
2025-08-08,84.18162682123574,84.11417388916016
2025-08-11,84.35507723814902,84.21053314208984
2025-08-12,83.73836070737147,83.78653717041016
2025-08-13,84.25871115650455,84.48033905029297
2025-08-14,84.32615882670348,83.8539810180664
2025-08-15,83.50709625895169,83.25655364990234
2025-08-18,83.35290487752542,83.01564025878906
2025-08-19,83.30473149691502,83.4974594116211
2025-08-20,83.43963761194493,83.6805419921875
2025-08-21,83.41071867240787,83.26618194580078
2025-08-22,83.67090703216275,83.88290405273438
2025-08-25,83.57455298627347,83.64200592041016
2025-08-26,83.36254491327969,83.59381103515625
2025-08-27,82.97710506964204,83.4974594116211
2025-08-28,83.62271316315697,84.04670715332031
2025-08-29,83.60344683768146,83.44926452636719
2025-09-02,82.8282699584961,82.8282699584961
2025-09-03,83.11845904292129,83.73751831054688
2025-09-04,84.1727876566839,84.37592315673828
2025-09-05,85.3335273085108,85.66239929199219
2025-09-08,86.25244498611204,86.80379486083984
2025-09-09,86.4749218367232,86.31048583984375
2025-09-10,86.47492286317726,86.80379486083984
2025-09-11,86.96824674618233,87.38417053222656
2025-09-12,86.89085848729353,87.00692749023438
2025-09-15,87.2003776145662,87.21005249023438
2025-09-16,87.14234184847172,87.39383697509766
2025-09-17,87.74206374095102,87.17137145996094
2025-09-18,86.33949892150878,86.27178955078125
2025-09-19,86.15572021338873,86.10735321044922
2025-09-22,85.91389742068716,85.79782104492188
2025-09-23,86.05899796235776,86.39754486083984
2025-09-24,86.16539881046283,86.06867218017578
2025-09-25,85.94292091901066,86.06867218017578
2025-09-26,86.07834662118988,85.99129486083984
2025-09-29,86.36853092004716,86.69740295410156
2025-09-30,86.72641232057387,86.4458999633789
2025-10-01,86.82445876135311,86.66915893554688
2025-10-02,86.68855560657943,86.92151641845703
2025-10-03,86.9991622012622,86.75650024414062
2025-10-06,86.10617910173258,86.06735229492188
2025-10-07,86.35855037568922,86.56238555908203
2025-10-08,86.97005060224218,86.63032531738281
2025-10-09,86.55267700593296,86.56238555908203
2025-10-10,87.33891462583654,87.96012878417969
2025-10-13,87.63009415770892,87.91158294677734
2025-10-14,87.98924950963271,88.19308471679688
2025-10-15,88.29013708674337,87.99894714355469
2025-10-16,87.86305785126413,88.65898895263672
2025-10-17,88.57162953917619,88.5230941772461
2025-10-20,88.77545369740716,88.8628158569336
2025-10-21,89.2898977707664,89.29960632324219
2025-10-22,89.28990405988903,89.35784912109375
2025-10-23,88.9210624534497,88.74634552001953
2025-10-24,88.90163688696029,88.78516387939453
2025-10-27,88.63957762485565,89.08607482910156
2025-10-28,89.15401475438028,89.31902313232422
2025-10-29,89.18313359239755,88.41632080078125
2025-10-30,87.73686997828536,87.9018783569336
2025-10-31,87.90187270371524,87.63980102539062
2025-11-03,87.30372237534002,87.42061614990234
2025-11-04,87.45958734439455,87.6154556274414
2025-11-05,87.19655444541434,86.6607666015625
2025-11-06,87.24526628287659,87.44010162353516
2025-11-07,87.05044858407327,87.25502014160156
2025-11-10,87.17707272231718,87.23552703857422
2025-11-11,87.62519747470292,87.63494110107422
2025-11-12,87.62519009642305,87.79080200195312
2025-11-13,87.479073924633,87.0699234008789
2025-11-14,87.46933283782248,86.57311248779297
2025-11-17,86.77768598621564,86.78742218017578
2025-11-18,87.04069965544889,86.75819396972656
2025-11-19,86.92380760933008,86.58284759521484
2025-11-20,86.69000281656874,86.9238052368164
2025-11-21,87.3329532761699,87.18682861328125
2025-11-24,87.62519283283974,87.68364715576172
2025-11-25,87.97588246703872,87.9076919555664
2025-11-26,87.82002965729109,88.29736328125
2025-11-28,88.12200233462218,87.87846374511719
2025-12-01,86.86272020826162,86.78450775146484
2025-12-02,86.59874931340295,86.82360076904297
2025-12-03,86.93114037466769,87.06800842285156
2025-12-04,86.9213679868785,86.59874725341797
2025-12-05,86.56942716105773,86.19792175292969
2025-12-08,86.21746954059701,85.91439819335938
2025-12-09,86.36411514799049,86.00239562988281
2025-12-10,86.03172155637924,86.33478546142578
2025-12-11,86.70628482751373,86.21746826171875
2025-12-12,85.42558082990669,85.386474609375
2025-12-15,85.75798698439485,85.44514465332031
2025-12-16,85.23983639450564,85.91439819335938
2025-12-17,85.66999358878618,85.83619689941406
2025-12-18,86.15880479432059,86.24679565429688
2025-12-19,85.98378012164083,85.92489624023438
2025-12-22,85.79730245909808,85.73841857910156
2025-12-23,85.45379774823586,85.87581634521484
2025-12-24,86.13098827925235,86.3959732055664
2025-12-26,86.46467688311037,86.11135864257812
2025-12-29,86.31746644724498,86.43524169921875
2025-12-30,86.11135836356893,86.22913360595703
2025-12-31,86.05247392137953,85.54212951660156
2026-01-02,85.77767788709063,85.41454315185547
2026-01-05,85.56176167950859,85.83656311035156
2026-01-06,85.532312621961,85.65989685058594
2026-01-07,86.20950594243614,86.16043853759766
2026-01-08,85.70897408485162,85.72859954833984
2026-01-09,85.67952553713839,86.2978286743164
2026-01-12,85.87581330461309,86.04265594482422
2026-01-13,86.2487489827241,86.18986511230469
2026-01-14,86.27820470075336,86.6904067993164
2026-01-15,86.99466032099072,86.67078399658203
2026-01-16,86.49412641078251,86.17025756835938
2026-01-20,85.02196250784627,85.04159545898438
2026-01-21,85.18881075778174,85.68933868408203
2026-01-22,85.65008438729505,86.06229400634766
2026-01-23,86.19968638889112,86.2978286743164
2026-01-26,86.75911212170551,86.71003723144531
2026-01-27,86.47450094582075,86.17025756835938
2026-01-28,85.88562743564349,85.97395324707031
2026-01-29,85.53231429854183,85.99359130859375
2026-01-30,85.75803952447104,85.51268005371094
2026-02-02,85.73139784271228,85.26836395263672
2026-02-03,85.20924422538387,85.47525024414062
2026-02-04,85.34717807415137,85.25851440429688
2026-02-05,85.642727052088,86.18458557128906
2026-02-06,86.15502694233591,86.24369812011719
2026-02-09,85.90873028811369,86.22399139404297
2026-02-10,86.93334096117675,87.21904754638672
2026-02-11,86.73629617323557,86.75599670410156
2026-02-12,87.05155649241905,87.90867614746094
2026-02-13,88.30274727750769,88.39141845703125
2026-02-17,88.59831657305031,88.5392074584961
2026-02-18,88.36186557705032,88.20423126220703
2026-02-19,88.07614905587127,88.29289245605469
2026-02-20,88.37172049244462,88.08602142333984
2026-02-23,88.22393620693998,88.41111755371094
2026-02-24,88.61800355657931,88.5687484741211
2026-02-25,88.38156276575319,88.57860565185547
2026-02-26,88.7263762978913,88.93326568603516
2026-02-27,89.34705593257176,89.47512817382812
2026-03-02,88.94235023949967,88.57661437988281
2026-03-03,87.95388170807864,88.39868927001953
2026-03-04,88.24052905005149,88.12191772460938
2026-03-05,87.60790901783561,87.76606750488281
2026-03-06,87.30148783392768,87.43987274169922
2026-03-09,87.28172092563359,88.20099639892578
2026-03-10,87.77595517849734,87.26194763183594
2026-03-11,86.73806740448416,86.13510131835938
2026-03-12,85.90775061242071,85.96705627441406
2026-03-13,85.92752462663273,85.54202270507812
2026-03-16,86.17463183758981,86.20428466796875
2026-03-17,86.35255457222965,86.44151306152344
2026-03-18,86.35255725152406,85.95716857910156
2026-03-19,86.05601470610192,86.4810562133789
2026-03-20,85.80889665794085,84.84020233154297
2026-03-23,85.18616805825769,85.39374542236328
2026-03-24,84.73147084121948,85.01812744140625
2026-03-25,85.74958826394544,85.83854675292969
2026-03-26,85.34431727718531,85.11697387695312
2026-03-27,84.51400462503094,84.65238952636719
2026-03-30,85.63097177541344,85.77924346923828
2026-03-31,85.92751491358793,85.6902847290039
2026-04-01,85.62577916123278,85.6059341430664
2026-04-02,85.55630828767876,86.13191223144531
2026-04-06,85.8441091962246,85.99297332763672
2026-04-07,85.86395466528666,85.98304748535156
2026-04-08,86.69759140579006,86.26092529296875
2026-04-09,86.03266855758574,86.04258728027344
2026-04-10,85.9433492639838,85.83418273925781
2026-04-13,85.78456189329883,86.09220886230469
2026-04-14,86.04258631495267,86.54872131347656
2026-04-15,86.36016213578868,86.1716079711914
2026-04-16,86.26092477404623,85.62577819824219
2026-04-17,86.38994502085978,86.4097900390625
2026-04-20,86.4494809760502,86.38993835449219
2026-04-21,86.31055035864615,85.91358184814453
2026-04-22,86.3899375621835,86.08228302001953
2026-04-23,86.17160582789596,85.89373016357422
2026-04-24,85.80441637627402,86.05252075195312
2026-04-27,85.8341849585956,85.62577819824219
2026-04-28,85.46699116435708,85.71509552001953
2026-04-29,85.33797286231855,85.0501708984375
2026-04-30,85.2387287820136,84.97077941894531
2026-05-01,85.16501989916473,85.27458953857422
2026-05-04,85.01559998593504,84.62712860107422
2026-05-05,84.81638937534774,85.09529113769531
2026-05-06,85.71286320030562,85.74274444580078
2026-05-07,85.94195920083952,85.3144302368164
2026-05-08,85.7228185491354,85.74274444580078
2026-05-11,85.54352317166318,85.22477722167969
2026-05-12,84.8562339130091,84.65701293945312
2026-05-13,84.60721669528155,84.46776580810547
2026-05-14,84.9259597597442,84.58728790283203
2026-05-15,83.54140593699309,83.33222961425781
2026-05-18,83.37206348713329,83.23261260986328
2026-05-19,82.6349701718077,82.69473266601562
2026-05-20,82.73457718317411,83.58125305175781
2026-05-21,83.29238220823869,83.89002990722656
2026-05-22,84.2785030149405,84.34822845458984
2026-05-26,85.00563623207975,84.7665786743164
2026-05-27,84.91599790956386,84.96580505371094
2026-05-28,85.02556716704362,85.4040756225586
2026-05-29,85.47380314670872,85.42400360107422
2026-06-01,84.93000030517578,85.47000122070312
2026-06-02,85.802001953125,85.62000274658203
