Date,QQQ
1985-10-01,2.3695516916957007
1985-10-02,2.3417652972193532
1985-10-03,2.342716283184867
1985-10-04,2.325917573138343
1985-10-07,2.2862982629358184
1985-10-08,2.264322894076171
1985-10-09,2.295384297857386
1985-10-10,2.3123941948194586
1985-10-11,2.346519743412765
1985-10-14,2.3916328152245088
1985-10-15,2.395753217037116
1985-10-16,2.415510156015184
1985-10-17,2.4244904362675914
1985-10-18,2.4156157494729587
1985-10-21,2.4020923711540743
1985-10-22,2.418151443362019
1985-10-23,2.431357880096194
1985-10-24,2.440232566890827
1985-10-25,2.4069524108052605
1985-10-28,2.4050506000856187
1985-10-29,2.4384365108403454
1985-10-30,2.44625461821169
1985-10-31,2.4401269734330526
1985-11-01,2.4569255222681905
1985-11-04,2.45195988915923
1985-11-05,2.460412040911379
1985-11-06,2.4802744121358358
1985-11-07,2.485345799913957
1985-11-08,2.519999477007521
1985-11-11,2.5440880047137453
1985-11-12,2.5740929902830585
1985-11-13,2.5602526703794646
1985-11-14,2.5744099318677676
1985-11-15,2.5815943172810796
1985-11-18,2.576945625756828
1985-11-19,2.5899407143640683
1985-11-20,2.5821224457813376
1985-11-21,2.611916244435102
1985-11-22,2.6195231648908974
1985-11-25,2.601879384759406
1985-11-26,2.619100468637028
1985-11-27,2.6575576059584898
1985-11-29,2.663685411948513
1985-12-02,2.6451964005206685
1985-12-03,2.646147386486182
1985-12-04,2.7034104768201987
1985-12-05,2.7143983224614083
1985-12-06,2.682597119630228
1985-12-09,2.6937961521869864
1985-12-10,2.704149953447392
1985-12-11,2.729611840950228
1985-12-12,2.741973207599435
1985-12-13,2.7918407256045907
1985-12-16,2.8020889334072216
1985-12-17,2.779373926708995
1985-12-18,2.7710273684146203
1985-12-19,2.787614730334209
1985-12-20,2.7946931998669746
1985-12-23,2.7622584362891476
1985-12-24,2.7475727238778145
1985-12-26,2.7542288195794824
1985-12-27,2.7783173472857063
1985-12-30,2.7880374265880787
1985-12-31,2.7954328377055537
1986-01-02,2.773457468845906
1986-01-03,2.758560569519024
1986-01-06,2.754440006495031
1986-01-07,2.805892232423733
1986-01-08,2.77145006466849
1986-01-09,2.7215825466633343
1986-01-10,2.7377472123290536
1986-01-13,2.727815946111132
1986-01-14,2.729611840950228
1986-01-15,2.779373926708995
1986-01-16,2.811597503371273
1986-01-17,2.8054698585926356
1986-01-20,2.780852879963381
1986-01-21,2.7699707889913316
1986-01-22,2.738803791752342
1986-01-23,2.7315138128812557
1986-01-24,2.7511648359787775
1986-01-27,2.7637373895435338
1986-01-28,2.788988251342207
1986-01-29,2.811597503371273
1986-01-30,2.7932142466125884
1986-01-31,2.808745029108889
1986-02-03,2.8365314235852366
1986-02-04,2.8441383440410326
1986-02-05,2.8676984208242264
1986-02-06,2.88724401167536
1986-02-07,2.9037256189257885
1986-02-10,2.9186225182526706
1986-02-11,2.9214749925150545
1986-02-12,2.930032737724978
1986-02-13,2.940597887112318
1986-02-14,2.9616227536406097
1986-02-18,2.9737726109514964
1986-02-19,2.9506349079994
1986-02-20,2.9570798167855186
1986-02-21,2.98243611083058
1986-02-24,2.9624678237255773
1986-02-25,2.945563520221279
1986-02-26,2.9344702423336804
1986-02-27,2.9693351063427937
1986-02-28,2.967222269918989
1986-03-03,2.9527480668459765
1986-03-04,2.9697578025966633
1986-03-05,2.9634186484797054
1986-03-06,2.975146131959494
1986-03-07,2.973244482451238
1986-03-10,3.009694054383898
1986-03-11,3.0711833011996816
1986-03-12,3.09812430316829
1986-03-13,3.106365106793504
1986-03-14,3.1061539198779555
1986-03-17,3.092736296228231
1986-03-18,3.1193603566121304
1986-03-19,3.116190940765037
1986-03-20,3.1230582233822535
1986-03-21,3.1273899733217956
1986-03-24,3.1080555693862113
1986-03-25,3.116402127680586
1986-03-26,3.111542249240786
1986-03-27,3.13520808069314
1986-03-31,3.145456288495771
1986-04-01,3.136792788616687
1986-04-02,3.1467240548346083
1986-04-03,3.1422868726486777
1986-04-04,3.106893557716534
1986-04-07,3.086185632772952
1986-04-08,3.1469352417501573
1986-04-09,3.149576529096992
1986-04-10,3.2068397806423947
1986-04-11,3.225856920570498
1986-04-14,3.2524813033771687
1986-04-15,3.273505847482688
1986-04-16,3.3574989140811495
1986-04-17,3.360879516843792
1986-04-18,3.331402982197509
1986-04-21,3.3496804842870334
1986-04-22,3.3356289774678904
1986-04-23,3.3271769869271273
1986-04-24,3.3777838203480903
1986-04-25,3.390567883251167
1986-04-28,3.378734645102218
1986-04-29,3.343869781093105
1986-04-30,3.273294660567139
1986-05-01,3.258397761240257
1986-05-02,3.275407496990944
1986-05-05,3.3204151365562993
1986-05-06,3.32009819497159
1986-05-07,3.3017149382129056
1986-05-08,3.320837832810169
1986-05-09,3.3367909891375676
1986-05-12,3.333304631705765
1986-05-13,3.3185134870480435
1986-05-14,3.3175626622939154
1986-05-15,3.291360975741114
1986-05-16,3.275090555406235
1986-05-19,3.2817466511079023
1986-05-20,3.317668094540304
1986-05-21,3.3267542906732577
1986-05-22,3.37302969657745
1986-05-23,3.3843341613805977
1986-05-27,3.4056759694935983
1986-05-28,3.4084226890868217
1986-05-29,3.4150787847884896
1986-05-30,3.4476196254582487
1986-06-02,3.4237422846675734
1986-06-03,3.4254327472602806
1986-06-04,3.4194105347280317
1986-06-05,3.4307153219539503
1986-06-06,3.420678301066869
1986-06-09,3.3514767015489006
1986-06-10,3.3408057974924
1986-06-11,3.381587441787374
1986-06-12,3.388560479073751
1986-06-13,3.4306095672847903
1986-06-16,3.397752107453093
1986-06-17,3.3507370637103215
1986-06-18,3.3487296595329052
1986-06-19,3.3656339630372036
1986-06-20,3.3720788718233226
1986-06-23,3.371444666231132
1986-06-24,3.397752107453093
1986-06-25,3.4231084014981548
1986-06-26,3.4171919436350664
1986-06-27,3.414973352542101
1986-06-30,3.436103651316781
1986-07-01,3.4511059828900517
1986-07-02,3.464523928962547
1986-07-03,3.4762510900195642
1986-07-07,3.33066334435893
1986-07-08,3.238429474135254
1986-07-09,3.283859809954479
1986-07-10,3.2601936560793527
1986-07-11,3.2298717289253305
1986-07-14,3.1544367299595644
1986-07-15,3.090411950466106
1986-07-16,3.1145004781723302
1986-07-17,3.1371097302013964
1986-07-18,3.1222128308745143
1986-07-21,3.107738627801502
1986-07-22,3.114711665087879
1986-07-23,3.1098517866480786
1986-07-24,3.112070377741044
1986-07-25,3.1327779802618543
1986-07-28,3.0745642263850956
1986-07-29,3.0470947734934573
1986-07-30,3.053750869195125
1986-07-31,3.0576599228807972
1986-08-01,3.046777831908748
1986-08-04,3.0115957038921537
1986-08-05,2.9975441970730112
1986-08-06,2.9697578025966633
1986-08-07,2.9729275408665288
1986-08-08,3.0067358254523535
1986-08-11,3.073190705377098
1986-08-12,3.1074216862167927
1986-08-13,3.1449281599955126
1986-08-14,3.169439061532835
1986-08-15,3.1605643747382017
1986-08-18,3.1498937931044733
1986-08-19,3.139856772217392
1986-08-20,3.1643679961774858
1986-08-21,3.169756003117544
1986-08-22,3.1895131033069983
1986-08-25,3.1676431666937392
1986-08-26,3.193950285492929
1986-08-27,3.212228110005225
1986-08-28,3.212756238505483
1986-08-29,3.205466259634397
1986-09-02,3.155598741629241
1986-09-03,3.1657415171854835
1986-09-04,3.1990216732710497
1986-09-05,3.162571778915618
1986-09-08,3.0966453499139037
1986-09-09,3.0799522333251543
1986-09-10,3.0583995607193764
1986-09-11,2.925701310208208
1986-09-12,2.853329972420375
1986-09-15,2.8513225682429586
1986-09-16,2.857027839190498
1986-09-17,2.88196143698169
1986-09-18,2.9188337051682196
1986-09-19,2.9255955555390476
1986-09-22,2.96077736113287
1986-09-23,2.9490502000758534
1986-09-24,2.9420771627894764
1986-09-25,2.9078461819497816
1986-09-26,2.907212298780363
1986-09-29,2.863895121807715
1986-09-30,2.905310326849335
1986-10-01,2.921580747184215
1986-10-02,2.920629922430087
1986-10-03,2.9277083919628524
1986-10-06,2.9395416301118016
1986-10-07,2.921369560268666
1986-10-08,2.942711045958895
1986-10-09,2.940597887112318
1986-10-10,2.9554947864392003
1986-10-13,2.9725048446126587
1986-10-14,2.9786324893912965
1986-10-15,3.002615584851132
1986-10-16,2.998389267157979
1986-10-17,2.9834926902538688
1986-10-20,2.9603549873017725
1986-10-21,2.956657120531649
1986-10-22,2.964580982572154
1986-10-23,3.0036718418516486
1986-10-24,2.9997627881659765
1986-10-27,2.9954310382264344
1986-10-28,3.010961820722735
1986-10-29,3.024379766795231
1986-10-30,3.059244630804344
1986-10-31,3.0529054766873855
1986-11-03,3.0598785139737625
1986-11-04,3.0842839832646964
1986-11-05,3.088826920119787
1986-11-06,3.0725568222076793
1986-11-07,3.0619916728203393
1986-11-10,3.0489964230017135
1986-11-11,3.071289055868842
1986-11-12,3.0761489343086423
1986-11-13,3.030401656904708
1986-11-14,3.0323036288357357
1986-11-17,3.0257532878032287
1986-11-18,2.9721879030279497
1986-11-19,2.9486275038219834
1986-11-20,2.9859224682623826
1986-11-21,3.019519565932659
1986-11-24,3.053222418272095
1986-11-25,3.080163742663475
1986-11-26,3.10340687786196
1986-11-28,3.126016452313798
1986-12-01,3.1030899362772506
1986-12-02,3.145562043164931
1986-12-03,3.1712352787947022
1986-12-04,3.1691221199481254
1986-12-05,3.149365342181443
1986-12-08,3.1240090481363816
1986-12-09,3.103301445615571
1986-12-10,3.1052030951238274
1986-12-11,3.0867140836959823
1986-12-12,3.0634706260747255
1986-12-15,3.044347731477462
1986-12-16,3.0531169860257066
1986-12-17,3.0225835495333633
1986-12-18,3.0185687411785307
1986-12-19,3.037903145114115
1986-12-22,3.044559240815783
1986-12-23,3.0175121617552425
1986-12-24,3.0173009748396935
1986-12-26,3.020259203771238
1986-12-29,2.9902542182019247
1986-12-30,2.9904654051174737
1986-12-31,2.9879298724397994
1987-01-02,3.018674495847691
1987-01-05,3.114711665087879
1987-01-06,3.1496822837661527
1987-01-07,3.232407584025777
1987-01-08,3.289776267817568
1987-01-09,3.317245720709206
1987-01-12,3.3661620915374617
1987-01-13,3.3728181872391296
1987-01-14,3.4370544760709087
1987-01-15,3.4684329826482196
1987-01-16,3.4339904924702043
1987-01-19,3.5172439212300866
1987-01-20,3.5186174422380843
1987-01-21,3.470862760656734
1987-01-22,3.5487281824765575
1987-01-23,3.523794262262594
1987-01-26,3.468327227979059
1987-01-27,3.521469916500468
1987-01-28,3.5419663321057295
1987-01-29,3.502135834987656
1987-01-30,3.521892612754338
1987-02-02,3.5985953780589415
1987-02-03,3.6250082515272917
1987-02-04,3.6661068374069745
1987-02-05,3.6900896104440384
1987-02-06,3.68998417819765
1987-02-09,3.6687481247538094
1987-02-10,3.641278671862171
1987-02-11,3.718509888089805
1987-02-12,3.7245321006220538
1987-02-13,3.783697001675712
1987-02-17,3.8805792410008673
1987-02-18,3.8290215828257765
1987-02-19,3.800706737426399
1987-02-20,3.7756673849660465
1987-02-23,3.7549597824452365
1987-02-24,3.781055714328877
1987-02-25,3.8239501950476558
1987-02-26,3.8496234306774264
1987-02-27,3.861562101072764
1987-03-02,3.825957599225072
1987-03-03,3.815392449837732
1987-03-04,3.8726553789603626
1987-03-05,3.9021322360294173
1987-03-06,3.893997187073363
1987-03-09,3.855751397878836
1987-03-10,3.897800486089875
1987-03-11,3.9156556143483012
1987-03-12,3.9042453948759936
1987-03-13,3.870331033198237
1987-03-16,3.8611394048188945
1987-03-17,3.9281224132438974
1987-03-18,3.931186396844602
1987-03-19,3.9716510995548666
1987-03-20,4.01105890041907
1987-03-23,4.002078458955277
1987-03-24,4.018560066205706
1987-03-25,4.018877330213187
1987-03-26,4.029653666516076
1987-03-27,3.9946830478378024
1987-03-30,3.8844886171093114
1987-03-31,3.931080642175442
1987-04-01,3.9318202800140205
1987-04-02,3.965311945437908
1987-04-03,4.043493986419669
1987-04-06,4.034090848702006
1987-04-07,3.9605574992444965
1987-04-08,3.9995429262776026
1987-04-09,3.9879211974669744
1987-04-10,3.978518382172083
1987-04-13,3.886812962871437
1987-04-14,3.797643076248466
1987-04-15,3.8554344562941267
1987-04-16,3.8825866451782836
1987-04-20,3.848355664338589
1987-04-21,3.901392598190838
1987-04-22,3.887024149786986
1987-04-23,3.8831150961013137
1987-04-24,3.8113776414828995
1987-04-27,3.7939452094783426
1987-04-28,3.8301835944954536
1987-04-29,3.8503630685160055
1987-04-30,3.9055131612148313
1987-05-01,3.9266434599895113
1987-05-04,3.9397441420545256
1987-05-05,4.009157250910815
1987-05-06,3.999859867862312
1987-05-07,4.015073708773904
1987-05-08,4.022363687644989
1987-05-11,3.998697856192635
1987-05-12,3.9930983399142557
1987-05-13,4.020990166636992
1987-05-14,4.030393304354655
1987-05-15,3.970594520131578
1987-05-18,3.918719597949006
1987-05-19,3.8344095897658352
1987-05-20,3.839375222874796
1987-05-21,3.8596604515645083
1987-05-22,3.8381074565359588
1987-05-26,3.9126973854167573
1987-05-27,3.929284747336346
1987-05-28,3.9748205154019596
1987-05-29,3.9887665899747136
1987-06-01,3.92727734315893
1987-06-02,3.8985401239284543
1987-06-03,3.925164184312353
1987-06-04,3.9356239014533045
1987-06-05,3.9235794763888063
1987-06-08,3.962670658091073
1987-06-09,4.003663489301596
1987-06-10,4.015179463443063
1987-06-11,4.007677975233657
1987-06-12,4.022363687644989
1987-06-15,4.006304776648431
1987-06-16,4.0388452948954185
1987-06-17,4.042648916334702
1987-06-18,4.064835472109898
1987-06-19,4.058073944161842
1987-06-22,4.076034504666657
1987-06-23,4.05363643955314
1987-06-24,4.055009960561137
1987-06-25,4.043177044834961
1987-06-26,4.037154832302711
1987-06-29,4.029547911846915
1987-06-30,3.998697856192635
1987-07-01,4.003663489301596
1987-07-02,4.022891816145248
1987-07-06,3.9941545969147723
1987-07-07,3.9673193496153245
1987-07-08,3.959500919821208
1987-07-09,3.9719680411395757
1987-07-10,3.988026952136135
1987-07-13,4.0236314539838265
1987-07-14,4.1200913194778845
1987-07-15,4.117661219046599
1987-07-16,4.142383629922241
1987-07-17,4.13868608557489
1987-07-20,4.09631973335637
1987-07-21,4.082268226537227
1987-07-22,4.0915652871629575
1987-07-23,4.046557970020374
1987-07-24,4.078675792013492
1987-07-27,4.082268226537227
1987-07-28,4.094101142263404
1987-07-29,4.114597557868666
1987-07-30,4.153477230232611
1987-07-31,4.14893429337752
1987-08-03,4.125479648840715
1987-08-04,4.139003027159599
1987-08-05,4.188975977411143
1987-08-06,4.26546787822297
1987-08-07,4.304875679087174
1987-08-10,4.353475430753492
1987-08-11,4.403342948758648
1987-08-12,4.375239612697591
1987-08-13,4.362772813801995
1987-08-14,4.362667059132835
1987-08-17,4.37037973425779
1987-08-18,4.308467791188137
1987-08-19,4.339952052434608
1987-08-20,4.4147531682309555
1987-08-21,4.44951259999368
1987-08-24,4.426374897041583
1987-08-25,4.452470828925224
1987-08-26,4.461873966642887
1987-08-27,4.450780366332517
1987-08-28,4.41295727339186
1987-08-31,4.428382301219
1987-09-01,4.3716475005966275
1987-09-02,4.347136276636534
1987-09-03,4.3320281903941025
1987-09-04,4.311848716373551
1987-09-08,4.223946596089417
1987-09-09,4.259868361944591
1987-09-10,4.335197606241196
1987-09-11,4.3605542227090295
1987-09-14,4.335092173994807
1987-09-15,4.273708681848184
1987-09-16,4.253529207827632
1987-09-17,4.269482364155031
1987-09-18,4.2614530698681365
1987-09-21,4.168162620221173
1987-09-22,4.256275927420855
1987-09-23,4.312165657958261
1987-09-24,4.324104328353598
1987-09-25,4.33414134924068
1987-09-28,4.323787386768888
1987-09-29,4.313750365881806
1987-09-30,4.342382152865894
1987-10-01,4.431129343234995
1987-10-02,4.482687323832858
1987-10-05,4.51786912942668
1987-10-06,4.396581420810591
1987-10-07,4.3716475005966275
1987-10-08,4.302657087994208
1987-10-09,4.278145864034115
1987-10-12,4.218135892895488
1987-10-13,4.252049932150474
1987-10-14,4.173128253330133
1987-10-15,4.079521184521232
1987-10-16,3.872866888298683
1987-10-19,3.2889308753098283
1987-10-20,3.041917953468948
1987-10-21,3.3550688136498636
1987-10-22,3.169227874617286
1987-10-23,3.0727680091232283
1987-10-26,2.713658684622829
1987-10-27,2.744086366446012
1987-10-28,2.772506644091778
1987-10-29,3.0351561030981196
1987-10-30,3.1710240918791532
1987-11-02,3.215925976775348
1987-11-03,3.1090063941403394
1987-11-04,3.1261222069829584
1987-11-05,3.233569595695454
1987-11-06,3.183913264605847
1987-11-09,3.095271828905906
1987-11-10,3.0310358624968985
1987-11-11,3.0740357754620655
1987-11-12,3.1662696456857415
1987-11-13,3.126227639229347
1987-11-16,3.115873999180328
1987-11-17,3.033782582090122
1987-11-18,3.0604069648967926
1987-11-19,2.980639893568713
1987-11-20,2.9758857697980727
1987-11-23,2.9971215008191416
1987-11-24,3.0567090981266696
1987-11-25,3.063787567659435
1987-11-27,3.0291338905658707
1987-11-30,2.8974922194779906
1987-12-01,2.8982318573165697
1987-12-02,2.9150304061517076
1987-12-03,2.809273157609147
1987-12-04,2.756130469087738
1987-12-07,2.8133937206331403
1987-12-08,2.8883005910986483
1987-12-09,2.9531704406770745
1987-12-10,2.9374284712652248
1987-12-11,2.9544385294386837
1987-12-14,3.0867140836959823
1987-12-15,3.1038295741158297
1987-12-16,3.1919428813155126
1987-12-17,3.1676431666937392
1987-12-18,3.2698079807125646
1987-12-21,3.296749305103945
1987-12-22,3.286923471132412
1987-12-23,3.3398549727382725
1987-12-24,3.3424962600851074
1987-12-28,3.2282870210017838
1987-12-29,3.2613559901718014
1987-12-30,3.323479120157004
1987-12-31,3.301609183543745
1988-01-04,3.419093593143322
1988-01-05,3.4712854569106035
1988-01-06,3.511327463366998
1988-01-07,3.564681338803956
1988-01-08,3.342707769423428
1988-01-11,3.35707621782728
1988-01-12,3.2905159056561466
1988-01-13,3.286712284216863
1988-01-14,3.297066246688654
1988-01-15,3.3771499371786717
1988-01-18,3.3602456336743733
1988-01-19,3.338798393314984
1988-01-20,3.2216309253001163
1988-01-21,3.2318791331027468
1988-01-22,3.2615671770873504
1988-01-25,3.318618919294432
1988-01-26,3.2800561885151955
1988-01-27,3.2841767515391886
1988-01-28,3.331297227528349
1988-01-29,3.3624645471901102
1988-02-01,3.351582456218061
1988-02-02,3.3591893766738568
1988-02-03,3.308582220830122
1988-02-04,3.3254865243344205
1988-02-05,3.3389041479841444
1988-02-08,3.3359459190526
1988-02-09,3.358238229496957
1988-02-10,3.428179789276276
1988-02-11,3.4432878755187066
1988-02-12,3.463995478039517
1988-02-16,3.4979095172945023
1988-02-17,3.5035090335728816
1988-02-18,3.502347021903205
1988-02-19,3.5303446032951014
1988-02-22,3.596376786965976
1988-02-23,3.6193033030025235
1988-02-24,3.6444484101320365
1988-02-25,3.6087381536151835
1988-02-26,3.6057799246836395
1988-02-29,3.647934767563839
1988-03-01,3.6478290128946784
1988-03-02,3.7002323860002804
1988-03-03,3.7294977337310145
1988-03-04,3.7483036867435686
1988-03-07,3.7710186934417953
1988-03-08,3.7955299174018893
1988-03-09,3.829655465995195
1988-03-10,3.7703848102723767
1988-03-11,3.7588688361309086
1988-03-14,3.7867609852764166
1988-03-15,3.767849277594702
1988-03-16,3.812328466237027
1988-03-17,3.829549711326035
1988-03-18,3.8253237160556535
1988-03-21,3.7802103218211376
1988-03-22,3.8037707210271035
1988-03-23,3.787500300692224
1988-03-24,3.692836652460034
1988-03-25,3.6530061553419597
1988-03-28,3.6521607628342205
1988-03-29,3.669593194838777
1988-03-30,3.63715843126095
1988-03-31,3.6610354496288533
1988-04-04,3.6218388356801983
1988-04-05,3.6533230969266692
1988-04-06,3.7316108925775913
1988-04-07,3.7470359204047314
1988-04-08,3.780844204990556
1988-04-11,3.802186013103557
1988-04-12,3.805566938288971
1988-04-13,3.811588828398448
1988-04-14,3.6612469589671743
1988-04-15,3.6583941622820184
1988-04-18,3.6671634168302627
1988-04-19,3.6841731525809496
1988-04-20,3.654168167011637
1988-04-21,3.6358906649221128
1988-04-22,3.6623035383904625
1988-04-25,3.6851239773350777
1988-04-26,3.734674553755524
1988-04-27,3.7445003877270566
1988-04-28,3.7343576121708146
1988-04-29,3.7172421217509672
1988-05-02,3.734674553755524
1988-05-03,3.782217725998554
1988-05-04,3.7743996186272093
1988-05-05,3.7544313315222064
1988-05-06,3.7438661821348664
1988-05-09,3.6963230098918363
1988-05-10,3.6834338371651425
1988-05-11,3.609055095199893
1988-05-12,3.6281779897971567
1988-05-13,3.673396816278061
1988-05-16,3.697485343984285
1988-05-17,3.6781512624714727
1988-05-18,3.5981730042278435
1988-05-19,3.599440770566681
1988-05-20,3.5897206912643087
1988-05-23,3.542494460605988
1988-05-24,3.5754579975296172
1988-05-25,3.5712316798364636
1988-05-26,3.5890868080948897
1988-05-27,3.583381859570122
1988-05-31,3.662831666890721
1988-06-01,3.733195600501138
1988-06-02,3.728441154307726
1988-06-03,3.761298936562195
1988-06-06,3.798065450079564
1988-06-07,3.7984881463334337
1988-06-08,3.8671616173511434
1988-06-09,3.8620902295730226
1988-06-10,3.893997187073363
1988-06-13,3.903505757037415
1988-06-14,3.9254811258970626
1988-06-15,3.9324541631834395
1988-06-16,3.8986458785976144
1988-06-17,3.8867072082022767
1988-06-20,3.8709652387904274
1988-06-21,3.9046677687070916
1988-06-22,3.950943174611284
1988-06-23,3.952845146542312
1988-06-24,3.958761604405401
1988-06-27,3.91153537374708
1988-06-28,3.976510977994667
1988-06-29,3.967953232784743
1988-06-30,3.9941545969147723
1988-07-01,4.013805942435066
1988-07-05,4.055009960561137
1988-07-06,4.0238426408993755
1988-07-07,4.001761517370568
1988-07-08,3.9755601532405387
1988-07-11,3.9658400739381663
1988-07-12,3.956331503974115
1988-07-13,3.9750317023175086
1988-07-14,3.9868646180436857
1988-07-15,3.9832725059427228
1988-07-18,3.989294718474972
1988-07-19,3.9255868805662226
1988-07-20,3.9144936026786246
1988-07-21,3.854272122201678
1988-07-22,3.84275614806021
1988-07-25,3.83705087711267
1988-07-26,3.7972203799945965
1988-07-27,3.747880990489699
1988-07-28,3.7658418734172856
1988-07-29,3.8279650034024884
1988-08-01,3.8338814612655767
1988-08-02,3.8147585666683135
1988-08-03,3.826063353894232
1988-08-04,3.8282819449871974
1988-08-05,3.801235188349429
1988-08-08,3.799544725756722
1988-08-09,3.7457681540658943
1988-08-10,3.6487798376488065
1988-08-11,3.6900896104440384
1988-08-12,3.671283657431484
1988-08-15,3.593947008957462
1988-08-16,3.648040522232999
1988-08-17,3.6535342838422182
1988-08-18,3.6671634168302627
1988-08-19,3.651632634333962
1988-08-22,3.5899322006026293
1988-08-23,3.58380423340122
1988-08-24,3.6334605644908264
1988-08-25,3.603349824252353
1988-08-26,3.612858394216405
1988-08-29,3.650576054910674
1988-08-30,3.6421240643699107
1988-08-31,3.613175335801114
1988-09-01,3.554538885670486
1988-09-02,3.6231066020190354
1988-09-06,3.633037868236957
1988-09-07,3.636418793422371
1988-09-08,3.6548020501810554
1988-09-09,3.707944738702465
1988-09-12,3.7103748391337508
1988-09-13,3.716185542327679
1988-09-14,3.739640186864485
1988-09-15,3.706571217694467
1988-09-16,3.732561717331719
1988-09-19,3.7212569301058003
1988-09-20,3.7359423200943613
1988-09-21,3.7570726188690413
1988-09-22,3.7670038850869627
1988-09-23,3.750099904005436
1988-09-26,3.716185542327679
1988-09-27,3.714706589073293
1988-09-28,3.741224894788031
1988-09-29,3.778625613897591
1988-09-30,3.7900361557926705
1988-10-03,3.735625378509652
1988-10-04,3.725060229122312
1988-10-05,3.71597435541213
1988-10-06,3.723898217452635
1988-10-07,3.7189325843436745
1988-10-10,3.696428764560997
1988-10-11,3.7110087223031694
1988-10-12,3.661669332798272
1988-10-13,3.694315928137192
1988-10-14,3.705620392940339
1988-10-17,3.7143896474885834
1988-10-18,3.7398516962028054
1988-10-19,3.7398516962028054
1988-10-20,3.8111664545673505
1988-10-21,3.797960017833175
1988-10-24,3.769856681772118
1988-10-25,3.7485148736591176
1988-10-26,3.726328317883921
1988-10-27,3.6825884446574033
1988-10-28,3.6953721851377086
1988-10-31,3.6931535940447433
1988-11-01,3.689244540359071
1988-11-02,3.6769889283790236
1988-11-03,3.6819545614879843
1988-11-04,3.6673746037458117
1988-11-07,3.6204653146722006
1988-11-08,3.6713894121006443
1988-11-09,3.666001082737814
1988-11-10,3.661352391213563
1988-11-11,3.576091880699036
1988-11-14,3.5700696681667865
1988-11-15,3.5521087852392
1988-11-16,3.497592575709793
1988-11-17,3.511961346536417
1988-11-18,3.518722874484473
1988-11-21,3.4614599453618426
1988-11-22,3.4727647325877613
1988-11-23,3.5327747037263872
1988-11-25,3.501713138733786
1988-11-28,3.507523841927714
1988-11-29,3.5323520074725177
1988-11-30,3.574929546606587
1988-12-01,3.6202541277566516
1988-12-02,3.6262763402889004
1988-12-05,3.6524777044189296
1988-12-06,3.6769889283790236
1988-12-07,3.6521607628342205
1988-12-08,3.6319812888136687
1988-12-09,3.6300796393054124
1988-12-12,3.6156054362324004
1988-12-13,3.597539121058425
1988-12-14,3.610534048454279
1988-12-15,3.6263817725352894
1988-12-16,3.6769889283790236
1988-12-19,3.7060430891942087
1988-12-20,3.699386993492541
1988-12-21,3.6906180613670685
1988-12-22,3.6927308977908733
1988-12-23,3.7106917807184603
1988-12-27,3.7024509770932457
1988-12-28,3.70054932758499
1988-12-29,3.7333010327475264
1988-12-30,3.748726382997438
1989-01-03,3.6898784235284894
1989-01-04,3.7518957988445316
1989-01-05,3.750311090920985
1989-01-06,3.751050728759564
1989-01-09,3.753797448352788
1989-01-10,3.741436404126352
1989-01-11,3.7526354366831107
1989-01-12,3.7823234806677144
1989-01-13,3.784436639514291
1989-01-16,3.786549475938096
1989-01-17,3.74196453262661
1989-01-18,3.774822314881079
1989-01-19,3.815498204506892
1989-01-20,3.8102156298132224
1989-01-23,3.7655249318325765
1989-01-24,3.8071516462125174
1989-01-25,3.8364169939432515
1989-01-26,3.8878692198719538
1989-01-27,3.878360649907902
1989-01-30,3.904562336460703
1989-01-31,3.940166838308395
1989-02-01,3.980314277011179
1989-02-02,4.01190429292681
1989-02-03,4.014228638688936
1989-02-06,4.003451979963275
1989-02-07,4.058179376408231
1989-02-08,4.015813346612482
1989-02-09,3.987076127382007
1989-02-10,3.924002172642676
1989-02-13,3.917663018525718
1989-02-14,3.9224174647191297
1989-02-15,3.9601348029906265
1989-02-16,3.9687983028697107
1989-02-17,3.9832725059427228
1989-02-21,3.976088281740797
1989-02-22,3.925164184312353
1989-02-23,3.940166838308395
1989-02-24,3.90044177343671
1989-02-27,3.884065920855442
1989-02-28,3.8835374699324117
1989-03-01,3.879522984000351
1989-03-02,3.9188253526181667
1989-03-03,3.9263265184048017
1989-03-06,3.9620367749216543
1989-03-07,3.945026716748196
1989-03-08,3.9356239014533045
1989-03-09,3.916501006856041
1989-03-10,3.9089995186466338
1989-03-13,3.9277000394127994
1989-03-14,3.9166064391024293
1989-03-15,3.9168179484407504
1989-03-16,3.954218345127538
1989-03-17,3.8459255639073033
1989-03-20,3.8008124920955595
1989-03-21,3.846559447076722
1989-03-22,3.81592057833799
1989-03-23,3.825429148302042
1989-03-27,3.827648061817779
1989-03-28,3.8460313185764634
1989-03-29,3.8740288999683603
1989-03-30,3.8956876496660704
1989-03-31,3.927488530074479
1989-04-03,3.9266434599895113
1989-04-04,3.920410060541713
1989-04-05,3.93213722159873
1989-04-06,3.934461567360856
1989-04-07,3.9809481601805974
1989-04-10,3.999437171608442
1989-04-11,4.033985416455618
1989-04-12,4.068216397295313
1989-04-13,4.053425252637591
1989-04-14,4.112590153691249
1989-04-17,4.11174476118351
1989-04-18,4.159076746510991
1989-04-19,4.185278433063792
1989-04-20,4.176403423846387
1989-04-21,4.20197122722977
1989-04-24,4.1904552530883015
1989-04-25,4.167740246390075
1989-04-26,4.167951433305624
1989-04-27,4.216973881225812
1989-04-28,4.235991021153915
1989-05-01,4.241907479017003
1989-05-02,4.241801724347844
1989-05-03,4.259551420359881
1989-05-04,4.27032775666277
1989-05-05,4.298748034308536
1989-05-08,4.290295721345001
1989-05-09,4.2827945555583655
1989-05-10,4.2897675928447425
1989-05-11,4.300332742232083
1989-05-12,4.377247016875007
1989-05-15,4.414013852815148
1989-05-16,4.400490474496264
1989-05-17,4.452787770509934
1989-05-18,4.459760807796311
1989-05-19,4.492512835381619
1989-05-22,4.487441447603498
1989-05-23,4.450569179416968
1989-05-24,4.479306398647444
1989-05-25,4.497372713821419
1989-05-26,4.5310755661608555
1989-05-30,4.513220437902429
1989-05-31,4.533399911922981
1989-06-01,4.555481035451789
1989-06-02,4.601967628271531
1989-06-05,4.509205629547597
1989-06-06,4.5302304960758875
1989-06-07,4.646130197751918
1989-06-08,4.635776235280128
1989-06-09,4.623203681715371
1989-06-12,4.6190834411141495
1989-06-13,4.575660509472341
1989-06-14,4.578196042150016
1989-06-15,4.502655288515089
1989-06-16,4.496844585321161
1989-06-19,4.485645552764402
1989-06-20,4.459338111542441
1989-06-21,4.4565913919492175
1989-06-22,4.484272031756404
1989-06-23,4.527377699390732
1989-06-26,4.513748888825459
1989-06-27,4.520510416773516
1989-06-28,4.459972317134631
1989-06-29,4.369111967918953
1989-06-30,4.322942316683921
1989-07-03,4.341536760358155
1989-07-05,4.3605542227090295
1989-07-06,4.388129107847057
1989-07-07,4.4284880558881605
1989-07-10,4.423205481194491
1989-07-11,4.436094976343956
1989-07-12,4.455745999441478
1989-07-13,4.468635494590943
1989-07-14,4.497901164744449
1989-07-17,4.5162844215031335
1989-07-18,4.466628090413527
1989-07-19,4.513643134156299
1989-07-20,4.46050044563489
1989-07-21,4.455640567195089
1989-07-24,4.39753224556472
1989-07-25,4.395419086718142
1989-07-26,4.435144151589828
1989-07-27,4.4955768189823235
1989-07-28,4.503817622607538
1989-07-31,4.527694640975441
1989-08-01,4.497267281575031
1989-08-02,4.497372713821419
1989-08-03,4.53371685350769
1989-08-04,4.545972465487737
1989-08-07,4.622464043876792
1989-08-08,4.642960459482054
1989-08-09,4.60323571703314
1989-08-10,4.594149520900186
1989-08-11,4.57058912169422
1989-08-14,4.53899942820136
1989-08-15,4.561397493314877
1989-08-16,4.540267194540198
1989-08-17,4.567313951177966
1989-08-18,4.579358376242465
1989-08-21,4.525792991467186
1989-08-22,4.551149285512247
1989-08-23,4.595628796577344
1989-08-24,4.657012288723967
1989-08-25,4.665992730187761
1989-08-28,4.679516108506645
1989-08-29,4.6550048845465515
1989-08-30,4.678248019745036
1989-08-31,4.691032082648113
1989-09-01,4.7229387177256825
1989-09-05,4.72431223873368
1989-09-06,4.683953290692576
1989-09-07,4.674022024474654
1989-09-08,4.704766647882547
1989-09-11,4.711211556668665
1989-09-12,4.74005420814553
1989-09-13,4.746182175346939
1989-09-14,4.699589827858037
1989-09-15,4.6900812578939854
1989-09-18,4.685643753285283
1989-09-19,4.689552806970955
1989-09-20,4.6973709143423
1989-09-21,4.704766647882547
1989-09-22,4.730862579766187
1989-09-25,4.730862579766187
1989-09-26,4.730439883512317
1989-09-27,4.729066362504319
1989-09-28,4.780730097771343
1989-09-29,4.783688326702888
1989-10-02,4.820032466389159
1989-10-03,4.833238903123333
1989-10-04,4.878985858104496
1989-10-05,4.896735554116534
1989-10-06,4.953047658485036
1989-10-09,5.003337872744061
1989-10-10,4.98854672808634
1989-10-11,4.96741642931166
1989-10-12,4.95600588741658
1989-10-13,4.747238432347455
1989-10-16,4.753155212633316
1989-10-17,4.738363745552823
1989-10-18,4.7865408009652715
1989-10-19,4.892298049507831
1989-10-20,4.882155596374361
1989-10-23,4.833767031623592
1989-10-24,4.7791453898477965
1989-10-25,4.777877623508959
1989-10-26,4.69208833964863
1989-10-27,4.624154506469499
1989-10-30,4.629120139578459
1989-10-31,4.703921577797579
1989-11-01,4.71860696778614
1989-11-02,4.637044001618965
1989-11-03,4.62869744332459
1989-11-06,4.546923290241866
1989-11-07,4.5990093993399865
1989-11-08,4.656483837800938
1989-11-09,4.6624002956640265
1989-11-10,4.702125360535711
1989-11-13,4.706879806729123
1989-11-14,4.677614136575618
1989-11-15,4.698216306850039
1989-11-16,4.684587173861995
1989-11-17,4.704238519382288
1989-11-20,4.720825558879105
1989-11-21,4.706985238975512
1989-11-22,4.725263063487808
1989-11-24,4.7508308668711905
1989-11-27,4.725685759741678
1989-11-28,4.724417993402841
1989-11-29,4.7225160214718125
1989-11-30,4.742590063245976
1989-12-01,4.760973320004661
1989-12-04,4.790661363989265
1989-12-05,4.8030224082157
1989-12-06,4.7364620960445665
1989-12-07,4.749351591194032
1989-12-08,4.733715054028571
1989-12-11,4.654265246707972
1989-12-12,4.60228456985624
1989-12-13,4.604503483371977
1989-12-14,4.571645701117508
1989-12-15,4.524842166713057
1989-12-18,4.45532362561038
1989-12-19,4.462402095143146
1989-12-20,4.505719272115794
1989-12-21,4.569004413770673
1989-12-22,4.598481270839728
1989-12-26,4.598270083924179
1989-12-27,4.68194588651516
1989-12-28,4.68205164118432
1989-12-29,4.7297005680965105
1990-01-02,4.811897417433104
1990-01-03,4.77756068192425
1990-01-04,4.748295011770744
1990-01-05,4.715014855685177
1990-01-08,4.72346684622594
1990-01-09,4.673599328220785
1990-01-10,4.57587169638789
1990-01-11,4.511424543063334
1990-01-12,4.411900693968572
1990-01-15,4.386967096177379
1990-01-16,4.477827122970286
1990-01-17,4.450146483163099
1990-01-18,4.4494071677472915
1990-01-19,4.519982288273257
1990-01-22,4.396369911472271
1990-01-23,4.384114299492223
1990-01-24,4.368583516995923
1990-01-25,4.348087101390662
1990-01-26,4.294627471284543
1990-01-29,4.269482364155031
1990-01-30,4.1765091785155475
1990-01-31,4.267052586146516
1990-02-01,4.2904014760141616
1990-02-02,4.344706498628019
1990-02-05,4.363195510055864
1990-02-06,4.3332959567329405
1990-02-07,4.369851283334761
1990-02-08,4.379148666383263
1990-02-09,4.405561539851613
1990-02-12,4.3714363136810785
1990-02-13,4.378197841629135
1990-02-14,4.396369911472271
1990-02-15,4.4358834670056355
1990-02-16,4.402603310920068
1990-02-20,4.3330847698173915
1990-02-21,4.326428674115723
1990-02-22,4.3145957583895465
1990-02-23,4.263988602545812
1990-02-26,4.323787386768888
1990-02-27,4.348298610728983
1990-02-28,4.393305927871566
1990-03-01,4.418451035001079
1990-03-02,4.469903260929781
1990-03-05,4.445603546308008
1990-03-06,4.457647971372506
1990-03-07,4.440637913199047
1990-03-08,4.503077984768959
1990-03-09,4.518080638765001
1990-03-12,4.511846916894432
1990-03-13,4.469269377760362
1990-03-14,4.485328611179693
1990-03-15,4.510896092140303
1990-03-16,4.6055600627952655
1990-03-19,4.645918688413597
1990-03-20,4.583690126182007
1990-03-21,4.56097511948378
1990-03-22,4.491033559704461
1990-03-23,4.532237900253304
1990-03-26,4.5733361637102155
1990-03-27,4.595206100323474
1990-03-28,4.526743816221313
1990-03-29,4.503077984768959
1990-03-30,4.503817622607538
1990-04-02,4.493780601720456
1990-04-03,4.58126002575072
1990-04-04,4.553156689689663
1990-04-05,4.523151704120351
1990-04-06,4.489660361119235
1990-04-09,4.48205344066344
1990-04-10,4.505508085200245
1990-04-11,4.532977215669112
1990-04-12,4.565095360085001
1990-04-16,4.583690126182007
1990-04-17,4.574709684718213
1990-04-18,4.503817622607538
1990-04-19,4.455745999441478
1990-04-20,4.408202827198448
1990-04-23,4.345023440212729
1990-04-24,4.326639861031272
1990-04-25,4.343966860789441
1990-04-26,4.348298610728983
1990-04-27,4.303607912748337
1990-04-30,4.348932493898401
1990-05-01,4.374816916443721
1990-05-02,4.405667294520773
1990-05-03,4.439264392191049
1990-05-04,4.494520239559035
1990-05-07,4.543648119725612
1990-05-08,4.546606348657156
1990-05-09,4.552100110266375
1990-05-10,4.58126002575072
1990-05-11,4.667471683442147
1990-05-14,4.730228696596768
1990-05-15,4.743540888000104
1990-05-16,4.756958511649827
1990-05-17,4.788970901396557
1990-05-18,4.828484456929922
1990-05-21,4.9067722525808435
1990-05-22,4.920084443984179
1990-05-23,4.9880182771633095
1990-05-24,5.008620447437732
1990-05-25,4.906455310996134
1990-05-29,4.983369585639059
1990-05-30,4.994251676611108
1990-05-31,4.989919926671566
1990-06-01,5.026581007942546
1990-06-04,5.0735960516853185
1990-06-05,5.025735937857579
1990-06-06,5.030173120043509
1990-06-07,5.016015858555207
1990-06-08,4.9599149411022525
1990-06-11,5.006824230175864
1990-06-12,5.0735960516853185
1990-06-13,5.114694315142229
1990-06-14,5.082153796895241
1990-06-15,5.087859067842781
1990-06-18,5.0017531648205145
1990-06-19,5.003126363405741
1990-06-20,5.01453690530082
1990-06-21,5.032075091974537
1990-06-22,4.9812567492152535
1990-06-25,4.9215633972385655
1990-06-26,4.922091848161595
1990-06-27,4.964563632626504
1990-06-28,5.016649741724625
1990-06-29,5.038731187676205
1990-07-02,5.0378857951684655
1990-07-03,5.032920162059504
1990-07-05,5.014219963716111
1990-07-06,5.038836619922593
1990-07-09,5.062819715382429
1990-07-10,5.042957182946586
1990-07-11,5.087647558504461
1990-07-12,5.143643043711026
1990-07-13,5.171429438187373
1990-07-16,5.2018567975877845
1990-07-17,5.10349528258547
1990-07-18,5.033659799898084
1990-07-19,4.9952025013652355
1990-07-20,4.911526698774256
1990-07-23,4.8046074385620186
1990-07-24,4.785695730880303
1990-07-25,4.833872786292752
1990-07-26,4.800803817122734
1990-07-27,4.767734847952717
1990-07-30,4.731496462935606
1990-07-31,4.720191675709687
1990-08-01,4.714486727184919
1990-08-02,4.6269015484854945
1990-08-03,4.492407080712458
1990-08-06,4.256804378343886
1990-08-07,4.282160672388947
1990-08-08,4.343966860789441
1990-08-09,4.418873731254949
1990-08-10,4.357701426023874
1990-08-13,4.382846533153386
1990-08-14,4.401335544581231
1990-08-15,4.404927656682195
1990-08-16,4.2723351608401865
1990-08-17,4.1593936880957
1990-08-20,4.0802608223598105
1990-08-21,3.9778844990026645
1990-08-22,3.9094222149005033
1990-08-23,3.7674265813408323
1990-08-24,3.908365635477215
1990-08-27,4.098749833787656
1990-08-28,4.118400856885177
1990-08-29,4.076140259335817
1990-08-30,4.030076362769946
1990-08-31,4.0911429133318595
1990-09-04,4.115019931699764
1990-09-05,4.095368908602241
1990-09-06,4.028914028677497
1990-09-07,4.0527913694681725
1990-09-10,4.070751929972987
1990-09-11,4.035147428125295
1990-09-12,4.064518530525189
1990-09-13,4.008840309326105
1990-09-14,4.004614314055724
1990-09-17,4.0064102088948195
1990-09-18,4.0027123421246955
1990-09-19,3.9888720222211025
1990-09-20,3.8875522782872443
1990-09-21,3.871070671036816
1990-09-24,3.7528466235986597
1990-09-25,3.8184564334384365
1990-09-26,3.7919378053009263
1990-09-27,3.680686795149147
1990-09-28,3.741224894788031
1990-10-01,3.903505757037415
1990-10-02,3.907414810723087
1990-10-03,3.8141246834988944
1990-10-04,3.792782875385894
1990-10-05,3.7689058570179905
1990-10-08,3.794262151063052
1990-10-09,3.6687481247538094
1990-10-10,3.5808460044696755
1990-10-11,3.490619860846188
1990-10-12,3.5227376828393058
1990-10-15,3.578416226461161
1990-10-16,3.4968532602939857
1990-10-17,3.5344651663190945
1990-10-18,3.6424410059546197
1990-10-19,3.689772668859329
1990-10-22,3.773131852288372
1990-10-23,3.7696451724337976
1990-10-24,3.771124448110956
1990-10-25,3.7472471073202804
1990-10-26,3.6811094914030167
1990-10-29,3.629234569220445
1990-10-30,3.655435933350474
1990-10-31,3.6461385503019716
1990-11-01,3.6531115875883486
1990-11-02,3.7372104088559706
1990-11-05,3.8131738587447668
1990-11-06,3.808947541051613
1990-11-07,3.741753345711061
1990-11-08,3.7549597824452365
1990-11-09,3.850785764769875
1990-11-12,3.986653431128137
1990-11-13,4.012115479842359
1990-11-14,4.0665259347026055
1990-11-15,4.005248197225142
1990-11-16,3.9082602032308267
1990-11-19,3.952210940950122
1990-11-20,3.873500771468102
1990-11-21,3.8866014535331166
1990-11-23,3.8938914324042027
1990-11-26,3.9116408059934686
1990-11-27,3.9973243351846373
1990-11-28,4.008312180825847
1990-11-29,4.0382114117259995
1990-11-30,4.069272976718601
1990-12-03,4.110371240175512
1990-12-04,4.133192001542899
1990-12-05,4.205457584661572
1990-12-06,4.215177663963944
1990-12-07,4.2122194350324
1990-12-10,4.214226839209816
1990-12-11,4.15326572089429
1990-12-12,4.184327285886892
1990-12-13,4.184433040556052
1990-12-14,4.144391034099658
1990-12-17,4.121570272732271
1990-12-18,4.210000843939435
1990-12-19,4.234828687061467
1990-12-20,4.258072144682723
1990-12-21,4.284273831235524
1990-12-24,4.251838745234925
1990-12-26,4.238104180000492
1990-12-27,4.2083103813467275
1990-12-28,4.213804142955946
1990-12-31,4.2372587874927525
1991-01-02,4.221094121827033
1991-01-03,4.149885118131649
1991-01-04,4.15897099184183
1991-01-07,4.0644130982788
1991-01-08,4.0589190142468095
1991-01-09,4.050361269036887
1991-01-10,4.14322902242998
1991-01-11,4.145659122861267
1991-01-14,4.0944180838481135
1991-01-15,4.127487053018132
1991-01-16,4.288499826505905
1991-01-17,4.4217262055173325
1991-01-18,4.468952436175653
1991-01-21,4.529596612906469
1991-01-22,4.479095211731895
1991-01-23,4.56055242322991
1991-01-24,4.644122793574502
1991-01-25,4.670112970788982
1991-01-28,4.695997715757074
1991-01-29,4.743118191746234
1991-01-30,4.844649122595641
1991-01-31,4.911209757189546
1991-02-01,4.953998483239165
1991-02-04,5.005133767583157
1991-02-05,5.10434067509321
1991-02-06,5.220345809015629
1991-02-07,5.143643043711026
1991-02-08,5.165829921908994
1991-02-11,5.267888981258659
1991-02-12,5.244540091391014
1991-02-13,5.2896534856255295
1991-02-14,5.189389998692188
1991-02-15,5.2473928880761695
1991-02-19,5.299795938759
1991-02-20,5.235242708342511
1991-02-21,5.216119813745247
1991-02-22,5.253731719770356
1991-02-25,5.28341976375496
1991-02-26,5.236193533096639
1991-02-27,5.276552481137743
1991-02-28,5.285004794101278
1991-03-01,5.333076094844566
1991-03-04,5.353995206703697
1991-03-05,5.539941577982663
1991-03-06,5.560437993587925
1991-03-07,5.590337546910849
1991-03-08,5.554310026386515
1991-03-11,5.392029486559903
1991-03-12,5.296731955158295
1991-03-13,5.43196606076991
1991-03-14,5.40502473637853
1991-03-15,5.380408080172047
1991-03-18,5.401432624277567
1991-03-19,5.3639264729216185
1991-03-20,5.411258135826328
1991-03-21,5.345331706824613
1991-03-22,5.330540562166892
1991-03-25,5.40460204012466
1991-03-26,5.592556460426587
1991-03-27,5.632386635121889
1991-03-28,5.597521771112775
1991-04-01,5.590971430080268
1991-04-02,5.786532448415218
1991-04-03,5.814001578884085
1991-04-04,5.8591149731186
1991-04-05,5.820129546085494
1991-04-08,5.824672482940585
1991-04-09,5.767198044479634
1991-04-10,5.727684488946269
1991-04-11,5.883731951747855
1991-04-12,5.8996847856524814
1991-04-15,5.88035102656244
1991-04-16,5.9593781376291695
1991-04-17,5.988009924613257
1991-04-18,5.86957436783678
1991-04-19,5.789807618931472
1991-04-22,5.73317857297826
1991-04-23,5.750504927890884
1991-04-24,5.801006651488231
1991-04-25,5.746701628874372
1991-04-26,5.732649799632458
1991-04-29,5.6237231352428045
1991-04-30,5.571108897644425
1991-05-01,5.583047568039763
1991-05-02,5.631541887459693
1991-05-03,5.644113796178905
1991-05-06,5.648762487703157
1991-05-07,5.625836294089381
1991-05-08,5.645276452694126
1991-05-09,5.73138203329362
1991-05-10,5.677922403187502
1991-05-13,5.6838388610505906
1991-05-14,5.622561123573128
1991-05-15,5.453941107206786
1991-05-16,5.508563393828124
1991-05-17,5.503703192965553
1991-05-20,5.464717765932447
1991-05-21,5.520396309554302
1991-05-22,5.614109133032364
1991-05-23,5.645487317186903
1991-05-24,5.694721274445412
1991-05-28,5.776495427528136
1991-05-29,5.7973084622953355
1991-05-30,5.8581638259417
1991-05-31,5.895353358135711
1991-06-03,5.936240434677074
1991-06-04,5.940360997701067
1991-06-05,5.860805113288535
1991-06-06,5.794139046448242
1991-06-07,5.717225094228089
1991-06-10,5.670843933654736
1991-06-11,5.689438699751742
1991-06-12,5.605657142491601
1991-06-13,5.595091993104261
1991-06-14,5.658693753921078
1991-06-17,5.653834197904049
1991-06-18,5.609671950846434
1991-06-19,5.4995826299415596
1991-06-20,5.505710597142969
1991-06-21,5.499794139279881
1991-06-24,5.301274892013386
1991-06-25,5.3035992377755115
1991-06-26,5.334343861183403
1991-06-27,5.393614516906222
1991-06-28,5.371216451792705
1991-07-01,5.475282915319786
1991-07-02,5.411258135826328
1991-07-03,5.333815732683146
1991-07-05,5.324307162719093
1991-07-08,5.471268106964954
1991-07-09,5.508246129820644
1991-07-10,5.56413618278082
1991-07-11,5.575017951330097
1991-07-12,5.651087155888054
1991-07-15,5.681937211542334
1991-07-16,5.588435897402594
1991-07-17,5.565298194450497
1991-07-18,5.625624784751061
1991-07-19,5.640204742493233
1991-07-22,5.585583100717438
1991-07-23,5.47950923301294
1991-07-24,5.448553422689499
1991-07-25,5.519234297884625
1991-07-26,5.583047568039763
1991-07-29,5.591605313249687
1991-07-30,5.690706466090579
1991-07-31,5.7507164372292054
1991-08-01,5.79477292961766
1991-08-02,5.820763429254913
1991-08-05,5.750822191898365
1991-08-06,5.805338079005001
1991-08-07,5.843373003706751
1991-08-08,5.890282292780362
1991-08-09,5.877498229877284
1991-08-12,5.921766231604061
1991-08-13,5.968675520677673
1991-08-14,6.016324447589863
1991-08-15,5.954729446104919
1991-08-16,5.906130016861372
1991-08-19,5.746595874205212
1991-08-20,5.793928181955465
1991-08-21,6.044638970566469
1991-08-22,6.0127320130661275
1991-08-23,6.059641302139739
1991-08-26,6.058056916638964
1991-08-27,6.059641302139739
1991-08-28,6.125145357310355
1991-08-29,6.097992846003427
1991-08-30,6.072953493543075
1991-09-03,6.007977566872716
1991-09-04,5.954835200774078
1991-09-05,5.93201411698392
1991-09-06,5.915744019071812
1991-09-09,5.944798179886997
1991-09-10,5.840097833190497
1991-09-11,5.909193678039305
1991-09-12,6.033756557171648
1991-09-13,5.90581275285389
1991-09-16,5.88637323909469
1991-09-17,5.876124708869287
1991-09-18,5.93835359352365
1991-09-19,5.990651211960092
1991-09-20,6.056683395630967
1991-09-23,6.019282354098635
1991-09-24,6.071685727204237
1991-09-25,6.10644483654419
1991-09-26,6.0837301522687355
1991-09-27,6.041997683219634
1991-09-30,6.07570053555907
1991-10-01,6.093344154479175
1991-10-02,6.023402917122628
1991-10-03,5.925147156789476
1991-10-04,5.9273660703052125
1991-10-07,5.893134444619974
1991-10-08,5.917011785410649
1991-10-09,5.842739120537332
1991-10-10,5.897783136144225
1991-10-11,5.948179105072411
1991-10-14,6.067882428187725
1991-10-15,6.197727882013738
1991-10-16,6.2895390559835445
1991-10-17,6.179872753755312
1991-10-18,6.193501564320584
1991-10-21,6.145958392077555
1991-10-22,6.14437400657678
1991-10-23,6.113946324753597
1991-10-24,6.035869716018224
1991-10-25,5.978606786895594
1991-10-28,6.051189311598976
1991-10-29,6.129582539496286
1991-10-30,6.227521680667502
1991-10-31,6.180718146263051
1991-11-01,6.127892399326351
1991-11-04,6.0630222273251535
1991-11-05,6.107712602883027
1991-11-06,6.1157422195926925
1991-11-07,6.188536253634395
1991-11-08,6.245059544918447
1991-11-11,6.293553864338377
1991-11-12,6.380610592114771
1991-11-13,6.398888094204295
1991-11-14,6.361171078355571
1991-11-15,6.011992375227549
1991-11-18,6.097992846003427
1991-11-19,6.0092459780570975
1991-11-20,6.026466578300561
1991-11-21,6.098415219834525
1991-11-22,6.050027299929299
1991-11-25,5.980191817241912
1991-11-26,6.003751894025107
1991-11-27,6.0268895969772025
1991-11-29,6.017697968597861
1991-12-02,6.210828564078753
1991-12-03,6.2111458280862335
1991-12-04,6.235762161869944
1991-12-05,6.2193863092886765
1991-12-06,6.257526988659587
1991-12-09,6.249708236442698
1991-12-10,6.261436042345259
1991-12-11,6.230057213345177
1991-12-12,6.2963009063543725
1991-12-13,6.367192646042276
1991-12-16,6.402902902559128
1991-12-17,6.315529555620796
1991-12-18,6.330848506356005
1991-12-19,6.22350687231267
1991-12-20,6.250765138288759
1991-12-23,6.4087142505986
1991-12-24,6.488797618665846
1991-12-26,6.628151964878682
1991-12-27,6.693550265380138
1991-12-30,6.904007860619198
1991-12-31,6.9910652332411365
1992-01-02,7.044101844670614
1992-01-03,7.074952545170438
1992-01-06,7.118691773551412
1992-01-07,7.1768000951817825
1992-01-08,7.274950745691318
1992-01-09,7.402366421508817
1992-01-10,7.334537698153303
1992-01-13,7.35894381228978
1992-01-14,7.450331967582945
1992-01-15,7.513828618576145
1992-01-16,7.436069273848253
1992-01-17,7.389899622613221
1992-01-20,7.2225473725857166
1992-01-21,6.931583390602769
1992-01-22,7.317845226410097
1992-01-23,7.312668406385588
1992-01-24,7.299567079475029
1992-01-27,7.194444358947432
1992-01-28,7.202156711649615
1992-01-29,7.127038654268559
1992-01-30,7.150176357220655
1992-01-31,7.148697081543497
1992-02-03,7.213461498875534
1992-02-04,7.330417779974853
1992-02-05,7.4137763185583525
1992-02-06,7.375953548040467
1992-02-07,7.328093111789956
1992-02-10,7.294918387950778
1992-02-11,7.277380523699833
1992-02-12,7.52185823528581
1992-02-13,7.391589762783156
1992-02-14,7.325769088450602
1992-02-18,7.153557282406069
1992-02-19,7.143308752180666
1992-02-20,7.2970315467973546
1992-02-21,7.234803306988535
1992-02-24,7.1624316467779305
1992-02-25,7.149013700705434
1992-02-26,7.349329165233796
1992-02-27,7.340454800861935
1992-02-28,7.308547843361595
1992-03-02,7.3245013221117645
1992-03-03,7.3048496541687
1992-03-04,7.218321054892563
1992-03-05,7.131898210285587
1992-03-06,7.036389491968429
1992-03-09,7.043045587670097
1992-03-10,7.191063433762017
1992-03-11,7.079601236694689
1992-03-12,7.075057654994055
1992-03-13,7.109711654510391
1992-03-16,7.1478516890357575
1992-03-17,7.246002339545294
1992-03-18,7.2397686176747245
1992-03-19,7.238183587328406
1992-03-20,7.202579085480713
1992-03-23,7.163910922455088
1992-03-24,7.1195371660591515
1992-03-25,7.134751006970743
1992-03-26,7.042623213838999
1992-03-27,6.850865494520561
1992-03-30,6.811351938987197
1992-03-31,6.826142761222147
1992-04-01,6.844420908157214
1992-04-02,6.712356540815464
1992-04-03,6.685309784177695
1992-04-06,6.857838209384166
1992-04-07,6.61283236929793
1992-04-08,6.568353503078377
1992-04-09,6.751870096348829
1992-04-10,6.613466252467349
1992-04-13,6.701474127420643
1992-04-14,6.773317014285446
1992-04-15,6.889956676222828
1992-04-16,6.745530619809099
1992-04-20,6.505490735254595
1992-04-21,6.457947563011565
1992-04-22,6.5406728632711895
1992-04-23,6.497989247045188
1992-04-24,6.419701773817038
1992-04-27,6.331693898863744
1992-04-28,6.2255142764900855
1992-04-29,6.401952400227772
1992-04-30,6.505173471247114
1992-05-01,6.497038744713832
1992-05-04,6.565500706393221
1992-05-05,6.651183913161618
1992-05-06,6.6582630275399275
1992-05-07,6.6079728132809015
1992-05-08,6.577122757626621
1992-05-11,6.590540058853573
1992-05-12,6.55123801265853
1992-05-13,6.52397974668244
1992-05-14,6.43512712406695
1992-05-15,6.4027977927355115
1992-05-18,6.435761007236369
1992-05-19,6.474534924931154
1992-05-20,6.540883727763966
1992-05-21,6.506864256262593
1992-05-22,6.516161639311096
1992-05-26,6.463652511536333
1992-05-27,6.509717052947749
1992-05-28,6.592230843869052
1992-05-29,6.66227783589476
1992-06-01,6.740142935291812
1992-06-02,6.703270022259739
1992-06-03,6.705488935775476
1992-06-04,6.675800891790872
1992-06-05,6.61896033649934
1992-06-08,6.5552528210133625
1992-06-09,6.441677465099457
1992-06-10,6.394028538187267
1992-06-11,6.393500409687009
1992-06-12,6.425934850842064
1992-06-15,6.420758030817555
1992-06-16,6.322290761146081
1992-06-17,6.199629531521994
1992-06-18,6.168673721198553
1992-06-19,6.272845939394795
1992-06-22,6.2386149585551
1992-06-23,6.285101873797614
1992-06-24,6.239566105732
1992-06-25,6.154305272794701
1992-06-26,6.128420527826609
1992-06-29,6.3558885036619
1992-06-30,6.365080132041243
1992-07-01,6.466505308221489
1992-07-02,6.357578643831835
1992-07-06,6.389802220494114
1992-07-07,6.2601682760064215
1992-07-08,6.287531651806128
1992-07-09,6.3853650383081835
1992-07-10,6.398993848873456
1992-07-13,6.444318752446293
1992-07-14,6.53443914140062
1992-07-15,6.537503447424096
1992-07-16,6.577439376788559
1992-07-17,6.4561516681724695
1992-07-20,6.348492770121654
1992-07-21,6.446854285123967
1992-07-22,6.3638123657024055
1992-07-23,6.39180962467153
1992-07-24,6.411460647769052
1992-07-27,6.377969304767936
1992-07-28,6.481824903802241
1992-07-29,6.552611533666528
1992-07-30,6.570149397917472
1992-07-31,6.569304005409733
1992-08-03,6.60850094178116
1992-08-04,6.5731079492717885
1992-08-05,6.478232469278506
1992-08-06,6.435443743228888
1992-08-07,6.409136624429698
1992-08-10,6.428471028365283
1992-08-11,6.3921268886790115
1992-08-12,6.35926878400177
1992-08-13,6.366030634372598
1992-08-14,6.386210430815923
1992-08-17,6.347225003782817
1992-08-18,6.348387015452493
1992-08-19,6.303485130556298
1992-08-20,6.326939452670332
1992-08-21,6.248018096272763
1992-08-24,6.142894730899622
1992-08-25,6.171843137045646
1992-08-26,6.258899864822041
1992-08-27,6.327679090508911
1992-08-28,6.320812130314466
1992-08-31,6.323453417661301
1992-09-01,6.380716346783932
1992-09-02,6.477810095447408
1992-09-03,6.511724457125165
1992-09-04,6.4742176609236735
1992-09-08,6.461011224189498
1992-09-09,6.55018111081247
1992-09-10,6.652135060338518
1992-09-11,6.660058922379022
1992-09-14,6.859528994399645
1992-09-15,6.759265829889076
1992-09-16,6.7288381480658925
1992-09-17,6.745530619809099
1992-09-18,6.759793958389334
1992-09-21,6.74595363848574
1992-09-22,6.640724518443438
1992-09-23,6.673265359113198
1992-09-24,6.709609498799469
1992-09-25,6.555147066344202
1992-09-28,6.5053849805854345
1992-09-29,6.564127185385224
1992-09-30,6.617692570160503
1992-10-01,6.530001959214689
1992-10-02,6.431851953550696
1992-10-05,6.4169547318010425
1992-10-06,6.507286630093691
1992-10-07,6.452770742987056
1992-10-08,6.515527756141677
1992-10-09,6.458053317680726
1992-10-12,6.510350936117168
1992-10-13,6.553139662166785
1992-10-14,6.541623365602546
1992-10-15,6.595506014385306
1992-10-16,6.685309784177695
1992-10-19,6.820543567366538
1992-10-20,6.833116120931295
1992-10-21,6.889956676222828
1992-10-22,6.890484804723086
1992-10-23,6.876644484819493
1992-10-26,6.913200133844084
1992-10-27,6.844631772649992
1992-10-28,6.902740094280361
1992-10-29,6.996030543927326
1992-10-30,6.955143467385963
1992-11-02,6.979971310507994
1992-11-03,6.887737762707091
1992-11-04,6.925666932739681
1992-11-05,7.110134028341489
1992-11-06,7.145104647019762
1992-11-09,7.196662627617624
1992-11-10,7.277063904537895
1992-11-11,7.350280312410696
1992-11-12,7.327987357120795
1992-11-13,7.363697613637648
1992-11-16,7.282134969893244
1992-11-17,7.146901186704401
1992-11-18,7.275373119522416
1992-11-19,7.32703685478944
1992-11-20,7.370353709339316
1992-11-23,7.2569898627637315
1992-11-24,7.3950764426377305
1992-11-25,7.388420346936063
1992-11-27,7.3811303680649765
1992-11-30,7.41588947740493
1992-12-01,7.452022752598424
1992-12-02,7.428779294977167
1992-12-03,7.496818882825458
1992-12-04,7.573098951876192
1992-12-07,7.645681476579574
1992-12-08,7.619057738618447
1992-12-09,7.560737907649757
1992-12-10,7.491852927293726
1992-12-11,7.414515956396932
1992-12-14,7.383032017573233
1992-12-15,7.331051663144272
1992-12-16,7.373418015362792
1992-12-17,7.540241492044495
1992-12-18,7.562428047819692
1992-12-21,7.592855729642874
1992-12-22,7.514779765753045
1992-12-23,7.532845758504248
1992-12-24,7.5553495782869255
1992-12-28,7.5871507811181065
1992-12-29,7.602892750529956
1992-12-30,7.605534037876791
1992-12-31,7.610816612570461
1993-01-04,7.530204471157413
1993-01-05,7.611872869570977
1993-01-06,7.75418576713813
1993-01-07,7.691746017990989
1993-01-08,7.723969594653267
1993-01-11,7.835220282382275
1993-01-12,7.773942544904812
1993-01-13,7.941822923432575
1993-01-14,8.057828057354994
1993-01-15,8.013348546289897
1993-01-18,8.003206415579198
1993-01-19,7.9454147131107655
1993-01-20,7.9392873907549
1993-01-21,8.015567459805634
1993-01-22,7.983449637812516
1993-01-25,8.051805844822745
1993-01-26,8.016307097644212
1993-01-27,7.873360316907642
1993-01-28,7.832262375873503
1993-01-29,7.830043462357765
1993-02-01,7.9338990613920695
1993-02-02,7.975420021102851
1993-02-03,7.9562971265055875
1993-02-04,7.907908561754818
1993-02-05,7.797080247856909
1993-02-08,7.72787864833894
1993-02-09,7.669242198208312
1993-02-10,7.7611584820017345
1993-02-11,7.740556956572857
1993-02-12,7.632052666014301
1993-02-16,7.329889651474595
1993-02-17,7.309181726531013
1993-02-18,7.359260431451718
1993-02-19,7.351548078749533
1993-02-22,7.191697316931436
1993-02-23,7.210502947521219
1993-02-24,7.398245858484824
1993-02-25,7.4307866991545835
1993-02-26,7.419693421266985
1993-03-01,7.376481676540725
1993-03-02,7.526823545971999
1993-03-03,7.60606216637705
1993-03-04,7.512455097568147
1993-03-05,7.513194735406726
1993-03-08,7.595074643158611
1993-03-09,7.594229250650872
1993-03-10,7.6335319416914595
1993-03-11,7.643568317732997
1993-03-12,7.662902721668582
1993-03-15,7.698084849685176
1993-03-16,7.6831876279355225
1993-03-17,7.515096384914982
1993-03-18,7.511821214398728
1993-03-19,7.428462030969686
1993-03-22,7.383243526911554
1993-03-23,7.356196770273785
1993-03-24,7.364014877645129
1993-03-25,7.4880496282772135
1993-03-26,7.451493979252621
1993-03-29,7.425292615122593
1993-03-30,7.55873050347234
1993-03-31,7.594652269327513
1993-04-01,7.487204235769474
1993-04-02,7.209235181182381
1993-04-05,7.28371935539402
1993-04-06,7.196028744448206
1993-04-07,7.293862130950261
1993-04-08,7.217264797892047
1993-04-12,7.3745800270324695
1993-04-13,7.308336334023274
1993-04-14,7.3214370160882885
1993-04-15,7.266603864974172
1993-04-16,7.198036148625622
1993-04-19,7.130524689277589
1993-04-20,7.164439050955346
1993-04-21,7.188422146415182
1993-04-22,7.152183761398072
1993-04-23,7.050335566541183
1993-04-26,6.915524157183438
1993-04-27,7.070198098977026
1993-04-28,7.177117359189263
1993-04-29,7.162748910785411
1993-04-30,7.1831395717215125
1993-05-03,7.28931919409517
1993-05-04,7.464911925325118
1993-05-05,7.508546043882475
1993-05-06,7.4318429561551
1993-05-07,7.463855668324601
1993-05-10,7.497980894495135
1993-05-11,7.459101222131189
1993-05-12,7.41588947740493
1993-05-13,7.347216006387219
1993-05-14,7.391378253444835
1993-05-17,7.452022752598424
1993-05-18,7.522386363786069
1993-05-19,7.7056914477182
1993-05-20,7.827824548842028
1993-05-21,7.747846935443943
1993-05-24,7.756721299815804
1993-05-25,7.738338043057119
1993-05-26,7.910021720601394
1993-05-27,7.875896494430861
1993-05-28,7.778273972421582
1993-06-01,7.871670176737707
1993-06-02,7.87494534725396
1993-06-03,7.861738910519786
1993-06-04,7.789156385816403
1993-06-07,7.698930242192915
1993-06-08,7.622543773627478
1993-06-09,7.6121901335784585
1993-06-10,7.597398666497965
1993-06-11,7.6718834855551465
1993-06-14,7.7578833114854815
1993-06-15,7.75429152180729
1993-06-16,7.712876316765669
1993-06-17,7.691640263321829
1993-06-18,7.56380156882769
1993-06-21,7.561794164650273
1993-06-22,7.5266126814792225
1993-06-23,7.499882544003391
1993-06-24,7.560949416988077
1993-06-25,7.65392260262756
1993-06-28,7.785458841469052
1993-06-29,7.7328439590251286
1993-06-30,7.7363306388797035
1993-07-01,7.685723805458741
1993-07-02,7.6959716908386
1993-07-06,7.623706430142699
1993-07-07,7.561794164650273
1993-07-08,7.621699025965282
1993-07-09,7.658887913313749
1993-07-12,7.667551413192833
1993-07-13,7.648745782603051
1993-07-14,7.685934669951518
1993-07-15,7.61673307043355
1993-07-16,7.418214145589827
1993-07-19,7.375742038702146
1993-07-20,7.517315298430719
1993-07-21,7.451283114759844
1993-07-22,7.360739707128876
1993-07-23,7.463326894978799
1993-07-26,7.5309441089959925
1993-07-27,7.43818243269483
1993-07-28,7.539501854205916
1993-07-29,7.550489377424354
1993-07-30,7.456142670776873
1993-08-02,7.506538639705059
1993-08-03,7.527246564648641
1993-08-04,7.609337336893303
1993-08-05,7.657831656313233
1993-08-06,7.673362116386762
1993-08-09,7.655401878304718
1993-08-10,7.578275771900701
1993-08-11,7.601307720183637
1993-08-12,7.5943350053200325
1993-08-13,7.616521561095229
1993-08-16,7.830888854865505
1993-08-17,7.906112666915722
1993-08-18,7.9410832855939955
1993-08-19,7.823810385332739
1993-08-20,7.836593803390273
1993-08-23,7.828564186680607
1993-08-24,7.8393408454062685
1993-08-25,7.774998801905329
1993-08-26,7.705586337894583
1993-08-27,7.744254500920208
1993-08-30,7.803524834220255
1993-08-31,7.8742057094153814
1993-09-01,7.906112666915722
1993-09-02,7.914670412125646
1993-09-03,7.896498019859738
1993-09-07,7.748057799936721
1993-09-08,7.709283882241935
1993-09-09,7.7822887807764145
1993-09-10,7.831628492704084
1993-09-13,7.767286449203144
1993-09-14,7.695549317007502
1993-09-15,7.761581500678377
1993-09-16,7.728195267500878
1993-09-17,7.737598405218541
1993-09-20,7.7644336525179884
1993-09-21,7.726187863323461
1993-09-22,7.9027317417303085
1993-09-23,7.967496159062346
1993-09-24,7.9880983293367676
1993-09-27,8.082445035984248
1993-09-28,8.156717700857566
1993-09-29,8.175101602461794
1993-09-30,8.086882218170178
1993-10-01,8.088889622347596
1993-10-04,8.120268451347677
1993-10-05,8.056454536346996
1993-10-06,8.038388543595794
1993-10-07,7.987147182159868
1993-10-08,8.057299928854736
1993-10-11,8.043353854281982
1993-10-12,8.083712802323086
1993-10-13,8.162634158720655
1993-10-14,8.282759855667067
1993-10-15,8.29258601206137
1993-10-18,8.237647106278095
1993-10-19,8.08719948217766
1993-10-20,8.11255545379995
1993-10-21,8.184927114010554
1993-10-22,8.20257073293066
1993-10-25,8.185983371011071
1993-10-26,8.126713037711024
1993-10-27,8.246099096818858
1993-10-28,8.224863043375017
1993-10-29,8.261629556892386
1993-11-01,8.347101899168006
1993-11-02,8.353229866369416
1993-11-03,8.197076648898669
1993-11-04,7.975948149603109
1993-11-05,8.106322376774923
1993-11-08,8.131995612404694
1993-11-09,8.154499432187372
1993-11-10,8.303890154441746
1993-11-11,8.339283791796662
1993-11-12,8.350165560345939
1993-11-15,8.264482353577542
1993-11-16,8.312131280489732
1993-11-17,8.151963899509697
1993-11-18,8.066280047895757
1993-11-19,8.041452204773726
1993-11-22,7.889419550326973
1993-11-23,8.05529252467732
1993-11-24,8.135904666090367
1993-11-26,8.162951422728135
1993-11-29,8.0968134843881
1993-11-30,8.172354560445799
1993-12-01,8.303045406779551
1993-12-02,8.371084994627841
1993-12-03,8.489625661227935
1993-12-06,8.431094965766468
1993-12-07,8.388411349540466
1993-12-08,8.342453207643755
1993-12-09,8.182708200494817
1993-12-10,8.176580233293409
1993-12-13,8.193907233051576
1993-12-14,8.089311996178694
1993-12-15,8.134003016582112
1993-12-16,8.160098626042979
1993-12-17,8.220425861189087
1993-12-20,8.2349000642621
1993-12-21,8.209332583301489
1993-12-22,8.207113669785752
1993-12-23,8.247578372496015
1993-12-27,8.279696194489134
1993-12-28,8.340973931966596
1993-12-29,8.354497632708252
1993-12-30,8.4040482091287
1993-12-31,8.415775370185717
1994-01-03,8.357667048555346
1994-01-04,8.41387372067746
1994-01-05,8.474729084323826
1994-01-06,8.541077887156638
1994-01-07,8.553122312221136
1994-01-10,8.640390549335851
1994-01-11,8.617992484222334
1994-01-12,8.631093166287348
1994-01-13,8.621161900069428
1994-01-14,8.700400520474476
1994-01-17,8.680115614207537
1994-01-18,8.68349653939295
1994-01-19,8.586930919229733
1994-01-20,8.695751828950225
1994-01-21,8.697019595289063
1994-01-24,8.647152399706679
1994-01-25,8.58904407807631
1994-01-26,8.60404640964958
1994-01-27,8.661943221941629
1994-01-28,8.716670618386585
1994-01-31,8.747732183379187
1994-02-01,8.668071189143038
1994-02-02,8.701034403643895
1994-02-03,8.664478754619303
1994-02-04,8.398871389104189
1994-02-07,8.444089893162323
1994-02-08,8.482969565526268
1994-02-09,8.53473905546245
1994-02-10,8.479800149679175
1994-02-11,8.490787672897612
1994-02-14,8.56009502708474
1994-02-15,8.627078357932517
1994-02-16,8.636798114812116
1994-02-17,8.608272727342733
1994-02-18,8.61989413373059
1994-02-22,8.67356527317503
1994-02-23,8.640390549335851
1994-02-24,8.511073224010097
1994-02-25,8.58841019490689
1994-02-28,8.709275529691881
1994-03-01,8.65687215658628
1994-03-02,8.624965199085938
1994-03-03,8.624754334593161
1994-03-04,8.705471585829827
1994-03-07,8.775412823186374
1994-03-08,8.705049211998729
1994-03-09,8.728503534112763
1994-03-10,8.658562296756214
1994-03-11,8.651378072554289
1994-03-14,8.72533411826567
1994-03-15,8.723220959419091
1994-03-16,8.775624332524695
1994-03-17,8.84197378020305
1994-03-18,8.822322112259984
1994-03-21,8.726601884604506
1994-03-22,8.677580081529861
1994-03-23,8.673987647006127
1994-03-24,8.534950564800772
1994-03-25,8.449160958517671
1994-03-28,8.323647577053972
1994-03-29,8.092904430702427
1994-03-30,8.034796109072058
1994-03-31,8.092059038194689
1994-04-04,7.932737049722393
1994-04-05,8.226236564383015
1994-04-06,8.214615157995159
1994-04-07,8.261312937730448
1994-04-08,8.133051869405211
1994-04-11,8.110865313630015
1994-04-12,7.933581797384589
1994-04-13,7.760102225001218
1994-04-14,7.726293617992622
1994-04-15,7.739817318734278
1994-04-18,7.616627315764389
1994-04-19,7.551123260593773
1994-04-20,7.509285681721054
1994-04-21,7.755242024138647
1994-04-22,7.798770388026844
1994-04-25,7.919424858319058
1994-04-26,7.933581797384589
1994-04-28,7.869980036567772
1994-04-29,7.886884017649298
1994-05-02,8.025710235361876
1994-05-03,7.967601913731506
1994-05-04,7.977321670611107
1994-05-05,7.9921131376916
1994-05-06,7.914776166794806
1994-05-09,7.775949949082229
1994-05-10,7.8186329204626865
1994-05-11,7.7163623517747
1994-05-12,7.747213052274525
1994-05-13,7.708755753741676
1994-05-16,7.617261198933808
1994-05-17,7.617472708272128
1994-05-18,7.788416747977824
1994-05-19,7.854343176979539
1994-05-20,7.826028654002933
1994-05-23,7.815886523292234
1994-05-24,7.966122638054348
1994-05-25,7.992324002184377
1994-05-26,7.940766021586515
1994-05-27,7.962107829699515
1994-05-31,8.005213819756614
1994-06-01,8.01324343646628
1994-06-02,8.043459608951142
1994-06-03,8.088255739178177
1994-06-06,8.088678113009275
1994-06-07,8.029302025040067
1994-06-08,7.8393408454062685
1994-06-09,7.8245493783257745
1994-06-10,7.916255442471964
1994-06-13,7.857935611503273
1994-06-14,7.974152254764014
1994-06-15,7.982604245304777
1994-06-16,7.983026619135875
1994-06-17,7.859203377842111
1994-06-20,7.772357514558493
1994-06-21,7.627615483828371
1994-06-22,7.6751586560714005
1994-06-23,7.469349107511048
1994-06-24,7.432794103331999
1994-06-27,7.631418782844882
1994-06-28,7.650224413434665
1994-06-29,7.664593506684061
1994-06-30,7.613246390578975
1994-07-01,7.607541442054207
1994-07-05,7.541615013052493
1994-07-06,7.472096149527044
1994-07-07,7.5906374609726806
1994-07-08,7.592327601142616
1994-07-11,7.581340077924178
1994-07-12,7.634588198691976
1994-07-13,7.800038799211224
1994-07-14,7.765807173525986
1994-07-15,7.759890715662897
1994-07-18,7.77975324809874
1994-07-19,7.7066425948951
1994-07-20,7.596976292666867
1994-07-21,7.653605338620079
1994-07-22,7.713826819097026
1994-07-25,7.736013374872222
1994-07-26,7.691640263321829
1994-07-27,7.645153348079316
1994-07-28,7.652126707788464
1994-07-29,7.821591471817002
1994-08-01,7.893856732512903
1994-08-02,7.876952751431377
1994-08-03,7.82835332218783
1994-08-04,7.766441056695405
1994-08-05,7.757989066154642
1994-08-08,7.794756224517554
1994-08-09,7.8321566212043425
1994-08-10,7.90125246605315
1994-08-11,7.913085381779327
1994-08-12,7.965277245546608
1994-08-15,7.967812778224284
1994-08-16,8.040712566935147
1994-08-17,8.175312466954571
1994-08-18,8.148477219655122
1994-08-19,8.116570262154783
1994-08-22,8.088889622347596
1994-08-23,8.171931541769156
1994-08-24,8.20785330762433
1994-08-25,8.272300460948887
1994-08-26,8.436483295129298
1994-08-29,8.41915629537113
1994-08-30,8.488886023389357
1994-08-31,8.40774575347605
1994-09-01,8.274835993626562
1994-09-02,8.270610320778951
1994-09-06,8.3187873761914
1994-09-07,8.389784870548464
1994-09-08,8.467967233952997
1994-09-09,8.343087090813173
1994-09-12,8.276104404810942
1994-09-13,8.38217827251544
1994-09-14,8.405421730136696
1994-09-15,8.602144760141323
1994-09-16,8.546571971188628
1994-09-19,8.534105172293032
1994-09-20,8.385559197700854
1994-09-21,8.319209750022498
1994-09-22,8.315828824837084
1994-09-23,8.24504283981834
1994-09-26,8.21757306450393
1994-09-27,8.226658938214113
1994-09-28,8.282443236505129
1994-09-29,8.26659551242412
1994-09-30,8.322168301376815
1994-10-03,8.298290960586138
1994-10-04,8.086776463501018
1994-10-05,8.177214116462826
1994-10-06,8.089735014855334
1994-10-07,8.185032223834172
1994-10-10,8.301038002602134
1994-10-11,8.458247477073396
1994-10-12,8.448950094024894
1994-10-13,8.449160958517671
1994-10-14,8.426762893404154
1994-10-17,8.385559197700854
1994-10-18,8.409858912322628
1994-10-19,8.53093575644594
1994-10-20,8.515298896857706
1994-10-21,8.463107033090425
1994-10-24,8.426552028911377
1994-10-25,8.42000168787887
1994-10-26,8.533048270446972
1994-10-27,8.570871685810403
1994-10-28,8.702302169982733
1994-10-31,8.727869650943344
1994-11-01,8.664690263957624
1994-11-02,8.640390549335851
1994-11-03,8.624754334593161
1994-11-04,8.482969565526268
1994-11-07,8.45613431822682
1994-11-08,8.60932898434325
1994-11-09,8.627923750440255
1994-11-10,8.581436835197742
1994-11-11,8.553122312221136
1994-11-14,8.709275529691881
1994-11-15,8.701034403643895
1994-11-16,8.720896936079738
1994-11-17,8.684130422562369
1994-11-18,8.714768968878328
1994-11-21,8.648208656707196
1994-11-22,8.408379636645469
1994-11-23,8.392321048071683
1994-11-25,8.476842243170402
1994-11-28,8.532837405954195
1994-11-29,8.644405357690683
1994-11-30,8.553967704728874
1994-12-01,8.402674688120701
1994-12-02,8.495225499929086
1994-12-05,8.509382438994617
1994-12-06,8.45169713604089
1994-12-07,8.362315740079598
1994-12-08,8.162634158720655
1994-12-09,8.211868115979163
1994-12-12,8.217150690672833
1994-12-13,8.188624658357906
1994-12-14,8.2756813861343
1994-12-15,8.318998885529721
1994-12-16,8.283288629012869
1994-12-19,8.249691531342592
1994-12-20,8.253705694851881
1994-12-21,8.405632594629473
1994-12-22,8.447893192178833
1994-12-23,8.47641922449376
1994-12-27,8.537274588140125
1994-12-28,8.457613593903979
1994-12-29,8.585451643552574
1994-12-30,8.542345653495476
1995-01-03,8.409858912322628
1995-01-04,8.44472377633174
1995-01-05,8.410281286153726
1995-01-06,8.485716607542264
1995-01-09,8.526709438752786
1995-01-10,8.612076026359246
1995-01-11,8.602144760141323
1995-01-12,8.606793451665576
1995-01-13,8.67356527317503
1995-01-16,8.74054795917726
1995-01-17,8.809010565702193
1995-01-18,8.859089270622897
1995-01-19,8.828872453292492
1995-01-20,8.666169539634783
1995-01-23,8.703359071828793
1995-01-24,8.739491702176744
1995-01-25,8.681805754377471
1995-01-26,8.589466451907407
1995-01-27,8.604680292818998
1995-01-30,8.488252140219938
1995-01-31,8.564743718608993
1995-02-01,8.601299367633585
1995-02-02,8.68772221224056
1995-02-03,8.793162841621182
1995-02-06,8.89437650846311
1995-02-07,8.886769910430084
1995-02-08,8.99432305381174
1995-02-09,9.010593151723848
1995-02-10,9.102298571024495
1995-02-13,9.060037973475135
1995-02-14,9.082013664757554
1995-02-15,9.138642710710766
1995-02-16,9.10420022053275
1995-02-17,8.99432305381174
1995-02-21,8.976573680222474
1995-02-22,9.069335356523636
1995-02-23,9.107792655056485
1995-02-24,9.05264288478043
1995-02-27,8.975094404545317
1995-02-28,9.138854220049087
1995-03-01,9.081802155419233
1995-03-02,9.121527220290918
1995-03-03,9.227178714164317
1995-03-06,9.239011629890495
1995-03-07,9.130824603339422
1995-03-08,9.234152073873467
1995-03-09,9.234362938366244
1995-03-10,9.334520993053196
1995-03-13,9.314658460617354
1995-03-14,9.429818202032033
1995-03-15,9.372766782247725
1995-03-16,9.396221104361757
1995-03-17,9.380584889619069
1995-03-20,9.43700242623396
1995-03-21,9.447990594297941
1995-03-22,9.447990594297941
1995-03-23,9.483700850814794
1995-03-24,9.623371816189568
1995-03-27,9.65908207270642
1995-03-28,9.731347978247864
1995-03-29,9.54814800413935
1995-03-30,9.47524886027403
1995-03-31,9.44841296812904
1995-04-03,9.476727491105645
1995-04-04,9.33663350705423
1995-04-05,9.39579873053066
1995-04-06,9.295641320689251
1995-04-07,9.382064165296226
1995-04-10,9.495110747864329
1995-04-11,9.57899805979363
1995-04-12,9.656124166197648
1995-04-13,9.697327861900947
1995-04-17,9.657814306367582
1995-04-18,9.581111218640208
1995-04-19,9.446511318620782
1995-04-20,9.487715659169627
1995-04-21,9.536948971582591
1995-04-24,9.64407974113315
1995-04-25,9.700920296424682
1995-04-26,9.783962215846245
1995-04-27,9.83277315442811
1995-04-28,9.921943041051083
1995-05-01,9.847775486001382
1995-05-02,9.83361854693585
1995-05-03,10.035412642295826
1995-05-04,10.017874778044881
1995-05-05,9.937579255793771
1995-05-08,10.074503823998093
1995-05-09,10.058022216747665
1995-05-10,9.992095787745951
1995-05-11,10.133457538136202
1995-05-12,10.209949116525257
1995-05-15,10.276509428696391
1995-05-16,10.375822090875603
1995-05-17,10.452947552434077
1995-05-18,10.312008175874922
1995-05-19,10.351099357577189
1995-05-22,10.46139954297484
1995-05-23,10.6310758163417
1995-05-24,10.575714536727324
1995-05-25,10.600225760687419
1995-05-26,10.481895958580102
1995-05-30,10.18649414956568
1995-05-31,10.3136989608904
1995-06-01,10.374131305860125
1995-06-02,10.409841562376977
1995-06-05,10.582264877759831
1995-06-06,10.46203342614426
1995-06-07,10.504927906863038
1995-06-08,10.583321134760348
1995-06-09,10.573812887219068
1995-06-12,10.600859643856836
1995-06-13,10.677562731584212
1995-06-14,10.69383282949632
1995-06-15,10.818501463297823
1995-06-16,10.936408891574041
1995-06-19,11.210258027982686
1995-06-20,11.400852445940359
1995-06-21,11.315698012517764
1995-06-22,11.5384108973141
1995-06-23,11.508827963153113
1995-06-26,11.336193783277482
1995-06-27,11.153417472691153
1995-06-28,11.21279356066036
1995-06-29,11.330277970259937
1995-06-30,11.368735268792785
1995-07-03,11.388596511537541
1995-07-05,11.481993360699208
1995-07-06,11.703438479156707
1995-07-07,11.99271232096972
1995-07-10,12.1194941136178
1995-07-11,11.91706549024286
1995-07-12,12.249445966958517
1995-07-13,12.324246760332091
1995-07-14,12.463706216368545
1995-07-17,12.612886074130142
1995-07-18,12.223033093490166
1995-07-19,11.560808962427616
1995-07-20,11.628637685783131
1995-07-21,11.574755681845915
1995-07-24,11.888751612111799
1995-07-25,12.101533875535756
1995-07-26,12.188802112650471
1995-07-27,12.345377059106772
1995-07-28,12.132594795682813
1995-07-31,12.020604470115227
1995-08-01,11.816274842077576
1995-08-02,11.65462754057484
1995-08-03,11.68632298873686
1995-08-04,11.8452232482236
1995-08-07,11.910093420224799
1995-08-08,11.953621784112997
1995-08-09,12.160275435490002
1995-08-10,12.038987726873913
1995-08-11,12.163445496182637
1995-08-14,12.35551918981747
1995-08-15,12.341150741413617
1995-08-16,12.602743943419442
1995-08-17,12.599575172417893
1995-08-18,12.583515938998563
1995-08-21,12.232118967200348
1995-08-22,12.451028552980171
1995-08-23,12.49476842620669
1995-08-24,12.322344465978292
1995-08-25,12.257685803315415
1995-08-28,11.960805363469378
1995-08-29,11.97707610622703
1995-08-30,12.10406940821343
1995-08-31,12.187322836973314
1995-09-01,12.112099024923095
1995-09-05,12.580134368967604
1995-09-06,12.553933004837576
1995-09-07,12.660007517387617
1995-09-08,12.768406053277012
1995-09-11,12.88419967786111
1995-09-12,12.80474954811774
1995-09-13,12.840882823311235
1995-09-14,12.765235992584376
1995-09-15,12.445957487624822
1995-09-18,12.490753617851857
1995-09-19,12.699732582259303
1995-09-20,12.745584969486854
1995-09-21,12.569357710241944
1995-09-22,12.522660575352198
1995-09-25,12.423136403834663
1995-09-26,12.271844032072034
1995-09-27,12.175700140894369
1995-09-28,12.581825153983084
1995-09-29,12.36291556820326
1995-10-02,12.126044454650307
1995-10-03,12.111041478231492
1995-10-04,11.81162550570778
1995-10-05,12.102378623197952
1995-10-06,11.989753769615403
1995-10-09,11.556794154072785
1995-10-10,11.637723559493313
1995-10-11,11.92446186862865
1995-10-12,12.109773711892656
1995-10-13,12.044270301567582
1995-10-16,12.011730105743366
1995-10-17,12.454831851996683
1995-10-18,12.635284139243659
1995-10-19,12.704803647614652
1995-10-20,12.506601341932866
1995-10-23,12.535972766755533
1995-10-24,12.55625702817693
1995-10-25,12.34706784412225
1995-10-26,12.307764508236119
1995-10-27,12.541466850787524
1995-10-30,12.828203870231773
1995-10-31,12.652400919354593
1995-11-01,12.697407269228862
1995-11-02,12.988583405395673
1995-11-03,13.136918515495074
1995-11-06,13.010346942494229
1995-11-07,12.59851762572629
1995-11-08,12.651131863324668
1995-11-09,13.036338086977024
1995-11-10,12.965762321605514
1995-11-13,12.853983505376249
1995-11-14,12.502375024239713
1995-11-15,12.54040930409592
1995-11-16,12.502798042916355
1995-11-17,12.441731169931668
1995-11-20,12.079557539407793
1995-11-21,12.133439543345009
1995-11-22,12.023984750455098
1995-11-24,12.22007454213585
1995-11-27,12.126889202312503
1995-11-28,12.63591866725862
1995-11-29,12.66930490043612
1995-11-30,12.545480369451269
1995-12-01,12.403908399413783
1995-12-04,12.63591866725862
1995-12-05,12.492866131852889
1995-12-06,12.46645325838454
1995-12-07,12.406232422753137
1995-12-08,12.665078582742966
1995-12-11,12.595982093048615
1995-12-12,12.362069530849977
1995-12-13,12.414895277786677
1995-12-14,11.965876428824728
1995-12-15,11.902275312853455
1995-12-18,11.580248476186819
1995-12-19,12.150133304779303
1995-12-20,11.94178886838682
1995-12-21,12.271632522733713
1995-12-22,12.365028082204294
1995-12-26,12.36312707754158
1995-12-27,12.263391396685726
1995-12-28,12.085686151454746
1995-12-29,12.17591165023269
1996-01-02,12.381087315623624
1996-01-03,12.092658221472808
1996-01-04,11.906500340855521
1996-01-05,11.941577359048498
1996-01-08,11.89952827083746
1996-01-09,11.292453910050964
1996-01-10,11.310837166809648
1996-01-11,11.731542137640536
1996-01-12,11.678927900042156
1996-01-15,11.292876928727607
1996-01-16,11.53819938797578
1996-01-17,11.526789490926243
1996-01-18,11.71294737154353
1996-01-19,11.931012209661159
1996-01-22,12.070683175035931
1996-01-23,11.988274493938246
1996-01-24,12.300792438218057
1996-01-25,12.092024983148933
1996-01-26,12.193238649990858
1996-01-29,12.17591165023269
1996-01-30,12.339882975074781
1996-01-31,12.50533357559403
1996-02-01,12.717904329679666
1996-02-02,12.708183927954522
1996-02-05,13.005064367800559
1996-02-06,13.083881259220053
1996-02-07,12.996613022105338
1996-02-08,13.181080117707147
1996-02-09,13.164387645963942
1996-02-12,13.212564056530846
1996-02-13,13.069934539801755
1996-02-14,13.04986178771868
1996-02-15,13.10564479631861
1996-02-16,13.080499689189097
1996-02-20,13.03380255429935
1996-02-21,13.254614434432973
1996-02-22,13.59544496715276
1996-02-23,13.57811925708568
1996-02-26,13.479439833230341
1996-02-27,13.335331040824093
1996-02-28,13.342515909871562
1996-02-29,13.160584346947429
1996-03-01,12.778759693326032
1996-03-04,12.70987471297
1996-03-05,13.013728512525185
1996-03-06,12.84384137466555
1996-03-07,12.879973360167957
1996-03-08,12.503009552254676
1996-03-11,12.79397288939208
1996-03-12,12.657471984709943
1996-03-13,12.98985117173451
1996-03-14,12.901315168280957
1996-03-15,13.136918515495074
1996-03-18,13.380973208404411
1996-03-19,13.299199055321687
1996-03-20,13.000627830460171
1996-03-21,12.921389210055121
1996-03-22,12.950337616201146
1996-03-25,12.63211536824211
1996-03-26,12.72213064737282
1996-03-27,12.848489421344258
1996-03-28,12.8489124400209
1996-03-29,12.882931911522274
1996-04-01,12.9526616395405
1996-04-02,13.012249236848028
1996-04-03,13.070569067816718
1996-04-04,13.05852464275222
1996-04-08,12.902371425281475
1996-04-09,12.911880317668297
1996-04-10,12.870675977119454
1996-04-11,12.764179735583859
1996-04-12,12.784887015681898
1996-04-15,12.912303336344939
1996-04-16,13.226299266610823
1996-04-17,13.115788216720395
1996-04-18,13.384776507420922
1996-04-19,13.375690633710741
1996-04-22,13.614039733249765
1996-04-23,13.82956903868972
1996-04-24,14.03072989572582
1996-04-25,14.08714743234071
1996-04-26,14.086514194016836
1996-04-29,14.09390928271154
1996-04-30,14.088203689341228
1996-05-01,14.228297673392643
1996-05-02,13.876900701594428
1996-05-03,13.968606765740617
1996-05-06,14.00790881193566
1996-05-07,13.963324191046947
1996-05-08,14.02058776501512
1996-05-09,13.999667685887674
1996-05-10,14.210970673634474
1996-05-13,14.5486337250438
1996-05-14,14.69464352211276
1996-05-15,14.583286434869049
1996-05-16,14.690840223096249
1996-05-17,14.597021644949026
1996-05-20,14.649002644223529
1996-05-21,14.534687005625502
1996-05-22,14.54673143069
1996-05-23,14.624069046432338
1996-05-24,14.556873561400698
1996-05-28,14.475733936332936
1996-05-29,14.307114564812139
1996-05-30,14.453969109543294
1996-05-31,14.630407878126524
1996-06-03,14.564058430448169
1996-06-04,14.634634195819677
1996-06-05,14.777473932196001
1996-06-06,14.516726767543458
1996-06-07,14.610756855029003
1996-06-10,14.555395575414627
1996-06-11,14.599768686965021
1996-06-12,14.731198526291807
1996-06-13,14.618786471738668
1996-06-14,14.392480507573053
1996-06-17,14.335639952281522
1996-06-18,14.074258259614018
1996-06-19,14.109122478777586
1996-06-20,14.040027278774323
1996-06-21,14.210760453987241
1996-06-24,14.308804060136529
1996-06-25,14.115884329148415
1996-06-26,13.939446850256271
1996-06-27,14.181600538502895
1996-06-28,14.311551102152524
1996-07-01,14.517994533882296
1996-07-02,14.37219495646057
1996-07-03,14.238441093794428
1996-07-05,13.896974743368592
1996-07-08,13.861475996190059
1996-07-09,13.96205642470811
1996-07-10,13.892115187351562
1996-07-11,13.434221974017753
1996-07-12,13.419007488260617
1996-07-15,12.823767332891387
1996-07-16,12.979286022347171
1996-07-17,13.339557358517247
1996-07-18,13.602418326861908
1996-07-19,13.376535381372937
1996-07-22,13.185940963415263
1996-07-23,12.643103536306091
1996-07-24,12.784887015681898
1996-07-25,13.109026366349566
1996-07-26,13.383720250420406
1996-07-29,13.11156189902724
1996-07-30,13.318850078419208
1996-07-31,13.43908153003478
1996-08-01,13.757303777993817
1996-08-02,14.111659301146348
1996-08-05,13.9675505087401
1996-08-06,14.19301043555243
1996-08-07,14.418681871703082
1996-08-08,14.31620043852232
1996-08-09,14.332892910265526
1996-08-12,14.355713994055684
1996-08-13,14.138282394261932
1996-08-14,14.308804060136529
1996-08-15,14.307114564812139
1996-08-16,14.205477879293571
1996-08-19,14.162582753729248
1996-08-20,14.006641045596824
1996-08-21,14.1027836470834
1996-08-22,14.403045656960394
1996-08-23,14.317256695522836
1996-08-26,14.21900029034414
1996-08-27,14.348529125008215
1996-08-28,14.36162980707323
1996-08-29,14.180542991811292
1996-08-30,14.021432512677316
1996-09-03,14.142297202616765
1996-09-04,14.140396197954052
1996-09-05,13.783716651462168
1996-09-06,14.035166433066207
1996-09-09,14.199137757908296
1996-09-10,14.192165687890236
1996-09-11,14.265487205586654
1996-09-12,14.487989870735754
1996-09-13,14.957292981119101
1996-09-16,14.986029877926805
1996-09-17,15.266640864706277
1996-09-18,15.375039400595671
1996-09-19,15.567959131583788
1996-09-20,15.708686353959077
1996-09-23,15.497171856873956
1996-09-24,15.56478907089115
1996-09-25,15.756652544878749
1996-09-26,15.73383146108859
1996-09-27,15.736366993766264
1996-09-30,15.585074622003635
1996-10-01,15.520204450002437
1996-10-02,15.795954591073793
1996-10-03,15.705729092295849
1996-10-04,16.04043230265977
1996-10-07,16.160875263613665
1996-10-08,15.916186042689365
1996-10-09,15.931610748093734
1996-10-10,15.87815176283316
1996-10-11,16.178202263371833
1996-10-14,16.312379144714615
1996-10-15,16.377672335392454
1996-10-16,16.22046286092119
1996-10-17,15.970279555964902
1996-10-18,15.992044382754544
1996-10-21,15.769119988619888
1996-10-22,15.565423598906113
1996-10-23,15.84138524931579
1996-10-24,15.814126338494157
1996-10-25,15.711433395975073
1996-10-28,15.671075092779512
1996-10-29,15.45068623132253
1996-10-30,15.55950649619748
1996-10-31,15.889773169221016
1996-11-01,15.964152233609036
1996-11-04,15.979365429675084
1996-11-05,16.268427762149777
1996-11-06,16.627432621672103
1996-11-07,16.807461890242436
1996-11-08,16.875923851921826
1996-11-11,17.003973410908742
1996-11-12,16.779359521449695
1996-11-13,16.876769889275106
1996-11-14,17.110259432797104
1996-11-15,16.892406104017798
1996-11-18,16.76245425067708
1996-11-19,17.026372765713347
1996-11-20,17.0815225359894
1996-11-21,16.914169641116352
1996-11-22,17.29240250505956
1996-11-25,17.353046359367603
1996-11-26,17.443273147836635
1996-11-27,17.588226687905077
1996-11-29,17.622880687421414
1996-12-02,17.847284357233228
1996-12-03,17.705288078828012
1996-12-04,17.636404388163072
1996-12-05,17.6607034579393
1996-12-06,17.479194913691806
1996-12-09,18.10105945186771
1996-12-10,17.938778912041098
1996-12-11,18.095565367835718
1996-12-12,17.820659974426558
1996-12-13,17.505396277821838
1996-12-16,17.005242466938668
1996-12-17,17.237885973107378
1996-12-18,17.67633967268199
1996-12-19,17.828266572459583
1996-12-20,17.62372543508361
1996-12-23,17.4280586620795
1996-12-24,17.65225211224408
1996-12-26,17.81241884837857
1996-12-27,17.653519878582916
1996-12-30,17.463980427934672
1996-12-31,17.35558189204528
1997-01-02,17.233871164752546
1997-01-03,17.922085150606804
1997-01-06,18.029427429495684
1997-01-07,18.268199547711347
1997-01-08,18.02604714915581
1997-01-09,18.107609792900217
1997-01-10,18.28996437450099
1997-01-13,18.264607758033158
1997-01-14,18.623822837202717
1997-01-15,18.262705463679357
1997-01-16,18.460063021698947
1997-01-17,18.667351201090916
1997-01-20,19.012620850533263
1997-01-21,19.30738748668718
1997-01-22,19.556514534642954
1997-01-23,19.28646869725082
1997-01-24,18.982826407033954
1997-01-27,18.80216261044866
1997-01-28,18.822658381208377
1997-01-29,18.857946908739677
1997-01-30,19.264705160152264
1997-01-31,19.47262657786811
1997-02-03,19.397825784494533
1997-02-04,19.361692509301037
1997-02-05,18.75081613918912
1997-02-06,18.711302583655755
1997-02-07,19.0138886168721
1997-02-10,18.42688829785977
1997-02-11,18.419493209165065
1997-02-12,19.02783404659931
1997-02-13,19.176590885684266
1997-02-14,19.015366602858172
1997-02-18,18.965077678290235
1997-02-19,18.967613210967908
1997-02-20,18.600580024427003
1997-02-21,18.262495244032124
1997-02-24,18.60015700575036
1997-02-25,18.63776826692993
1997-02-26,18.610299136461062
1997-02-27,17.93074929533143
1997-02-28,17.970474360203117
1997-03-03,18.08922653614153
1997-03-04,18.21516229143633
1997-03-05,18.42709980719809
1997-03-06,17.992660915978313
1997-03-07,17.771215797520817
1997-03-10,18.063025172011503
1997-03-11,17.929058510315954
1997-03-12,17.73508252232732
1997-03-13,17.760016120118514
1997-03-14,17.72789765327985
1997-03-17,17.585479645889084
1997-03-18,17.48680151172483
1997-03-19,17.15357628734698
1997-03-20,17.36339999941662
1997-03-21,17.173227310444503
1997-03-24,16.95431772466468
1997-03-25,17.05616591952157
1997-03-26,17.63069879479276
1997-03-27,17.300220612430902
1997-03-31,16.842115889758773
1997-04-01,16.83641029638846
1997-04-02,16.564463454333616
1997-04-03,17.002917153908225
1997-04-04,17.37755822817324
1997-04-07,17.58695892156624
1997-04-08,17.757057568764196
1997-04-09,17.511312090839382
1997-04-10,17.188018777524995
1997-04-11,16.69230150398221
1997-04-14,17.04771328413526
1997-04-15,16.861978422194614
1997-04-16,16.876346870598468
1997-04-17,17.077929456620122
1997-04-18,17.251409673849036
1997-04-21,16.957064766680674
1997-04-22,17.286275182703694
1997-04-23,17.70655584516685
1997-04-24,17.701907798488143
1997-04-25,17.296628822752712
1997-04-28,17.52525881025768
1997-04-29,18.093029835158042
1997-04-30,18.48351734381298
1997-05-01,18.639459051945405
1997-05-02,19.21779522623311
1997-05-05,19.712244733437057
1997-05-06,19.332110864831137
1997-05-07,19.21356890853996
1997-05-08,19.4252949149634
1997-05-09,19.42043535894637
1997-05-12,19.537919768545947
1997-05-13,19.24061631002327
1997-05-14,19.22688109994329
1997-05-15,19.68984666832354
1997-05-16,19.340350701188036
1997-05-19,19.304007206347308
1997-05-20,19.907065469087883
1997-05-21,20.084983513348273
1997-05-22,19.99137515484828
1997-05-23,20.26564730993357
1997-05-27,20.805103167011783
1997-05-28,20.7626310601241
1997-05-29,20.507799708489106
1997-05-30,20.260786464225454
1997-06-02,20.257406183885582
1997-06-03,19.647163052097536
1997-06-04,19.481290722592735
1997-06-05,19.664067033179066
1997-06-06,19.96792083273425
1997-06-09,20.17436426446402
1997-06-10,19.887414445990363
1997-06-11,20.052653537171288
1997-06-12,20.07378383594597
1997-06-13,20.378060654177798
1997-06-16,20.622960094749327
1997-06-17,20.905683595529833
1997-06-18,20.529141516602106
1997-06-19,20.748897139735213
1997-06-20,20.73748595299459
1997-06-23,20.476527279003726
1997-06-24,20.84334895620631
1997-06-25,20.691210547090396
1997-06-26,20.440183784163
1997-06-27,20.34868922935513
1997-06-30,20.228034759062915
1997-07-01,20.146472115318513
1997-07-02,20.62169232841049
1997-07-03,20.84546275989843
1997-07-07,20.940970833370045
1997-07-08,21.253065758973214
1997-07-09,21.3437142764278
1997-07-10,21.342446510088962
1997-07-11,21.46035393836518
1997-07-14,22.015235790538853
1997-07-15,22.377409421062726
1997-07-16,23.315806711873275
1997-07-17,23.134507097581928
1997-07-18,22.630338478343926
1997-07-21,22.365363706307143
1997-07-22,23.05188690714592
1997-07-23,23.07555531798045
1997-07-24,22.993569655559405
1997-07-25,22.934615296575753
1997-07-28,22.718875771488566
1997-07-29,22.988075571527414
1997-07-30,23.264035932246003
1997-07-31,23.391875271585686
1997-08-01,23.43223228509016
1997-08-04,23.752145318064677
1997-08-05,24.01268355276107
1997-08-06,24.126996611976924
1997-08-07,23.995778281988457
1997-08-08,23.560706152444805
1997-08-11,23.268263539630244
1997-08-12,23.048507916497137
1997-08-13,23.224310867374317
1997-08-14,23.317496207197667
1997-08-15,22.750359710312264
1997-08-18,23.02251806170543
1997-08-19,23.690869515123843
1997-08-20,24.195670082994635
1997-08-21,23.638887226158253
1997-08-22,23.473860934006733
1997-08-25,23.407088467651736
1997-08-26,23.09985309806559
1997-08-27,23.07196223861117
1997-08-28,22.621462824280975
1997-08-29,22.69499843069789
1997-09-02,23.301436973778333
1997-09-03,23.25262474550538
1997-09-04,23.366305856088445
1997-09-05,23.478931999362082
1997-09-08,23.619869441384605
1997-09-09,23.808141125694014
1997-09-10,23.3056620017804
1997-09-11,23.35024920205129
1997-09-12,23.371588430782115
1997-09-15,22.82685128870132
1997-09-16,23.592401600606827
1997-09-17,23.42568323374874
1997-09-18,23.43962995316704
1997-09-19,23.638043768187142
1997-09-22,23.74306073404558
1997-09-23,23.983735146615047
1997-09-24,23.57887789986517
1997-09-25,23.380252575506745
1997-09-26,23.387436154863124
1997-09-29,23.639944772849855
1997-09-30,23.18331932585488
1997-10-01,23.28685830572725
1997-10-02,23.514640966187848
1997-10-03,23.7597519160977
1997-10-06,23.791238434303573
1997-10-07,24.104176817877853
1997-10-08,24.201375676364947
1997-10-09,24.26201953067299
1997-10-10,24.041420449568776
1997-10-13,24.098682733845862
1997-10-14,23.907455077564315
1997-10-15,23.646282314852954
1997-10-16,23.23022797008295
1997-10-17,22.71760671545864
1997-10-20,22.995047641545476
1997-10-21,23.46625433597371
1997-10-22,23.216069741326333
1997-10-23,22.707676094086263
1997-10-24,22.34190938419311
1997-10-27,20.668179243653004
1997-10-28,22.12067577507393
1997-10-29,21.759136672565017
1997-10-30,21.14509024176046
1997-10-31,21.5448751334639
1997-11-03,22.202026909480015
1997-11-04,22.13652349915494
1997-11-05,22.121733321765536
1997-11-06,21.852322012388367
1997-11-07,21.728707701050748
1997-11-10,21.374141958250984
1997-11-11,21.361887313539253
1997-11-12,20.710228331864045
1997-11-13,21.241232843247037
1997-11-14,21.71877707967837
1997-11-17,22.180473592028694
1997-11-18,21.897541161292043
1997-11-19,21.95691595957016
1997-11-20,22.450730938759147
1997-11-21,22.3260616601121
1997-11-24,21.768855784599076
1997-11-25,21.93451918414773
1997-11-26,22.065102986121236
1997-11-28,22.197590372139626
1997-12-01,22.804451933896715
1997-12-02,22.230552296949398
1997-12-03,22.43234768200046
1997-12-04,22.245133544382657
1997-12-05,22.615125282277877
1997-12-08,22.882424077654015
1997-12-09,22.200971942170586
1997-12-10,21.832035171584796
1997-12-11,21.170023839551654
1997-12-12,20.67578584168603
1997-12-15,20.800243610994755
1997-12-16,21.073458219388435
1997-12-17,20.784395886913742
1997-12-18,20.428139359098502
1997-12-19,20.494277297438536
1997-12-22,20.6161982443785
1997-12-23,20.064697962235787
1997-12-24,19.84113904008617
1997-12-26,20.159784306721846
1997-12-29,20.676631879039313
1997-12-30,21.097758578855753
1997-12-31,20.936534296029656
1998-01-02,21.304200720894436
1998-01-05,21.49838821822139
1998-01-06,21.263207889683915
1998-01-07,20.94414089406268
1998-01-08,21.015138388419746
1998-01-09,20.20458043694888
1998-01-12,20.52111189989244
1998-01-13,21.025703537807086
1998-01-14,21.053595686952594
1998-01-15,21.03690321520939
1998-01-16,21.254333525312052
1998-01-20,21.698281308918652
1998-01-21,21.690674710885627
1998-01-22,21.566216941576904
1998-01-23,21.647356566644664
1998-01-26,21.476836190461153
1998-01-27,21.8859184652131
1998-01-28,22.465732625486872
1998-01-29,22.588289390132886
1998-01-30,22.63329702969824
1998-02-02,23.264247441584324
1998-02-03,23.481256022701434
1998-02-04,23.7597519160977
1998-02-05,23.557324582413848
1998-02-06,23.968519371166824
1998-02-09,23.723408421256973
1998-02-10,24.084104065794776
1998-02-11,24.06339678569674
1998-02-12,24.189967069006496
1998-02-13,24.018598076087528
1998-02-17,23.84828920924234
1998-02-18,24.104176817877853
1998-02-19,24.442473107611054
1998-02-20,24.505440985258453
1998-02-23,25.050603725398066
1998-02-24,24.77316279931123
1998-02-25,25.364599655663948
1998-02-26,25.503636093023758
1998-02-27,25.232323778983876
1998-03-02,24.882827811848376
1998-03-03,24.84331425631501
1998-03-04,24.931005512106367
1998-03-05,23.810253639695045
1998-03-06,24.576861498292157
1998-03-09,23.842795125210348
1998-03-10,24.270472166059296
1998-03-11,24.38161774396469
1998-03-12,24.580243068323114
1998-03-13,24.707447879647837
1998-03-16,24.937345633491642
1998-03-17,24.67786494548685
1998-03-18,24.870573167136644
1998-03-19,25.0639159168014
1998-03-20,24.710406431002152
1998-03-23,24.91642684405528
1998-03-24,25.310084413402855
1998-03-25,25.669508422528562
1998-03-26,25.735434851530275
1998-03-27,25.6023155168791
1998-03-30,25.4966640230057
1998-03-31,25.79291122452786
1998-04-01,25.95667104003163
1998-04-02,25.99407208156396
1998-04-03,26.0676051085987
1998-04-06,25.469828130860705
1998-04-07,24.97876019368772
1998-04-08,25.167454896673767
1998-04-09,25.29085511929089
1998-04-13,25.419114897925038
1998-04-14,25.633587946364475
1998-04-15,26.019004389664065
1998-04-16,25.938076273934623
1998-04-17,26.01668036632471
1998-04-20,26.478588388013353
1998-04-21,26.829139322458285
1998-04-22,27.277103204110805
1998-04-23,26.594170503259132
1998-04-24,26.415832019704276
1998-04-27,25.780022051801165
1998-04-28,25.83179025204626
1998-04-29,26.192274387245746
1998-04-30,26.373148403478275
1998-05-01,26.445203444526943
1998-05-04,26.53585067229044
1998-05-05,26.355188165396232
1998-05-06,26.24911365284619
1998-05-07,25.83559484075386
1998-05-08,26.498029191463644
1998-05-11,26.15212630369742
1998-05-12,26.54831940572267
1998-05-13,26.68925684774519
1998-05-14,26.754128309437476
1998-05-15,26.4020968096243
1998-05-18,26.25439622753986
1998-05-19,26.530991116273412
1998-05-20,26.15402730836013
1998-05-21,25.85714557882301
1998-05-22,25.654929754477475
1998-05-26,25.358894062293636
1998-05-27,25.556250330622138
1998-05-28,25.669719931866883
1998-05-29,25.18879412540459
1998-06-01,24.62842076858111
1998-06-02,25.08483470623776
1998-06-03,24.595244755050842
1998-06-04,25.25472055440631
1998-06-05,25.49793049965345
1998-06-08,25.504693639715363
1998-06-09,25.852497532144298
1998-06-10,25.341779861564877
1998-06-11,25.041728071335115
1998-06-12,25.0814531362068
1998-06-15,24.797883598073014
1998-06-16,25.586679302136407
1998-06-17,25.86517519553267
1998-06-18,25.933848666550382
1998-06-19,26.19544186855621
1998-06-22,26.707219665209408
1998-06-23,27.519890130681304
1998-06-24,28.127809239129995
1998-06-25,27.710274328991744
1998-06-26,27.911855625322314
1998-06-29,28.308471746024203
1998-06-30,28.2583930411035
1998-07-01,28.65564368982035
1998-07-02,28.15675764527602
1998-07-06,28.36911560033225
1998-07-07,28.44814271139898
1998-07-08,29.114170141478038
1998-07-09,29.227851252061104
1998-07-10,29.39456961891919
1998-07-13,30.017278904757287
1998-07-14,29.96551070451219
1998-07-15,30.630057569223005
1998-07-16,30.694294502900327
1998-07-17,30.93412287811651
1998-07-20,30.97469398034148
1998-07-21,30.25626382200236
1998-07-22,30.228581892504085
1998-07-23,29.70497504919797
1998-07-24,29.76413833813777
1998-07-27,30.13962416006498
1998-07-28,29.440423295837828
1998-07-29,29.16150180438275
1998-07-30,30.04834240428652
1998-07-31,29.101915496766306
1998-08-03,28.915544817119613
1998-08-04,27.83367455160887
1998-08-05,28.101184856323325
1998-08-06,28.86124108419684
1998-08-07,28.823205514649548
1998-08-10,28.79806169721112
1998-08-11,28.106044412340353
1998-08-12,28.624371260334975
1998-08-13,28.280580886569783
1998-08-14,28.10414340767764
1998-08-17,28.90181218642181
1998-08-18,29.608619648681984
1998-08-19,29.545651771034585
1998-08-20,29.544382715004662
1998-08-21,29.04930125916793
1998-08-24,28.967950124761845
1998-08-25,29.3362497879505
1998-08-26,29.03408806310188
1998-08-27,27.71302137100774
1998-08-28,26.730673987323442
1998-08-31,24.095724182491548
1998-09-01,25.674582067266087
1998-09-02,25.809390897241656
1998-09-03,25.5456851812348
1998-09-04,25.47067416821399
1998-09-08,27.183494845610817
1998-09-09,26.661577497629093
1998-09-10,26.103737094101106
1998-09-11,27.262310447339225
1998-09-14,27.643290353298426
1998-09-15,27.980529096340025
1998-09-16,28.133935271794773
1998-09-17,27.295909479546133
1998-09-18,27.484178584473366
1998-09-21,28.054696651389722
1998-09-22,28.234092681636184
1998-09-23,29.469371701983853
1998-09-24,28.662404250500092
1998-09-25,29.373016301467867
1998-09-28,29.228485780076067
1998-09-29,29.263139779592404
1998-09-30,28.430393982655257
1998-10-01,26.91450655491029
1998-10-02,26.971557329849055
1998-10-05,25.51864035913366
1998-10-06,25.036022477964806
1998-10-07,24.322874894319355
1998-10-08,23.853571783936008
1998-10-09,25.311350890050605
1998-10-12,26.27341401231351
1998-10-13,25.502158107037687
1998-10-14,26.110077215486378
1998-10-15,27.462204827727575
1998-10-16,27.340705609773167
1998-10-19,27.684284474200037
1998-10-20,27.115032883931427
1998-10-21,28.146615514565323
1998-10-22,28.6355683583551
1998-10-23,28.32727802145953
1998-10-26,28.925901036550805
1998-10-27,28.59647782149838
1998-10-28,29.158966271705072
1998-10-29,29.50423721083851
1998-10-30,29.593406452615937
1998-11-02,29.979457423930487
1998-11-03,29.618973288731002
1998-11-04,30.300848442891073
1998-11-05,30.470736870441797
1998-11-06,30.815159192839776
1998-11-09,31.01146049385885
1998-11-10,31.21959342091301
1998-11-11,31.28784387325408
1998-11-12,30.988429190421456
1998-11-13,30.96053575158486
1998-11-16,31.179868356041325
1998-11-17,31.664810260549537
1998-11-18,32.010078620300796
1998-11-19,32.486776819378846
1998-11-20,32.629829354784576
1998-11-23,33.577313808996394
1998-11-24,33.40340928339975
1998-11-25,33.77635957264929
1998-11-27,34.407521493873695
1998-11-30,32.92015945359811
1998-12-01,34.495847277680014
1998-12-02,34.21185472086958
1998-12-03,33.254442224667564
1998-12-04,34.44259851206667
1998-12-07,35.43318702179895
1998-12-08,35.24871992619715
1998-12-09,35.61258305204541
1998-12-10,34.92331280919064
1998-12-11,35.39346195692727
1998-12-14,34.10620322699618
1998-12-15,35.15616911438876
1998-12-16,34.99769187357866
1998-12-17,35.7023868218378
1998-12-18,36.66106837406974
1998-12-21,37.766184031738376
1998-12-22,37.354563644926586
1998-12-23,38.43516743378958
1998-12-24,38.162165624425306
1998-12-28,38.54145345567794
1998-12-29,38.52708629696518
1998-12-30,38.26633655293046
1998-12-31,38.795440059650744
1999-01-04,39.183815054304645
1999-01-05,40.21095856821598
1999-01-06,41.498849246779855
1999-01-07,41.54956247971552
1999-01-08,41.70402620186187
1999-01-11,42.26440213806754
1999-01-12,40.97333881942885
1999-01-13,41.1768236998043
1999-01-14,40.27688499721769
1999-01-15,41.872222554706035
1999-01-19,42.9728990956521
1999-01-20,42.9728990956521
1999-01-21,41.45257513056675
1999-01-22,41.50434333081184
1999-01-25,42.20058822306685
1999-01-26,43.57490110139216
1999-01-27,42.90211311063336
1999-01-28,44.47061735535888
1999-01-29,44.94815901240804
1999-02-01,45.02718612347477
1999-02-02,43.92333952183606
1999-02-03,44.79496434629161
1999-02-04,42.84506233569459
1999-02-05,42.01865666014272
1999-02-08,42.98346424503944
1999-02-09,40.894100199023804
1999-02-10,41.08110540668546
1999-02-11,43.20470043354079
1999-02-12,41.38580266421175
1999-02-16,41.298957445773674
1999-02-17,39.965213090291165
1999-02-18,40.27625046920273
1999-02-19,40.815073087957074
1999-02-22,42.17649937293786
1999-02-23,42.857105471068
1999-02-24,42.03112281419277
1999-02-25,41.71945090726624
1999-02-26,40.68174224396757
1999-03-01,40.944178903944504
1999-03-02,39.90795080601408
1999-03-03,40.143554153228195
1999-03-04,40.84550205947134
1999-03-05,41.623941544103545
1999-03-08,42.98008525439066
1999-03-09,42.86428905042439
1999-03-10,43.07432556152344
1999-03-11,43.28523635864258
1999-03-12,42.23077392578125
1999-03-15,43.44340896606445
1999-03-16,43.81245422363281
1999-03-17,43.49612045288086
1999-03-18,44.33967971801758
1999-03-19,43.20614242553711
1999-03-22,42.678924560546875
1999-03-23,41.17632293701172
1999-03-24,42.57347106933594
1999-03-25,44.12879180908203
1999-03-26,43.6542854309082
1999-03-29,45.2359733581543
1999-03-30,44.919639587402344
1999-03-31,44.26060485839844
1999-04-01,45.1832389831543
1999-04-05,46.817649841308594
1999-04-06,46.90988540649414
1999-04-07,46.42222595214844
1999-04-08,46.791282653808594
1999-04-09,47.08125305175781
1999-04-12,46.764915466308594
1999-04-13,46.132266998291016
1999-04-14,44.550567626953125
1999-04-15,45.15687942504883
1999-04-16,43.838802337646484
1999-04-19,41.78262710571289
1999-04-20,42.73164367675781
1999-04-21,44.84054946899414
1999-04-22,46.05317306518555
1999-04-23,46.65947723388672
1999-04-26,47.733673095703125
1999-04-27,47.00216293334961
1999-04-28,45.39411926269531
1999-04-29,45.02507781982422
1999-04-30,45.31505584716797
1999-05-03,45.077796936035156
1999-05-04,44.36603927612305
1999-05-05,45.71046447753906
1999-05-06,44.04971694946289
1999-05-07,44.68238067626953
1999-05-10,45.13051986694336
1999-05-11,45.8422737121582
1999-05-12,46.791282653808594
1999-05-13,45.921348571777344
1999-05-14,45.05145263671875
1999-05-17,45.86204528808594
1999-05-18,45.65774154663086
1999-05-19,46.29041290283203
1999-05-20,45.018489837646484
1999-05-21,44.603309631347656
1999-05-24,43.469749450683594
1999-05-25,42.04623794555664
1999-05-26,43.21931838989258
1999-05-27,43.17979431152344
1999-05-28,43.89154815673828
1999-06-01,42.91617202758789
1999-06-02,43.64110565185547
1999-06-03,43.021610260009766
1999-06-04,44.33967971801758
1999-06-07,45.2623291015625
1999-06-08,44.12879180908203
1999-06-09,44.86691665649414
1999-06-10,44.35284423828125
1999-06-11,43.6806640625
1999-06-14,42.85687255859375
1999-06-15,43.49612045288086
1999-06-16,45.730228424072266
1999-06-17,46.23768615722656
1999-06-18,46.448577880859375
1999-06-21,47.839141845703125
1999-06-22,46.3958625793457
1999-06-23,47.12739562988281
1999-06-24,46.191551208496094
1999-06-25,46.132266998291016
1999-06-28,47.226226806640625
1999-06-29,47.87210464477539
1999-06-30,48.610206604003906
1999-07-01,48.939727783203125
1999-07-02,49.559207916259766
1999-07-06,49.24289321899414
1999-07-07,49.32196044921875
1999-07-08,49.980995178222656
1999-07-09,50.48186492919922
1999-07-12,50.21825408935547
1999-07-13,49.980995178222656
1999-07-14,50.83115005493164
1999-07-15,51.29905700683594
1999-07-16,51.773563385009766
1999-07-19,51.2463493347168
1999-07-20,49.26924133300781
1999-07-21,49.506500244140625
1999-07-22,48.24773406982422
1999-07-23,48.32024002075195
1999-07-26,47.13397979736328
1999-07-27,48.08298110961914
1999-07-28,49.025413513183594
1999-07-29,47.9775390625
1999-07-30,47.740291595458984
1999-08-02,47.60848617553711
1999-08-03,47.298728942871094
1999-08-04,46.44198989868164
1999-08-05,47.180110931396484
1999-08-06,46.672672271728516
1999-08-09,46.072933197021484
1999-08-10,45.65774154663086
1999-08-11,47.16033935546875
1999-08-12,46.606746673583984
1999-08-13,48.636566162109375
1999-08-16,49.025413513183594
1999-08-17,49.26924133300781
1999-08-18,48.71566390991211
1999-08-19,48.13569641113281
1999-08-20,48.90017318725586
1999-08-23,50.45550537109375
1999-08-24,50.798194885253906
1999-08-25,51.878997802734375
1999-08-26,51.015682220458984
1999-08-27,50.50822830200195
1999-08-30,49.796470642089844
1999-08-31,50.35003662109375
1999-09-01,50.712520599365234
1999-09-02,50.534584045410156
1999-09-03,52.8543701171875
1999-09-07,52.61712646484375
1999-09-08,51.905372619628906
1999-09-09,52.64348602294922
1999-09-10,53.24978256225586
1999-09-13,52.610530853271484
1999-09-14,52.90049743652344
1999-09-15,51.878997802734375
1999-09-16,51.8526496887207
1999-09-17,53.407962799072266
1999-09-20,53.53315734863281
1999-09-21,52.24806213378906
1999-09-22,52.801639556884766
1999-09-23,50.61368179321289
1999-09-24,50.6795539855957
1999-09-27,51.03544998168945
1999-09-28,51.27267837524414
1999-09-29,50.24460220336914
1999-09-30,50.771827697753906
1999-10-01,50.79161834716797
1999-10-04,51.93172073364258
1999-10-05,52.300785064697266
1999-10-06,53.34864807128906
1999-10-07,53.22343063354492
1999-10-08,53.78361511230469
1999-10-11,54.54147720336914
1999-10-12,53.30251693725586
1999-10-13,51.72083282470703
1999-10-14,52.04375457763672
1999-10-15,50.50822830200195
1999-10-18,49.86894607543945
1999-10-19,50.139163970947266
1999-10-20,51.66812515258789
1999-10-21,52.51168441772461
1999-10-22,52.27443313598633
1999-10-25,52.300785064697266
1999-10-26,51.878997802734375
1999-10-27,51.799930572509766
1999-10-28,53.59248352050781
1999-10-29,55.46413803100586
1999-11-01,55.174198150634766
1999-11-02,55.207115173339844
1999-11-03,56.30771255493164
1999-11-04,56.94038391113281
1999-11-05,57.520320892333984
1999-11-08,58.68020248413086
1999-11-09,58.2847785949707
1999-11-10,59.04928970336914
1999-11-11,60.10372543334961
1999-11-12,60.89455795288086
1999-11-15,60.775970458984375
1999-11-16,62.31810760498047
1999-11-17,61.474517822265625
1999-11-18,63.359344482421875
1999-11-19,63.926109313964844
1999-11-22,62.95072937011719
1999-11-23,63.240726470947266
1999-11-24,65.3232421875
1999-11-26,65.53418731689453
1999-11-29,64.45331573486328
1999-11-30,62.00172805786133
1999-12-01,63.34615707397461
1999-12-02,65.35623168945312
1999-12-03,66.74675750732422
1999-12-06,67.35308837890625
1999-12-07,67.35308837890625
1999-12-08,66.53587341308594
1999-12-09,66.85221862792969
1999-12-10,67.4057846069336
1999-12-13,68.3218765258789
1999-12-14,67.0894775390625
1999-12-15,68.38117980957031
1999-12-16,70.06829833984375
1999-12-17,70.67460632324219
1999-12-20,71.59721374511719
1999-12-21,75.44598388671875
1999-12-22,75.20877838134766
1999-12-23,76.10502624511719
1999-12-27,75.6568603515625
1999-12-28,75.18238830566406
1999-12-29,78.02940368652344
1999-12-30,77.18586730957031
1999-12-31,77.08043670654297
2000-01-03,79.92742919921875
2000-01-04,74.44428253173828
2000-01-05,72.54623413085938
2000-01-06,67.56398010253906
2000-01-07,75.92049407958984
2000-01-10,78.02940368652344
2000-01-11,74.23340606689453
2000-01-12,72.59898376464844
2000-01-13,76.97496032714844
2000-01-14,78.76752471923828
2000-01-18,79.18931579589844
2000-01-19,80.98187255859375
2000-01-20,80.1910400390625
2000-01-21,81.1927719116211
2000-01-24,77.291259765625
2000-01-25,78.45118713378906
2000-01-26,75.28781127929688
2000-01-27,76.39496612548828
2000-01-28,72.54623413085938
2000-01-31,75.6568603515625
2000-02-01,77.68671417236328
2000-02-02,78.34571838378906
2000-02-03,81.40365600585938
2000-02-04,81.95721435546875
2000-02-07,83.09077453613281
2000-02-08,86.57047271728516
2000-02-09,83.5125503540039
2000-02-10,86.25413513183594
2000-02-11,84.25068664550781
2000-02-14,84.14523315429688
2000-02-15,84.75153350830078
2000-02-16,84.3561019897461
2000-02-17,86.14865112304688
2000-02-18,83.03804779052734
2000-02-22,83.30165100097656
2000-02-23,87.94124603271484
2000-02-24,89.83927917480469
2000-02-25,87.78309631347656
2000-02-28,87.73033142089844
2000-02-29,90.05015563964844
2000-03-01,90.78823852539062
2000-03-02,88.68592071533203
2000-03-03,93.6880111694336
2000-03-06,94.4261474609375
2000-03-07,93.00260925292969
2000-03-08,93.84617614746094
2000-03-09,97.00952911376953
2000-03-10,96.58777618408203
2000-03-13,94.05707550048828
2000-03-14,90.5773696899414
2000-03-15,86.7813491821289
2000-03-16,91.73728942871094
2000-03-17,93.47714233398438
2000-03-20,90.84100341796875
2000-03-21,94.26795959472656
2000-03-22,96.16596221923828
2000-03-23,97.85308837890625
2000-03-24,99.17118072509766
2000-03-27,99.32933044433594
2000-03-28,96.79867553710938
2000-03-29,92.7917251586914
2000-03-30,90.4719467163086
2000-03-31,92.36995697021484
2000-04-03,86.83406829833984
2000-04-04,85.99051666259766
2000-04-05,84.4615478515625
2000-04-06,86.46504211425781
2000-04-07,89.94470977783203
2000-04-10,84.4615478515625
2000-04-11,82.45809936523438
2000-04-12,77.60758972167969
2000-04-13,74.23340606689453
2000-04-14,67.80123138427734
2000-04-17,75.60417175292969
2000-04-18,77.60758972167969
2000-04-19,75.235107421875
2000-04-20,73.60071563720703
2000-04-24,71.49179077148438
2000-04-25,76.31593322753906
2000-04-26,73.70611572265625
2000-04-27,76.97496032714844
2000-04-28,79.92742919921875
2000-05-01,80.66552734375
2000-05-02,76.02594757080078
2000-05-03,75.18238830566406
2000-05-04,75.34053039550781
2000-05-05,77.13312530517578
2000-05-08,74.12791442871094
2000-05-09,72.54623413085938
2000-05-10,67.27397918701172
2000-05-11,71.3863754272461
2000-05-12,71.3863754272461
2000-05-15,74.49701690673828
2000-05-16,76.60588073730469
2000-05-17,75.02422332763672
2000-05-18,72.3353500366211
2000-05-19,68.90840148925781
2000-05-22,68.85566711425781
2000-05-23,63.10890579223633
2000-05-24,67.06312561035156
2000-05-25,65.58686828613281
2000-05-26,65.58686828613281
2000-05-30,72.17720794677734
2000-05-31,70.12104797363281
2000-06-01,73.70611572265625
2000-06-02,78.9783706665039
2000-06-05,79.17608642578125
2000-06-06,76.97496032714844
2000-06-07,79.0311050415039
2000-06-08,78.66209411621094
2000-06-09,79.08386993408203
2000-06-12,76.55317687988281
2000-06-13,79.50565338134766
2000-06-14,77.71308135986328
2000-06-15,79.08386993408203
2000-06-16,79.50565338134766
2000-06-19,82.66899871826172
2000-06-20,82.35264587402344
2000-06-21,83.40711212158203
2000-06-22,80.34916687011719
2000-06-23,77.18586730957031
2000-06-26,79.29473876953125
2000-06-27,78.34571838378906
2000-06-28,79.29473876953125
2000-06-29,77.30447387695312
2000-06-30,78.82023620605469
2000-07-03,80.34916687011719
2000-07-05,77.23855590820312
2000-07-06,79.29473876953125
2000-07-07,80.92913818359375
2000-07-10,79.70333099365234
2000-07-11,80.13827514648438
2000-07-12,82.03633117675781
2000-07-13,83.09077453613281
2000-07-14,84.88331604003906
2000-07-17,85.83234405517578
2000-07-18,83.93435668945312
2000-07-19,82.03633117675781
2000-07-20,84.67245483398438
2000-07-21,81.82542419433594
2000-07-24,80.13827514648438
2000-07-25,80.77098846435547
2000-07-26,80.66552734375
2000-07-27,77.50215148925781
2000-07-28,73.28436279296875
2000-07-31,75.44598388671875
2000-08-01,74.44428253173828
2000-08-02,73.12622833251953
2000-08-03,76.28956604003906
2000-08-04,76.02594757080078
2000-08-07,77.81848907470703
2000-08-08,79.40018463134766
2000-08-09,77.291259765625
2000-08-10,75.7623519897461
2000-08-11,76.8167724609375
2000-08-14,78.45118713378906
2000-08-15,78.45118713378906
2000-08-16,79.24198913574219
2000-08-17,80.77098846435547
2000-08-18,80.34916687011719
2000-08-21,80.56009674072266
2000-08-22,80.56009674072266
2000-08-23,81.87813568115234
2000-08-24,83.14350128173828
2000-08-25,82.69534301757812
2000-08-28,83.09077453613281
2000-08-29,83.5125503540039
2000-08-30,83.40711212158203
2000-08-31,85.72688293457031
2000-09-01,86.57047271728516
2000-09-05,83.93435668945312
2000-09-06,80.98187255859375
2000-09-07,82.77442169189453
2000-09-08,80.24373626708984
2000-09-11,78.29300689697266
2000-09-12,77.08043670654297
2000-09-13,78.87299346923828
2000-09-14,78.45118713378906
2000-09-15,77.0277099609375
2000-09-18,75.81505584716797
2000-09-19,78.60933685302734
2000-09-20,79.82197570800781
2000-09-21,74.02249145507812
2000-09-22,78.3984375
2000-09-25,76.31593322753906
2000-09-26,75.44598388671875
2000-09-27,75.55143737792969
2000-09-28,77.23855590820312
2000-09-29,74.86602783203125
2000-10-02,73.17892456054688
2000-10-03,70.8591537475586
2000-10-04,72.2299575805664
2000-10-05,72.4408187866211
2000-10-06,70.01556396484375
2000-10-09,69.69923400878906
2000-10-10,66.06138610839844
2000-10-11,65.00691986083984
2000-10-12,63.37251663208008
2000-10-13,68.53932189941406
2000-10-16,69.17205047607422
2000-10-17,66.00863647460938
2000-10-18,65.79774475097656
2000-10-19,71.75541687011719
2000-10-20,72.80986022949219
2000-10-23,72.70441436767578
2000-10-24,69.59378051757812
2000-10-25,65.69234466552734
2000-10-26,67.37942504882812
2000-10-27,67.24765014648438
2000-10-30,64.7564926147461
2000-10-31,68.92156982421875
2000-11-01,68.32844543457031
2000-11-02,69.17205047607422
2000-11-03,70.06829833984375
2000-11-06,69.54107666015625
2000-11-07,69.27745819091797
2000-11-08,63.86018371582031
2000-11-09,63.847015380859375
2000-11-10,60.52553939819336
2000-11-13,60.617767333984375
2000-11-14,63.978851318359375
2000-11-15,65.27055358886719
2000-11-16,61.474517822265625
2000-11-17,61.43498229980469
2000-11-20,58.930667877197266
2000-11-21,58.83838653564453
2000-11-22,56.202232360839844
2000-11-24,59.418338775634766
2000-11-27,58.68020248413086
2000-11-28,55.21371841430664
2000-11-29,53.091617584228516
2000-11-30,53.13117599487305
2000-12-01,53.987911224365234
2000-12-04,54.83149337768555
2000-12-05,59.62922286987305
2000-12-06,57.362144470214844
2000-12-07,56.0968132019043
2000-12-08,57.362144470214844
2000-12-11,62.73986053466797
2000-12-12,60.44643020629883
2000-12-13,57.981658935546875
2000-12-14,55.14781188964844
2000-12-15,53.882469177246094
2000-12-18,53.987911224365234
2000-12-19,49.87554931640625
2000-12-20,47.01536560058594
2000-12-21,47.292137145996094
2000-12-22,51.03544998168945
2000-12-26,51.35177993774414
2000-12-27,51.93172073364258
2000-12-28,51.826290130615234
2000-12-29,49.24289321899414
2001-01-02,45.077796936035156
2001-01-03,52.66986083984375
2001-01-04,51.72083282470703
2001-01-05,47.76664733886719
2001-01-08,48.293888092041016
2001-01-09,48.293888092041016
2001-01-10,50.771827697753906
2001-01-11,52.24806213378906
2001-01-12,52.92028045654297
2001-01-16,52.28761291503906
2001-01-17,53.882469177246094
2001-01-18,56.149539947509766
2001-01-19,55.93865203857422
2001-01-22,55.99138641357422
2001-01-23,57.1644401550293
2001-01-24,56.62403106689453
2001-01-25,54.40968704223633
2001-01-26,55.292808532714844
2001-01-29,56.518611907958984
2001-01-30,56.30771255493164
2001-01-31,54.2409782409668
2001-02-01,54.95799255371094
2001-02-02,51.921180725097656
2001-02-05,51.878997802734375
2001-02-06,51.9633674621582
2001-02-07,51.11979675292969
2001-02-08,49.59295654296875
2001-02-09,47.57685089111328
2001-02-12,48.15046691894531
2001-02-13,46.606746673583984
2001-02-14,48.46259307861328
2001-02-15,49.26397705078125
2001-02-16,46.505516052246094
2001-02-20,44.70030975341797
2001-02-21,43.44340896606445
2001-02-22,43.021610260009766
2001-02-23,43.173458099365234
2001-02-26,43.99171447753906
2001-02-27,41.33449935913086
2001-02-28,40.026981353759766
2001-03-01,41.165794372558594
2001-03-02,39.39427947998047
2001-03-05,40.111328125
2001-03-06,41.671913146972656
2001-03-07,41.68878173828125
2001-03-08,40.91271209716797
2001-03-09,38.04460525512695
2001-03-12,35.6826286315918
2001-03-13,37.496299743652344
2001-03-14,36.90581512451172
2001-03-15,35.556114196777344
2001-03-16,34.754722595214844
2001-03-19,36.49246597290039
2001-03-20,34.03769302368164
2001-03-21,34.03769302368164
2001-03-22,36.10441207885742
2001-03-23,36.10441207885742
2001-03-26,35.269287109375
2001-03-27,36.484031677246094
2001-03-28,33.4893684387207
2001-03-29,32.85670852661133
2001-03-30,33.025421142578125
2001-04-02,31.54918098449707
2001-04-03,29.237831115722656
2001-04-04,28.723247528076172
2001-04-05,31.473262786865234
2001-04-06,30.326011657714844
2001-04-09,31.25394058227539
2001-04-10,33.57373809814453
2001-04-11,34.58602523803711
2001-04-12,36.10441207885742
2001-04-16,33.95335006713867
2001-04-17,34.79689025878906
2001-04-18,38.42420196533203
2001-04-19,40.743995666503906
2001-04-20,40.8283805847168
2001-04-23,38.08677673339844
2001-04-24,37.36974334716797
2001-04-25,38.04460525512695
2001-04-26,37.074520111083984
2001-04-27,38.08677673339844
2001-04-30,38.93034362792969
2001-05-01,40.53311538696289
2001-05-02,41.317630767822266
2001-05-03,39.478668212890625
2001-05-04,40.6596565246582
2001-05-07,39.81608581542969
2001-05-08,40.6596565246582
2001-05-09,39.26777648925781
2001-05-10,38.60981369018555
2001-05-11,38.42420196533203
2001-05-14,37.80841827392578
2001-05-15,38.08677673339844
2001-05-16,39.77391815185547
2001-05-17,40.40657424926758
2001-05-18,40.524654388427734
2001-05-21,43.06380081176758
2001-05-22,42.93726348876953
2001-05-23,41.039249420166016
2001-05-24,42.093692779541016
2001-05-25,41.3260612487793
2001-05-29,38.905033111572266
2001-05-30,37.47942352294922
2001-05-31,37.732479095458984
2001-06-01,38.845985412597656
2001-06-04,38.66040802001953
2001-06-05,40.364402770996094
2001-06-06,40.052284240722656
2001-06-07,41.081417083740234
2001-06-08,39.942623138427734
2001-06-11,38.845985412597656
2001-06-12,38.635093688964844
2001-06-13,37.58065414428711
2001-06-14,35.64045333862305
2001-06-15,35.93568801879883
2001-06-18,35.45486831665039
2001-06-19,35.277732849121094
2001-06-20,36.07913589477539
2001-06-21,36.568389892578125
2001-06-22,36.484031677246094
2001-06-25,36.57680892944336
2001-06-26,36.70331573486328
2001-06-27,36.93952941894531
2001-06-28,37.41193389892578
2001-06-29,38.550750732421875
2001-07-02,38.339847564697266
2001-07-03,38.500125885009766
2001-07-05,36.65273666381836
2001-07-06,35.13431167602539
2001-07-09,35.43801498413086
2001-07-10,34.164222717285156
2001-07-11,34.58602523803711
2001-07-12,36.77925491333008
2001-07-13,36.399654388427734
2001-07-16,35.72481155395508
2001-07-17,36.52618408203125
2001-07-18,35.13431167602539
2001-07-19,35.96942901611328
2001-07-20,35.13431167602539
2001-07-23,34.25701904296875
2001-07-24,33.868988037109375
2001-07-25,34.164222717285156
2001-07-26,34.67035675048828
2001-07-27,35.387386322021484
2001-07-30,35.176509857177734
2001-07-31,35.227115631103516
2001-08-01,36.35747528076172
2001-08-02,37.04075622558594
2001-08-03,36.42496871948242
2001-08-06,35.85134506225586
2001-08-07,35.66575622558594
2001-08-08,34.164222717285156
2001-08-09,34.30763626098633
2001-08-10,33.97864532470703
2001-08-13,34.67035675048828
2001-08-14,34.24858856201172
2001-08-15,32.98323059082031
2001-08-16,33.37126922607422
2001-08-17,31.852855682373047
2001-08-20,32.291526794433594
2001-08-21,30.95026969909668
2001-08-22,31.793804168701172
2001-08-23,31.48169708251953
2001-08-24,33.151954650878906
2001-08-27,33.19412612915039
2001-08-28,32.15655517578125
2001-08-29,31.684162139892578
2001-08-30,30.511598587036133
2001-08-31,30.899646759033203
2001-09-04,29.921125411987305
2001-09-05,29.80302619934082
2001-09-06,28.59671974182129
2001-09-07,28.42800521850586
2001-09-10,28.76542854309082
2001-09-17,26.319108963012695
2001-09-18,25.728609085083008
2001-09-19,25.281530380249023
2001-09-20,24.437965393066406
2001-09-21,23.779985427856445
2001-09-24,24.97784996032715
2001-09-25,25.05376434326172
2001-09-26,24.18488883972168
2001-09-27,24.024616241455078
2001-09-28,24.44639778137207
2001-10-01,24.235504150390625
2001-10-02,24.31143569946289
2001-10-03,26.150392532348633
2001-10-04,26.40346908569336
2001-10-05,26.79149627685547
2001-10-08,26.875852584838867
2001-10-09,26.226318359375
2001-10-10,27.415746688842773
2001-10-11,29.271577835083008
2001-10-12,29.145042419433594
2001-10-15,29.01852035522461
2001-10-16,29.490903854370117
2001-10-17,27.373552322387695
2001-10-18,28.115890502929688
2001-10-19,28.301462173461914
2001-10-22,29.06067657470703
2001-10-23,29.212533950805664
2001-10-24,29.84519386291504
2001-10-25,31.043052673339844
2001-10-26,30.37662696838379
2001-10-29,28.71482276916504
2001-10-30,28.15806770324707
2001-10-31,28.59671974182129
2001-11-01,29.81145668029785
2001-11-02,30.030778884887695
2001-11-05,31.00931739807129
2001-11-06,32.21558380126953
2001-11-07,32.17341995239258
2001-11-08,31.844436645507812
2001-11-09,31.827539443969727
2001-11-12,32.05531692504883
2001-11-13,33.20256805419922
2001-11-14,33.43876266479492
2001-11-15,33.30378341674805
2001-11-16,33.21101379394531
2001-11-19,34.155792236328125
2001-11-20,32.578330993652344
2001-11-21,32.40962219238281
2001-11-23,33.13507843017578
2001-11-26,33.95335006713867
2001-11-27,33.91115951538086
2001-11-28,32.688011169433594
2001-11-29,33.70026779174805
2001-11-30,33.44718933105469
2001-12-03,32.87358093261719
2001-12-04,34.442588806152344
2001-12-05,36.14659118652344
2001-12-06,36.19721221923828
2001-12-07,35.20180892944336
2001-12-10,34.58602523803711
2001-12-11,34.7800407409668
2001-12-12,35.05839920043945
2001-12-13,33.539981842041016
2001-12-14,33.83523941040039
2001-12-17,34.41730499267578
2001-12-18,34.805328369140625
2001-12-19,34.17265701293945
2001-12-20,32.72174072265625
2001-12-21,33.30378341674805
2001-12-24,33.168819427490234
2001-12-26,33.48094940185547
2001-12-27,33.75086975097656
2001-12-28,34.02081298828125
2001-12-31,32.822967529296875
2002-01-02,33.83523941040039
2002-01-03,35.007781982421875
2002-01-04,35.151180267333984
2002-01-07,34.763145446777344
2002-01-08,34.999351501464844
2002-01-09,34.67879867553711
2002-01-10,34.90655517578125
2002-01-11,34.459468841552734
2002-01-14,33.708709716796875
2002-01-15,34.02925491333008
2002-01-16,32.71329879760742
2002-01-17,33.44718933105469
2002-01-18,32.55302810668945
2002-01-22,31.54918098449707
2002-01-23,32.41804885864258
2002-01-24,32.84827423095703
2002-01-25,32.7554817199707
2002-01-28,32.941062927246094
2002-01-29,32.0384521484375
2002-01-30,32.283084869384766
2002-01-31,32.48554229736328
2002-02-01,32.17341995239258
2002-02-04,31.14427947998047
2002-02-05,30.629697799682617
2002-02-06,30.4188232421875
2002-02-07,29.684911727905273
2002-02-08,30.511598587036133
2002-02-11,30.899646759033203
2002-02-12,30.646589279174805
2002-02-13,31.169599533081055
2002-02-14,31.11054039001465
2002-02-15,30.182613372802734
2002-02-19,29.254701614379883
2002-02-20,29.651174545288086
2002-02-21,28.242422103881836
2002-02-22,28.385839462280273
2002-02-25,29.533084869384766
2002-02-26,29.423410415649414
2002-02-27,29.01852035522461
2002-02-28,28.49549102783203
2002-03-01,30.148881912231445
2002-03-04,31.338300704956055
2002-03-05,31.566055297851562
2002-03-06,31.7179012298584
2002-03-07,31.785383224487305
2002-03-08,32.620506286621094
2002-03-11,32.50239944458008
2002-03-12,32.05531692504883
2002-03-13,31.27924156188965
2002-03-14,31.09364891052246
2002-03-15,31.40578269958496
2002-03-18,31.582910537719727
2002-03-19,31.532316207885742
2002-03-20,30.4188232421875
2002-03-21,31.2286319732666
2002-03-22,30.94182014465332
2002-03-25,29.997034072875977
2002-03-26,30.27539825439453
2002-03-27,30.03920555114746
2002-03-28,30.4188232421875
2002-04-01,31.000864028930664
2002-04-02,29.60057830810547
2002-04-03,29.549938201904297
2002-04-04,29.322179794311523
2002-04-05,28.99321174621582
2002-04-08,29.355924606323242
2002-04-09,28.335224151611328
2002-04-10,28.546106338500977
2002-04-11,27.837512969970703
2002-04-12,28.27617645263672
2002-04-15,28.503923416137695
2002-04-16,29.693359375
2002-04-17,29.541501998901367
2002-04-18,28.976329803466797
2002-04-19,29.069114685058594
2002-04-22,28.335224151611328
2002-04-23,27.8459415435791
2002-04-24,27.415746688842773
2002-04-25,27.348251342773438
2002-04-26,26.184144973754883
2002-04-29,26.251619338989258
2002-04-30,26.76619529724121
2002-05-01,26.62278175354004
2002-05-02,25.737045288085938
2002-05-03,25.08750343322754
2002-05-06,24.437965393066406
2002-05-07,24.21021270751953
2002-05-08,26.7999324798584
2002-05-09,26.108213424682617
2002-05-10,24.935670852661133
2002-05-13,25.947940826416016
2002-05-14,27.47478485107422
2002-05-15,27.677242279052734
2002-05-16,27.719423294067383
2002-05-17,27.778459548950195
2002-05-20,27.17110252380371
2002-05-21,26.428770065307617
2002-05-22,26.487817764282227
2002-05-23,27.019264221191406
2002-05-24,26.352842330932617
2002-05-28,26.2347469329834
2002-05-29,25.54302215576172
2002-05-30,25.762361526489258
2002-05-31,25.34058380126953
2002-06-03,24.44639778137207
2002-06-04,24.766952514648438
2002-06-05,25.02001953125
2002-06-06,24.362045288085938
2002-06-07,23.872787475585938
2002-06-10,23.830602645874023
2002-06-11,23.164186477661133
2002-06-12,23.501611709594727
2002-06-13,23.34978485107422
2002-06-14,23.29916000366211
2002-06-17,24.09210968017578
2002-06-18,24.48014259338379
2002-06-19,23.062963485717773
2002-06-20,22.320619583129883
2002-06-21,21.780750274658203
2002-06-24,22.210973739624023
2002-06-25,21.47707176208496
2002-06-26,21.63734245300293
2002-06-27,22.109737396240234
2002-06-28,22.016939163208008
2002-07-01,20.962499618530273
2002-07-02,20.20328712463379
2002-07-03,20.878137588500977
2002-07-05,22.21940040588379
2002-07-08,21.409578323364258
2002-07-09,20.802217483520508
2002-07-10,20.16111183166504
2002-07-11,20.920318603515625
2002-07-12,20.920318603515625
2002-07-15,21.56986427307129
2002-07-16,21.249300003051758
2002-07-17,21.63734245300293
2002-07-18,20.86126708984375
2002-07-19,20.237030029296875
2002-07-22,19.739334106445312
2002-07-23,18.89576530456543
2002-07-24,19.92491340637207
2002-07-25,18.769229888916016
2002-07-26,19.12352752685547
2002-07-29,20.102067947387695
2002-07-30,20.50696563720703
2002-07-31,20.118927001953125
2002-08-01,19.174144744873047
2002-08-02,18.769229888916016
2002-08-05,18.08595085144043
2002-08-06,18.98012351989746
2002-08-07,19.23319435119629
2002-08-08,19.882734298706055
2002-08-09,19.68028450012207
2002-08-12,19.739334106445312
2002-08-13,19.06448745727539
2002-08-14,20.279218673706055
2002-08-15,20.692556381225586
2002-08-16,20.835956573486328
2002-08-19,21.342100143432617
2002-08-20,21.249300003051758
2002-08-21,21.721704483032227
2002-08-22,22.06756019592285
2002-08-23,21.215559005737305
2002-08-26,21.299922943115234
2002-08-27,20.55757713317871
2002-08-28,19.80681800842285
2002-08-29,20.068313598632812
2002-08-30,19.815250396728516
2002-09-03,19.098217010498047
2002-09-04,19.174144744873047
2002-09-05,18.701753616333008
2002-09-06,19.275375366210938
2002-09-09,19.469392776489258
2002-09-10,19.950220108032227
2002-09-11,19.781517028808594
2002-09-12,19.241634368896484
2002-09-13,19.393463134765625
2002-09-16,19.115097045898438
2002-09-17,18.710186004638672
2002-09-18,18.499303817749023
2002-09-19,18.20404624938965
2002-09-20,18.279972076416016
2002-09-23,17.731657028198242
2002-09-24,17.740087509155273
2002-09-25,18.448688507080078
2002-09-26,18.22092056274414
2002-09-27,17.976293563842773
2002-09-30,17.47858428955078
2002-10-01,18.54146957397461
2002-10-02,17.92567253112793
2002-10-03,17.495460510253906
2002-10-04,17.166467666625977
2002-10-07,17.006195068359375
2002-10-08,17.039926528930664
2002-10-09,16.921833038330078
2002-10-10,17.782258987426758
2002-10-11,18.743927001953125
2002-10-14,18.963260650634766
2002-10-15,19.87429428100586
2002-10-16,19.216318130493164
2002-10-17,19.865861892700195
2002-10-18,20.085186004638672
2002-10-21,20.490102767944336
2002-10-22,20.363567352294922
2002-10-23,20.751596450805664
2002-10-24,20.228591918945312
2002-10-25,20.835956573486328
2002-10-28,20.658815383911133
2002-10-29,20.17798614501953
2002-10-30,20.71786880493164
2002-10-31,20.709428787231445
2002-11-01,21.299922943115234
2002-11-04,21.84823226928711
2002-11-05,22.016939163208008
2002-11-06,22.329063415527344
2002-11-07,21.544557571411133
2002-11-08,21.148082733154297
2002-11-11,20.50696563720703
2002-11-12,21.02998161315918
2002-11-13,21.28304100036621
2002-11-14,22.016939163208008
2002-11-15,22.30375862121582
2002-11-18,21.974777221679688
2002-11-19,21.63734245300293
2002-11-20,22.55681800842285
2002-11-21,23.39194679260254
2002-11-22,23.38351821899414
2002-11-25,23.611276626586914
2002-11-26,22.818323135375977
2002-11-27,23.54378890991211
2002-11-29,23.38351821899414
2002-12-02,23.619714736938477
2002-12-03,22.919551849365234
2002-12-04,22.413421630859375
2002-12-05,22.10130500793457
2002-12-06,22.329063415527344
2002-12-09,21.274608612060547
2002-12-10,21.595169067382812
2002-12-11,21.696386337280273
2002-12-12,21.814485549926758
2002-12-13,21.122772216796875
2002-12-16,21.80605697631836
2002-12-17,21.873538970947266
2002-12-18,21.409578323364258
2002-12-19,21.139636993408203
2002-12-20,21.358970642089844
2002-12-23,21.65422248840332
2002-12-24,21.384265899658203
2002-12-26,21.325225830078125
2002-12-27,20.937191009521484
2002-12-30,20.77691650390625
2002-12-31,20.55757713317871
2003-01-02,21.426450729370117
2003-01-03,21.66265296936035
2003-01-06,22.2025203704834
2003-01-07,22.480911254882812
2003-01-08,21.84823226928711
2003-01-09,22.52308464050293
2003-01-10,22.860504150390625
2003-01-13,22.725542068481445
2003-01-14,22.84363555908203
2003-01-15,22.55681800842285
2003-01-16,22.30375862121582
2003-01-17,21.35053062438965
2003-01-21,21.114334106445312
2003-01-22,21.02998161315918
2003-01-23,21.519245147705078
2003-01-24,20.937191009521484
2003-01-27,20.692556381225586
2003-01-28,20.903440475463867
2003-01-29,21.215559005737305
2003-01-30,20.66724967956543
2003-01-31,20.61663818359375
2003-02-03,20.658815383911133
2003-02-04,20.40574836730957
2003-02-05,20.312959671020508
2003-02-06,20.4226131439209
2003-02-07,20.085186004638672
2003-02-10,20.262327194213867
2003-02-11,20.371997833251953
2003-02-12,20.093624114990234
2003-02-13,20.194852828979492
2003-02-14,20.658815383911133
2003-02-18,21.299922943115234
2003-02-19,21.156517028808594
2003-02-20,21.072153091430664
2003-02-21,21.2324275970459
2003-02-24,20.86970329284668
2003-02-25,20.895002365112305
2003-02-26,20.431053161621094
2003-02-27,20.895002365112305
2003-02-28,21.2239933013916
2003-03-03,20.793779373168945
2003-03-04,20.66724967956543
2003-03-05,20.709428787231445
2003-03-06,20.658815383911133
2003-03-07,20.70098876953125
2003-03-10,20.253902435302734
2003-03-11,20.07676124572754
2003-03-12,20.439481735229492
2003-03-13,21.612031936645508
2003-03-14,21.696386337280273
2003-03-17,22.43871307373047
2003-03-18,22.71709632873535
2003-03-19,22.52308464050293
2003-03-20,22.607439041137695
2003-03-21,22.919551849365234
2003-03-24,21.96632194519043
2003-03-25,22.278453826904297
2003-03-26,22.404979705810547
2003-03-27,22.244712829589844
2003-03-28,22.000078201293945
2003-03-31,21.299922943115234
2003-04-01,21.468631744384766
2003-04-02,22.059120178222656
2003-04-03,22.33749008178711
2003-04-04,21.974777221679688
2003-04-07,22.008501052856445
2003-04-08,21.983200073242188
2003-04-09,21.47707176208496
2003-04-10,21.738576889038086
2003-04-11,21.519245147705078
2003-04-14,21.95789909362793
2003-04-15,22.168785095214844
2003-04-16,22.118173599243164
2003-04-17,22.62430763244629
2003-04-21,22.70867347717285
2003-04-22,23.138885498046875
2003-04-23,23.30759620666504
2003-04-24,23.181062698364258
2003-04-25,22.733966827392578
2003-04-28,23.181062698364258
2003-04-29,23.39194679260254
2003-04-30,23.155742645263672
2003-05-01,23.35821533203125
2003-05-02,23.855913162231445
2003-05-05,23.830602645874023
2003-05-06,24.13428497314453
2003-05-07,23.86433219909668
2003-05-08,23.42570686340332
2003-05-09,23.965564727783203
2003-05-12,24.328298568725586
2003-05-13,24.17646026611328
2003-05-14,24.125843048095703
2003-05-15,24.395795822143555
2003-05-16,24.21021270751953
2003-05-19,23.35821533203125
2003-05-20,23.42570686340332
2003-05-21,23.35821533203125
2003-05-22,23.695632934570312
2003-05-23,23.70406150817871
2003-05-27,24.547632217407227
2003-05-28,24.623554229736328
2003-05-29,24.724777221679688
2003-05-30,25.129688262939453
2003-06-02,24.952537536621094
2003-06-03,25.18873405456543
2003-06-04,25.661128997802734
2003-06-05,25.846710205078125
2003-06-06,25.416507720947266
2003-06-09,25.079082489013672
2003-06-10,25.45867919921875
2003-06-11,25.745485305786133
2003-06-12,25.85514259338379
2003-06-13,25.273086547851562
2003-06-16,26.04916000366211
2003-06-17,25.947940826416016
2003-06-18,26.082914352416992
2003-06-19,25.661128997802734
2003-06-20,25.627378463745117
2003-06-23,25.23091697692871
2003-06-24,25.036897659301758
2003-06-25,24.901933670043945
2003-06-26,25.492412567138672
2003-06-27,25.163433074951172
2003-06-30,25.264665603637695
2003-07-01,25.602081298828125
2003-07-02,26.125091552734375
2003-07-03,25.796092987060547
2003-07-07,26.90114974975586
2003-07-08,27.230165481567383
2003-07-09,27.162662506103516
2003-07-10,26.656532287597656
2003-07-11,26.85897445678711
2003-07-14,27.179542541503906
2003-07-15,27.213275909423828
2003-07-16,27.128921508789062
2003-07-17,26.302234649658203
2003-07-18,26.386598587036133
2003-07-21,26.04916000366211
2003-07-22,26.43720817565918
2003-07-23,26.656532287597656
2003-07-24,26.302234649658203
2003-07-25,26.825239181518555
2003-07-28,26.90114974975586
2003-07-29,26.698707580566406
2003-07-30,26.50469398498535
2003-07-31,26.825239181518555
2003-08-01,26.538427352905273
2003-08-04,26.529996871948242
2003-08-05,25.483978271484375
2003-08-06,25.46710968017578
2003-08-07,25.568336486816406
2003-08-08,25.365880966186523
2003-08-11,25.644268035888672
2003-08-12,26.03228759765625
2003-08-13,26.040733337402344
2003-08-14,26.066043853759766
2003-08-15,26.293794631958008
2003-08-18,26.968650817871094
2003-08-19,27.306079864501953
2003-08-20,27.238588333129883
2003-08-21,27.533832550048828
2003-08-22,27.365116119384766
2003-08-25,27.424171447753906
2003-08-26,27.449485778808594
2003-08-27,27.668800354003906
2003-08-28,27.91344451904297
2003-08-29,28.166501998901367
2003-09-02,28.571414947509766
2003-09-03,28.554548263549805
2003-09-04,28.81604766845703
2003-09-05,28.630464553833008
2003-09-08,29.102853775024414
2003-09-09,28.756996154785156
2003-09-10,28.065282821655273
2003-09-11,28.377395629882812
2003-09-12,28.52924156188965
2003-09-15,28.25086212158203
2003-09-16,29.01852035522461
2003-09-17,28.9003963470459
2003-09-18,29.339061737060547
2003-09-19,29.17034149169922
2003-09-22,28.61358070373535
2003-09-23,29.119722366333008
2003-09-24,28.023115158081055
2003-09-25,27.66036605834961
2003-09-26,27.483226776123047
2003-09-29,27.95561981201172
2003-09-30,27.348251342773438
2003-10-01,27.964048385620117
2003-10-02,28.056838989257812
2003-10-03,28.841352462768555
2003-10-06,29.052248001098633
2003-10-07,29.229393005371094
2003-10-08,29.043798446655273
2003-10-09,29.26311683654785
2003-10-10,29.533084869384766
2003-10-13,29.727102279663086
2003-10-14,29.80302619934082
2003-10-15,29.676490783691406
2003-10-16,29.91265869140625
2003-10-17,29.19565200805664
2003-10-20,29.558387756347656
2003-10-21,29.735523223876953
2003-10-22,29.16192054748535
2003-10-23,28.824493408203125
2003-10-24,28.849788665771484
2003-10-27,28.858234405517578
2003-10-28,29.828311920166016
2003-10-29,29.794588088989258
2003-10-30,29.853620529174805
2003-10-31,29.676490783691406
2003-11-03,30.16575813293457
2003-11-04,29.963285446166992
2003-11-05,30.23323631286621
2003-11-06,30.31759262084961
2003-11-07,30.056079864501953
2003-11-10,29.684911727905273
2003-11-11,29.57525634765625
2003-11-12,30.20793914794922
2003-11-13,30.174184799194336
2003-11-14,29.558387756347656
2003-11-17,29.254701614379883
2003-11-18,28.579843521118164
2003-11-19,28.858234405517578
2003-11-20,28.579843521118164
2003-11-21,28.87509536743164
2003-11-24,29.676490783691406
2003-11-25,29.676490783691406
2003-11-26,29.81145668029785
2003-11-28,29.84519386291504
2003-12-01,30.283849716186523
2003-12-02,30.115129470825195
2003-12-03,29.735523223876953
2003-12-04,30.056079864501953
2003-12-05,29.558387756347656
2003-12-08,29.727102279663086
2003-12-09,29.043798446655273
2003-12-10,29.153491973876953
2003-12-11,29.7777042388916
2003-12-12,29.727102279663086
2003-12-15,29.339061737060547
2003-12-16,29.39811134338379
2003-12-17,29.448701858520508
2003-12-18,29.997034072875977
2003-12-19,29.91265869140625
2003-12-22,30.005449295043945
2003-12-23,30.23323631286621
2003-12-24,30.295690536499023
2003-12-26,30.25348663330078
2003-12-29,30.751367568969727
2003-12-30,30.852643966674805
2003-12-31,30.76826286315918
2004-01-02,30.68387222290039
2004-01-05,31.29990577697754
2004-01-06,31.510896682739258
2004-01-07,31.797815322875977
2004-01-08,32.05097579956055
2004-01-09,31.839994430541992
2004-01-12,32.34635543823242
2004-01-13,32.025657653808594
2004-01-14,32.13536071777344
2004-01-15,32.21976852416992
2004-01-16,32.54886245727539
2004-01-20,32.52355194091797
2004-01-21,32.3885383605957
2004-01-22,32.194435119628906
2004-01-23,32.07628631591797
2004-01-26,32.565738677978516
2004-01-27,31.848438262939453
2004-01-28,31.308374404907227
2004-01-29,31.426490783691406
2004-01-30,31.283042907714844
2004-02-02,31.198652267456055
2004-02-03,31.16489028930664
2004-02-04,30.658552169799805
2004-02-05,30.77669334411621
2004-02-06,31.33365249633789
2004-02-09,31.32522964477539
2004-02-10,31.375871658325195
2004-02-11,31.71341323852539
2004-02-12,31.4349365234375
2004-02-13,31.173330307006836
2004-02-17,31.59525489807129
2004-02-18,31.688095092773438
2004-02-19,31.207080841064453
2004-02-20,31.105815887451172
2004-02-23,30.759824752807617
2004-02-24,30.68387222290039
2004-02-25,30.869529724121094
2004-02-26,30.945465087890625
2004-02-27,30.861093521118164
2004-03-01,31.266159057617188
2004-03-02,30.90328598022461
2004-03-03,30.7344913482666
2004-03-04,31.021434783935547
2004-03-05,30.911720275878906
2004-03-08,30.185976028442383
2004-03-09,30.093151092529297
2004-03-10,29.696517944335938
2004-03-11,29.426467895507812
2004-03-12,29.9665584564209
2004-03-15,29.443349838256836
2004-03-16,29.493989944458008
2004-03-17,29.9581356048584
2004-03-18,29.823110580444336
2004-03-19,29.32520866394043
2004-03-22,28.953895568847656
2004-03-23,28.717601776123047
2004-03-24,29.046724319458008
2004-03-25,29.823110580444336
2004-03-26,29.72182273864746
2004-03-29,30.20284652709961
2004-03-30,30.304121017456055
2004-03-31,30.24504852294922
2004-04-01,30.515098571777344
2004-04-02,31.308374404907227
2004-04-05,31.60370445251465
2004-04-06,31.207080841064453
2004-04-07,31.173330307006836
2004-04-08,31.173330307006836
2004-04-12,31.367431640625
2004-04-13,30.911720275878906
2004-04-14,31.06361961364746
2004-04-15,30.506668090820312
2004-04-16,30.456018447875977
2004-04-19,30.827333450317383
2004-04-20,30.110000610351562
2004-04-21,30.371644973754883
2004-04-22,31.156436920166016
2004-04-23,31.401185989379883
2004-04-26,31.173330307006836
2004-04-27,31.11423683166504
2004-04-28,30.54884910583496
2004-04-29,30.07625389099121
2004-04-30,29.342084884643555
2004-05-03,29.620561599731445
2004-05-04,29.747146606445312
2004-05-05,29.983440399169922
2004-05-06,29.75558853149414
2004-05-07,29.510866165161133
2004-05-10,29.257694244384766
2004-05-11,29.696517944335938
2004-05-12,29.75558853149414
2004-05-13,29.544620513916016
2004-05-14,29.32520866394043
2004-05-17,29.046724319458008
2004-05-18,29.30832290649414
2004-05-19,29.274564743041992
2004-05-20,29.409595489501953
2004-05-21,29.553041458129883
2004-05-24,29.75558853149414
2004-05-25,30.346309661865234
2004-05-26,30.54041290283203
2004-05-27,30.7344913482666
2004-05-28,30.844215393066406
2004-06-01,30.80201530456543
2004-06-02,30.7344913482666
2004-06-03,30.36318016052246
2004-06-04,30.54041290283203
2004-06-07,31.266159057617188
2004-06-08,31.308374404907227
2004-06-09,30.869529724121094
2004-06-10,31.088945388793945
2004-06-14,30.650117874145508
2004-06-15,31.046724319458008
2004-06-16,30.9960994720459
2004-06-17,30.70917320251465
2004-06-18,30.751367568969727
2004-06-21,30.506668090820312
2004-06-22,30.95390510559082
2004-06-23,31.32522964477539
2004-06-24,31.266159057617188
2004-06-25,31.5024471282959
2004-06-28,31.240833282470703
2004-06-29,31.536191940307617
2004-06-30,31.848438262939453
2004-07-01,31.257715225219727
2004-07-02,31.072059631347656
2004-07-06,30.405349731445312
2004-07-07,30.46445083618164
2004-07-08,30.126911163330078
2004-07-09,30.169090270996094
2004-07-12,30.042509078979492
2004-07-13,30.00031280517578
2004-07-14,29.696517944335938
2004-07-15,29.595247268676758
2004-07-16,29.257694244384766
2004-07-19,29.1986083984375
2004-07-20,29.899057388305664
2004-07-21,29.029857635498047
2004-07-22,29.426467895507812
2004-07-23,28.8695068359375
2004-07-26,28.742923736572266
2004-07-27,29.139545440673828
2004-07-28,29.012956619262695
2004-07-29,29.350522994995117
2004-07-30,29.443349838256836
2004-08-02,29.502426147460938
2004-08-03,28.88637924194336
2004-08-04,28.894819259643555
2004-08-05,28.35471534729004
2004-08-06,27.612102508544922
2004-08-09,27.679622650146484
2004-08-10,28.02561378479004
2004-08-11,27.780881881713867
2004-08-12,27.401134490966797
2004-08-13,27.443321228027344
2004-08-16,27.755577087402344
2004-08-17,28.067800521850586
2004-08-18,28.565702438354492
2004-08-19,28.41381072998047
2004-08-20,28.70071792602539
2004-08-23,28.768234252929688
2004-08-24,28.75980567932129
2004-08-25,29.156442642211914
2004-08-26,29.029857635498047
2004-08-27,29.164888381958008
2004-08-30,28.67540168762207
2004-08-31,28.709169387817383
2004-09-01,28.92013931274414
2004-09-02,29.350522994995117
2004-09-03,28.810434341430664
2004-09-07,29.05515480041504
2004-09-08,28.945449829101562
2004-09-09,29.190181732177734
2004-09-10,29.637449264526367
2004-09-13,30.02562713623047
2004-09-14,30.067827224731445
2004-09-15,29.747146606445312
2004-09-16,29.806238174438477
2004-09-17,29.899057388305664
2004-09-20,29.899057388305664
2004-09-21,30.01718521118164
2004-09-22,29.493989944458008
2004-09-23,29.46865463256836
2004-09-24,29.367395401000977
2004-09-27,29.114221572875977
2004-09-28,29.173309326171875
2004-09-29,29.603689193725586
2004-09-30,29.654325485229492
2004-10-01,30.46445083618164
2004-10-04,30.64167594909668
2004-10-05,30.68387222290039
2004-10-06,30.9285945892334
2004-10-07,30.582595825195312
2004-10-08,30.02562713623047
2004-10-11,30.169090270996094
2004-10-12,30.11844825744629
2004-10-13,30.050945281982422
2004-10-14,29.915937423706055
2004-10-15,30.067827224731445
2004-10-18,30.498218536376953
2004-10-19,30.278797149658203
2004-10-20,30.422269821166992
2004-10-21,30.88639259338379
2004-10-22,30.21129035949707
2004-10-25,30.067827224731445
2004-10-26,30.228151321411133
2004-10-27,30.9960994720459
2004-10-28,31.19019317626953
2004-10-29,31.13956642150879
2004-11-01,31.257715225219727
2004-11-02,31.35898208618164
2004-11-03,31.569961547851562
2004-11-04,31.74718475341797
2004-11-05,32.03409957885742
2004-11-08,32.06785202026367
2004-11-09,32.00033187866211
2004-11-10,31.890628814697266
2004-11-11,32.31258773803711
2004-11-12,32.62481689453125
2004-11-15,32.76828384399414
2004-11-16,32.565738677978516
2004-11-17,33.00456619262695
2004-11-18,33.156463623046875
2004-11-19,32.64170455932617
2004-11-22,32.953941345214844
2004-11-23,32.90329360961914
2004-11-24,33.19023132324219
2004-11-26,33.088951110839844
2004-11-29,33.08051300048828
2004-11-30,33.013004302978516
2004-12-01,33.68810272216797
2004-12-02,33.814720153808594
2004-12-03,33.86533737182617
2004-12-06,33.98348617553711
2004-12-07,33.40119934082031
2004-12-08,33.59531021118164
2004-12-09,33.79782485961914
2004-12-10,33.6965446472168
2004-12-13,33.99192810058594
2004-12-14,34.16069030761719
2004-12-15,34.034122467041016
2004-12-16,33.71345520019531
2004-12-17,33.62739562988281
2004-12-20,33.39735794067383
2004-12-21,33.8062858581543
2004-12-22,33.84889602661133
2004-12-23,33.87446212768555
2004-12-27,33.729637145996094
2004-12-28,34.053367614746094
2004-12-29,34.09598159790039
2004-12-30,34.07041931152344
2004-12-31,34.01078414916992
2005-01-03,33.65293884277344
2005-01-04,33.039527893066406
2005-01-05,32.83502960205078
2005-01-06,32.673179626464844
2005-01-07,32.84356689453125
2005-01-10,32.8265380859375
2005-01-11,32.59649658203125
2005-01-12,32.86913299560547
2005-01-13,32.43464279174805
2005-01-14,32.74131774902344
2005-01-18,32.98841094970703
2005-01-19,32.44314193725586
2005-01-20,31.82122230529785
2005-01-21,31.56559944152832
2005-01-24,31.122589111328125
2005-01-25,31.27596092224121
2005-01-26,31.65083122253418
2005-01-27,31.60820770263672
2005-01-28,31.454853057861328
2005-01-31,31.863807678222656
2005-02-01,31.966028213500977
2005-02-02,32.01716995239258
2005-02-03,31.65083122253418
2005-02-04,32.161991119384766
2005-02-07,32.093841552734375
2005-02-08,32.153465270996094
2005-02-09,31.61673355102539
2005-02-10,31.65083122253418
2005-02-11,32.11940383911133
2005-02-14,32.26422119140625
2005-02-15,32.47723388671875
2005-02-16,32.35795211791992
2005-02-17,31.923433303833008
2005-02-18,31.82122230529785
2005-02-22,31.42929458618164
2005-02-23,31.47188949584961
2005-02-24,31.872337341308594
2005-02-25,32.051231384277344
2005-02-28,31.710445404052734
2005-03-01,32.059749603271484
2005-03-02,32.042720794677734
2005-03-03,31.778594970703125
2005-03-04,31.966028213500977
2005-03-07,32.42609786987305
2005-03-08,32.10235595703125
2005-03-09,32.00864028930664
2005-03-10,31.966028213500977
2005-03-11,31.66783905029297
2005-03-14,31.81267547607422
2005-03-15,31.557086944580078
2005-03-16,31.199262619018555
2005-03-17,31.27596092224121
2005-03-18,31.105541229248047
2005-03-21,31.165176391601562
2005-03-22,30.781795501708984
2005-03-23,30.892541885375977
2005-03-24,30.901058197021484
2005-03-28,30.960695266723633
2005-03-29,30.713651657104492
2005-03-30,31.29298210144043
2005-03-31,31.156661987304688
2005-04-01,30.8414363861084
2005-04-04,31.062959671020508
2005-04-05,31.14814567565918
2005-04-06,31.097034454345703
2005-04-07,31.47188949584961
2005-04-08,31.216299057006836
2005-04-11,31.07999038696289
2005-04-12,31.23332977294922
2005-04-13,30.722158432006836
2005-04-14,30.287643432617188
2005-04-15,29.59755516052246
2005-04-18,29.6060791015625
2005-04-19,29.810548782348633
2005-04-20,29.5634708404541
2005-04-21,30.3472900390625
2005-04-22,29.89575958251953
2005-04-25,30.142822265625
2005-04-26,29.861669540405273
2005-04-27,29.90425682067871
2005-04-28,29.6060791015625
2005-04-29,29.80202293395996
2005-05-02,29.921302795410156
2005-05-03,30.074657440185547
2005-05-04,30.44101905822754
2005-05-05,30.466575622558594
2005-05-06,30.551769256591797
2005-05-09,30.69659423828125
2005-05-10,30.475078582763672
2005-05-11,30.628442764282227
2005-05-12,30.543237686157227
2005-05-13,30.875532150268555
2005-05-16,31.07999038696289
2005-05-17,31.26740074157715
2005-05-18,31.693403244018555
2005-05-19,31.95751953125
2005-05-20,32.0853157043457
2005-05-23,32.24720001220703
2005-05-24,32.349430084228516
2005-05-25,32.2131233215332
2005-05-26,32.5368537902832
2005-05-27,32.55390548706055
2005-05-31,32.44314193725586
2005-06-01,32.70725631713867
2005-06-02,32.93729019165039
2005-06-03,32.46018981933594
2005-06-06,32.468692779541016
2005-06-07,32.19607925415039
2005-06-08,32.12792205810547
2005-06-09,32.3323974609375
2005-06-10,31.99159812927246
2005-06-13,32.14494705200195
2005-06-14,32.01716995239258
2005-06-15,32.11940383911133
2005-06-16,32.28981018066406
2005-06-17,32.29404830932617
2005-06-20,32.29404830932617
2005-06-21,32.27700424194336
2005-06-22,32.24290084838867
2005-06-23,31.88472557067871
2005-06-24,31.52655792236328
2005-06-27,31.3815975189209
2005-06-28,31.680086135864258
2005-06-29,31.611848831176758
2005-06-30,31.364538192749023
2005-07-01,31.321901321411133
2005-07-05,31.645952224731445
2005-07-06,31.492467880249023
2005-07-07,31.603309631347656
2005-07-08,32.208778381347656
2005-07-11,32.50724792480469
2005-07-12,32.660736083984375
2005-07-13,32.737491607666016
2005-07-14,33.06153869628906
2005-07-15,33.163841247558594
2005-07-18,33.02743148803711
2005-07-19,33.41118240356445
2005-07-20,33.64994430541992
2005-07-21,33.65847396850586
2005-07-22,33.61582946777344
2005-07-25,33.48793029785156
2005-07-26,33.61582946777344
2005-07-27,33.87165832519531
2005-07-28,34.033695220947266
2005-07-29,33.75229263305664
2005-08-01,33.811973571777344
2005-08-02,34.17866134643555
2005-08-03,34.16159439086914
2005-08-04,33.82902145385742
2005-08-05,33.666996002197266
2005-08-08,33.41970443725586
2005-08-09,33.64141845703125
2005-08-10,33.35146713256836
2005-08-11,33.624359130859375
2005-08-12,33.436737060546875
2005-08-15,33.64141845703125
2005-08-16,33.09562683105469
2005-08-17,33.29177474975586
2005-08-18,33.121219635009766
2005-08-19,33.104164123535156
2005-08-22,33.121219635009766
2005-08-23,33.02743148803711
2005-08-24,32.831295013427734
2005-08-25,32.90803146362305
2005-08-26,32.79717254638672
2005-08-29,33.053001403808594
2005-08-30,32.933631896972656
2005-08-31,33.2406120300293
2005-09-01,33.189453125
2005-09-02,33.06153869628906
2005-09-06,33.547607421875
2005-09-07,33.6072998046875
2005-09-08,33.59877395629883
2005-09-09,33.7863883972168
2005-09-12,33.880191802978516
2005-09-13,33.79490661621094
2005-09-14,33.41118240356445
2005-09-15,33.39411163330078
2005-09-16,33.59877395629883
2005-09-19,33.334434509277344
2005-09-20,33.197975158691406
2005-09-21,32.831295013427734
2005-09-22,32.95067596435547
2005-09-23,33.044471740722656
2005-09-26,33.053001403808594
2005-09-27,32.976253509521484
2005-09-28,32.98478698730469
2005-09-29,33.428226470947266
2005-09-30,33.64994430541992
2005-10-03,33.735225677490234
2005-10-04,33.51348876953125
2005-10-05,33.053001403808594
2005-10-06,32.61811065673828
2005-10-07,32.69485855102539
2005-10-10,32.51578140258789
2005-10-11,32.35374450683594
2005-10-12,31.970003128051758
2005-10-13,32.2172966003418
2005-10-14,32.456077575683594
2005-10-17,32.558414459228516
2005-10-18,32.32815170288086
2005-10-19,32.976253509521484
2005-10-20,32.669254302978516
2005-10-21,32.873931884765625
2005-10-24,33.39411163330078
2005-10-25,33.26619338989258
2005-10-26,33.09562683105469
2005-10-27,32.43050003051758
2005-10-28,32.67777633666992
2005-10-31,33.14680099487305
2005-11-01,33.121219635009766
2005-11-02,33.55612564086914
2005-11-03,34.05925750732422
2005-11-04,34.17866134643555
2005-11-07,34.22130584716797
2005-11-08,34.22983169555664
2005-11-09,34.24687957763672
2005-11-10,34.62207794189453
2005-11-11,34.71589279174805
2005-11-14,34.71589279174805
2005-11-15,34.55387878417969
2005-11-16,34.76706314086914
2005-11-17,35.2275390625
2005-11-18,35.346946716308594
2005-11-21,35.43221664428711
2005-11-22,35.56013107299805
2005-11-23,35.6453971862793
2005-11-25,35.72213363647461
2005-11-28,35.42367935180664
2005-11-29,35.25312423706055
2005-11-30,35.16786193847656
2005-12-01,35.824501037597656
2005-12-02,35.90975570678711
2005-12-05,35.6453971862793
2005-12-06,35.76478576660156
2005-12-07,35.696571350097656
2005-12-08,35.44074630737305
2005-12-09,35.57719802856445
2005-12-12,35.70511245727539
2005-12-13,35.85006332397461
2005-12-14,35.730674743652344
2005-12-15,35.79036331176758
2005-12-16,35.54331588745117
2005-12-19,34.979156494140625
2005-12-20,35.004783630371094
2005-12-21,35.15865707397461
2005-12-22,35.389461517333984
2005-12-23,35.389461517333984
2005-12-27,35.081729888916016
2005-12-28,35.03899002075195
2005-12-29,34.80818557739258
2005-12-30,34.543174743652344
2006-01-03,35.31251525878906
2006-01-04,35.68008804321289
2006-01-05,35.833953857421875
2006-01-06,36.483619689941406
2006-01-09,36.628944396972656
2006-01-10,36.65459442138672
2006-01-11,36.93666458129883
2006-01-12,36.757171630859375
2006-01-13,36.74008560180664
2006-01-17,36.500732421875
2006-01-18,36.08186721801758
2006-01-19,36.34686279296875
2006-01-20,35.26123046875
2006-01-23,35.269775390625
2006-01-24,35.42364501953125
2006-01-25,35.269775390625
2006-01-26,35.51769256591797
2006-01-27,35.99637985229492
2006-01-30,36.06475830078125
2006-01-31,35.90235900878906
2006-02-01,36.030574798583984
2006-02-02,35.41511917114258
2006-02-03,34.979156494140625
2006-02-06,34.88513946533203
2006-02-07,34.73124313354492
2006-02-08,35.13301086425781
2006-02-09,34.79962158203125
2006-02-10,35.013343811035156
2006-02-13,34.611572265625
2006-02-14,34.96205520629883
2006-02-15,35.18430709838867
2006-02-16,35.50914001464844
2006-02-17,35.22705078125
2006-02-21,34.83383560180664
2006-02-22,35.269775390625
2006-02-23,35.175750732421875
2006-02-24,35.269775390625
2006-02-27,35.66300582885742
2006-02-28,35.13301086425781
2006-03-01,35.6117057800293
2006-03-02,35.63735580444336
2006-03-03,35.43220520019531
2006-03-06,35.12446594238281
2006-03-07,34.9193115234375
2006-03-08,34.93640899658203
2006-03-09,34.63722229003906
2006-03-10,34.67140579223633
2006-03-13,34.77401351928711
2006-03-14,35.36381912231445
2006-03-15,35.66300582885742
2006-03-16,35.36381912231445
2006-03-17,35.457069396972656
2006-03-20,35.542606353759766
2006-03-21,35.166229248046875
2006-03-22,35.25177764892578
2006-03-23,35.149105072021484
2006-03-24,35.32874298095703
2006-03-27,35.337303161621094
2006-03-28,35.19188690185547
2006-03-29,35.85908889770508
2006-03-30,35.97030258178711
2006-03-31,35.86765670776367
2006-04-03,35.91043472290039
2006-04-04,36.107181549072266
2006-04-05,36.44933319091797
2006-04-06,36.552005767822266
2006-04-07,36.20126724243164
2006-04-10,36.14993667602539
2006-04-11,35.85908889770508
2006-04-12,35.86765670776367
2006-04-13,36.0130615234375
2006-04-17,35.63670349121094
2006-04-18,36.32102584838867
2006-04-19,36.483551025390625
2006-04-20,36.355247497558594
2006-04-21,35.927520751953125
2006-04-24,35.8933219909668
2006-04-25,35.81632614135742
2006-04-26,35.80779266357422
2006-04-27,36.14993667602539
2006-04-28,35.79922103881836
2006-05-01,35.44850540161133
2006-05-02,35.542606353759766
2006-05-03,35.49127960205078
2006-05-04,35.78212356567383
2006-05-05,36.06440734863281
2006-05-08,36.09861755371094
2006-05-09,35.961769104003906
2006-05-10,35.6452522277832
2006-05-11,34.849700927734375
2006-05-12,34.37923812866211
2006-05-15,34.35357666015625
2006-05-16,34.09693908691406
2006-05-17,33.6350212097168
2006-05-18,33.40403366088867
2006-05-19,33.66069030761719
2006-05-22,33.33563232421875
2006-05-23,33.010555267333984
2006-05-24,33.23297882080078
2006-05-25,33.669227600097656
2006-05-26,33.780426025390625
2006-05-30,33.05333709716797
2006-05-31,33.207298278808594
2006-06-01,33.99429702758789
2006-06-02,33.90875244140625
2006-06-05,33.1730842590332
2006-06-06,33.14741897583008
2006-06-07,32.89936065673828
2006-06-08,32.848018646240234
2006-06-09,32.63417434692383
2006-06-12,31.99260711669922
2006-06-13,31.86431121826172
2006-06-14,32.18935775756836
2006-06-15,33.0618782043457
2006-06-16,32.818782806396484
2006-06-19,32.55342102050781
2006-06-20,32.596221923828125
2006-06-21,33.10982131958008
2006-06-22,32.69038391113281
2006-06-23,32.65614700317383
2006-06-26,32.741756439208984
2006-06-27,32.12543869018555
2006-06-28,32.36510467529297
2006-06-29,33.34950256347656
2006-06-30,33.186859130859375
2006-07-03,33.38373947143555
2006-07-05,32.65614700317383
2006-07-06,32.62191390991211
2006-07-07,32.26239013671875
2006-07-10,31.97992706298828
2006-07-11,32.2195930480957
2006-07-12,31.611848831176758
2006-07-13,31.08112335205078
2006-07-14,30.764394760131836
2006-07-17,30.84143829345703
2006-07-18,30.944168090820312
2006-07-19,31.34646987915039
2006-07-20,30.884241104125977
2006-07-21,30.55896759033203
2006-07-24,31.166715621948242
2006-07-25,31.34646987915039
2006-07-26,31.32077407836914
2006-07-27,31.115352630615234
2006-07-28,31.76591682434082
2006-07-31,31.757341384887695
2006-08-01,31.226646423339844
2006-08-02,31.57759666442871
2006-08-03,31.774499893188477
2006-08-04,31.628952026367188
2006-08-07,31.423532485961914
2006-08-08,31.226646423339844
2006-08-09,31.269451141357422
2006-08-10,31.49199867248535
2006-08-11,31.269451141357422
2006-08-14,31.47488784790039
2006-08-15,32.27096939086914
2006-08-16,33.032779693603516
2006-08-17,33.15262985229492
2006-08-18,33.20399475097656
2006-08-21,32.88726043701172
2006-08-22,32.89582443237305
2006-08-23,32.647605895996094
2006-08-24,32.741756439208984
2006-08-25,32.801666259765625
2006-08-28,33.049896240234375
2006-08-29,33.15262985229492
2006-08-30,33.30670928955078
2006-08-31,33.2724609375
2006-09-01,33.45222473144531
2006-09-05,33.777496337890625
2006-09-06,33.101261138916016
2006-09-07,32.94718551635742
2006-09-08,33.14408874511719
2006-09-11,33.34950256347656
2006-09-12,33.9658317565918
2006-09-13,34.19693374633789
2006-09-14,34.231170654296875
2006-09-15,34.35365676879883
2006-09-18,34.362220764160156
2006-09-19,34.130958557128906
2006-09-20,34.62771987915039
2006-09-21,34.41361999511719
2006-09-22,34.14808654785156
2006-09-25,34.74763488769531
2006-09-26,34.918949127197266
2006-09-27,34.87610626220703
2006-09-28,34.9703254699707
2006-09-29,34.8161506652832
2006-10-02,34.379364013671875
2006-10-03,34.52494812011719
2006-10-04,35.37286376953125
2006-10-05,35.54416275024414
2006-10-06,35.46708297729492
2006-10-09,35.586997985839844
2006-10-10,35.64691925048828
2006-10-11,35.578433990478516
2006-10-12,36.14371109008789
2006-10-13,36.3407096862793
2006-10-16,36.374961853027344
2006-10-17,35.972415924072266
2006-10-18,35.80111312866211
2006-10-19,35.88677215576172
2006-10-20,35.972415924072266
2006-10-23,36.3407096862793
2006-10-24,36.09232711791992
2006-10-25,36.3407096862793
2006-10-26,36.67473602294922
2006-10-27,36.15226745605469
2006-10-30,36.38352584838867
2006-10-31,36.46918487548828
2006-11-01,35.972415924072266
2006-11-02,36.00667190551758
2006-11-03,35.912437438964844
2006-11-06,36.43490982055664
2006-11-07,36.683284759521484
2006-11-08,36.85457992553711
2006-11-09,36.683284759521484
2006-11-10,36.85457992553711
2006-11-13,37.231441497802734
2006-11-14,37.62543869018555
2006-11-15,37.77959060668945
2006-11-16,37.94232940673828
2006-11-17,37.94232940673828
2006-11-20,38.01940155029297
2006-11-21,38.070804595947266
2006-11-22,38.310604095458984
2006-11-24,38.24209976196289
2006-11-27,37.377044677734375
2006-11-28,37.48839569091797
2006-11-29,37.745330810546875
2006-11-30,37.719642639160156
2006-12-01,37.39418411254883
2006-12-04,37.908058166503906
2006-12-05,38.045108795166016
2006-12-06,37.908058166503906
2006-12-07,37.42843246459961
2006-12-08,37.59975051879883
2006-12-11,37.73676681518555
2006-12-12,37.51408767700195
2006-12-13,37.582618713378906
2006-12-14,38.00227737426758
2006-12-15,38.100059509277344
2006-12-18,37.72272872924805
2006-12-19,37.602684020996094
2006-12-20,37.46547317504883
2006-12-21,37.19963073730469
2006-12-22,36.81374740600586
2006-12-26,36.96811294555664
2006-12-27,37.15676498413086
2006-12-28,36.97666549682617
2006-12-29,37.010982513427734
2007-01-03,37.079586029052734
2007-01-04,37.78274154663086
2007-01-05,37.602684020996094
2007-01-08,37.62840270996094
2007-01-09,37.81706619262695
2007-01-10,38.26298141479492
2007-01-11,38.65742874145508
2007-01-12,38.85466384887695
2007-01-16,38.828941345214844
2007-01-17,38.51164627075195
2007-01-18,37.799922943115234
2007-01-19,37.87709045410156
2007-01-22,37.46547317504883
2007-01-23,37.37114334106445
2007-01-24,37.98856735229492
2007-01-25,37.49974822998047
2007-01-26,37.36256408691406
2007-01-29,37.396873474121094
2007-01-30,37.414031982421875
2007-01-31,37.791316986083984
2007-02-01,37.731300354003906
2007-02-02,37.86851501464844
2007-02-05,37.83420944213867
2007-02-06,37.78274154663086
2007-02-07,38.12578582763672
2007-02-08,38.117183685302734
2007-02-09,37.62840270996094
2007-02-12,37.48262023925781
2007-02-13,37.61125183105469
2007-02-14,38.24582290649414
2007-02-15,38.468780517578125
2007-02-16,38.34013748168945
2007-02-20,38.63170623779297
2007-02-21,38.75175476074219
2007-02-22,38.948974609375
2007-02-23,38.81178665161133
2007-02-26,38.62312698364258
2007-02-27,37.03668975830078
2007-02-28,37.15676498413086
2007-03-01,36.985267639160156
2007-03-02,36.42786407470703
2007-03-05,36.14487075805664
2007-03-06,36.74514389038086
2007-03-07,36.599361419677734
2007-03-08,36.848052978515625
2007-03-09,36.81374740600586
2007-03-12,37.05385971069336
2007-03-13,36.33352279663086
2007-03-14,36.86520767211914
2007-03-15,36.779449462890625
2007-03-16,36.75111770629883
2007-03-19,37.12868881225586
2007-03-20,37.394683837890625
2007-03-21,38.115455627441406
2007-03-22,37.978179931640625
2007-03-23,37.85805130004883
2007-03-26,38.01250457763672
2007-03-27,37.74649429321289
2007-03-28,37.34318161010742
2007-03-29,37.38610076904297
2007-03-30,37.35178756713867
2007-04-02,37.403263092041016
2007-04-03,37.89236831665039
2007-04-04,38.046817779541016
2007-04-05,38.235595703125
2007-04-09,38.141197204589844
2007-04-10,38.338565826416016
2007-04-11,37.935272216796875
2007-04-12,38.235595703125
2007-04-13,38.31281280517578
2007-04-16,38.66461944580078
2007-04-17,38.750431060791016
2007-04-18,38.621734619140625
2007-04-19,38.741859436035156
2007-04-20,38.95637512207031
2007-04-23,39.016448974609375
2007-04-24,39.21379470825195
2007-04-25,39.73721694946289
2007-04-26,39.94314193725586
2007-04-27,39.960304260253906
2007-04-30,39.4368896484375
2007-05-01,39.402565002441406
2007-05-02,39.83161163330078
2007-05-03,39.97748947143555
2007-05-04,40.01178741455078
2007-05-07,40.01178741455078
2007-05-08,40.09760665893555
2007-05-09,40.18339538574219
2007-05-10,39.634246826171875
2007-05-11,40.14051055908203
2007-05-14,39.86592483520508
2007-05-15,39.55703353881836
2007-05-16,39.94314193725586
2007-05-17,39.75437927246094
2007-05-18,40.0804557800293
2007-05-21,40.33787536621094
2007-05-22,40.37217712402344
2007-05-23,40.18339538574219
2007-05-24,39.608497619628906
2007-05-25,39.85734558105469
2007-05-29,40.1662483215332
2007-05-30,40.49231719970703
2007-05-31,40.68109130859375
2007-06-01,40.706825256347656
2007-06-04,40.826961517333984
2007-06-05,40.826961517333984
2007-06-06,40.389339447021484
2007-06-07,39.76295471191406
2007-06-08,40.25206756591797
2007-06-11,40.17481994628906
2007-06-12,39.934574127197266
2007-06-13,40.37217712402344
2007-06-14,40.638179779052734
2007-06-15,41.01344299316406
2007-06-18,41.022037506103516
2007-06-19,41.01344299316406
2007-06-20,40.62702560424805
2007-06-21,40.99628448486328
2007-06-22,40.6098518371582
2007-06-25,40.4380989074707
2007-06-26,40.20622253417969
2007-06-27,40.824554443359375
2007-06-28,40.80734634399414
2007-06-29,40.87605667114258
2007-07-02,41.24531555175781
2007-07-03,41.485782623291016
2007-07-05,41.786312103271484
2007-07-06,41.95808029174805
2007-07-09,41.98384475708008
2007-07-10,41.631752014160156
2007-07-11,41.9151496887207
2007-07-12,42.55919647216797
2007-07-13,42.85116195678711
2007-07-16,42.8082160949707
2007-07-17,43.134517669677734
2007-07-18,43.08302688598633
2007-07-19,43.21185302734375
2007-07-20,42.97998046875
2007-07-23,42.99714279174805
2007-07-24,42.36168670654297
2007-07-25,42.42179489135742
2007-07-26,42.061126708984375
2007-07-27,41.21097946166992
2007-07-30,41.69186019897461
2007-07-31,40.81593704223633
2007-08-01,41.13368225097656
2007-08-02,41.51151657104492
2007-08-03,40.72150421142578
2007-08-06,41.19380187988281
2007-08-07,41.485782623291016
2007-08-08,41.94090270996094
2007-08-09,40.970516204833984
2007-08-10,40.60125732421875
2007-08-13,40.87605667114258
2007-08-14,40.180484771728516
2007-08-15,39.41619873046875
2007-08-16,39.029754638671875
2007-08-17,39.7682991027832
2007-08-20,39.95720291137695
2007-08-21,40.37799072265625
2007-08-22,40.927581787109375
2007-08-23,40.81593704223633
2007-08-24,41.391292572021484
2007-08-27,41.11650848388672
2007-08-28,40.13753890991211
2007-08-29,41.28826141357422
2007-08-30,41.50294494628906
2007-08-31,41.96665954589844
2007-09-04,42.66224670410156
2007-09-05,42.232872009277344
2007-09-06,42.19850540161133
2007-09-07,41.417057037353516
2007-09-10,41.391292572021484
2007-09-11,42.01817321777344
2007-09-12,42.02677536010742
2007-09-13,42.232872009277344
2007-09-14,42.26720428466797
2007-09-17,41.9151496887207
2007-09-18,42.97138595581055
2007-09-19,43.08302688598633
2007-09-20,42.96279525756836
2007-09-21,43.268672943115234
2007-09-24,43.466285705566406
2007-09-25,43.8786735534668
2007-09-26,44.09349822998047
2007-09-27,44.31688690185547
2007-09-28,44.17079544067383
2007-10-01,44.6777229309082
2007-10-02,44.68634033203125
2007-10-03,44.37702941894531
2007-10-04,44.480106353759766
2007-10-05,45.382266998291016
2007-10-08,45.665794372558594
2007-10-09,45.8634033203125
2007-10-10,45.97511291503906
2007-10-11,45.24480056762695
2007-10-12,45.992286682128906
2007-10-15,45.640018463134766
2007-10-16,45.42523193359375
2007-10-17,46.009464263916016
2007-10-18,46.207096099853516
2007-10-19,45.05577850341797
2007-10-22,45.5970573425293
2007-10-23,46.5507698059082
2007-10-24,46.19849395751953
2007-10-25,45.57988357543945
2007-10-26,46.33597183227539
2007-10-29,46.52499008178711
2007-10-30,46.6195068359375
2007-10-31,47.28107452392578
2007-11-01,46.3961181640625
2007-11-02,46.75696563720703
2007-11-05,46.45625305175781
2007-11-06,46.98036575317383
2007-11-07,45.83763885498047
2007-11-08,44.445743560791016
2007-11-09,42.9593620300293
2007-11-12,41.868186950683594
2007-11-13,43.595184326171875
2007-11-14,43.03668975830078
2007-11-15,42.80469512939453
2007-11-16,43.1999397277832
2007-11-19,42.70161056518555
2007-11-20,42.873451232910156
2007-11-21,42.36652374267578
2007-11-23,42.82188415527344
2007-11-26,42.0830078125
2007-11-27,42.92500686645508
2007-11-28,44.230953216552734
2007-11-29,44.41998291015625
2007-11-30,44.08490753173828
2007-12-03,43.7154426574707
2007-12-04,43.535030364990234
2007-12-05,44.31688690185547
2007-12-06,44.95268630981445
2007-12-07,44.96126937866211
2007-12-10,45.14169692993164
2007-12-11,44.09349822998047
2007-12-12,44.48871994018555
2007-12-13,44.24815368652344
2007-12-14,43.79277801513672
2007-12-17,42.727378845214844
2007-12-18,42.86485290527344
2007-12-19,42.856258392333984
2007-12-20,43.73263168334961
2007-12-21,44.59528350830078
2007-12-24,44.930728912353516
2007-12-26,45.154361724853516
2007-12-27,44.612491607666016
2007-12-28,44.569515228271484
2007-12-31,44.05344009399414
2008-01-02,43.356773376464844
2008-01-03,43.537376403808594
2008-01-04,41.62800979614258
2008-01-07,41.430198669433594
2008-01-08,40.3550910949707
2008-01-09,41.21514892578125
2008-01-10,41.27537155151367
2008-01-11,40.466896057128906
2008-01-14,41.17216110229492
2008-01-15,40.036865234375
2008-01-16,39.606807708740234
2008-01-17,39.05635452270508
2008-01-18,39.004764556884766
2008-01-22,37.99846649169922
2008-01-23,37.85224914550781
2008-01-24,38.62632751464844
2008-01-25,37.83505630493164
2008-01-28,38.1274528503418
2008-01-29,38.19627380371094
2008-01-30,38.161869049072266
2008-01-31,38.815528869628906
2008-02-01,39.2111930847168
2008-02-04,38.66071319580078
2008-02-05,37.559814453125
2008-02-06,36.82015609741211
2008-02-07,37.07817840576172
2008-02-08,37.49961853027344
2008-02-11,37.90385437011719
2008-02-12,37.688812255859375
2008-02-13,38.51448059082031
2008-02-14,37.817832946777344
2008-02-15,37.688812255859375
2008-02-19,37.620025634765625
2008-02-20,37.79204177856445
2008-02-21,37.430809020996094
2008-02-22,37.568424224853516
2008-02-25,37.75764083862305
2008-02-26,37.90385437011719
2008-02-27,38.09307098388672
2008-02-28,37.94685363769531
2008-02-29,36.940555572509766
2008-03-03,36.69973373413086
2008-03-04,36.906158447265625
2008-03-05,37.08677673339844
2008-03-06,36.269691467285156
2008-03-07,36.18368911743164
2008-03-10,35.48699951171875
2008-03-11,36.837345123291016
2008-03-12,36.73413848876953
2008-03-13,37.01796340942383
2008-03-14,36.33849334716797
2008-03-17,35.676239013671875
2008-03-18,37.267391204833984
2008-03-19,36.347084045410156
2008-03-20,37.089927673339844
2008-03-24,38.37244415283203
2008-03-25,38.58762741088867
2008-03-26,38.47574996948242
2008-03-27,37.62358856201172
2008-03-28,37.43422317504883
2008-03-31,37.63220977783203
2008-04-01,39.2418327331543
2008-04-02,39.15573501586914
2008-04-03,39.2418327331543
2008-04-04,39.47422409057617
2008-04-07,39.38813400268555
2008-04-08,39.08687973022461
2008-04-09,38.64790344238281
2008-04-10,39.19879913330078
2008-04-11,38.11420822143555
2008-04-14,37.94207763671875
2008-04-15,37.99370574951172
2008-04-16,39.05244827270508
2008-04-17,38.96638107299805
2008-04-18,40.20587158203125
2008-04-21,40.48992919921875
2008-04-22,39.887386322021484
2008-04-23,40.32637405395508
2008-04-24,40.6878776550293
2008-04-25,40.584598541259766
2008-04-28,40.66205978393555
2008-04-29,40.971946716308594
2008-04-30,40.63623809814453
2008-05-01,41.91875457763672
2008-05-02,41.979007720947266
2008-05-05,41.85850524902344
2008-05-06,42.116729736328125
2008-05-07,41.350669860839844
2008-05-08,41.66054153442383
2008-05-09,41.49699783325195
2008-05-12,42.25446701049805
2008-05-13,42.36635208129883
2008-05-14,42.27168273925781
2008-05-15,43.011924743652344
2008-05-16,43.04636001586914
2008-05-19,42.73646545410156
2008-05-20,42.409385681152344
2008-05-21,41.471187591552734
2008-05-22,41.617488861083984
2008-05-23,41.48837661743164
2008-05-27,42.220035552978516
2008-05-28,42.39219284057617
2008-05-29,42.77090072631836
2008-05-30,43.04636001586914
2008-06-02,42.521305084228516
2008-06-03,42.28889846801758
2008-06-04,42.8311767578125
2008-06-05,43.51116180419922
2008-06-06,42.20281219482422
2008-06-09,41.979007720947266
2008-06-10,41.781028747558594
2008-06-11,40.77396011352539
2008-06-12,40.81700134277344
2008-06-13,41.63471603393555
2008-06-16,42.00483322143555
2008-06-17,41.781028747558594
2008-06-18,41.333457946777344
2008-06-19,41.979007720947266
2008-06-20,40.84545135498047
2008-06-23,40.52677536010742
2008-06-24,40.32006072998047
2008-06-25,40.97469711303711
2008-06-26,39.320892333984375
2008-06-27,39.320892333984375
2008-06-30,38.907440185546875
2008-07-01,39.45868682861328
2008-07-02,38.51119613647461
2008-07-03,38.44229507446289
2008-07-07,38.67483901977539
2008-07-08,39.59650802612305
2008-07-09,38.54567337036133
2008-07-10,39.002159118652344
2008-07-11,38.38199996948242
2008-07-14,38.09773254394531
2008-07-15,38.10636520385742
2008-07-16,39.053863525390625
2008-07-17,39.312252044677734
2008-07-18,38.4078254699707
2008-07-21,38.571495056152344
2008-07-22,38.571495056152344
2008-07-23,39.07969665527344
2008-07-24,38.49397277832031
2008-07-25,38.99357604980469
2008-07-28,38.26140594482422
2008-07-29,39.053863525390625
2008-07-30,39.25196838378906
2008-07-31,39.15720748901367
2008-08-01,38.657615661621094
2008-08-04,38.27001190185547
2008-08-05,39.56208038330078
2008-08-06,40.16498565673828
2008-08-07,39.854923248291016
2008-08-08,40.759342193603516
2008-08-11,41.12972640991211
2008-08-12,41.17280197143555
2008-08-13,41.086631774902344
2008-08-14,41.56040573120117
2008-08-15,41.482879638671875
2008-08-18,41.00051498413086
2008-08-19,40.49231719970703
2008-08-20,40.56122589111328
2008-08-21,40.37172317504883
2008-08-22,40.905765533447266
2008-08-25,40.04441452026367
2008-08-26,39.99271774291992
2008-08-27,40.251136779785156
2008-08-28,40.578433990478516
2008-08-29,39.7257194519043
2008-09-02,39.2347412109375
2008-09-03,38.86436462402344
2008-09-04,37.606773376464844
2008-09-05,37.42589569091797
2008-09-08,37.35698318481445
2008-09-09,36.56452560424805
2008-09-10,36.86600875854492
2008-09-11,37.55509567260742
2008-09-12,37.408660888671875
2008-09-15,36.245826721191406
2008-09-16,36.53007125854492
2008-09-17,34.63510513305664
2008-09-18,35.80656433105469
2008-09-19,36.97705841064453
2008-09-22,35.23594284057617
2008-09-23,34.968746185302734
2008-09-24,35.210079193115234
2008-09-25,35.77035140991211
2008-09-26,35.408329010009766
2008-09-29,32.598411560058594
2008-09-30,33.537940979003906
2008-10-01,33.184539794921875
2008-10-02,31.676145553588867
2008-10-03,31.184839248657227
2008-10-06,30.047100067138672
2008-10-07,28.142213821411133
2008-10-08,27.918109893798828
2008-10-09,27.168228149414062
2008-10-10,26.995826721191406
2008-10-13,30.279804229736328
2008-10-14,28.969667434692383
2008-10-15,26.375240325927734
2008-10-16,27.80605697631836
2008-10-17,27.840530395507812
2008-10-20,28.61627769470215
2008-10-21,27.133745193481445
2008-10-22,26.383867263793945
2008-10-23,26.280426025390625
2008-10-24,25.435731887817383
2008-10-27,24.72894859313965
2008-10-28,27.461292266845703
2008-10-29,27.3923282623291
2008-10-30,28.305986404418945
2008-10-31,28.349069595336914
2008-11-03,28.28873634338379
2008-11-04,29.090341567993164
2008-11-05,27.573331832885742
2008-11-06,26.340763092041016
2008-11-07,26.8837833404541
2008-11-10,26.521766662597656
2008-11-11,25.944278717041016
2008-11-12,24.74617576599121
2008-11-13,26.254573822021484
2008-11-14,24.978906631469727
2008-11-17,24.45313262939453
2008-11-18,24.42726707458496
2008-11-19,23.151601791381836
2008-11-20,22.031084060668945
2008-11-21,22.98783302307129
2008-11-24,24.39279556274414
2008-11-25,24.280742645263672
2008-11-26,25.297815322875977
2008-11-28,25.099584579467773
2008-12-01,23.21193504333496
2008-12-02,23.987672805786133
2008-12-03,24.66860580444336
2008-12-04,23.97043800354004
2008-12-05,24.944433212280273
2008-12-08,25.927032470703125
2008-12-09,25.86669921875
2008-12-10,25.780506134033203
2008-12-11,25.07371711730957
2008-12-12,25.582258224487305
2008-12-15,25.13404655456543
2008-12-16,26.340763092041016
2008-12-17,26.021846771240234
2008-12-18,25.565021514892578
2008-12-19,25.7747745513916
2008-12-22,25.213703155517578
2008-12-23,25.084226608276367
2008-12-24,25.153282165527344
2008-12-26,25.1446475982666
2008-12-29,24.937482833862305
2008-12-30,25.455400466918945
2008-12-31,25.671192169189453
2009-01-02,26.78470230102539
2009-01-05,26.776077270507812
2009-01-06,27.043663024902344
2009-01-07,26.275428771972656
2009-01-08,26.55164909362793
2009-01-09,25.9560489654541
2009-01-12,25.481292724609375
2009-01-13,25.489925384521484
2009-01-14,24.713058471679688
2009-01-15,25.118751525878906
2009-01-16,25.39497947692871
2009-01-20,24.134721755981445
2009-01-21,25.16191291809082
2009-01-22,24.82527732849121
2009-01-23,24.946109771728516
2009-01-26,25.127395629882812
2009-01-27,25.30865478515625
2009-01-28,26.19774055480957
2009-01-29,25.533084869384766
2009-01-30,25.084226608276367
2009-02-02,25.386343002319336
2009-02-03,25.783405303955078
2009-02-04,25.81792640686035
2009-02-05,26.387632369995117
2009-02-06,27.07818603515625
2009-02-09,27.190406799316406
2009-02-10,26.189109802246094
2009-02-11,26.068265914916992
2009-02-12,26.387632369995117
2009-02-13,26.26679039001465
2009-02-17,25.22234344482422
2009-02-18,25.239601135253906
2009-02-19,24.851165771484375
2009-02-20,24.920230865478516
2009-02-23,24.04840850830078
2009-02-24,24.842533111572266
2009-02-25,24.678516387939453
2009-02-26,23.987987518310547
2009-02-27,23.763553619384766
2009-03-02,22.99531364440918
2009-03-03,22.97805404663086
2009-03-04,23.590913772583008
2009-03-05,22.883100509643555
2009-03-06,22.701828002929688
2009-03-09,22.21843719482422
2009-03-10,23.590913772583008
2009-03-11,23.953449249267578
2009-03-12,24.747591018676758
2009-03-13,24.80800437927246
2009-03-16,24.393674850463867
2009-03-17,25.317289352416992
2009-03-18,25.636667251586914
2009-03-19,25.619401931762695
2009-03-20,25.229461669921875
2009-03-23,26.716604232788086
2009-03-24,26.22376823425293
2009-03-25,26.344806671142578
2009-03-26,27.15755271911621
2009-03-27,26.647432327270508
2009-03-30,25.990318298339844
2009-03-31,26.21512794494629
2009-04-01,26.604196548461914
2009-04-02,27.460176467895508
2009-04-03,27.970293045043945
2009-04-06,27.901124954223633
2009-04-07,27.16619300842285
2009-04-08,27.624446868896484
2009-04-09,28.48041534423828
2009-04-13,28.43718147277832
2009-04-14,28.091331481933594
2009-04-15,28.013525009155273
2009-04-16,28.73980140686035
2009-04-17,28.800315856933594
2009-04-20,27.875185012817383
2009-04-21,28.264257431030273
2009-04-22,28.35072135925293
2009-04-23,28.627399444580078
2009-04-24,29.128868103027344
2009-04-27,29.1634578704834
2009-04-28,28.94731330871582
2009-04-29,29.345035552978516
2009-04-30,29.638994216918945
2009-05-01,29.7168025970459
2009-05-04,30.30474281311035
2009-05-05,30.278810501098633
2009-05-06,30.287464141845703
2009-05-07,29.57847023010254
2009-05-08,29.595773696899414
2009-05-11,29.699522018432617
2009-05-12,29.33638572692871
2009-05-13,28.549575805664062
2009-05-14,28.869489669799805
2009-05-15,28.85219955444336
2009-05-18,29.604412078857422
2009-05-19,29.74274444580078
2009-05-20,29.638994216918945
2009-05-21,29.094276428222656
2009-05-22,28.99920082092285
2009-05-26,30.07996368408203
2009-05-27,29.872440338134766
2009-05-28,30.21830177307129
2009-05-29,30.590072631835938
2009-06-01,31.463340759277344
2009-06-02,31.506559371948242
2009-06-03,31.411455154418945
2009-06-04,31.765939712524414
2009-06-05,31.800539016723633
2009-06-08,31.705421447753906
2009-06-09,31.947526931762695
2009-06-10,31.835111618041992
2009-06-11,31.835111618041992
2009-06-12,31.68813133239746
2009-06-15,31.0396785736084
2009-06-16,30.7370662689209
2009-06-17,31.03103256225586
2009-06-18,30.970504760742188
2009-06-19,31.30292510986328
2009-06-22,30.367998123168945
2009-06-23,30.298723220825195
2009-06-24,30.80946922302246
2009-06-25,31.415451049804688
2009-06-26,31.484710693359375
2009-06-29,31.553970336914062
2009-06-30,31.49338722229004
2009-07-01,31.51068115234375
2009-07-02,30.818143844604492
2009-07-06,30.65365982055664
2009-07-07,29.89186668395996
2009-07-08,30.047697067260742
2009-07-09,30.099628448486328
2009-07-10,30.22947883605957
2009-07-13,30.80946922302246
2009-07-14,30.922008514404297
2009-07-15,31.96082878112793
2009-07-16,32.34174728393555
2009-07-17,32.514869689941406
2009-07-20,32.82651901245117
2009-07-21,33.05158615112305
2009-07-22,33.32862091064453
2009-07-23,34.064430236816406
2009-07-24,33.80473709106445
2009-07-27,34.064430236816406
2009-07-28,33.830711364746094
2009-07-29,34.055782318115234
2009-07-30,34.2548942565918
2009-07-31,34.15102005004883
2009-08-03,34.66175079345703
2009-08-04,34.66175079345703
2009-08-05,34.393409729003906
2009-08-06,34.09041976928711
2009-08-07,34.523250579833984
2009-08-10,34.28086853027344
2009-08-11,33.98651885986328
2009-08-12,34.514583587646484
2009-08-13,34.70503616333008
2009-08-14,34.30684280395508
2009-08-17,33.3112907409668
2009-08-18,33.78742599487305
2009-08-19,34.021148681640625
2009-08-20,34.419349670410156
2009-08-21,34.878196716308594
2009-08-24,34.84354019165039
2009-08-25,34.94742202758789
2009-08-26,34.88681411743164
2009-08-27,34.973392486572266
2009-08-28,35.008033752441406
2009-08-31,34.653099060058594
2009-09-01,34.003841400146484
2009-09-02,33.97787094116211
2009-09-03,34.20295333862305
2009-09-04,34.93876647949219
2009-09-08,35.26774215698242
2009-09-09,35.57071304321289
2009-09-10,35.9083251953125
2009-09-11,35.942955017089844
2009-09-14,36.08146667480469
2009-09-15,36.19401168823242
2009-09-16,36.722068786621094
2009-09-17,36.713409423828125
2009-09-18,36.774932861328125
2009-09-21,36.8875846862793
2009-09-22,36.95689010620117
2009-09-23,36.78358459472656
2009-09-24,36.45430374145508
2009-09-25,36.13372039794922
2009-09-28,36.74893569946289
2009-09-29,36.58430480957031
2009-09-30,36.61029815673828
2009-10-01,35.52715301513672
2009-10-02,35.42317581176758
2009-10-05,35.70913314819336
2009-10-06,36.3416862487793
2009-10-07,36.445655822753906
2009-10-08,36.60163116455078
2009-10-09,36.80958938598633
2009-10-12,36.8875846862793
2009-10-13,36.89625549316406
2009-10-14,37.398834228515625
2009-10-15,37.31217575073242
2009-10-16,37.06955337524414
2009-10-19,37.44216537475586
2009-10-20,37.45081329345703
2009-10-21,37.381500244140625
2009-10-22,37.5288200378418
2009-10-23,37.37283706665039
2009-10-26,37.25152587890625
2009-10-27,36.68829345703125
2009-10-28,35.86507797241211
2009-10-29,36.471656799316406
2009-10-30,35.49247741699219
2009-11-02,35.639801025390625
2009-11-03,35.7524528503418
2009-11-04,35.81310272216797
2009-11-05,36.69697189331055
2009-11-06,36.91357421875
2009-11-09,37.70210647583008
2009-11-10,37.79743194580078
2009-11-11,38.040042877197266
2009-11-12,37.82342529296875
2009-11-13,38.13535690307617
2009-11-16,38.52528762817383
2009-11-17,38.64662170410156
2009-11-18,38.42996597290039
2009-11-19,37.83208084106445
2009-11-20,37.641448974609375
2009-11-23,38.248008728027344
2009-11-24,38.118038177490234
2009-11-25,38.28266143798828
2009-11-27,37.70210647583008
2009-11-30,37.74542236328125
2009-12-01,38.13535690307617
2009-12-02,38.187339782714844
2009-12-03,38.03137969970703
2009-12-04,38.23067855834961
2009-12-07,38.0487174987793
2009-12-08,37.814762115478516
2009-12-09,38.19602966308594
2009-12-10,38.386661529541016
2009-12-11,38.239356994628906
2009-12-14,38.603271484375
2009-12-15,38.386661529541016
2009-12-16,38.43865203857422
2009-12-17,37.970733642578125
2009-12-18,38.58958053588867
2009-12-21,39.0235710144043
2009-12-22,39.257930755615234
2009-12-23,39.54436111450195
2009-12-24,39.90888214111328
2009-12-28,40.1171989440918
2009-12-29,39.9522819519043
2009-12-30,40.073795318603516
2009-12-31,39.70926284790039
2010-01-04,40.29078674316406
2010-01-05,40.29078674316406
2010-01-06,40.04776382446289
2010-01-07,40.073795318603516
2010-01-08,40.403629302978516
2010-01-11,40.23872375488281
2010-01-12,39.73529052734375
2010-01-13,40.23003005981445
2010-01-14,40.264747619628906
2010-01-15,39.796051025390625
2010-01-19,40.43833541870117
2010-01-20,39.85679626464844
2010-01-21,39.48357009887695
2010-01-22,38.329200744628906
2010-01-25,38.459388732910156
2010-01-26,38.494117736816406
2010-01-27,38.79789733886719
2010-01-28,37.79973220825195
2010-01-29,37.14008712768555
2010-02-01,37.54803466796875
2010-02-02,37.886531829833984
2010-02-03,38.09484100341797
2010-02-04,36.99252700805664
2010-02-05,37.30500030517578
2010-02-08,37.03594207763672
2010-02-09,37.41782760620117
2010-02-10,37.339725494384766
2010-02-11,37.90388107299805
2010-02-12,37.98200988769531
2010-02-16,38.46807098388672
2010-02-17,38.685054779052734
2010-02-18,38.92806625366211
2010-02-19,38.91073989868164
2010-02-22,38.832618713378906
2010-02-23,38.329200744628906
2010-02-24,38.71979904174805
2010-02-25,38.71110153198242
2010-02-26,38.84996032714844
2010-03-01,39.414146423339844
2010-03-02,39.535667419433594
2010-03-03,39.57905578613281
2010-03-04,39.70926284790039
2010-03-05,40.30814743041992
2010-03-08,40.38626480102539
2010-03-09,40.611934661865234
2010-03-10,40.94175720214844
2010-03-11,41.09799575805664
2010-03-12,41.10666275024414
2010-03-15,41.00251007080078
2010-03-16,41.26290512084961
2010-03-17,41.37574005126953
2010-03-18,41.514625549316406
2010-03-19,41.26352310180664
2010-03-22,41.637115478515625
2010-03-23,41.92386245727539
2010-03-24,41.724021911621094
2010-03-25,41.66318893432617
2010-03-26,41.70663833618164
2010-03-29,41.90647888183594
2010-03-30,42.045494079589844
2010-03-31,41.84566116333008
2010-04-01,41.84566116333008
2010-04-05,42.236663818359375
2010-04-06,42.35832214355469
2010-04-07,42.254032135009766
2010-04-08,42.34961700439453
2010-04-09,42.60158920288086
2010-04-12,42.636348724365234
2010-04-13,42.853572845458984
2010-04-14,43.36620330810547
2010-04-15,43.5573844909668
2010-04-16,43.03604507446289
2010-04-19,43.009971618652344
2010-04-20,43.227195739746094
2010-04-21,43.47048568725586
2010-04-22,43.713775634765625
2010-04-23,43.89625930786133
2010-04-26,43.8006706237793
2010-04-27,42.870948791503906
2010-04-28,42.89702224731445
2010-04-29,43.644256591796875
2010-04-30,42.78404998779297
2010-05-03,43.38359832763672
2010-05-04,42.080257415771484
2010-05-05,41.86304473876953
2010-05-06,40.46412658691406
2010-05-07,39.45622634887695
2010-05-10,41.50678634643555
2010-05-11,41.463348388671875
2010-05-12,42.24534606933594
2010-05-13,41.5762825012207
2010-05-14,40.77692794799805
2010-05-17,40.90726852416992
2010-05-18,40.34248733520508
2010-05-19,40.020999908447266
2010-05-20,38.53519821166992
2010-05-21,38.96096420288086
2010-05-24,38.80455017089844
2010-05-25,38.83930969238281
2010-05-26,38.40486526489258
2010-05-27,39.85591506958008
2010-05-28,39.621299743652344
2010-06-01,39.25637435913086
2010-06-02,40.18608474731445
2010-06-03,40.568389892578125
2010-06-04,39.178184509277344
2010-06-07,38.46567916870117
2010-06-08,38.396183013916016
2010-06-09,38.0746955871582
2010-06-10,39.16079330444336
2010-06-11,39.534423828125
2010-06-14,39.52571105957031
2010-06-15,40.585792541503906
2010-06-16,40.750850677490234
2010-06-17,40.88118362426758
2010-06-18,40.91515350341797
2010-06-21,40.56694030761719
2010-06-22,40.253536224365234
2010-06-23,40.088130950927734
2010-06-24,39.478763580322266
2010-06-25,39.48662185668945
2010-06-28,39.34706115722656
2010-06-29,37.82933807373047
2010-06-30,37.253658294677734
2010-07-01,37.14900207519531
2010-07-02,37.04433059692383
2010-07-06,37.157711029052734
2010-07-07,38.34396743774414
2010-07-08,38.553314208984375
2010-07-09,38.91965103149414
2010-07-12,39.033050537109375
2010-07-13,39.5389404296875
2010-07-14,39.73957824707031
2010-07-15,39.774452209472656
2010-07-16,38.6754264831543
2010-07-19,39.00688934326172
2010-07-20,39.477901458740234
2010-07-21,38.937103271484375
2010-07-22,39.922733306884766
2010-07-23,40.17569351196289
2010-07-26,40.50715255737305
2010-07-27,40.489688873291016
2010-07-28,40.16696548461914
2010-07-29,39.87040710449219
2010-07-30,39.9576416015625
2010-08-02,40.707767486572266
2010-08-03,40.5333137512207
2010-08-04,40.94326400756836
2010-08-05,40.84730911254883
2010-08-06,40.7862548828125
2010-08-09,41.06538772583008
2010-08-10,40.707767486572266
2010-08-11,39.599998474121094
2010-08-12,39.286006927490234
2010-08-13,39.00688934326172
2010-08-16,39.07666015625
2010-08-17,39.57383728027344
2010-08-18,39.730838775634766
2010-08-19,39.128997802734375
2010-08-20,39.18133544921875
2010-08-23,38.79753875732422
2010-08-24,38.07356643676758
2010-08-25,38.43991470336914
2010-08-26,37.977622985839844
2010-08-27,38.43991470336914
2010-08-30,38.038692474365234
2010-08-31,37.907859802246094
2010-09-01,39.04175567626953
2010-09-02,39.477901458740234
2010-09-03,40.13209533691406
2010-09-07,39.86167907714844
2010-09-08,40.34141540527344
2010-09-09,40.49843215942383
2010-09-10,40.64670944213867
2010-09-13,41.21367263793945
2010-09-14,41.388118743896484
2010-09-15,41.64979553222656
2010-09-16,41.815521240234375
2010-09-17,41.95716094970703
2010-09-20,42.69155502319336
2010-09-21,42.68280029296875
2010-09-22,42.56914138793945
2010-09-23,42.551666259765625
2010-09-24,43.41720199584961
2010-09-27,43.1811637878418
2010-09-28,43.16366958618164
2010-09-29,43.09372329711914
2010-09-30,42.9013786315918
2010-10-01,42.84892654418945
2010-10-04,42.385555267333984
2010-10-05,43.41720199584961
2010-10-06,43.041255950927734
2010-10-07,43.198612213134766
2010-10-08,43.495887756347656
2010-10-11,43.51338577270508
2010-10-12,43.810646057128906
2010-10-13,44.16910934448242
2010-10-14,44.081668853759766
2010-10-15,45.01716232299805
2010-10-18,44.851043701171875
2010-10-19,44.431396484375
2010-10-20,44.75489044189453
2010-10-21,44.84230422973633
2010-10-22,45.148319244384766
2010-10-25,45.366878509521484
2010-10-26,45.4892692565918
2010-10-27,45.62916946411133
2010-10-28,45.72532653808594
2010-10-29,45.62042999267578
2010-11-01,45.6553955078125
2010-11-02,46.14500427246094
2010-11-03,46.354835510253906
2010-11-04,46.923118591308594
2010-11-05,46.923118591308594
2010-11-08,46.98430633544922
2010-11-09,46.730770111083984
2010-11-10,46.96681594848633
2010-11-11,46.66957473754883
2010-11-12,45.908931732177734
2010-11-15,45.734100341796875
2010-11-16,44.98219680786133
2010-11-17,45.113346099853516
2010-11-18,45.838993072509766
2010-11-19,45.873966217041016
2010-11-22,46.2586555480957
2010-11-23,45.52425765991211
2010-11-24,46.4422492980957
2010-11-26,46.136260986328125
2010-11-29,46.101287841796875
2010-11-30,45.54172134399414
2010-12-01,46.503448486328125
2010-12-02,46.97555923461914
2010-12-03,47.09798049926758
2010-12-06,47.08048629760742
2010-12-07,47.10673141479492
2010-12-08,47.281558990478516
2010-12-09,47.325294494628906
2010-12-10,47.64003372192383
2010-12-13,47.47392272949219
2010-12-14,47.561363220214844
2010-12-15,47.35152053833008
2010-12-16,47.71870803833008
2010-12-17,47.76078414916992
2010-12-20,47.7957878112793
2010-12-21,48.08488464355469
2010-12-22,48.07612991333008
2010-12-23,47.953487396240234
2010-12-27,47.97978210449219
2010-12-28,47.89216995239258
2010-12-29,47.99728775024414
2010-12-30,47.88341522216797
2010-12-31,47.708213806152344
2011-01-03,48.452823638916016
2011-01-04,48.41777420043945
2011-01-05,48.829524993896484
2011-01-06,48.98719024658203
2011-01-07,48.94338607788086
2011-01-10,49.12736511230469
2011-01-11,49.19746398925781
2011-01-12,49.547855377197266
2011-01-13,49.56538009643555
2011-01-14,49.93330764770508
2011-01-18,50.0734748840332
2011-01-19,49.50404739379883
2011-01-20,49.15363311767578
2011-01-21,48.776954650878906
2011-01-24,49.451499938964844
2011-01-25,49.52156066894531
2011-01-26,49.78438949584961
2011-01-27,50.090980529785156
2011-01-28,48.820743560791016
2011-01-31,49.05728530883789
2011-02-01,49.97710418701172
2011-02-02,49.89826583862305
2011-02-03,49.985877990722656
2011-02-04,50.26618576049805
2011-02-07,50.50271987915039
2011-02-08,50.835609436035156
2011-02-09,50.748008728027344
2011-02-10,50.82685089111328
2011-02-11,51.19477844238281
2011-02-14,51.31742477416992
2011-02-15,51.247337341308594
2011-02-16,51.580230712890625
2011-02-17,51.56270980834961
2011-02-18,51.44882583618164
2011-02-22,49.9595947265625
2011-02-23,49.547855377197266
2011-02-24,49.8106689453125
2011-02-25,50.50271987915039
2011-02-28,50.60783386230469
2011-03-01,49.793148040771484
2011-03-02,50.055938720703125
2011-03-03,51.04586410522461
2011-03-04,50.78303909301758
2011-03-07,50.0997428894043
2011-03-08,50.30122756958008
2011-03-09,49.9595947265625
2011-03-10,49.1799201965332
2011-03-11,49.486534118652344
2011-03-14,49.31133270263672
2011-03-15,48.61052322387695
2011-03-16,47.4366340637207
2011-03-17,47.8746452331543
2011-03-18,47.76675033569336
2011-03-21,48.6878776550293
2011-03-22,48.60013961791992
2011-03-23,48.8720817565918
2011-03-24,49.74058151245117
2011-03-25,49.863407135009766
2011-03-28,49.591434478759766
2011-03-29,50.07392120361328
2011-03-30,50.31079864501953
2011-03-31,50.3809814453125
2011-04-01,50.40729522705078
2011-04-04,50.240623474121094
2011-04-05,50.10904312133789
2011-04-06,50.23186111450195
2011-04-07,50.19676971435547
2011-04-08,49.95989990234375
2011-04-11,49.79322814941406
2011-04-12,49.45107650756836
2011-04-13,49.872169494628906
2011-04-14,49.78444290161133
2011-04-15,49.696720123291016
2011-04-18,49.34580993652344
2011-04-19,49.65285873413086
2011-04-20,50.77574920654297
2011-04-21,51.179283142089844
2011-04-25,51.31087875366211
2011-04-26,51.60036849975586
2011-04-27,51.95127868652344
2011-04-28,51.87232208251953
2011-04-29,51.828460693359375
2011-05-02,51.731956481933594
2011-05-03,51.486328125
2011-05-04,51.4073600769043
2011-05-05,51.12666320800781
2011-05-06,51.293338775634766
2011-05-09,51.486328125
2011-05-10,51.924949645996094
2011-05-11,51.54773712158203
2011-05-12,51.85477828979492
2011-05-13,51.240699768066406
2011-05-16,50.35464859008789
2011-05-17,50.49502944946289
2011-05-18,50.91610336303711
2011-05-19,51.06524658203125
2011-05-20,50.67924499511719
2011-05-23,49.933563232421875
2011-05-24,49.62651824951172
2011-05-25,49.819549560546875
2011-05-26,50.12657165527344
2011-05-27,50.3809814453125
2011-05-31,51.19682693481445
2011-06-01,50.08271026611328
2011-06-02,50.187984466552734
2011-06-03,49.433528900146484
2011-06-06,49.03000259399414
2011-06-07,48.942283630371094
2011-06-08,48.59135818481445
2011-06-09,48.679107666015625
2011-06-10,47.93342971801758
2011-06-13,47.93342971801758
2011-06-14,48.54751205444336
2011-06-15,47.62639236450195
2011-06-16,47.44215393066406
2011-06-17,47.293575286865234
2011-06-20,47.53975296020508
2011-06-21,48.559661865234375
2011-06-22,48.20796585083008
2011-06-23,48.6563720703125
2011-06-24,47.812313079833984
2011-06-27,48.57725143432617
2011-06-28,49.298221588134766
2011-06-29,49.50044250488281
2011-06-30,50.159854888916016
2011-07-01,50.91598129272461
2011-07-05,51.17097091674805
2011-07-06,51.33800506591797
2011-07-07,52.0413818359375
2011-07-08,51.900718688964844
2011-07-11,50.95994567871094
2011-07-12,50.57308578491211
2011-07-13,50.784122467041016
2011-07-14,50.195011138916016
2011-07-15,50.86322021484375
2011-07-18,50.590675354003906
2011-07-19,51.7424430847168
2011-07-20,51.52263641357422
2011-07-21,51.86554718017578
2011-07-22,52.40188217163086
2011-07-25,52.296363830566406
2011-07-26,52.428260803222656
2011-07-27,51.07423400878906
2011-07-28,51.16218185424805
2011-07-29,50.99509811401367
2011-08-01,50.75773239135742
2011-08-02,49.47405242919922
2011-08-03,49.94883728027344
2011-08-04,47.62769317626953
2011-08-05,47.3287353515625
2011-08-08,44.48006057739258
2011-08-09,46.6253547668457
2011-08-10,44.717445373535156
2011-08-11,46.6869010925293
2011-08-12,47.10015869140625
2011-08-15,47.794734954833984
2011-08-16,47.39029312133789
2011-08-17,47.108943939208984
2011-08-18,44.796566009521484
2011-08-19,43.98768615722656
2011-08-22,44.14594650268555
2011-08-23,45.965946197509766
2011-08-24,46.326419830322266
2011-08-25,45.57029342651367
2011-08-26,46.713287353515625
2011-08-29,48.0145378112793
2011-08-30,48.331050872802734
2011-08-31,48.41019058227539
2011-09-01,47.97056579589844
2011-09-02,46.84516525268555
2011-09-06,46.853981018066406
2011-09-07,48.040924072265625
2011-09-08,47.82111358642578
2011-09-09,46.75723648071289
2011-09-12,47.355125427246094
2011-09-13,47.988155364990234
2011-09-14,48.673954010009766
2011-09-15,49.39493179321289
2011-09-16,49.847686767578125
2011-09-19,49.86531066894531
2011-09-20,49.64509201049805
2011-09-21,48.78184509277344
2011-09-22,47.196319580078125
2011-09-23,47.698387145996094
2011-09-26,48.25334167480469
2011-09-27,48.75541305541992
2011-09-28,48.03311538696289
2011-09-29,47.46056365966797
2011-09-30,46.23617935180664
2011-10-03,45.04701232910156
2011-10-04,45.97190475463867
2011-10-05,47.15224838256836
2011-10-06,47.94503402709961
2011-10-07,47.627925872802734
2011-10-10,49.275123596191406
2011-10-11,49.60983657836914
2011-10-12,49.85650634765625
2011-10-13,50.31455612182617
2011-10-14,51.24824523925781
2011-10-17,50.45547103881836
2011-10-18,51.08088684082031
2011-10-19,50.09431838989258
2011-10-20,49.847686767578125
2011-10-21,50.47310256958008
2011-10-24,51.521324157714844
2011-10-25,50.50832748413086
2011-10-26,50.44667053222656
2011-10-27,51.83841323852539
2011-10-28,51.91770553588867
2011-10-31,51.04564666748047
2011-11-01,49.71555709838867
2011-11-02,50.138362884521484
2011-11-03,51.17777633666992
2011-11-04,50.91351318359375
2011-11-07,51.27467346191406
2011-11-08,51.8648567199707
2011-11-09,50.04147720336914
2011-11-10,50.01504135131836
2011-11-11,50.957550048828125
2011-11-14,50.64045715332031
2011-11-15,51.20421600341797
2011-11-16,50.358577728271484
2011-11-17,49.1782341003418
2011-11-18,48.79947280883789
2011-11-21,47.86574935913086
2011-11-22,48.02430725097656
2011-11-23,46.94085693359375
2011-11-25,46.57969665527344
2011-11-28,48.20048904418945
2011-11-29,47.900997161865234
2011-11-30,49.67151641845703
2011-12-01,50.01504135131836
2011-12-02,49.87411117553711
2011-12-05,50.42024230957031
2011-12-06,50.279293060302734
2011-12-07,50.279293060302734
2011-12-08,49.433677673339844
2011-12-09,50.22644805908203
2011-12-12,49.66269302368164
2011-12-13,49.1165771484375
2011-12-14,48.3502197265625
2011-12-15,48.21809005737305
2011-12-16,48.46635055541992
2011-12-19,47.989295959472656
2011-12-20,49.41164016723633
2011-12-21,48.704891204833984
2011-12-22,49.12010955810547
2011-12-23,49.54417037963867
2011-12-27,49.728973388671875
2011-12-28,49.154232025146484
2011-12-29,49.50792694091797
2011-12-30,49.36643600463867
2012-01-03,50.312583923339844
2012-01-04,50.52477264404297
2012-01-05,50.940364837646484
2012-01-06,51.117210388183594
2012-01-09,50.949188232421875
2012-01-10,51.32058334350586
2012-01-11,51.42668151855469
2012-01-12,51.63004684448242
2012-01-13,51.444374084472656
2012-01-17,51.91300582885742
2012-01-18,52.602725982666016
2012-01-19,52.92987823486328
2012-01-20,52.85029983520508
2012-01-23,52.86800003051758
2012-01-24,52.77070617675781
2012-01-25,53.43389129638672
2012-01-26,53.24821472167969
2012-01-27,53.40736389160156
2012-01-30,53.45157241821289
2012-01-31,53.52230453491211
2012-02-01,53.95557403564453
2012-02-02,54.12358474731445
2012-02-03,54.86632537841797
2012-02-06,54.82212448120117
2012-02-07,54.93707275390625
2012-02-08,55.22886276245117
2012-02-09,55.62676239013672
2012-02-10,55.23772430419922
2012-02-13,55.75056076049805
2012-02-14,55.892032623291016
2012-02-15,55.50297927856445
2012-02-16,56.26341247558594
2012-02-17,56.08656311035156
2012-02-21,56.24574279785156
2012-02-22,55.989295959472656
2012-02-23,56.36067581176758
2012-02-24,56.555206298828125
2012-02-27,56.63479232788086
2012-02-28,57.20953369140625
2012-02-29,56.9531135559082
2012-03-01,57.40407180786133
2012-03-02,57.35986328125
2012-03-05,56.76741409301758
2012-03-06,56.210357666015625
2012-03-07,56.64363098144531
2012-03-08,57.25375747680664
2012-03-09,57.49247360229492
2012-03-12,57.5190315246582
2012-03-13,58.58893585205078
2012-03-14,58.79229736328125
2012-03-15,58.960304260253906
2012-03-16,58.91867446899414
2012-03-19,59.33498764038086
2012-03-20,59.44126510620117
2012-03-21,59.450130462646484
2012-03-22,59.326107025146484
2012-03-23,59.29069519042969
2012-03-26,60.32697677612305
2012-03-27,60.41556167602539
2012-03-28,60.176414489746094
2012-03-29,59.94612503051758
2012-03-30,59.830997467041016
2012-04-02,60.45099639892578
2012-04-03,60.43328094482422
2012-04-04,59.60955810546875
2012-04-05,59.98155212402344
2012-04-09,59.52983474731445
2012-04-10,58.5732307434082
2012-04-11,58.856666564941406
2012-04-12,59.52983474731445
2012-04-13,58.62639617919922
2012-04-16,57.97093963623047
2012-04-17,59.14896774291992
2012-04-18,58.998390197753906
2012-04-19,58.33408737182617
2012-04-20,58.1746711730957
2012-04-23,57.643226623535156
2012-04-24,57.33323287963867
2012-04-25,58.856666564941406
2012-04-26,59.20209503173828
2012-04-27,59.5564079284668
2012-04-30,59.13127517700195
2012-05-01,59.22869110107422
2012-05-02,59.396968841552734
2012-05-03,58.76811218261719
2012-05-04,57.30665588378906
2012-05-07,57.35980987548828
2012-05-08,57.147220611572266
2012-05-09,56.97008514404297
2012-05-10,56.854949951171875
2012-05-11,56.84605407714844
2012-05-14,56.31462860107422
2012-05-15,56.1286506652832
2012-05-16,55.747772216796875
2012-05-17,54.56975173950195
2012-05-18,53.86116409301758
2012-05-21,55.36690902709961
2012-05-22,55.304893493652344
2012-05-23,55.41119384765625
2012-05-24,55.04804992675781
2012-05-25,54.9771842956543
2012-05-29,55.67691421508789
2012-05-30,55.20747756958008
2012-05-31,54.968318939208984
2012-06-01,53.50686264038086
2012-06-04,53.914310455322266
2012-06-05,54.1357421875
2012-06-06,55.375762939453125
2012-06-07,55.15433120727539
2012-06-08,55.685768127441406
2012-06-11,54.74690628051758
2012-06-12,55.41119384765625
2012-06-13,55.03033447265625
2012-06-14,55.23403549194336
2012-06-15,55.9202880859375
2012-06-18,56.44405746459961
2012-06-19,57.02997970581055
2012-06-20,57.074378967285156
2012-06-21,55.65394592285156
2012-06-22,56.2398796081543
2012-06-25,55.15683364868164
2012-06-26,55.5030403137207
2012-06-27,55.84039306640625
2012-06-28,55.21894836425781
2012-06-29,56.9589729309082
2012-07-02,57.12765121459961
2012-07-03,57.6070556640625
2012-07-05,57.64256286621094
2012-07-06,56.923465728759766
2012-07-09,56.81692123413086
2012-07-10,56.25763702392578
2012-07-11,55.94691848754883
2012-07-12,55.42314147949219
2012-07-13,56.266510009765625
2012-07-16,56.106727600097656
2012-07-17,56.399681091308594
2012-07-18,57.16315460205078
2012-07-19,57.79347229003906
2012-07-20,57.02997970581055
2012-07-23,56.3375244140625
2012-07-24,55.893653869628906
2012-07-25,55.52078628540039
2012-07-26,56.25763702392578
2012-07-27,57.589298248291016
2012-07-30,57.54489517211914
2012-07-31,57.527137756347656
2012-08-01,57.35845947265625
2012-08-02,57.154273986816406
2012-08-03,58.23735046386719
2012-08-06,58.68124771118164
2012-08-07,59.16951370239258
2012-08-08,59.14286804199219
2012-08-09,59.3204345703125
2012-08-10,59.3559455871582
2012-08-13,59.49797439575195
2012-08-14,59.524627685546875
2012-08-15,59.67552185058594
2012-08-16,60.3857536315918
2012-08-17,60.65205764770508
2012-08-20,60.74085998535156
2012-08-21,60.501136779785156
2012-08-22,60.74973678588867
2012-08-23,60.252593994140625
2012-08-24,60.62543869018555
2012-08-27,60.72309112548828
2012-08-28,60.72309112548828
2012-08-29,60.72309112548828
2012-08-30,60.11053466796875
2012-08-31,60.510040283203125
2012-09-04,60.4478645324707
2012-09-05,60.3857536315918
2012-09-06,61.72626495361328
2012-09-07,61.63749694824219
2012-09-10,60.847381591796875
2012-09-11,60.74973678588867
2012-09-12,60.927284240722656
2012-09-13,61.75288009643555
2012-09-14,62.30329513549805
2012-09-17,62.32996368408203
2012-09-18,62.383201599121094
2012-09-19,62.498634338378906
2012-09-20,62.43650817871094
2012-09-21,62.45429229736328
2012-09-24,62.08926010131836
2012-09-25,61.21677780151367
2012-09-26,60.71821975708008
2012-09-27,61.555118560791016
2012-09-28,61.04762649536133
2012-10-01,60.95857620239258
2012-10-02,61.13665771484375
2012-10-03,61.52838134765625
2012-10-04,61.742061614990234
2012-10-05,61.41263198852539
2012-10-08,60.851749420166016
2012-10-09,59.8813362121582
2012-10-10,59.57862854003906
2012-10-11,59.39166259765625
2012-10-12,59.364959716796875
2012-10-15,59.80119323730469
2012-10-16,60.646995544433594
2012-10-17,60.611366271972656
2012-10-18,59.90802764892578
2012-10-19,58.47468185424805
2012-10-22,58.7773551940918
2012-10-23,58.21647644042969
2012-10-24,58.01169204711914
2012-10-25,58.01169204711914
2012-10-26,58.180850982666016
2012-10-31,57.824737548828125
2012-11-01,58.64382553100586
2012-11-02,58.02061462402344
2012-11-05,58.40343475341797
2012-11-06,58.51028060913086
2012-11-07,57.13031005859375
2012-11-08,56.23109817504883
2012-11-09,56.47149658203125
2012-11-12,56.462589263916016
2012-11-13,56.07085418701172
2012-11-14,55.41203308105469
2012-11-15,55.22507095336914
2012-11-16,55.465450286865234
2012-11-19,56.7830924987793
2012-11-20,56.8009033203125
2012-11-21,56.91663360595703
2012-11-23,57.780242919921875
2012-11-26,58.02950668334961
2012-11-27,57.833641052246094
2012-11-28,58.33222198486328
2012-11-29,58.679447174072266
2012-11-30,58.58150100708008
2012-12-03,58.46577453613281
2012-12-04,58.430145263671875
2012-12-05,57.780242919921875
2012-12-06,58.1541633605957
2012-12-07,57.806949615478516
2012-12-10,57.976097106933594
2012-12-11,58.73284912109375
2012-12-12,58.60821533203125
2012-12-13,58.1452522277832
2012-12-14,57.59328079223633
2012-12-17,58.35892868041992
2012-12-18,59.24921417236328
2012-12-19,58.99103927612305
2012-12-20,58.99103927612305
2012-12-21,58.370628356933594
2012-12-24,58.25425338745117
2012-12-26,57.743934631347656
2012-12-27,57.6544075012207
2012-12-28,57.0993537902832
2012-12-31,58.30796432495117
2013-01-02,60.16112518310547
2013-01-03,59.84778594970703
2013-01-04,59.65083694458008
2013-01-07,59.668739318847656
2013-01-08,59.55234146118164
2013-01-09,59.77616882324219
2013-01-10,60.13425827026367
2013-01-11,60.214847564697266
2013-01-14,59.94627380371094
2013-01-15,59.65083694458008
2013-01-16,59.892555236816406
2013-01-17,60.17902374267578
2013-01-18,60.04475402832031
2013-01-22,60.143211364746094
2013-01-23,60.51028060913086
2013-01-24,59.67768478393555
2013-01-25,59.9820671081543
2013-01-28,60.11635971069336
2013-01-29,60.125335693359375
2013-01-30,59.999969482421875
2013-01-31,59.86568069458008
2013-02-01,60.572940826416016
2013-02-04,59.51657485961914
2013-02-05,60.393898010253906
2013-02-06,60.19694519042969
2013-02-07,60.25065231323242
2013-02-08,60.86836242675781
2013-02-11,60.88629150390625
2013-02-12,60.6356201171875
2013-02-13,60.8504753112793
2013-02-14,60.83256149291992
2013-02-15,60.65351867675781
2013-02-19,61.092193603515625
2013-02-20,60.15217971801758
2013-02-21,59.5075798034668
2013-02-22,60.10742950439453
2013-02-25,59.364356994628906
2013-02-26,59.588165283203125
2013-02-27,60.19694519042969
2013-02-28,60.07162094116211
2013-03-01,60.32224655151367
2013-03-04,60.59083938598633
2013-03-05,61.48612594604492
2013-03-06,61.333927154541016
2013-03-07,61.495025634765625
2013-03-08,61.5666618347168
2013-03-11,61.745750427246094
2013-03-12,61.52192687988281
2013-03-13,61.44134521484375
2013-03-14,61.647239685058594
2013-03-15,61.47585678100586
2013-03-18,61.341285705566406
2013-03-19,61.22460174560547
2013-03-20,61.65532302856445
2013-03-21,60.955406188964844
2013-03-22,61.547645568847656
2013-03-25,61.32332229614258
2013-03-26,61.65532302856445
2013-03-27,61.736106872558594
2013-03-28,61.88865280151367
2013-04-01,61.466888427734375
2013-04-02,61.951446533203125
2013-04-03,61.386131286621094
2013-04-04,61.40407180786133
2013-04-05,60.89259719848633
2013-04-08,61.215660095214844
2013-04-09,61.628421783447266
2013-04-10,62.83083724975586
2013-04-11,62.80389404296875
2013-04-12,62.75902557373047
2013-04-15,61.52070236206055
2013-04-16,62.33730697631836
2013-04-17,61.11693572998047
2013-04-18,60.27344512939453
2013-04-19,61.09896469116211
2013-04-22,61.72710418701172
2013-04-23,62.31935119628906
2013-04-24,62.29243087768555
2013-04-25,62.62443161010742
2013-04-26,62.42701721191406
2013-04-29,63.00133514404297
2013-04-30,63.458953857421875
2013-05-01,63.16285705566406
2013-05-02,63.96145248413086
2013-05-03,64.7151870727539
2013-05-06,64.96648406982422
2013-05-07,64.9305648803711
2013-05-08,65.2446060180664
2013-05-09,65.15489196777344
2013-05-10,65.54972839355469
2013-05-13,65.63047790527344
2013-05-14,65.97148895263672
2013-05-15,66.1060562133789
2013-05-16,66.03428649902344
2013-05-17,66.6713638305664
2013-05-20,66.57269287109375
2013-05-21,66.64446258544922
2013-05-22,66.06120300292969
2013-05-23,65.90864562988281
2013-05-24,65.87276458740234
2013-05-28,66.30347442626953
2013-05-29,65.98942565917969
2013-05-30,66.33935546875
2013-05-31,65.72920227050781
2013-06-03,65.84586334228516
2013-06-04,65.50487518310547
2013-06-05,64.65240478515625
2013-06-06,64.96648406982422
2013-06-07,65.85479736328125
2013-06-10,65.88175964355469
2013-06-11,65.22669219970703
2013-06-12,64.47294616699219
2013-06-13,65.28952026367188
2013-06-14,64.85881805419922
2013-06-17,65.48693084716797
2013-06-18,66.02532196044922
2013-06-19,65.28952026367188
2013-06-20,63.73713302612305
2013-06-21,63.398681640625
2013-06-24,62.7685546875
2013-06-25,63.227638244628906
2013-06-26,63.79473876953125
2013-06-27,64.06478881835938
2013-06-28,64.15480041503906
2013-07-01,64.55088806152344
2013-07-02,64.57788848876953
2013-07-03,64.83892822265625
2013-07-05,65.33403015136719
2013-07-08,65.39704132080078
2013-07-09,65.79309844970703
2013-07-10,66.1711654663086
2013-07-11,67.48540496826172
2013-07-12,67.7824935913086
2013-07-15,67.93549346923828
2013-07-16,67.84548950195312
2013-07-17,68.01648712158203
2013-07-18,67.84548950195312
2013-07-19,67.14336395263672
2013-07-22,67.34140014648438
2013-07-23,66.84630584716797
2013-07-24,67.06234741210938
2013-07-25,67.48540496826172
2013-07-26,67.84548950195312
2013-07-29,67.7194595336914
2013-07-30,68.07952880859375
2013-07-31,68.2055435180664
2013-08-01,68.8986587524414
2013-08-02,69.2857437133789
2013-08-05,69.33074951171875
2013-08-06,68.91667175292969
2013-08-07,68.7906723022461
2013-08-08,69.13272094726562
2013-08-09,68.8536605834961
2013-08-12,69.01568603515625
2013-08-13,69.40278625488281
2013-08-14,69.14173126220703
2013-08-15,67.97151947021484
2013-08-16,67.94448852539062
2013-08-19,67.82746887207031
2013-08-20,68.12455749511719
2013-08-21,67.89048767089844
2013-08-22,68.55660247802734
2013-08-23,69.01568603515625
2013-08-26,69.05171203613281
2013-08-27,67.63841247558594
2013-08-28,67.89949798583984
2013-08-29,68.3765869140625
2013-08-30,67.93549346923828
2013-09-03,68.32257843017578
2013-09-04,69.05171203613281
2013-09-05,69.1687240600586
2013-09-06,69.24974822998047
2013-09-09,70.05990600585938
2013-09-10,70.40196990966797
2013-09-11,70.2669448852539
2013-09-12,70.22193145751953
2013-09-13,70.2669448852539
2013-09-16,70.07791137695312
2013-09-17,70.54598999023438
2013-09-18,71.39212036132812
2013-09-19,71.56317138671875
2013-09-20,71.31758880615234
2013-09-23,71.1731185913086
2013-09-24,71.1731185913086
2013-09-25,70.9293441772461
2013-09-26,71.48009490966797
2013-09-27,71.38981628417969
2013-09-30,71.2182846069336
2013-10-01,71.94055938720703
2013-10-02,71.91346740722656
2013-10-03,71.07381439208984
2013-10-04,71.68778228759766
2013-10-07,71.09185028076172
2013-10-08,69.71949768066406
2013-10-09,69.50281524658203
2013-10-10,70.97450256347656
2013-10-11,71.53428649902344
2013-10-14,72.0398941040039
2013-10-15,71.76001739501953
2013-10-16,72.57259368896484
2013-10-17,72.98785400390625
2013-10-18,74.1706771850586
2013-10-21,74.33319091796875
2013-10-22,74.44148254394531
2013-10-23,73.99005889892578
2013-10-24,74.31511688232422
2013-10-25,74.8478012084961
2013-10-28,74.86583709716797
2013-10-29,74.99226379394531
2013-10-30,74.92002868652344
2013-10-31,74.74850463867188
2013-11-01,74.76655578613281
2013-11-04,74.87489318847656
2013-11-05,74.95613861083984
2013-11-06,74.9381103515625
2013-11-07,73.52962493896484
2013-11-08,74.52274322509766
2013-11-11,74.40534973144531
2013-11-12,74.52274322509766
2013-11-13,75.4256362915039
2013-11-14,75.6603775024414
2013-11-15,75.80484771728516
2013-11-18,75.06449127197266
2013-11-19,74.8478012084961
2013-11-20,74.66722869873047
2013-11-21,75.4256362915039
2013-11-22,75.8318862915039
2013-11-25,76.01249694824219
2013-11-26,76.4097671508789
2013-11-27,76.9424819946289
2013-11-29,77.40292358398438
2013-12-02,77.1772232055664
2013-12-03,77.1139907836914
2013-12-04,77.18621826171875
2013-12-05,77.0868911743164
2013-12-06,77.6467056274414
2013-12-09,77.9626693725586
2013-12-10,77.90853881835938
2013-12-11,76.90633392333984
2013-12-12,76.70770263671875
2013-12-13,76.60840606689453
2013-12-16,77.03274536132812
2013-12-17,76.87932586669922
2013-12-18,77.77308654785156
2013-12-19,77.55641174316406
2013-12-20,78.34622955322266
2013-12-23,79.1704330444336
2013-12-24,79.20664978027344
2013-12-26,79.46930694580078
2013-12-27,79.2700424194336
2013-12-30,79.15229034423828
2013-12-31,79.66857147216797
2014-01-02,79.04359436035156
2014-01-03,78.47299194335938
2014-01-06,78.18319702148438
2014-01-07,78.90776062011719
2014-01-08,79.07987213134766
2014-01-09,78.8171615600586
2014-01-10,79.0708236694336
2014-01-13,77.90238189697266
2014-01-14,79.38783264160156
2014-01-15,80.03996276855469
2014-01-16,80.04899597167969
2014-01-17,79.59612274169922
2014-01-21,80.20298767089844
2014-01-22,80.41129302978516
2014-01-23,80.13958740234375
2014-01-24,78.56359100341797
2014-01-27,77.80276489257812
2014-01-28,77.75748443603516
2014-01-29,76.92418670654297
2014-01-30,78.34622955322266
2014-01-31,78.13787841796875
2014-02-03,76.34453582763672
2014-02-04,76.90611267089844
2014-02-05,76.70683288574219
2014-02-06,77.68504333496094
2014-02-07,79.0708236694336
2014-02-10,79.52368927001953
2014-02-11,80.42942810058594
2014-02-12,80.58338928222656
2014-02-13,81.18116760253906
2014-02-14,81.34420776367188
2014-02-18,81.74272155761719
2014-02-19,81.18116760253906
2014-02-20,81.56158447265625
2014-02-21,81.452880859375
2014-02-24,81.88763427734375
2014-02-25,81.79706573486328
2014-02-26,81.72459411621094
2014-02-27,82.25484466552734
2014-02-28,82.16393280029297
2014-03-03,81.55452728271484
2014-03-04,82.59136199951172
2014-03-05,82.8187484741211
2014-03-06,82.74595642089844
2014-03-07,82.33670043945312
2014-03-10,82.40945434570312
2014-03-11,82.05477142333984
2014-03-12,82.36398315429688
2014-03-13,81.19982147216797
2014-03-14,80.64505767822266
2014-03-17,81.35445404052734
2014-03-18,82.33670043945312
2014-03-19,81.89106750488281
2014-03-20,82.11842346191406
2014-03-21,81.13027954101562
2014-03-24,80.41924285888672
2014-03-25,80.68358612060547
2014-03-26,79.64440155029297
2014-03-27,79.19772338867188
2014-03-28,79.35272216796875
2014-03-31,79.91790008544922
2014-04-01,81.32174682617188
2014-04-02,81.53138732910156
2014-04-03,80.88414764404297
2014-04-04,78.73286437988281
2014-04-07,77.9853515625
2014-04-08,78.7054672241211
2014-04-09,80.05462646484375
2014-04-10,77.57511901855469
2014-04-11,76.67266082763672
2014-04-14,77.27432250976562
2014-04-15,77.52955627441406
2014-04-16,78.55961608886719
2014-04-17,78.5778579711914
2014-04-21,79.1612777709961
2014-04-22,79.79022216796875
2014-04-23,79.08836364746094
2014-04-24,79.84492492675781
2014-04-25,78.5687484741211
2014-04-28,78.82398986816406
2014-04-29,79.45296478271484
2014-04-30,79.66264343261719
2014-05-01,79.899658203125
2014-05-02,79.75381469726562
2014-05-05,80.17313385009766
2014-05-06,79.13397216796875
2014-05-07,78.9060287475586
2014-05-08,78.83307647705078
2014-05-09,79.12479400634766
2014-05-12,80.42837524414062
2014-05-13,80.48308563232422
2014-05-14,80.06372833251953
2014-05-15,79.43475341796875
2014-05-16,79.95433807373047
2014-05-19,80.5103759765625
2014-05-20,80.21870422363281
2014-05-21,80.98442840576172
2014-05-22,81.33995056152344
2014-05-23,81.93241882324219
2014-05-27,82.95341491699219
2014-05-28,82.69819641113281
2014-05-29,83.22691345214844
2014-05-30,83.23602294921875
2014-06-02,83.15401458740234
2014-06-03,83.1175308227539
2014-06-04,83.4274673461914
2014-06-05,84.12936401367188
2014-06-06,84.61250305175781
2014-06-09,84.54867553710938
2014-06-10,84.6945571899414
2014-06-11,84.67630004882812
2014-06-12,83.91058349609375
2014-06-13,84.15672302246094
2014-06-16,84.22962951660156
2014-06-17,84.27519989013672
2014-06-18,84.74919128417969
2014-06-19,84.6945571899414
2014-06-20,84.79412841796875
2014-06-23,84.81245422363281
2014-06-24,84.73018646240234
2014-06-25,85.26948547363281
2014-06-26,85.31517028808594
2014-06-27,85.68991088867188
2014-06-30,85.83613586425781
2014-07-01,86.777587890625
2014-07-02,86.92385864257812
2014-07-03,87.47223663330078
2014-07-07,87.20720672607422
2014-07-08,86.15605163574219
2014-07-09,86.7959213256836
2014-07-10,86.52169036865234
2014-07-11,87.07921600341797
2014-07-14,87.60025024414062
2014-07-15,87.29861450195312
2014-07-16,87.64593505859375
2014-07-17,86.4851303100586
2014-07-18,87.85616302490234
2014-07-21,87.74646759033203
2014-07-22,88.30403900146484
2014-07-23,88.8707275390625
2014-07-24,88.77017974853516
2014-07-25,88.42285919189453
2014-07-28,88.4502944946289
2014-07-29,88.29489135742188
2014-07-30,88.64224243164062
2014-07-31,86.85072326660156
2014-08-01,86.53081512451172
2014-08-04,87.12493896484375
2014-08-05,86.45767974853516
2014-08-06,86.39369201660156
2014-08-07,86.11949920654297
2014-08-08,86.74104309082031
2014-08-11,87.25289916992188
2014-08-12,87.21631622314453
2014-08-13,88.13948059082031
2014-08-14,88.59648895263672
2014-08-15,89.02611541748047
2014-08-18,89.71162414550781
2014-08-19,90.21432495117188
2014-08-20,90.21432495117188
2014-08-21,90.39714050292969
2014-08-22,90.53424072265625
2014-08-25,90.85417175292969
2014-08-26,90.94554901123047
2014-08-27,90.96383666992188
2014-08-28,90.86328125
2014-08-29,91.20150756835938
2014-09-02,91.46659088134766
2014-09-03,90.92729949951172
2014-09-04,90.84502410888672
2014-09-05,91.30203247070312
2014-09-08,91.4757080078125
2014-09-09,90.71703338623047
2014-09-10,91.46659088134766
2014-09-11,91.39344024658203
2014-09-12,90.92729949951172
2014-09-15,90.0498046875
2014-09-16,90.83588409423828
2014-09-17,90.97296142578125
2014-09-18,91.65850067138672
2014-09-19,91.6017074584961
2014-09-22,90.74961853027344
2014-09-23,90.50228118896484
2014-09-24,91.4734115600586
2014-09-25,89.5494384765625
2014-09-26,90.50228118896484
2014-09-29,90.38314819335938
2014-09-30,90.51141357421875
2014-10-01,89.0638198852539
2014-10-02,89.0638198852539
2014-10-03,89.94336700439453
2014-10-06,89.75096130371094
2014-10-07,88.47744750976562
2014-10-08,90.19988250732422
2014-10-09,88.7431411743164
2014-10-10,86.52593994140625
2014-10-13,85.16995239257812
2014-10-14,85.17913055419922
2014-10-15,84.62938690185547
2014-10-16,84.09803009033203
2014-10-17,85.2065658569336
2014-10-20,86.48013305664062
2014-10-21,88.7523193359375
2014-10-22,88.294189453125
2014-10-23,89.62269592285156
2014-10-24,90.35567474365234
2014-10-27,90.41980743408203
2014-10-28,91.7849349975586
2014-10-29,91.4459228515625
2014-10-30,91.6383285522461
2014-10-31,92.90269470214844
2014-11-03,93.17753601074219
2014-11-04,92.86604309082031
2014-11-05,92.87523651123047
2014-11-06,93.16838073730469
2014-11-07,93.0859375
2014-11-10,93.415771484375
2014-11-11,93.70897674560547
2014-11-12,93.87386322021484
2014-11-13,94.2770004272461
2014-11-14,94.57018280029297
2014-11-17,94.28616333007812
2014-11-18,94.99166870117188
2014-11-19,94.56103515625
2014-11-20,94.98246002197266
2014-11-21,95.16570281982422
2014-11-24,95.90782928466797
2014-11-25,96.05445098876953
2014-11-26,96.67744445800781
2014-11-28,97.12638092041016
2014-12-01,96.02694702148438
2014-12-02,96.41172790527344
2014-12-03,96.5858154296875
2014-12-04,96.5400161743164
2014-12-05,96.54915618896484
2014-12-08,95.86199188232422
2014-12-09,96.16437530517578
2014-12-10,94.65262603759766
2014-12-11,95.10157775878906
2014-12-12,94.06625366210938
2014-12-15,93.09510040283203
2014-12-16,91.6017074584961
2014-12-17,93.2691879272461
2014-12-18,95.5138931274414
2014-12-19,95.93413543701172
2014-12-22,96.1732406616211
2014-12-23,95.83294677734375
2014-12-24,95.91574096679688
2014-12-26,96.59624481201172
2014-12-29,96.57783508300781
2014-12-30,95.93413543701172
2014-12-31,94.95014190673828
2015-01-02,94.66506958007812
2015-01-05,93.27645874023438
2015-01-06,92.02578735351562
2015-01-07,93.21208190917969
2015-01-08,94.99615478515625
2015-01-09,94.37078094482422
2015-01-12,93.38678741455078
2015-01-13,93.35921478271484
2015-01-14,92.8442153930664
2015-01-15,91.63951873779297
2015-01-16,92.71546173095703
2015-01-20,93.45118713378906
2015-01-21,93.92937469482422
2015-01-22,95.66746520996094
2015-01-23,95.87895965576172
2015-01-26,95.76860809326172
2015-01-27,93.28563690185547
2015-01-28,92.80744934082031
2015-01-29,93.69945526123047
2015-01-30,92.97297668457031
2015-02-02,93.78221893310547
2015-02-03,94.6834487915039
2015-02-04,94.6006851196289
2015-02-05,95.4191665649414
2015-02-06,94.83976745605469
2015-02-09,94.53633117675781
2015-02-10,96.00769805908203
2015-02-11,96.3571548461914
2015-02-12,97.47908782958984
2015-02-13,98.31593322753906
2015-02-17,98.40792083740234
2015-02-18,98.54583740234375
2015-02-19,99.0332260131836
2015-02-20,99.69538116455078
2015-02-23,99.79650115966797
2015-02-24,99.87010192871094
2015-02-25,99.62177276611328
2015-02-26,100.1275634765625
2015-02-27,99.68614959716797
2015-03-02,100.58736419677734
2015-03-03,100.11837005615234
2015-03-04,99.73214721679688
2015-03-05,99.90687561035156
2015-03-06,98.77574157714844
2015-03-09,99.06079864501953
2015-03-10,97.22157287597656
2015-03-11,96.66063690185547
2015-03-12,97.295166015625
2015-03-13,96.87216186523438
2015-03-16,98.12281036376953
2015-03-17,98.27914428710938
2015-03-18,99.24474334716797
2015-03-19,99.39188385009766
2015-03-20,100.03523254394531
2015-03-23,99.8416976928711
2015-03-24,99.4822006225586
2015-03-25,97.20553588867188
2015-03-26,96.87374114990234
2015-03-27,97.26083374023438
2015-03-30,98.37612915039062
2015-03-31,97.33456420898438
2015-04-01,96.82762908935547
2015-04-02,96.89215087890625
2015-04-06,97.68485260009766
2015-04-07,97.51893615722656
2015-04-08,98.2931900024414
2015-04-09,98.91073608398438
2015-04-10,99.31627655029297
2015-04-13,99.06745147705078
2015-04-14,98.78170013427734
2015-04-15,99.39924621582031
2015-04-16,99.2610092163086
2015-04-17,97.7125015258789
2015-04-20,99.17805480957031
2015-04-21,99.60201263427734
2015-04-22,100.1458740234375
2015-04-23,100.52373504638672
2015-04-24,101.8879165649414
2015-04-27,101.62982940673828
2015-04-28,101.42704010009766
2015-04-29,100.79106903076172
2015-04-30,99.2057113647461
2015-05-01,100.51457214355469
2015-05-04,100.68048095703125
2015-05-05,99.03975677490234
2015-05-06,98.3576889038086
2015-05-07,98.94759368896484
2015-05-08,100.18273162841797
2015-05-11,99.79560089111328
2015-05-12,99.34394836425781
2015-05-13,99.54674530029297
2015-05-14,101.0030517578125
2015-05-15,101.0030517578125
2015-05-18,101.44551086425781
2015-05-19,101.33488464355469
2015-05-20,101.39939880371094
2015-05-21,101.92476654052734
2015-05-22,101.82339477539062
2015-05-26,100.6528091430664
2015-05-27,102.27505493164062
2015-05-28,102.04460144042969
2015-05-29,101.436279296875
2015-06-01,101.7773208618164
2015-06-02,101.45471954345703
2015-06-03,101.75887298583984
2015-06-04,100.98463439941406
2015-06-05,100.74497985839844
2015-06-08,99.72188568115234
2015-06-09,99.55596160888672
2015-06-10,100.92012023925781
2015-06-11,101.06758117675781
2015-06-12,100.23802947998047
2015-06-15,99.74031066894531
2015-06-16,100.28412628173828
2015-06-17,100.56062316894531
2015-06-18,102.02618408203125
2015-06-19,101.52177429199219
2015-06-22,102.27008056640625
2015-06-23,102.35322570800781
2015-06-24,101.8266372680664
2015-06-25,101.62339782714844
2015-06-26,100.94898986816406
2015-06-29,98.56544494628906
2015-06-30,98.91651916503906
2015-07-01,99.70178985595703
2015-07-02,99.72947692871094
2015-07-06,99.49855041503906
2015-07-07,99.74799346923828
2015-07-08,98.01112365722656
2015-07-09,97.95571899414062
2015-07-10,99.45235443115234
2015-07-13,101.19841003417969
2015-07-14,101.86357879638672
2015-07-15,101.97445678710938
2015-07-16,103.41565704345703
2015-07-17,104.94001770019531
2015-07-20,105.30030822753906
2015-07-21,105.23564147949219
2015-07-22,104.04386901855469
2015-07-23,103.6558609008789
2015-07-24,102.63964080810547
2015-07-27,101.7896728515625
2015-07-28,102.66735076904297
2015-07-29,103.05535125732422
2015-07-30,103.54501342773438
2015-07-31,103.42485046386719
2015-08-03,103.10154724121094
2015-08-04,102.90753173828125
2015-08-05,103.70203399658203
2015-08-06,102.03913116455078
2015-08-07,101.90975952148438
2015-08-10,103.07384490966797
2015-08-11,101.75274658203125
2015-08-12,102.10377502441406
2015-08-13,101.93748474121094
2015-08-14,102.09455108642578
2015-08-17,102.94450378417969
2015-08-18,102.41789245605469
2015-08-19,101.74348449707031
2015-08-20,98.9257583618164
2015-08-21,94.60214233398438
2015-08-24,90.962158203125
2015-08-25,90.62034606933594
2015-08-26,95.18413543701172
2015-08-27,97.59541320800781
2015-08-28,97.57694244384766
2015-08-31,96.3666763305664
2015-09-01,93.35492706298828
2015-09-02,95.98793029785156
2015-09-03,95.5167465209961
2015-09-04,94.38041687011719
2015-09-08,97.04109954833984
2015-09-09,95.9509506225586
2015-09-10,96.9948959350586
2015-09-11,97.53075408935547
2015-09-14,97.23509979248047
2015-09-15,98.38067626953125
2015-09-16,98.93498992919922
2015-09-17,98.971923828125
2015-09-18,97.56426239013672
2015-09-21,97.86990356445312
2015-09-22,96.40662384033203
2015-09-23,96.48072814941406
2015-09-24,96.12883758544922
2015-09-25,95.3138656616211
2015-09-28,92.60039520263672
2015-09-29,92.11884307861328
2015-09-30,94.23961639404297
2015-10-01,94.66558837890625
2015-10-02,96.32328033447266
2015-10-05,97.70321655273438
2015-10-06,97.2401351928711
2015-10-07,97.82360076904297
2015-10-08,98.21256256103516
2015-10-09,98.65706634521484
2015-10-12,98.89783477783203
2015-10-13,98.25884246826172
2015-10-14,98.10140991210938
2015-10-15,99.71281433105469
2015-10-16,100.12959289550781
2015-10-19,100.70374298095703
2015-10-20,100.1851577758789
2015-10-21,99.5738754272461
2015-10-22,101.60204315185547
2015-10-23,104.4451904296875
2015-10-26,104.50999450683594
2015-10-27,104.7229995727539
2015-10-28,105.59352111816406
2015-10-29,105.42681121826172
2015-10-30,104.95452880859375
2015-11-02,106.13995361328125
2015-11-03,106.51036834716797
2015-11-04,106.51962280273438
2015-11-05,106.2325439453125
2015-11-06,106.30664825439453
2015-11-09,105.17681121826172
2015-11-10,104.9082260131836
2015-11-11,104.778564453125
2015-11-12,103.75987243652344
2015-11-13,101.72244262695312
2015-11-16,103.18567657470703
2015-11-17,103.2505111694336
2015-11-18,105.23236083984375
2015-11-19,105.3064193725586
2015-11-20,106.01954650878906
2015-11-23,105.71391296386719
2015-11-24,105.62133026123047
2015-11-25,105.71391296386719
2015-11-27,105.86209869384766
2015-11-30,105.59352111816406
2015-12-01,106.64927673339844
2015-12-02,105.99173736572266
2015-12-03,104.19513702392578
2015-12-04,106.63075256347656
2015-12-07,106.14921569824219
2015-12-08,106.158447265625
2015-12-09,104.54705047607422
2015-12-10,105.01934814453125
2015-12-11,102.60226440429688
2015-12-14,103.38017272949219
2015-12-15,104.0099105834961
2015-12-16,105.55650329589844
2015-12-17,104.0191650390625
2015-12-18,102.0238265991211
2015-12-21,103.15713500976562
2015-12-22,103.83518981933594
2015-12-23,104.60624694824219
2015-12-24,104.58766174316406
2015-12-28,104.53193664550781
2015-12-29,106.1761474609375
2015-12-30,105.21932983398438
2015-12-31,103.9095458984375
2016-01-04,101.71730041503906
2016-01-05,101.54080200195312
2016-01-06,100.56543731689453
2016-01-07,97.41637420654297
2016-01-08,96.61751556396484
2016-01-11,96.9147720336914
2016-01-12,98.03873443603516
2016-01-13,94.65744018554688
2016-01-14,96.67321014404297
2016-01-15,93.67279815673828
2016-01-19,93.87716674804688
2016-01-20,93.58921813964844
2016-01-21,93.68206024169922
2016-01-22,96.39456176757812
2016-01-25,94.96401977539062
2016-01-26,95.81864166259766
2016-01-27,93.43131256103516
2016-01-28,94.75035858154297
2016-01-29,96.72895812988281
2016-02-01,96.98907470703125
2016-02-02,94.88970947265625
2016-02-03,94.43453216552734
2016-02-04,94.42524719238281
2016-02-05,91.14611053466797
2016-02-08,89.75272369384766
2016-02-09,89.47406005859375
2016-02-10,89.81778717041016
2016-02-11,89.6877212524414
2016-02-12,91.05321502685547
2016-02-16,93.10615539550781
2016-02-17,95.21482849121094
2016-02-18,94.12799835205078
2016-02-19,94.40663146972656
2016-02-22,95.93937683105469
2016-02-23,94.36022186279297
2016-02-24,95.2612533569336
2016-02-25,96.19947052001953
2016-02-26,96.07870483398438
2016-02-29,95.21482849121094
2016-03-01,98.27098846435547
2016-03-02,98.30811309814453
2016-03-03,98.12235260009766
2016-03-04,98.15951538085938
2016-03-07,97.55572509765625
2016-03-08,96.74752044677734
2016-03-09,97.36991119384766
2016-03-10,97.2213134765625
2016-03-11,98.92121887207031
2016-03-14,99.08842468261719
2016-03-15,99.0512924194336
2016-03-16,99.93376159667969
2016-03-17,99.87802124023438
2016-03-18,100.03453826904297
2016-03-21,100.42584228515625
2016-03-22,100.73328399658203
2016-03-23,99.90409851074219
2016-03-24,99.93208312988281
2016-03-28,99.79228210449219
2016-03-29,101.39478302001953
2016-03-30,101.88858032226562
2016-03-31,101.73951721191406
2016-04-01,102.82025146484375
2016-04-04,102.428955078125
2016-04-05,101.44139099121094
2016-04-06,103.10908508300781
2016-04-07,101.62772369384766
2016-04-08,101.55316162109375
2016-04-11,101.18050384521484
2016-04-12,102.02832794189453
2016-04-13,103.33270263671875
2016-04-14,103.34201049804688
2016-04-15,103.08114624023438
2016-04-18,103.63082885742188
2016-04-19,102.99729919433594
2016-04-20,103.08114624023438
2016-04-21,103.09043884277344
2016-04-22,101.5345458984375
2016-04-25,101.5345458984375
2016-04-26,101.04074096679688
2016-04-27,100.23019409179688
2016-04-28,99.01899719238281
2016-04-29,98.49728393554688
2016-05-02,99.42893981933594
2016-05-03,98.50660705566406
2016-05-04,97.87303924560547
2016-05-05,97.8450927734375
2016-05-06,98.3668212890625
2016-05-09,98.64632415771484
2016-05-10,99.99726867675781
2016-05-11,99.09353637695312
2016-05-12,98.65565490722656
2016-05-13,98.29229736328125
2016-05-16,99.52213287353516
2016-05-17,98.27366638183594
2016-05-18,98.62772369384766
2016-05-19,98.11528015136719
2016-05-20,99.19603729248047
2016-05-23,99.06559753417969
2016-05-24,101.05006408691406
2016-05-25,101.77678680419922
2016-05-26,102.07494354248047
2016-05-27,102.60597229003906
2016-05-31,102.80160522460938
2016-06-01,102.81095123291016
2016-06-02,103.02523040771484
2016-06-03,102.54075622558594
2016-06-06,102.91343688964844
2016-06-07,102.65254211425781
2016-06-08,102.82959747314453
2016-06-09,102.66188049316406
2016-06-10,101.49727630615234
2016-06-13,100.64945983886719
2016-06-14,100.64945983886719
2016-06-15,100.36064147949219
2016-06-16,100.65876770019531
2016-06-17,99.4789047241211
2016-06-20,100.10481262207031
2016-06-21,100.42241668701172
2016-06-22,100.17953491210938
2016-06-23,101.60881042480469
2016-06-24,97.42375946044922
2016-06-27,95.49005126953125
2016-06-28,97.58257293701172
2016-06-29,99.31075286865234
2016-06-30,100.45978546142578
2016-07-01,100.9642333984375
2016-07-05,100.34769439697266
2016-07-06,101.16973876953125
2016-07-07,101.46868133544922
2016-07-08,103.0380630493164
2016-07-11,103.62661743164062
2016-07-12,104.14972686767578
2016-07-13,103.89752197265625
2016-07-14,104.60746765136719
2016-07-15,104.43929290771484
2016-07-18,105.1305923461914
2016-07-19,104.74757385253906
2016-07-20,105.97132873535156
2016-07-21,105.72846984863281
2016-07-22,106.16753387451172
2016-07-25,106.17687225341797
2016-07-26,106.29829406738281
2016-07-27,107.0362777709961
2016-07-28,107.40997314453125
2016-07-29,107.64349365234375
2016-08-01,108.21333312988281
2016-08-02,107.39126586914062
2016-08-03,107.74625396728516
2016-08-04,108.05451202392578
2016-08-05,109.09144592285156
2016-08-08,108.97000885009766
2016-08-09,109.22221374511719
2016-08-10,108.94197082519531
2016-08-11,109.40904235839844
2016-08-12,109.4837875366211
2016-08-15,109.95088195800781
2016-08-16,109.34368896484375
2016-08-17,109.53982543945312
2016-08-18,109.56787872314453
2016-08-19,109.53982543945312
2016-08-22,109.62391662597656
2016-08-23,109.82008361816406
2016-08-24,109.11009979248047
2016-08-25,108.93264770507812
2016-08-26,109.09144592285156
2016-08-29,109.24092864990234
2016-08-30,108.88591766357422
2016-08-31,108.77384185791016
2016-09-01,109.05409240722656
2016-09-02,109.40904235839844
2016-09-06,110.09099578857422
2016-09-07,110.1563949584961
2016-09-08,109.5118179321289
2016-09-09,106.75603485107422
2016-09-12,108.67107391357422
2016-09-13,107.69954681396484
2016-09-14,108.21333312988281
2016-09-15,109.89482879638672
2016-09-16,109.84239196777344
2016-09-19,109.3647689819336
2016-09-20,109.57080078125
2016-09-21,110.64777374267578
2016-09-22,111.52806854248047
2016-09-23,110.81635284423828
2016-09-26,109.88920593261719
2016-09-27,110.97557830810547
2016-09-28,111.162841796875
2016-09-29,110.35743713378906
2016-09-30,111.18157196044922
2016-10-03,111.02238464355469
2016-10-04,110.85379791259766
2016-10-05,111.24714660644531
2016-10-06,111.1909408569336
2016-10-07,110.94747924804688
2016-10-10,111.64985656738281
2016-10-11,110.05777740478516
2016-10-12,109.96412658691406
2016-10-13,109.57080078125
2016-10-14,109.70191192626953
2016-10-17,109.40222930908203
2016-10-18,110.3761978149414
2016-10-19,110.3668212890625
2016-10-20,110.2356948852539
2016-10-21,110.64777374267578
2016-10-24,111.97760009765625
2016-10-25,111.62174987792969
2016-10-26,110.86316680908203
2016-10-27,110.35743713378906
2016-10-28,109.66443634033203
2016-10-31,109.56140899658203
2016-11-01,108.73728942871094
2016-11-02,107.86636352539062
2016-11-03,106.80811309814453
2016-11-04,106.43352508544922
2016-11-07,108.96206665039062
2016-11-08,109.673828125
2016-11-09,110.1795425415039
2016-11-10,108.40017700195312
2016-11-11,108.4469985961914
2016-11-14,107.35128784179688
2016-11-15,108.84032440185547
2016-11-16,109.48651885986328
2016-11-17,110.28253936767578
2016-11-18,109.87049102783203
2016-11-21,111.01303100585938
2016-11-22,111.35015106201172
2016-11-23,110.9006576538086
2016-11-25,111.25650024414062
2016-11-28,111.00363159179688
2016-11-29,111.38761138916016
2016-11-30,110.03903198242188
2016-12-01,108.13793182373047
2016-12-02,108.35333251953125
2016-12-05,109.19618225097656
2016-12-06,109.45841217041016
2016-12-07,110.84443664550781
2016-12-08,111.04109191894531
2016-12-09,111.91204071044922
2016-12-12,111.40631866455078
2016-12-13,112.81108093261719
2016-12-14,112.57696533203125
2016-12-15,112.75492095947266
2016-12-16,112.3369369506836
2016-12-19,112.79717254638672
2016-12-20,113.22924041748047
2016-12-21,113.14469146728516
2016-12-22,112.8253402709961
2016-12-23,112.9004898071289
2016-12-27,113.48287200927734
2016-12-28,112.59992980957031
2016-12-29,112.44024658203125
2016-12-30,111.28494262695312
2017-01-03,112.28057861328125
2017-01-04,112.89110565185547
2017-01-05,113.52979278564453
2017-01-06,114.52544403076172
2017-01-09,114.9011459350586
2017-01-10,115.15473937988281
2017-01-11,115.46469116210938
2017-01-12,115.2862319946289
2017-01-13,115.68075561523438
2017-01-17,115.33320617675781
2017-01-18,115.56802368164062
2017-01-19,115.51168823242188
2017-01-20,115.76529693603516
2017-01-23,115.85919952392578
2017-01-24,116.6387710571289
2017-01-25,117.81290435791016
2017-01-26,117.93498229980469
2017-01-27,118.16040802001953
2017-01-30,117.23992156982422
2017-01-31,117.00508880615234
2017-02-01,117.81290435791016
2017-02-02,117.70956420898438
2017-02-03,118.04771423339844
2017-02-06,118.1885986328125
2017-02-07,118.62065124511719
2017-02-08,118.81791687011719
2017-02-09,119.24994659423828
2017-02-10,119.64446258544922
2017-02-13,120.32076263427734
2017-02-14,120.72464752197266
2017-02-15,121.4384765625
2017-02-16,121.40088653564453
2017-02-17,121.92688751220703
2017-02-21,122.5280532836914
2017-02-22,122.57500457763672
2017-02-23,122.11475372314453
2017-02-24,122.34955596923828
2017-02-27,122.49983978271484
2017-02-28,122.12413787841797
2017-03-01,123.4579086303711
2017-03-02,122.83799743652344
2017-03-03,123.06343078613281
2017-03-06,122.79103088378906
2017-03-07,122.5843734741211
2017-03-08,122.80042266845703
2017-03-09,122.89434051513672
2017-03-10,123.41096496582031
2017-03-13,123.61759185791016
2017-03-14,123.31702423095703
2017-03-15,124.0778579711914
2017-03-16,123.99330139160156
2017-03-17,123.95000457763672
2017-03-20,124.06295776367188
2017-03-21,122.18049621582031
2017-03-22,123.0087661743164
2017-03-23,122.69815826416016
2017-03-24,122.95230865478516
2017-03-27,123.14994812011719
2017-03-28,123.9029312133789
2017-03-29,124.47708129882812
2017-03-30,124.6841812133789
2017-03-31,124.59941101074219
2017-04-03,124.524169921875
2017-04-04,124.72180938720703
2017-04-05,124.21351623535156
2017-04-06,124.27944946289062
2017-04-07,124.21351623535156
2017-04-10,124.26057434082031
2017-04-11,123.72410583496094
2017-04-12,123.22527313232422
2017-04-13,122.73582458496094
2017-04-17,123.75232696533203
2017-04-18,123.5640640258789
2017-04-19,123.76176452636719
2017-04-20,124.7970962524414
2017-04-21,124.76885986328125
2017-04-24,126.2747802734375
2017-04-25,127.18785095214844
2017-04-26,127.00900268554688
2017-04-27,127.77134704589844
2017-04-28,127.99727630615234
2017-05-01,129.1361541748047
2017-05-02,129.35264587402344
2017-05-03,128.9385223388672
2017-05-04,128.9855499267578
2017-05-05,129.45616149902344
2017-05-08,129.73855590820312
2017-05-09,130.19033813476562
2017-05-10,130.265625
2017-05-11,130.16209411621094
2017-05-12,130.45384216308594
2017-05-15,130.86801147460938
2017-05-16,131.41390991210938
2017-05-17,128.07257080078125
2017-05-18,129.192626953125
2017-05-19,129.73855590820312
2017-05-22,130.83030700683594
2017-05-23,130.96212768554688
2017-05-24,131.5644989013672
2017-05-25,132.6845703125
2017-05-26,132.91990661621094
2017-05-30,133.03282165527344
2017-05-31,132.9857940673828
2017-06-01,133.50340270996094
2017-06-02,135.02821350097656
2017-06-05,134.99998474121094
2017-06-06,134.46348571777344
2017-06-07,134.9905548095703
2017-06-08,135.13182067871094
2017-06-09,131.75274658203125
2017-06-12,131.0468292236328
2017-06-13,132.11041259765625
2017-06-14,131.53628540039062
2017-06-15,130.95269775390625
2017-06-16,130.38458251953125
2017-06-19,132.56472778320312
2017-06-20,131.52659606933594
2017-06-21,132.82894897460938
2017-06-22,132.79122924804688
2017-06-23,133.30088806152344
2017-06-26,132.6779022216797
2017-06-27,130.2712860107422
2017-06-28,132.14938354492188
2017-06-29,129.8560028076172
2017-06-30,129.90321350097656
2017-07-03,128.53475952148438
2017-07-05,129.79934692382812
2017-07-06,128.6291046142578
2017-07-07,130.01646423339844
2017-07-10,130.8659210205078
2017-07-11,131.23397827148438
2017-07-12,132.79122924804688
2017-07-13,133.0838165283203
2017-07-14,134.1314239501953
2017-07-17,134.1974334716797
2017-07-18,135.09408569335938
2017-07-19,135.8868408203125
2017-07-20,136.06617736816406
2017-07-21,136.00949096679688
2017-07-24,136.6324920654297
2017-07-25,136.2832489013672
2017-07-26,136.72686767578125
2017-07-27,135.86802673339844
2017-07-28,135.75473022460938
2017-07-31,135.1790008544922
2017-08-01,135.49044799804688
2017-08-02,135.85848999023438
2017-08-03,135.32998657226562
2017-08-04,135.57542419433594
2017-08-07,136.4342803955078
2017-08-08,136.1982879638672
2017-08-09,136.0189971923828
2017-08-10,133.10269165039062
2017-08-11,134.11253356933594
2017-08-14,135.8396759033203
2017-08-15,135.93408203125
2017-08-16,136.17002868652344
2017-08-17,133.3858184814453
2017-08-18,133.2914276123047
2017-08-21,133.1215362548828
2017-08-22,135.15065002441406
2017-08-23,134.6693572998047
2017-08-24,134.27301025390625
2017-08-25,133.9898681640625
2017-08-28,134.40505981445312
2017-08-29,134.93362426757812
2017-08-30,136.51919555664062
2017-08-31,137.98208618164062
2017-09-01,137.7933349609375
2017-09-05,136.5569610595703
2017-09-06,136.9722137451172
2017-09-07,137.29312133789062
2017-09-08,136.1039276123047
2017-09-11,137.67062377929688
2017-09-12,138.00094604492188
2017-09-13,138.18972778320312
2017-09-14,137.3780059814453
2017-09-15,137.84991455078125
2017-09-18,137.6692657470703
2017-09-19,137.9057159423828
2017-09-20,137.48011779785156
2017-09-21,136.63829040527344
2017-09-22,136.5059051513672
2017-09-25,135.06817626953125
2017-09-26,135.41815185546875
2017-09-27,136.63829040527344
2017-09-28,136.5909881591797
2017-09-29,137.57472229003906
2017-10-02,137.6976776123047
2017-10-03,137.9908447265625
2017-10-04,138.12326049804688
2017-10-05,139.47589111328125
2017-10-06,139.66500854492188
2017-10-09,139.50428771972656
2017-10-10,139.6082763671875
2017-10-11,140.0244598388672
2017-10-12,139.7690887451172
2017-10-13,140.3082275390625
2017-10-16,140.7906036376953
2017-10-17,140.97030639648438
2017-10-18,140.80007934570312
2017-10-19,140.27981567382812
2017-10-20,140.658203125
2017-10-23,139.74070739746094
2017-10-24,139.97715759277344
2017-10-25,139.44749450683594
2017-10-26,139.00291442871094
2017-10-27,143.05123901367188
2017-10-30,143.3727569580078
2017-10-31,143.9119110107422
2017-11-01,143.86460876464844
2017-11-02,143.59034729003906
2017-11-03,144.9712677001953
2017-11-06,145.46311950683594
2017-11-07,145.5482635498047
2017-11-08,146.1346893310547
2017-11-09,145.36856079101562
2017-11-10,145.35910034179688
2017-11-13,145.53878784179688
2017-11-14,145.00912475585938
2017-11-15,144.32809448242188
2017-11-16,146.17250061035156
2017-11-17,145.6144561767578
2017-11-20,145.50096130371094
2017-11-21,147.08053588867188
2017-11-22,147.2602996826172
2017-11-24,147.79937744140625
2017-11-27,147.73321533203125
2017-11-28,148.11148071289062
2017-11-29,145.5293426513672
2017-11-30,146.74952697753906
2017-12-01,146.12522888183594
2017-12-04,144.44161987304688
2017-12-05,144.5362091064453
2017-12-06,145.18882751464844
2017-12-07,145.68069458007812
2017-12-08,146.3238525390625
2017-12-11,147.45887756347656
2017-12-12,147.2602996826172
2017-12-13,147.54400634765625
2017-12-14,147.4399871826172
2017-12-15,149.11412048339844
2017-12-18,150.36431884765625
2017-12-19,149.473388671875
2017-12-20,149.31222534179688
2017-12-21,149.33119201660156
2017-12-22,149.1605682373047
2017-12-26,148.35488891601562
2017-12-27,148.3738555908203
2017-12-28,148.553955078125
2017-12-29,147.63458251953125
2018-01-02,150.22218322753906
2018-01-03,151.681884765625
2018-01-04,151.94715881347656
2018-01-05,153.4731903076172
2018-01-08,154.07032775878906
2018-01-09,154.07986450195312
2018-01-10,153.71966552734375
2018-01-11,154.77175903320312
2018-01-12,155.90916442871094
2018-01-16,155.4636688232422
2018-01-17,157.14132690429688
2018-01-18,157.16976928710938
2018-01-19,157.66261291503906
2018-01-22,159.34982299804688
2018-01-23,160.66725158691406
2018-01-24,159.62464904785156
2018-01-25,159.56776428222656
2018-01-26,162.01319885253906
2018-01-29,161.22650146484375
2018-01-30,159.89947509765625
2018-01-31,160.56301879882812
2018-02-01,159.19813537597656
2018-02-02,156.0229034423828
2018-02-05,149.87147521972656
2018-02-06,153.8428497314453
2018-02-07,151.85243225097656
2018-02-08,145.4449920654297
2018-02-09,147.9568328857422
2018-02-12,150.5823211669922
2018-02-13,151.35951232910156
2018-02-14,154.19351196289062
2018-02-15,157.05601501464844
2018-02-16,156.35462951660156
2018-02-20,156.66737365722656
2018-02-21,156.22193908691406
2018-02-22,156.20298767089844
2018-02-23,159.39720153808594
2018-02-26,161.5108642578125
2018-02-27,159.51089477539062
2018-02-28,158.4872589111328
2018-03-01,155.89964294433594
2018-03-02,157.3308563232422
2018-03-05,159.07492065429688
2018-03-06,159.74789428710938
2018-03-07,160.1175079345703
2018-03-08,160.99900817871094
2018-03-09,164.1268768310547
2018-03-12,164.99888610839844
2018-03-13,162.75253295898438
2018-03-14,162.72406005859375
2018-03-15,162.5819091796875
2018-03-16,162.0984344482422
2018-03-19,158.6399383544922
2018-03-20,159.16207885742188
2018-03-21,158.4690399169922
2018-03-22,154.55763244628906
2018-03-23,150.48487854003906
2018-03-26,156.07662963867188
2018-03-27,151.0259552001953
2018-03-28,149.28860473632812
2018-03-29,152.02281188964844
2018-04-02,147.63674926757812
2018-04-03,149.29815673828125
2018-04-04,151.65257263183594
2018-04-05,152.51649475097656
2018-04-06,148.70001220703125
2018-04-09,149.74436950683594
2018-04-10,153.0481719970703
2018-04-11,152.165283203125
2018-04-12,153.99752807617188
2018-04-13,153.2000274658203
2018-04-16,154.3677520751953
2018-04-17,157.69061279296875
2018-04-18,158.01339721679688
2018-04-19,156.56085205078125
2018-04-20,154.08290100097656
2018-04-23,153.69371032714844
2018-04-24,150.4374237060547
2018-04-25,150.61770629882812
2018-04-26,153.78868103027344
2018-04-27,153.88352966308594
2018-04-30,152.79185485839844
2018-05-01,154.53866577148438
2018-05-02,153.6272735595703
2018-05-03,153.60833740234375
2018-05-04,156.52284240722656
2018-05-07,157.823486328125
2018-05-08,157.662109375
2018-05-09,159.38043212890625
2018-05-10,161.0323486328125
2018-05-11,160.8804473876953
2018-05-14,161.1558074951172
2018-05-15,159.37094116210938
2018-05-16,160.4248046875
2018-05-17,159.8076934814453
2018-05-18,158.981689453125
2018-05-21,159.87413024902344
2018-05-22,159.66529846191406
2018-05-23,161.0133819580078
2018-05-24,160.96591186523438
2018-05-25,161.1272735595703
2018-05-29,160.4152374267578
2018-05-30,161.56398010253906
2018-05-31,161.4595947265625
2018-06-01,163.99436950683594
2018-06-04,165.4754180908203
2018-06-05,165.98809814453125
2018-06-06,166.95640563964844
2018-06-07,165.5988006591797
2018-06-08,165.6083221435547
2018-06-11,166.05450439453125
2018-06-12,166.92794799804688
2018-06-13,166.91848754882812
2018-06-14,168.60833740234375
2018-06-15,168.019775390625
2018-06-18,167.92269897460938
2018-06-19,167.4469757080078
2018-06-20,168.63621520996094
2018-06-21,167.1710968017578
2018-06-22,166.80003356933594
2018-06-25,163.0419921875
2018-06-26,163.7079620361328
2018-06-27,161.48165893554688
2018-06-28,162.87074279785156
2018-06-29,163.30838012695312
2018-07-02,164.40249633789062
2018-07-03,162.49966430664062
2018-07-05,164.51663208007812
2018-07-06,167.07591247558594
2018-07-09,168.57911682128906
2018-07-10,168.70285034179688
2018-07-11,167.84657287597656
2018-07-12,170.7388458251953
2018-07-13,170.8815460205078
2018-07-16,170.47242736816406
2018-07-17,171.50946044921875
2018-07-18,171.1859893798828
2018-07-19,170.32977294921875
2018-07-20,170.29168701171875
2018-07-23,170.83399963378906
2018-07-24,171.5380096435547
2018-07-25,173.93556213378906
2018-07-26,171.30018615722656
2018-07-27,168.98822021484375
2018-07-30,166.60020446777344
2018-07-31,167.8751678466797
2018-08-01,168.51254272460938
2018-08-02,170.80545043945312
2018-08-03,171.3286895751953
2018-08-06,172.33718872070312
2018-08-07,172.96511840820312
2018-08-08,173.17446899414062
2018-08-09,173.06976318359375
2018-08-10,171.747314453125
2018-08-13,171.5570526123047
2018-08-14,172.632080078125
2018-08-15,170.52001953125
2018-08-16,171.08135986328125
2018-08-17,171.1194305419922
2018-08-20,170.96719360351562
2018-08-21,171.5950927734375
2018-08-22,172.26107788085938
2018-08-23,172.01370239257812
2018-08-24,173.612060546875
2018-08-27,175.38168334960938
2018-08-28,175.6385498046875
2018-08-29,177.66506958007812
2018-08-30,177.35108947753906
2018-08-31,177.57940673828125
2018-09-04,176.81832885742188
2018-09-05,174.53488159179688
2018-09-06,172.97457885742188
2018-09-07,172.3086395263672
2018-09-10,172.8889923095703
2018-09-11,174.22096252441406
2018-09-12,173.70721435546875
2018-09-13,175.5624542236328
2018-09-14,175.04869079589844
2018-09-17,172.5274658203125
2018-09-18,173.9545440673828
2018-09-19,173.82139587402344
2018-09-20,175.74319458007812
2018-09-21,174.78231811523438
2018-09-24,175.2683563232422
2018-09-25,175.5066680908203
2018-09-26,175.6305694580078
2018-09-27,177.11746215820312
2018-09-28,177.0792999267578
2018-10-01,177.4414825439453
2018-10-02,177.04115295410156
2018-10-03,177.23179626464844
2018-10-04,173.82920837402344
2018-10-05,171.70367431640625
2018-10-08,170.6553192138672
2018-10-09,171.20816040039062
2018-10-10,163.67849731445312
2018-10-11,161.64837646484375
2018-10-12,166.14707946777344
2018-10-15,164.13601684570312
2018-10-16,168.91110229492188
2018-10-17,168.97781372070312
2018-10-18,165.06051635742188
2018-10-19,164.9080352783203
2018-10-22,165.75631713867188
2018-10-23,165.14634704589844
2018-10-24,157.5880584716797
2018-10-25,163.0399627685547
2018-10-26,158.8462371826172
2018-10-29,155.57701110839844
2018-10-30,158.14085388183594
2018-10-31,161.85809326171875
2018-11-01,163.99305725097656
2018-11-02,161.4386749267578
2018-11-05,161.0383758544922
2018-11-06,162.25833129882812
2018-11-07,167.34799194335938
2018-11-08,166.28057861328125
2018-11-09,163.47836303710938
2018-11-12,158.53170776367188
2018-11-13,158.66513061523438
2018-11-14,157.45468139648438
2018-11-15,160.2091522216797
2018-11-16,159.64678955078125
2018-11-19,154.4618682861328
2018-11-20,151.69784545898438
2018-11-21,152.85107421875
2018-11-23,151.74551391601562
2018-11-26,155.2529754638672
2018-11-27,155.77720642089844
2018-11-28,160.79051208496094
2018-11-29,160.26632690429688
2018-11-30,161.42918395996094
2018-12-03,164.2504119873047
2018-12-04,157.9502410888672
2018-12-06,159.06546020507812
2018-12-07,153.8137969970703
2018-12-10,155.42453002929688
2018-12-11,155.93917846679688
2018-12-12,157.3117218017578
2018-12-13,157.35935974121094
2018-12-14,153.52786254882812
2018-12-17,150.04891967773438
2018-12-18,150.9925537109375
2018-12-19,147.28489685058594
2018-12-20,145.1499481201172
2018-12-21,140.6512451171875
2018-12-24,137.16336059570312
2018-12-26,145.72772216796875
2018-12-27,146.2916717529297
2018-12-28,146.2152099609375
2018-12-31,147.44822692871094
2019-01-02,148.0408477783203
2019-01-03,143.2042999267578
2019-01-04,149.33123779296875
2019-01-07,151.1090850830078
2019-01-08,152.47596740722656
2019-01-09,153.71861267089844
2019-01-10,154.15823364257812
2019-01-11,153.59426879882812
2019-01-14,152.2369842529297
2019-01-15,155.209716796875
2019-01-16,155.1809844970703
2019-01-17,156.40444946289062
2019-01-18,157.9529266357422
2019-01-22,154.7891082763672
2019-01-23,154.98980712890625
2019-01-24,155.9934844970703
2019-01-25,157.85733032226562
2019-01-28,155.90740966796875
2019-01-29,154.43540954589844
2019-01-30,158.3639678955078
2019-01-31,160.73443603515625
2019-02-01,160.05577087402344
2019-02-04,162.04393005371094
2019-02-05,163.4777069091797
2019-02-06,162.990234375
2019-02-07,160.80136108398438
2019-02-08,161.11676025390625
2019-02-11,160.9638214111328
2019-02-12,163.34393310546875
2019-02-13,163.45855712890625
2019-02-14,163.65931701660156
2019-02-15,164.34751892089844
2019-02-19,164.6724853515625
2019-02-20,164.6438751220703
2019-02-21,164.04164123535156
2019-02-22,165.2555694580078
2019-02-25,165.8577880859375
2019-02-26,166.02978515625
2019-02-27,165.9246368408203
2019-02-28,165.54234313964844
2019-03-01,166.6893310546875
2019-03-04,166.71798706054688
2019-03-05,166.84226989746094
2019-03-06,165.89598083496094
2019-03-07,163.86004638671875
2019-03-08,163.61151123046875
2019-03-11,167.0143280029297
2019-03-12,167.93191528320312
2019-03-13,169.1936492919922
2019-03-14,168.90687561035156
2019-03-15,170.47447204589844
2019-03-18,170.88047790527344
2019-03-19,171.45504760742188
2019-03-20,172.1348876953125
2019-03-21,174.82574462890625
2019-03-22,170.9857940673828
2019-03-25,170.66024780273438
2019-03-26,171.45504760742188
2019-03-27,170.3538055419922
2019-03-28,170.74647521972656
2019-03-29,172.0391387939453
2019-04-01,174.3181610107422
2019-04-02,174.97891235351562
2019-04-03,175.98439025878906
2019-04-04,175.91738891601562
2019-04-05,176.82705688476562
2019-04-08,177.27713012695312
2019-04-09,176.65472412109375
2019-04-10,177.6027069091797
2019-04-11,177.18133544921875
2019-04-12,177.94741821289062
2019-04-15,177.97618103027344
2019-04-16,178.5890350341797
2019-04-17,179.21142578125
2019-04-18,179.4412384033203
2019-04-22,179.94879150390625
2019-04-23,182.23741149902344
2019-04-24,181.66285705566406
2019-04-25,182.40017700195312
2019-04-26,182.56295776367188
2019-04-29,182.9173126220703
2019-04-30,181.5000762939453
2019-05-01,180.91592407226562
2019-05-02,180.1307373046875
2019-05-03,183.00344848632812
2019-05-06,181.88308715820312
2019-05-07,178.3400115966797
2019-05-08,177.88998413085938
2019-05-09,176.93238830566406
2019-05-10,177.15261840820312
2019-05-13,171.00494384765625
2019-05-14,172.8818359375
2019-05-15,175.3236083984375
2019-05-16,177.08560180664062
2019-05-17,175.2758026123047
2019-05-20,172.31683349609375
2019-05-21,174.1171112060547
2019-05-22,173.34144592285156
2019-05-23,170.68898010253906
2019-05-24,170.60276794433594
2019-05-28,169.96121215820312
2019-05-29,168.56309509277344
2019-05-30,169.271728515625
2019-05-31,166.5713348388672
2019-06-03,162.90379333496094
2019-06-04,167.49066162109375
2019-06-05,168.73548889160156
2019-06-06,170.07611083984375
2019-06-07,173.36062622070312
2019-06-10,175.38104248046875
2019-06-11,175.62045288085938
2019-06-12,174.60549926757812
2019-06-13,175.63966369628906
2019-06-14,174.89273071289062
2019-06-17,175.946044921875
2019-06-18,178.50283813476562
2019-06-19,179.1731414794922
2019-06-20,180.83934020996094
2019-06-21,180.5712127685547
2019-06-24,180.5769805908203
2019-06-25,177.47711181640625
2019-06-26,178.302490234375
2019-06-27,178.98388671875
2019-06-28,179.21420288085938
2019-07-01,181.6326141357422
2019-07-02,182.35243225097656
2019-07-03,183.72479248046875
2019-07-05,183.3505096435547
2019-07-08,182.0644989013672
2019-07-09,182.97621154785156
2019-07-10,184.79962158203125
2019-07-11,184.66529846191406
2019-07-12,185.73057556152344
2019-07-15,186.32553100585938
2019-07-16,185.36582946777344
2019-07-17,184.4541473388672
2019-07-18,184.66529846191406
2019-07-19,183.31210327148438
2019-07-22,184.7707977294922
2019-07-23,185.98004150390625
2019-07-24,187.2852783203125
2019-07-25,185.5098114013672
2019-07-26,187.4196319580078
2019-07-29,186.77662658691406
2019-07-30,185.970458984375
2019-07-31,183.3984832763672
2019-08-01,182.48678588867188
2019-08-02,179.79965209960938
2019-08-05,173.4464111328125
2019-08-06,175.8744354248047
2019-08-07,176.82449340820312
2019-08-08,180.67295837402344
2019-08-09,178.97425842285156
2019-08-12,176.92050170898438
2019-08-13,180.79771423339844
2019-08-14,175.39459228515625
2019-08-15,175.19308471679688
2019-08-16,178.00498962402344
2019-08-19,180.8360595703125
2019-08-20,179.4348907470703
2019-08-21,181.0279998779297
2019-08-22,180.44264221191406
2019-08-23,174.732421875
2019-08-26,177.37159729003906
2019-08-27,176.997314453125
2019-08-28,177.6307373046875
2019-08-29,180.34664916992188
2019-08-30,179.91481018066406
2019-09-03,178.1681365966797
2019-09-04,180.74014282226562
2019-09-05,184.05108642578125
2019-09-06,183.86875915527344
2019-09-09,183.48484802246094
2019-09-10,182.95703125
2019-09-11,184.6748504638672
2019-09-12,185.44264221191406
2019-09-13,184.7804718017578
2019-09-16,183.955078125
2019-09-17,184.83804321289062
2019-09-18,184.7612762451172
2019-09-19,185.068359375
2019-09-20,183.11058044433594
2019-09-23,183.19134521484375
2019-09-24,180.7584228515625
2019-09-25,182.78746032714844
2019-09-26,182.1143035888672
2019-09-27,179.85452270507812
2019-09-30,181.56617736816406
2019-10-01,180.08523559570312
2019-10-02,176.98883056640625
2019-10-03,178.9312744140625
2019-10-04,181.56617736816406
2019-10-07,181.01805114746094
2019-10-08,178.3061981201172
2019-10-09,180.04681396484375
2019-10-10,181.44114685058594
2019-10-11,183.77793884277344
2019-10-14,183.7587127685547
2019-10-15,186.09548950195312
2019-10-16,185.63389587402344
2019-10-17,186.12429809570312
2019-10-18,184.335693359375
2019-10-21,185.970458984375
2019-10-22,184.48956298828125
2019-10-23,184.8453826904297
2019-10-24,186.6436004638672
2019-10-25,188.13412475585938
2019-10-28,189.9900665283203
2019-10-29,188.5187530517578
2019-10-30,189.43234252929688
2019-10-31,189.51889038085938
2019-11-01,191.24021911621094
2019-11-04,192.4230499267578
2019-11-05,192.52879333496094
2019-11-06,192.09608459472656
2019-11-07,192.74034118652344
2019-11-08,193.5096893310547
2019-11-11,193.2500457763672
2019-11-12,193.80776977539062
2019-11-13,193.85589599609375
2019-11-14,193.70199584960938
2019-11-15,195.12521362304688
2019-11-18,195.2790985107422
2019-11-19,195.56756591796875
2019-11-20,194.39437866210938
2019-11-21,193.9616241455078
2019-11-22,194.0867156982422
2019-11-25,196.38494873046875
2019-11-26,196.76004028320312
2019-11-27,198.13514709472656
2019-11-29,197.23123168945312
2019-12-02,195.21176147460938
2019-12-03,193.6827850341797
2019-12-04,194.66366577148438
2019-12-05,195.04830932617188
2019-12-06,197.1350555419922
2019-12-09,196.24072265625
2019-12-10,196.07725524902344
2019-12-11,197.11582946777344
2019-12-12,198.587158203125
2019-12-13,199.24099731445312
2019-12-16,201.24119567871094
2019-12-17,201.35662841796875
2019-12-18,201.51048278808594
2019-12-19,202.77024841308594
2019-12-20,203.58761596679688
2019-12-23,204.12538146972656
2019-12-24,204.2313690185547
2019-12-26,206.03350830078125
2019-12-27,205.86009216308594
2019-12-30,204.51089477539062
2019-12-31,204.89634704589844
2020-01-02,208.31753540039062
2020-01-03,206.4093780517578
2020-01-06,207.7393035888672
2020-01-07,207.71038818359375
2020-01-08,209.2716064453125
2020-01-09,211.0448455810547
2020-01-10,210.50518798828125
2020-01-13,212.9337615966797
2020-01-14,212.09535217285156
2020-01-15,212.18206787109375
2020-01-16,214.21548461914062
2020-01-17,215.2755889892578
2020-01-21,215.17926025390625
2020-01-22,215.74781799316406
2020-01-23,216.44168090820312
2020-01-24,214.62025451660156
2020-01-27,210.18716430664062
2020-01-28,213.4156494140625
2020-01-29,213.7625732421875
2020-01-30,214.52391052246094
2020-01-31,211.1220245361328
2020-02-03,214.31187438964844
2020-02-04,219.21722412109375
2020-02-05,219.9400177001953
2020-02-06,221.83853149414062
2020-02-07,220.88446044921875
2020-02-10,223.55397033691406
2020-02-11,223.5924835205078
2020-02-12,225.77049255371094
2020-02-13,225.48138427734375
2020-02-14,226.12709045410156
2020-02-18,226.21385192871094
2020-02-19,228.3822021484375
2020-02-20,226.26197814941406
2020-02-21,221.91561889648438
2020-02-24,213.3577880859375
2020-02-25,207.5561981201172
2020-02-26,208.6259307861328
2020-02-27,198.17919921875
2020-02-28,198.3334503173828
2020-03-02,208.56808471679688
2020-03-03,201.87989807128906
2020-03-04,210.30279541015625
2020-03-05,203.91339111328125
2020-03-06,200.472900390625
2020-03-09,186.54714965820312
2020-03-10,196.70472717285156
2020-03-11,188.13726806640625
2020-03-12,170.88668823242188
2020-03-13,185.3617706298828
2020-03-16,163.1576690673828
2020-03-17,175.53184509277344
2020-03-18,170.1928253173828
2020-03-19,171.21432495117188
2020-03-20,164.50686645507812
2020-03-23,164.6256561279297
2020-03-24,177.3738555908203
2020-03-25,176.06040954589844
2020-03-26,185.3318328857422
2020-03-27,178.9577178955078
2020-03-30,185.46702575683594
2020-03-31,183.8831329345703
2020-04-01,176.070068359375
2020-04-02,179.64340209960938
2020-04-03,177.0937957763672
2020-04-06,189.75506591796875
2020-04-07,189.67779541015625
2020-04-08,193.70510864257812
2020-04-09,193.9851837158203
2020-04-13,196.08087158203125
2020-04-14,204.608642578125
2020-04-15,202.2617950439453
2020-04-16,205.9510955810547
2020-04-17,207.92124938964844
2020-04-20,205.4585723876953
2020-04-21,197.877197265625
2020-04-22,203.7490997314453
2020-04-23,203.3144989013672
2020-04-24,206.52085876464844
2020-04-27,208.1820068359375
2020-04-28,204.26097106933594
2020-04-29,211.5042724609375
2020-04-30,211.41737365722656
2020-05-01,205.4585723876953
2020-05-04,207.8536376953125
2020-05-05,210.21011352539062
2020-05-06,211.5042724609375
2020-05-07,214.22776794433594
2020-05-08,217.1636962890625
2020-05-11,219.1049346923828
2020-05-12,214.51751708984375
2020-05-13,211.8326416015625
2020-05-14,214.23741149902344
2020-05-15,215.62814331054688
2020-05-18,219.64573669433594
2020-05-19,219.09527587890625
2020-05-20,223.47018432617188
2020-05-21,221.03646850585938
2020-05-22,221.79940795898438
2020-05-26,221.20062255859375
2020-05-27,222.40786743164062
2020-05-28,222.1181182861328
2020-05-29,225.37281799316406
2020-06-01,226.04881286621094
2020-06-02,227.5651092529297
2020-06-03,228.58877563476562
2020-06-04,226.98562622070312
2020-06-05,231.48614501953125
2020-06-08,233.2825164794922
2020-06-09,234.97254943847656
2020-06-10,237.79263305664062
2020-06-11,226.0102081298828
2020-06-12,227.80653381347656
2020-06-15,230.57826232910156
2020-06-16,234.53797912597656
2020-06-17,235.28160095214844
2020-06-18,235.91903686523438
2020-06-19,235.88040161132812
2020-06-22,238.70919799804688
2020-06-23,240.74085998535156
2020-06-24,235.77786254882812
2020-06-25,238.0223388671875
2020-06-26,232.40142822265625
2020-06-29,234.93614196777344
2020-06-30,239.54122924804688
2020-07-01,242.33714294433594
2020-07-02,243.98182678222656
2020-07-06,249.9800262451172
2020-07-07,248.2579803466797
2020-07-08,251.5279083251953
2020-07-09,253.64669799804688
2020-07-10,255.3784942626953
2020-07-13,250.12515258789062
2020-07-14,251.89553833007812
2020-07-15,252.40835571289062
2020-07-16,250.686279296875
2020-07-17,250.97657775878906
2020-07-20,258.0969543457031
2020-07-21,255.40740966796875
2020-07-22,256.30718994140625
2020-07-23,249.61241149902344
2020-07-24,247.2421112060547
2020-07-27,251.6537628173828
2020-07-28,248.45143127441406
2020-07-29,251.3151092529297
2020-07-30,252.630859375
2020-07-31,257.13922119140625
2020-08-03,260.6123046875
2020-08-04,261.5797424316406
2020-08-05,262.2279357910156
2020-08-06,265.701171875
2020-08-07,262.63433837890625
2020-08-10,261.5120849609375
2020-08-11,256.55877685546875
2020-08-12,263.0115661621094
2020-08-13,263.6115417480469
2020-08-14,263.3019104003906
2020-08-17,266.3590087890625
2020-08-18,268.9227600097656
2020-08-19,267.11358642578125
2020-08-20,270.8188781738281
2020-08-21,272.6957092285156
2020-08-24,274.39849853515625
2020-08-25,276.555908203125
2020-08-26,282.4574279785156
2020-08-27,281.5770263671875
2020-08-28,283.0088195800781
2020-08-31,285.282470703125
2020-09-01,290.1583251953125
2020-09-02,292.9059143066406
2020-09-03,278.05548095703125
2020-09-04,274.35015869140625
2020-09-08,261.16375732421875
2020-09-09,268.8356628417969
2020-09-10,263.4759826660156
2020-09-11,261.6475830078125
2020-09-14,266.2042541503906
2020-09-15,269.9772644042969
2020-09-16,265.67205810546875
2020-09-17,261.5217590332031
2020-09-18,258.1839599609375
2020-09-21,258.80316162109375
2020-09-22,263.6115417480469
2020-09-23,255.5623016357422
2020-09-24,256.75225830078125
2020-09-25,262.7214660644531
2020-09-28,268.1778564453125
2020-09-29,266.96856689453125
2020-09-30,268.79693603515625
2020-10-01,273.0634765625
2020-10-02,265.38189697265625
2020-10-05,271.04150390625
2020-10-06,266.2042541503906
2020-10-07,270.809326171875
2020-10-08,272.250732421875
2020-10-09,276.4107971191406
2020-10-12,284.9437255859375
2020-10-13,284.93414306640625
2020-10-14,282.55419921875
2020-10-15,280.6579895019531
2020-10-16,279.1197204589844
2020-10-19,274.5629577636719
2020-10-20,275.1532897949219
2020-10-21,274.9402770996094
2020-10-22,274.9306945800781
2020-10-23,275.4723815917969
2020-10-26,271.3414001464844
2020-10-27,273.46014404296875
2020-10-28,262.798828125
2020-10-29,267.39422607421875
2020-10-30,260.6123046875
2020-11-02,261.1927795410156
2020-11-03,265.7108459472656
2020-11-04,277.57177734375
2020-11-05,284.8082580566406
2020-11-06,285.0212097167969
2020-11-09,279.1971740722656
2020-11-10,274.1954040527344
2020-11-11,280.3291015625
2020-11-12,279.0133056640625
2020-11-13,281.46087646484375
2020-11-16,283.6570739746094
2020-11-17,282.75738525390625
2020-11-18,280.6675720214844
2020-11-19,282.86376953125
2020-11-20,280.92889404296875
2020-11-23,280.9385070800781
2020-11-24,284.8857727050781
2020-11-25,286.63677978515625
2020-11-27,289.2779541015625
2020-11-30,289.86810302734375
2020-12-01,293.5830993652344
2020-12-02,293.9604187011719
2020-12-03,294.37640380859375
2020-12-04,295.5760803222656
2020-12-07,297.249755859375
2020-12-08,298.255859375
2020-12-09,291.5030517578125
2020-12-10,292.6737365722656
2020-12-11,292.0254821777344
2020-12-14,294.1441955566406
2020-12-15,297.28851318359375
2020-12-16,298.9234313964844
2020-12-17,300.87774658203125
2020-12-18,299.9683837890625
2020-12-21,299.4071350097656
2020-12-22,300.2212219238281
2020-12-23,298.7093505859375
2020-12-24,300.0273742675781
2020-12-28,303.0513000488281
2020-12-29,303.3227233886719
2020-12-30,303.3323974609375
2020-12-31,304.07867431640625
2021-01-04,299.78509521484375
2021-01-05,302.2565612792969
2021-01-06,298.069580078125
2021-01-07,305.2805480957031
2021-01-08,309.20574951171875
2021-01-11,304.7377624511719
2021-01-12,304.2532043457031
2021-01-13,306.3078918457031
2021-01-14,304.6698303222656
2021-01-15,302.2565612792969
2021-01-19,306.6664733886719
2021-01-20,313.7998352050781
2021-01-21,316.30999755859375
2021-01-22,315.3990478515625
2021-01-25,318.0062255859375
2021-01-26,318.4714660644531
2021-01-27,309.59356689453125
2021-01-28,311.4252624511719
2021-01-29,304.8735046386719
2021-02-01,312.49139404296875
2021-02-02,317.5894470214844
2021-02-03,316.3294372558594
2021-02-04,320.0705871582031
2021-02-05,321.1560974121094
2021-02-08,323.3077087402344
2021-02-09,323.239990234375
2021-02-10,322.5032958984375
2021-02-11,324.2769470214844
2021-02-12,326.0894470214844
2021-02-16,325.2073974609375
2021-02-17,323.6470031738281
2021-02-18,322.2319641113281
2021-02-19,320.82659912109375
2021-02-22,312.5107727050781
2021-02-23,311.58038330078125
2021-02-24,314.1487121582031
2021-02-25,303.1966857910156
2021-02-26,304.46649169921875
2021-03-01,313.6253967285156
2021-03-02,308.5951843261719
2021-03-03,299.6397399902344
2021-03-04,294.73553466796875
2021-03-05,299.1745910644531
2021-03-08,290.7036437988281
2021-03-09,302.1693420410156
2021-03-10,301.30670166015625
2021-03-11,308.2462158203125
2021-03-12,305.7457275390625
2021-03-15,309.011962890625
2021-03-16,310.7080993652344
2021-03-17,311.9873962402344
2021-03-18,302.4310302734375
2021-03-19,303.4971618652344
2021-03-22,309.1887512207031
2021-03-23,307.83978271484375
2021-03-24,302.6480407714844
2021-03-25,302.1240234375
2021-03-26,306.6558837890625
2021-03-29,306.568603515625
2021-03-30,305.0256042480469
2021-03-31,309.69342041015625
2021-04-01,314.9724426269531
2021-04-05,321.2608947753906
2021-04-06,321.0377197265625
2021-04-07,321.81396484375
2021-04-08,325.1717224121094
2021-04-09,327.1416931152344
2021-04-12,326.71466064453125
2021-04-13,330.5285339355469
2021-04-14,326.5594177246094
2021-04-15,331.50860595703125
2021-04-16,331.89678955078125
2021-04-19,328.8592834472656
2021-04-20,326.4624328613281
2021-04-21,329.2572937011719
2021-04-22,325.28826904296875
2021-04-23,329.3834228515625
2021-04-26,331.5280456542969
2021-04-27,330.0917663574219
2021-04-28,328.975830078125
2021-04-29,330.15972900390625
2021-04-30,327.99566650390625
2021-05-03,326.2489013671875
2021-05-04,320.3778076171875
2021-05-05,319.3006286621094
2021-05-06,321.7073059082031
2021-05-07,324.31781005859375
2021-05-10,316.1273498535156
2021-05-11,315.6906433105469
2021-05-12,307.5196228027344
2021-05-13,309.89715576171875
2021-05-14,316.7386474609375
2021-05-17,314.8172607421875
2021-05-18,312.6920166015625
2021-05-19,313.0510559082031
2021-05-20,319.1065368652344
2021-05-21,317.3403015136719
2021-05-24,322.677734375
2021-05-25,323.1241455078125
2021-05-26,324.2498474121094
2021-05-27,323.03680419921875
2021-05-28,324.05572509765625
2021-06-01,322.9786071777344
2021-06-02,323.609375
2021-06-03,320.241943359375
2021-06-04,325.6764221191406
2021-06-07,326.6467590332031
2021-06-08,326.8020324707031
2021-06-09,326.879638671875
2021-06-10,330.285888671875
2021-06-11,331.1495666503906
2021-06-14,334.32293701171875
2021-06-15,332.139404296875
2021-06-16,330.9263610839844
2021-06-17,335.12835693359375
2021-06-18,332.4985046386719
2021-06-21,334.5649108886719
2021-06-22,337.68365478515625
2021-06-23,337.84881591796875
2021-06-24,339.937744140625
2021-06-25,339.5198974609375
2021-06-28,343.64898681640625
2021-06-29,344.8926086425781
2021-06-30,344.3485107421875
2021-07-01,344.48455810546875
2021-07-02,348.43878173828125
2021-07-06,349.9447326660156
2021-07-07,350.68310546875
2021-07-08,348.5650939941406
2021-07-09,350.741455078125
2021-07-12,352.1112365722656
2021-07-13,352.1112365722656
2021-07-14,352.7427673339844
2021-07-15,350.2652282714844
2021-07-16,347.42828369140625
2021-07-19,344.58172607421875
2021-07-20,348.58453369140625
2021-07-21,351.2757873535156
2021-07-22,353.5977783203125
2021-07-23,357.7268981933594
2021-07-26,358.0086364746094
2021-07-27,354.0640563964844
2021-07-28,355.4242248535156
2021-07-29,356.0558166503906
2021-07-30,354.2001037597656
2021-08-02,354.2292785644531
2021-08-03,356.37640380859375
2021-08-04,356.891357421875
2021-08-05,359.15509033203125
2021-08-06,357.58111572265625
2021-08-09,358.2417297363281
2021-08-10,356.405517578125
2021-08-11,355.7934265136719
2021-08-12,357.0758972167969
2021-08-13,358.3291931152344
2021-08-16,358.48468017578125
2021-08-17,355.3271484375
2021-08-18,351.90728759765625
2021-08-19,353.6074523925781
2021-08-20,357.27020263671875
2021-08-23,362.61383056640625
2021-08-24,363.72137451171875
2021-08-25,364.1390686035156
2021-08-26,361.8268127441406
2021-08-27,365.3438415527344
2021-08-30,369.44378662109375
2021-08-31,369.1427001953125
2021-09-01,369.7547302246094
2021-09-02,369.579833984375
2021-09-03,370.7165832519531
2021-09-07,371.2412109375
2021-09-08,369.9490051269531
2021-09-09,368.67626953125
2021-09-10,365.878173828125
2021-09-13,365.6256103515625
2021-09-14,364.5860290527344
2021-09-15,367.296630859375
2021-09-16,367.5492858886719
2021-09-17,363.1966857910156
2021-09-20,355.69189453125
2021-09-21,356.12957763671875
2021-09-22,359.4559326171875
2021-09-23,362.7727355957031
2021-09-24,363.1130676269531
2021-09-27,360.21466064453125
2021-09-28,350.0213928222656
2021-09-29,349.44757080078125
2021-09-30,348.1636962890625
2021-10-01,350.3228759765625
2021-10-04,342.9698181152344
2021-10-05,347.5995178222656
2021-10-06,349.826904296875
2021-10-07,353.0365905761719
2021-10-08,351.2761535644531
2021-10-11,348.5819091796875
2021-10-12,347.3661804199219
2021-10-13,350.14788818359375
2021-10-14,356.59649658203125
2021-10-15,358.8432312011719
2021-10-18,362.4516296386719
2021-10-19,365.19451904296875
2021-10-20,364.7179260253906
2021-10-21,366.9452209472656
2021-10-22,363.862060546875
2021-10-25,367.587158203125
2021-10-26,368.7445983886719
2021-10-27,369.6004943847656
2021-10-28,373.70513916015625
2021-10-29,375.5433044433594
2021-11-01,376.8271789550781
2021-11-02,378.4028625488281
2021-11-03,382.4197692871094
2021-11-04,387.32196044921875
2021-11-05,387.6914978027344
2021-11-08,387.166259765625
2021-11-09,384.5012512207031
2021-11-10,378.8502502441406
2021-11-11,379.9006042480469
2021-11-12,383.8982849121094
2021-11-15,383.8106689453125
2021-11-16,386.5437927246094
2021-11-17,386.7480163574219
2021-11-18,390.7552795410156
2021-11-19,392.9339599609375
2021-11-22,388.3723449707031
2021-11-23,386.6022033691406
2021-11-24,387.84710693359375
2021-11-26,380.4941101074219
2021-11-29,388.75164794921875
2021-11-30,383.0423889160156
2021-12-01,376.525634765625
2021-12-02,379.2393493652344
2021-12-03,372.6449279785156
2021-12-06,375.6308898925781
2021-12-07,386.9425964355469
2021-12-08,388.6738586425781
2021-12-09,382.954833984375
2021-12-10,387.11761474609375
2021-12-13,381.52496337890625
2021-12-14,377.576171875
2021-12-15,386.18389892578125
2021-12-16,376.2532958984375
2021-12-17,374.37615966796875
2021-12-20,370.74462890625
2021-12-21,379.04205322265625
2021-12-22,383.658203125
2021-12-23,386.5505676269531
2021-12-27,392.9391784667969
2021-12-28,391.1180419921875
2021-12-29,391.0596008300781
2021-12-30,389.8910217285156
2021-12-31,387.45623779296875
2022-01-03,391.1862487792969
2022-01-04,386.1123352050781
2022-01-05,374.2505798339844
2022-01-06,373.987548828125
2022-01-07,369.9361877441406
2022-01-10,370.1796569824219
2022-01-11,375.74053955078125
2022-01-12,377.2305603027344
2022-01-13,367.7937927246094
2022-01-14,370.082275390625
2022-01-18,360.8695068359375
2022-01-19,356.90576171875
2022-01-20,352.2701721191406
2022-01-21,342.50213623046875
2022-01-24,344.07012939453125
2022-01-25,336.09405517578125
2022-01-26,335.56817626953125
2022-01-27,332.1888122558594
2022-01-28,342.6092834472656
2022-01-31,353.5653381347656
2022-02-01,355.9709167480469
2022-02-02,358.8633117675781
2022-02-03,344.31353759765625
2022-02-04,348.6570739746094
2022-02-07,345.8523254394531
2022-02-08,349.7380676269531
2022-02-09,357.1492919921875
2022-02-10,349.0660705566406
2022-02-11,337.9931640625
2022-02-14,338.411865234375
2022-02-15,346.8262023925781
2022-02-16,346.7386169433594
2022-02-17,336.4252014160156
2022-02-18,332.5881042480469
2022-02-22,329.2476806640625
2022-02-23,320.8139953613281
2022-02-24,331.59478759765625
2022-02-25,336.7368469238281
2022-02-28,337.7398986816406
2022-03-01,332.5686950683594
2022-03-02,338.1489562988281
2022-03-03,333.31854248046875
2022-03-04,328.4880676269531
2022-03-07,316.373046875
2022-03-08,314.9025573730469
2022-03-09,326.238525390625
2022-03-10,322.6156311035156
2022-03-11,315.9251403808594
2022-03-14,309.85791015625
2022-03-15,319.5771179199219
2022-03-16,331.4292297363281
2022-03-17,335.441650390625
2022-03-18,342.307373046875
2022-03-21,341.3558044433594
2022-03-22,348.0642395019531
2022-03-23,343.0621337890625
2022-03-24,350.6872863769531
2022-03-25,350.3947448730469
2022-03-28,355.816162109375
2022-03-29,361.93963623046875
2022-03-30,357.9418029785156
2022-03-31,353.5052185058594
2022-04-01,352.83245849609375
2022-04-04,360.09674072265625
2022-04-05,352.10113525390625
2022-04-06,344.4564208984375
2022-04-07,345.2756042480469
2022-04-08,340.44891357421875
2022-04-11,332.39483642578125
2022-04-12,330.9906921386719
2022-04-13,337.71875
2022-04-14,329.9960632324219
2022-04-18,330.2496032714844
2022-04-19,337.6308898925781
2022-04-20,332.7068176269531
2022-04-21,325.82269287109375
2022-04-22,317.290771484375
2022-04-25,321.36663818359375
2022-04-26,309.2366638183594
2022-04-27,308.8660888671875
2022-04-28,319.8357238769531
2022-04-29,305.4435119628906
2022-05-02,310.54327392578125
2022-05-03,310.8747863769531
2022-05-04,321.3861999511719
2022-05-05,305.1998291015625
2022-05-06,301.5433044433594
2022-05-09,289.74481201171875
2022-05-10,293.2648620605469
2022-05-11,284.5671081542969
2022-05-12,283.8942565917969
2022-05-13,294.4154357910156
2022-05-16,291.00262451171875
2022-05-17,298.5400390625
2022-05-18,283.8846130371094
2022-05-19,282.3634033203125
2022-05-20,281.4858703613281
2022-05-23,286.1662902832031
2022-05-24,280.08172607421875
2022-05-25,284.00152587890625
2022-05-26,291.8704528808594
2022-05-27,301.39703369140625
2022-05-31,300.5974426269531
2022-06-01,298.37420654296875
2022-06-02,306.54541015625
2022-06-03,298.5693054199219
2022-06-06,299.56390380859375
2022-06-07,302.1478271484375
2022-06-08,299.97332763671875
2022-06-09,291.938720703125
2022-06-10,281.6418762207031
2022-06-13,268.5465393066406
2022-06-14,269.0341491699219
2022-06-15,275.75238037109375
2022-06-16,264.6267395019531
2022-06-17,267.8444519042969
2022-06-21,274.60205078125
2022-06-22,274.2015380859375
2022-06-23,278.2852783203125
2022-06-24,287.8202819824219
2022-06-27,285.71014404296875
2022-06-28,277.00543212890625
2022-06-29,277.2594299316406
2022-06-30,273.820556640625
2022-07-01,275.62799072265625
2022-07-05,280.3465576171875
2022-07-06,282.1441650390625
2022-07-07,288.18182373046875
2022-07-08,288.543212890625
2022-07-11,282.378662109375
2022-07-12,279.6431579589844
2022-07-13,279.06671142578125
2022-07-14,280.06329345703125
2022-07-15,285.1434326171875
2022-07-18,282.73028564453125
2022-07-19,291.42523193359375
2022-07-20,296.04620361328125
2022-07-21,300.2959899902344
2022-07-22,295.0301818847656
2022-07-25,293.3498229980469
2022-07-26,287.58587646484375
2022-07-27,299.7391357421875
2022-07-28,302.66998291015625
2022-07-29,308.1897277832031
2022-08-01,308.00408935546875
2022-08-02,307.0857849121094
2022-08-03,315.44854736328125
2022-08-04,316.9237365722656
2022-08-05,314.33477783203125
2022-08-08,313.3188171386719
2022-08-09,309.7724304199219
2022-08-10,318.4185791015625
2022-08-11,316.611083984375
2022-08-12,322.7757568359375
2022-08-15,325.3842468261719
2022-08-16,324.6221008300781
2022-08-17,320.91949462890625
2022-08-18,321.6912841796875
2022-08-19,315.4191589355469
2022-08-22,307.11517333984375
2022-08-23,306.86114501953125
2022-08-24,307.7501525878906
2022-08-25,313.1917724609375
2022-08-26,300.3545227050781
2022-08-29,297.39453125
2022-08-30,294.08258056640625
2022-08-31,292.3728332519531
2022-09-01,292.4999084472656
2022-09-02,288.36737060546875
2022-09-06,286.2962341308594
2022-09-07,292.079833984375
2022-09-08,293.5940856933594
2022-09-09,300.0126953125
2022-09-12,303.57855224609375
2022-09-13,286.9313049316406
2022-09-14,289.20751953125
2022-09-15,284.39117431640625
2022-09-16,282.6521911621094
2022-09-19,284.8532409667969
2022-09-20,282.5827331542969
2022-09-21,277.5227966308594
2022-09-22,274.10711669921875
2022-09-23,269.6441955566406
2022-09-26,268.5284118652344
2022-09-27,268.63616943359375
2022-09-28,273.9798583984375
2022-09-29,266.08172607421875
2022-09-30,261.56982421875
2022-10-03,267.7063293457031
2022-10-04,276.12322998046875
2022-10-05,275.9764404296875
2022-10-06,273.8037414550781
2022-10-07,263.3707275390625
2022-10-10,260.7379455566406
2022-10-11,257.15582275390625
2022-10-12,257.0677795410156
2022-10-13,263.09661865234375
2022-10-14,255.18862915039062
2022-10-17,263.6153259277344
2022-10-18,265.6999816894531
2022-10-19,264.7310485839844
2022-10-20,263.38037109375
2022-10-21,269.5560607910156
2022-10-24,272.5216369628906
2022-10-25,278.1589660644531
2022-10-26,272.0127258300781
2022-10-27,267.0603942871094
2022-10-28,275.2326354980469
2022-10-31,272.0323181152344
2022-11-01,269.252685546875
2022-11-02,260.0234375
2022-11-03,254.94398498535156
2022-11-04,259.0447692871094
2022-11-07,261.89276123046875
2022-11-08,263.8013610839844
2022-11-09,257.7137451171875
2022-11-10,276.73004150390625
2022-11-11,281.8291015625
2022-11-14,279.36273193359375
2022-11-15,283.2286682128906
2022-11-16,279.36273193359375
2022-11-17,278.7462158203125
2022-11-18,278.7559814453125
2022-11-21,275.8883972167969
2022-11-22,279.8619689941406
2022-11-23,282.6707763671875
2022-11-25,280.8112487792969
2022-11-28,276.6908264160156
2022-11-29,274.59649658203125
2022-11-30,287.11407470703125
2022-12-01,287.4665222167969
2022-12-02,286.3213806152344
2022-12-05,281.5159606933594
2022-12-06,275.68280029296875
2022-12-07,274.55731201171875
2022-12-08,277.80657958984375
2022-12-09,276.0351867675781
2022-12-12,279.4997863769531
2022-12-13,282.50445556640625
2022-12-14,280.4100036621094
2022-12-15,270.9948425292969
2022-12-16,268.4109802246094
2022-12-19,264.6388854980469
2022-12-20,264.432861328125
2022-12-21,268.268798828125
2022-12-22,261.7054748535156
2022-12-23,262.29412841796875
2022-12-27,258.5857849121094
2022-12-28,255.1717529296875
2022-12-29,261.3916015625
2022-12-30,261.2345275878906
2023-01-03,259.4687805175781
2023-01-04,260.7049255371094
2023-01-05,256.6236877441406
2023-01-06,263.7068176269531
2023-01-09,265.41387939453125
2023-01-10,267.6605529785156
2023-01-11,272.2910461425781
2023-01-12,273.7626647949219
2023-01-13,275.6463317871094
2023-01-17,276.20550537109375
2023-01-18,272.6148376464844
2023-01-19,269.9365539550781
2023-01-20,277.3238525390625
2023-01-23,283.4848937988281
2023-01-24,282.9060363769531
2023-01-25,282.2781677246094
2023-01-26,287.7818603515625
2023-01-27,290.6466064453125
2023-01-30,284.77008056640625
2023-01-31,289.03759765625
2023-02-01,295.2182922363281
2023-02-02,305.8136901855469
2023-02-03,300.37860107421875
2023-02-06,297.8376770019531
2023-02-07,304.0085144042969
2023-02-08,298.6029052734375
2023-02-09,295.9638366699219
2023-02-10,294.0214538574219
2023-02-13,298.7303771972656
2023-02-14,300.9377746582031
2023-02-15,303.2432861328125
2023-02-16,297.5531921386719
2023-02-17,295.4537658691406
2023-02-21,288.45880126953125
2023-02-22,288.6745910644531
2023-02-23,291.1959533691406
2023-02-24,286.32012939453125
2023-02-27,288.3705139160156
2023-02-28,287.9977111816406
2023-03-01,285.6824951171875
2023-03-02,288.0467834472656
2023-03-03,294.0017395019531
2023-03-06,294.3353576660156
2023-03-07,290.72509765625
2023-03-08,292.17706298828125
2023-03-09,287.11474609375
2023-03-10,283.0826721191406
2023-03-13,285.18212890625
2023-03-14,291.73553466796875
2023-03-15,293.2660217285156
2023-03-16,300.9967041015625
2023-03-17,299.57415771484375
2023-03-20,300.6373291015625
2023-03-21,304.9311218261719
2023-03-22,300.7846984863281
2023-03-23,304.3513488769531
2023-03-24,305.4715576171875
2023-03-27,303.378662109375
2023-03-28,301.7672424316406
2023-03-29,307.2696838378906
2023-03-30,310.17803955078125
2023-03-31,315.3365478515625
2023-04-03,314.57012939453125
2023-04-04,313.5089416503906
2023-04-05,310.41387939453125
2023-04-06,312.5067443847656
2023-04-10,312.3299255371094
2023-04-11,310.325439453125
2023-04-12,307.5841064453125
2023-04-13,313.60723876953125
2023-04-14,313.0177001953125
2023-04-17,313.2829284667969
2023-04-18,313.3025817871094
2023-04-19,313.1552734375
2023-04-20,310.7676086425781
2023-04-21,311.0918273925781
2023-04-24,310.44329833984375
2023-04-25,304.5872497558594
2023-04-26,306.4344177246094
2023-04-27,314.7666931152344
2023-04-28,316.9381408691406
2023-05-01,316.57464599609375
2023-05-02,313.8135681152344
2023-05-03,311.7600402832031
2023-05-04,310.65948486328125
2023-05-05,317.262451171875
2023-05-08,318.0484313964844
2023-05-09,316.0342102050781
2023-05-10,319.47320556640625
2023-05-11,320.5148010253906
2023-05-12,319.3650207519531
2023-05-15,321.09442138671875
2023-05-16,321.45794677734375
2023-05-17,325.34893798828125
2023-05-18,331.3917541503906
2023-05-19,330.6450500488281
2023-05-22,331.75537109375
2023-05-23,327.54986572265625
2023-05-24,325.8697509765625
2023-05-25,333.79913330078125
2023-05-26,342.3277282714844
2023-05-30,343.8802185058594
2023-05-31,341.9249267578125
2023-06-01,345.8747863769531
2023-06-02,348.4688720703125
2023-06-05,348.7144470214844
2023-06-06,348.655517578125
2023-06-07,342.7405090332031
2023-06-08,346.9949645996094
2023-06-09,348.32147216796875
2023-06-12,354.2070617675781
2023-06-13,356.9288024902344
2023-06-14,359.52276611328125
2023-06-15,363.8067932128906
2023-06-16,361.51739501953125
2023-06-20,360.9998779296875
2023-06-21,356.0802917480469
2023-06-22,360.2816162109375
2023-06-23,356.7099609375
2023-06-26,351.9281311035156
2023-06-27,357.979248046875
2023-06-28,358.6778259277344
2023-06-29,357.9595642089844
2023-06-30,363.47930908203125
2023-07-03,364.3353271484375
2023-07-05,364.3255310058594
2023-07-06,361.55084228515625
2023-07-07,360.3504638671875
2023-07-10,360.468505859375
2023-07-11,362.24945068359375
2023-07-12,366.82464599609375
2023-07-13,373.0528869628906
2023-07-14,372.97412109375
2023-07-17,376.45721435546875
2023-07-18,379.53692626953125
2023-07-19,379.4483642578125
2023-07-20,370.7012939453125
2023-07-21,369.5895080566406
2023-07-24,370.1798400878906
2023-07-25,372.68878173828125
2023-07-26,371.4490661621094
2023-07-27,370.56353759765625
2023-07-28,377.313232421875
2023-07-31,377.5100402832031
2023-08-01,376.6343078613281
2023-08-02,368.3694152832031
2023-08-03,367.7790832519531
2023-08-04,366.0572204589844
2023-08-07,369.1565856933594
2023-08-08,366.0178527832031
2023-08-09,361.9936218261719
2023-08-10,362.66265869140625
2023-08-11,360.3504638671875
2023-08-14,364.3943786621094
2023-08-15,360.527587890625
2023-08-16,356.7099609375
2023-08-17,352.8136291503906
2023-08-18,352.37091064453125
2023-08-21,358.048095703125
2023-08-22,357.53643798828125
2023-08-23,363.17431640625
2023-08-24,355.4112243652344
2023-08-25,358.1661682128906
2023-08-28,360.8620910644531
2023-08-29,368.7432556152344
2023-08-30,370.7996520996094
2023-08-31,371.9114990234375
2023-09-01,371.5179443359375
2023-09-05,371.99017333984375
2023-09-06,368.71380615234375
2023-09-07,366.07684326171875
2023-09-08,366.58856201171875
2023-09-11,370.907958984375
2023-09-12,366.795166015625
2023-09-13,368.1923522949219
2023-09-14,371.2030944824219
2023-09-15,364.84698486328125
2023-09-18,365.227294921875
2023-09-19,364.44891357421875
2023-09-20,359.197021484375
2023-09-21,352.6148986816406
2023-09-22,352.6642150878906
2023-09-25,354.3392639160156
2023-09-26,349.0184020996094
2023-09-27,349.8362731933594
2023-09-28,352.7627258300781
2023-09-29,353.01898193359375
2023-10-02,355.965087890625
2023-10-03,349.71807861328125
2023-10-04,354.47723388671875
2023-10-05,353.43280029296875
2023-10-06,359.35467529296875
2023-10-09,361.1874694824219
2023-10-10,363.1876220703125
2023-10-11,365.7790832519531
2023-10-12,364.5080261230469
2023-10-13,359.9261474609375
2023-10-16,363.9956359863281
2023-10-17,362.8033447265625
2023-10-18,358.044189453125
2023-10-19,354.69403076171875
2023-10-20,349.4026794433594
2023-10-23,350.45703125
2023-10-24,353.8663330078125
2023-10-25,345.2051086425781
2023-10-26,338.6230773925781
2023-10-27,340.24884033203125
2023-10-30,344.0819091796875
2023-10-31,345.7273864746094
2023-11-01,351.72808837890625
2023-11-02,358.1131896972656
2023-11-03,362.3205261230469
2023-11-06,363.798583984375
2023-11-07,367.2374267578125
2023-11-08,367.4739074707031
2023-11-09,364.64599609375
2023-11-10,372.8440246582031
2023-11-13,371.6813659667969
2023-11-14,379.68231201171875
2023-11-15,379.96807861328125
2023-11-16,380.29327392578125
2023-11-17,380.3819885253906
2023-11-20,385.0130310058594
2023-11-21,382.77630615234375
2023-11-22,384.343017578125
2023-11-24,383.8010559082031
2023-11-27,383.4659729003906
2023-11-28,384.4710998535156
2023-11-29,384.0966491699219
2023-11-30,383.1309814453125
2023-12-01,384.2247314453125
2023-12-04,380.6578063964844
2023-12-05,381.6135559082031
2023-12-06,379.4063415527344
2023-12-07,384.7075500488281
2023-12-08,386.4220275878906
2023-12-11,389.7229919433594
2023-12-12,392.82684326171875
2023-12-13,397.8224792480469
2023-12-14,397.47760009765625
2023-12-15,399.3990478515625
2023-12-18,401.9146423339844
2023-12-19,403.9684143066406
2023-12-20,397.9654541015625
2023-12-21,402.5959167480469
2023-12-22,403.19818115234375
2023-12-26,405.66644287109375
2023-12-27,406.4923400878906
2023-12-28,406.2947082519531
2023-12-29,404.5364074707031
2024-01-02,397.69073486328125
2024-01-03,393.4825439453125
2024-01-04,391.45751953125
2024-01-05,391.9218444824219
2024-01-08,400.0220947265625
2024-01-09,400.81231689453125
2024-01-10,403.52886962890625
2024-01-11,404.3684997558594
2024-01-12,404.5759582519531
2024-01-16,404.5364074707031
2024-01-17,402.2545471191406
2024-01-18,407.96417236328125
2024-01-19,416.0545349121094
2024-01-22,416.5978088378906
2024-01-23,418.3265380859375
2024-01-24,420.64794921875
2024-01-25,421.16162109375
2024-01-26,418.65252685546875
2024-01-29,422.9396667480469
2024-01-30,420.1243591308594
2024-01-31,411.8957824707031
2024-02-01,416.7460021972656
2024-02-02,423.78924560546875
2024-02-05,423.2360534667969
2024-02-06,422.3865051269531
2024-02-07,426.73297119140625
2024-02-08,427.5232849121094
2024-02-09,431.7313537597656
2024-02-12,430.042236328125
2024-02-13,423.3348388671875
2024-02-14,427.947998046875
2024-02-15,429.2222900390625
2024-02-16,425.33026123046875
2024-02-20,422.11981201171875
2024-02-21,420.43060302734375
2024-02-22,432.739013671875
2024-02-23,431.4647216796875
2024-02-26,431.2374267578125
2024-02-27,432.27471923828125
2024-02-28,429.97308349609375
2024-02-29,433.65765380859375
2024-03-01,440.187255859375
2024-03-04,438.6165466308594
2024-03-05,430.7435302734375
2024-03-06,433.4502258300781
2024-03-07,440.0291442871094
2024-03-08,433.67742919921875
2024-03-11,432.0672302246094
2024-03-12,438.260986328125
2024-03-13,434.8924865722656
2024-03-14,433.7959899902344
2024-03-15,428.6394958496094
2024-03-18,432.72760009765625
2024-03-19,433.80572509765625
2024-03-20,438.9492492675781
2024-03-21,441.0264892578125
2024-03-22,441.5309143066406
2024-03-25,439.92852783203125
2024-03-26,438.504150390625
2024-03-27,439.9977722167969
2024-03-28,439.1866149902344
2024-04-01,440.1164855957031
2024-04-02,436.31817626953125
2024-04-03,437.29742431640625
2024-04-04,430.6108093261719
2024-04-05,435.68511962890625
2024-04-08,435.8137512207031
2024-04-09,437.42596435546875
2024-04-10,433.60797119140625
2024-04-11,440.53192138671875
2024-04-12,433.50897216796875
2024-04-15,426.37738037109375
2024-04-16,426.41693115234375
2024-04-17,421.21405029296875
2024-04-18,418.8104553222656
2024-04-19,410.1455993652344
2024-04-22,414.2702941894531
2024-04-23,420.45245361328125
2024-04-24,421.8767395019531
2024-04-25,419.8391418457031
2024-04-26,426.3179626464844
2024-04-29,428.0489196777344
2024-04-30,419.9776306152344
2024-05-01,416.94097900390625
2024-05-02,422.26251220703125
2024-05-03,430.7493591308594
2024-05-06,435.46746826171875
2024-05-07,435.5367431640625
2024-05-08,435.27960205078125
2024-05-09,436.2290954589844
2024-05-10,437.2578430175781
2024-05-13,438.2667541503906
2024-05-14,441.08587646484375
2024-05-15,447.9800720214844
2024-05-16,447.07012939453125
2024-05-17,446.85247802734375
2024-05-20,449.9682922363281
2024-05-21,450.8485412597656
2024-05-22,450.75958251953125
2024-05-23,448.7318115234375
2024-05-24,452.9752502441406
2024-05-28,454.6864318847656
2024-05-29,451.4816589355469
2024-05-30,446.6447448730469
2024-05-31,445.81390380859375
2024-06-03,448.20758056640625
2024-06-04,449.4341125488281
2024-06-05,458.4945983886719
2024-06-06,458.33636474609375
2024-06-07,457.9308166503906
2024-06-10,459.7804870605469
2024-06-11,462.9358215332031
2024-06-12,468.999267578125
2024-06-13,471.5413513183594
2024-06-14,473.9844970703125
2024-06-17,479.7906799316406
2024-06-18,479.9390563964844
2024-06-20,476.23974609375
2024-06-21,474.9637756347656
2024-06-24,469.5564880371094
2024-06-25,474.92608642578125
2024-06-26,475.90692138671875
2024-06-27,477.1354064941406
2024-06-28,474.6585998535156
2024-07-01,477.4425354003906
2024-07-02,482.45550537109375
2024-07-03,486.4777526855469
2024-07-05,491.5501708984375
2024-07-08,492.7192077636719
2024-07-09,493.1452331542969
2024-07-10,498.28704833984375
2024-07-11,487.3594970703125
2024-07-12,490.22265625
2024-07-15,491.5403137207031
2024-07-16,491.728515625
2024-07-17,477.29388427734375
2024-07-18,475.0350646972656
2024-07-19,470.8245544433594
2024-07-22,477.8387756347656
2024-07-23,476.1545715332031
2024-07-24,459.07476806640625
2024-07-25,454.01220703125
2024-07-26,458.6685791015625
2024-07-29,459.5899353027344
2024-07-30,453.27911376953125
2024-07-31,466.69329833984375
2024-08-01,455.3893127441406
2024-08-02,444.5806579589844
2024-08-05,431.32501220703125
2024-08-06,435.4463195800781
2024-08-07,430.7305908203125
2024-08-08,443.9070129394531
2024-08-09,446.2252502441406
2024-08-12,447.18621826171875
2024-08-13,458.2822265625
2024-08-14,458.4308166503906
2024-08-15,470.01220703125
2024-08-16,470.61651611328125
2024-08-19,476.79852294921875
2024-08-20,475.79791259765625
2024-08-21,478.01708984375
2024-08-22,470.43817138671875
2024-08-23,475.54034423828125
2024-08-26,470.9236755371094
2024-08-27,472.3304443359375
2024-08-28,466.970703125
2024-08-29,466.2871398925781
2024-08-30,471.8450012207031
2024-09-03,457.51934814453125
2024-09-04,456.33050537109375
2024-09-05,456.7565002441406
2024-09-06,444.521240234375
2024-09-09,450.2376403808594
2024-09-10,454.3985900878906
2024-09-11,464.2660827636719
2024-09-12,468.8233642578125
2024-09-13,470.9236755371094
2024-09-16,468.8431396484375
2024-09-17,469.0907897949219
2024-09-18,467.05987548828125
2024-09-19,478.869140625
2024-09-20,477.9576416015625
2024-09-23,479.2245788574219
2024-09-24,481.53619384765625
2024-09-25,481.9826354980469
2024-09-26,485.6037902832031
2024-09-27,482.9053039550781
2024-09-30,484.2148742675781
2024-10-01,477.46856689453125
2024-10-02,478.1432189941406
2024-10-03,477.7860107421875
2024-10-04,483.4707946777344
2024-10-07,478.2919921875
2024-10-08,485.4350891113281
2024-10-09,489.2547302246094
2024-10-10,488.69915771484375
2024-10-11,489.4630432128906
2024-10-14,493.5703430175781
2024-10-15,486.972900390625
2024-10-16,487.0324401855469
2024-10-17,487.3697204589844
2024-10-18,490.5643005371094
2024-10-21,491.50677490234375
2024-10-22,492.0425109863281
2024-10-23,484.5025939941406
2024-10-24,488.4313049316406
2024-10-25,491.4075622558594
2024-10-28,491.4869384765625
2024-10-29,496.2093505859375
2024-10-30,492.4592590332031
2024-10-31,480.0281677246094
2024-11-01,483.57989501953125
2024-11-04,482.171142578125
2024-11-05,488.3221130371094
2024-11-06,501.5865478515625
2024-11-07,509.4836730957031
2024-11-08,510.0789489746094
2024-11-11,509.78131103515625
2024-11-12,508.8586120605469
2024-11-13,508.203857421875
2024-11-14,504.6719970703125
2024-11-15,492.64776611328125
2024-11-18,496.0704650878906
2024-11-19,499.4832763671875
2024-11-20,499.1955871582031
2024-11-21,500.9913024902344
2024-11-22,501.79486083984375
2024-11-25,502.5885314941406
2024-11-26,505.28704833984375
2024-11-27,501.3087158203125
2024-11-29,505.71368408203125
2024-12-02,511.2198486328125
2024-12-03,512.787353515625
2024-12-04,519.1270141601562
2024-12-05,517.6883544921875
2024-12-06,522.3214721679688
2024-12-09,518.2538452148438
2024-12-10,516.4878540039062
2024-12-11,525.7342529296875
2024-12-12,522.34130859375
2024-12-13,526.3394775390625
2024-12-16,533.9190673828125
2024-12-17,531.5678100585938
2024-12-18,512.3905639648438
2024-12-19,510.108642578125
2024-12-20,514.563232421875
2024-12-23,519.5764770507812
2024-12-24,526.621826171875
2024-12-26,526.2640380859375
2024-12-27,519.2683715820312
2024-12-30,512.3621826171875
2024-12-31,508.009765625
2025-01-02,507.01605224609375
2025-01-03,515.3134155273438
2025-01-06,521.2359008789062
2025-01-07,511.93487548828125
2025-01-08,512.0243530273438
2025-01-10,503.9952087402344
2025-01-13,502.37548828125
2025-01-14,501.89849853515625
2025-01-15,513.4453125
2025-01-16,509.8481140136719
2025-01-17,518.4534912109375
2025-01-21,521.4942016601562
2025-01-22,528.1620483398438
2025-01-23,529.2849731445312
2025-01-24,526.2938842773438
2025-01-27,510.9709777832031
2025-01-28,518.5231323242188
2025-01-29,517.5493774414062
2025-01-30,519.7553100585938
2025-01-31,519.0000610351562
2025-02-03,514.846435546875
2025-02-04,521.1663208007812
2025-02-05,523.5313720703125
2025-02-06,526.2640380859375
2025-02-07,519.6261596679688
2025-02-10,525.916259765625
2025-02-11,524.6642456054688
2025-02-12,524.97216796875
2025-02-13,532.5243530273438
2025-02-14,534.7603149414062
2025-02-18,535.9724731445312
2025-02-19,536.12158203125
2025-02-20,533.8460083007812
2025-02-21,522.7662353515625
2025-02-24,516.5953369140625
2025-02-25,510.0865783691406
2025-02-26,511.3187561035156
2025-02-27,497.11883544921875
2025-02-28,504.96905517578125
2025-03-03,493.9190673828125
2025-03-04,492.42852783203125
2025-03-05,498.8478698730469
2025-03-06,485.1248474121094
2025-03-07,488.6922607421875
2025-03-10,469.7522888183594
2025-03-11,468.62939453125
2025-03-12,473.9158935546875
2025-03-13,465.3899230957031
2025-03-14,476.638671875
2025-03-17,479.72900390625
2025-03-18,471.5508728027344
2025-03-19,477.86090087890625
2025-03-20,476.24114990234375
2025-03-21,477.8111877441406
2025-03-24,488.29644775390625
2025-03-25,491.0829772949219
2025-03-26,482.0467224121094
2025-03-27,479.2999572753906
2025-03-28,466.68109130859375
2025-03-31,466.6611328125
2025-04-01,470.4229431152344
2025-04-02,473.8563537597656
2025-04-03,448.4891052246094
2025-04-04,420.63397216796875
2025-04-07,421.6490478515625
2025-04-08,414.0557861328125
2025-04-09,463.7552185058594
2025-04-10,444.0306701660156
2025-04-11,452.21112060546875
2025-04-14,455.2762756347656
2025-04-15,455.7838134765625
2025-04-16,442.0403137207031
2025-04-17,441.9607238769531
2025-04-21,431.02362060546875
2025-04-22,442.3388977050781
2025-04-23,452.3703308105469
2025-04-24,465.0987548828125
2025-04-25,470.28363037109375
2025-04-28,470.13433837890625
2025-04-29,473.23931884765625
2025-04-30,473.1795654296875
2025-05-01,479.35968017578125
2025-05-02,486.4752197265625
2025-05-05,483.5892028808594
2025-05-06,479.09100341796875
2025-05-07,480.9718933105469
2025-05-08,485.9378662109375
2025-05-09,485.6194152832031
2025-05-12,505.40362548828125
2025-05-13,513.1063842773438
2025-05-14,516.181396484375
2025-05-15,516.748779296875
2025-05-16,518.9978637695312
2025-05-19,519.4954223632812
2025-05-20,517.7638549804688
2025-05-21,510.5686340332031
2025-05-22,511.5240173339844
2025-05-23,506.78692626953125
2025-05-27,518.7091674804688
2025-05-28,516.4103393554688
2025-05-29,517.4254760742188
2025-05-30,516.6093139648438
2025-06-02,520.689697265625
2025-06-03,524.7598876953125
2025-06-04,526.2228393554688
2025-06-05,522.2620239257812
2025-06-06,527.3672485351562
2025-06-09,528.1436157226562
2025-06-10,531.63671875
2025-06-11,529.8453369140625
2025-06-12,531.0892944335938
2025-06-13,524.421630859375
2025-06-16,531.7162475585938
2025-06-17,526.5313720703125
2025-06-18,526.4417724609375
2025-06-20,524.292236328125
2025-06-23,529.6832275390625
2025-06-24,537.7831420898438
2025-06-25,539.157958984375
2025-06-26,544.1992797851562
2025-06-27,546.0623779296875
2025-06-30,549.5992431640625
2025-07-01,544.9664306640625
2025-07-02,548.7623291015625
2025-07-03,554.1622924804688
2025-07-07,549.9878540039062
2025-07-08,550.2967529296875
2025-07-09,554.1921997070312
2025-07-10,553.3952026367188
2025-07-11,552.1497192382812
2025-07-14,554.15234375
2025-07-15,554.660400390625
2025-07-16,555.2283325195312
2025-07-17,559.7216186523438
2025-07-18,559.1836547851562
2025-07-21,562.0828857421875
2025-07-22,559.1737060546875
2025-07-23,561.7241821289062
2025-07-24,562.9197998046875
2025-07-25,564.2747802734375
2025-07-28,566.0381469726562
2025-07-29,565.1614379882812
2025-07-30,565.918701171875
2025-07-31,562.9197998046875
2025-08-01,551.8309326171875
2025-08-04,562.0131225585938
2025-08-05,558.197265625
2025-08-06,565.2212524414062
2025-08-07,567.1340942382812
2025-08-08,572.4244384765625
2025-08-11,570.730712890625
2025-08-12,577.9041137695312
2025-08-13,578.1930541992188
2025-08-14,577.7447509765625
2025-08-15,575.2041625976562
2025-08-18,574.9749755859375
2025-08-19,567.1740112304688
2025-08-20,563.8065185546875
2025-08-21,561.1961669921875
2025-08-22,569.85400390625
2025-08-25,568.2100830078125
2025-08-26,570.4916381835938
2025-08-27,571.368408203125
2025-08-28,574.9451293945312
2025-08-29,568.2898559570312
2025-09-02,563.5275268554688
2025-09-03,567.9611206054688
2025-09-04,573.1019287109375
2025-09-05,573.9288330078125
2025-09-08,576.7284545898438
2025-09-09,578.3624877929688
2025-09-10,578.5517578125
2025-09-11,581.919189453125
2025-09-12,584.4896240234375
2025-09-15,589.4910888671875
2025-09-16,588.9929809570312
2025-09-17,587.8173217773438
2025-09-18,593.1176147460938
2025-09-19,597.1326904296875
2025-09-22,600.667724609375
2025-09-23,596.6779174804688
2025-09-24,594.583251953125
2025-09-25,592.0198364257812
2025-09-26,594.4535522460938
2025-09-29,597.20654296875
2025-09-30,598.8424072265625
2025-10-01,601.7150268554688
2025-10-02,604.188720703125
2025-10-03,601.645263671875
2025-10-06,606.1636962890625
2025-10-07,602.9718627929688
2025-10-08,609.88427734375
2025-10-09,609.1461181640625
2025-10-10,588.0000610351562
2025-10-13,600.4782104492188
2025-10-14,596.4783935546875
2025-10-15,600.6876220703125
2025-10-16,598.4633178710938
2025-10-17,602.393310546875
2025-10-20,609.98388671875
2025-10-21,609.8244018554688
2025-10-22,603.9493408203125
2025-10-23,609.0264282226562
2025-10-24,615.52978515625
2025-10-27,626.4918823242188
2025-10-28,631.3095703125
2025-10-29,634.15234375
2025-10-30,624.45703125
2025-10-31,627.4693603515625
2025-11-03,630.4716796875
2025-11-04,617.6743774414062
2025-11-05,621.6941528320312
2025-11-06,610.1136474609375
2025-11-07,608.1885375976562
2025-11-10,621.6442260742188
2025-11-11,619.9884643554688
2025-11-12,619.4996948242188
2025-11-13,606.8519897460938
2025-11-14,607.310791015625
2025-11-17,602.1240234375
2025-11-18,594.792724609375
2025-11-19,598.3436889648438
2025-11-20,584.1798095703125
2025-11-21,588.568603515625
2025-11-24,603.6201782226562
2025-11-25,607.3406982421875
2025-11-26,612.70703125
2025-11-28,617.6743774414062
2025-12-01,615.599609375
2025-12-02,620.4173583984375
2025-12-03,621.9335327148438
2025-12-04,621.35498046875
2025-12-05,623.8884887695312
2025-12-08,622.6915893554688
2025-12-09,623.4595947265625
2025-12-10,626.0130615234375
2025-12-11,623.98828125
2025-12-12,612.0587158203125
2025-12-15,608.9865112304688
2025-12-16,610.1934204101562
2025-12-17,598.8822631835938
2025-12-18,607.5601806640625
2025-12-19,615.4799194335938
2025-12-22,618.4302368164062
2025-12-23,621.3265380859375
2025-12-24,623.144287109375
2025-12-26,623.1043090820312
2025-12-29,620.088134765625
2025-12-30,618.64990234375
2025-12-31,613.536376953125
2026-01-02,612.347900390625
2026-01-05,617.2117309570312
2026-01-06,622.6348876953125
2026-01-07,623.2341918945312
2026-01-08,619.6885986328125
2026-01-09,625.86083984375
2026-01-12,626.3801879882812
2026-01-13,625.4513549804688
2026-01-14,618.769775390625
2026-01-15,620.9970092773438
2026-01-16,620.4776611328125
2026-01-20,607.2942504882812
2026-01-21,615.50390625
2026-01-22,619.978271484375
2026-01-23,621.935791015625
2026-01-26,624.67236328125
2026-01-27,630.335205078125
2026-01-28,632.4225463867188
2026-01-29,628.6373291015625
2026-01-30,621.0868530273438
2026-02-02,625.3515014648438
2026-02-03,615.7435913085938
2026-02-04,604.9871826171875
2026-02-05,596.2781982421875
2026-02-06,608.8822631835938
2026-02-09,613.54638671875
2026-02-10,610.699951171875
2026-02-11,612.337890625
2026-02-12,599.8836059570312
2026-02-13,601.1619873046875
2026-02-17,600.542724609375
2026-02-18,605.027099609375
2026-02-19,602.7100219726562
2026-02-20,608.0433349609375
2026-02-23,600.652587890625
2026-02-24,607.1044921875
2026-02-25,615.9033813476562
2026-02-26,608.4727783203125
2026-02-27,606.5252075195312
2026-03-02,607.32421875
2026-03-03,600.8224487304688
2026-03-04,609.9808959960938
2026-03-05,608.1431274414062
2026-03-06,598.9946899414062
2026-03-09,606.99462890625
2026-03-10,607.004638671875
2026-03-11,606.9247436523438
2026-03-12,596.5078735351562
2026-03-13,592.9722900390625
2026-03-16,599.6239013671875
2026-03-17,602.5502319335938
2026-03-18,594.15087890625
2026-03-19,592.273193359375
2026-03-20,581.3269653320312
2026-03-23,588.0
2026-03-24,583.97998046875
2026-03-25,587.8200073242188
2026-03-26,573.7899780273438
2026-03-27,562.5800170898438
2026-03-30,558.280029296875
2026-03-31,577.1799926757812
2026-04-01,584.3099975585938
2026-04-02,584.97998046875
2026-04-06,588.5
2026-04-07,588.5900268554688
2026-04-08,606.0900268554688
2026-04-09,610.1900024414062
2026-04-10,611.0700073242188
2026-04-13,617.3900146484375
2026-04-14,628.5999755859375
2026-04-15,637.4000244140625
2026-04-16,640.469970703125
2026-04-17,648.8499755859375
2026-04-20,646.7899780273438
2026-04-21,644.3300170898438
2026-04-22,655.1099853515625
2026-04-23,651.4199829101562
2026-04-24,663.8800048828125
2026-04-27,664.22998046875
2026-04-28,657.5499877929688
2026-04-29,661.5700073242188
2026-04-30,667.739990234375
2026-05-01,674.1500244140625
2026-05-04,672.8800048828125
2026-05-05,681.6099853515625
2026-05-06,695.77001953125
2026-05-07,694.9400024414062
2026-05-08,711.22998046875
2026-05-11,713.2899780273438
2026-05-12,707.239990234375
2026-05-13,714.7100219726562
2026-05-14,719.7899780273438
2026-05-15,708.9299926757812
2026-05-18,705.8800048828125
2026-05-19,701.530029296875
2026-05-20,713.1500244140625
2026-05-21,714.510009765625
2026-05-22,717.5399780273438
