Date,SHV
1991-10-28,37.63102646701394
1991-10-29,37.70627631805988
1991-10-30,37.74391440477566
1991-10-31,37.80042271726579
1991-11-01,37.83804910514352
1991-11-04,37.83804910514352
1991-11-05,37.80042271726579
1991-11-06,37.80042271726579
1991-11-07,37.80042271726579
1991-11-08,37.80042271726579
1991-11-11,37.80042271726579
1991-11-12,37.80042271726579
1991-11-13,37.76274075990733
1991-11-14,37.83804910514352
1991-11-15,37.83804910514352
1991-11-18,37.875701815406856
1991-11-19,37.83804910514352
1991-11-20,37.875701815406856
1991-11-21,37.91338377276532
1991-11-22,37.91338377276532
1991-11-25,37.875701815406856
1991-11-26,37.91338377276532
1991-11-27,37.91338377276532
1991-11-29,38.117560668539284
1991-12-02,38.26880909626635
1991-12-03,38.30657294549117
1991-12-04,38.26880909626635
1991-12-05,38.30657294549117
1991-12-06,38.26880909626635
1991-12-09,38.38224980412593
1991-12-10,38.38224980412593
1991-12-11,38.38224980412593
1991-12-12,38.38224980412593
1991-12-13,38.38224980412593
1991-12-16,38.38224980412593
1991-12-17,38.4200984699266
1991-12-18,38.38224980412593
1991-12-19,38.4200984699266
1991-12-20,38.571326424687086
1991-12-23,38.609142918683126
1991-12-24,38.571326424687086
1991-12-26,38.571326424687086
1991-12-27,38.571326424687086
1991-12-30,38.609142918683126
1991-12-31,38.7915307285893
1992-01-02,38.829511006318036
1992-01-03,38.753570923827155
1992-01-06,38.7915307285893
1992-01-07,38.867473735789694
1992-01-08,38.867473735789694
1992-01-09,38.829511006318036
1992-01-10,38.71550290481304
1992-01-13,38.56354962209347
1992-01-14,38.525563494945715
1992-01-15,38.4875656689599
1992-01-16,38.4875656689599
1992-01-17,38.525563494945715
1992-01-20,38.525563494945715
1992-01-21,38.601570845755376
1992-01-22,38.601570845755376
1992-01-23,38.525563494945715
1992-01-24,38.525563494945715
1992-01-27,38.44960586419776
1992-01-28,38.525563494945715
1992-01-29,38.4875656689599
1992-01-30,38.41159341466438
1992-01-31,38.61383707745061
1992-02-03,38.57565499476552
1992-02-04,38.61383707745061
1992-02-05,38.65195189181692
1992-02-06,38.69013397450201
1992-02-07,38.72827803596345
1992-02-10,38.72827803596345
1992-02-11,38.69013397450201
1992-02-12,38.65195189181692
1992-02-13,38.57565499476552
1992-02-14,38.53750215917555
1992-02-18,38.53750215917555
1992-02-19,38.53750215917555
1992-02-20,38.53750215917555
1992-02-21,38.423023179439056
1992-02-24,38.384905440363234
1992-02-25,38.423023179439056
1992-02-26,38.46117309031951
1992-02-27,38.499328850618994
1992-02-28,38.69089439897525
1992-03-02,38.5759796375214
1992-03-03,38.537695190003376
1992-03-04,38.537695190003376
1992-03-05,38.42269853668317
1992-03-06,38.4610297795534
1992-03-09,38.499328850618994
1992-03-10,38.4610297795534
1992-03-11,38.4610297795534
1992-03-12,38.346094545132964
1992-03-13,38.23115931071253
1992-03-16,38.23115931071253
1992-03-17,38.26946715590666
1992-03-18,38.26946715590666
1992-03-19,38.30778669993884
1992-03-20,38.23115931071253
1992-03-23,38.23115931071253
1992-03-24,38.30778669993884
1992-03-25,38.346094545132964
1992-03-26,38.346094545132964
1992-03-27,38.38438191736051
1992-03-30,38.42269853668317
1992-03-31,38.5958705869156
1992-04-01,38.67286356483097
1992-04-02,38.67286356483097
1992-04-03,38.78831062341609
1992-04-06,38.8267559299573
1992-04-07,38.865250956560224
1992-04-08,38.865250956560224
1992-04-09,39.019213514714856
1992-04-10,38.98069801514534
1992-04-13,39.019213514714856
1992-04-14,38.98069801514534
1992-04-15,38.94221468738047
1992-04-16,38.865250956560224
1992-04-20,38.749824370941695
1992-04-21,38.749824370941695
1992-04-22,38.749824370941695
1992-04-23,38.749824370941695
1992-04-24,38.8267559299573
1992-04-27,38.78831062341609
1992-04-28,38.78831062341609
1992-04-29,38.78831062341609
1992-04-30,38.966112488806736
1992-05-01,39.04343010947798
1992-05-04,39.04343010947798
1992-05-05,39.082115242199215
1992-05-06,39.12074480543971
1992-05-07,39.082115242199215
1992-05-08,39.12074480543971
1992-05-11,39.15940361577534
1992-05-12,39.19807704965852
1992-05-13,39.23668906464195
1992-05-14,39.23668906464195
1992-05-15,39.27538297149172
1992-05-18,39.27538297149172
1992-05-19,39.39132723069395
1992-05-20,39.31403300769881
1992-05-21,39.082115242199215
1992-05-22,39.15940361577534
1992-05-26,39.082115242199215
1992-05-27,39.12074480543971
1992-05-28,39.19807704965852
1992-05-29,39.41942783968962
1992-06-01,39.341753404457855
1992-06-02,39.380614019749835
1992-06-03,39.41942783968962
1992-06-04,39.41942783968962
1992-06-05,39.45827090672453
1992-06-08,39.45827090672453
1992-06-09,39.45827090672453
1992-06-10,39.45827090672453
1992-06-11,39.49709642550236
1992-06-12,39.53590147131361
1992-06-15,39.53590147131361
1992-06-16,39.57477086073413
1992-06-17,39.613628551316594
1992-06-18,39.65243067241833
1992-06-19,39.613628551316594
1992-06-22,39.613628551316594
1992-06-23,39.57477086073413
1992-06-24,39.65243067241833
1992-06-25,39.73014020416425
1992-06-26,39.69130591125788
1992-06-29,39.768933551137444
1992-06-30,39.90549116298346
1992-07-01,39.944457067817886
1992-07-02,40.17857129016134
1992-07-06,40.21758983976699
1992-07-07,40.295571369497566
1992-07-08,40.33458991910322
1992-07-09,40.295571369497566
1992-07-10,40.33458991910322
1992-07-13,40.33458991910322
1992-07-14,40.373561673356676
1992-07-15,40.490620246883154
1992-07-16,40.490620246883154
1992-07-17,40.451622170244086
1992-07-20,40.451622170244086
1992-07-21,40.451622170244086
1992-07-22,40.490620246883154
1992-07-23,40.568604701323245
1992-07-24,40.52960954939368
1992-07-27,40.52960954939368
1992-07-28,40.52960954939368
1992-07-29,40.52960954939368
1992-07-30,40.451622170244086
1992-07-31,40.51038250905881
1992-08-03,40.51038250905881
1992-08-04,40.58871500393088
1992-08-05,40.62790611139777
1992-08-06,40.66709721886466
1992-08-07,40.745438487865265
1992-08-10,40.82380315454197
1992-08-11,40.78455355288483
1992-08-12,40.78455355288483
1992-08-13,40.745438487865265
1992-08-14,40.78455355288483
1992-08-17,40.78455355288483
1992-08-18,40.90211517644745
1992-08-19,40.90211517644745
1992-08-20,40.90211517644745
1992-08-21,40.82380315454197
1992-08-24,40.66709721886466
1992-08-25,40.62790611139777
1992-08-26,40.66709721886466
1992-08-27,40.70623275685082
1992-08-28,40.78455355288483
1992-08-31,41.00104055099671
1992-09-01,41.04035449626313
1992-09-02,41.07970061333418
1992-09-03,41.07970061333418
1992-09-04,41.276457521075045
1992-09-08,41.355164378764705
1992-09-09,41.315835809950734
1992-09-10,41.315835809950734
1992-09-11,41.276457521075045
1992-09-14,41.315835809950734
1992-09-15,41.23713187697058
1992-09-16,41.23713187697058
1992-09-17,41.23713187697058
1992-09-18,41.23713187697058
1992-09-21,41.15843671811896
1992-09-22,41.119040880986205
1992-09-23,41.119040880986205
1992-09-24,41.15843671811896
1992-09-25,41.276457521075045
1992-09-28,41.315835809950734
1992-09-29,41.276457521075045
1992-09-30,41.44638314374865
1992-10-01,41.56486020138867
1992-10-02,41.52533275232785
1992-10-05,41.56486020138867
1992-10-06,41.48586672216678
1992-10-07,41.36733409504603
1992-10-08,41.406890791201974
1992-10-09,41.24881609147283
1992-10-12,41.28831429343853
1992-10-13,41.28831429343853
1992-10-14,41.209291567121525
1992-10-15,41.209291567121525
1992-10-16,41.209291567121525
1992-10-19,41.090767714129306
1992-10-20,40.85370830930682
1992-10-21,40.932725186204806
1992-10-22,40.932725186204806
1992-10-23,40.814227655598195
1992-10-26,40.814227655598195
1992-10-27,40.89322113482008
1992-10-28,40.85370830930682
1992-10-29,40.89322113482008
1992-10-30,40.9845042434133
1992-11-02,40.90510422956918
1992-11-03,40.9845042434133
1992-11-04,40.9845042434133
1992-11-05,41.02412820788803
1992-11-06,40.94476913997709
1992-11-09,40.90510422956918
1992-11-10,40.94476913997709
1992-11-11,40.9845042434133
1992-11-12,41.02412820788803
1992-11-13,40.94476913997709
1992-11-16,40.86545101799933
1992-11-17,40.86545101799933
1992-11-18,40.94476913997709
1992-11-19,40.94476913997709
1992-11-20,40.86545101799933
1992-11-23,40.86545101799933
1992-11-24,40.90510422956918
1992-11-25,40.86545101799933
1992-11-27,40.746415340842425
1992-11-30,40.79419632014739
1992-12-01,40.75435885187825
1992-12-02,40.75435885187825
1992-12-03,40.79419632014739
1992-12-04,40.87386248255714
1992-12-07,40.91370580024531
1992-12-08,40.99340120975018
1992-12-09,40.95359298857617
1992-12-10,40.91370580024531
1992-12-11,40.87386248255714
1992-12-14,40.834057186092636
1992-12-15,40.87386248255714
1992-12-16,40.95359298857617
1992-12-17,40.91370580024531
1992-12-18,40.95359298857617
1992-12-21,40.95359298857617
1992-12-22,41.03323867801933
1992-12-23,41.03323867801933
1992-12-24,41.03323867801933
1992-12-28,40.99340120975018
1992-12-29,41.03323867801933
1992-12-30,41.07307614628847
1992-12-31,41.24911441184311
1993-01-04,41.32914616294191
1993-01-05,41.32914616294191
1993-01-06,41.28914783564959
1993-01-07,41.20912485867932
1993-01-08,41.28914783564959
1993-01-11,41.3691591137818
1993-01-12,41.32914616294191
1993-01-13,41.3691591137818
1993-01-14,41.40921885997389
1993-01-15,41.489177493334886
1993-01-18,41.489177493334886
1993-01-19,41.44914406952841
1993-01-20,41.44914406952841
1993-01-21,41.489177493334886
1993-01-22,41.52920506772234
1993-01-25,41.569159524371976
1993-01-26,41.52920506772234
1993-01-27,41.569159524371976
1993-01-28,41.64920589901835
1993-01-29,41.82599289020817
1993-02-01,41.86622811897101
1993-02-02,41.785862950987784
1993-02-03,41.785862950987784
1993-02-04,41.86622811897101
1993-02-05,41.98673784972218
1993-02-08,41.906358058191394
1993-02-09,41.86622811897101
1993-02-10,41.82599289020817
1993-02-11,41.86622811897101
1993-02-12,41.906358058191394
1993-02-16,41.94652894334496
1993-02-17,42.02689118661867
1993-02-18,42.14745941156009
1993-02-19,42.10727097814946
1993-02-22,42.14745941156009
1993-02-23,42.14745941156009
1993-02-24,42.06704452351516
1993-02-25,42.06704452351516
1993-02-26,42.26468176881927
1993-03-01,42.3050339859626
1993-03-02,42.3050339859626
1993-03-03,42.34536280542984
1993-03-04,42.42602044436431
1993-03-05,42.224338325804474
1993-03-08,42.224338325804474
1993-03-09,42.143747955188786
1993-03-10,42.143747955188786
1993-03-11,42.143747955188786
1993-03-12,42.06301427380699
1993-03-15,42.02274394853001
1993-03-16,42.103384039207405
1993-03-17,42.184041678141874
1993-03-18,42.26468176881927
1993-03-19,42.224338325804474
1993-03-22,42.224338325804474
1993-03-23,42.3050339859626
1993-03-24,42.224338325804474
1993-03-25,42.224338325804474
1993-03-26,42.143747955188786
1993-03-29,42.184041678141874
1993-03-30,42.224338325804474
1993-03-31,42.35391173133475
1993-04-01,42.35391173133475
1993-04-02,42.313445450520426
1993-04-05,42.35391173133475
1993-04-06,42.39440725924419
1993-04-07,42.39440725924419
1993-04-08,42.47537784209649
1993-04-12,42.51589091826301
1993-04-13,42.51589091826301
1993-04-14,42.55637767204392
1993-04-15,42.55637767204392
1993-04-16,42.55637767204392
1993-04-19,42.55637767204392
1993-04-20,42.55637767204392
1993-04-21,42.5968585764058
1993-04-22,42.5968585764058
1993-04-23,42.5968585764058
1993-04-26,42.55637767204392
1993-04-27,42.47537784209649
1993-04-28,42.47537784209649
1993-04-29,42.55637767204392
1993-04-30,42.72306271657773
1993-05-03,42.76369570583426
1993-05-04,42.76369570583426
1993-05-05,42.72306271657773
1993-05-06,42.72306271657773
1993-05-07,42.76369570583426
1993-05-10,42.76369570583426
1993-05-11,42.76369570583426
1993-05-12,42.72306271657773
1993-05-13,42.68239170609753
1993-05-14,42.601087706360815
1993-05-17,42.56040499704257
1993-05-18,42.51977493249555
1993-05-19,42.56040499704257
1993-05-20,42.56040499704257
1993-05-21,42.47911562085341
1993-05-24,42.39784964234035
1993-05-25,42.39784964234035
1993-05-26,42.43851480340152
1993-05-27,42.39784964234035
1993-05-28,42.52844084678095
1993-06-01,42.61008118811161
1993-06-02,42.61008118811161
1993-06-03,42.650872111681814
1993-06-04,42.48763529966319
1993-06-07,42.48763529966319
1993-06-08,42.48763529966319
1993-06-09,42.48763529966319
1993-06-10,42.48763529966319
1993-06-11,42.61008118811161
1993-06-14,42.61008118811161
1993-06-15,42.650872111681814
1993-06-16,42.69167180938055
1993-06-17,42.69167180938055
1993-06-18,42.61008118811161
1993-06-21,42.650872111681814
1993-06-22,42.650872111681814
1993-06-23,42.650872111681814
1993-06-24,42.650872111681814
1993-06-25,42.69167180938055
1993-06-28,42.732547549526615
1993-06-29,42.773341397806334
1993-06-30,42.90035860722272
1993-07-01,42.94131331452562
1993-07-02,42.98232944072828
1993-07-06,42.94131331452562
1993-07-07,42.94131331452562
1993-07-08,42.94131331452562
1993-07-09,42.94131331452562
1993-07-12,42.94131331452562
1993-07-13,42.90035860722272
1993-07-14,42.94131331452562
1993-07-15,42.94131331452562
1993-07-16,42.90035860722272
1993-07-19,42.90035860722272
1993-07-20,42.81842579494082
1993-07-21,42.73642863904964
1993-07-22,42.654527998572384
1993-07-23,42.654527998572384
1993-07-26,42.69549148000382
1993-07-27,42.654527998572384
1993-07-28,42.69549148000382
1993-07-29,42.77744768996182
1993-07-30,42.90493577760971
1993-08-02,42.863831910121675
1993-08-03,42.863831910121675
1993-08-04,42.90493577760971
1993-08-05,42.94609228986897
1993-08-06,42.94609228986897
1993-08-09,43.02837314258285
1993-08-10,42.987216630323594
1993-08-11,42.987216630323594
1993-08-12,43.02837314258285
1993-08-13,43.11066569413479
1993-08-16,43.11066569413479
1993-08-17,43.11066569413479
1993-08-18,43.11066569413479
1993-08-19,43.19294069742964
1993-08-20,43.15174908865623
1993-08-23,43.15174908865623
1993-08-24,43.19294069742964
1993-08-25,43.234027016660605
1993-08-26,43.275160131243766
1993-08-27,43.19294069742964
1993-08-30,43.234027016660605
1993-08-31,43.36208542266343
1993-09-01,43.40339109510782
1993-09-02,43.444664595747575
1993-09-03,43.527188199350995
1993-09-07,43.527188199350995
1993-09-08,43.527188199350995
1993-09-09,43.40339109510782
1993-09-10,43.444664595747575
1993-09-13,43.444664595747575
1993-09-14,43.36208542266343
1993-09-15,43.40339109510782
1993-09-16,43.40339109510782
1993-09-17,43.36208542266343
1993-09-20,43.36208542266343
1993-09-21,43.36208542266343
1993-09-22,43.36208542266343
1993-09-23,43.36208542266343
1993-09-24,43.36208542266343
1993-09-27,43.444664595747575
1993-09-28,43.444664595747575
1993-09-29,43.36208542266343
1993-09-30,43.52374581625484
1993-10-01,43.56519772417485
1993-10-04,43.56519772417485
1993-10-05,43.52374581625484
1993-10-06,43.56519772417485
1993-10-07,43.56519772417485
1993-10-08,43.606632083837795
1993-10-11,43.606632083837795
1993-10-12,43.606632083837795
1993-10-13,43.606632083837795
1993-10-14,43.64811616356245
1993-10-15,43.64811616356245
1993-10-18,43.606632083837795
1993-10-19,43.56519772417485
1993-10-20,43.606632083837795
1993-10-21,43.56519772417485
1993-10-22,43.52374581625484
1993-10-25,43.48225588711116
1993-10-26,43.48225588711116
1993-10-27,43.440850774543335
1993-10-28,43.440850774543335
1993-10-29,43.56561595763513
1993-11-01,43.48236995078214
1993-11-02,43.4408653980909
1993-11-03,43.4408653980909
1993-11-04,43.4408653980909
1993-11-05,43.39921460992404
1993-11-08,43.4408653980909
1993-11-09,43.4408653980909
1993-11-10,43.39921460992404
1993-11-11,43.39921460992404
1993-11-12,43.4408653980909
1993-11-15,43.4408653980909
1993-11-16,43.48236995078214
1993-11-17,43.48236995078214
1993-11-18,43.39921460992404
1993-11-19,43.357572595885706
1993-11-22,43.3160066242947
1993-11-23,43.357572595885706
1993-11-24,43.39921460992404
1993-11-26,43.4408653980909
1993-11-29,43.4408653980909
1993-11-30,43.52014257413549
1993-12-01,43.56196592016359
1993-12-02,43.52014257413549
1993-12-03,43.52014257413549
1993-12-06,43.60374247083949
1993-12-07,43.56196592016359
1993-12-08,43.60374247083949
1993-12-09,43.60374247083949
1993-12-10,43.56196592016359
1993-12-13,43.56196592016359
1993-12-14,43.56196592016359
1993-12-15,43.56196592016359
1993-12-16,43.56196592016359
1993-12-17,43.56196592016359
1993-12-20,43.56196592016359
1993-12-21,43.56196592016359
1993-12-22,43.64540788255392
1993-12-23,43.64540788255392
1993-12-27,43.64540788255392
1993-12-28,43.64540788255392
1993-12-29,43.64540788255392
1993-12-30,43.60374247083949
1993-12-31,43.51987350086034
1994-01-03,43.47791561819467
1994-01-04,43.47791561819467
1994-01-05,43.47791561819467
1994-01-06,43.51987350086034
1994-01-07,43.645653558152965
1994-01-10,43.6875558713379
1994-01-11,43.6875558713379
1994-01-12,43.6875558713379
1994-01-13,43.60369567548729
1994-01-14,43.56181968468797
1994-01-17,43.60369567548729
1994-01-18,43.60369567548729
1994-01-19,43.60369567548729
1994-01-20,43.6875558713379
1994-01-21,43.645653558152965
1994-01-24,43.645653558152965
1994-01-25,43.645653558152965
1994-01-26,43.645653558152965
1994-01-27,43.6875558713379
1994-01-28,43.6875558713379
1994-01-31,43.81383605395715
1994-02-01,43.77173486052536
1994-02-02,43.77173486052536
1994-02-03,43.68757049488546
1994-02-04,43.561316634651824
1994-02-07,43.51923883889614
1994-02-08,43.51923883889614
1994-02-09,43.51923883889614
1994-02-10,43.47713472075485
1994-02-11,43.51923883889614
1994-02-14,43.51923883889614
1994-02-15,43.51923883889614
1994-02-16,43.51923883889614
1994-02-17,43.4350189037755
1994-02-18,43.39299082808153
1994-02-22,43.39299082808153
1994-02-23,43.30874457057528
1994-02-24,43.26669017249569
1994-02-25,43.224586054354404
1994-02-28,43.42312411018835
1994-03-01,43.29638474817565
1994-03-02,43.29638474817565
1994-03-03,43.25415779223483
1994-03-04,43.16966585912953
1994-03-07,43.21192206216547
1994-03-08,43.16966585912953
1994-03-09,43.1274125808031
1994-03-10,43.1274125808031
1994-03-11,43.1274125808031
1994-03-14,43.08521779666692
1994-03-15,43.08521779666692
1994-03-16,43.16966585912953
1994-03-17,43.1274125808031
1994-03-18,43.08521779666692
1994-03-21,43.04297329246903
1994-03-22,43.08521779666692
1994-03-23,43.1274125808031
1994-03-24,43.04297329246903
1994-03-25,43.00070539059503
1994-03-28,43.00070539059503
1994-03-29,42.916274876389494
1994-03-30,42.873998200386964
1994-03-31,42.96307022858877
1994-04-04,42.58136639011833
1994-04-05,42.7085912539101
1994-04-06,42.793419528609334
1994-04-07,42.83584828950651
1994-04-08,42.793419528609334
1994-04-11,42.793419528609334
1994-04-12,42.878233179761004
1994-04-13,42.793419528609334
1994-04-14,42.75101124067874
1994-04-15,42.75101124067874
1994-04-18,42.58136639011833
1994-04-19,42.58136639011833
1994-04-20,42.623742506244284
1994-04-21,42.7085912539101
1994-04-22,42.66617419185098
1994-04-25,42.7085912539101
1994-04-26,42.75101124067874
1994-04-28,42.623742506244284
1994-04-29,42.75578729131258
1994-05-02,42.71319182197319
1994-05-03,42.670622675019416
1994-05-04,42.670622675019416
1994-05-05,42.670622675019416
1994-05-06,42.45765995187004
1994-05-09,42.32993203804213
1994-05-10,42.415108353173345
1994-05-11,42.37252458267201
1994-05-12,42.415108353173345
1994-05-13,42.50026127062846
1994-05-16,42.54283041758223
1994-05-17,42.670622675019416
1994-05-18,42.71319182197319
1994-05-19,42.79835643826635
1994-05-20,42.75578729131258
1994-05-23,42.670622675019416
1994-05-24,42.670622675019416
1994-05-25,42.670622675019416
1994-05-26,42.71319182197319
1994-05-27,42.670622675019416
1994-05-31,42.81174868312389
1994-06-01,42.854528409162555
1994-06-02,42.89731105991074
1994-06-03,42.940041065887705
1994-06-06,43.02558296970797
1994-06-07,43.02558296970797
1994-06-08,43.02558296970797
1994-06-09,43.02558296970797
1994-06-10,42.98288221082613
1994-06-13,42.940041065887705
1994-06-14,43.02558296970797
1994-06-15,42.940041065887705
1994-06-16,42.98288221082613
1994-06-17,42.940041065887705
1994-06-20,42.940041065887705
1994-06-21,42.854528409162555
1994-06-22,42.854528409162555
1994-06-23,42.89731105991074
1994-06-24,42.81174868312389
1994-06-27,42.81174868312389
1994-06-28,42.7689426346996
1994-06-29,42.7689426346996
1994-06-30,42.90645370184667
1994-07-01,42.90645370184667
1994-07-05,42.94936503981341
1994-07-06,42.94936503981341
1994-07-07,42.99234072138941
1994-07-08,42.8635101920753
1994-07-11,42.8635101920753
1994-07-12,42.8635101920753
1994-07-13,42.90645370184667
1994-07-14,43.035298854708344
1994-07-15,43.035298854708344
1994-07-18,43.07822189151313
1994-07-19,43.121188798960596
1994-07-20,43.035298854708344
1994-07-21,42.99234072138941
1994-07-22,42.94936503981341
1994-07-25,42.99234072138941
1994-07-26,42.99234072138941
1994-07-27,42.90645370184667
1994-07-28,42.94936503981341
1994-07-29,43.31611483854667
1994-08-01,43.2729607496904
1994-08-02,43.31611483854667
1994-08-03,43.31611483854667
1994-08-04,43.31611483854667
1994-08-05,43.143516031378674
1994-08-08,43.143516031378674
1994-08-09,43.100402888455584
1994-08-10,43.143516031378674
1994-08-11,43.100402888455584
1994-08-12,43.100402888455584
1994-08-15,43.100402888455584
1994-08-16,43.143516031378674
1994-08-17,43.18668181907299
1994-08-18,43.143516031378674
1994-08-19,43.143516031378674
1994-08-22,43.100402888455584
1994-08-23,43.143516031378674
1994-08-24,43.22982713380072
1994-08-25,43.18668181907299
1994-08-26,43.18668181907299
1994-08-29,43.18668181907299
1994-08-30,43.22982713380072
1994-08-31,43.424835065253134
1994-09-01,43.46812661545649
1994-09-02,43.46812661545649
1994-09-06,43.424835065253134
1994-09-07,43.3814996444071
1994-09-08,43.3814996444071
1994-09-09,43.29481125445795
1994-09-12,43.29481125445795
1994-09-13,43.29481125445795
1994-09-14,43.33811742820886
1994-09-15,43.3814996444071
1994-09-16,43.25149338186898
1994-09-19,43.25149338186898
1994-09-20,43.25149338186898
1994-09-21,43.16478744366275
1994-09-22,43.16478744366275
1994-09-23,43.16478744366275
1994-09-26,43.16478744366275
1994-09-27,43.16478744366275
1994-09-28,43.16478744366275
1994-09-29,43.12145494752623
1994-09-30,43.2694861947896
1994-10-03,43.22595774311574
1994-10-04,43.22595774311574
1994-10-05,43.18244391498944
1994-10-06,43.18244391498944
1994-10-07,43.2694861947896
1994-10-10,43.22595774311574
1994-10-11,43.2694861947896
1994-10-12,43.22595774311574
1994-10-13,43.2694861947896
1994-10-14,43.31298832407785
1994-10-17,43.31298832407785
1994-10-18,43.31298832407785
1994-10-19,43.2694861947896
1994-10-20,43.18244391498944
1994-10-21,43.18244391498944
1994-10-24,43.13889791505851
1994-10-25,43.13889791505851
1994-10-26,43.09535191512757
1994-10-27,43.13889791505851
1994-10-28,43.13889791505851
1994-10-31,43.38822940099526
1994-11-01,43.300704544125544
1994-11-02,43.25698891104288
1994-11-03,43.25698891104288
1994-11-04,43.169461129463656
1994-11-07,43.169461129463656
1994-11-08,43.169461129463656
1994-11-09,43.213220633189
1994-11-10,43.169461129463656
1994-11-11,43.169461129463656
1994-11-14,43.169461129463656
1994-11-15,43.125809839990275
1994-11-16,43.125809839990275
1994-11-17,43.08200061620322
1994-11-18,43.08200061620322
1994-11-21,43.038270359573
1994-11-22,43.038270359573
1994-11-23,43.169461129463656
1994-11-25,43.125809839990275
1994-11-28,43.038270359573
1994-11-29,42.950806921603046
1994-11-30,43.152951144265856
1994-12-01,43.152951144265856
1994-12-02,43.152951144265856
1994-12-05,43.06505192457855
1994-12-06,43.152951144265856
1994-12-07,43.10897521203659
1994-12-08,43.06505192457855
1994-12-09,43.06505192457855
1994-12-12,42.977149780181726
1994-12-13,42.977149780181726
1994-12-14,43.06505192457855
1994-12-15,43.10897521203659
1994-12-16,43.06505192457855
1994-12-19,43.06505192457855
1994-12-20,43.10897521203659
1994-12-21,43.10897521203659
1994-12-22,43.0211052394444
1994-12-23,42.977149780181726
1994-12-27,43.06505192457855
1994-12-28,43.0211052394444
1994-12-29,43.0211052394444
1994-12-30,43.24194713002033
1995-01-03,43.19776061870617
1995-01-04,43.286154114301084
1995-01-05,43.24194713002033
1995-01-06,43.24194713002033
1995-01-09,43.19776061870617
1995-01-10,43.286154114301084
1995-01-11,43.330305529101096
1995-01-12,43.330305529101096
1995-01-13,43.50697553191042
1995-01-16,43.50697553191042
1995-01-17,43.46281534298187
1995-01-18,43.418661003472344
1995-01-19,43.418661003472344
1995-01-20,43.374442320353545
1995-01-23,43.374442320353545
1995-01-24,43.374442320353545
1995-01-25,43.46281534298187
1995-01-26,43.50697553191042
1995-01-27,43.639488270500706
1995-01-30,43.68364845942926
1995-01-31,43.918993984477446
1995-02-01,43.78582318624686
1995-02-02,43.78582318624686
1995-02-03,44.0077969394041
1995-02-06,43.963472966742856
1995-02-07,43.963472966742856
1995-02-08,44.0077969394041
1995-02-09,43.918993984477446
1995-02-10,43.87460274349741
1995-02-13,43.87460274349741
1995-02-14,44.0077969394041
1995-02-15,44.09663499084491
1995-02-16,44.185464268157176
1995-02-17,44.14104962950105
1995-02-21,44.14104962950105
1995-02-22,44.27427599721237
1995-02-23,44.31868478644948
1995-02-24,44.31868478644948
1995-02-27,44.40751406376175
1995-02-28,44.621678842520744
1995-03-01,44.621678842520744
1995-03-02,44.57704777536069
1995-03-03,44.532405009362584
1995-03-06,44.487785641040574
1995-03-07,44.443169197428084
1995-03-08,44.532405009362584
1995-03-09,44.57704777536069
1995-03-10,44.621678842520744
1995-03-13,44.66628943671421
1995-03-14,44.75555449574384
1995-03-15,44.75555449574384
1995-03-16,44.75555449574384
1995-03-17,44.75555449574384
1995-03-20,44.75555449574384
1995-03-21,44.71092342858378
1995-03-22,44.66628943671421
1995-03-23,44.66628943671421
1995-03-24,44.80017093935633
1995-03-27,44.80017093935633
1995-03-28,44.71092342858378
1995-03-29,44.71092342858378
1995-03-30,44.66628943671421
1995-03-31,44.863727801771475
1995-04-03,44.95344619077553
1995-04-04,44.95344619077553
1995-04-05,44.99831708411561
1995-04-06,45.04313240797495
1995-04-07,45.04313240797495
1995-04-10,44.99831708411561
1995-04-11,45.04313240797495
1995-04-12,45.04313240797495
1995-04-13,45.13292391471681
1995-04-17,45.17775971154274
1995-04-18,45.22257796011159
1995-04-19,45.17775971154274
1995-04-20,45.22257796011159
1995-04-21,45.22257796011159
1995-04-24,45.17775971154274
1995-04-25,45.17775971154274
1995-04-26,45.13292391471681
1995-04-27,45.08801500015308
1995-04-28,45.32250943473314
1995-05-01,45.27740748934158
1995-05-02,45.367637702510315
1995-05-03,45.45778309910319
1995-05-04,45.54796651691972
1995-05-05,45.72841524441914
1995-05-08,45.68333962141319
1995-05-09,45.818589888107134
1995-05-10,45.72841524441914
1995-05-11,45.68333962141319
1995-05-12,45.68333962141319
1995-05-15,45.72841524441914
1995-05-16,45.77350549097265
1995-05-17,45.77350549097265
1995-05-18,45.68333962141319
1995-05-19,45.68333962141319
1995-05-22,45.68333962141319
1995-05-23,45.77350549097265
1995-05-24,45.86365088756552
1995-05-25,45.90878500476172
1995-05-26,45.90878500476172
1995-05-30,45.99896842257826
1995-05-31,46.23922453489786
1995-06-01,46.37522060251748
1995-06-02,46.51122836897515
1995-06-05,46.51122836897515
1995-06-06,46.46598018810796
1995-06-07,46.329919776879066
1995-06-08,46.23922453489786
1995-06-09,46.05791594280178
1995-06-12,46.14860533536397
1995-06-13,46.4205711482176
1995-06-14,46.4205711482176
1995-06-15,46.329919776879066
1995-06-16,46.329919776879066
1995-06-19,46.4205711482176
1995-06-20,46.37522060251748
1995-06-21,46.37522060251748
1995-06-22,46.46598018810796
1995-06-23,46.4205711482176
1995-06-26,46.37522060251748
1995-06-27,46.329919776879066
1995-06-28,46.37522060251748
1995-06-29,46.1938886127453
1995-06-30,46.521994224690495
1995-07-03,46.521994224690495
1995-07-05,46.56755534947551
1995-07-06,46.74981447216314
1995-07-07,46.74981447216314
1995-07-10,46.74981447216314
1995-07-11,46.65872731910726
1995-07-12,46.70428259447325
1995-07-13,46.70428259447325
1995-07-14,46.613122323679555
1995-07-17,46.521994224690495
1995-07-18,46.521994224690495
1995-07-19,46.38530792562593
1995-07-20,46.38530792562593
1995-07-21,46.29419152547492
1995-07-24,46.339700005488716
1995-07-25,46.339700005488716
1995-07-26,46.29419152547492
1995-07-27,46.38530792562593
1995-07-28,46.339700005488716
1995-07-31,46.62827231895407
1995-08-01,46.58248599153659
1995-08-02,46.62827231895407
1995-08-03,46.58248599153659
1995-08-04,46.58248599153659
1995-08-07,46.62827231895407
1995-08-08,46.62827231895407
1995-08-09,46.58248599153659
1995-08-10,46.58248599153659
1995-08-11,46.445068515093915
1995-08-14,46.445068515093915
1995-08-15,46.445068515093915
1995-08-16,46.49086654134944
1995-08-17,46.445068515093915
1995-08-18,46.445068515093915
1995-08-21,46.49086654134944
1995-08-22,46.445068515093915
1995-08-23,46.445068515093915
1995-08-24,46.536714287666676
1995-08-25,46.62827231895407
1995-08-28,46.67406449579057
1995-08-29,46.62827231895407
1995-08-30,46.67406449579057
1995-08-31,46.91810225750977
1995-09-01,47.010166263542814
1995-09-05,47.010166263542814
1995-09-06,47.010166263542814
1995-09-07,46.96414303465483
1995-09-08,46.96414303465483
1995-09-11,46.96414303465483
1995-09-12,47.010166263542814
1995-09-13,46.96414303465483
1995-09-14,47.102326784989764
1995-09-15,47.05624213720202
1995-09-18,47.010166263542814
1995-09-19,47.010166263542814
1995-09-20,47.05624213720202
1995-09-21,46.96414303465483
1995-09-22,46.91810225750977
1995-09-25,46.91810225750977
1995-09-26,46.87204685681715
1995-09-27,46.87204685681715
1995-09-28,46.87204685681715
1995-09-29,47.20531458105183
1995-10-02,47.20531458105183
1995-10-03,47.2515220666391
1995-10-04,47.2515220666391
1995-10-05,47.2978085193832
1995-10-06,47.2978085193832
1995-10-09,47.2978085193832
1995-10-10,47.2978085193832
1995-10-11,47.2515220666391
1995-10-12,47.2978085193832
1995-10-13,47.39041652138556
1995-10-16,47.34412129451292
1995-10-17,47.39041652138556
1995-10-18,47.34412129451292
1995-10-19,47.34412129451292
1995-10-20,47.2978085193832
1995-10-23,47.2515220666391
1995-10-24,47.34412129451292
1995-10-25,47.34412129451292
1995-10-26,47.34412129451292
1995-10-27,47.34412129451292
1995-10-30,47.34412129451292
1995-10-31,47.63719766062744
1995-11-01,47.68372686426108
1995-11-02,47.73027654086131
1995-11-03,47.73027654086131
1995-11-06,47.68372686426108
1995-11-07,47.68372686426108
1995-11-08,47.73027654086131
1995-11-09,47.68372686426108
1995-11-10,47.68372686426108
1995-11-13,47.68372686426108
1995-11-14,47.73027654086131
1995-11-15,47.68372686426108
1995-11-16,47.73027654086131
1995-11-17,47.77675602443324
1995-11-20,47.73027654086131
1995-11-21,47.68372686426108
1995-11-22,47.68372686426108
1995-11-24,47.73027654086131
1995-11-27,47.73027654086131
1995-11-28,47.73027654086131
1995-11-29,47.77675602443324
1995-11-30,48.10873980119195
1995-12-01,48.10873980119195
1995-12-04,48.155491282748535
1995-12-05,48.155491282748535
1995-12-06,48.10873980119195
1995-12-07,48.10873980119195
1995-12-08,48.061982470216336
1995-12-11,48.061982470216336
1995-12-12,48.061982470216336
1995-12-13,48.061982470216336
1995-12-14,48.061982470216336
1995-12-15,48.061982470216336
1995-12-18,47.96847365768414
1995-12-19,48.10873980119195
1995-12-20,48.10873980119195
1995-12-21,48.061982470216336
1995-12-22,48.10873980119195
1995-12-26,48.155491282748535
1995-12-27,48.155491282748535
1995-12-28,48.20225738785268
1995-12-29,48.493555530583635
1996-01-02,48.493555530583635
1996-01-03,48.493555530583635
1996-01-04,48.493555530583635
1996-01-05,48.44657592168508
1996-01-08,48.44657592168508
1996-01-09,48.44657592168508
1996-01-10,48.39960216220555
1996-01-11,48.39960216220555
1996-01-12,48.44657592168508
1996-01-15,48.44657592168508
1996-01-16,48.540584859543905
1996-01-17,48.58749720012368
1996-01-18,48.63448850786028
1996-01-19,48.63448850786028
1996-01-22,48.540584859543905
1996-01-23,48.540584859543905
1996-01-24,48.540584859543905
1996-01-25,48.493555530583635
1996-01-26,48.540584859543905
1996-01-29,48.493555530583635
1996-01-30,48.58749720012368
1996-01-31,48.922818070436094
1996-02-01,48.922818070436094
1996-02-02,48.922818070436094
1996-02-05,48.87560156006703
1996-02-06,48.87560156006703
1996-02-07,48.87560156006703
1996-02-08,48.922818070436094
1996-02-09,48.970025806676624
1996-02-12,49.01723939233618
1996-02-13,49.064482225090856
1996-02-14,49.01723939233618
1996-02-15,48.922818070436094
1996-02-16,48.87560156006703
1996-02-20,48.592223530695804
1996-02-21,48.63949268583609
1996-02-22,48.686706271495645
1996-02-23,48.63949268583609
1996-02-26,48.592223530695804
1996-02-27,48.497828531181334
1996-02-28,48.40336333863856
1996-02-29,48.58368337891943
1996-03-01,48.77343268266846
1996-03-04,48.86835412989517
1996-03-05,48.77343268266846
1996-03-06,48.678540482536874
1996-03-07,48.63111339308291
1996-03-08,48.2041175031026
1996-03-11,48.298945359624916
1996-03-12,48.25155044197559
1996-03-13,48.25155044197559
1996-03-14,48.298945359624916
1996-03-15,48.109219453551994
1996-03-18,48.109219453551994
1996-03-19,48.15663191945839
1996-03-20,48.25155044197559
1996-03-21,48.298945359624916
1996-03-22,48.25155044197559
1996-03-25,48.34639584675497
1996-03-26,48.34639584675497
1996-03-27,48.2041175031026
1996-03-28,48.109219453551994
1996-03-29,48.49065129403777
1996-04-01,48.49065129403777
1996-04-02,48.53829188728614
1996-04-03,48.49065129403777
1996-04-04,48.39529991451273
1996-04-08,48.06150574256581
1996-04-09,48.15687174563841
1996-04-10,48.1091755829093
1996-04-11,48.06150574256581
1996-04-12,48.25222604987297
1996-04-15,48.34761545062167
1996-04-16,48.299919287892564
1996-04-17,48.25222604987297
1996-04-18,48.20455328481996
1996-04-19,48.299919287892564
1996-04-22,48.299919287892564
1996-04-23,48.299919287892564
1996-04-24,48.25222604987297
1996-04-25,48.25222604987297
1996-04-26,48.299919287892564
1996-04-29,48.25222604987297
1996-04-30,48.38155377980419
1996-05-01,48.429480994584786
1996-05-02,48.23788034971437
1996-05-03,48.23788034971437
1996-05-06,48.23788034971437
1996-05-07,48.23788034971437
1996-05-08,48.28575491972374
1996-05-09,48.23788034971437
1996-05-10,48.333641188571164
1996-05-13,48.38155377980419
1996-05-14,48.477343865756104
1996-05-15,48.477343865756104
1996-05-16,48.38155377980419
1996-05-17,48.429480994584786
1996-05-20,48.429480994584786
1996-05-21,48.429480994584786
1996-05-22,48.477343865756104
1996-05-23,48.429480994584786
1996-05-24,48.429480994584786
1996-05-28,48.429480994584786
1996-05-29,48.28575491972374
1996-05-30,48.28575491972374
1996-05-31,48.42533083178661
1996-06-03,48.42533083178661
1996-06-04,48.42533083178661
1996-06-05,48.473559291646986
1996-06-06,48.52164736545076
1996-06-07,48.280946697285266
1996-06-10,48.280946697285266
1996-06-11,48.280946697285266
1996-06-12,48.23281767754832
1996-06-13,48.280946697285266
1996-06-14,48.37728370391601
1996-06-17,48.37728370391601
1996-06-18,48.37728370391601
1996-06-19,48.32910496411735
1996-06-20,48.32910496411735
1996-06-21,48.32910496411735
1996-06-24,48.37728370391601
1996-06-25,48.37728370391601
1996-06-26,48.37728370391601
1996-06-27,48.473559291646986
1996-06-28,48.850797098691906
1996-07-01,48.80241947864639
1996-07-02,48.7056934856505
1996-07-03,48.80241947864639
1996-07-05,48.46382293368003
1996-07-08,48.46382293368003
1996-07-09,48.512261972625296
1996-07-10,48.60894994439753
1996-07-11,48.6572719949623
1996-07-12,48.6572719949623
1996-07-15,48.60894994439753
1996-07-16,48.7056934856505
1996-07-17,48.7056934856505
1996-07-18,48.80241947864639
1996-07-19,48.75405648214845
1996-07-22,48.7056934856505
1996-07-23,48.7056934856505
1996-07-24,48.7056934856505
1996-07-25,48.7056934856505
1996-07-26,48.7056934856505
1996-07-29,48.60894994439753
1996-07-30,48.6572719949623
1996-07-31,48.99267768185059
1996-08-01,49.13847152633693
1996-08-02,49.33293546182003
1996-08-05,49.284291693208885
1996-08-06,49.284291693208885
1996-08-07,49.284291693208885
1996-08-08,49.284291693208885
1996-08-09,49.33293546182003
1996-08-12,49.33293546182003
1996-08-13,49.284291693208885
1996-08-14,49.284291693208885
1996-08-15,49.23571226820702
1996-08-16,49.284291693208885
1996-08-19,49.284291693208885
1996-08-20,49.284291693208885
1996-08-21,49.23571226820702
1996-08-22,49.23571226820702
1996-08-23,49.13847152633693
1996-08-26,49.04130097749514
1996-08-27,49.04130097749514
1996-08-28,49.04130097749514
1996-08-29,48.99267768185059
1996-08-30,49.13431843882925
1996-09-03,49.13431843882925
1996-09-04,49.08545824171418
1996-09-05,49.08545824171418
1996-09-06,49.13431843882925
1996-09-09,49.18320203362041
1996-09-10,49.13431843882925
1996-09-11,49.13431843882925
1996-09-12,49.2319744894501
1996-09-13,49.37853753253822
1996-09-16,49.37853753253822
1996-09-17,49.28086393366029
1996-09-18,49.2319744894501
1996-09-19,49.2319744894501
1996-09-20,49.2319744894501
1996-09-23,49.28086393366029
1996-09-24,49.32965978716608
1996-09-25,49.42736263313913
1996-09-26,49.42736263313913
1996-09-27,49.42736263313913
1996-09-30,49.613853810491285
1996-10-01,49.71200706172926
1996-10-02,49.76107783792922
1996-10-03,49.76107783792922
1996-10-04,49.9083135642052
1996-10-07,49.85924278800524
1996-10-08,49.810101818776985
1996-10-09,49.810101818776985
1996-10-10,49.76107783792922
1996-10-11,49.810101818776985
1996-10-14,49.810101818776985
1996-10-15,49.810101818776985
1996-10-16,49.810101818776985
1996-10-17,49.9083135642052
1996-10-18,49.9083135642052
1996-10-21,49.85924278800524
1996-10-22,49.810101818776985
1996-10-23,49.85924278800524
1996-10-24,49.810101818776985
1996-10-25,49.85924278800524
1996-10-28,49.85924278800524
1996-10-29,50.00641417067195
1996-10-30,50.00641417067195
1996-10-31,50.25296133315284
1996-11-01,50.25296133315284
1996-11-04,50.25296133315284
1996-11-05,50.30233042972308
1996-11-06,50.30233042972308
1996-11-07,50.30233042972308
1996-11-08,50.30233042972308
1996-11-11,50.30233042972308
1996-11-12,50.351664429779156
1996-11-13,50.351664429779156
1996-11-14,50.400980881578164
1996-11-15,50.400980881578164
1996-11-18,50.351664429779156
1996-11-19,50.400980881578164
1996-11-20,50.400980881578164
1996-11-21,50.400980881578164
1996-11-22,50.400980881578164
1996-11-25,50.400980881578164
1996-11-26,50.400980881578164
1996-11-27,50.400980881578164
1996-11-29,50.688386235948045
1996-12-02,50.688386235948045
1996-12-03,50.688386235948045
1996-12-04,50.63880656029291
1996-12-05,50.58927952940901
1996-12-06,50.58927952940901
1996-12-09,50.58927952940901
1996-12-10,50.58927952940901
1996-12-11,50.44059314721485
1996-12-12,50.44059314721485
1996-12-13,50.539694004334855
1996-12-16,50.49010262984168
1996-12-17,50.44059314721485
1996-12-18,50.39104856807387
1996-12-19,50.44059314721485
1996-12-20,50.44059314721485
1996-12-23,50.44059314721485
1996-12-24,50.44059314721485
1996-12-26,50.44059314721485
1996-12-27,50.49010262984168
1996-12-30,50.49010262984168
1996-12-31,50.639531888252
1997-01-02,50.53996892702903
1997-01-03,50.589712386416856
1997-01-06,50.53996892702903
1997-01-07,50.53996892702903
1997-01-08,50.490137726355826
1997-01-09,50.589712386416856
1997-01-10,50.440370869291904
1997-01-13,50.440370869291904
1997-01-14,50.53996892702903
1997-01-15,50.53996892702903
1997-01-16,50.490137726355826
1997-01-17,50.53996892702903
1997-01-20,50.53996892702903
1997-01-21,50.53996892702903
1997-01-22,50.53996892702903
1997-01-23,50.490137726355826
1997-01-24,50.440370869291904
1997-01-27,50.440370869291904
1997-01-28,50.490137726355826
1997-01-29,50.490137726355826
1997-01-30,50.53996892702903
1997-01-31,50.840155261968334
1997-02-03,50.89023213824058
1997-02-04,50.94026221916063
1997-02-05,50.89023213824058
1997-02-06,50.89023213824058
1997-02-07,50.94026221916063
1997-02-10,50.94026221916063
1997-02-11,50.94026221916063
1997-02-12,50.94026221916063
1997-02-13,50.99026890240457
1997-02-14,51.040375025771944
1997-02-18,51.040375025771944
1997-02-19,50.99026890240457
1997-02-20,50.94026221916063
1997-02-21,50.94026221916063
1997-02-24,50.94026221916063
1997-02-25,50.89023213824058
1997-02-26,50.74008925070922
1997-02-27,50.74008925070922
1997-02-28,50.9211170706921
1997-03-03,50.9211170706921
1997-03-04,50.9211170706921
1997-03-05,50.9211170706921
1997-03-06,50.87078866940178
1997-03-07,50.9211170706921
1997-03-10,50.9211170706921
1997-03-11,50.9211170706921
1997-03-12,50.9211170706921
1997-03-13,50.82048951520659
1997-03-14,50.82048951520659
1997-03-17,50.82048951520659
1997-03-18,50.82048951520659
1997-03-19,50.77027810229677
1997-03-20,50.71997894810158
1997-03-21,50.71997894810158
1997-03-24,50.71997894810158
1997-03-25,50.66969734216346
1997-03-26,50.66969734216346
1997-03-27,50.56918677505845
1997-03-31,50.82176468855402
1997-04-01,50.87232121718631
1997-04-02,50.87232121718631
1997-04-03,50.87232121718631
1997-04-04,50.82176468855402
1997-04-07,50.87232121718631
1997-04-08,50.82176468855402
1997-04-09,50.82176468855402
1997-04-10,50.82176468855402
1997-04-11,50.720745221993845
1997-04-14,50.720745221993845
1997-04-15,50.82176468855402
1997-04-16,50.82176468855402
1997-04-17,50.82176468855402
1997-04-18,50.87232121718631
1997-04-21,50.82176468855402
1997-04-22,50.87232121718631
1997-04-23,50.82176468855402
1997-04-24,50.77128420236905
1997-04-25,50.77128420236905
1997-04-28,50.77128420236905
1997-04-29,50.97338747909868
1997-04-30,51.272866034335976
1997-05-01,51.272866034335976
1997-05-02,51.32359219611999
1997-05-05,51.272866034335976
1997-05-06,51.272866034335976
1997-05-07,51.222063830104645
1997-05-08,51.222063830104645
1997-05-09,51.32359219611999
1997-05-12,51.32359219611999
1997-05-13,51.272866034335976
1997-05-14,51.32359219611999
1997-05-15,51.32359219611999
1997-05-16,51.272866034335976
1997-05-19,51.272866034335976
1997-05-20,51.32359219611999
1997-05-21,51.32359219611999
1997-05-22,51.32359219611999
1997-05-23,51.32359219611999
1997-05-27,51.272866034335976
1997-05-28,51.272866034335976
1997-05-29,51.272866034335976
1997-05-30,51.62996721638765
1997-06-02,51.62996721638765
1997-06-03,51.62996721638765
1997-06-04,51.62996721638765
1997-06-05,51.62996721638765
1997-06-06,51.73201033127719
1997-06-09,51.68106774098925
1997-06-10,51.68106774098925
1997-06-11,51.68106774098925
1997-06-12,51.73201033127719
1997-06-13,51.783017265174394
1997-06-16,51.783017265174394
1997-06-17,51.783017265174394
1997-06-18,51.783017265174394
1997-06-19,51.783017265174394
1997-06-20,51.783017265174394
1997-06-23,51.783017265174394
1997-06-24,51.783017265174394
1997-06-25,51.783017265174394
1997-06-26,51.73201033127719
1997-06-27,51.783017265174394
1997-06-30,51.977791219865814
1997-07-01,52.029090624714264
1997-07-02,52.029090624714264
1997-07-03,52.13163678963994
1997-07-07,52.13163678963994
1997-07-08,52.13163678963994
1997-07-09,52.18286015204107
1997-07-10,52.18286015204107
1997-07-11,52.18286015204107
1997-07-14,52.13163678963994
1997-07-15,52.13163678963994
1997-07-16,52.18286015204107
1997-07-17,52.18286015204107
1997-07-18,52.18286015204107
1997-07-21,52.13163678963994
1997-07-22,52.23411861095635
1997-07-23,52.23411861095635
1997-07-24,52.23411861095635
1997-07-25,52.18286015204107
1997-07-28,52.23411861095635
1997-07-29,52.28542386522383
1997-07-30,52.28542386522383
1997-07-31,52.59444282289074
1997-08-01,52.43995381702387
1997-08-04,52.43995381702387
1997-08-05,52.388432134252476
1997-08-06,52.43995381702387
1997-08-07,52.388432134252476
1997-08-08,52.33687535496693
1997-08-11,52.33687535496693
1997-08-12,52.33687535496693
1997-08-13,52.388432134252476
1997-08-14,52.43995381702387
1997-08-15,52.43995381702387
1997-08-18,52.49140530676697
1997-08-19,52.49140530676697
1997-08-20,52.43995381702387
1997-08-21,52.388432134252476
1997-08-22,52.388432134252476
1997-08-25,52.33687535496693
1997-08-26,52.33687535496693
1997-08-27,52.33687535496693
1997-08-28,52.388432134252476
1997-08-29,52.595443073544004
1997-09-02,52.64727477552372
1997-09-03,52.64727477552372
1997-09-04,52.64727477552372
1997-09-05,52.595443073544004
1997-09-08,52.64727477552372
1997-09-09,52.64727477552372
1997-09-10,52.595443073544004
1997-09-11,52.595443073544004
1997-09-12,52.64727477552372
1997-09-15,52.64727477552372
1997-09-16,52.750827040521685
1997-09-17,52.802565151797005
1997-09-18,52.750827040521685
1997-09-19,52.750827040521685
1997-09-22,52.802565151797005
1997-09-23,52.750827040521685
1997-09-24,52.802565151797005
1997-09-25,52.750827040521685
1997-09-26,52.750827040521685
1997-09-29,52.750827040521685
1997-09-30,53.00570962511307
1997-10-01,53.05768756256841
1997-10-02,53.05768756256841
1997-10-03,53.05768756256841
1997-10-06,53.10974154247108
1997-10-07,53.10974154247108
1997-10-08,53.00570962511307
1997-10-09,53.00570962511307
1997-10-10,52.95364394637236
1997-10-13,52.95364394637236
1997-10-14,53.00570962511307
1997-10-15,53.00570962511307
1997-10-16,53.00570962511307
1997-10-17,52.901601665307744
1997-10-20,52.95364394637236
1997-10-21,52.901601665307744
1997-10-22,52.901601665307744
1997-10-23,53.00570962511307
1997-10-24,53.00570962511307
1997-10-27,53.21372666447689
1997-10-28,53.05768756256841
1997-10-29,53.10974154247108
1997-10-30,53.16168438341227
1997-10-31,53.42833014966275
1997-11-03,53.376100687189336
1997-11-04,53.32377763401152
1997-11-05,53.32377763401152
1997-11-06,53.32377763401152
1997-11-07,53.32377763401152
1997-11-10,53.32377763401152
1997-11-11,53.32377763401152
1997-11-12,53.32377763401152
1997-11-13,53.376100687189336
1997-11-14,53.32377763401152
1997-11-17,53.376100687189336
1997-11-18,53.32377763401152
1997-11-19,53.376100687189336
1997-11-20,53.32377763401152
1997-11-21,53.376100687189336
1997-11-24,53.32377763401152
1997-11-25,53.32377763401152
1997-11-26,53.32377763401152
1997-11-28,53.52864768593994
1997-12-01,53.52864768593994
1997-12-02,53.52864768593994
1997-12-03,53.58117546878362
1997-12-04,53.58117546878362
1997-12-05,53.47611405367723
1997-12-08,53.47611405367723
1997-12-09,53.47611405367723
1997-12-10,53.52864768593994
1997-12-11,53.6337500469795
1997-12-12,53.68624273330904
1997-12-15,53.6337500469795
1997-12-16,53.6337500469795
1997-12-17,53.58117546878362
1997-12-18,53.6337500469795
1997-12-19,53.6337500469795
1997-12-22,53.6337500469795
1997-12-23,53.6337500469795
1997-12-24,53.6337500469795
1997-12-26,53.58117546878362
1997-12-29,53.6337500469795
1997-12-30,53.58117546878362
1997-12-31,53.90322108261901
1998-01-02,53.95602378815686
1998-01-05,54.167252158565354
1998-01-06,54.167252158565354
1998-01-07,54.167252158565354
1998-01-08,54.27277567777471
1998-01-09,54.43113699903607
1998-01-12,54.37842203478359
1998-01-13,54.32561932924574
1998-01-14,54.27277567777471
1998-01-15,54.27277567777471
1998-01-16,54.21999052049393
1998-01-20,54.167252158565354
1998-01-21,54.21999052049393
1998-01-22,54.27277567777471
1998-01-23,54.11443190477043
1998-01-26,54.167252158565354
1998-01-27,54.061635048651596
1998-01-28,54.061635048651596
1998-01-29,54.167252158565354
1998-01-30,54.48016682930286
1998-02-02,54.427188641194256
1998-02-03,54.48016682930286
1998-02-04,54.48016682930286
1998-02-05,54.427188641194256
1998-02-06,54.37411101296223
1998-02-09,54.37411101296223
1998-02-10,54.37411101296223
1998-02-11,54.37411101296223
1998-02-12,54.427188641194256
1998-02-13,54.427188641194256
1998-02-17,54.48016682930286
1998-02-18,54.427188641194256
1998-02-19,54.427188641194256
1998-02-20,54.37411101296223
1998-02-23,54.32105678240631
1998-02-24,54.21493662245641
1998-02-25,54.267979154174284
1998-02-26,54.21493662245641
1998-02-27,54.44402326914795
1998-03-02,54.39076430892615
1998-03-03,54.39076430892615
1998-03-04,54.39076430892615
1998-03-05,54.39076430892615
1998-03-06,54.39076430892615
1998-03-09,54.44402326914795
1998-03-10,54.44402326914795
1998-03-11,54.49728807878877
1998-03-12,54.55054703901057
1998-03-13,54.49728807878877
1998-03-16,54.55054703901057
1998-03-17,54.55054703901057
1998-03-18,54.49728807878877
1998-03-19,54.49728807878877
1998-03-20,54.49728807878877
1998-03-23,54.49728807878877
1998-03-24,54.49728807878877
1998-03-25,54.44402326914795
1998-03-26,54.39076430892615
1998-03-27,54.39076430892615
1998-03-30,54.337446854514106
1998-03-31,54.64796911287043
1998-04-01,54.70143280275809
1998-04-02,54.754949137416986
1998-04-03,54.862011053829896
1998-04-06,54.808477170913925
1998-04-07,54.808477170913925
1998-04-08,54.808477170913925
1998-04-09,54.754949137416986
1998-04-13,54.64796911287043
1998-04-14,54.70143280275809
1998-04-15,54.754949137416986
1998-04-16,54.754949137416986
1998-04-17,54.754949137416986
1998-04-20,54.70143280275809
1998-04-21,54.64796911287043
1998-04-22,54.64796911287043
1998-04-23,54.64796911287043
1998-04-24,54.64796911287043
1998-04-27,54.54088964820044
1998-04-28,54.54088964820044
1998-04-29,54.54088964820044
1998-04-30,54.94405500507327
1998-05-01,54.94405500507327
1998-05-04,54.94405500507327
1998-05-05,54.89035733842461
1998-05-06,54.94405500507327
1998-05-07,54.94405500507327
1998-05-08,54.89035733842461
1998-05-11,54.83654853281447
1998-05-12,54.89035733842461
1998-05-13,54.94405500507327
1998-05-14,54.89035733842461
1998-05-15,54.89035733842461
1998-05-18,54.89035733842461
1998-05-19,54.89035733842461
1998-05-20,54.94405500507327
1998-05-21,54.89035733842461
1998-05-22,54.89035733842461
1998-05-26,54.94405500507327
1998-05-27,54.997834563588285
1998-05-28,54.94405500507327
1998-05-29,55.25190992835423
1998-06-01,55.25190992835423
1998-06-02,55.25190992835423
1998-06-03,55.19790224249724
1998-06-04,55.19790224249724
1998-06-05,55.19790224249724
1998-06-08,55.19790224249724
1998-06-09,55.19790224249724
1998-06-10,55.25190992835423
1998-06-11,55.35993699890625
1998-06-12,55.35993699890625
1998-06-15,55.413932985925186
1998-06-16,55.30594101188731
1998-06-17,55.19790224249724
1998-06-18,55.25190992835423
1998-06-19,55.25190992835423
1998-06-22,55.30594101188731
1998-06-23,55.25190992835423
1998-06-24,55.25190992835423
1998-06-25,55.25190992835423
1998-06-26,55.25190992835423
1998-06-29,55.25190992835423
1998-06-30,55.555693655993856
1998-07-01,55.555693655993856
1998-07-02,55.609958716287935
1998-07-06,55.609958716287935
1998-07-07,55.609958716287935
1998-07-08,55.609958716287935
1998-07-09,55.609958716287935
1998-07-10,55.609958716287935
1998-07-13,55.555693655993856
1998-07-14,55.555693655993856
1998-07-15,55.555693655993856
1998-07-16,55.555693655993856
1998-07-17,55.555693655993856
1998-07-20,55.555693655993856
1998-07-21,55.555693655993856
1998-07-22,55.555693655993856
1998-07-23,55.555693655993856
1998-07-24,55.555693655993856
1998-07-27,55.555693655993856
1998-07-28,55.555693655993856
1998-07-29,55.501475391051976
1998-07-30,55.501475391051976
1998-07-31,55.75766239608591
1998-08-03,55.81217313197904
1998-08-04,55.866637072519964
1998-08-05,55.866637072519964
1998-08-06,55.866637072519964
1998-08-07,55.92115950725115
1998-08-10,55.92115950725115
1998-08-11,55.97564684546817
1998-08-12,55.97564684546817
1998-08-13,55.92115950725115
1998-08-14,55.92115950725115
1998-08-17,55.92115950725115
1998-08-18,55.92115950725115
1998-08-19,55.92115950725115
1998-08-20,55.97564684546817
1998-08-21,56.03016343078032
1998-08-24,56.08469171493053
1998-08-25,56.1391907519856
1998-08-26,56.19365469252653
1998-08-27,56.30269956198888
1998-08-28,56.30269956198888
1998-08-31,56.66951662904093
1998-09-01,56.614830410577056
1998-09-02,56.56005060140878
1998-09-03,56.614830410577056
1998-09-04,56.614830410577056
1998-09-08,56.614830410577056
1998-09-09,56.77902945202528
1998-09-10,57.052793961229064
1998-09-11,56.94329868650179
1998-09-14,56.94329868650179
1998-09-15,56.88854227500962
1998-09-16,56.88854227500962
1998-09-17,56.99808434508909
1998-09-18,57.052793961229064
1998-09-21,57.052793961229064
1998-09-22,56.99808434508909
1998-09-23,57.107562071559286
1998-09-24,57.21710414163876
1998-09-25,57.21710414163876
1998-09-28,57.21710414163876
1998-09-29,57.21710414163876
1998-09-30,57.68447857114801
1998-10-01,57.7945178418446
1998-10-02,57.7945178418446
1998-10-05,57.90444597357972
1998-10-06,57.7945178418446
1998-10-07,57.739457260563135
1998-10-08,57.629488182894846
1998-10-09,57.40950908162509
1998-10-12,57.40950908162509
1998-10-13,57.464540415811435
1998-10-14,57.5744334510324
1998-10-15,57.739457260563135
1998-10-16,57.8494672841646
1998-10-19,57.8494672841646
1998-10-20,57.739457260563135
1998-10-21,57.68447857114801
1998-10-22,57.629488182894846
1998-10-23,57.5744334510324
1998-10-26,57.464540415811435
1998-10-27,57.629488182894846
1998-10-28,57.629488182894846
1998-10-29,57.68447857114801
1998-10-30,57.82803501285733
1998-11-02,57.60719019757189
1998-11-03,57.60719019757189
1998-11-04,57.44144106008207
1998-11-05,57.44144106008207
1998-11-06,57.275773814458596
1998-11-09,57.33102157714886
1998-11-10,57.38622254448693
1998-11-11,57.38622254448693
1998-11-12,57.44144106008207
1998-11-13,57.38622254448693
1998-11-16,57.38622254448693
1998-11-17,57.38622254448693
1998-11-18,57.38622254448693
1998-11-19,57.33102157714886
1998-11-20,57.33102157714886
1998-11-23,57.33102157714886
1998-11-24,57.33102157714886
1998-11-25,57.33102157714886
1998-11-27,57.38622254448693
1998-11-30,57.741247182784754
1998-12-01,57.79664703036967
1998-12-02,57.90760465985317
1998-12-03,57.90760465985317
1998-12-04,57.79664703036967
1998-12-07,57.6857186479813
1998-12-08,57.741247182784754
1998-12-09,57.79664703036967
1998-12-10,57.85217556517313
1998-12-11,57.741247182784754
1998-12-14,57.79664703036967
1998-12-15,57.741247182784754
1998-12-16,57.85217556517313
1998-12-17,57.79664703036967
1998-12-18,57.741247182784754
1998-12-21,57.6857186479813
1998-12-22,57.630283703882235
1998-12-23,57.46386773262357
1998-12-24,57.352997844425445
1998-12-28,57.46386773262357
1998-12-29,57.51936117091288
1998-12-30,57.630283703882235
1998-12-31,57.887073199075736
1999-01-04,57.831246343902
1999-01-05,57.77545458524242
1999-01-06,57.831246343902
1999-01-07,57.831246343902
1999-01-08,57.719645278325764
1999-01-11,57.66378332663788
1999-01-12,57.77545458524242
1999-01-13,57.831246343902
1999-01-14,57.998715210585154
1999-01-15,57.887073199075736
1999-01-19,57.831246343902
1999-01-20,57.77545458524242
1999-01-21,57.831246343902
1999-01-22,57.887073199075736
1999-01-25,57.887073199075736
1999-01-26,57.831246343902
1999-01-27,57.831246343902
1999-01-28,57.887073199075736
1999-01-29,58.128116058254186
1999-02-01,58.01598269554668
1999-02-02,58.01598269554668
1999-02-03,57.959962809545125
1999-02-04,57.90389612819138
1999-02-05,57.84782944683762
1999-02-08,57.84782944683762
1999-02-09,57.90389612819138
1999-02-10,57.90389612819138
1999-02-11,57.84782944683762
1999-02-12,57.67969374638564
1999-02-16,57.67969374638564
1999-02-17,57.73576627715842
1999-02-18,57.73576627715842
1999-02-19,57.67969374638564
1999-02-22,57.73576627715842
1999-02-23,57.62359196851774
1999-02-24,57.51151710000048
1999-02-25,57.3993427913598
1999-02-26,57.613174153234375
1999-03-01,57.50066057829025
1999-03-02,57.5569378387289
1999-03-03,57.5569378387289
1999-03-04,57.50066057829025
1999-03-05,57.613174153234375
1999-03-08,57.613174153234375
1999-03-09,57.725752071787774
1999-03-10,57.725752071787774
1999-03-11,57.725752071787774
1999-03-12,57.781941590941045
1999-03-15,57.781941590941045
1999-03-16,57.83820715254165
1999-03-17,57.781941590941045
1999-03-18,57.83820715254165
1999-03-19,57.725752071787774
1999-03-22,57.725752071787774
1999-03-23,57.781941590941045
1999-03-24,57.781941590941045
1999-03-25,57.725752071787774
1999-03-26,57.781941590941045
1999-03-29,57.725752071787774
1999-03-30,57.83820715254165
1999-03-31,58.013713120965015
1999-04-01,58.013713120965015
1999-04-05,58.07031794886906
1999-04-06,58.12690522851603
1999-04-07,58.12690522851603
1999-04-08,58.24012073374315
1999-04-09,58.18347495990593
1999-04-12,58.18347495990593
1999-04-13,58.18347495990593
1999-04-14,58.12690522851603
1999-04-15,58.12690522851603
1999-04-16,58.07031794886906
1999-04-19,58.12690522851603
1999-04-20,58.12690522851603
1999-04-21,58.12690522851603
1999-04-22,58.013713120965015
1999-04-23,58.013713120965015
1999-04-26,58.07031794886906
1999-04-27,58.07031794886906
1999-04-28,58.013713120965015
1999-04-29,58.12690522851603
1999-04-30,58.19508605667037
1999-05-03,58.19508605667037
1999-05-04,58.19508605667037
1999-05-05,58.19508605667037
1999-05-06,58.08142014617834
1999-05-07,58.08142014617834
1999-05-10,58.08142014617834
1999-05-11,58.0245813415133
1999-05-12,58.0245813415133
1999-05-13,58.13824725200533
1999-05-14,57.91093297927834
1999-05-17,57.91093297927834
1999-05-18,57.79729046646241
1999-05-19,57.85411172287038
1999-05-20,57.85411172287038
1999-05-21,57.91093297927834
1999-05-24,57.91093297927834
1999-05-25,57.91093297927834
1999-05-26,57.85411172287038
1999-05-27,57.74042826412127
1999-05-28,57.997352295952346
1999-06-01,57.826110553998134
1999-06-02,57.826110553998134
1999-06-03,57.826110553998134
1999-06-04,57.826110553998134
1999-06-07,57.826110553998134
1999-06-08,57.826110553998134
1999-06-09,57.71189479811776
1999-06-10,57.65485126378685
1999-06-11,57.59774923526569
1999-06-14,57.59774923526569
1999-06-15,57.65485126378685
1999-06-16,57.71189479811776
1999-06-17,57.88320673310027
1999-06-18,57.76896173012477
1999-06-21,57.71189479811776
1999-06-22,57.65485126378685
1999-06-23,57.59774923526569
1999-06-24,57.5406881526777
1999-06-25,57.59774923526569
1999-06-28,57.65485126378685
1999-06-29,57.65485126378685
1999-06-30,58.090627131723544
1999-07-01,58.03329112644139
1999-07-02,58.090627131723544
1999-07-06,57.97593172348313
1999-07-07,57.97593172348313
1999-07-08,58.03329112644139
1999-07-09,58.03329112644139
1999-07-12,58.14803917945303
1999-07-13,58.14803917945303
1999-07-14,58.090627131723544
1999-07-15,58.14803917945303
1999-07-16,58.20537518473519
1999-07-19,58.20537518473519
1999-07-20,58.26272288885539
1999-07-21,58.26272288885539
1999-07-22,58.090627131723544
1999-07-23,58.03329112644139
1999-07-26,57.97593172348313
1999-07-27,58.03329112644139
1999-07-28,58.03329112644139
1999-07-29,57.91866006181024
1999-07-30,58.172056893969305
1999-08-02,58.11444011657395
1999-08-03,58.11444011657395
1999-08-04,58.11444011657395
1999-08-05,58.22959177949831
1999-08-06,58.05689938162592
1999-08-09,57.88401980234473
1999-08-10,57.88401980234473
1999-08-11,57.94162488090204
1999-08-12,57.94162488090204
1999-08-13,58.05689938162592
1999-08-16,58.05689938162592
1999-08-17,58.11444011657395
1999-08-18,58.172056893969305
1999-08-19,58.172056893969305
1999-08-20,58.172056893969305
1999-08-23,58.172056893969305
1999-08-24,58.22959177949831
1999-08-25,58.34481363545097
1999-08-26,58.287196858055616
1999-08-27,58.172056893969305
1999-08-30,58.05689938162592
1999-08-31,58.25353930098628
1999-09-01,58.25353930098628
1999-09-02,58.25353930098628
1999-09-03,58.36925250813704
1999-09-07,58.31140175398069
1999-09-08,58.36925250813704
1999-09-09,58.31140175398069
1999-09-10,58.427103262293386
1999-09-13,58.427103262293386
1999-09-14,58.36925250813704
1999-09-15,58.427103262293386
1999-09-16,58.484895522259485
1999-09-17,58.484895522259485
1999-09-20,58.427103262293386
1999-09-21,58.427103262293386
1999-09-22,58.427103262293386
1999-09-23,58.484895522259485
1999-09-24,58.60059118115316
1999-09-27,58.54272287873974
1999-09-28,58.484895522259485
1999-09-29,58.36925250813704
1999-09-30,58.746873452128085
1999-10-01,58.63071568913144
1999-10-04,58.688829667143914
1999-10-05,58.572648506471175
1999-10-06,58.51445263659235
1999-10-07,58.51445263659235
1999-10-08,58.572648506471175
1999-10-11,58.572648506471175
1999-10-12,58.51445263659235
1999-10-13,58.51445263659235
1999-10-14,58.45640885160818
1999-10-15,58.51445263659235
1999-10-18,58.45640885160818
1999-10-19,58.45640885160818
1999-10-20,58.398289024176684
1999-10-21,58.45640885160818
1999-10-22,58.398289024176684
1999-10-25,58.398289024176684
1999-10-26,58.34019259442129
1999-10-27,58.398289024176684
1999-10-28,58.51445263659235
1999-10-29,58.89977141602019
1999-11-01,58.84141176240867
1999-11-02,58.84141176240867
1999-11-03,58.89977141602019
1999-11-04,58.958160316726826
1999-11-05,59.01649657266224
1999-11-08,59.01649657266224
1999-11-09,58.958160316726826
1999-11-10,58.958160316726826
1999-11-11,58.958160316726826
1999-11-12,58.958160316726826
1999-11-15,58.958160316726826
1999-11-16,58.89977141602019
1999-11-17,58.89977141602019
1999-11-18,58.84141176240867
1999-11-19,58.84141176240867
1999-11-22,58.78300531344495
1999-11-23,58.78300531344495
1999-11-24,58.78300531344495
1999-11-26,58.72465150925246
1999-11-29,58.66629185564094
1999-11-30,58.99467239028031
1999-12-01,58.93603781397462
1999-12-02,58.93603781397462
1999-12-03,58.99467239028031
1999-12-06,58.99467239028031
1999-12-07,59.0532835689099
1999-12-08,58.99467239028031
1999-12-09,59.0532835689099
1999-12-10,59.11194739231071
1999-12-13,59.0532835689099
1999-12-14,58.93603781397462
1999-12-15,58.877391538830885
1999-12-16,58.81876281194422
1999-12-17,58.81876281194422
1999-12-20,58.76006389202926
1999-12-21,58.70144686398064
1999-12-22,58.70144686398064
1999-12-23,58.70144686398064
1999-12-27,58.76006389202926
1999-12-28,58.70144686398064
1999-12-29,58.76006389202926
1999-12-30,58.76006389202926
1999-12-31,58.97813023327787
2000-01-03,58.86026443992595
2000-01-04,58.91922658369703
2000-01-05,58.86026443992595
2000-01-06,58.86026443992595
2000-01-07,58.91922658369703
2000-01-10,58.86026443992595
2000-01-11,58.742422044250134
2000-01-12,58.742422044250134
2000-01-13,58.80133739266901
2000-01-14,58.742422044250134
2000-01-18,58.742422044250134
2000-01-19,58.742422044250134
2000-01-20,58.68350669583125
2000-01-21,58.742422044250134
2000-01-24,58.80133739266901
2000-01-25,58.80133739266901
2000-01-26,58.80133739266901
2000-01-27,58.68350669583125
2000-01-28,58.62466154044066
2000-01-31,58.84957170194841
2000-02-01,58.90882631667074
2000-02-02,58.84957170194841
2000-02-03,58.96798734068867
2000-02-04,58.84957170194841
2000-02-07,58.79038143083536
2000-02-08,58.79038143083536
2000-02-09,58.79038143083536
2000-02-10,58.79038143083536
2000-02-11,58.84957170194841
2000-02-14,58.90882631667074
2000-02-15,58.84957170194841
2000-02-16,58.90882631667074
2000-02-17,58.79038143083536
2000-02-18,58.90882631667074
2000-02-22,59.02718931063978
2000-02-23,58.90882631667074
2000-02-24,59.02718931063978
2000-02-25,59.086373732333804
2000-02-28,59.02718931063978
2000-02-29,59.29480608044839
2000-03-01,59.29480608044839
2000-03-02,59.29480608044839
2000-03-03,59.35425372599854
2000-03-06,59.29480608044839
2000-03-07,59.35425372599854
2000-03-08,59.35425372599854
2000-03-09,59.35425372599854
2000-03-10,59.29480608044839
2000-03-13,59.35425372599854
2000-03-14,59.35425372599854
2000-03-15,59.35425372599854
2000-03-16,59.41375986573894
2000-03-17,59.41375986573894
2000-03-20,59.41375986573894
2000-03-21,59.41375986573894
2000-03-22,59.41375986573894
2000-03-23,59.35425372599854
2000-03-24,59.29480608044839
2000-03-27,59.23535258547921
2000-03-28,59.29480608044839
2000-03-29,59.29480608044839
2000-03-30,59.41375986573894
2000-03-31,59.71260668372154
2000-04-03,59.77246963802246
2000-04-04,59.95170753578372
2000-04-05,59.891897226254024
2000-04-06,59.832174658009706
2000-04-07,59.891897226254024
2000-04-10,59.891897226254024
2000-04-11,59.891897226254024
2000-04-12,59.832174658009706
2000-04-13,59.832174658009706
2000-04-14,59.95170753578372
2000-04-17,59.891897226254024
2000-04-18,59.891897226254024
2000-04-19,59.891897226254024
2000-04-20,59.891897226254024
2000-04-24,59.891897226254024
2000-04-25,59.77246963802246
2000-04-26,59.71260668372154
2000-04-27,59.5930679565285
2000-04-28,59.82734888731415
2000-05-01,59.82734888731415
2000-05-02,59.76727535392834
2000-05-03,59.7071959711235
2000-05-04,59.64716338367086
2000-05-05,59.58706060318992
2000-05-08,59.5269402744519
2000-05-09,59.58706060318992
2000-05-10,59.64716338367086
2000-05-11,59.64716338367086
2000-05-12,59.5269402744519
2000-05-15,59.5269402744519
2000-05-16,59.58706060318992
2000-05-17,59.5269402744519
2000-05-18,59.46696618118951
2000-05-19,59.5269402744519
2000-05-22,59.58706060318992
2000-05-23,59.58706060318992
2000-05-24,59.58706060318992
2000-05-25,59.64716338367086
2000-05-26,59.7071959711235
2000-05-30,59.64716338367086
2000-05-31,60.00938280736932
2000-06-01,60.13008556894832
2000-06-02,60.25087607181269
2000-06-05,60.311224527892676
2000-06-06,60.25087607181269
2000-06-07,60.25087607181269
2000-06-08,60.25087607181269
2000-06-09,60.25087607181269
2000-06-12,60.25087607181269
2000-06-13,60.311224527892676
2000-06-14,60.37168997235316
2000-06-15,60.37168997235316
2000-06-16,60.49232839032288
2000-06-19,60.43194483772875
2000-06-20,60.43194483772875
2000-06-21,60.311224527892676
2000-06-22,60.311224527892676
2000-06-23,60.25087607181269
2000-06-26,60.37168997235316
2000-06-27,60.311224527892676
2000-06-28,60.37168997235316
2000-06-29,60.49232839032288
2000-06-30,60.78959001574974
2000-07-03,60.78959001574974
2000-07-05,60.85027188871414
2000-07-06,60.78959001574974
2000-07-07,60.85027188871414
2000-07-10,60.85027188871414
2000-07-11,60.78959001574974
2000-07-12,60.78959001574974
2000-07-13,60.85027188871414
2000-07-14,60.7289490887185
2000-07-17,60.66836665587752
2000-07-18,60.66836665587752
2000-07-19,60.66836665587752
2000-07-20,60.85027188871414
2000-07-21,60.85027188871414
2000-07-24,60.78959001574974
2000-07-25,60.78959001574974
2000-07-26,60.85027188871414
2000-07-27,60.85027188871414
2000-07-28,60.85027188871414
2000-07-31,61.16125625117343
2000-08-01,61.22228908927933
2000-08-02,61.22228908927933
2000-08-03,61.22228908927933
2000-08-04,61.34417343350136
2000-08-07,61.28321078842376
2000-08-08,61.34417343350136
2000-08-09,61.34417343350136
2000-08-10,61.34417343350136
2000-08-11,61.28321078842376
2000-08-14,61.28321078842376
2000-08-15,61.28321078842376
2000-08-16,61.22228908927933
2000-08-17,61.22228908927933
2000-08-18,61.28321078842376
2000-08-21,61.28321078842376
2000-08-22,61.28321078842376
2000-08-23,61.34417343350136
2000-08-24,61.405188723350186
2000-08-25,61.34417343350136
2000-08-28,61.34417343350136
2000-08-29,61.28321078842376
2000-08-30,61.28321078842376
2000-08-31,61.72456700211021
2000-09-01,61.785810419301015
2000-09-05,61.84716497545328
2000-09-06,61.785810419301015
2000-09-07,61.72456700211021
2000-09-08,61.785810419301015
2000-09-11,61.785810419301015
2000-09-12,61.785810419301015
2000-09-13,61.84716497545328
2000-09-14,61.785810419301015
2000-09-15,61.84716497545328
2000-09-18,61.90841424206311
2000-09-19,61.84716497545328
2000-09-20,61.785810419301015
2000-09-21,61.84716497545328
2000-09-22,61.84716497545328
2000-09-25,61.84716497545328
2000-09-26,61.90841424206311
2000-09-27,61.90841424206311
2000-09-28,61.90841424206311
2000-09-29,62.21020916723426
2000-10-02,62.27184449549973
2000-10-03,62.21020916723426
2000-10-04,62.14867912851124
2000-10-05,62.21020916723426
2000-10-06,62.21020916723426
2000-10-09,62.21020916723426
2000-10-10,62.21020916723426
2000-10-11,62.21020916723426
2000-10-12,62.333468124927144
2000-10-13,62.333468124927144
2000-10-16,62.333468124927144
2000-10-17,62.39500986248821
2000-10-18,62.39500986248821
2000-10-19,62.39500986248821
2000-10-20,62.39500986248821
2000-10-23,62.45665688959173
2000-10-24,62.39500986248821
2000-10-25,62.333468124927144
2000-10-26,62.333468124927144
2000-10-27,62.27184449549973
2000-10-30,62.27184449549973
2000-10-31,62.58758443562627
2000-11-01,62.64945959007176
2000-11-02,62.64945959007176
2000-11-03,62.58758443562627
2000-11-06,62.52571513059981
2000-11-07,62.52571513059981
2000-11-08,62.52571513059981
2000-11-09,62.58758443562627
2000-11-10,62.58758443562627
2000-11-13,62.64945959007176
2000-11-14,62.64945959007176
2000-11-15,62.64945959007176
2000-11-16,62.71139908812651
2000-11-17,62.71139908812651
2000-11-20,62.71139908812651
2000-11-21,62.71139908812651
2000-11-22,62.773321037924205
2000-11-24,62.71139908812651
2000-11-27,62.71139908812651
2000-11-28,62.773321037924205
2000-11-29,62.83520204178871
2000-11-30,63.32669362593767
2000-12-01,63.202253085601754
2000-12-04,63.26443825925556
2000-12-05,63.38887295017245
2000-12-06,63.51324329748007
2000-12-07,63.51324329748007
2000-12-08,63.51324329748007
2000-12-11,63.45104057556919
2000-12-12,63.45104057556919
2000-12-13,63.51324329748007
2000-12-14,63.63770723549208
2000-12-15,63.63770723549208
2000-12-18,63.76204833570457
2000-12-19,63.69985146321272
2000-12-20,63.82431540122473
2000-12-21,63.94866820027527
2000-12-22,64.01091771753835
2000-12-26,63.94866820027527
2000-12-27,63.88645962894536
2000-12-28,63.82431540122473
2000-12-29,64.20560393094439
2001-01-02,64.45571923903049
2001-01-03,64.39322404616836
2001-01-04,64.58075642010694
2001-01-05,64.83080738458375
2001-01-08,64.8933786198932
2001-01-09,64.70577605292631
2001-01-10,64.58075642010694
2001-01-11,64.58075642010694
2001-01-12,64.39322404616836
2001-01-16,64.39322404616836
2001-01-17,64.45571923903049
2001-01-18,64.64326331180712
2001-01-19,64.5182144318926
2001-01-22,64.5182144318926
2001-01-23,64.39322404616836
2001-01-24,64.39322404616836
2001-01-25,64.45571923903049
2001-01-26,64.45571923903049
2001-01-29,64.45571923903049
2001-01-30,64.58075642010694
2001-01-31,65.01421006869074
2001-02-01,65.13983219166968
2001-02-02,64.9513814589442
2001-02-05,64.9513814589442
2001-02-06,64.88855869861668
2001-02-07,64.88855869861668
2001-02-08,64.88855869861668
2001-02-09,65.01421006869074
2001-02-12,65.01421006869074
2001-02-13,64.9513814589442
2001-02-14,64.8257476371272
2001-02-15,64.76296582273285
2001-02-16,64.88855869861668
2001-02-20,64.88855869861668
2001-02-21,64.88855869861668
2001-02-22,64.9513814589442
2001-02-23,65.07696263598997
2001-02-26,65.13983219166968
2001-02-27,65.20264325315917
2001-02-28,65.53690830333758
2001-03-01,65.53690830333758
2001-03-02,65.47383986741102
2001-03-05,65.4107831303225
2001-03-06,65.4107831303225
2001-03-07,65.53690830333758
2001-03-08,65.53690830333758
2001-03-09,65.4107831303225
2001-03-12,65.47383986741102
2001-03-13,65.47383986741102
2001-03-14,65.59997088984512
2001-03-15,65.72613700879339
2001-03-16,65.72613700879339
2001-03-19,65.6630861211239
2001-03-20,65.72613700879339
2001-03-21,65.78925808949118
2001-03-22,65.85229142890361
2001-03-23,65.78925808949118
2001-03-26,65.72613700879339
2001-03-27,65.53690830333758
2001-03-28,65.59997088984512
2001-03-29,65.6630861211239
2001-03-30,66.04972686925136
2001-04-02,66.04972686925136
2001-04-03,66.11315796915747
2001-04-04,66.17650717719724
2001-04-05,66.11315796915747
2001-04-06,66.23992072884627
2001-04-09,66.17650717719724
2001-04-10,66.04972686925136
2001-04-11,65.92293486246743
2001-04-12,65.79619550045473
2001-04-16,65.60604258679298
2001-04-17,65.73281119590081
2001-04-18,65.98636596237354
2001-04-19,65.92293486246743
2001-04-20,65.92293486246743
2001-04-23,66.04972686925136
2001-04-24,66.04972686925136
2001-04-25,65.92293486246743
2001-04-26,66.04972686925136
2001-04-27,65.85956225675157
2001-04-30,66.08881853659483
2001-05-01,66.15239002255754
2001-05-02,66.15239002255754
2001-05-03,66.21609604515783
2001-05-04,66.34344959616814
2001-05-07,66.34344959616814
2001-05-08,66.4071263716733
2001-05-09,66.4071263716733
2001-05-10,66.27980791717712
2001-05-11,65.96147668442256
2001-05-14,66.08881853659483
2001-05-15,66.08881853659483
2001-05-16,66.08881853659483
2001-05-17,66.02513591167065
2001-05-18,66.02513591167065
2001-05-21,65.96147668442256
2001-05-22,66.02513591167065
2001-05-23,66.02513591167065
2001-05-24,65.96147668442256
2001-05-25,65.96147668442256
2001-05-29,65.96147668442256
2001-05-30,65.96147668442256
2001-05-31,66.39000512218739
2001-06-01,66.45389832619647
2001-06-04,66.45389832619647
2001-06-05,66.58183681910928
2001-06-06,66.58183681910928
2001-06-07,66.51790266916703
2001-06-08,66.45389832619647
2001-06-11,66.51790266916703
2001-06-12,66.58183681910928
2001-06-13,66.58183681910928
2001-06-14,66.70975776376501
2001-06-15,66.70975776376501
2001-06-18,66.70975776376501
2001-06-19,66.70975776376501
2001-06-20,66.77373285964045
2001-06-21,66.77373285964045
2001-06-22,66.83773135319197
2001-06-25,66.83773135319197
2001-06-26,66.70975776376501
2001-06-27,66.58183681910928
2001-06-28,66.39000512218739
2001-06-29,66.60841657915847
2001-07-02,66.67263150121391
2001-07-03,66.60841657915847
2001-07-05,66.60841657915847
2001-07-06,66.73682887501229
2001-07-09,66.67263150121391
2001-07-10,66.80106719474385
2001-07-11,66.80106719474385
2001-07-12,66.86528796621832
2001-07-13,66.80106719474385
2001-07-16,66.80106719474385
2001-07-17,66.86528796621832
2001-07-18,67.05795028064175
2001-07-19,66.99372950916728
2001-07-20,66.99372950916728
2001-07-23,66.99372950916728
2001-07-24,67.05795028064175
2001-07-25,66.92952043653085
2001-07-26,66.99372950916728
2001-07-27,67.12224124514452
2001-07-30,67.12224124514452
2001-07-31,67.54806725131985
2001-08-01,67.54806725131985
2001-08-02,67.41901151937329
2001-08-03,67.35445148159536
2001-08-06,67.41901151937329
2001-08-07,67.41901151937329
2001-08-08,67.54806725131985
2001-08-09,67.54806725131985
2001-08-10,67.61251030071728
2001-08-13,67.6770703384952
2001-08-14,67.6770703384952
2001-08-15,67.54806725131985
2001-08-16,67.61251030071728
2001-08-17,67.74161282801605
2001-08-20,67.6770703384952
2001-08-21,67.6770703384952
2001-08-22,67.61251030071728
2001-08-23,67.6770703384952
2001-08-24,67.61251030071728
2001-08-27,67.61251030071728
2001-08-28,67.6770703384952
2001-08-29,67.74161282801605
2001-08-30,67.87062761402943
2001-08-31,68.07787253008196
2001-09-04,67.75397265041568
2001-09-05,67.81881346030679
2001-09-06,68.01313700973328
2001-09-07,68.1426723940399
2001-09-10,68.1426723940399
2001-09-17,68.85520767372114
2001-09-18,68.66088412429464
2001-09-19,68.919989989422
2001-09-20,68.85520767372114
2001-09-21,68.919989989422
2001-09-24,68.85520767372114
2001-09-25,68.919989989422
2001-09-26,68.919989989422
2001-09-27,69.04950782547155
2001-09-28,69.22500794447589
2001-10-01,69.22500794447589
2001-10-02,69.29003008635678
2001-10-03,69.35497618579035
2001-10-04,69.35497618579035
2001-10-05,69.35497618579035
2001-10-08,69.35497618579035
2001-10-09,69.35497618579035
2001-10-10,69.29003008635678
2001-10-11,69.16003259794721
2001-10-12,69.16003259794721
2001-10-15,69.29003008635678
2001-10-16,69.29003008635678
2001-10-17,69.29003008635678
2001-10-18,69.29003008635678
2001-10-19,69.29003008635678
2001-10-22,69.29003008635678
2001-10-23,69.29003008635678
2001-10-24,69.35497618579035
2001-10-25,69.41996908057611
2001-10-26,69.48498537303797
2001-10-29,69.48498537303797
2001-10-30,69.67998160565234
2001-10-31,70.00624465060469
2001-11-01,70.07147152215144
2001-11-02,69.94097098370572
2001-11-05,69.94097098370572
2001-11-06,70.07147152215144
2001-11-07,70.26719893214393
2001-11-08,70.07147152215144
2001-11-09,70.00624465060469
2001-11-12,70.00624465060469
2001-11-13,69.87575581099702
2001-11-14,69.61472548701045
2001-11-15,69.22329406470159
2001-11-16,68.96229883722917
2001-11-19,69.15804964489776
2001-11-20,69.0927993756749
2001-11-21,68.83188019064981
2001-11-23,68.76658312607475
2001-11-26,68.70138550162311
2001-11-27,68.83188019064981
2001-11-28,68.83188019064981
2001-11-29,69.0927993756749
2001-11-30,69.42681875025427
2001-12-03,69.42681875025427
2001-12-04,69.55782818815516
2001-12-05,69.1648466698047
2001-12-06,68.96839978127215
2001-12-07,68.83735524685711
2001-12-10,68.9028921376122
2001-12-11,69.03383723190382
2001-12-12,69.1648466698047
2001-12-13,68.96839978127215
2001-12-14,68.83735524685711
2001-12-17,68.77187100087326
2001-12-18,68.9028921376122
2001-12-19,68.96839978127215
2001-12-20,68.9028921376122
2001-12-21,68.9028921376122
2001-12-24,68.83735524685711
2001-12-26,68.77187100087326
2001-12-27,68.83735524685711
2001-12-28,68.9028921376122
2001-12-31,69.24484917380838
2002-01-02,69.04753072184113
2002-01-03,69.11328404110013
2002-01-04,69.11328404110013
2002-01-07,69.31054399887714
2002-01-08,69.31054399887714
2002-01-09,69.31054399887714
2002-01-10,69.5078390531683
2002-01-11,69.7708991255565
2002-01-14,69.7708991255565
2002-01-15,69.7708991255565
2002-01-16,69.70510486036432
2002-01-17,69.5078390531683
2002-01-18,69.5735689747512
2002-01-22,69.5078390531683
2002-01-23,69.4420915833283
2002-01-24,69.31054399887714
2002-01-25,69.24484917380838
2002-01-28,69.31054399887714
2002-01-29,69.4420915833283
2002-01-30,69.4420915833283
2002-01-31,69.54764434963279
2002-02-01,69.67964818876791
2002-02-04,69.81158768429377
2002-02-05,69.74561208711182
2002-02-06,69.81158768429377
2002-02-07,69.74561208711182
2002-02-08,69.81158768429377
2002-02-11,69.81158768429377
2002-02-12,69.74561208711182
2002-02-13,69.67964818876791
2002-02-14,69.74561208711182
2002-02-15,69.87758082973279
2002-02-19,69.87758082973279
2002-02-20,69.87758082973279
2002-02-21,69.87758082973279
2002-02-22,69.87758082973279
2002-02-25,69.87758082973279
2002-02-26,69.74561208711182
2002-02-27,69.94355642691474
2002-02-28,70.01635829609876
2002-03-01,69.88399179298409
2002-03-04,69.81787580974554
2002-03-05,69.81787580974554
2002-03-06,69.81787580974554
2002-03-07,69.55314280351621
2002-03-08,69.35461937122983
2002-03-11,69.35461937122983
2002-03-12,69.42073535446838
2002-03-13,69.48691568131619
2002-03-14,69.22224701869614
2002-03-15,69.2884624420581
2002-03-18,69.2884624420581
2002-03-19,69.2884624420581
2002-03-20,69.15603744475318
2002-03-21,69.15603744475318
2002-03-22,69.15603744475318
2002-03-25,69.08981032255316
2002-03-26,69.22224701869614
2002-03-27,69.2884624420581
2002-03-28,69.44137210478824
2002-04-01,69.44137210478824
2002-04-02,69.6410127761084
2002-04-03,69.77395837170653
2002-04-04,69.70746217623136
2002-04-05,69.84044871776267
2002-04-08,69.84044871776267
2002-04-09,69.84044871776267
2002-04-10,69.90699755800905
2002-04-11,69.90699755800905
2002-04-12,69.97356979593154
2002-04-15,70.04001919605452
2002-04-16,69.97356979593154
2002-04-17,69.97356979593154
2002-04-18,70.04001919605452
2002-04-19,70.04001919605452
2002-04-22,70.10653878920577
2002-04-23,70.04001919605452
2002-04-24,70.17311102712827
2002-04-25,70.23957212608929
2002-04-26,70.23957212608929
2002-04-29,70.23957212608929
2002-04-30,70.52674350369817
2002-05-01,70.59352632070555
2002-05-02,70.52674350369817
2002-05-03,70.59352632070555
2002-05-06,70.59352632070555
2002-05-07,70.59352632070555
2002-05-08,70.32641845035211
2002-05-09,70.46002503030006
2002-05-10,70.59352632070555
2002-05-13,70.46002503030006
2002-05-14,70.32641845035211
2002-05-15,70.32641845035211
2002-05-16,70.46002503030006
2002-05-17,70.32641845035211
2002-05-20,70.46002503030006
2002-05-21,70.52674350369817
2002-05-22,70.59352632070555
2002-05-23,70.52674350369817
2002-05-24,70.52674350369817
2002-05-28,70.52674350369817
2002-05-29,70.59352632070555
2002-05-30,70.66030328829392
2002-05-31,70.95544742403375
2002-06-03,70.95544742403375
2002-06-04,71.0225051637353
2002-06-05,70.95544742403375
2002-06-06,71.0225051637353
2002-06-07,70.95544742403375
2002-06-10,70.95544742403375
2002-06-11,71.0225051637353
2002-06-12,71.0895512045988
2002-06-13,71.15664404081451
2002-06-14,71.29077706847471
2002-06-17,71.22371932877314
2002-06-18,71.29077706847471
2002-06-19,71.42489254787782
2002-06-20,71.29077706847471
2002-06-21,71.35780556108114
2002-06-24,71.29077706847471
2002-06-25,71.29077706847471
2002-06-26,71.49197368525547
2002-06-27,71.35780556108114
2002-06-28,71.61357725736431
2002-07-01,71.61357725736431
2002-07-02,71.74822503389869
2002-07-03,71.74822503389869
2002-07-05,71.54629139032077
2002-07-08,71.61357725736431
2002-07-09,71.81552844919929
2002-07-10,71.95011773154343
2002-07-11,72.01740359858695
2002-07-12,72.08472456214463
2002-07-15,72.08472456214463
2002-07-16,71.95011773154343
2002-07-17,72.01740359858695
2002-07-18,72.08472456214463
2002-07-19,72.21925535029851
2002-07-22,72.3539499221851
2002-07-23,72.42122409039057
2002-07-24,72.3539499221851
2002-07-25,72.4885099574341
2002-07-26,72.62319867990165
2002-07-29,72.28659386211326
2002-07-30,72.21925535029851
2002-07-31,72.71891857282526
2002-08-01,72.85403430288164
2002-08-02,73.12411367809973
2002-08-05,73.19165691958035
2002-08-06,72.98915003293801
2002-08-07,73.19165691958035
2002-08-08,72.98915003293801
2002-08-09,73.12411367809973
2002-08-12,73.12411367809973
2002-08-13,73.32668490835135
2002-08-14,73.19165691958035
2002-08-15,72.98915003293801
2002-08-16,72.78650860965809
2002-08-19,72.78650860965809
2002-08-20,73.05662308139034
2002-08-21,73.05662308139034
2002-08-22,72.85403430288164
2002-08-23,72.92156584552421
2002-08-26,72.98915003293801
2002-08-27,72.85403430288164
2002-08-28,72.92156584552421
2002-08-29,73.05662308139034
2002-08-30,73.34779546161225
2002-09-03,73.61872300258896
2002-09-04,73.61872300258896
2002-09-05,73.68643587722131
2002-09-06,73.4832563073911
2002-09-09,73.41554343275875
2002-09-10,73.4832563073911
2002-09-11,73.34779546161225
2002-09-12,73.4832563073911
2002-09-13,73.5509808808615
2002-09-16,73.5509808808615
2002-09-17,73.5509808808615
2002-09-18,73.5509808808615
2002-09-19,73.68643587722131
2002-09-20,73.68643587722131
2002-09-23,73.75413120359659
2002-09-24,73.82192597009528
2002-09-25,73.68643587722131
2002-09-26,73.68643587722131
2002-09-27,73.82192597009528
2002-09-30,74.23619352427738
2002-10-01,74.10035831568095
2002-10-02,74.10035831568095
2002-10-03,74.10035831568095
2002-10-04,74.10035831568095
2002-10-07,74.16833441416942
2002-10-08,74.10035831568095
2002-10-09,74.23619352427738
2002-10-10,74.10035831568095
2002-10-11,73.96450555882744
2002-10-14,73.96450555882744
2002-10-15,73.62492338675537
2002-10-16,73.62492338675537
2002-10-17,73.48909402757796
2002-10-18,73.48909402757796
2002-10-21,73.35323542130543
2002-10-22,73.28532951584525
2002-10-23,73.35323542130543
2002-10-24,73.48909402757796
2002-10-25,73.62492338675537
2002-10-28,73.69285853931066
2002-10-29,73.96450555882744
2002-10-30,73.96450555882744
2002-10-31,74.25068253520209
2002-11-01,74.18247830937165
2002-11-04,74.04625703911957
2002-11-05,74.04625703911957
2002-11-06,74.04625703911957
2002-11-07,74.18247830937165
2002-11-08,74.18247830937165
2002-11-11,74.18247830937165
2002-11-12,74.25068253520209
2002-11-13,74.25068253520209
2002-11-14,73.97816980166962
2002-11-15,73.90998312409626
2002-11-18,73.97816980166962
2002-11-19,73.97816980166962
2002-11-20,73.77380864919638
2002-11-21,73.70570386348936
2002-11-22,73.56941824962801
2002-11-25,73.63750548707795
2002-11-26,73.77380864919638
2002-11-27,73.50129591566392
2002-11-29,73.70621276294453
2002-12-02,73.7745398265745
2002-12-03,73.7745398265745
2002-12-04,73.84282594427128
2002-12-05,73.97949177036925
2002-12-06,74.04783638225629
2002-12-09,74.11609325285795
2002-12-10,74.11609325285795
2002-12-11,74.2527532295369
2002-12-12,74.2527532295369
2002-12-13,74.18445541300207
2002-12-16,74.04783638225629
2002-12-17,74.11609325285795
2002-12-18,74.2527532295369
2002-12-19,74.3893079166734
2002-12-20,74.3893079166734
2002-12-23,74.32098085304344
2002-12-24,74.3893079166734
2002-12-26,74.45769932391264
2002-12-27,74.59432420407744
2002-12-30,74.66259862293617
2002-12-31,74.6901727842196
2003-01-02,74.34533198444414
2003-01-03,74.34533198444414
2003-01-06,74.27642582833072
2003-01-07,74.34533198444414
2003-01-08,74.41426738765269
2003-01-09,74.13843218411408
2003-01-10,74.20743778035093
2003-01-13,74.20743778035093
2003-01-14,74.27642582833072
2003-01-15,74.27642582833072
2003-01-16,74.27642582833072
2003-01-17,74.34533198444414
2003-01-21,74.41426738765269
2003-01-22,74.4832378873754
2003-01-23,74.4832378873754
2003-01-24,74.55220253767907
2003-01-27,74.4832378873754
2003-01-28,74.41426738765269
2003-01-29,74.34533198444414
2003-01-30,74.41426738765269
2003-01-31,74.60093989699462
2003-02-03,74.53182901121531
2003-02-04,74.67009757812612
2003-02-05,74.53182901121531
2003-02-06,74.60093989699462
2003-02-07,74.67009757812612
2003-02-10,74.60093989699462
2003-02-11,74.67009757812612
2003-02-12,74.73926695809566
2003-02-13,74.87760571803476
2003-02-14,74.73926695809566
2003-02-18,74.73926695809566
2003-02-19,74.8084363380652
2003-02-20,74.87760571803476
2003-02-21,74.8084363380652
2003-02-24,74.87760571803476
2003-02-25,74.87760571803476
2003-02-26,74.94666395904284
2003-02-27,74.94666395904284
2003-02-28,75.18230195504226
2003-03-03,75.18230195504226
2003-03-04,75.2515590762972
2003-03-05,75.2515590762972
2003-03-06,75.2515590762972
2003-03-07,75.32086884232334
2003-03-10,75.39007916822607
2003-03-11,75.39007916822607
2003-03-12,75.32086884232334
2003-03-13,75.0437116700851
2003-03-14,75.0437116700851
2003-03-17,74.97443115115408
2003-03-18,74.83579992026374
2003-03-19,74.76652525075174
2003-03-20,74.76652525075174
2003-03-21,74.55867784453964
2003-03-24,74.76652525075174
2003-03-25,74.76652525075174
2003-03-26,74.83579992026374
2003-03-27,74.90507458977574
2003-03-28,74.97443115115408
2003-03-31,75.28958614937812
2003-04-01,75.28958614937812
2003-04-02,75.07942237323216
2003-04-03,75.14946916605545
2003-04-04,75.14946916605545
2003-04-07,75.00937558040889
2003-04-08,75.14946916605545
2003-04-09,75.14946916605545
2003-04-10,75.14946916605545
2003-04-11,75.00937558040889
2003-04-14,74.93939313119488
2003-04-15,74.93939313119488
2003-04-16,75.00937558040889
2003-04-17,74.93939313119488
2003-04-21,74.93939313119488
2003-04-22,74.93939313119488
2003-04-23,74.93939313119488
2003-04-24,75.07942237323216
2003-04-25,75.14946916605545
2003-04-28,75.14946916605545
2003-04-29,75.07942237323216
2003-04-30,75.37420384499246
2003-05-01,75.44437932503429
2003-05-02,75.30402836495063
2003-05-05,75.37420384499246
2003-05-06,75.5146191486854
2003-05-07,75.65491746399785
2003-05-08,75.65491746399785
2003-05-09,75.65491746399785
2003-05-12,75.65491746399785
2003-05-13,75.65491746399785
2003-05-14,75.79528597233859
2003-05-15,75.65491746399785
2003-05-16,75.79528597233859
2003-05-19,75.86546145238042
2003-05-20,76.00584165955921
2003-05-21,75.86546145238042
2003-05-22,75.86546145238042
2003-05-23,75.86546145238042
2003-05-27,75.86546145238042
2003-05-28,75.86546145238042
2003-05-29,76.00584165955921
2003-05-30,76.09724468124243
2003-06-02,76.09724468124243
2003-06-03,76.23784716634417
2003-06-04,76.30829756908018
2003-06-05,76.23784716634417
2003-06-06,76.1675663967599
2003-06-09,76.30829756908018
2003-06-10,76.448917602439
2003-06-11,76.448917602439
2003-06-12,76.448917602439
2003-06-13,76.5192042214423
2003-06-16,76.37860173634056
2003-06-17,76.23784716634417
2003-06-18,76.09724468124243
2003-06-19,76.23784716634417
2003-06-20,76.1675663967599
2003-06-23,76.30829756908018
2003-06-24,76.37860173634056
2003-06-25,76.1675663967599
2003-06-26,75.95656030427435
2003-06-27,75.95656030427435
2003-06-30,76.18214314896997
2003-07-01,76.18214314896997
2003-07-02,76.18214314896997
2003-07-03,76.11159330611054
2003-07-07,76.11159330611054
2003-07-08,76.04114875279356
2003-07-09,76.04114875279356
2003-07-10,76.11159330611054
2003-07-11,76.18214314896997
2003-07-14,76.11159330611054
2003-07-15,75.9002362484835
2003-07-16,75.82980339400457
2003-07-17,75.82980339400457
2003-07-18,75.75921260521197
2003-07-21,75.61827085380679
2003-07-22,75.61827085380679
2003-07-23,75.68878560015206
2003-07-24,75.68878560015206
2003-07-25,75.68878560015206
2003-07-28,75.54779705339469
2003-07-29,75.47735834949673
2003-07-30,75.54779705339469
2003-07-31,75.48433085697442
2003-08-01,75.41367572457254
2003-08-04,75.55485730215774
2003-08-05,75.34307908636092
2003-08-06,75.55485730215774
2003-08-07,75.62547733804547
2003-08-08,75.62547733804547
2003-08-11,75.55485730215774
2003-08-12,75.62547733804547
2003-08-13,75.41367572457254
2003-08-14,75.34307908636092
2003-08-15,75.41367572457254
2003-08-18,75.41367572457254
2003-08-19,75.55485730215774
2003-08-20,75.48433085697442
2003-08-21,75.27246489989221
2003-08-22,75.34307908636092
2003-08-25,75.27246489989221
2003-08-26,75.34307908636092
2003-08-27,75.20185071342351
2003-08-28,75.41367572457254
2003-08-29,75.4986034393952
2003-09-02,75.35701825189727
2003-09-03,75.35701825189727
2003-09-04,75.4986034393952
2003-09-05,75.85231780783144
2003-09-08,75.7816217294964
2003-09-09,75.85231780783144
2003-09-10,75.99385035055815
2003-09-11,75.85231780783144
2003-09-12,75.99385035055815
2003-09-15,76.06466926669272
2003-09-16,75.99385035055815
2003-09-17,76.06466926669272
2003-09-18,75.99385035055815
2003-09-19,75.92318351931821
2003-09-22,75.92318351931821
2003-09-23,75.99385035055815
2003-09-24,75.99385035055815
2003-09-25,75.99385035055815
2003-09-26,76.13543553805607
2003-09-29,76.06466926669272
2003-09-30,76.36956438394708
2003-10-01,76.440465191948
2003-10-02,76.36956438394708
2003-10-03,76.1568151645921
2003-10-06,76.22774521968816
2003-10-07,76.1568151645921
2003-10-08,76.1568151645921
2003-10-09,76.08593775426729
2003-10-10,76.1568151645921
2003-10-13,76.1568151645921
2003-10-14,76.08593775426729
2003-10-15,76.01499015091416
2003-10-16,75.80229942574945
2003-10-17,75.87317683607426
2003-10-20,75.87317683607426
2003-10-21,75.87317683607426
2003-10-22,75.94406009581812
2003-10-23,75.94406009581812
2003-10-24,76.01499015091416
2003-10-27,75.94406009581812
2003-10-28,76.08593775426729
2003-10-29,76.01499015091416
2003-10-30,75.87317683607426
2003-10-31,76.10769174362092
2003-11-03,76.03662130246828
2003-11-04,76.03662130246828
2003-11-05,75.96554501189661
2003-11-06,75.89448042016299
2003-11-07,75.82348017203864
2003-11-10,75.75232783901966
2003-11-11,75.75232783901966
2003-11-12,75.82348017203864
2003-11-13,75.96554501189661
2003-11-14,76.10769174362092
2003-11-17,76.17877388361161
2003-11-18,76.17877388361161
2003-11-19,76.10769174362092
2003-11-20,76.17877388361161
2003-11-21,76.17877388361161
2003-11-24,76.03662130246828
2003-11-25,76.10769174362092
2003-11-26,75.96554501189661
2003-11-28,76.05814131506092
2003-12-01,75.91570211238536
2003-12-02,75.98693048785168
2003-12-03,75.98693048785168
2003-12-04,75.98693048785168
2003-12-05,76.27180304378378
2003-12-08,76.20055127064136
2003-12-09,76.1293872387843
2003-12-10,76.20055127064136
2003-12-11,76.34296122622179
2003-12-12,76.27180304378378
2003-12-15,76.27180304378378
2003-12-16,76.27180304378378
2003-12-17,76.34296122622179
2003-12-18,76.34296122622179
2003-12-19,76.34296122622179
2003-12-22,76.34296122622179
2003-12-23,76.20055127064136
2003-12-24,76.34296122622179
2003-12-26,76.34296122622179
2003-12-29,76.27180304378378
2003-12-30,76.27180304378378
2003-12-31,76.50914322071945
2004-01-02,76.36532940457305
2004-01-05,76.36532940457305
2004-01-06,76.50914322071945
2004-01-07,76.50914322071945
2004-01-08,76.43721876438917
2004-01-09,76.72485224610102
2004-01-12,76.72485224610102
2004-01-13,76.79671235882203
2004-01-14,76.79671235882203
2004-01-15,76.72485224610102
2004-01-16,76.65294533802782
2004-01-20,76.65294533802782
2004-01-21,76.65294533802782
2004-01-22,76.72485224610102
2004-01-23,76.65294533802782
2004-01-26,76.58101503227851
2004-01-27,76.65294533802782
2004-01-28,76.43721876438917
2004-01-29,76.43721876438917
2004-01-30,76.68227432501871
2004-02-02,76.68227432501871
2004-02-03,76.75426312495827
2004-02-04,76.75426312495827
2004-02-05,76.61017438611768
2004-02-06,76.75426312495827
2004-02-09,76.75426312495827
2004-02-10,76.68227432501871
2004-02-11,76.82638646153539
2004-02-12,76.82638646153539
2004-02-13,76.89846885217935
2004-02-17,76.89846885217935
2004-02-18,76.89846885217935
2004-02-19,76.89846885217935
2004-02-20,76.82638646153539
2004-02-23,76.89846885217935
2004-02-24,76.89846885217935
2004-02-25,76.97052199572818
2004-02-26,76.89846885217935
2004-02-27,77.12231441942457
2004-03-01,77.05012088981914
2004-03-02,76.97788641428053
2004-03-03,76.97788641428053
2004-03-04,76.97788641428053
2004-03-05,77.26670147863543
2004-03-08,77.33892425533597
2004-03-09,77.33892425533597
2004-03-10,77.33892425533597
2004-03-11,77.33892425533597
2004-03-12,77.33892425533597
2004-03-15,77.26670147863543
2004-03-16,77.41115288145555
2004-03-17,77.33892425533597
2004-03-18,77.33892425533597
2004-03-19,77.26670147863543
2004-03-22,77.33892425533597
2004-03-23,77.33892425533597
2004-03-24,77.41115288145555
2004-03-25,77.33892425533597
2004-03-26,77.26670147863543
2004-03-29,77.19454304554414
2004-03-30,77.19454304554414
2004-03-31,77.43327538420775
2004-04-01,77.28860170346468
2004-04-02,76.99917245011218
2004-04-05,76.92676834142186
2004-04-06,76.99917245011218
2004-04-07,76.99917245011218
2004-04-08,76.92676834142186
2004-04-12,76.92676834142186
2004-04-13,76.78194842520315
2004-04-14,76.63728644329814
2004-04-15,76.63728644329814
2004-04-16,76.70967300373138
2004-04-19,76.63728644329814
2004-04-20,76.63728644329814
2004-04-21,76.49255426836481
2004-04-22,76.56487063576976
2004-04-23,76.42019110560766
2004-04-26,76.42019110560766
2004-04-27,76.49255426836481
2004-04-28,76.42019110560766
2004-04-29,76.27538288822701
2004-04-30,76.50748198571638
2004-05-03,76.50748198571638
2004-05-04,76.50748198571638
2004-05-05,76.43496673806459
2004-05-06,76.36246318925083
2004-05-07,75.99991619808698
2004-05-10,76.07233785503438
2004-05-11,76.07233785503438
2004-05-12,76.07233785503438
2004-05-13,75.99991619808698
2004-05-14,76.07233785503438
2004-05-17,76.21742684452822
2004-05-18,76.14485310268617
2004-05-19,76.07233785503438
2004-05-20,76.14485310268617
2004-05-21,76.07233785503438
2004-05-24,76.14485310268617
2004-05-25,76.14485310268617
2004-05-26,76.21742684452822
2004-05-27,76.28989529682781
2004-05-28,76.38441605885131
2004-06-01,76.31174287688584
2004-06-02,76.23902874898721
2004-06-03,76.23902874898721
2004-06-04,76.16644330830711
2004-06-07,76.16644330830711
2004-06-08,76.16644330830711
2004-06-09,76.09375257808456
2004-06-10,76.02106769728104
2004-06-14,75.87568038741693
2004-06-15,76.09375257808456
2004-06-16,76.09375257808456
2004-06-17,76.09375257808456
2004-06-18,76.09375257808456
2004-06-21,76.09375257808456
2004-06-22,76.09375257808456
2004-06-23,76.09375257808456
2004-06-24,76.16644330830711
2004-06-25,76.16644330830711
2004-06-28,76.02106769728104
2004-06-29,76.09375257808456
2004-06-30,76.399607000059
2004-07-01,76.47239132098595
2004-07-02,76.61811204773448
2004-07-06,76.61811204773448
2004-07-07,76.61811204773448
2004-07-08,76.61811204773448
2004-07-09,76.61811204773448
2004-07-12,76.61811204773448
2004-07-13,76.61811204773448
2004-07-14,76.54526923261729
2004-07-15,76.54526923261729
2004-07-16,76.6910075076229
2004-07-19,76.6910075076229
2004-07-20,76.54526923261729
2004-07-21,76.47239132098595
2004-07-22,76.47239132098595
2004-07-23,76.47239132098595
2004-07-26,76.399607000059
2004-07-27,76.32679928145596
2004-07-28,76.32679928145596
2004-07-29,76.399607000059
2004-07-30,76.64043928015256
2004-08-02,76.7134809755166
2004-08-03,76.7134809755166
2004-08-04,76.7134809755166
2004-08-05,76.7134809755166
2004-08-06,77.0784086802236
2004-08-09,77.00547227440201
2004-08-10,76.85952926973053
2004-08-11,76.93237793426674
2004-08-12,76.93237793426674
2004-08-13,77.00547227440201
2004-08-16,76.93237793426674
2004-08-17,77.00547227440201
2004-08-18,77.00547227440201
2004-08-19,77.00547227440201
2004-08-20,77.00547227440201
2004-08-23,76.93237793426674
2004-08-24,76.93237793426674
2004-08-25,76.93237793426674
2004-08-26,76.93237793426674
2004-08-27,76.93237793426674
2004-08-30,77.00547227440201
2004-08-31,77.25413692656991
2004-09-01,77.25413692656991
2004-09-02,77.18100164050148
2004-09-03,77.0347544660407
2004-09-07,77.0347544660407
2004-09-08,77.18100164050148
2004-09-09,77.18100164050148
2004-09-10,77.18100164050148
2004-09-13,77.18100164050148
2004-09-14,77.25413692656991
2004-09-15,77.18100164050148
2004-09-16,77.32733655624763
2004-09-17,77.18100164050148
2004-09-20,77.32733655624763
2004-09-21,77.25413692656991
2004-09-22,77.32733655624763
2004-09-23,77.18100164050148
2004-09-24,77.10784295675694
2004-09-27,77.18100164050148
2004-09-28,77.25413692656991
2004-09-29,77.10784295675694
2004-09-30,77.2838168787023
2004-10-01,77.21052950773922
2004-10-04,77.21052950773922
2004-10-05,77.21052950773922
2004-10-06,77.13720704026198
2004-10-07,77.06386117510866
2004-10-08,77.2838168787023
2004-10-11,77.2838168787023
2004-10-12,77.35711594850343
2004-10-13,77.43046181365678
2004-10-14,77.50382522706718
2004-10-15,77.35711594850343
2004-10-18,77.43046181365678
2004-10-19,77.43046181365678
2004-10-20,77.43046181365678
2004-10-21,77.43046181365678
2004-10-22,77.43046181365678
2004-10-25,77.50382522706718
2004-10-26,77.43046181365678
2004-10-27,77.2838168787023
2004-10-28,77.35711594850343
2004-10-29,77.53349932978054
2004-11-01,77.46002477740866
2004-11-02,77.53349932978054
2004-11-03,77.53349932978054
2004-11-04,77.46002477740866
2004-11-05,77.23958357203594
2004-11-08,77.16601542895965
2004-11-09,77.16601542895965
2004-11-10,77.09255842484485
2004-11-11,77.09255842484485
2004-11-12,77.09255842484485
2004-11-15,77.09255842484485
2004-11-16,77.09255842484485
2004-11-17,77.16601542895965
2004-11-18,77.16601542895965
2004-11-19,77.01910727014906
2004-11-22,77.01910727014906
2004-11-23,77.01910727014906
2004-11-24,76.94559177184401
2004-11-26,76.8721113700531
2004-11-29,76.79861926942415
2004-11-30,77.04168017816619
2004-12-01,77.04168017816619
2004-12-02,76.96803014322356
2004-12-03,77.18900364572755
2004-12-06,77.18900364572755
2004-12-07,77.18900364572755
2004-12-08,77.3362042754894
2004-12-09,77.2625893370609
2004-12-10,77.2625893370609
2004-12-13,77.2625893370609
2004-12-14,77.2625893370609
2004-12-15,77.2625893370609
2004-12-16,77.18900364572755
2004-12-17,77.11531851427077
2004-12-20,77.11531851427077
2004-12-21,77.18900364572755
2004-12-22,77.18900364572755
2004-12-23,77.18900364572755
2004-12-27,77.04168017816619
2004-12-28,77.04168017816619
2004-12-29,76.96803014322356
2004-12-30,77.11531851427077
2004-12-31,77.2998793833447
2005-01-03,77.2998793833447
2005-01-04,77.15228099308918
2005-01-05,77.15228099308918
2005-01-06,77.15228099308918
2005-01-07,77.07843792731872
2005-01-10,77.07843792731872
2005-01-11,77.07843792731872
2005-01-12,77.15228099308918
2005-01-13,77.15228099308918
2005-01-14,77.15228099308918
2005-01-18,77.07843792731872
2005-01-19,77.07843792731872
2005-01-20,77.15228099308918
2005-01-21,77.22610651060255
2005-01-24,77.22610651060255
2005-01-25,77.15228099308918
2005-01-26,77.15228099308918
2005-01-27,77.07843792731872
2005-01-28,77.15228099308918
2005-01-31,77.33727471917095
2005-02-01,77.33727471917095
2005-02-02,77.26326202024877
2005-02-03,77.26326202024877
2005-02-04,77.33727471917095
2005-02-07,77.33727471917095
2005-02-08,77.33727471917095
2005-02-09,77.41131666518824
2005-02-10,77.33727471917095
2005-02-11,77.26326202024877
2005-02-14,77.26326202024877
2005-02-15,77.26326202024877
2005-02-16,77.18927856842173
2005-02-17,77.18927856842173
2005-02-18,77.11521322472832
2005-02-22,77.0412590199964
2005-02-23,77.0412590199964
2005-02-24,77.0412590199964
2005-02-25,77.0412590199964
2005-02-28,77.05608729722455
2005-03-01,77.05608729722455
2005-03-02,77.05608729722455
2005-03-03,77.05608729722455
2005-03-04,77.1301877374321
2005-03-07,77.05608729722455
2005-03-08,76.98192836282675
2005-03-09,76.83358124693603
2005-03-10,76.90771678365773
2005-03-11,76.75943986079531
2005-03-14,76.75943986079531
2005-03-15,76.75943986079531
2005-03-16,76.75943986079531
2005-03-17,76.83358124693603
2005-03-18,76.83358124693603
2005-03-21,76.83358124693603
2005-03-22,76.68525167930238
2005-03-23,76.68525167930238
2005-03-24,76.68525167930238
2005-03-28,76.61106349780947
2005-03-29,76.68525167930238
2005-03-30,76.68525167930238
2005-03-31,77.01977410391791
2005-04-01,77.09416116565768
2005-04-04,77.09416116565768
2005-04-05,77.09416116565768
2005-04-06,77.1684663355311
2005-04-07,77.09416116565768
2005-04-08,77.01977410391791
2005-04-11,77.09416116565768
2005-04-12,77.24285924668989
2005-04-13,77.24285924668989
2005-04-14,77.24285924668989
2005-04-15,77.39158657481723
2005-04-18,77.39158657481723
2005-04-19,77.46589759410968
2005-04-20,77.39158657481723
2005-04-21,77.3171878142394
2005-04-22,77.3171878142394
2005-04-25,77.3171878142394
2005-04-26,77.3171878142394
2005-04-27,77.39158657481723
2005-04-28,77.46589759410968
2005-04-29,77.57771508818983
2005-05-02,77.57771508818983
2005-05-03,77.57771508818983
2005-05-04,77.57771508818983
2005-05-05,77.65220159005302
2005-05-06,77.50312914620322
2005-05-09,77.42863094550198
2005-05-10,77.50312914620322
2005-05-11,77.57771508818983
2005-05-12,77.57771508818983
2005-05-13,77.65220159005302
2005-05-16,77.65220159005302
2005-05-17,77.65220159005302
2005-05-18,77.72667054365914
2005-05-19,77.65220159005302
2005-05-20,77.57771508818983
2005-05-23,77.65220159005302
2005-05-24,77.72667054365914
2005-05-25,77.65220159005302
2005-05-26,77.65220159005302
2005-05-27,77.65220159005302
2005-05-31,77.92113447914224
2005-06-01,78.07056958697159
2005-06-02,78.07056958697159
2005-06-03,77.92113447914224
2005-06-06,77.92113447914224
2005-06-07,77.9958491083474
2005-06-08,77.92113447914224
2005-06-09,77.92113447914224
2005-06-10,77.84639060284195
2005-06-13,77.77173446782703
2005-06-14,77.77173446782703
2005-06-15,77.77173446782703
2005-06-16,77.77173446782703
2005-06-17,77.77173446782703
2005-06-20,77.77173446782703
2005-06-21,77.77173446782703
2005-06-22,77.9958491083474
2005-06-23,77.92113447914224
2005-06-24,77.9958491083474
2005-06-27,77.9958491083474
2005-06-28,77.92113447914224
2005-06-29,77.84639060284195
2005-06-30,78.1085206176052
2005-07-01,77.95880473766265
2005-07-05,77.88383273402039
2005-07-06,77.95880473766265
2005-07-07,78.03361880699124
2005-07-08,77.95880473766265
2005-07-11,77.88383273402039
2005-07-12,77.80893677282546
2005-07-13,77.80893677282546
2005-07-14,77.80893677282546
2005-07-15,77.80893677282546
2005-07-18,77.73408760698273
2005-07-19,77.80893677282546
2005-07-20,77.80893677282546
2005-07-21,77.65923844113999
2005-07-22,77.73408760698273
2005-07-25,77.65923844113999
2005-07-26,77.65923844113999
2005-07-27,77.65923844113999
2005-07-28,77.65923844113999
2005-07-29,77.79432492410123
2005-08-01,77.79432492410123
2005-08-02,77.71925932975458
2005-08-03,77.79432492410123
2005-08-04,77.79432492410123
2005-08-05,77.64420543424598
2005-08-08,77.64420543424598
2005-08-09,77.64420543424598
2005-08-10,77.64420543424598
2005-08-11,77.79432492410123
2005-08-12,77.8695075068284
2005-08-15,77.79432492410123
2005-08-16,77.8695075068284
2005-08-17,77.79432492410123
2005-08-18,77.8695075068284
2005-08-19,77.8695075068284
2005-08-22,77.8695075068284
2005-08-23,77.9445848000131
2005-08-24,77.9445848000131
2005-08-25,77.9445848000131
2005-08-26,77.8695075068284
2005-08-29,77.8695075068284
2005-08-30,78.01957435191244
2005-08-31,78.38102750171863
2005-09-01,78.45635631992141
2005-09-02,78.45635631992141
2005-09-06,78.38102750171863
2005-09-07,78.30576302712512
2005-09-08,78.30576302712512
2005-09-09,78.30576302712512
2005-09-12,78.23039326298918
2005-09-13,78.30576302712512
2005-09-14,78.30576302712512
2005-09-15,78.23039326298918
2005-09-16,78.15520483084299
2005-09-19,78.23039326298918
2005-09-20,78.15520483084299
2005-09-21,78.23039326298918
2005-09-22,78.23039326298918
2005-09-23,78.15520483084299
2005-09-26,78.07988771147826
2005-09-27,78.07988771147826
2005-09-28,78.07988771147826
2005-09-29,78.00455889327549
2005-09-30,78.13287759842493
2005-10-03,78.05742594242261
2005-10-04,78.13287759842493
2005-10-05,78.13287759842493
2005-10-06,78.13287759842493
2005-10-07,78.13287759842493
2005-10-10,78.13287759842493
2005-10-11,78.05742594242261
2005-10-12,78.05742594242261
2005-10-13,77.98189239455397
2005-10-14,77.98189239455397
2005-10-17,77.98189239455397
2005-10-18,77.98189239455397
2005-10-19,77.98189239455397
2005-10-20,77.98189239455397
2005-10-21,78.05742594242261
2005-10-24,78.05742594242261
2005-10-25,77.98189239455397
2005-10-26,77.83086624474984
2005-10-27,77.90640564203751
2005-10-28,77.83086624474984
2005-10-31,78.0504007901737
2005-11-01,78.0504007901737
2005-11-02,77.97484969404798
2005-11-03,77.97484969404798
2005-11-04,77.89901197639003
2005-11-07,77.97484969404798
2005-11-08,78.0504007901737
2005-11-09,77.89901197639003
2005-11-10,78.0504007901737
2005-11-11,78.0504007901737
2005-11-14,77.97484969404798
2005-11-15,77.97484969404798
2005-11-16,78.12617416422238
2005-11-17,78.2018422487286
2005-11-18,78.12617416422238
2005-11-21,78.2018422487286
2005-11-22,78.2775980745202
2005-11-23,78.2018422487286
2005-11-25,78.2775980745202
2005-11-28,78.2775980745202
2005-11-29,78.2018422487286
2005-11-30,78.35364052184401
2005-12-01,78.35364052184401
2005-12-02,78.35364052184401
2005-12-05,78.27779695476704
2005-12-06,78.35364052184401
2005-12-07,78.35364052184401
2005-12-08,78.42963617381562
2005-12-09,78.35364052184401
2005-12-12,78.35364052184401
2005-12-13,78.35364052184401
2005-12-14,78.42963617381562
2005-12-15,78.42963617381562
2005-12-16,78.42963617381562
2005-12-19,78.42963617381562
2005-12-20,78.42963617381562
2005-12-21,78.35364052184401
2005-12-22,78.42963617381562
2005-12-23,78.50553823508285
2005-12-27,78.50553823508285
2005-12-28,78.50553823508285
2005-12-29,78.42963617381562
2005-12-30,78.68098570931596
2006-01-03,78.75713929560126
2006-01-04,78.83335722549582
2006-01-05,78.75713929560126
2006-01-06,78.75713929560126
2006-01-09,78.75713929560126
2006-01-10,78.68098570931596
2006-01-11,78.68098570931596
2006-01-12,78.68098570931596
2006-01-13,78.75713929560126
2006-01-17,78.75713929560126
2006-01-18,78.75713929560126
2006-01-19,78.75713929560126
2006-01-20,78.75713929560126
2006-01-23,78.75713929560126
2006-01-24,78.68098570931596
2006-01-25,78.60479117709751
2006-01-26,78.52867268732636
2006-01-27,78.52867268732636
2006-01-30,78.52867268732636
2006-01-31,78.78850388041282
2006-02-01,78.71212216678556
2006-02-02,78.71212216678556
2006-02-03,78.71212216678556
2006-02-06,78.6356234647778
2006-02-07,78.6356234647778
2006-02-08,78.6356234647778
2006-02-09,78.6356234647778
2006-02-10,78.55925344998859
2006-02-13,78.55925344998859
2006-02-14,78.55925344998859
2006-02-15,78.55925344998859
2006-02-16,78.55925344998859
2006-02-17,78.6356234647778
2006-02-21,78.55925344998859
2006-02-22,78.55925344998859
2006-02-23,78.55925344998859
2006-02-24,78.55925344998859
2006-02-27,78.4828190915901
2006-02-28,78.79709082754138
2006-03-01,78.79709082754138
2006-03-02,78.72045173947703
2006-03-03,78.72045173947703
2006-03-06,78.64382435025072
2006-03-07,78.64382435025072
2006-03-08,78.64382435025072
2006-03-09,78.64382435025072
2006-03-10,78.64382435025072
2006-03-13,78.64382435025072
2006-03-14,78.79709082754138
2006-03-15,78.72045173947703
2006-03-16,78.87370066851062
2006-03-17,78.87370066851062
2006-03-20,78.87370066851062
2006-03-21,78.79709082754138
2006-03-22,78.72045173947703
2006-03-23,78.72045173947703
2006-03-24,78.79709082754138
2006-03-27,78.79709082754138
2006-03-28,78.64382435025072
2006-03-29,78.64382435025072
2006-03-30,78.56710921973904
2006-03-31,78.83630533268438
2006-04-03,78.83630533268438
2006-04-04,78.83630533268438
2006-04-05,78.91327198821413
2006-04-06,78.83630533268438
2006-04-07,78.75938547250682
2006-04-10,78.83630533268438
2006-04-11,78.83630533268438
2006-04-12,78.75938547250682
2006-04-13,78.68254750419563
2006-04-17,78.75938547250682
2006-04-18,78.83630533268438
2006-04-19,78.83630533268438
2006-04-20,78.75938547250682
2006-04-21,78.75938547250682
2006-04-24,78.83630533268438
2006-04-25,78.68254750419563
2006-04-26,78.68254750419563
2006-04-27,78.75938547250682
2006-04-28,79.09893839748376
2006-05-01,78.94467166953984
2006-05-02,79.02176116286911
2006-05-03,78.94467166953984
2006-05-04,78.94467166953984
2006-05-05,78.94467166953984
2006-05-08,78.94467166953984
2006-05-09,78.94467166953984
2006-05-10,78.94467166953984
2006-05-11,78.86745933841104
2006-05-12,78.86745933841104
2006-05-15,78.94467166953984
2006-05-16,79.02176116286911
2006-05-17,78.94467166953984
2006-05-18,79.02176116286911
2006-05-19,79.02176116286911
2006-05-22,79.02176116286911
2006-05-23,79.02176116286911
2006-05-24,79.02176116286911
2006-05-25,79.02176116286911
2006-05-26,79.02176116286911
2006-05-30,79.02176116286911
2006-05-31,79.13794232354186
2006-06-01,79.13794232354186
2006-06-02,79.370222753021
2006-06-05,79.29276474629314
2006-06-06,79.29276474629314
2006-06-07,79.21536523375555
2006-06-08,79.29276474629314
2006-06-09,79.21536523375555
2006-06-12,79.21536523375555
2006-06-13,79.29276474629314
2006-06-14,79.13794232354186
2006-06-15,79.06047846739499
2006-06-16,79.06047846739499
2006-06-19,78.98305555718129
2006-06-20,78.98305555718129
2006-06-21,78.98305555718129
2006-06-22,78.9056326469676
2006-06-23,78.9056326469676
2006-06-26,78.9056326469676
2006-06-27,78.9056326469676
2006-06-28,78.8281629414017
2006-06-29,78.98305555718129
2006-06-30,79.34051940321251
2006-07-03,79.34051940321251
2006-07-05,79.18511203855873
2006-07-06,79.26280402204756
2006-07-07,79.34051940321251
2006-07-10,79.34051940321251
2006-07-11,79.34051940321251
2006-07-12,79.34051940321251
2006-07-13,79.41823478437745
2006-07-14,79.41823478437745
2006-07-17,79.41823478437745
2006-07-18,79.34051940321251
2006-07-19,79.41823478437745
2006-07-20,79.49593846670435
2006-07-21,79.49593846670435
2006-07-24,79.41823478437745
2006-07-25,79.41823478437745
2006-07-26,79.49593846670435
2006-07-27,79.49593846670435
2006-07-28,79.5736129019361
2006-07-31,79.94804591255858
2006-08-01,79.94804591255858
2006-08-02,79.94804591255858
2006-08-03,79.94804591255858
2006-08-04,80.0260596140938
2006-08-07,79.94804591255858
2006-08-08,80.0260596140938
2006-08-09,80.0260596140938
2006-08-10,80.0260596140938
2006-08-11,79.94804591255858
2006-08-14,79.87003221102337
2006-08-15,80.0260596140938
2006-08-16,80.10402067085778
2006-08-17,80.0260596140938
2006-08-18,80.10402067085778
2006-08-21,80.10402067085778
2006-08-22,80.10402067085778
2006-08-23,80.10402067085778
2006-08-24,80.10402067085778
2006-08-25,80.10402067085778
2006-08-28,80.10402067085778
2006-08-29,80.10402067085778
2006-08-30,80.18204022181202
2006-08-31,80.55000377499294
2006-09-01,80.55000377499294
2006-09-05,80.55000377499294
2006-09-06,80.47169175308746
2006-09-07,80.47169175308746
2006-09-08,80.55000377499294
2006-09-11,80.47169175308746
2006-09-12,80.55000377499294
2006-09-13,80.55000377499294
2006-09-14,80.47169175308746
2006-09-15,80.47169175308746
2006-09-18,80.393385580601
2006-09-19,80.55000377499294
2006-09-20,80.55000377499294
2006-09-21,80.70654592693757
2006-09-22,80.78478775581475
2006-09-25,80.78478775581475
2006-09-26,80.78478775581475
2006-09-27,80.78478775581475
2006-09-28,80.70654592693757
2006-09-29,80.98930684260166
2006-10-02,81.06788208836326
2006-10-03,81.06788208836326
2006-10-04,81.14642223761072
2006-10-05,81.06788208836326
2006-10-06,80.91078424161128
2006-10-09,80.91078424161128
2006-10-10,80.83223239352579
2006-10-11,80.75363375008807
2006-10-12,80.75363375008807
2006-10-13,80.67507605258355
2006-10-16,80.75363375008807
2006-10-17,80.75363375008807
2006-10-18,80.75363375008807
2006-10-19,80.75363375008807
2006-10-20,80.75363375008807
2006-10-23,80.67507605258355
2006-10-24,80.67507605258355
2006-10-25,80.75363375008807
2006-10-26,80.83223239352579
2006-10-27,80.91078424161128
2006-10-30,80.91078424161128
2006-10-31,81.36810936923574
2006-11-01,81.44693029059638
2006-11-02,81.36810936923574
2006-11-03,81.13154716503037
2006-11-06,81.13154716503037
2006-11-07,81.21039148406712
2006-11-08,81.28921240542778
2006-11-09,81.28921240542778
2006-11-10,81.28921240542778
2006-11-13,81.28921240542778
2006-11-14,81.28921240542778
2006-11-15,81.21039148406712
2006-11-16,81.13154716503037
2006-11-17,81.28921240542778
2006-11-20,81.28921240542778
2006-11-21,81.28921240542778
2006-11-22,81.28921240542778
2006-11-24,81.36810936923574
2006-11-27,81.36810936923574
2006-11-28,81.44693029059638
2006-11-29,81.36810936923574
2006-11-30,81.81913467257037
2006-12-01,81.89825976372032
2006-12-04,81.89825976372032
2006-12-05,81.89825976372032
2006-12-06,81.81913467257037
2006-12-07,81.81913467257037
2006-12-08,81.66086109259439
2006-12-11,81.66086109259439
2006-12-12,81.73998033432531
2006-12-13,81.58168335667322
2006-12-14,81.58168335667322
2006-12-15,81.58168335667322
2006-12-18,81.58168335667322
2006-12-19,81.58168335667322
2006-12-20,81.58168335667322
2006-12-21,81.66086109259439
2006-12-22,81.50261091029451
2006-12-26,81.58168335667322
2006-12-27,81.42346827088748
2006-12-28,81.34432563148046
2006-12-29,81.65410501362062
2007-01-03,81.73354597339791
2007-01-04,81.81299278259422
2007-01-05,81.73354597339791
2007-01-08,81.73354597339791
2007-01-09,81.73354597339791
2007-01-10,81.73354597339791
2007-01-11,81.57462310791016
2007-01-12,81.61967468261719
2007-01-16,81.60467529296875
2007-01-17,81.64965057373047
2007-01-18,81.64214324951172
2007-01-19,81.62715148925781
2007-01-22,81.6572036743164
2007-01-23,81.66471099853516
2007-01-24,81.70972442626953
2007-01-25,81.70972442626953
2007-01-26,81.70223236083984
2007-01-29,81.76226043701172
2007-01-30,81.76226043701172
2007-01-31,81.79978942871094
2007-02-01,81.80278015136719
2007-02-02,81.82534790039062
2007-02-05,81.84794616699219
2007-02-06,81.84041595458984
2007-02-07,81.88555908203125
2007-02-08,81.87803649902344
2007-02-09,81.90064239501953
2007-02-12,81.90064239501953
2007-02-13,81.90064239501953
2007-02-14,81.95333862304688
2007-02-15,81.96085357666016
2007-02-16,81.97590637207031
2007-02-20,81.98339080810547
2007-02-21,82.01349639892578
2007-02-22,82.01349639892578
2007-02-23,82.0511245727539
2007-02-26,82.05868530273438
2007-02-27,82.07372283935547
2007-02-28,82.1264419555664
2007-03-01,82.12418365478516
2007-03-02,82.16942596435547
2007-03-05,82.15434265136719
2007-03-06,82.16188049316406
2007-03-07,82.19204711914062
2007-03-08,82.19955444335938
2007-03-09,82.19204711914062
2007-03-12,82.21466827392578
2007-03-13,82.26749420166016
2007-03-14,82.27503204345703
2007-03-15,82.26749420166016
2007-03-16,82.28257751464844
2007-03-19,82.28257751464844
2007-03-20,82.3051528930664
2007-03-21,82.35803985595703
2007-03-22,82.33538055419922
2007-03-23,82.36558532714844
2007-03-26,82.37312316894531
2007-03-27,82.39569854736328
2007-03-28,82.41839599609375
2007-03-29,82.44100952148438
2007-03-30,82.44100952148438
2007-04-02,82.44476318359375
2007-04-03,82.45987701416016
2007-04-04,82.50534057617188
2007-04-05,82.49776458740234
2007-04-09,82.50534057617188
2007-04-10,82.52803802490234
2007-04-11,82.55068969726562
2007-04-12,82.57340240478516
2007-04-13,82.58853912353516
2007-04-16,82.6036376953125
2007-04-17,82.61113739013672
2007-04-18,82.6641616821289
2007-04-19,82.67168426513672
2007-04-20,82.6641616821289
2007-04-23,82.69440460205078
2007-04-24,82.70196533203125
2007-04-25,82.72464752197266
2007-04-26,82.70196533203125
2007-04-27,82.73217010498047
2007-04-30,82.74732971191406
2007-05-01,82.77082824707031
2007-05-02,82.80877685546875
2007-05-03,82.81641387939453
2007-05-04,82.8315658569336
2007-05-07,82.81641387939453
2007-05-08,82.84676361083984
2007-05-09,82.89225769042969
2007-05-10,82.89982604980469
2007-05-11,82.90736389160156
2007-05-14,82.91502380371094
2007-05-15,82.94535064697266
2007-05-16,82.99082946777344
2007-05-17,82.99847412109375
2007-05-18,83.00602722167969
2007-05-21,83.00602722167969
2007-05-22,83.00602722167969
2007-05-23,83.05152130126953
2007-05-24,83.06668090820312
2007-05-25,83.08191680908203
2007-05-29,83.08952331542969
2007-05-30,83.12748718261719
2007-05-31,83.13504791259766
2007-06-01,83.14795684814453
2007-06-04,83.18606567382812
2007-06-05,83.17842864990234
2007-06-06,83.19367980957031
2007-06-07,83.23174285888672
2007-06-08,83.24696350097656
2007-06-11,83.25460052490234
2007-06-12,83.26219177246094
2007-06-13,83.24696350097656
2007-06-14,83.30790710449219
2007-06-15,83.33076477050781
2007-06-18,83.33836364746094
2007-06-19,83.36127471923828
2007-06-20,83.38402557373047
2007-06-21,83.39163970947266
2007-06-22,83.41450500488281
2007-06-25,83.422119140625
2007-06-26,83.42977142333984
2007-06-27,83.45259857177734
2007-06-28,83.47543334960938
2007-06-29,83.49827575683594
2007-07-02,83.50135040283203
2007-07-03,83.48605346679688
2007-07-05,83.5243148803711
2007-07-06,83.5243148803711
2007-07-09,83.54729461669922
2007-07-10,83.57787322998047
2007-07-11,83.57787322998047
2007-07-12,83.59313201904297
2007-07-13,83.60843658447266
2007-07-16,83.61608123779297
2007-07-17,83.6313247680664
2007-07-18,83.65431213378906
2007-07-19,83.66959381103516
2007-07-20,83.70020294189453
2007-07-23,83.70020294189453
2007-07-24,83.7078628540039
2007-07-25,83.73078918457031
2007-07-26,83.77669525146484
2007-07-27,83.77669525146484
2007-07-30,83.77669525146484
2007-07-31,83.80728912353516
2007-08-01,83.83646392822266
2007-08-02,83.8672103881836
2007-08-03,83.89024353027344
2007-08-06,83.882568359375
2007-08-07,83.89024353027344
2007-08-08,83.9056167602539
2007-08-09,83.95928955078125
2007-08-10,83.9747085571289
2007-08-13,83.99002838134766
2007-08-14,84.03612518310547
2007-08-15,84.12060546875
2007-08-16,84.205078125
2007-08-17,84.23576354980469
2007-08-20,84.34326171875
2007-08-21,84.38165283203125
2007-08-22,84.38935089111328
2007-08-23,84.38165283203125
2007-08-24,84.26651763916016
2007-08-27,84.2281494140625
2007-08-28,84.30489349365234
2007-08-29,84.32023620605469
2007-08-30,84.37395477294922
2007-08-31,84.35869598388672
2007-09-04,84.35712432861328
2007-09-05,84.39558410644531
2007-09-06,84.35712432861328
2007-09-07,84.45734405517578
2007-09-10,84.46502685546875
2007-09-11,84.45734405517578
2007-09-12,84.50358581542969
2007-09-13,84.47270202636719
2007-09-14,84.47270202636719
2007-09-17,84.49588012695312
2007-09-18,84.52668762207031
2007-09-19,84.58061218261719
2007-09-20,84.58061218261719
2007-09-21,84.603759765625
2007-09-24,84.6114501953125
2007-09-25,84.63458251953125
2007-09-26,84.65772247314453
2007-09-27,84.66546630859375
2007-09-28,84.63458251953125
2007-10-01,84.65396118164062
2007-10-02,84.66163635253906
2007-10-03,84.70035552978516
2007-10-04,84.70035552978516
2007-10-05,84.67705535888672
2007-10-08,84.66163635253906
2007-10-09,84.69261932373047
2007-10-10,84.7235107421875
2007-10-11,84.73123931884766
2007-10-12,84.68486785888672
2007-10-15,84.68486785888672
2007-10-16,84.73123931884766
2007-10-17,84.77766418457031
2007-10-18,84.84723663330078
2007-10-19,84.87824249267578
2007-10-22,84.84723663330078
2007-10-23,84.87824249267578
2007-10-24,84.93233489990234
2007-10-25,84.95557403564453
2007-10-26,84.95557403564453
2007-10-29,84.95557403564453
2007-10-30,84.97099304199219
2007-10-31,84.96328735351562
2007-11-01,85.02690124511719
2007-11-02,85.04246520996094
2007-11-05,85.07352447509766
2007-11-06,85.08126831054688
2007-11-07,85.14332580566406
2007-11-08,85.19761657714844
2007-11-09,85.25201416015625
2007-11-12,85.24423217773438
2007-11-13,85.2054214477539
2007-11-14,85.2597885131836
2007-11-15,85.31413269042969
2007-11-16,85.32184600830078
2007-11-19,85.37619018554688
2007-11-20,85.39942932128906
2007-11-21,85.41500854492188
2007-11-23,85.43048858642578
2007-11-26,85.46156311035156
2007-11-27,85.4382553100586
2007-11-28,85.44601440429688
2007-11-29,85.46929931640625
2007-11-30,85.47703552246094
2007-12-03,85.49419403076172
2007-12-04,85.51754760742188
2007-12-05,85.51754760742188
2007-12-06,85.50979614257812
2007-12-07,85.50203704833984
2007-12-10,85.53319549560547
2007-12-11,85.61880493164062
2007-12-12,85.59545135498047
2007-12-13,85.59545135498047
2007-12-14,85.57987976074219
2007-12-17,85.55650329589844
2007-12-18,85.54873657226562
2007-12-19,85.63440704345703
2007-12-20,85.64994049072266
2007-12-21,85.60319519042969
2007-12-24,85.60319519042969
2007-12-26,85.6266098022461
2007-12-27,85.6586685180664
2007-12-28,85.66645050048828
2007-12-31,85.65080261230469
2008-01-02,85.73677825927734
2008-01-03,85.69769287109375
2008-01-04,85.76018524169922
2008-01-07,85.71331787109375
2008-01-08,85.76802825927734
2008-01-09,85.79927825927734
2008-01-10,85.82271575927734
2008-01-11,85.86956024169922
2008-01-14,85.87742614746094
2008-01-15,85.85403442382812
2008-01-16,85.87742614746094
2008-01-17,85.90089416503906
2008-01-18,86.00247955322266
2008-01-22,86.09628295898438
2008-01-23,86.10408020019531
2008-01-24,86.11968231201172
2008-01-25,86.16658782958984
2008-01-28,86.12752532958984
2008-01-29,86.18218231201172
2008-01-30,86.23692321777344
2008-01-31,86.25257110595703
2008-02-01,86.27604675292969
2008-02-04,86.24470520019531
2008-02-05,86.26827239990234
2008-02-06,86.28387451171875
2008-02-07,86.28387451171875
2008-02-08,86.28387451171875
2008-02-11,86.26827239990234
2008-02-12,86.26827239990234
2008-02-13,86.32305145263672
2008-02-14,86.3387680053711
2008-02-15,86.34664916992188
2008-02-19,86.33092498779297
2008-02-20,86.35440826416016
2008-02-21,86.37798309326172
2008-02-22,86.37010192871094
2008-02-25,86.37010192871094
2008-02-26,86.3935775756836
2008-02-27,86.41715240478516
2008-02-28,86.40145874023438
2008-02-29,86.41715240478516
2008-03-03,86.43832397460938
2008-03-04,86.45401763916016
2008-03-05,86.50897216796875
2008-03-06,86.55609130859375
2008-03-07,86.52471923828125
2008-03-10,86.57966613769531
2008-03-11,86.52471923828125
2008-03-12,86.5875015258789
2008-03-13,86.59534454345703
2008-03-14,86.62677001953125
2008-03-17,86.70528411865234
2008-03-18,86.72102355957031
2008-03-19,86.76030731201172
2008-03-20,86.77596282958984
2008-03-24,86.63461303710938
2008-03-25,86.62677001953125
2008-03-26,86.64246368408203
2008-03-27,86.68175506591797
2008-03-28,86.6973876953125
2008-03-31,86.68959045410156
2008-04-01,86.68571472167969
2008-04-02,86.66991424560547
2008-04-03,86.68571472167969
2008-04-04,86.69352722167969
2008-04-07,86.66991424560547
2008-04-08,86.70136260986328
2008-04-09,86.71713256835938
2008-04-10,86.76435852050781
2008-04-11,86.76435852050781
2008-04-14,86.76435852050781
2008-04-15,86.72504425048828
2008-04-16,86.75645446777344
2008-04-17,86.75645446777344
2008-04-18,86.72504425048828
2008-04-21,86.73282623291016
2008-04-22,86.75645446777344
2008-04-23,86.75645446777344
2008-04-24,86.75645446777344
2008-04-25,86.70930480957031
2008-04-28,86.71713256835938
2008-04-29,86.74070739746094
2008-04-30,86.76435852050781
2008-05-01,86.78484344482422
2008-05-02,86.75328826904297
2008-05-05,86.7612075805664
2008-05-06,86.73756408691406
2008-05-07,86.78484344482422
2008-05-08,86.79269409179688
2008-05-09,86.78484344482422
2008-05-12,86.7612075805664
2008-05-13,86.72966003417969
2008-05-14,86.72966003417969
2008-05-15,86.73756408691406
2008-05-16,86.77694702148438
2008-05-19,86.78484344482422
2008-05-20,86.78484344482422
2008-05-21,86.76909637451172
2008-05-22,86.77694702148438
2008-05-23,86.77694702148438
2008-05-27,86.78484344482422
2008-05-28,86.78484344482422
2008-05-29,86.78484344482422
2008-05-30,86.77694702148438
2008-06-02,86.80538940429688
2008-06-03,86.8211669921875
2008-06-04,86.8211669921875
2008-06-05,86.8211669921875
2008-06-06,86.82904815673828
2008-06-09,86.78961944580078
2008-06-10,86.76589965820312
2008-06-11,86.78172302246094
2008-06-12,86.78172302246094
2008-06-13,86.77377319335938
2008-06-16,86.77377319335938
2008-06-17,86.81328582763672
2008-06-18,86.8448257446289
2008-06-19,86.8527603149414
2008-06-20,86.83689880371094
2008-06-23,86.8448257446289
2008-06-24,86.87640380859375
2008-06-25,86.90008544921875
2008-06-26,86.91584777832031
2008-06-27,86.90804290771484
2008-06-30,86.93955993652344
2008-07-01,86.9593505859375
2008-07-02,86.96725463867188
2008-07-03,86.97516632080078
2008-07-07,86.98307800292969
2008-07-08,86.98307800292969
2008-07-09,87.02257537841797
2008-07-10,87.02257537841797
2008-07-11,87.01464080810547
2008-07-14,87.04631805419922
2008-07-15,87.0779800415039
2008-07-16,87.08589935302734
2008-07-17,87.08589935302734
2008-07-18,87.0779800415039
2008-07-21,87.09378051757812
2008-07-22,87.0779800415039
2008-07-23,87.10169982910156
2008-07-24,87.10169982910156
2008-07-25,87.10956573486328
2008-07-28,87.11747741699219
2008-07-29,87.10956573486328
2008-07-30,87.10956573486328
2008-07-31,87.14907836914062
2008-08-01,87.13725280761719
2008-08-04,87.13725280761719
2008-08-05,87.13725280761719
2008-08-06,87.14514923095703
2008-08-07,87.16899108886719
2008-08-08,87.1610107421875
2008-08-11,87.14514923095703
2008-08-12,87.1610107421875
2008-08-13,87.1610107421875
2008-08-14,87.16899108886719
2008-08-15,87.18479919433594
2008-08-18,87.1530532836914
2008-08-19,87.19269561767578
2008-08-20,87.24026489257812
2008-08-21,87.22444152832031
2008-08-22,87.22444152832031
2008-08-25,87.24026489257812
2008-08-26,87.24026489257812
2008-08-27,87.2640380859375
2008-08-28,87.25609588623047
2008-08-29,87.25609588623047
2008-09-02,87.27198791503906
2008-09-03,87.28782653808594
2008-09-04,87.3037109375
2008-09-05,87.28782653808594
2008-09-08,87.27198791503906
2008-09-09,87.3037109375
2008-09-10,87.31958770751953
2008-09-11,87.3275375366211
2008-09-12,87.34339141845703
2008-09-15,87.47038269042969
2008-09-16,87.50208282470703
2008-09-17,87.70049285888672
2008-09-18,87.67664337158203
2008-09-19,87.47827911376953
2008-09-22,87.47827911376953
2008-09-23,87.52586364746094
2008-09-24,87.5338363647461
2008-09-25,87.61317443847656
2008-09-26,87.58939361572266
2008-09-29,87.5497055053711
2008-09-30,87.52586364746094
2008-10-01,87.64905548095703
2008-10-02,87.7523422241211
2008-10-03,87.65703582763672
2008-10-06,87.62521362304688
2008-10-07,87.68876647949219
2008-10-08,87.7523422241211
2008-10-09,87.72056579589844
2008-10-10,87.80001068115234
2008-10-13,87.482177734375
2008-10-14,87.7602767944336
2008-10-15,87.83184814453125
2008-10-16,87.64109802246094
2008-10-17,87.64109802246094
2008-10-20,87.58548736572266
2008-10-21,87.57752227783203
2008-10-22,87.64905548095703
2008-10-23,87.60136413574219
2008-10-24,87.64109802246094
2008-10-27,87.7284927368164
2008-10-28,87.7284927368164
2008-10-29,87.7523422241211
2008-10-30,87.7364273071289
2008-10-31,87.69673919677734
2008-11-03,87.80815124511719
2008-11-04,87.72057342529297
2008-11-05,87.73648071289062
2008-11-06,87.85587310791016
2008-11-07,87.86384582519531
2008-11-10,87.87980651855469
2008-11-11,87.89570617675781
2008-11-12,87.91954803466797
2008-11-13,87.89570617675781
2008-11-14,87.88773345947266
2008-11-17,87.90361785888672
2008-11-18,87.89570617675781
2008-11-19,87.94346618652344
2008-11-20,87.95940399169922
2008-11-21,88.0071029663086
2008-11-24,87.96731567382812
2008-11-25,87.99120330810547
2008-11-26,87.99120330810547
2008-11-28,88.0071029663086
2008-12-01,88.01109313964844
2008-12-02,87.9951400756836
2008-12-03,88.03501892089844
2008-12-04,88.05891418457031
2008-12-05,88.05093383789062
2008-12-08,88.01911163330078
2008-12-09,88.07484436035156
2008-12-10,88.09078979492188
2008-12-11,88.07484436035156
2008-12-12,88.09877014160156
2008-12-15,88.09078979492188
2008-12-16,88.05891418457031
2008-12-17,88.01911163330078
2008-12-18,88.01911163330078
2008-12-19,88.05891418457031
2008-12-22,88.05891418457031
2008-12-23,88.08274841308594
2008-12-24,88.07484436035156
2008-12-26,88.05891418457031
2008-12-29,88.10674285888672
2008-12-30,88.09883880615234
2008-12-31,88.08281707763672
2009-01-02,87.94718170166016
2009-01-05,88.01102447509766
2009-01-06,88.05094146728516
2009-01-07,88.06689453125
2009-01-08,87.97114562988281
2009-01-09,88.03496551513672
2009-01-12,88.08281707763672
2009-01-13,88.08281707763672
2009-01-14,88.09883880615234
2009-01-15,88.04300689697266
2009-01-16,88.05094146728516
2009-01-20,88.05094146728516
2009-01-21,88.01902770996094
2009-01-22,88.04300689697266
2009-01-23,88.0748291015625
2009-01-26,88.04300689697266
2009-01-27,88.05892181396484
2009-01-28,88.05892181396484
2009-01-29,88.03496551513672
2009-01-30,88.03496551513672
2009-02-02,88.04534149169922
2009-02-03,88.02141571044922
2009-02-04,87.96550750732422
2009-02-05,88.02141571044922
2009-02-06,87.96550750732422
2009-02-09,87.99746704101562
2009-02-10,88.01343536376953
2009-02-11,87.99746704101562
2009-02-12,87.98147583007812
2009-02-13,87.9894790649414
2009-02-17,87.95755767822266
2009-02-18,87.99746704101562
2009-02-19,87.90172576904297
2009-02-20,87.93360137939453
2009-02-23,87.99746704101562
2009-02-24,87.9894790649414
2009-02-25,87.95755767822266
2009-02-26,87.96550750732422
2009-02-27,87.98147583007812
2009-03-02,88.00946807861328
2009-03-03,88.00946807861328
2009-03-04,88.02539825439453
2009-03-05,88.01746368408203
2009-03-06,88.01746368408203
2009-03-09,88.01746368408203
2009-03-10,88.03338623046875
2009-03-11,88.03338623046875
2009-03-12,88.0494155883789
2009-03-13,88.06538391113281
2009-03-16,88.03338623046875
2009-03-17,88.0413818359375
2009-03-18,88.0733413696289
2009-03-19,88.057373046875
2009-03-20,88.0494155883789
2009-03-23,88.06538391113281
2009-03-24,88.057373046875
2009-03-25,88.06538391113281
2009-03-26,88.0733413696289
2009-03-27,88.057373046875
2009-03-30,88.08129119873047
2009-03-31,88.08129119873047
2009-04-01,88.06615447998047
2009-04-02,88.05017852783203
2009-04-03,88.06615447998047
2009-04-06,88.05017852783203
2009-04-07,88.08209991455078
2009-04-08,88.08209991455078
2009-04-09,88.07410430908203
2009-04-13,88.08209991455078
2009-04-14,88.09808349609375
2009-04-15,88.11402893066406
2009-04-16,88.11402893066406
2009-04-17,88.09808349609375
2009-04-20,88.1220474243164
2009-04-21,88.10604858398438
2009-04-22,88.1220474243164
2009-04-23,88.13006591796875
2009-04-24,88.07410430908203
2009-04-27,88.08209991455078
2009-04-28,88.09012603759766
2009-04-29,88.13807678222656
2009-04-30,88.13006591796875
2009-05-01,88.08048248291016
2009-05-04,88.07251739501953
2009-05-05,88.0565185546875
2009-05-06,88.06451416015625
2009-05-07,88.0565185546875
2009-05-08,88.04854583740234
2009-05-11,88.06451416015625
2009-05-12,88.07251739501953
2009-05-13,88.08048248291016
2009-05-14,88.08048248291016
2009-05-15,88.0884780883789
2009-05-18,88.07251739501953
2009-05-19,88.08048248291016
2009-05-20,88.11247253417969
2009-05-21,88.11247253417969
2009-05-22,88.08048248291016
2009-05-26,88.06451416015625
2009-05-27,88.08048248291016
2009-05-28,88.14440155029297
2009-05-29,88.0884780883789
2009-06-01,88.14923095703125
2009-06-02,88.07731628417969
2009-06-03,88.11727142333984
2009-06-04,88.10131072998047
2009-06-05,88.06932830810547
2009-06-08,88.03730773925781
2009-06-09,88.06129455566406
2009-06-10,88.1092529296875
2009-06-11,88.1092529296875
2009-06-12,88.07731628417969
2009-06-15,88.07731628417969
2009-06-16,88.13325500488281
2009-06-17,88.14126586914062
2009-06-18,88.13325500488281
2009-06-19,88.12525177001953
2009-06-22,88.09329223632812
2009-06-23,88.08531188964844
2009-06-24,88.10131072998047
2009-06-25,88.13325500488281
2009-06-26,88.14126586914062
2009-06-29,88.11727142333984
2009-06-30,88.14126586914062
2009-07-01,88.12289428710938
2009-07-02,88.11488342285156
2009-07-06,88.11488342285156
2009-07-07,88.12289428710938
2009-07-08,88.15483093261719
2009-07-09,88.15483093261719
2009-07-10,88.12289428710938
2009-07-13,88.1388931274414
2009-07-14,88.1388931274414
2009-07-15,88.13084411621094
2009-07-16,88.13084411621094
2009-07-17,88.12289428710938
2009-07-20,88.11488342285156
2009-07-21,88.12289428710938
2009-07-22,88.13084411621094
2009-07-23,88.13084411621094
2009-07-24,88.12289428710938
2009-07-27,88.1388931274414
2009-07-28,88.13084411621094
2009-07-29,88.1468505859375
2009-07-30,88.13084411621094
2009-07-31,88.1388931274414
2009-08-03,88.1052474975586
2009-08-04,88.11324310302734
2009-08-05,88.12925720214844
2009-08-06,88.14524841308594
2009-08-07,88.11324310302734
2009-08-10,88.12124633789062
2009-08-11,88.13726043701172
2009-08-12,88.13726043701172
2009-08-13,88.14524841308594
2009-08-14,88.14524841308594
2009-08-17,88.15323638916016
2009-08-18,88.15323638916016
2009-08-19,88.14524841308594
2009-08-20,88.14524841308594
2009-08-21,88.15323638916016
2009-08-24,88.14524841308594
2009-08-25,88.15323638916016
2009-08-26,88.17729187011719
2009-08-27,88.13726043701172
2009-08-28,88.14524841308594
2009-08-31,88.17729187011719
2009-09-01,88.11251068115234
2009-09-02,88.18446350097656
2009-09-03,88.18446350097656
2009-09-04,88.17644500732422
2009-09-08,88.15243530273438
2009-09-09,88.17644500732422
2009-09-10,88.1604232788086
2009-09-11,88.19249725341797
2009-09-14,88.16842651367188
2009-09-15,88.17644500732422
2009-09-16,88.16842651367188
2009-09-17,88.17644500732422
2009-09-18,88.17644500732422
2009-09-21,88.1604232788086
2009-09-22,88.17644500732422
2009-09-23,88.17644500732422
2009-09-24,88.16842651367188
2009-09-25,88.1604232788086
2009-09-28,88.15243530273438
2009-09-29,88.1604232788086
2009-09-30,88.17644500732422
2009-10-01,88.1860580444336
2009-10-02,88.17005920410156
2009-10-05,88.17005920410156
2009-10-06,88.19405364990234
2009-10-07,88.2101058959961
2009-10-08,88.20207977294922
2009-10-09,88.17804718017578
2009-10-12,88.17804718017578
2009-10-13,88.1860580444336
2009-10-14,88.1860580444336
2009-10-15,88.1860580444336
2009-10-16,88.1860580444336
2009-10-19,88.19405364990234
2009-10-20,88.19405364990234
2009-10-21,88.21813201904297
2009-10-22,88.22610473632812
2009-10-23,88.2101058959961
2009-10-26,88.19405364990234
2009-10-27,88.21813201904297
2009-10-28,88.23410034179688
2009-10-29,88.22610473632812
2009-10-30,88.21813201904297
2009-11-02,88.197265625
2009-11-03,88.20525360107422
2009-11-04,88.18125915527344
2009-11-05,88.2132797241211
2009-11-06,88.197265625
2009-11-09,88.20525360107422
2009-11-10,88.22130584716797
2009-11-11,88.20525360107422
2009-11-12,88.2132797241211
2009-11-13,88.22933959960938
2009-11-16,88.2132797241211
2009-11-17,88.24530029296875
2009-11-18,88.24530029296875
2009-11-19,88.23731231689453
2009-11-20,88.25328826904297
2009-11-23,88.20525360107422
2009-11-24,88.24530029296875
2009-11-25,88.24530029296875
2009-11-27,88.23731231689453
2009-11-30,88.22933959960938
2009-12-01,88.22933197021484
2009-12-02,88.2132797241211
2009-12-03,88.2132797241211
2009-12-04,88.22130584716797
2009-12-07,88.19723510742188
2009-12-08,88.2132797241211
2009-12-09,88.22130584716797
2009-12-10,88.19723510742188
2009-12-11,88.19723510742188
2009-12-14,88.19723510742188
2009-12-15,88.2132797241211
2009-12-16,88.2132797241211
2009-12-17,88.19723510742188
2009-12-18,88.20524597167969
2009-12-21,88.22130584716797
2009-12-22,88.22130584716797
2009-12-23,88.22130584716797
2009-12-24,88.20524597167969
2009-12-28,88.23733520507812
2009-12-29,88.23248291015625
2009-12-30,88.23248291015625
2009-12-31,88.22452545166016
2010-01-04,88.23248291015625
2010-01-05,88.20048522949219
2010-01-06,88.20846557617188
2010-01-07,88.20846557617188
2010-01-08,88.24049377441406
2010-01-11,88.24049377441406
2010-01-12,88.23248291015625
2010-01-13,88.22452545166016
2010-01-14,88.22452545166016
2010-01-15,88.21649169921875
2010-01-19,88.23248291015625
2010-01-20,88.23248291015625
2010-01-21,88.23248291015625
2010-01-22,88.21649169921875
2010-01-25,88.2485122680664
2010-01-26,88.2485122680664
2010-01-27,88.21649169921875
2010-01-28,88.21649169921875
2010-01-29,88.2485122680664
2010-02-01,88.22613525390625
2010-02-02,88.24210357666016
2010-02-03,88.23410034179688
2010-02-04,88.23410034179688
2010-02-05,88.21806335449219
2010-02-08,88.2501220703125
2010-02-09,88.2501220703125
2010-02-10,88.24210357666016
2010-02-11,88.2501220703125
2010-02-12,88.2501220703125
2010-02-16,88.22613525390625
2010-02-17,88.24210357666016
2010-02-18,88.2501220703125
2010-02-19,88.23410034179688
2010-02-22,88.24210357666016
2010-02-23,88.24210357666016
2010-02-24,88.23410034179688
2010-02-25,88.25806427001953
2010-02-26,88.2501220703125
2010-03-01,88.24848937988281
2010-03-02,88.2084732055664
2010-03-03,88.23251342773438
2010-03-04,88.24047088623047
2010-03-05,88.23251342773438
2010-03-08,88.24848937988281
2010-03-09,88.24047088623047
2010-03-10,88.23251342773438
2010-03-11,88.2244873046875
2010-03-12,88.24047088623047
2010-03-15,88.24047088623047
2010-03-16,88.21649932861328
2010-03-17,88.24047088623047
2010-03-18,88.24047088623047
2010-03-19,88.24047088623047
2010-03-22,88.24047088623047
2010-03-23,88.24848937988281
2010-03-24,88.23251342773438
2010-03-25,88.23251342773438
2010-03-26,88.2244873046875
2010-03-29,88.2244873046875
2010-03-30,88.24848937988281
2010-03-31,88.24047088623047
2010-04-01,88.21086883544922
2010-04-05,88.20286560058594
2010-04-06,88.21891021728516
2010-04-07,88.21086883544922
2010-04-08,88.21086883544922
2010-04-09,88.21891021728516
2010-04-12,88.22687530517578
2010-04-13,88.21891021728516
2010-04-14,88.21891021728516
2010-04-15,88.21891021728516
2010-04-16,88.25090026855469
2010-04-19,88.21086883544922
2010-04-20,88.23491668701172
2010-04-21,88.22687530517578
2010-04-22,88.23491668701172
2010-04-23,88.23491668701172
2010-04-26,88.23491668701172
2010-04-27,88.23491668701172
2010-04-28,88.21891021728516
2010-04-29,88.22687530517578
2010-04-30,88.23491668701172
2010-05-03,88.21566772460938
2010-05-04,88.2076644897461
2010-05-05,88.23167419433594
2010-05-06,88.23167419433594
2010-05-07,88.22370910644531
2010-05-10,88.21566772460938
2010-05-11,88.22370910644531
2010-05-12,88.23167419433594
2010-05-13,88.23971557617188
2010-05-14,88.24769592285156
2010-05-17,88.22370910644531
2010-05-18,88.22370910644531
2010-05-19,88.23971557617188
2010-05-20,88.24769592285156
2010-05-21,88.24769592285156
2010-05-24,88.24769592285156
2010-05-25,88.23971557617188
2010-05-26,88.22370910644531
2010-05-27,88.24769592285156
2010-05-28,88.24769592285156
2010-06-01,88.24456024169922
2010-06-02,88.25250244140625
2010-06-03,88.23651885986328
2010-06-04,88.26851654052734
2010-06-07,88.23651885986328
2010-06-08,88.26851654052734
2010-06-09,88.24456024169922
2010-06-10,88.26851654052734
2010-06-11,88.2765121459961
2010-06-14,88.26851654052734
2010-06-15,88.23651885986328
2010-06-16,88.25250244140625
2010-06-17,88.26851654052734
2010-06-18,88.25250244140625
2010-06-21,88.26851654052734
2010-06-22,88.24456024169922
2010-06-23,88.25250244140625
2010-06-24,88.25250244140625
2010-06-25,88.26851654052734
2010-06-28,88.26048278808594
2010-06-29,88.26048278808594
2010-06-30,88.2765121459961
2010-07-01,88.24211883544922
2010-07-02,88.25808715820312
2010-07-06,88.24211883544922
2010-07-07,88.26610565185547
2010-07-08,88.2821044921875
2010-07-09,88.2821044921875
2010-07-12,88.2821044921875
2010-07-13,88.25808715820312
2010-07-14,88.2901611328125
2010-07-15,88.26610565185547
2010-07-16,88.27413177490234
2010-07-19,88.25808715820312
2010-07-20,88.26610565185547
2010-07-21,88.25808715820312
2010-07-22,88.27413177490234
2010-07-23,88.25808715820312
2010-07-26,88.25012969970703
2010-07-27,88.26610565185547
2010-07-28,88.2821044921875
2010-07-29,88.25808715820312
2010-07-30,88.25808715820312
2010-08-02,88.25650787353516
2010-08-03,88.25650787353516
2010-08-04,88.28858947753906
2010-08-05,88.26451873779297
2010-08-06,88.26451873779297
2010-08-09,88.26451873779297
2010-08-10,88.26451873779297
2010-08-11,88.27252960205078
2010-08-12,88.28858947753906
2010-08-13,88.26451873779297
2010-08-16,88.27252960205078
2010-08-17,88.28054809570312
2010-08-18,88.29658508300781
2010-08-19,88.27252960205078
2010-08-20,88.29658508300781
2010-08-23,88.27252960205078
2010-08-24,88.26451873779297
2010-08-25,88.27252960205078
2010-08-26,88.26451873779297
2010-08-27,88.28858947753906
2010-08-30,88.27252960205078
2010-08-31,88.28054809570312
2010-09-01,88.27974700927734
2010-09-02,88.27974700927734
2010-09-03,88.28776550292969
2010-09-07,88.27171325683594
2010-09-08,88.27171325683594
2010-09-09,88.27171325683594
2010-09-10,88.27171325683594
2010-09-13,88.30378723144531
2010-09-14,88.27974700927734
2010-09-15,88.2957992553711
2010-09-16,88.30378723144531
2010-09-17,88.28776550292969
2010-09-20,88.28776550292969
2010-09-21,88.28776550292969
2010-09-22,88.28776550292969
2010-09-23,88.31179809570312
2010-09-24,88.28776550292969
2010-09-27,88.30378723144531
2010-09-28,88.30378723144531
2010-09-29,88.2957992553711
2010-09-30,88.30378723144531
2010-10-01,88.29499053955078
2010-10-04,88.2789306640625
2010-10-05,88.29499053955078
2010-10-06,88.29499053955078
2010-10-07,88.28695678710938
2010-10-08,88.31906127929688
2010-10-11,88.28695678710938
2010-10-12,88.29499053955078
2010-10-13,88.31098175048828
2010-10-14,88.28695678710938
2010-10-15,88.31098175048828
2010-10-18,88.29499053955078
2010-10-19,88.31906127929688
2010-10-20,88.31098175048828
2010-10-21,88.30297088623047
2010-10-22,88.31906127929688
2010-10-25,88.30297088623047
2010-10-26,88.31906127929688
2010-10-27,88.29499053955078
2010-10-28,88.30297088623047
2010-10-29,88.30297088623047
2010-11-01,88.27814483642578
2010-11-02,88.29417419433594
2010-11-03,88.32624053955078
2010-11-04,88.32624053955078
2010-11-05,88.30218505859375
2010-11-08,88.30218505859375
2010-11-09,88.29417419433594
2010-11-10,88.29417419433594
2010-11-11,88.28616333007812
2010-11-12,88.29417419433594
2010-11-15,88.29417419433594
2010-11-16,88.29417419433594
2010-11-17,88.30218505859375
2010-11-18,88.29417419433594
2010-11-19,88.31021118164062
2010-11-22,88.31820678710938
2010-11-23,88.28616333007812
2010-11-24,88.29417419433594
2010-11-26,88.29417419433594
2010-11-29,88.27814483642578
2010-11-30,88.30218505859375
2010-12-01,88.28534698486328
2010-12-02,88.3013687133789
2010-12-03,88.30937957763672
2010-12-06,88.31739807128906
2010-12-07,88.31739807128906
2010-12-08,88.31739807128906
2010-12-09,88.31739807128906
2010-12-10,88.3013687133789
2010-12-13,88.3013687133789
2010-12-14,88.31739807128906
2010-12-15,88.31739807128906
2010-12-16,88.31739807128906
2010-12-17,88.3013687133789
2010-12-20,88.32542419433594
2010-12-21,88.32542419433594
2010-12-22,88.3013687133789
2010-12-23,88.29335021972656
2010-12-27,88.29335021972656
2010-12-28,88.33346557617188
2010-12-29,88.33346557617188
2010-12-30,88.32542419433594
2010-12-31,88.33346557617188
2011-01-03,88.32542419433594
2011-01-04,88.33346557617188
2011-01-05,88.33346557617188
2011-01-06,88.33346557617188
2011-01-07,88.33346557617188
2011-01-10,88.30133819580078
2011-01-11,88.30133819580078
2011-01-12,88.30937957763672
2011-01-13,88.30133819580078
2011-01-14,88.30133819580078
2011-01-18,88.30133819580078
2011-01-19,88.30937957763672
2011-01-20,88.30937957763672
2011-01-21,88.30133819580078
2011-01-24,88.3174057006836
2011-01-25,88.30133819580078
2011-01-26,88.30937957763672
2011-01-27,88.30937957763672
2011-01-28,88.3174057006836
2011-01-31,88.3174057006836
2011-02-01,88.33345794677734
2011-02-02,88.31739807128906
2011-02-03,88.33345794677734
2011-02-04,88.30937194824219
2011-02-07,88.325439453125
2011-02-08,88.325439453125
2011-02-09,88.33345794677734
2011-02-10,88.33345794677734
2011-02-11,88.325439453125
2011-02-14,88.33345794677734
2011-02-15,88.31739807128906
2011-02-16,88.33345794677734
2011-02-17,88.34147644042969
2011-02-18,88.31739807128906
2011-02-22,88.325439453125
2011-02-23,88.30937194824219
2011-02-24,88.31739807128906
2011-02-25,88.33345794677734
2011-02-28,88.325439453125
2011-03-01,88.31661224365234
2011-03-02,88.31661224365234
2011-03-03,88.31661224365234
2011-03-04,88.31661224365234
2011-03-07,88.31661224365234
2011-03-08,88.31661224365234
2011-03-09,88.34866333007812
2011-03-10,88.3566665649414
2011-03-11,88.34866333007812
2011-03-14,88.3566665649414
2011-03-15,88.34866333007812
2011-03-16,88.33267211914062
2011-03-17,88.33267211914062
2011-03-18,88.3566665649414
2011-03-21,88.34866333007812
2011-03-22,88.33267211914062
2011-03-23,88.3566665649414
2011-03-24,88.34066772460938
2011-03-25,88.34866333007812
2011-03-28,88.34866333007812
2011-03-29,88.33267211914062
2011-03-30,88.33267211914062
2011-03-31,88.34066772460938
2011-04-01,88.36470794677734
2011-04-04,88.3566665649414
2011-04-05,88.33267211914062
2011-04-06,88.34068298339844
2011-04-07,88.36470794677734
2011-04-08,88.3566665649414
2011-04-11,88.3486557006836
2011-04-12,88.37271881103516
2011-04-13,88.37271881103516
2011-04-14,88.38076782226562
2011-04-15,88.36470794677734
2011-04-18,88.37271881103516
2011-04-19,88.38871765136719
2011-04-20,88.38076782226562
2011-04-21,88.39673614501953
2011-04-25,88.3566665649414
2011-04-26,88.36470794677734
2011-04-27,88.38871765136719
2011-04-28,88.36470794677734
2011-04-29,88.38871765136719
2011-05-02,88.37188720703125
2011-05-03,88.38796997070312
2011-05-04,88.39596557617188
2011-05-05,88.38796997070312
2011-05-06,88.39596557617188
2011-05-09,88.35586547851562
2011-05-10,88.37993621826172
2011-05-11,88.35586547851562
2011-05-12,88.36387634277344
2011-05-13,88.39596557617188
2011-05-16,88.35586547851562
2011-05-17,88.38796997070312
2011-05-18,88.37188720703125
2011-05-19,88.37188720703125
2011-05-20,88.35586547851562
2011-05-23,88.37993621826172
2011-05-24,88.36387634277344
2011-05-25,88.37993621826172
2011-05-26,88.37188720703125
2011-05-27,88.38796997070312
2011-05-31,88.37993621826172
2011-06-01,88.37911224365234
2011-06-02,88.37911224365234
2011-06-03,88.37911224365234
2011-06-06,88.36306762695312
2011-06-07,88.36306762695312
2011-06-08,88.35503387451172
2011-06-09,88.35503387451172
2011-06-10,88.36306762695312
2011-06-13,88.3470458984375
2011-06-14,88.35503387451172
2011-06-15,88.36306762695312
2011-06-16,88.3710708618164
2011-06-17,88.3710708618164
2011-06-20,88.37911224365234
2011-06-21,88.38713836669922
2011-06-22,88.38713836669922
2011-06-23,88.38713836669922
2011-06-24,88.3710708618164
2011-06-27,88.36306762695312
2011-06-28,88.3710708618164
2011-06-29,88.38713836669922
2011-06-30,88.39517211914062
2011-07-01,88.39356231689453
2011-07-05,88.39356231689453
2011-07-06,88.4015884399414
2011-07-07,88.385498046875
2011-07-08,88.37747955322266
2011-07-11,88.37747955322266
2011-07-12,88.3694839477539
2011-07-13,88.37747955322266
2011-07-14,88.385498046875
2011-07-15,88.37747955322266
2011-07-18,88.37747955322266
2011-07-19,88.37747955322266
2011-07-20,88.36150360107422
2011-07-21,88.36150360107422
2011-07-22,88.3534927368164
2011-07-25,88.37747955322266
2011-07-26,88.34544372558594
2011-07-27,88.36150360107422
2011-07-28,88.33743286132812
2011-07-29,88.34544372558594
2011-08-01,88.33344268798828
2011-08-02,88.38153076171875
2011-08-03,88.38956451416016
2011-08-04,88.38956451416016
2011-08-05,88.38956451416016
2011-08-08,88.37350463867188
2011-08-09,88.40557861328125
2011-08-10,88.38153076171875
2011-08-11,88.38956451416016
2011-08-12,88.38153076171875
2011-08-15,88.38153076171875
2011-08-16,88.38956451416016
2011-08-17,88.38956451416016
2011-08-18,88.38956451416016
2011-08-19,88.40557861328125
2011-08-22,88.40557861328125
2011-08-23,88.40557861328125
2011-08-24,88.40557861328125
2011-08-25,88.38956451416016
2011-08-26,88.38956451416016
2011-08-29,88.41358947753906
2011-08-30,88.38956451416016
2011-08-31,88.38153076171875
2011-09-01,88.38554382324219
2011-09-02,88.37751770019531
2011-09-06,88.40160369873047
2011-09-07,88.37751770019531
2011-09-08,88.37751770019531
2011-09-09,88.37751770019531
2011-09-12,88.37751770019531
2011-09-13,88.3935775756836
2011-09-14,88.37751770019531
2011-09-15,88.40160369873047
2011-09-16,88.38554382324219
2011-09-19,88.38554382324219
2011-09-20,88.38554382324219
2011-09-21,88.37751770019531
2011-09-22,88.3935775756836
2011-09-23,88.38554382324219
2011-09-26,88.40160369873047
2011-09-27,88.38554382324219
2011-09-28,88.38554382324219
2011-09-29,88.37751770019531
2011-09-30,88.3935775756836
2011-10-03,88.37431335449219
2011-10-04,88.39032745361328
2011-10-05,88.39032745361328
2011-10-06,88.39032745361328
2011-10-07,88.38233184814453
2011-10-10,88.39834594726562
2011-10-11,88.37431335449219
2011-10-12,88.37431335449219
2011-10-13,88.37431335449219
2011-10-14,88.38233184814453
2011-10-17,88.39032745361328
2011-10-18,88.39032745361328
2011-10-19,88.39032745361328
2011-10-20,88.37431335449219
2011-10-21,88.39032745361328
2011-10-24,88.37431335449219
2011-10-25,88.37431335449219
2011-10-26,88.37431335449219
2011-10-27,88.36626434326172
2011-10-28,88.36626434326172
2011-10-31,88.38233184814453
2011-11-01,88.36946868896484
2011-11-02,88.36946868896484
2011-11-03,88.37751770019531
2011-11-04,88.3935317993164
2011-11-07,88.3935317993164
2011-11-08,88.38553619384766
2011-11-09,88.37751770019531
2011-11-10,88.37751770019531
2011-11-11,88.3935317993164
2011-11-14,88.37751770019531
2011-11-15,88.37751770019531
2011-11-16,88.40155792236328
2011-11-17,88.38553619384766
2011-11-18,88.3935317993164
2011-11-21,88.40155792236328
2011-11-22,88.37751770019531
2011-11-23,88.38553619384766
2011-11-25,88.36946868896484
2011-11-28,88.38553619384766
2011-11-29,88.38553619384766
2011-11-30,88.36946868896484
2011-12-01,88.39035034179688
2011-12-02,88.39035034179688
2011-12-05,88.37428283691406
2011-12-06,88.37428283691406
2011-12-07,88.38233947753906
2011-12-08,88.39035034179688
2011-12-09,88.39035034179688
2011-12-12,88.39035034179688
2011-12-13,88.39834594726562
2011-12-14,88.39035034179688
2011-12-15,88.39035034179688
2011-12-16,88.39035034179688
2011-12-19,88.39834594726562
2011-12-20,88.38233947753906
2011-12-21,88.38233947753906
2011-12-22,88.38233947753906
2011-12-23,88.36631774902344
2011-12-27,88.37670135498047
2011-12-28,88.37670135498047
2011-12-29,88.37670135498047
2011-12-30,88.39277648925781
2012-01-03,88.37670135498047
2012-01-04,88.37670135498047
2012-01-05,88.37670135498047
2012-01-06,88.38475799560547
2012-01-09,88.39277648925781
2012-01-10,88.39277648925781
2012-01-11,88.39277648925781
2012-01-12,88.37670135498047
2012-01-13,88.38475799560547
2012-01-17,88.38475799560547
2012-01-18,88.38475799560547
2012-01-19,88.38475799560547
2012-01-20,88.36872100830078
2012-01-23,88.37670135498047
2012-01-24,88.38475799560547
2012-01-25,88.39277648925781
2012-01-26,88.39277648925781
2012-01-27,88.38475799560547
2012-01-30,88.37670135498047
2012-01-31,88.37670135498047
2012-02-01,88.36872100830078
2012-02-02,88.36071014404297
2012-02-03,88.35267639160156
2012-02-06,88.36071014404297
2012-02-07,88.36071014404297
2012-02-08,88.36071014404297
2012-02-09,88.35267639160156
2012-02-10,88.35267639160156
2012-02-13,88.35267639160156
2012-02-14,88.35267639160156
2012-02-15,88.36071014404297
2012-02-16,88.35267639160156
2012-02-17,88.35267639160156
2012-02-21,88.35267639160156
2012-02-22,88.36872100830078
2012-02-23,88.36872100830078
2012-02-24,88.36872100830078
2012-02-27,88.35267639160156
2012-02-28,88.36872100830078
2012-02-29,88.36872100830078
2012-03-01,88.35267639160156
2012-03-02,88.35267639160156
2012-03-05,88.36872100830078
2012-03-06,88.36872100830078
2012-03-07,88.36071014404297
2012-03-08,88.36071014404297
2012-03-09,88.36872100830078
2012-03-12,88.36872100830078
2012-03-13,88.36872100830078
2012-03-14,88.36872100830078
2012-03-15,88.36071014404297
2012-03-16,88.35267639160156
2012-03-19,88.35267639160156
2012-03-20,88.35267639160156
2012-03-21,88.35267639160156
2012-03-22,88.36071014404297
2012-03-23,88.36071014404297
2012-03-26,88.35267639160156
2012-03-27,88.35267639160156
2012-03-28,88.36872100830078
2012-03-29,88.36071014404297
2012-03-30,88.36071014404297
2012-04-02,88.36872100830078
2012-04-03,88.35267639160156
2012-04-04,88.35267639160156
2012-04-05,88.35267639160156
2012-04-09,88.35267639160156
2012-04-10,88.36071014404297
2012-04-11,88.36071014404297
2012-04-12,88.36872100830078
2012-04-13,88.38475799560547
2012-04-16,88.37670135498047
2012-04-17,88.37670135498047
2012-04-18,88.36872100830078
2012-04-19,88.36872100830078
2012-04-20,88.36071014404297
2012-04-23,88.36071014404297
2012-04-24,88.36071014404297
2012-04-25,88.36071014404297
2012-04-26,88.36071014404297
2012-04-27,88.36872100830078
2012-04-30,88.36071014404297
2012-05-01,88.36872100830078
2012-05-02,88.36071014404297
2012-05-03,88.35267639160156
2012-05-04,88.37670135498047
2012-05-07,88.36872100830078
2012-05-08,88.37670135498047
2012-05-09,88.36071014404297
2012-05-10,88.37670135498047
2012-05-11,88.36872100830078
2012-05-14,88.36071014404297
2012-05-15,88.36872100830078
2012-05-16,88.36071014404297
2012-05-17,88.36071014404297
2012-05-18,88.35267639160156
2012-05-21,88.36071014404297
2012-05-22,88.36071014404297
2012-05-23,88.36071014404297
2012-05-24,88.36872100830078
2012-05-25,88.37670135498047
2012-05-29,88.37670135498047
2012-05-30,88.37670135498047
2012-05-31,88.38475799560547
2012-06-01,88.36071014404297
2012-06-04,88.38475799560547
2012-06-05,88.38475799560547
2012-06-06,88.38475799560547
2012-06-07,88.36872100830078
2012-06-08,88.37670135498047
2012-06-11,88.38475799560547
2012-06-12,88.38475799560547
2012-06-13,88.38475799560547
2012-06-14,88.38475799560547
2012-06-15,88.37670135498047
2012-06-18,88.36872100830078
2012-06-19,88.37670135498047
2012-06-20,88.37670135498047
2012-06-21,88.38475799560547
2012-06-22,88.37670135498047
2012-06-25,88.37670135498047
2012-06-26,88.36872100830078
2012-06-27,88.36071014404297
2012-06-28,88.37670135498047
2012-06-29,88.37670135498047
2012-07-02,88.36872100830078
2012-07-03,88.37670135498047
2012-07-05,88.36872100830078
2012-07-06,88.37670135498047
2012-07-09,88.37670135498047
2012-07-10,88.36872100830078
2012-07-11,88.36872100830078
2012-07-12,88.36872100830078
2012-07-13,88.37670135498047
2012-07-16,88.36872100830078
2012-07-17,88.36872100830078
2012-07-18,88.37670135498047
2012-07-19,88.36872100830078
2012-07-20,88.36872100830078
2012-07-23,88.37670135498047
2012-07-24,88.37670135498047
2012-07-25,88.36872100830078
2012-07-26,88.36872100830078
2012-07-27,88.37670135498047
2012-07-30,88.36872100830078
2012-07-31,88.37670135498047
2012-08-01,88.37670135498047
2012-08-02,88.38475799560547
2012-08-03,88.38475799560547
2012-08-06,88.36872100830078
2012-08-07,88.37670135498047
2012-08-08,88.36872100830078
2012-08-09,88.36872100830078
2012-08-10,88.37670135498047
2012-08-13,88.37670135498047
2012-08-14,88.37670135498047
2012-08-15,88.36872100830078
2012-08-16,88.37670135498047
2012-08-17,88.37670135498047
2012-08-20,88.36872100830078
2012-08-21,88.36872100830078
2012-08-22,88.36872100830078
2012-08-23,88.38475799560547
2012-08-24,88.38475799560547
2012-08-27,88.38475799560547
2012-08-28,88.38475799560547
2012-08-29,88.37670135498047
2012-08-30,88.38475799560547
2012-08-31,88.39277648925781
2012-09-04,88.38554382324219
2012-09-05,88.38554382324219
2012-09-06,88.38554382324219
2012-09-07,88.38554382324219
2012-09-10,88.38554382324219
2012-09-11,88.38554382324219
2012-09-12,88.38554382324219
2012-09-13,88.39353942871094
2012-09-14,88.39353942871094
2012-09-17,88.39353942871094
2012-09-18,88.39353942871094
2012-09-19,88.38554382324219
2012-09-20,88.38554382324219
2012-09-21,88.38554382324219
2012-09-24,88.38554382324219
2012-09-25,88.37744903564453
2012-09-26,88.37744903564453
2012-09-27,88.37744903564453
2012-09-28,88.38554382324219
2012-10-01,88.3790512084961
2012-10-02,88.38714599609375
2012-10-03,88.3790512084961
2012-10-04,88.38714599609375
2012-10-05,88.3790512084961
2012-10-08,88.38714599609375
2012-10-09,88.38714599609375
2012-10-10,88.38714599609375
2012-10-11,88.3790512084961
2012-10-12,88.3790512084961
2012-10-15,88.3790512084961
2012-10-16,88.3790512084961
2012-10-17,88.3790512084961
2012-10-18,88.38714599609375
2012-10-19,88.3790512084961
2012-10-22,88.38714599609375
2012-10-23,88.38714599609375
2012-10-24,88.3790512084961
2012-10-25,88.3790512084961
2012-10-26,88.3790512084961
2012-10-31,88.3790512084961
2012-11-01,88.38714599609375
2012-11-02,88.38714599609375
2012-11-05,88.3710708618164
2012-11-06,88.3710708618164
2012-11-07,88.3710708618164
2012-11-08,88.3710708618164
2012-11-09,88.3710708618164
2012-11-12,88.3710708618164
2012-11-13,88.3710708618164
2012-11-14,88.3710708618164
2012-11-15,88.38714599609375
2012-11-16,88.3790512084961
2012-11-19,88.3790512084961
2012-11-20,88.3790512084961
2012-11-21,88.3790512084961
2012-11-23,88.3790512084961
2012-11-26,88.38714599609375
2012-11-27,88.39514923095703
2012-11-28,88.39514923095703
2012-11-29,88.39514923095703
2012-11-30,88.38714599609375
2012-12-03,88.38064575195312
2012-12-04,88.38064575195312
2012-12-05,88.38064575195312
2012-12-06,88.38064575195312
2012-12-07,88.38874053955078
2012-12-10,88.38064575195312
2012-12-11,88.38874053955078
2012-12-12,88.38874053955078
2012-12-13,88.39674377441406
2012-12-14,88.39674377441406
2012-12-17,88.39674377441406
2012-12-18,88.39674377441406
2012-12-19,88.4047622680664
2012-12-20,88.39674377441406
2012-12-21,88.4047622680664
2012-12-24,88.39674377441406
2012-12-26,88.39674377441406
2012-12-27,88.4047622680664
2012-12-28,88.4047622680664
2012-12-31,88.42081451416016
2013-01-02,88.4047622680664
2013-01-03,88.4047622680664
2013-01-04,88.4047622680664
2013-01-07,88.39674377441406
2013-01-08,88.39674377441406
2013-01-09,88.4047622680664
2013-01-10,88.4047622680664
2013-01-11,88.4047622680664
2013-01-14,88.39674377441406
2013-01-15,88.39674377441406
2013-01-16,88.39674377441406
2013-01-17,88.38874053955078
2013-01-18,88.39674377441406
2013-01-22,88.39674377441406
2013-01-23,88.39674377441406
2013-01-24,88.38874053955078
2013-01-25,88.38874053955078
2013-01-28,88.38874053955078
2013-01-29,88.39674377441406
2013-01-30,88.39674377441406
2013-01-31,88.39674377441406
2013-02-01,88.3991470336914
2013-02-04,88.39114379882812
2013-02-05,88.3991470336914
2013-02-06,88.3991470336914
2013-02-07,88.39114379882812
2013-02-08,88.39114379882812
2013-02-11,88.3991470336914
2013-02-12,88.3991470336914
2013-02-13,88.3991470336914
2013-02-14,88.39114379882812
2013-02-15,88.39114379882812
2013-02-19,88.39114379882812
2013-02-20,88.39114379882812
2013-02-21,88.38306427001953
2013-02-22,88.39114379882812
2013-02-25,88.39114379882812
2013-02-26,88.39114379882812
2013-02-27,88.39114379882812
2013-02-28,88.39114379882812
2013-03-01,88.3919448852539
2013-03-04,88.38385009765625
2013-03-05,88.38385009765625
2013-03-06,88.3919448852539
2013-03-07,88.3919448852539
2013-03-08,88.38385009765625
2013-03-11,88.38385009765625
2013-03-12,88.39994812011719
2013-03-13,88.39994812011719
2013-03-14,88.39994812011719
2013-03-15,88.39994812011719
2013-03-18,88.3919448852539
2013-03-19,88.3919448852539
2013-03-20,88.3919448852539
2013-03-21,88.39994812011719
2013-03-22,88.40796661376953
2013-03-25,88.39994812011719
2013-03-26,88.39994812011719
2013-03-27,88.40796661376953
2013-03-28,88.39994812011719
2013-04-01,88.3919448852539
2013-04-02,88.3919448852539
2013-04-03,88.39994812011719
2013-04-04,88.39994812011719
2013-04-05,88.39994812011719
2013-04-08,88.40796661376953
2013-04-09,88.39994812011719
2013-04-10,88.40796661376953
2013-04-11,88.40796661376953
2013-04-12,88.40796661376953
2013-04-15,88.40796661376953
2013-04-16,88.40796661376953
2013-04-17,88.40796661376953
2013-04-18,88.39994812011719
2013-04-19,88.40796661376953
2013-04-22,88.40796661376953
2013-04-23,88.39994812011719
2013-04-24,88.39994812011719
2013-04-25,88.40796661376953
2013-04-26,88.40796661376953
2013-04-29,88.40796661376953
2013-04-30,88.416015625
2013-05-01,88.39994812011719
2013-05-02,88.39994812011719
2013-05-03,88.40796661376953
2013-05-06,88.40796661376953
2013-05-07,88.40796661376953
2013-05-08,88.40796661376953
2013-05-09,88.416015625
2013-05-10,88.416015625
2013-05-13,88.416015625
2013-05-14,88.416015625
2013-05-15,88.416015625
2013-05-16,88.40796661376953
2013-05-17,88.40796661376953
2013-05-20,88.40796661376953
2013-05-21,88.40796661376953
2013-05-22,88.40796661376953
2013-05-23,88.39994812011719
2013-05-24,88.40796661376953
2013-05-28,88.39994812011719
2013-05-29,88.39994812011719
2013-05-30,88.39994812011719
2013-05-31,88.40796661376953
2013-06-03,88.416015625
2013-06-04,88.416015625
2013-06-05,88.416015625
2013-06-06,88.416015625
2013-06-07,88.40796661376953
2013-06-10,88.416015625
2013-06-11,88.40796661376953
2013-06-12,88.39994812011719
2013-06-13,88.40796661376953
2013-06-14,88.416015625
2013-06-17,88.416015625
2013-06-18,88.40796661376953
2013-06-19,88.40796661376953
2013-06-20,88.39994812011719
2013-06-21,88.39994812011719
2013-06-24,88.40796661376953
2013-06-25,88.40796661376953
2013-06-26,88.39994812011719
2013-06-27,88.39994812011719
2013-06-28,88.3919448852539
2013-07-01,88.40796661376953
2013-07-02,88.40796661376953
2013-07-03,88.40796661376953
2013-07-05,88.416015625
2013-07-08,88.416015625
2013-07-09,88.416015625
2013-07-10,88.416015625
2013-07-11,88.39994812011719
2013-07-12,88.40796661376953
2013-07-15,88.39994812011719
2013-07-16,88.40796661376953
2013-07-17,88.416015625
2013-07-18,88.40796661376953
2013-07-19,88.40796661376953
2013-07-22,88.39994812011719
2013-07-23,88.39994812011719
2013-07-24,88.40796661376953
2013-07-25,88.40796661376953
2013-07-26,88.40796661376953
2013-07-29,88.40796661376953
2013-07-30,88.39994812011719
2013-07-31,88.416015625
2013-08-01,88.40796661376953
2013-08-02,88.40796661376953
2013-08-05,88.416015625
2013-08-06,88.416015625
2013-08-07,88.416015625
2013-08-08,88.416015625
2013-08-09,88.40796661376953
2013-08-12,88.416015625
2013-08-13,88.416015625
2013-08-14,88.40796661376953
2013-08-15,88.416015625
2013-08-16,88.416015625
2013-08-19,88.39994812011719
2013-08-20,88.416015625
2013-08-21,88.39994812011719
2013-08-22,88.39994812011719
2013-08-23,88.39994812011719
2013-08-26,88.40796661376953
2013-08-27,88.416015625
2013-08-28,88.416015625
2013-08-29,88.416015625
2013-08-30,88.416015625
2013-09-03,88.42402648925781
2013-09-04,88.42402648925781
2013-09-05,88.416015625
2013-09-06,88.42402648925781
2013-09-09,88.416015625
2013-09-10,88.42402648925781
2013-09-11,88.416015625
2013-09-12,88.42402648925781
2013-09-13,88.42402648925781
2013-09-16,88.416015625
2013-09-17,88.416015625
2013-09-18,88.42402648925781
2013-09-19,88.42402648925781
2013-09-20,88.42402648925781
2013-09-23,88.42402648925781
2013-09-24,88.42402648925781
2013-09-25,88.43203735351562
2013-09-26,88.43203735351562
2013-09-27,88.43203735351562
2013-09-30,88.42402648925781
2013-10-01,88.416015625
2013-10-02,88.40796661376953
2013-10-03,88.40796661376953
2013-10-04,88.416015625
2013-10-07,88.40796661376953
2013-10-08,88.40796661376953
2013-10-09,88.3919448852539
2013-10-10,88.3919448852539
2013-10-11,88.39994812011719
2013-10-14,88.3919448852539
2013-10-15,88.37588500976562
2013-10-16,88.38385009765625
2013-10-17,88.40796661376953
2013-10-18,88.416015625
2013-10-21,88.416015625
2013-10-22,88.40796661376953
2013-10-23,88.416015625
2013-10-24,88.416015625
2013-10-25,88.416015625
2013-10-28,88.39994812011719
2013-10-29,88.39994812011719
2013-10-30,88.40796661376953
2013-10-31,88.40796661376953
2013-11-01,88.39994812011719
2013-11-04,88.39994812011719
2013-11-05,88.39994812011719
2013-11-06,88.39994812011719
2013-11-07,88.39994812011719
2013-11-08,88.39994812011719
2013-11-11,88.40796661376953
2013-11-12,88.416015625
2013-11-13,88.416015625
2013-11-14,88.416015625
2013-11-15,88.40796661376953
2013-11-18,88.40796661376953
2013-11-19,88.40796661376953
2013-11-20,88.416015625
2013-11-21,88.416015625
2013-11-22,88.416015625
2013-11-25,88.416015625
2013-11-26,88.416015625
2013-11-27,88.416015625
2013-11-29,88.40796661376953
2013-12-02,88.39994812011719
2013-12-03,88.39994812011719
2013-12-04,88.40796661376953
2013-12-05,88.416015625
2013-12-06,88.416015625
2013-12-09,88.40796661376953
2013-12-10,88.416015625
2013-12-11,88.416015625
2013-12-12,88.416015625
2013-12-13,88.416015625
2013-12-16,88.416015625
2013-12-17,88.40796661376953
2013-12-18,88.42402648925781
2013-12-19,88.40796661376953
2013-12-20,88.40796661376953
2013-12-23,88.40796661376953
2013-12-24,88.40796661376953
2013-12-26,88.40959167480469
2013-12-27,88.40959167480469
2013-12-30,88.40959167480469
2013-12-31,88.41759490966797
2014-01-02,88.40155029296875
2014-01-03,88.41759490966797
2014-01-06,88.40959167480469
2014-01-07,88.40959167480469
2014-01-08,88.41759490966797
2014-01-09,88.41759490966797
2014-01-10,88.41759490966797
2014-01-13,88.40959167480469
2014-01-14,88.41759490966797
2014-01-15,88.41759490966797
2014-01-16,88.40959167480469
2014-01-17,88.41759490966797
2014-01-21,88.40959167480469
2014-01-22,88.40959167480469
2014-01-23,88.40959167480469
2014-01-24,88.40959167480469
2014-01-27,88.40959167480469
2014-01-28,88.41759490966797
2014-01-29,88.41759490966797
2014-01-30,88.41759490966797
2014-01-31,88.40959167480469
2014-02-03,88.43366241455078
2014-02-04,88.41759490966797
2014-02-05,88.40959167480469
2014-02-06,88.42562866210938
2014-02-07,88.41759490966797
2014-02-10,88.41759490966797
2014-02-11,88.41759490966797
2014-02-12,88.40959167480469
2014-02-13,88.41759490966797
2014-02-14,88.40959167480469
2014-02-18,88.40959167480469
2014-02-19,88.40959167480469
2014-02-20,88.40959167480469
2014-02-21,88.40959167480469
2014-02-24,88.40959167480469
2014-02-25,88.41759490966797
2014-02-26,88.41759490966797
2014-02-27,88.41759490966797
2014-02-28,88.42562866210938
2014-03-03,88.40959167480469
2014-03-04,88.40959167480469
2014-03-05,88.41759490966797
2014-03-06,88.41759490966797
2014-03-07,88.40959167480469
2014-03-10,88.41759490966797
2014-03-11,88.40959167480469
2014-03-12,88.40959167480469
2014-03-13,88.40959167480469
2014-03-14,88.41759490966797
2014-03-17,88.42562866210938
2014-03-18,88.41759490966797
2014-03-19,88.42562866210938
2014-03-20,88.42562866210938
2014-03-21,88.42562866210938
2014-03-24,88.42562866210938
2014-03-25,88.42562866210938
2014-03-26,88.41759490966797
2014-03-27,88.43366241455078
2014-03-28,88.43366241455078
2014-03-31,88.43366241455078
2014-04-01,88.42562866210938
2014-04-02,88.43366241455078
2014-04-03,88.44166564941406
2014-04-04,88.44166564941406
2014-04-07,88.42562866210938
2014-04-08,88.44166564941406
2014-04-09,88.43366241455078
2014-04-10,88.43366241455078
2014-04-11,88.43366241455078
2014-04-14,88.42562866210938
2014-04-15,88.43366241455078
2014-04-16,88.43366241455078
2014-04-17,88.42562866210938
2014-04-21,88.42562866210938
2014-04-22,88.42562866210938
2014-04-23,88.42562866210938
2014-04-24,88.42562866210938
2014-04-25,88.42562866210938
2014-04-28,88.42562866210938
2014-04-29,88.43366241455078
2014-04-30,88.43366241455078
2014-05-01,88.43366241455078
2014-05-02,88.43366241455078
2014-05-05,88.43366241455078
2014-05-06,88.42562866210938
2014-05-07,88.43366241455078
2014-05-08,88.42562866210938
2014-05-09,88.43366241455078
2014-05-12,88.42562866210938
2014-05-13,88.43366241455078
2014-05-14,88.43366241455078
2014-05-15,88.42562866210938
2014-05-16,88.43366241455078
2014-05-19,88.43366241455078
2014-05-20,88.42562866210938
2014-05-21,88.43366241455078
2014-05-22,88.42562866210938
2014-05-23,88.44166564941406
2014-05-27,88.43366241455078
2014-05-28,88.43366241455078
2014-05-29,88.42562866210938
2014-05-30,88.43366241455078
2014-06-02,88.43366241455078
2014-06-03,88.42562866210938
2014-06-04,88.42562866210938
2014-06-05,88.42562866210938
2014-06-06,88.43366241455078
2014-06-09,88.43366241455078
2014-06-10,88.42562866210938
2014-06-11,88.42562866210938
2014-06-12,88.42562866210938
2014-06-13,88.43366241455078
2014-06-16,88.43366241455078
2014-06-17,88.41759490966797
2014-06-18,88.41759490966797
2014-06-19,88.42562866210938
2014-06-20,88.41759490966797
2014-06-23,88.42562866210938
2014-06-24,88.42562866210938
2014-06-25,88.42562866210938
2014-06-26,88.43366241455078
2014-06-27,88.43366241455078
2014-06-30,88.43366241455078
2014-07-01,88.43366241455078
2014-07-02,88.42562866210938
2014-07-03,88.43366241455078
2014-07-07,88.43366241455078
2014-07-08,88.43366241455078
2014-07-09,88.43366241455078
2014-07-10,88.42562866210938
2014-07-11,88.42562866210938
2014-07-14,88.43366241455078
2014-07-15,88.43366241455078
2014-07-16,88.43366241455078
2014-07-17,88.43366241455078
2014-07-18,88.43366241455078
2014-07-21,88.43366241455078
2014-07-22,88.42562866210938
2014-07-23,88.43366241455078
2014-07-24,88.43366241455078
2014-07-25,88.42562866210938
2014-07-28,88.42562866210938
2014-07-29,88.43366241455078
2014-07-30,88.42562866210938
2014-07-31,88.42562866210938
2014-08-01,88.43366241455078
2014-08-04,88.43366241455078
2014-08-05,88.42562866210938
2014-08-06,88.43366241455078
2014-08-07,88.43366241455078
2014-08-08,88.44166564941406
2014-08-11,88.43366241455078
2014-08-12,88.42562866210938
2014-08-13,88.42562866210938
2014-08-14,88.42562866210938
2014-08-15,88.43366241455078
2014-08-18,88.43366241455078
2014-08-19,88.43366241455078
2014-08-20,88.43366241455078
2014-08-21,88.44166564941406
2014-08-22,88.44166564941406
2014-08-25,88.43366241455078
2014-08-26,88.42562866210938
2014-08-27,88.42562866210938
2014-08-28,88.42562866210938
2014-08-29,88.43366241455078
2014-09-02,88.43366241455078
2014-09-03,88.43366241455078
2014-09-04,88.42562866210938
2014-09-05,88.42562866210938
2014-09-08,88.42562866210938
2014-09-09,88.42562866210938
2014-09-10,88.42562866210938
2014-09-11,88.42562866210938
2014-09-12,88.42562866210938
2014-09-15,88.43366241455078
2014-09-16,88.43366241455078
2014-09-17,88.43366241455078
2014-09-18,88.43366241455078
2014-09-19,88.44166564941406
2014-09-22,88.44166564941406
2014-09-23,88.44166564941406
2014-09-24,88.44166564941406
2014-09-25,88.44966125488281
2014-09-26,88.44966125488281
2014-09-29,88.44966125488281
2014-09-30,88.41759490966797
2014-10-01,88.43366241455078
2014-10-02,88.43366241455078
2014-10-03,88.41759490966797
2014-10-06,88.42562866210938
2014-10-07,88.43366241455078
2014-10-08,88.43366241455078
2014-10-09,88.44166564941406
2014-10-10,88.43366241455078
2014-10-13,88.44166564941406
2014-10-14,88.44166564941406
2014-10-15,88.42562866210938
2014-10-16,88.42562866210938
2014-10-17,88.42562866210938
2014-10-20,88.44166564941406
2014-10-21,88.44166564941406
2014-10-22,88.44166564941406
2014-10-23,88.44166564941406
2014-10-24,88.44166564941406
2014-10-27,88.44166564941406
2014-10-28,88.44166564941406
2014-10-29,88.43366241455078
2014-10-30,88.42562866210938
2014-10-31,88.43366241455078
2014-11-03,88.42562866210938
2014-11-04,88.43366241455078
2014-11-05,88.43366241455078
2014-11-06,88.42562866210938
2014-11-07,88.42562866210938
2014-11-10,88.43366241455078
2014-11-11,88.43366241455078
2014-11-12,88.43366241455078
2014-11-13,88.43366241455078
2014-11-14,88.43366241455078
2014-11-17,88.43366241455078
2014-11-18,88.43366241455078
2014-11-19,88.43366241455078
2014-11-20,88.43366241455078
2014-11-21,88.43366241455078
2014-11-24,88.41759490966797
2014-11-25,88.41759490966797
2014-11-26,88.43366241455078
2014-11-28,88.42562866210938
2014-12-01,88.43366241455078
2014-12-02,88.42562866210938
2014-12-03,88.42562866210938
2014-12-04,88.42562866210938
2014-12-05,88.42562866210938
2014-12-08,88.40959167480469
2014-12-09,88.40959167480469
2014-12-10,88.40959167480469
2014-12-11,88.41759490966797
2014-12-12,88.41759490966797
2014-12-15,88.42562866210938
2014-12-16,88.42562866210938
2014-12-17,88.42562866210938
2014-12-18,88.40959167480469
2014-12-19,88.41759490966797
2014-12-22,88.3935317993164
2014-12-23,88.40155029296875
2014-12-24,88.40959167480469
2014-12-26,88.40959167480469
2014-12-29,88.3935317993164
2014-12-30,88.40155029296875
2014-12-31,88.41759490966797
2015-01-02,88.40155029296875
2015-01-05,88.40155029296875
2015-01-06,88.40959167480469
2015-01-07,88.40959167480469
2015-01-08,88.40959167480469
2015-01-09,88.41759490966797
2015-01-12,88.43366241455078
2015-01-13,88.42562866210938
2015-01-14,88.42562866210938
2015-01-15,88.43366241455078
2015-01-16,88.43366241455078
2015-01-20,88.43366241455078
2015-01-21,88.42562866210938
2015-01-22,88.43366241455078
2015-01-23,88.43366241455078
2015-01-26,88.42562866210938
2015-01-27,88.42562866210938
2015-01-28,88.41759490966797
2015-01-29,88.44166564941406
2015-01-30,88.42562866210938
2015-02-02,88.44166564941406
2015-02-03,88.44966125488281
2015-02-04,88.43366241455078
2015-02-05,88.43366241455078
2015-02-06,88.43366241455078
2015-02-09,88.43366241455078
2015-02-10,88.42562866210938
2015-02-11,88.43366241455078
2015-02-12,88.42562866210938
2015-02-13,88.43366241455078
2015-02-17,88.44166564941406
2015-02-18,88.44966125488281
2015-02-19,88.44966125488281
2015-02-20,88.44166564941406
2015-02-23,88.43366241455078
2015-02-24,88.43366241455078
2015-02-25,88.43366241455078
2015-02-26,88.43366241455078
2015-02-27,88.44166564941406
2015-03-02,88.43366241455078
2015-03-03,88.42562866210938
2015-03-04,88.44166564941406
2015-03-05,88.42562866210938
2015-03-06,88.43366241455078
2015-03-09,88.42562866210938
2015-03-10,88.43366241455078
2015-03-11,88.42562866210938
2015-03-12,88.42562866210938
2015-03-13,88.43366241455078
2015-03-16,88.43366241455078
2015-03-17,88.42562866210938
2015-03-18,88.41759490966797
2015-03-19,88.42562866210938
2015-03-20,88.42562866210938
2015-03-23,88.43366241455078
2015-03-24,88.42562866210938
2015-03-25,88.42562866210938
2015-03-26,88.42562866210938
2015-03-27,88.42562866210938
2015-03-30,88.42562866210938
2015-03-31,88.43366241455078
2015-04-01,88.43366241455078
2015-04-02,88.42562866210938
2015-04-06,88.43366241455078
2015-04-07,88.43366241455078
2015-04-08,88.44166564941406
2015-04-09,88.44166564941406
2015-04-10,88.44166564941406
2015-04-13,88.43366241455078
2015-04-14,88.44166564941406
2015-04-15,88.44166564941406
2015-04-16,88.44166564941406
2015-04-17,88.44166564941406
2015-04-20,88.43366241455078
2015-04-21,88.43366241455078
2015-04-22,88.43366241455078
2015-04-23,88.44166564941406
2015-04-24,88.43366241455078
2015-04-27,88.43366241455078
2015-04-28,88.44166564941406
2015-04-29,88.43366241455078
2015-04-30,88.44166564941406
2015-05-01,88.43366241455078
2015-05-04,88.44166564941406
2015-05-05,88.44966125488281
2015-05-06,88.44166564941406
2015-05-07,88.44966125488281
2015-05-08,88.44966125488281
2015-05-11,88.44166564941406
2015-05-12,88.44966125488281
2015-05-13,88.44166564941406
2015-05-14,88.44166564941406
2015-05-15,88.44166564941406
2015-05-18,88.44166564941406
2015-05-19,88.44166564941406
2015-05-20,88.44166564941406
2015-05-21,88.44166564941406
2015-05-22,88.44166564941406
2015-05-26,88.44166564941406
2015-05-27,88.44166564941406
2015-05-28,88.44966125488281
2015-05-29,88.44166564941406
2015-06-01,88.44166564941406
2015-06-02,88.44166564941406
2015-06-03,88.44966125488281
2015-06-04,88.44166564941406
2015-06-05,88.43366241455078
2015-06-08,88.43366241455078
2015-06-09,88.43366241455078
2015-06-10,88.44166564941406
2015-06-11,88.44966125488281
2015-06-12,88.44166564941406
2015-06-15,88.43366241455078
2015-06-16,88.43366241455078
2015-06-17,88.44966125488281
2015-06-18,88.43366241455078
2015-06-19,88.44166564941406
2015-06-22,88.44166564941406
2015-06-23,88.44166564941406
2015-06-24,88.44166564941406
2015-06-25,88.44966125488281
2015-06-26,88.43366241455078
2015-06-29,88.44166564941406
2015-06-30,88.44966125488281
2015-07-01,88.44166564941406
2015-07-02,88.44966125488281
2015-07-06,88.44966125488281
2015-07-07,88.44966125488281
2015-07-08,88.46573638916016
2015-07-09,88.44966125488281
2015-07-10,88.44966125488281
2015-07-13,88.45767974853516
2015-07-14,88.45767974853516
2015-07-15,88.45767974853516
2015-07-16,88.45767974853516
2015-07-17,88.45767974853516
2015-07-20,88.44166564941406
2015-07-21,88.44166564941406
2015-07-22,88.44166564941406
2015-07-23,88.44166564941406
2015-07-24,88.44966125488281
2015-07-27,88.44166564941406
2015-07-28,88.44166564941406
2015-07-29,88.44166564941406
2015-07-30,88.44166564941406
2015-07-31,88.43366241455078
2015-08-03,88.44166564941406
2015-08-04,88.43366241455078
2015-08-05,88.44166564941406
2015-08-06,88.44166564941406
2015-08-07,88.44166564941406
2015-08-10,88.42562866210938
2015-08-11,88.43366241455078
2015-08-12,88.42562866210938
2015-08-13,88.42562866210938
2015-08-14,88.42562866210938
2015-08-17,88.42562866210938
2015-08-18,88.42562866210938
2015-08-19,88.42562866210938
2015-08-20,88.44166564941406
2015-08-21,88.43366241455078
2015-08-24,88.44966125488281
2015-08-25,88.44166564941406
2015-08-26,88.44166564941406
2015-08-27,88.44166564941406
2015-08-28,88.43366241455078
2015-08-31,88.44166564941406
2015-09-01,88.4424819946289
2015-09-02,88.4424819946289
2015-09-03,88.4504623413086
2015-09-04,88.4504623413086
2015-09-08,88.4424819946289
2015-09-09,88.4424819946289
2015-09-10,88.4264144897461
2015-09-11,88.4264144897461
2015-09-14,88.43446350097656
2015-09-15,88.4103775024414
2015-09-16,88.4264144897461
2015-09-17,88.41838836669922
2015-09-18,88.45846557617188
2015-09-21,88.4504623413086
2015-09-22,88.45846557617188
2015-09-23,88.45846557617188
2015-09-24,88.45846557617188
2015-09-25,88.47455596923828
2015-09-28,88.46651458740234
2015-09-29,88.46651458740234
2015-09-30,88.46651458740234
2015-10-01,88.4737548828125
2015-10-02,88.48172760009766
2015-10-05,88.4737548828125
2015-10-06,88.48172760009766
2015-10-07,88.48172760009766
2015-10-08,88.4737548828125
2015-10-09,88.48172760009766
2015-10-12,88.4737548828125
2015-10-13,88.4737548828125
2015-10-14,88.48172760009766
2015-10-15,88.4737548828125
2015-10-16,88.4737548828125
2015-10-19,88.4657211303711
2015-10-20,88.4737548828125
2015-10-21,88.4657211303711
2015-10-22,88.4737548828125
2015-10-23,88.45767211914062
2015-10-26,88.44963836669922
2015-10-27,88.45767211914062
2015-10-28,88.44963836669922
2015-10-29,88.441650390625
2015-10-30,88.441650390625
2015-11-02,88.4232177734375
2015-11-03,88.4312515258789
2015-11-04,88.4232177734375
2015-11-05,88.4312515258789
2015-11-06,88.40717315673828
2015-11-09,88.4232177734375
2015-11-10,88.40717315673828
2015-11-11,88.40717315673828
2015-11-12,88.4151840209961
2015-11-13,88.40717315673828
2015-11-16,88.4232177734375
2015-11-17,88.4151840209961
2015-11-18,88.4151840209961
2015-11-19,88.4232177734375
2015-11-20,88.4151840209961
2015-11-23,88.4151840209961
2015-11-24,88.4232177734375
2015-11-25,88.4312515258789
2015-11-27,88.4312515258789
2015-11-30,88.4312515258789
2015-12-01,88.41996765136719
2015-12-02,88.41996765136719
2015-12-03,88.41996765136719
2015-12-04,88.41996765136719
2015-12-07,88.39595031738281
2015-12-08,88.37184143066406
2015-12-09,88.37184143066406
2015-12-10,88.37986755371094
2015-12-11,88.38790893554688
2015-12-14,88.37986755371094
2015-12-15,88.37184143066406
2015-12-16,88.37184143066406
2015-12-17,88.38790893554688
2015-12-18,88.39595031738281
2015-12-21,88.39595031738281
2015-12-22,88.40392303466797
2015-12-23,88.40392303466797
2015-12-24,88.42081451416016
2015-12-28,88.41277313232422
2015-12-29,88.4288330078125
2015-12-30,88.4288330078125
2015-12-31,88.42081451416016
2016-01-04,88.42081451416016
2016-01-05,88.4288330078125
2016-01-06,88.41277313232422
2016-01-07,88.42081451416016
2016-01-08,88.4288330078125
2016-01-11,88.42081451416016
2016-01-12,88.4288330078125
2016-01-13,88.4288330078125
2016-01-14,88.44490051269531
2016-01-15,88.4528579711914
2016-01-19,88.4850082397461
2016-01-20,88.49300384521484
2016-01-21,88.49300384521484
2016-01-22,88.47699737548828
2016-01-25,88.47699737548828
2016-01-26,88.47699737548828
2016-01-27,88.47699737548828
2016-01-28,88.47699737548828
2016-01-29,88.4850082397461
2016-02-01,88.46814727783203
2016-02-02,88.49220275878906
2016-02-03,88.50021362304688
2016-02-04,88.50021362304688
2016-02-05,88.48420715332031
2016-02-08,88.48420715332031
2016-02-09,88.50021362304688
2016-02-10,88.49220275878906
2016-02-11,88.50021362304688
2016-02-12,88.50825500488281
2016-02-16,88.50825500488281
2016-02-17,88.50825500488281
2016-02-18,88.5162582397461
2016-02-19,88.50825500488281
2016-02-22,88.49220275878906
2016-02-23,88.50825500488281
2016-02-24,88.50021362304688
2016-02-25,88.50021362304688
2016-02-26,88.50021362304688
2016-02-29,88.5162582397461
2016-03-01,88.47615814208984
2016-03-02,88.49220275878906
2016-03-03,88.50022888183594
2016-03-04,88.49220275878906
2016-03-07,88.49220275878906
2016-03-08,88.50022888183594
2016-03-09,88.50824737548828
2016-03-10,88.50824737548828
2016-03-11,88.50022888183594
2016-03-14,88.50022888183594
2016-03-15,88.50824737548828
2016-03-16,88.51626586914062
2016-03-17,88.5242691040039
2016-03-18,88.51626586914062
2016-03-21,88.5242691040039
2016-03-22,88.51626586914062
2016-03-23,88.51626586914062
2016-03-24,88.5403823852539
2016-03-28,88.5242691040039
2016-03-29,88.55641174316406
2016-03-30,88.56437683105469
2016-03-31,88.54835510253906
2016-04-01,88.54034423828125
2016-04-04,88.55642700195312
2016-04-05,88.57243347167969
2016-04-06,88.57243347167969
2016-04-07,88.57243347167969
2016-04-08,88.5804443359375
2016-04-11,88.56439208984375
2016-04-12,88.5804443359375
2016-04-13,88.5804443359375
2016-04-14,88.57243347167969
2016-04-15,88.57243347167969
2016-04-18,88.58844757080078
2016-04-19,88.58844757080078
2016-04-20,88.58844757080078
2016-04-21,88.58844757080078
2016-04-22,88.59652709960938
2016-04-25,88.5804443359375
2016-04-26,88.5804443359375
2016-04-27,88.6125717163086
2016-04-28,88.60457611083984
2016-04-29,88.59652709960938
2016-05-02,88.590087890625
2016-05-03,88.59809875488281
2016-05-04,88.59809875488281
2016-05-05,88.61418151855469
2016-05-06,88.62223815917969
2016-05-09,88.62223815917969
2016-05-10,88.61418151855469
2016-05-11,88.61418151855469
2016-05-12,88.59809875488281
2016-05-13,88.59809875488281
2016-05-16,88.6061019897461
2016-05-17,88.6061019897461
2016-05-18,88.59809875488281
2016-05-19,88.6061019897461
2016-05-20,88.590087890625
2016-05-23,88.59809875488281
2016-05-24,88.590087890625
2016-05-25,88.59809875488281
2016-05-26,88.59809875488281
2016-05-27,88.58204650878906
2016-05-31,88.590087890625
2016-06-01,88.59088134765625
2016-06-02,88.59891510009766
2016-06-03,88.59891510009766
2016-06-06,88.61498260498047
2016-06-07,88.62300872802734
2016-06-08,88.62300872802734
2016-06-09,88.62300872802734
2016-06-10,88.63101196289062
2016-06-13,88.63101196289062
2016-06-14,88.62300872802734
2016-06-15,88.62300872802734
2016-06-16,88.6470947265625
2016-06-17,88.6470947265625
2016-06-20,88.63101196289062
2016-06-21,88.63101196289062
2016-06-22,88.6470947265625
2016-06-23,88.62300872802734
2016-06-24,88.67121124267578
2016-06-27,88.67121124267578
2016-06-28,88.65509796142578
2016-06-29,88.65509796142578
2016-06-30,88.67923736572266
2016-07-01,88.69691467285156
2016-07-05,88.68079376220703
2016-07-06,88.65669250488281
2016-07-07,88.68079376220703
2016-07-08,88.67278289794922
2016-07-11,88.65669250488281
2016-07-12,88.66476440429688
2016-07-13,88.65669250488281
2016-07-14,88.65669250488281
2016-07-15,88.66476440429688
2016-07-18,88.66476440429688
2016-07-19,88.65669250488281
2016-07-20,88.65669250488281
2016-07-21,88.66476440429688
2016-07-22,88.65669250488281
2016-07-25,88.66476440429688
2016-07-26,88.65669250488281
2016-07-27,88.67278289794922
2016-07-28,88.66476440429688
2016-07-29,88.68079376220703
2016-08-01,88.68079376220703
2016-08-02,88.68079376220703
2016-08-03,88.66476440429688
2016-08-04,88.68885040283203
2016-08-05,88.67276000976562
2016-08-08,88.65668487548828
2016-08-09,88.67276000976562
2016-08-10,88.68079376220703
2016-08-11,88.68885040283203
2016-08-12,88.68079376220703
2016-08-15,88.68885040283203
2016-08-16,88.68885040283203
2016-08-17,88.67276000976562
2016-08-18,88.69691467285156
2016-08-19,88.69691467285156
2016-08-22,88.69691467285156
2016-08-23,88.68079376220703
2016-08-24,88.68079376220703
2016-08-25,88.68079376220703
2016-08-26,88.68079376220703
2016-08-29,88.68885040283203
2016-08-30,88.68079376220703
2016-08-31,88.68079376220703
2016-09-01,88.67520904541016
2016-09-02,88.66714477539062
2016-09-06,88.70730590820312
2016-09-07,88.69127655029297
2016-09-08,88.68318939208984
2016-09-09,88.69127655029297
2016-09-12,88.67520904541016
2016-09-13,88.68318939208984
2016-09-14,88.66714477539062
2016-09-15,88.67520904541016
2016-09-16,88.69927215576172
2016-09-19,88.69127655029297
2016-09-20,88.72343444824219
2016-09-21,88.72343444824219
2016-09-22,88.72343444824219
2016-09-23,88.74752044677734
2016-09-26,88.7635269165039
2016-09-27,88.72343444824219
2016-09-28,88.7555923461914
2016-09-29,88.74752044677734
2016-09-30,88.73948669433594
2016-10-03,88.70169830322266
2016-10-04,88.70169830322266
2016-10-05,88.72582244873047
2016-10-06,88.70169830322266
2016-10-07,88.73382568359375
2016-10-10,88.70972442626953
2016-10-11,88.73382568359375
2016-10-12,88.7177963256836
2016-10-13,88.74190521240234
2016-10-14,88.74190521240234
2016-10-17,88.74190521240234
2016-10-18,88.73382568359375
2016-10-19,88.74990844726562
2016-10-20,88.72582244873047
2016-10-21,88.74190521240234
2016-10-24,88.74990844726562
2016-10-25,88.74990844726562
2016-10-26,88.74990844726562
2016-10-27,88.73382568359375
2016-10-28,88.74990844726562
2016-10-31,88.7740478515625
2016-11-01,88.77084350585938
2016-11-02,88.75475311279297
2016-11-03,88.77084350585938
2016-11-04,88.77885437011719
2016-11-07,88.74671936035156
2016-11-08,88.76276397705078
2016-11-09,88.76276397705078
2016-11-10,88.70651245117188
2016-11-11,88.71458435058594
2016-11-14,88.71458435058594
2016-11-15,88.71458435058594
2016-11-16,88.72259521484375
2016-11-17,88.73865509033203
2016-11-18,88.72259521484375
2016-11-21,88.73062133789062
2016-11-22,88.71458435058594
2016-11-23,88.71458435058594
2016-11-25,88.74671936035156
2016-11-28,88.74671936035156
2016-11-29,88.73865509033203
2016-11-30,88.71458435058594
2016-12-01,88.72821044921875
2016-12-02,88.76040649414062
2016-12-05,88.72821044921875
2016-12-06,88.76040649414062
2016-12-07,88.7201919555664
2016-12-08,88.7201919555664
2016-12-09,88.72821044921875
2016-12-12,88.72821044921875
2016-12-13,88.72821044921875
2016-12-14,88.7201919555664
2016-12-15,88.74431610107422
2016-12-16,88.7684097290039
2016-12-19,88.7845458984375
2016-12-20,88.7845458984375
2016-12-21,88.79251098632812
2016-12-22,88.78455352783203
2016-12-23,88.78455352783203
2016-12-27,88.78455352783203
2016-12-28,88.7764663696289
2016-12-29,88.7925033569336
2016-12-30,88.78455352783203
2017-01-03,88.80864715576172
2017-01-04,88.80060577392578
2017-01-05,88.7925033569336
2017-01-06,88.81674194335938
2017-01-09,88.83283233642578
2017-01-10,88.82479095458984
2017-01-11,88.82479095458984
2017-01-12,88.83283233642578
2017-01-13,88.83283233642578
2017-01-17,88.82479095458984
2017-01-18,88.83283233642578
2017-01-19,88.84085845947266
2017-01-20,88.84085845947266
2017-01-23,88.84892272949219
2017-01-24,88.83283233642578
2017-01-25,88.82479095458984
2017-01-26,88.84892272949219
2017-01-27,88.83283233642578
2017-01-30,88.84085845947266
2017-01-31,88.83283233642578
2017-02-01,88.84085845947266
2017-02-02,88.83283233642578
2017-02-03,88.84892272949219
2017-02-06,88.86503601074219
2017-02-07,88.8569564819336
2017-02-08,88.873046875
2017-02-09,88.84892272949219
2017-02-10,88.86503601074219
2017-02-13,88.86503601074219
2017-02-14,88.84085845947266
2017-02-15,88.8569564819336
2017-02-16,88.84892272949219
2017-02-17,88.86503601074219
2017-02-21,88.873046875
2017-02-22,88.86503601074219
2017-02-23,88.86503601074219
2017-02-24,88.88917541503906
2017-02-27,88.88111877441406
2017-02-28,88.873046875
2017-03-01,88.83601379394531
2017-03-02,88.82798767089844
2017-03-03,88.84405517578125
2017-03-06,88.82798767089844
2017-03-07,88.82798767089844
2017-03-08,88.79574584960938
2017-03-09,88.8038101196289
2017-03-10,88.83601379394531
2017-03-13,88.81183624267578
2017-03-14,88.81183624267578
2017-03-15,88.84405517578125
2017-03-16,88.83601379394531
2017-03-17,88.83601379394531
2017-03-20,88.84405517578125
2017-03-21,88.84405517578125
2017-03-22,88.84405517578125
2017-03-23,88.84405517578125
2017-03-24,88.83601379394531
2017-03-27,88.82798767089844
2017-03-28,88.83601379394531
2017-03-29,88.86016845703125
2017-03-30,88.86824035644531
2017-03-31,88.88436126708984
2017-04-03,88.86580657958984
2017-04-04,88.85774230957031
2017-04-05,88.83356475830078
2017-04-06,88.85774230957031
2017-04-07,88.84969329833984
2017-04-10,88.86580657958984
2017-04-11,88.86580657958984
2017-04-12,88.87387084960938
2017-04-13,88.8899917602539
2017-04-17,88.87387084960938
2017-04-18,88.87387084960938
2017-04-19,88.8899917602539
2017-04-20,88.87387084960938
2017-04-21,88.88191223144531
2017-04-24,88.89802551269531
2017-04-25,88.8899917602539
2017-04-26,88.88191223144531
2017-04-27,88.8899917602539
2017-04-28,88.88191223144531
2017-05-01,88.89080047607422
2017-05-02,88.88273620605469
2017-05-03,88.86662292480469
2017-05-04,88.8746566772461
2017-05-05,88.88273620605469
2017-05-08,88.88273620605469
2017-05-09,88.88273620605469
2017-05-10,88.8746566772461
2017-05-11,88.89885711669922
2017-05-12,88.89885711669922
2017-05-15,88.90692901611328
2017-05-16,88.90692901611328
2017-05-17,88.93109893798828
2017-05-18,88.92301177978516
2017-05-19,88.93109893798828
2017-05-22,88.93109893798828
2017-05-23,88.92301177978516
2017-05-24,88.93109893798828
2017-05-25,88.93109893798828
2017-05-26,88.93109893798828
2017-05-30,88.92301177978516
2017-05-31,88.93109893798828
2017-06-01,88.9359359741211
2017-06-02,88.95210266113281
2017-06-05,88.94403839111328
2017-06-06,88.9359359741211
2017-06-07,88.94403839111328
2017-06-08,88.94403839111328
2017-06-09,88.9359359741211
2017-06-12,88.9278793334961
2017-06-13,88.96014404296875
2017-06-14,88.96014404296875
2017-06-15,88.96014404296875
2017-06-16,88.96820068359375
2017-06-19,88.96820068359375
2017-06-20,88.96820068359375
2017-06-21,88.96820068359375
2017-06-22,88.98435974121094
2017-06-23,88.99242401123047
2017-06-26,88.97627258300781
2017-06-27,88.97627258300781
2017-06-28,88.98435974121094
2017-06-29,88.99242401123047
2017-06-30,89.00047302246094
2017-07-03,88.99323272705078
2017-07-05,88.99323272705078
2017-07-06,89.01741790771484
2017-07-07,89.0093765258789
2017-07-10,89.01741790771484
2017-07-11,89.03356170654297
2017-07-12,89.04165649414062
2017-07-13,89.03356170654297
2017-07-14,89.05779266357422
2017-07-17,89.05779266357422
2017-07-18,89.04971313476562
2017-07-19,89.04971313476562
2017-07-20,89.05779266357422
2017-07-21,89.04971313476562
2017-07-24,89.05779266357422
2017-07-25,89.01741790771484
2017-07-26,89.05779266357422
2017-07-27,89.05779266357422
2017-07-28,89.07392883300781
2017-07-31,89.09005737304688
2017-08-01,89.07958984375
2017-08-02,89.08765411376953
2017-08-03,89.10377502441406
2017-08-04,89.09575653076172
2017-08-07,89.09575653076172
2017-08-08,89.11185455322266
2017-08-09,89.07958984375
2017-08-10,89.08765411376953
2017-08-11,89.10377502441406
2017-08-14,89.12000274658203
2017-08-15,89.12000274658203
2017-08-16,89.13610076904297
2017-08-17,89.12802124023438
2017-08-18,89.14421844482422
2017-08-21,89.14421844482422
2017-08-22,89.12802124023438
2017-08-23,89.14421844482422
2017-08-24,89.14421844482422
2017-08-25,89.1522445678711
2017-08-28,89.1522445678711
2017-08-29,89.16034698486328
2017-08-30,89.1684341430664
2017-08-31,89.1522445678711
2017-09-01,89.13934326171875
2017-09-05,89.17163848876953
2017-09-06,89.13934326171875
2017-09-07,89.17977905273438
2017-09-08,89.17163848876953
2017-09-11,89.18782043457031
2017-09-12,89.16354370117188
2017-09-13,89.16354370117188
2017-09-14,89.17163848876953
2017-09-15,89.17977905273438
2017-09-18,89.15553283691406
2017-09-19,89.15553283691406
2017-09-20,89.17977905273438
2017-09-21,89.17977905273438
2017-09-22,89.18782043457031
2017-09-25,89.17977905273438
2017-09-26,89.20401000976562
2017-09-27,89.19591522216797
2017-09-28,89.20401000976562
2017-09-29,89.22016906738281
2017-10-02,89.22341918945312
2017-10-03,89.22341918945312
2017-10-04,89.21530151367188
2017-10-05,89.20719146728516
2017-10-06,89.20719146728516
2017-10-09,89.22341918945312
2017-10-10,89.20719146728516
2017-10-11,89.23146057128906
2017-10-12,89.23954010009766
2017-10-13,89.23954010009766
2017-10-16,89.23954010009766
2017-10-17,89.23954010009766
2017-10-18,89.25572967529297
2017-10-19,89.26383209228516
2017-10-20,89.25572967529297
2017-10-23,89.24766540527344
2017-10-24,89.24766540527344
2017-10-25,89.23954010009766
2017-10-26,89.24766540527344
2017-10-27,89.23954010009766
2017-10-30,89.25572967529297
2017-10-31,89.25572967529297
2017-11-01,89.25572967529297
2017-11-02,89.26383209228516
2017-11-03,89.26383209228516
2017-11-06,89.26383209228516
2017-11-07,89.25572967529297
2017-11-08,89.25572967529297
2017-11-09,89.26383209228516
2017-11-10,89.26383209228516
2017-11-13,89.27192687988281
2017-11-14,89.27192687988281
2017-11-15,89.28003692626953
2017-11-16,89.26383209228516
2017-11-17,89.27192687988281
2017-11-20,89.27192687988281
2017-11-21,89.28003692626953
2017-11-22,89.28811645507812
2017-11-24,89.29621887207031
2017-11-27,89.30427551269531
2017-11-28,89.30427551269531
2017-11-29,89.30427551269531
2017-11-30,89.30427551269531
2017-12-01,89.313232421875
2017-12-04,89.30512237548828
2017-12-05,89.313232421875
2017-12-06,89.313232421875
2017-12-07,89.32131958007812
2017-12-08,89.33753204345703
2017-12-11,89.33753204345703
2017-12-12,89.313232421875
2017-12-13,89.32131958007812
2017-12-14,89.32939910888672
2017-12-15,89.33753204345703
2017-12-18,89.32131958007812
2017-12-19,89.32939910888672
2017-12-20,89.33753204345703
2017-12-21,89.34722900390625
2017-12-22,89.34722900390625
2017-12-26,89.35530090332031
2017-12-27,89.34722900390625
2017-12-28,89.37969207763672
2017-12-29,89.37969207763672
2018-01-02,89.37157440185547
2018-01-03,89.37157440185547
2018-01-04,89.38780975341797
2018-01-05,89.38780975341797
2018-01-08,89.38780975341797
2018-01-09,89.38780975341797
2018-01-10,89.37969207763672
2018-01-11,89.38780975341797
2018-01-12,89.39591979980469
2018-01-16,89.40399169921875
2018-01-17,89.412109375
2018-01-18,89.42020416259766
2018-01-19,89.42020416259766
2018-01-22,89.42830657958984
2018-01-23,89.42020416259766
2018-01-24,89.43643188476562
2018-01-25,89.44454956054688
2018-01-26,89.4526138305664
2018-01-29,89.4526138305664
2018-01-30,89.4526138305664
2018-01-31,89.49317932128906
2018-02-01,89.45259094238281
2018-02-02,89.46884155273438
2018-02-05,89.4931869506836
2018-02-06,89.46884155273438
2018-02-07,89.46884155273438
2018-02-08,89.47695922851562
2018-02-09,89.46884155273438
2018-02-12,89.46884155273438
2018-02-13,89.45259094238281
2018-02-14,89.45259094238281
2018-02-15,89.46884155273438
2018-02-16,89.485107421875
2018-02-20,89.47695922851562
2018-02-21,89.4931869506836
2018-02-22,89.4931869506836
2018-02-23,89.50128173828125
2018-02-26,89.4931869506836
2018-02-27,89.50128173828125
2018-02-28,89.50128173828125
2018-03-01,89.52079772949219
2018-03-02,89.51265716552734
2018-03-05,89.51265716552734
2018-03-06,89.52079772949219
2018-03-07,89.52891540527344
2018-03-08,89.55328369140625
2018-03-09,89.55328369140625
2018-03-12,89.55328369140625
2018-03-13,89.56141662597656
2018-03-14,89.55328369140625
2018-03-15,89.54515838623047
2018-03-16,89.56951904296875
2018-03-19,89.56141662597656
2018-03-20,89.56141662597656
2018-03-21,89.59390258789062
2018-03-22,89.56951904296875
2018-03-23,89.60201263427734
2018-03-26,89.59390258789062
2018-03-27,89.62638854980469
2018-03-28,89.61015319824219
2018-03-29,89.65081024169922
2018-04-02,89.64506530761719
2018-04-03,89.64506530761719
2018-04-04,89.65320587158203
2018-04-05,89.66131591796875
2018-04-06,89.66131591796875
2018-04-09,89.6775894165039
2018-04-10,89.66944122314453
2018-04-11,89.6775894165039
2018-04-12,89.6775894165039
2018-04-13,89.68571472167969
2018-04-16,89.68571472167969
2018-04-17,89.68571472167969
2018-04-18,89.68571472167969
2018-04-19,89.69385528564453
2018-04-20,89.70198822021484
2018-04-23,89.70198822021484
2018-04-24,89.71009063720703
2018-04-25,89.71009063720703
2018-04-26,89.71826934814453
2018-04-27,89.73448944091797
2018-04-30,89.73448944091797
2018-05-01,89.74508666992188
2018-05-02,89.74508666992188
2018-05-03,89.74508666992188
2018-05-04,89.76136016845703
2018-05-07,89.76949310302734
2018-05-08,89.76136016845703
2018-05-09,89.76949310302734
2018-05-10,89.77764892578125
2018-05-11,89.78578186035156
2018-05-14,89.77764892578125
2018-05-15,89.79393768310547
2018-05-16,89.78578186035156
2018-05-17,89.81018829345703
2018-05-18,89.81018829345703
2018-05-21,89.80207824707031
2018-05-22,89.80207824707031
2018-05-23,89.8346176147461
2018-05-24,89.8346176147461
2018-05-25,89.85907745361328
2018-05-29,89.88347625732422
2018-05-30,89.86721801757812
2018-05-31,89.87537384033203
2018-06-01,89.87374877929688
2018-06-04,89.88185119628906
2018-06-05,89.88185119628906
2018-06-06,89.88185119628906
2018-06-07,89.89000701904297
2018-06-08,89.89814758300781
2018-06-11,89.90630340576172
2018-06-12,89.90630340576172
2018-06-13,89.90630340576172
2018-06-14,89.922607421875
2018-06-15,89.9307632446289
2018-06-18,89.9307632446289
2018-06-19,89.94703674316406
2018-06-20,89.93891906738281
2018-06-21,89.97151184082031
2018-06-22,89.97151184082031
2018-06-25,89.97965240478516
2018-06-26,89.98782348632812
2018-06-27,89.99594116210938
2018-06-28,89.98782348632812
2018-06-29,90.0122299194336
2018-07-02,90.01307678222656
2018-07-03,90.02123260498047
2018-07-05,90.03755950927734
2018-07-06,90.03755950927734
2018-07-09,90.03755950927734
2018-07-10,90.03755950927734
2018-07-11,90.05389404296875
2018-07-12,90.06205749511719
2018-07-13,90.06205749511719
2018-07-16,90.0701904296875
2018-07-17,90.0701904296875
2018-07-18,90.07840728759766
2018-07-19,90.07840728759766
2018-07-20,90.08653259277344
2018-07-23,90.09469604492188
2018-07-24,90.09469604492188
2018-07-25,90.10284423828125
2018-07-26,90.11915588378906
2018-07-27,90.11103057861328
2018-07-30,90.11915588378906
2018-07-31,90.12733459472656
2018-08-01,90.13143920898438
2018-08-02,90.14778137207031
2018-08-03,90.16413116455078
2018-08-06,90.15594482421875
2018-08-07,90.16413116455078
2018-08-08,90.16413116455078
2018-08-09,90.18045043945312
2018-08-10,90.19685363769531
2018-08-13,90.18864440917969
2018-08-14,90.20500183105469
2018-08-15,90.20500183105469
2018-08-16,90.21318817138672
2018-08-17,90.22953796386719
2018-08-20,90.23770904541016
2018-08-21,90.24584197998047
2018-08-22,90.2540283203125
2018-08-23,90.24584197998047
2018-08-24,90.2540283203125
2018-08-27,90.2540283203125
2018-08-28,90.26220703125
2018-08-29,90.27035522460938
2018-08-30,90.278564453125
2018-08-31,90.2867202758789
2018-09-04,90.29737854003906
2018-09-05,90.3055419921875
2018-09-06,90.31378173828125
2018-09-07,90.32191467285156
2018-09-10,90.33011627197266
2018-09-11,90.33011627197266
2018-09-12,90.33829498291016
2018-09-13,90.33011627197266
2018-09-14,90.33829498291016
2018-09-17,90.35467529296875
2018-09-18,90.34646606445312
2018-09-19,90.33829498291016
2018-09-20,90.35467529296875
2018-09-21,90.3710708618164
2018-09-24,90.3710708618164
2018-09-25,90.3710708618164
2018-09-26,90.387451171875
2018-09-27,90.40377044677734
2018-09-28,90.4119873046875
2018-10-01,90.42182159423828
2018-10-02,90.41364288330078
2018-10-03,90.43001556396484
2018-10-04,90.44641876220703
2018-10-05,90.44641876220703
2018-10-08,90.45462036132812
2018-10-09,90.45462036132812
2018-10-10,90.45462036132812
2018-10-11,90.46285247802734
2018-10-12,90.47921752929688
2018-10-15,90.47921752929688
2018-10-16,90.48743438720703
2018-10-17,90.47100830078125
2018-10-18,90.51200103759766
2018-10-19,90.51200103759766
2018-10-22,90.51200103759766
2018-10-23,90.52022552490234
2018-10-24,90.5284194946289
2018-10-25,90.54479217529297
2018-10-26,90.55299377441406
2018-10-29,90.55299377441406
2018-10-30,90.56123352050781
2018-10-31,90.56942749023438
2018-11-01,90.58255767822266
2018-11-02,90.57434844970703
2018-11-05,90.58255767822266
2018-11-06,90.57434844970703
2018-11-07,90.59076690673828
2018-11-08,90.59898376464844
2018-11-09,90.6072006225586
2018-11-12,90.64007568359375
2018-11-13,90.63184356689453
2018-11-14,90.64007568359375
2018-11-15,90.64824676513672
2018-11-16,90.65648651123047
2018-11-19,90.67292785644531
2018-11-20,90.6811294555664
2018-11-21,90.6811294555664
2018-11-23,90.70574188232422
2018-11-26,90.70574188232422
2018-11-27,90.7139892578125
2018-11-28,90.72220611572266
2018-11-29,90.73038482666016
2018-11-30,90.73863220214844
2018-12-03,90.74683380126953
2018-12-04,90.74683380126953
2018-12-06,90.77156829833984
2018-12-07,90.77975463867188
2018-12-10,90.78800964355469
2018-12-11,90.77975463867188
2018-12-12,90.79623413085938
2018-12-13,90.81269073486328
2018-12-14,90.8208999633789
2018-12-17,90.83735656738281
2018-12-18,90.84639739990234
2018-12-19,90.85466003417969
2018-12-20,90.87116241455078
2018-12-21,90.88766479492188
2018-12-24,90.87944030761719
2018-12-26,90.87944030761719
2018-12-27,90.92062377929688
2018-12-28,90.93714141845703
2018-12-31,90.92062377929688
2019-01-02,90.92886352539062
2019-01-03,90.96183776855469
2019-01-04,90.98654174804688
2019-01-07,90.98654174804688
2019-01-08,90.97834014892578
2019-01-09,90.97008514404297
2019-01-10,90.99480438232422
2019-01-11,91.01952362060547
2019-01-14,91.02777099609375
2019-01-15,91.03602600097656
2019-01-16,91.01952362060547
2019-01-17,91.0442886352539
2019-01-18,91.06901550292969
2019-01-22,91.06078338623047
2019-01-23,91.06078338623047
2019-01-24,91.09370422363281
2019-01-25,91.09370422363281
2019-01-28,91.09370422363281
2019-01-29,91.08550262451172
2019-01-30,91.11021423339844
2019-01-31,91.14317321777344
2019-02-01,91.1497802734375
2019-02-04,91.1497802734375
2019-02-05,91.14151763916016
2019-02-06,91.16635131835938
2019-02-07,91.17459106445312
2019-02-08,91.19107818603516
2019-02-11,91.19107818603516
2019-02-12,91.18282318115234
2019-02-13,91.19107818603516
2019-02-14,91.21586608886719
2019-02-15,91.23238372802734
2019-02-19,91.24064636230469
2019-02-20,91.24064636230469
2019-02-21,91.26541137695312
2019-02-22,91.26541137695312
2019-02-25,91.26541137695312
2019-02-26,91.26541137695312
2019-02-27,91.29019165039062
2019-02-28,91.29019165039062
2019-03-01,91.30259704589844
2019-03-04,91.31915283203125
2019-03-05,91.31088256835938
2019-03-06,91.32742309570312
2019-03-07,91.34398651123047
2019-03-08,91.36053466796875
2019-03-11,91.34398651123047
2019-03-12,91.36053466796875
2019-03-13,91.37706756591797
2019-03-14,91.37706756591797
2019-03-15,91.40190124511719
2019-03-18,91.3853530883789
2019-03-19,91.4101791381836
2019-03-20,91.41844177246094
2019-03-21,91.4266586303711
2019-03-22,91.45154571533203
2019-03-25,91.45154571533203
2019-03-26,91.46810913085938
2019-03-27,91.45978546142578
2019-03-28,91.48463439941406
2019-03-29,91.49288940429688
2019-04-01,91.49288940429688
2019-04-02,91.51777648925781
2019-04-03,91.50118255615234
2019-04-04,91.54265594482422
2019-04-05,91.53434753417969
2019-04-08,91.55096435546875
2019-04-09,91.53434753417969
2019-04-10,91.55925750732422
2019-04-11,91.58409881591797
2019-04-12,91.58409881591797
2019-04-15,91.57584381103516
2019-04-16,91.59239959716797
2019-04-17,91.61727905273438
2019-04-18,91.60897827148438
2019-04-22,91.60897827148438
2019-04-23,91.60897827148438
2019-04-24,91.64219665527344
2019-04-25,91.65876007080078
2019-04-26,91.66700744628906
2019-04-29,91.66700744628906
2019-04-30,91.66700744628906
2019-05-01,91.68197631835938
2019-05-02,91.6986083984375
2019-05-03,91.6986083984375
2019-05-06,91.7069091796875
2019-05-07,91.71520233154297
2019-05-08,91.71520233154297
2019-05-09,91.7401351928711
2019-05-10,91.7401351928711
2019-05-13,91.75675201416016
2019-05-14,91.76504516601562
2019-05-15,91.76504516601562
2019-05-16,91.78998565673828
2019-05-17,91.78998565673828
2019-05-20,91.78166961669922
2019-05-21,91.79830932617188
2019-05-22,91.8066177368164
2019-05-23,91.83153533935547
2019-05-24,91.83985137939453
2019-05-28,91.83985137939453
2019-05-29,91.83985137939453
2019-05-30,91.86473846435547
2019-05-31,91.88967895507812
2019-06-03,91.92379760742188
2019-06-04,91.91546630859375
2019-06-05,91.94876098632812
2019-06-06,91.96542358398438
2019-06-07,91.97374725341797
2019-06-10,91.99040985107422
2019-06-11,91.9820785522461
2019-06-12,91.99040985107422
2019-06-13,92.0320053100586
2019-06-14,92.04032135009766
2019-06-17,92.04032135009766
2019-06-18,92.04032135009766
2019-06-19,92.04032135009766
2019-06-20,92.09026336669922
2019-06-21,92.08197784423828
2019-06-24,92.08197784423828
2019-06-25,92.08197784423828
2019-06-26,92.0986328125
2019-06-27,92.12358856201172
2019-06-28,92.10692596435547
2019-07-01,92.11444091796875
2019-07-02,92.1311264038086
2019-07-03,92.1561279296875
2019-07-05,92.1311264038086
2019-07-08,92.14779663085938
2019-07-09,92.14779663085938
2019-07-10,92.16448974609375
2019-07-11,92.1811752319336
2019-07-12,92.16448974609375
2019-07-15,92.18950653076172
2019-07-16,92.17282104492188
2019-07-17,92.1978530883789
2019-07-18,92.22286224365234
2019-07-19,92.2145004272461
2019-07-22,92.23955535888672
2019-07-23,92.23119354248047
2019-07-24,92.23119354248047
2019-07-25,92.23955535888672
2019-07-26,92.24787139892578
2019-07-29,92.24787139892578
2019-07-30,92.25621795654297
2019-07-31,92.25621795654297
2019-08-01,92.29798889160156
2019-08-02,92.31471252441406
2019-08-05,92.33143615722656
2019-08-06,92.33978271484375
2019-08-07,92.34808349609375
2019-08-08,92.36483764648438
2019-08-09,92.37321472167969
2019-08-12,92.38155364990234
2019-08-13,92.37321472167969
2019-08-14,92.3899154663086
2019-08-15,92.43170166015625
2019-08-16,92.42334747314453
2019-08-19,92.42334747314453
2019-08-20,92.4400405883789
2019-08-21,92.4400405883789
2019-08-22,92.4400405883789
2019-08-23,92.46508026123047
2019-08-26,92.4483871459961
2019-08-27,92.45674133300781
2019-08-28,92.45674133300781
2019-08-29,92.47345733642578
2019-08-30,92.46508026123047
2019-09-03,92.4885482788086
2019-09-04,92.50526428222656
2019-09-05,92.4885482788086
2019-09-06,92.51364135742188
2019-09-09,92.50526428222656
2019-09-10,92.4885482788086
2019-09-11,92.50526428222656
2019-09-12,92.51364135742188
2019-09-13,92.51364135742188
2019-09-16,92.51364135742188
2019-09-17,92.51364135742188
2019-09-18,92.52203369140625
2019-09-19,92.52203369140625
2019-09-20,92.5303955078125
2019-09-23,92.53878021240234
2019-09-24,92.54713439941406
2019-09-25,92.55552673339844
2019-09-26,92.57221984863281
2019-09-27,92.58061218261719
2019-09-30,92.59738159179688
2019-10-01,92.60910034179688
2019-10-02,92.64263916015625
2019-10-03,92.67617797851562
2019-10-04,92.709716796875
2019-10-07,92.70135498046875
2019-10-08,92.70135498046875
2019-10-09,92.70135498046875
2019-10-10,92.73490142822266
2019-10-11,92.709716796875
2019-10-14,92.72650909423828
2019-10-15,92.72650909423828
2019-10-16,92.7432861328125
2019-10-17,92.7768325805664
2019-10-18,92.7768325805664
2019-10-21,92.76844787597656
2019-10-22,92.76844787597656
2019-10-23,92.76844787597656
2019-10-24,92.7768325805664
2019-10-25,92.7935791015625
2019-10-28,92.7935791015625
2019-10-29,92.7935791015625
2019-10-30,92.80196380615234
2019-10-31,92.8438949584961
2019-11-01,92.84053802490234
2019-11-04,92.84895324707031
2019-11-05,92.83212280273438
2019-11-06,92.84053802490234
2019-11-07,92.84895324707031
2019-11-08,92.85737609863281
2019-11-11,92.84895324707031
2019-11-12,92.86573791503906
2019-11-13,92.86573791503906
2019-11-14,92.89095306396484
2019-11-15,92.89095306396484
2019-11-18,92.89095306396484
2019-11-19,92.88251495361328
2019-11-20,92.88251495361328
2019-11-21,92.89095306396484
2019-11-22,92.89933013916016
2019-11-25,92.90772247314453
2019-11-26,92.90772247314453
2019-11-27,92.91613006591797
2019-11-29,92.90772247314453
2019-12-02,92.91529846191406
2019-12-03,92.94896697998047
2019-12-04,92.9405517578125
2019-12-05,92.94896697998047
2019-12-06,92.96578979492188
2019-12-09,92.95734405517578
2019-12-10,92.95734405517578
2019-12-11,92.96578979492188
2019-12-12,92.97418212890625
2019-12-13,92.99945831298828
2019-12-16,92.99102783203125
2019-12-17,93.00785827636719
2019-12-18,93.00785827636719
2019-12-19,93.00787353515625
2019-12-20,93.02466583251953
2019-12-23,93.00787353515625
2019-12-24,93.03314971923828
2019-12-26,93.02466583251953
2019-12-27,93.04154968261719
2019-12-30,93.04995727539062
2019-12-31,93.06683349609375
2020-01-02,93.08367919921875
2020-01-03,93.08367919921875
2020-01-06,93.07522583007812
2020-01-07,93.09210968017578
2020-01-08,93.10050201416016
2020-01-09,93.10050201416016
2020-01-10,93.09210968017578
2020-01-13,93.10050201416016
2020-01-14,93.10050201416016
2020-01-15,93.11736297607422
2020-01-16,93.13423919677734
2020-01-17,93.13423919677734
2020-01-21,93.14264678955078
2020-01-22,93.14264678955078
2020-01-23,93.15950012207031
2020-01-24,93.16789245605469
2020-01-27,93.17635345458984
2020-01-28,93.17635345458984
2020-01-29,93.18479919433594
2020-01-30,93.19319915771484
2020-01-31,93.2100830078125
2020-02-03,93.21087646484375
2020-02-04,93.19400787353516
2020-02-05,93.20244598388672
2020-02-06,93.19400787353516
2020-02-07,93.21935272216797
2020-02-10,93.21935272216797
2020-02-11,93.22779083251953
2020-02-12,93.21935272216797
2020-02-13,93.2362060546875
2020-02-14,93.24465942382812
2020-02-18,93.24465942382812
2020-02-19,93.25306701660156
2020-02-20,93.25306701660156
2020-02-21,93.28681945800781
2020-02-24,93.28681945800781
2020-02-25,93.31214141845703
2020-02-26,93.31214141845703
2020-02-27,93.35433197021484
2020-02-28,93.41341400146484
2020-03-02,93.44721221923828
2020-03-03,93.53166961669922
2020-03-04,93.56549072265625
2020-03-05,93.64997863769531
2020-03-06,93.67533874511719
2020-03-09,93.73444366455078
2020-03-10,93.68376159667969
2020-03-11,93.7006607055664
2020-03-12,93.71755981445312
2020-03-13,93.67533874511719
2020-03-16,93.7006607055664
2020-03-17,93.70911407470703
2020-03-18,93.8105239868164
2020-03-19,93.78515625
2020-03-20,93.8105239868164
2020-03-23,93.78515625
2020-03-24,93.81895446777344
2020-03-25,93.84427642822266
2020-03-26,93.82740020751953
2020-03-27,93.82740020751953
2020-03-30,93.80207824707031
2020-03-31,93.80207824707031
2020-04-01,93.830810546875
2020-04-02,93.830810546875
2020-04-03,93.7969741821289
2020-04-06,93.80546569824219
2020-04-07,93.84771728515625
2020-04-08,93.7969741821289
2020-04-09,93.81388854980469
2020-04-13,93.80546569824219
2020-04-14,93.82234191894531
2020-04-15,93.81388854980469
2020-04-16,93.82234191894531
2020-04-17,93.82234191894531
2020-04-20,93.830810546875
2020-04-21,93.830810546875
2020-04-22,93.830810546875
2020-04-23,93.81388854980469
2020-04-24,93.830810546875
2020-04-27,93.80546569824219
2020-04-28,93.830810546875
2020-04-29,93.80546569824219
2020-04-30,93.82234191894531
2020-05-01,93.82320404052734
2020-05-04,93.81474304199219
2020-05-05,93.82320404052734
2020-05-06,93.80626678466797
2020-05-07,93.80626678466797
2020-05-08,93.81474304199219
2020-05-11,93.79779815673828
2020-05-12,93.80626678466797
2020-05-13,93.80626678466797
2020-05-14,93.81474304199219
2020-05-15,93.82320404052734
2020-05-18,93.82320404052734
2020-05-19,93.82320404052734
2020-05-20,93.82320404052734
2020-05-21,93.81474304199219
2020-05-22,93.82320404052734
2020-05-26,93.81474304199219
2020-05-27,93.80626678466797
2020-05-28,93.81474304199219
2020-05-29,93.79779815673828
2020-06-01,93.80714416503906
2020-06-02,93.80714416503906
2020-06-03,93.79866790771484
2020-06-04,93.7901840209961
2020-06-05,93.7901840209961
2020-06-08,93.7901840209961
2020-06-09,93.7901840209961
2020-06-10,93.7901840209961
2020-06-11,93.80714416503906
2020-06-12,93.80714416503906
2020-06-15,93.7901840209961
2020-06-16,93.7901840209961
2020-06-17,93.7901840209961
2020-06-18,93.79866790771484
2020-06-19,93.79866790771484
2020-06-22,93.79866790771484
2020-06-23,93.80714416503906
2020-06-24,93.79866790771484
2020-06-25,93.79866790771484
2020-06-26,93.80714416503906
2020-06-29,93.79866790771484
2020-06-30,93.81560516357422
2020-07-01,93.79866790771484
2020-07-02,93.79866790771484
2020-07-06,93.80714416503906
2020-07-07,93.80714416503906
2020-07-08,93.79866790771484
2020-07-09,93.80714416503906
2020-07-10,93.80714416503906
2020-07-13,93.81560516357422
2020-07-14,93.81560516357422
2020-07-15,93.81560516357422
2020-07-16,93.80714416503906
2020-07-17,93.80714416503906
2020-07-20,93.81560516357422
2020-07-21,93.81560516357422
2020-07-22,93.80714416503906
2020-07-23,93.80714416503906
2020-07-24,93.80714416503906
2020-07-27,93.81560516357422
2020-07-28,93.81560516357422
2020-07-29,93.80714416503906
2020-07-30,93.80714416503906
2020-07-31,93.81560516357422
2020-08-03,93.82068634033203
2020-08-04,93.82068634033203
2020-08-05,93.81221771240234
2020-08-06,93.81221771240234
2020-08-07,93.81221771240234
2020-08-10,93.81221771240234
2020-08-11,93.81221771240234
2020-08-12,93.8037338256836
2020-08-13,93.8037338256836
2020-08-14,93.81221771240234
2020-08-17,93.82068634033203
2020-08-18,93.81221771240234
2020-08-19,93.81221771240234
2020-08-20,93.81221771240234
2020-08-21,93.81221771240234
2020-08-24,93.81221771240234
2020-08-25,93.8037338256836
2020-08-26,93.8037338256836
2020-08-27,93.81221771240234
2020-08-28,93.82068634033203
2020-08-31,93.81221771240234
2020-09-01,93.80714416503906
2020-09-02,93.81562042236328
2020-09-03,93.80714416503906
2020-09-04,93.80714416503906
2020-09-08,93.80714416503906
2020-09-09,93.80714416503906
2020-09-10,93.80714416503906
2020-09-11,93.80714416503906
2020-09-14,93.80714416503906
2020-09-15,93.80714416503906
2020-09-16,93.80714416503906
2020-09-17,93.80714416503906
2020-09-18,93.80714416503906
2020-09-21,93.80714416503906
2020-09-22,93.80714416503906
2020-09-23,93.80714416503906
2020-09-24,93.80714416503906
2020-09-25,93.80714416503906
2020-09-28,93.80714416503906
2020-09-29,93.81562042236328
2020-09-30,93.80714416503906
2020-10-01,93.81816101074219
2020-10-02,93.8096694946289
2020-10-05,93.8096694946289
2020-10-06,93.81816101074219
2020-10-07,93.8096694946289
2020-10-08,93.8096694946289
2020-10-09,93.8096694946289
2020-10-12,93.81816101074219
2020-10-13,93.81816101074219
2020-10-14,93.80118560791016
2020-10-15,93.8096694946289
2020-10-16,93.8096694946289
2020-10-19,93.80118560791016
2020-10-20,93.80118560791016
2020-10-21,93.80118560791016
2020-10-22,93.80118560791016
2020-10-23,93.80118560791016
2020-10-26,93.80118560791016
2020-10-27,93.80118560791016
2020-10-28,93.80118560791016
2020-10-29,93.8096694946289
2020-10-30,93.81816101074219
2020-11-02,93.79865264892578
2020-11-03,93.81558227539062
2020-11-04,93.79865264892578
2020-11-05,93.8071517944336
2020-11-06,93.8071517944336
2020-11-09,93.79865264892578
2020-11-10,93.79865264892578
2020-11-11,93.8071517944336
2020-11-12,93.8071517944336
2020-11-13,93.8071517944336
2020-11-16,93.8071517944336
2020-11-17,93.8071517944336
2020-11-18,93.8071517944336
2020-11-19,93.8071517944336
2020-11-20,93.8071517944336
2020-11-23,93.8071517944336
2020-11-24,93.8071517944336
2020-11-25,93.8071517944336
2020-11-27,93.81558227539062
2020-11-30,93.79865264892578
2020-12-01,93.80036163330078
2020-12-02,93.80036163330078
2020-12-03,93.80036163330078
2020-12-04,93.8088150024414
2020-12-07,93.8088150024414
2020-12-08,93.80036163330078
2020-12-09,93.8088150024414
2020-12-10,93.81731414794922
2020-12-11,93.8088150024414
2020-12-14,93.8088150024414
2020-12-15,93.80036163330078
2020-12-16,93.8088150024414
2020-12-17,93.8088150024414
2020-12-18,93.8088150024414
2020-12-21,93.8088150024414
2020-12-22,93.80036163330078
2020-12-23,93.8088150024414
2020-12-24,93.8088150024414
2020-12-28,93.80036163330078
2020-12-29,93.8088150024414
2020-12-30,93.8088150024414
2020-12-31,93.81731414794922
2021-01-04,93.8088150024414
2021-01-05,93.8088150024414
2021-01-06,93.81731414794922
2021-01-07,93.81731414794922
2021-01-08,93.8088150024414
2021-01-11,93.80036163330078
2021-01-12,93.80036163330078
2021-01-13,93.80036163330078
2021-01-14,93.80036163330078
2021-01-15,93.80036163330078
2021-01-19,93.80036163330078
2021-01-20,93.80036163330078
2021-01-21,93.80036163330078
2021-01-22,93.80036163330078
2021-01-25,93.80036163330078
2021-01-26,93.80036163330078
2021-01-27,93.8088150024414
2021-01-28,93.80036163330078
2021-01-29,93.8088150024414
2021-02-01,93.80036163330078
2021-02-02,93.80036163330078
2021-02-03,93.81731414794922
2021-02-04,93.8088150024414
2021-02-05,93.81731414794922
2021-02-08,93.8088150024414
2021-02-09,93.81731414794922
2021-02-10,93.81731414794922
2021-02-11,93.8088150024414
2021-02-12,93.8088150024414
2021-02-16,93.8088150024414
2021-02-17,93.8088150024414
2021-02-18,93.8088150024414
2021-02-19,93.8088150024414
2021-02-22,93.8088150024414
2021-02-23,93.8088150024414
2021-02-24,93.8088150024414
2021-02-25,93.80036163330078
2021-02-26,93.8088150024414
2021-03-01,93.8088150024414
2021-03-02,93.80036163330078
2021-03-03,93.8088150024414
2021-03-04,93.80036163330078
2021-03-05,93.80036163330078
2021-03-08,93.80036163330078
2021-03-09,93.8088150024414
2021-03-10,93.80036163330078
2021-03-11,93.80036163330078
2021-03-12,93.80036163330078
2021-03-15,93.80036163330078
2021-03-16,93.80036163330078
2021-03-17,93.8088150024414
2021-03-18,93.8088150024414
2021-03-19,93.8088150024414
2021-03-22,93.81731414794922
2021-03-23,93.8088150024414
2021-03-24,93.8088150024414
2021-03-25,93.8088150024414
2021-03-26,93.8088150024414
2021-03-29,93.8088150024414
2021-03-30,93.80036163330078
2021-03-31,93.80036163330078
2021-04-01,93.80036163330078
2021-04-05,93.80036163330078
2021-04-06,93.81731414794922
2021-04-07,93.8088150024414
2021-04-08,93.8088150024414
2021-04-09,93.81731414794922
2021-04-12,93.8088150024414
2021-04-13,93.8088150024414
2021-04-14,93.8088150024414
2021-04-15,93.80036163330078
2021-04-16,93.80036163330078
2021-04-19,93.80036163330078
2021-04-20,93.80036163330078
2021-04-21,93.80036163330078
2021-04-22,93.80036163330078
2021-04-23,93.8088150024414
2021-04-26,93.80036163330078
2021-04-27,93.80036163330078
2021-04-28,93.80036163330078
2021-04-29,93.80036163330078
2021-04-30,93.80036163330078
2021-05-03,93.80036163330078
2021-05-04,93.8088150024414
2021-05-05,93.8088150024414
2021-05-06,93.8088150024414
2021-05-07,93.8088150024414
2021-05-10,93.80036163330078
2021-05-11,93.80036163330078
2021-05-12,93.80036163330078
2021-05-13,93.8088150024414
2021-05-14,93.80036163330078
2021-05-17,93.80036163330078
2021-05-18,93.80036163330078
2021-05-19,93.80036163330078
2021-05-20,93.80036163330078
2021-05-21,93.8088150024414
2021-05-24,93.8088150024414
2021-05-25,93.8088150024414
2021-05-26,93.8088150024414
2021-05-27,93.8088150024414
2021-05-28,93.80036163330078
2021-06-01,93.79185485839844
2021-06-02,93.80036163330078
2021-06-03,93.79185485839844
2021-06-04,93.80036163330078
2021-06-07,93.79185485839844
2021-06-08,93.80036163330078
2021-06-09,93.78340911865234
2021-06-10,93.79185485839844
2021-06-11,93.78340911865234
2021-06-14,93.78340911865234
2021-06-15,93.79185485839844
2021-06-16,93.79185485839844
2021-06-17,93.79185485839844
2021-06-18,93.77485656738281
2021-06-21,93.78340911865234
2021-06-22,93.77485656738281
2021-06-23,93.78340911865234
2021-06-24,93.79185485839844
2021-06-25,93.77485656738281
2021-06-28,93.78340911865234
2021-06-29,93.78340911865234
2021-06-30,93.78340911865234
2021-07-01,93.78340911865234
2021-07-02,93.78340911865234
2021-07-06,93.77485656738281
2021-07-07,93.78340911865234
2021-07-08,93.78340911865234
2021-07-09,93.78340911865234
2021-07-12,93.77485656738281
2021-07-13,93.78340911865234
2021-07-14,93.78340911865234
2021-07-15,93.77485656738281
2021-07-16,93.77485656738281
2021-07-19,93.77485656738281
2021-07-20,93.78340911865234
2021-07-21,93.77485656738281
2021-07-22,93.77485656738281
2021-07-23,93.78340911865234
2021-07-26,93.77485656738281
2021-07-27,93.77485656738281
2021-07-28,93.78340911865234
2021-07-29,93.78340911865234
2021-07-30,93.78340911865234
2021-08-02,93.78340911865234
2021-08-03,93.78340911865234
2021-08-04,93.77485656738281
2021-08-05,93.77485656738281
2021-08-06,93.78340911865234
2021-08-09,93.77485656738281
2021-08-10,93.77485656738281
2021-08-11,93.766357421875
2021-08-12,93.766357421875
2021-08-13,93.766357421875
2021-08-16,93.766357421875
2021-08-17,93.77485656738281
2021-08-18,93.766357421875
2021-08-19,93.766357421875
2021-08-20,93.77485656738281
2021-08-23,93.766357421875
2021-08-24,93.766357421875
2021-08-25,93.77485656738281
2021-08-26,93.766357421875
2021-08-27,93.766357421875
2021-08-30,93.766357421875
2021-08-31,93.766357421875
2021-09-01,93.766357421875
2021-09-02,93.77485656738281
2021-09-03,93.766357421875
2021-09-07,93.766357421875
2021-09-08,93.77485656738281
2021-09-09,93.77485656738281
2021-09-10,93.766357421875
2021-09-13,93.766357421875
2021-09-14,93.766357421875
2021-09-15,93.766357421875
2021-09-16,93.77485656738281
2021-09-17,93.766357421875
2021-09-20,93.766357421875
2021-09-21,93.766357421875
2021-09-22,93.766357421875
2021-09-23,93.766357421875
2021-09-24,93.75790405273438
2021-09-27,93.75790405273438
2021-09-28,93.75790405273438
2021-09-29,93.75790405273438
2021-09-30,93.766357421875
2021-10-01,93.75790405273438
2021-10-04,93.74942779541016
2021-10-05,93.75790405273438
2021-10-06,93.75790405273438
2021-10-07,93.766357421875
2021-10-08,93.766357421875
2021-10-11,93.75790405273438
2021-10-12,93.766357421875
2021-10-13,93.766357421875
2021-10-14,93.766357421875
2021-10-15,93.74942779541016
2021-10-18,93.74942779541016
2021-10-19,93.74942779541016
2021-10-20,93.75790405273438
2021-10-21,93.74942779541016
2021-10-22,93.75790405273438
2021-10-25,93.74942779541016
2021-10-26,93.75790405273438
2021-10-27,93.75790405273438
2021-10-28,93.75790405273438
2021-10-29,93.74090576171875
2021-11-01,93.74090576171875
2021-11-02,93.74942779541016
2021-11-03,93.74090576171875
2021-11-04,93.75790405273438
2021-11-05,93.74942779541016
2021-11-08,93.74090576171875
2021-11-09,93.74090576171875
2021-11-10,93.74090576171875
2021-11-11,93.74090576171875
2021-11-12,93.74942779541016
2021-11-15,93.74090576171875
2021-11-16,93.74090576171875
2021-11-17,93.74942779541016
2021-11-18,93.75790405273438
2021-11-19,93.74942779541016
2021-11-22,93.74090576171875
2021-11-23,93.74942779541016
2021-11-24,93.73246002197266
2021-11-26,93.73246002197266
2021-11-29,93.74090576171875
2021-11-30,93.69850158691406
2021-12-01,93.72394561767578
2021-12-02,93.73246002197266
2021-12-03,93.72394561767578
2021-12-06,93.72394561767578
2021-12-07,93.71549224853516
2021-12-08,93.70699310302734
2021-12-09,93.72394561767578
2021-12-10,93.71549224853516
2021-12-13,93.72394561767578
2021-12-14,93.72394561767578
2021-12-15,93.71549224853516
2021-12-16,93.73246002197266
2021-12-17,93.72394561767578
2021-12-20,93.71549224853516
2021-12-21,93.72394561767578
2021-12-22,93.72394561767578
2021-12-23,93.72394561767578
2021-12-27,93.72394561767578
2021-12-28,93.71549224853516
2021-12-29,93.72394561767578
2021-12-30,93.72394561767578
2021-12-31,93.72394561767578
2022-01-03,93.70699310302734
2022-01-04,93.70699310302734
2022-01-05,93.68998718261719
2022-01-06,93.69850158691406
2022-01-07,93.70699310302734
2022-01-10,93.70699310302734
2022-01-11,93.68998718261719
2022-01-12,93.69850158691406
2022-01-13,93.69850158691406
2022-01-14,93.6814956665039
2022-01-18,93.63907623291016
2022-01-19,93.67301940917969
2022-01-20,93.6814956665039
2022-01-21,93.6814956665039
2022-01-24,93.6645278930664
2022-01-25,93.6645278930664
2022-01-26,93.6645278930664
2022-01-27,93.64756774902344
2022-01-28,93.64756774902344
2022-01-31,93.64756774902344
2022-02-01,93.65604400634766
2022-02-02,93.65604400634766
2022-02-03,93.6645278930664
2022-02-04,93.63056945800781
2022-02-07,93.63056945800781
2022-02-08,93.63056945800781
2022-02-09,93.63056945800781
2022-02-10,93.5711898803711
2022-02-11,93.59660339355469
2022-02-14,93.5711898803711
2022-02-15,93.57966613769531
2022-02-16,93.588134765625
2022-02-17,93.61359405517578
2022-02-18,93.6220932006836
2022-02-22,93.6051254272461
2022-02-23,93.61359405517578
2022-02-24,93.61359405517578
2022-02-25,93.6220932006836
2022-02-28,93.61359405517578
2022-03-01,93.63907623291016
2022-03-02,93.6220932006836
2022-03-03,93.63907623291016
2022-03-04,93.6220932006836
2022-03-07,93.63056945800781
2022-03-08,93.6220932006836
2022-03-09,93.6220932006836
2022-03-10,93.61359405517578
2022-03-11,93.6051254272461
2022-03-14,93.588134765625
2022-03-15,93.588134765625
2022-03-16,93.59660339355469
2022-03-17,93.6220932006836
2022-03-18,93.6051254272461
2022-03-21,93.57966613769531
2022-03-22,93.57966613769531
2022-03-23,93.57966613769531
2022-03-24,93.5711898803711
2022-03-25,93.56270599365234
2022-03-28,93.55419158935547
2022-03-29,93.56270599365234
2022-03-30,93.5711898803711
2022-03-31,93.57966613769531
2022-04-01,93.56098175048828
2022-04-04,93.5524673461914
2022-04-05,93.54399871826172
2022-04-06,93.5355224609375
2022-04-07,93.56098175048828
2022-04-08,93.5524673461914
2022-04-11,93.54399871826172
2022-04-12,93.56946563720703
2022-04-13,93.5780029296875
2022-04-14,93.56098175048828
2022-04-18,93.56098175048828
2022-04-19,93.5524673461914
2022-04-20,93.56098175048828
2022-04-21,93.5355224609375
2022-04-22,93.5270004272461
2022-04-25,93.5355224609375
2022-04-26,93.54399871826172
2022-04-27,93.5524673461914
2022-04-28,93.54399871826172
2022-04-29,93.5524673461914
2022-05-02,93.53807067871094
2022-05-03,93.52107238769531
2022-05-04,93.56354522705078
2022-05-05,93.54656219482422
2022-05-06,93.572021484375
2022-05-09,93.58901977539062
2022-05-10,93.58901977539062
2022-05-11,93.572021484375
2022-05-12,93.58901977539062
2022-05-13,93.59750366210938
2022-05-16,93.59750366210938
2022-05-17,93.58901977539062
2022-05-18,93.58901977539062
2022-05-19,93.60601043701172
2022-05-20,93.60601043701172
2022-05-23,93.60601043701172
2022-05-24,93.63993835449219
2022-05-25,93.63993835449219
2022-05-26,93.64842987060547
2022-05-27,93.63993835449219
2022-05-31,93.61449432373047
2022-06-01,93.60342407226562
2022-06-02,93.60342407226562
2022-06-03,93.62045288085938
2022-06-06,93.60342407226562
2022-06-07,93.60342407226562
2022-06-08,93.5949478149414
2022-06-09,93.58646392822266
2022-06-10,93.5439453125
2022-06-13,93.46747589111328
2022-06-14,93.42501831054688
2022-06-15,93.46747589111328
2022-06-16,93.46747589111328
2022-06-17,93.46747589111328
2022-06-21,93.47598266601562
2022-06-22,93.50997161865234
2022-06-23,93.51850128173828
2022-06-24,93.50997161865234
2022-06-27,93.458984375
2022-06-28,93.50148010253906
2022-06-29,93.51850128173828
2022-06-30,93.5439453125
2022-07-01,93.54141998291016
2022-07-05,93.54994201660156
2022-07-06,93.55844116210938
2022-07-07,93.55844116210938
2022-07-08,93.54141998291016
2022-07-11,93.52439880371094
2022-07-12,93.51589965820312
2022-07-13,93.4988784790039
2022-07-14,93.52439880371094
2022-07-15,93.53290557861328
2022-07-18,93.52439880371094
2022-07-19,93.52439880371094
2022-07-20,93.53290557861328
2022-07-21,93.55844116210938
2022-07-22,93.57540893554688
2022-07-25,93.55844116210938
2022-07-26,93.57540893554688
2022-07-27,93.59243774414062
2022-07-28,93.61792755126953
2022-07-29,93.62643432617188
2022-08-01,93.61026000976562
2022-08-02,93.60176086425781
2022-08-03,93.62728118896484
2022-08-04,93.63581085205078
2022-08-05,93.61878967285156
2022-08-08,93.61878967285156
2022-08-09,93.61878967285156
2022-08-10,93.6443099975586
2022-08-11,93.66131591796875
2022-08-12,93.66985321044922
2022-08-15,93.66985321044922
2022-08-16,93.6783676147461
2022-08-17,93.6783676147461
2022-08-18,93.70391082763672
2022-08-19,93.71239471435547
2022-08-22,93.71239471435547
2022-08-23,93.72091674804688
2022-08-24,93.71239471435547
2022-08-25,93.72942352294922
2022-08-26,93.73795318603516
2022-08-29,93.72942352294922
2022-08-30,93.7464370727539
2022-08-31,93.7464370727539
2022-09-01,93.74732208251953
2022-09-02,93.74732208251953
2022-09-06,93.75582885742188
2022-09-07,93.75582885742188
2022-09-08,93.75582885742188
2022-09-09,93.75582885742188
2022-09-12,93.75582885742188
2022-09-13,93.70466613769531
2022-09-14,93.70466613769531
2022-09-15,93.71319580078125
2022-09-16,93.73026275634766
2022-09-19,93.71319580078125
2022-09-20,93.73026275634766
2022-09-21,93.73026275634766
2022-09-22,93.74732208251953
2022-09-23,93.75582885742188
2022-09-26,93.75582885742188
2022-09-27,93.74732208251953
2022-09-28,93.78141021728516
2022-09-29,93.8070068359375
2022-09-30,93.77288055419922
2022-10-03,93.79934692382812
2022-10-04,93.8249740600586
2022-10-05,93.83352661132812
2022-10-06,93.842041015625
2022-10-07,93.85059356689453
2022-10-10,93.85913848876953
2022-10-11,93.85913848876953
2022-10-12,93.86767578125
2022-10-13,93.86767578125
2022-10-14,93.86767578125
2022-10-17,93.85913848876953
2022-10-18,93.87621307373047
2022-10-19,93.86767578125
2022-10-20,93.884765625
2022-10-21,93.90184783935547
2022-10-24,93.90184783935547
2022-10-25,93.91893768310547
2022-10-26,93.92745208740234
2022-10-27,93.9445571899414
2022-10-28,93.93603515625
2022-10-31,93.91893768310547
2022-11-01,93.9462890625
2022-11-02,93.9462890625
2022-11-03,93.98912811279297
2022-11-04,93.99766540527344
2022-11-07,94.0062255859375
2022-11-08,94.01477813720703
2022-11-09,94.04901123046875
2022-11-10,94.0918197631836
2022-11-11,94.083251953125
2022-11-14,94.07470703125
2022-11-15,94.1003646850586
2022-11-16,94.10894012451172
2022-11-17,94.11752319335938
2022-11-18,94.12606811523438
2022-11-21,94.12606811523438
2022-11-22,94.15172576904297
2022-11-23,94.18599700927734
2022-11-25,94.19454956054688
2022-11-28,94.20307922363281
2022-11-29,94.22877502441406
2022-11-30,94.2373275756836
2022-12-01,94.28883361816406
2022-12-02,94.28023529052734
2022-12-05,94.28883361816406
2022-12-06,94.30599975585938
2022-12-07,94.34031677246094
2022-12-08,94.3746566772461
2022-12-09,94.3746566772461
2022-12-12,94.3746566772461
2022-12-13,94.40898132324219
2022-12-14,94.40038299560547
2022-12-15,94.44599914550781
2022-12-16,94.46319580078125
2022-12-19,94.47183227539062
2022-12-20,94.48906707763672
2022-12-21,94.50626373291016
2022-12-22,94.54927825927734
2022-12-23,94.5406723022461
2022-12-27,94.5406723022461
2022-12-28,94.5578842163086
2022-12-29,94.60951232910156
2022-12-30,94.60089874267578
2023-01-03,94.61811828613281
2023-01-04,94.62673950195312
2023-01-05,94.64395904541016
2023-01-06,94.66117095947266
2023-01-09,94.66976928710938
2023-01-10,94.66117095947266
2023-01-11,94.68698120117188
2023-01-12,94.73859405517578
2023-01-13,94.73859405517578
2023-01-17,94.76445770263672
2023-01-18,94.77306365966797
2023-01-19,94.79886627197266
2023-01-20,94.81607818603516
2023-01-23,94.81607818603516
2023-01-24,94.8246841430664
2023-01-25,94.859130859375
2023-01-26,94.8849105834961
2023-01-27,94.8935317993164
2023-01-30,94.90213775634766
2023-01-31,94.91071319580078
2023-02-01,94.9366455078125
2023-02-02,94.97117614746094
2023-02-03,94.95393371582031
2023-02-06,94.95393371582031
2023-02-07,94.96257019042969
2023-02-08,94.9798355102539
2023-02-09,95.01434326171875
2023-02-10,95.01434326171875
2023-02-13,95.0402603149414
2023-02-14,95.0402603149414
2023-02-15,95.04891967773438
2023-02-16,95.09210968017578
2023-02-17,95.10071563720703
2023-02-21,95.10071563720703
2023-02-22,95.12664031982422
2023-02-23,95.1611557006836
2023-02-24,95.16980743408203
2023-02-27,95.18708038330078
2023-02-28,95.18708038330078
2023-03-01,95.20440673828125
2023-03-02,95.24769592285156
2023-03-03,95.25634765625
2023-03-06,95.26497650146484
2023-03-07,95.24769592285156
2023-03-08,95.25634765625
2023-03-09,95.30827331542969
2023-03-10,95.35157012939453
2023-03-13,95.46412658691406
2023-03-14,95.41217803955078
2023-03-15,95.5074234008789
2023-03-16,95.49876403808594
2023-03-17,95.56802368164062
2023-03-20,95.55071258544922
2023-03-21,95.52473449707031
2023-03-22,95.55940246582031
2023-03-23,95.61996459960938
2023-03-24,95.62864685058594
2023-03-27,95.62864685058594
2023-03-28,95.63731384277344
2023-03-29,95.6459732055664
2023-03-30,95.66326904296875
2023-03-31,95.67192077636719
2023-04-03,95.66411590576172
2023-04-04,95.69888305664062
2023-04-05,95.75098419189453
2023-04-06,95.75098419189453
2023-04-10,95.74230194091797
2023-04-11,95.75968933105469
2023-04-12,95.76840209960938
2023-04-13,95.82048034667969
2023-04-14,95.80313110351562
2023-04-17,95.81182861328125
2023-04-18,95.82917785644531
2023-04-19,95.837890625
2023-04-20,95.8900146484375
2023-04-21,95.89874267578125
2023-04-24,95.90739440917969
2023-04-25,95.93348693847656
2023-04-26,95.9421615600586
2023-04-27,95.95951843261719
2023-04-28,95.96823120117188
2023-05-01,95.95775604248047
2023-05-02,95.98392486572266
2023-05-03,96.00135040283203
2023-05-04,96.05368041992188
2023-05-05,96.04496002197266
2023-05-08,96.05368041992188
2023-05-09,96.05368041992188
2023-05-10,96.08856201171875
2023-05-11,96.12344360351562
2023-05-12,96.12344360351562
2023-05-15,96.13215637207031
2023-05-16,96.13215637207031
2023-05-17,96.14960479736328
2023-05-18,96.1757583618164
2023-05-19,96.1757583618164
2023-05-22,96.1757583618164
2023-05-23,96.19318389892578
2023-05-24,96.19318389892578
2023-05-25,96.23680114746094
2023-05-26,96.25424194335938
2023-05-30,96.26296997070312
2023-05-31,96.28042602539062
2023-06-01,96.34349060058594
2023-06-02,96.35223388671875
2023-06-05,96.35223388671875
2023-06-06,96.36974334716797
2023-06-07,96.38727569580078
2023-06-08,96.44857788085938
2023-06-09,96.44857788085938
2023-06-12,96.46607971191406
2023-06-13,96.48359680175781
2023-06-14,96.49235534667969
2023-06-15,96.56241607666016
2023-06-16,96.57118225097656
2023-06-20,96.57118225097656
2023-06-21,96.57994079589844
2023-06-22,96.6149673461914
2023-06-23,96.6237564086914
2023-06-26,96.6412582397461
2023-06-27,96.65876007080078
2023-06-28,96.66754913330078
2023-06-29,96.68505859375
2023-06-30,96.73759460449219
2023-07-03,96.73057556152344
2023-07-05,96.74813842773438
2023-07-06,96.80091094970703
2023-07-07,96.80091094970703
2023-07-10,96.8185043334961
2023-07-11,96.8185043334961
2023-07-12,96.8448715209961
2023-07-13,96.89764404296875
2023-07-14,96.90642547607422
2023-07-17,96.91522216796875
2023-07-18,96.92401885986328
2023-07-19,96.94158172607422
2023-07-20,96.98556518554688
2023-07-21,96.99433898925781
2023-07-24,97.00316619873047
2023-07-25,97.01195526123047
2023-07-26,97.029541015625
2023-07-27,97.064697265625
2023-07-28,97.09105682373047
2023-07-31,97.10865020751953
2023-08-01,97.12367248535156
2023-08-02,97.141357421875
2023-08-03,97.1766586303711
2023-08-04,97.20314025878906
2023-08-07,97.20314025878906
2023-08-08,97.2208023071289
2023-08-09,97.22962951660156
2023-08-10,97.27379608154297
2023-08-11,97.29145812988281
2023-08-14,97.30912017822266
2023-08-15,97.32676696777344
2023-08-16,97.33560180664062
2023-08-17,97.37974548339844
2023-08-18,97.38859558105469
2023-08-21,97.39740753173828
2023-08-22,97.41509246826172
2023-08-23,97.43272399902344
2023-08-24,97.47689056396484
2023-08-25,97.47689056396484
2023-08-28,97.4857177734375
2023-08-29,97.51219940185547
2023-08-30,97.52102661132812
2023-08-31,97.57400512695312
2023-09-01,97.60150146484375
2023-09-05,97.60150146484375
2023-09-06,97.61923217773438
2023-09-07,97.6724624633789
2023-09-08,97.68132019042969
2023-09-11,97.69904327392578
2023-09-12,97.7078857421875
2023-09-13,97.72564697265625
2023-09-14,97.76997375488281
2023-09-15,97.77883911132812
2023-09-18,97.79656219482422
2023-09-19,97.79656219482422
2023-09-20,97.8143081665039
2023-09-21,97.8586654663086
2023-09-22,97.87638854980469
2023-09-25,97.88526153564453
2023-09-26,97.89412689208984
2023-09-27,97.9118423461914
2023-09-28,97.95619201660156
2023-09-29,97.95619201660156
2023-10-02,97.97845458984375
2023-10-03,97.98735046386719
2023-10-04,98.02301025390625
2023-10-05,98.07640838623047
2023-10-06,98.08531951904297
2023-10-09,98.09423065185547
2023-10-10,98.1031265258789
2023-10-11,98.11203002929688
2023-10-12,98.16545104980469
2023-10-13,98.18326568603516
2023-10-16,98.19217681884766
2023-10-17,98.20106506347656
2023-10-18,98.20997619628906
2023-10-19,98.2544937133789
2023-10-20,98.28120422363281
2023-10-23,98.29902648925781
2023-10-24,98.30792236328125
2023-10-25,98.30792236328125
2023-10-26,98.37024688720703
2023-10-27,98.3880844116211
2023-10-30,98.39695739746094
2023-10-31,98.39695739746094
2023-11-01,98.43093872070312
2023-11-02,98.47566986083984
2023-11-03,98.50249481201172
2023-11-06,98.49356079101562
2023-11-07,98.52037811279297
2023-11-08,98.5293197631836
2023-11-09,98.56511688232422
2023-11-10,98.59192657470703
2023-11-13,98.60084533691406
2023-11-14,98.63663482666016
2023-11-15,98.64556121826172
2023-11-16,98.69924926757812
2023-11-17,98.70817565917969
2023-11-20,98.71711730957031
2023-11-21,98.75291442871094
2023-11-22,98.78866577148438
2023-11-24,98.79759979248047
2023-11-27,98.81548309326172
2023-11-28,98.84231567382812
2023-11-29,98.8602066040039
2023-11-30,98.8959732055664
2023-12-01,98.92741394042969
2023-12-04,98.9364013671875
2023-12-05,98.95435333251953
2023-12-06,98.97232055664062
2023-12-07,99.0172119140625
2023-12-08,99.0172119140625
2023-12-11,99.0172119140625
2023-12-12,99.04419708251953
2023-12-13,99.08009338378906
2023-12-14,99.12882995605469
2023-12-15,99.13786315917969
2023-12-18,99.15589904785156
2023-12-19,99.15589904785156
2023-12-20,99.18297576904297
2023-12-21,99.24613189697266
2023-12-22,99.2641830444336
2023-12-26,99.28221130371094
2023-12-27,99.28221130371094
2023-12-28,99.34538269042969
2023-12-29,99.37245178222656
2024-01-02,99.36343383789062
2024-01-03,99.37245178222656
2024-01-04,99.4175796508789
2024-01-05,99.42659759521484
2024-01-08,99.44464111328125
2024-01-09,99.45368194580078
2024-01-10,99.47169494628906
2024-01-11,99.53485870361328
2024-01-12,99.56193542480469
2024-01-16,99.56193542480469
2024-01-17,99.57998657226562
2024-01-18,99.60706329345703
2024-01-19,99.63410949707031
2024-01-22,99.65218353271484
2024-01-23,99.65218353271484
2024-01-24,99.66118621826172
2024-01-25,99.71533203125
2024-01-26,99.72434997558594
2024-01-29,99.7333755493164
2024-01-30,99.74240112304688
2024-01-31,99.76945495605469
2024-02-01,99.83561706542969
2024-02-02,99.8084487915039
2024-02-05,99.81751251220703
2024-02-06,99.84469604492188
2024-02-07,99.8628158569336
2024-02-08,99.90813446044922
2024-02-09,99.91717529296875
2024-02-12,99.92626190185547
2024-02-13,99.90813446044922
2024-02-14,99.94435119628906
2024-02-15,99.99872589111328
2024-02-16,99.99872589111328
2024-02-20,100.0168685913086
2024-02-21,100.02592468261719
2024-02-22,100.06216430664062
2024-02-23,100.08031463623047
2024-02-26,100.08031463623047
2024-02-27,100.09844207763672
2024-02-28,100.10749816894531
2024-02-29,100.16185760498047
2024-03-01,100.18733215332031
2024-03-04,100.19644165039062
2024-03-05,100.21463012695312
2024-03-06,100.23281860351562
2024-03-07,100.26921844482422
2024-03-08,100.2783203125
2024-03-11,100.28742980957031
2024-03-12,100.30561065673828
2024-03-13,100.3147201538086
2024-03-14,100.36021423339844
2024-03-15,100.37840270996094
2024-03-18,100.38750457763672
2024-03-19,100.39661407470703
2024-03-20,100.42390441894531
2024-03-21,100.46029663085938
2024-03-22,100.48759460449219
2024-03-25,100.48759460449219
2024-03-26,100.50580596923828
2024-03-27,100.56947326660156
2024-03-28,100.57858276367188
2024-04-01,100.58954620361328
2024-04-02,100.59870147705078
2024-04-03,100.60783386230469
2024-04-04,100.67179870605469
2024-04-05,100.68093872070312
2024-04-08,100.6900634765625
2024-04-09,100.69921875
2024-04-10,100.6900634765625
2024-04-11,100.73575592041016
2024-04-12,100.74490356445312
2024-04-15,100.75405883789062
2024-04-16,100.76318359375
2024-04-17,100.78146362304688
2024-04-18,100.82714080810547
2024-04-19,100.84542846679688
2024-04-22,100.85456848144531
2024-04-23,100.87285614013672
2024-04-24,100.89112091064453
2024-04-25,100.91854095458984
2024-04-26,100.93682861328125
2024-04-29,100.94596862792969
2024-04-30,100.95509338378906
2024-05-01,100.98629760742188
2024-05-02,101.03218841552734
2024-05-03,101.05054473876953
2024-05-06,101.05972290039062
2024-05-07,101.06887817382812
2024-05-08,101.08724975585938
2024-05-09,101.12396240234375
2024-05-10,101.14231872558594
2024-05-13,101.16065216064453
2024-05-14,101.16983795166016
2024-05-15,101.19738006591797
2024-05-16,101.22490692138672
2024-05-17,101.24325561523438
2024-05-20,101.2616195678711
2024-05-21,101.27079010009766
2024-05-22,101.28914642333984
2024-05-23,101.34420776367188
2024-05-24,101.3533935546875
2024-05-28,101.34420776367188
2024-05-29,101.3533935546875
2024-05-30,101.38092041015625
2024-05-31,101.41764831542969
2024-06-03,101.4378890991211
2024-06-04,101.45635223388672
2024-06-05,101.4655532836914
2024-06-06,101.49320983886719
2024-06-07,101.5208511352539
2024-06-10,101.5392837524414
2024-06-11,101.54851531982422
2024-06-12,101.58537292480469
2024-06-13,101.59458923339844
2024-06-14,101.64067077636719
2024-06-17,101.64985656738281
2024-06-18,101.67752838134766
2024-06-20,101.69596099853516
2024-06-21,101.74205780029297
2024-06-24,101.75126647949219
2024-06-25,101.76969909667969
2024-06-26,101.76969909667969
2024-06-27,101.79736328125
2024-06-28,101.84341430664062
2024-07-01,101.85822296142578
2024-07-02,101.87674713134766
2024-07-03,101.90451049804688
2024-07-05,101.9415512084961
2024-07-08,101.96929931640625
2024-07-09,101.96929931640625
2024-07-10,101.97857666015625
2024-07-11,102.00633239746094
2024-07-12,102.06185913085938
2024-07-15,102.08036041259766
2024-07-16,102.0896224975586
2024-07-17,102.09889221191406
2024-07-18,102.11740112304688
2024-07-19,102.17293548583984
2024-07-22,102.18218231201172
2024-07-23,102.20069885253906
2024-07-24,102.20995330810547
2024-07-25,102.21923828125
2024-07-26,102.27472686767578
2024-07-29,102.29325866699219
2024-07-30,102.3025131225586
2024-07-31,102.311767578125
2024-08-01,102.33782196044922
2024-08-02,102.43077850341797
2024-08-05,102.43077850341797
2024-08-06,102.43077850341797
2024-08-07,102.4493637084961
2024-08-08,102.45864868164062
2024-08-09,102.49584197998047
2024-08-12,102.52373504638672
2024-08-13,102.55162048339844
2024-08-14,102.55162048339844
2024-08-15,102.5609130859375
2024-08-16,102.6073989868164
2024-08-19,102.61669921875
2024-08-20,102.64458465576172
2024-08-21,102.6631851196289
2024-08-22,102.68177795410156
2024-08-23,102.72824096679688
2024-08-26,102.737548828125
2024-08-27,102.75614929199219
2024-08-28,102.77473449707031
2024-08-29,102.78404998779297
2024-08-30,102.82121276855469
2024-09-03,102.85391235351562
2024-09-04,102.88190460205078
2024-09-05,102.90057373046875
2024-09-06,102.947265625
2024-09-09,102.947265625
2024-09-10,102.98461151123047
2024-09-11,102.97527313232422
2024-09-12,102.99395751953125
2024-09-13,103.04997253417969
2024-09-16,103.08733367919922
2024-09-17,103.0966567993164
2024-09-18,103.13399505615234
2024-09-19,103.15267944335938
2024-09-20,103.1993637084961
2024-09-23,103.21802520751953
2024-09-24,103.22737884521484
2024-09-25,103.2460708618164
2024-09-26,103.25537109375
2024-09-27,103.29273223876953
2024-09-30,103.29273223876953
2024-10-01,103.31523132324219
2024-10-02,103.31523132324219
2024-10-03,103.31523132324219
2024-10-04,103.35272979736328
2024-10-07,103.3433837890625
2024-10-08,103.3714828491211
2024-10-09,103.38086700439453
2024-10-10,103.39022827148438
2024-10-11,103.4371109008789
2024-10-14,103.44648742675781
2024-10-15,103.45587158203125
2024-10-16,103.47461700439453
2024-10-17,103.47461700439453
2024-10-18,103.52149200439453
2024-10-21,103.5308609008789
2024-10-22,103.5308609008789
2024-10-23,103.5308609008789
2024-10-24,103.54962158203125
2024-10-25,103.58709716796875
2024-10-28,103.61524200439453
2024-10-29,103.61524200439453
2024-10-30,103.64337158203125
2024-10-31,103.6621322631836
2024-11-01,103.70636749267578
2024-11-04,103.7252197265625
2024-11-05,103.7252197265625
2024-11-06,103.7252197265625
2024-11-07,103.7534408569336
2024-11-08,103.80992126464844
2024-11-11,103.80052947998047
2024-11-12,103.80992126464844
2024-11-13,103.8287582397461
2024-11-14,103.83817291259766
2024-11-15,103.85701751708984
2024-11-18,103.8758316040039
2024-11-19,103.8946762084961
2024-11-20,103.91350555419922
2024-11-21,103.91350555419922
2024-11-22,103.95115661621094
2024-11-25,103.9699935913086
2024-11-26,103.97940826416016
2024-11-27,103.99822998046875
2024-11-29,104.04532623291016
2024-12-02,104.06043243408203
2024-12-03,104.08879089355469
2024-12-04,104.08879089355469
2024-12-05,104.11714172363281
2024-12-06,104.16439819335938
2024-12-09,104.18329620361328
2024-12-10,104.18329620361328
2024-12-11,104.20218658447266
2024-12-12,104.21165466308594
2024-12-13,104.23999786376953
2024-12-16,104.26834106445312
2024-12-17,104.26834106445312
2024-12-18,104.28446960449219
2024-12-19,104.31293487548828
2024-12-20,104.34138488769531
2024-12-23,104.35089874267578
2024-12-24,104.37934112548828
2024-12-26,104.39833068847656
2024-12-27,104.42678833007812
2024-12-30,104.45525360107422
2024-12-31,104.4647445678711
2025-01-02,104.48371124267578
2025-01-03,104.51219177246094
2025-01-06,104.53115844726562
2025-01-07,104.55012512207031
2025-01-08,104.55012512207031
2025-01-10,104.57858276367188
2025-01-13,104.5975341796875
2025-01-14,104.60704040527344
2025-01-15,104.62602233886719
2025-01-16,104.63549041748047
2025-01-17,104.68292236328125
2025-01-21,104.70191955566406
2025-01-22,104.70191955566406
2025-01-23,104.72088623046875
2025-01-24,104.75883483886719
2025-01-27,104.77778625488281
2025-01-28,104.78730773925781
2025-01-29,104.79679107666016
2025-01-30,104.8062744140625
2025-01-31,104.84423065185547
2025-02-03,104.85659790039062
2025-02-04,104.86612701416016
2025-02-05,104.87564849853516
2025-02-06,104.89470672607422
2025-02-07,104.92324829101562
2025-02-10,104.93278503417969
2025-02-11,104.93278503417969
2025-02-12,104.93278503417969
2025-02-13,104.96134948730469
2025-02-14,105.00896453857422
2025-02-18,105.00896453857422
2025-02-19,105.03752899169922
2025-02-20,105.04705047607422
2025-02-21,105.08513641357422
2025-02-24,105.10417938232422
2025-02-25,105.12322235107422
2025-02-26,105.12322235107422
2025-02-27,105.13275146484375
2025-02-28,105.17083740234375
2025-03-03,105.18803405761719
2025-03-04,105.19759368896484
2025-03-05,105.21668243408203
2025-03-06,105.22624206542969
2025-03-07,105.27399444580078
2025-03-10,105.28355407714844
2025-03-11,105.30266571044922
2025-03-12,105.30266571044922
2025-03-13,105.31221771240234
2025-03-14,105.3599853515625
2025-03-17,105.3599853515625
2025-03-18,105.3695297241211
2025-03-19,105.37907409667969
2025-03-20,105.39817810058594
2025-03-21,105.43639373779297
2025-03-24,105.4459457397461
2025-03-25,105.45552062988281
2025-03-26,105.46505737304688
2025-03-27,105.48416137695312
2025-03-28,105.51282501220703
2025-03-31,105.52236938476562
2025-04-01,105.54539489746094
2025-04-02,105.55497741699219
2025-04-03,105.56456756591797
2025-04-04,105.61249542236328
2025-04-07,105.6220932006836
2025-04-08,105.6412582397461
2025-04-09,105.6412582397461
2025-04-10,105.6412582397461
2025-04-11,105.6891860961914
2025-04-14,105.69877624511719
2025-04-15,105.7083511352539
2025-04-16,105.72753143310547
2025-04-17,105.77545928955078
2025-04-21,105.78504943847656
2025-04-22,105.79463195800781
2025-04-23,105.8042221069336
2025-04-24,105.81381225585938
2025-04-25,105.85216522216797
2025-04-28,105.86173248291016
2025-04-29,105.86173248291016
2025-04-30,105.89048767089844
2025-05-01,105.90203857421875
2025-05-02,105.92127990722656
2025-05-05,105.93089294433594
2025-05-06,105.94050598144531
2025-05-07,105.95976257324219
2025-05-08,105.96936798095703
2025-05-09,105.99822998046875
2025-05-12,106.00784301757812
2025-05-13,106.01747131347656
2025-05-14,106.01747131347656
2025-05-15,106.03669738769531
2025-05-16,106.07516479492188
2025-05-19,106.07516479492188
2025-05-20,106.09442901611328
2025-05-21,106.10401916503906
2025-05-22,106.1232681274414
2025-05-23,106.1713638305664
2025-05-27,106.1713638305664
2025-05-28,106.18098449707031
2025-05-29,106.20984649658203
2025-05-30,106.22907257080078
2025-06-02,106.2454833984375
2025-06-03,106.26477813720703
2025-06-04,106.2744369506836
2025-06-05,106.30339813232422
2025-06-06,106.31304168701172
2025-06-09,106.3420181274414
2025-06-10,106.35166931152344
2025-06-11,106.361328125
2025-06-12,106.3806381225586
2025-06-13,106.41923522949219
2025-06-16,106.41923522949219
2025-06-17,106.42891693115234
2025-06-18,106.45784759521484
2025-06-20,106.49646759033203
2025-06-23,106.51577758789062
2025-06-24,106.52542877197266
2025-06-25,106.53508758544922
2025-06-26,106.55438995361328
2025-06-27,106.59300994873047
2025-06-30,106.59300994873047
2025-07-01,106.6036605834961
2025-07-02,106.61334228515625
2025-07-03,106.65209197998047
2025-07-07,106.67144775390625
2025-07-08,106.69084167480469
2025-07-09,106.70053100585938
2025-07-10,106.710205078125
2025-07-11,106.73927307128906
2025-07-14,106.75863647460938
2025-07-15,106.75863647460938
2025-07-16,106.78770446777344
2025-07-17,106.7973861694336
2025-07-18,106.83612823486328
2025-07-21,106.84581756591797
2025-07-22,106.8554916381836
2025-07-23,106.86518859863281
2025-07-24,106.87487030029297
2025-07-25,106.91360473632812
2025-07-28,106.92330169677734
2025-07-29,106.94266510009766
2025-07-30,106.9329833984375
2025-07-31,106.94266510009766
2025-08-01,107.03501892089844
2025-08-04,107.054443359375
2025-08-05,107.04470825195312
2025-08-06,107.07389068603516
2025-08-07,107.08360290527344
2025-08-08,107.12248992919922
2025-08-11,107.13220977783203
2025-08-12,107.1516342163086
2025-08-13,107.17108917236328
2025-08-14,107.17108917236328
2025-08-15,107.20024108886719
2025-08-18,107.20996856689453
2025-08-19,107.23912811279297
2025-08-20,107.24884033203125
2025-08-21,107.23912811279297
2025-08-22,107.30715942382812
2025-08-25,107.30715942382812
2025-08-26,107.31687927246094
2025-08-27,107.33631896972656
2025-08-28,107.3460464477539
2025-08-29,107.39463806152344
2025-09-02,107.42194366455078
2025-09-03,107.44145965576172
2025-09-04,107.46096801757812
2025-09-05,107.51949310302734
2025-09-08,107.53900909423828
2025-09-09,107.52923583984375
2025-09-10,107.54875183105469
2025-09-11,107.56826782226562
2025-09-12,107.58778381347656
2025-09-15,107.6072769165039
2025-09-16,107.62680053710938
2025-09-17,107.63654327392578
2025-09-18,107.64630126953125
2025-09-19,107.68531799316406
2025-09-22,107.695068359375
2025-09-23,107.695068359375
2025-09-24,107.70482635498047
2025-09-25,107.71456909179688
2025-09-26,107.75359344482422
2025-09-29,107.76334381103516
2025-09-30,107.77310180664062
2025-10-01,107.79952239990234
2025-10-02,107.80931854248047
2025-10-03,107.84845733642578
2025-10-06,107.83866882324219
2025-10-07,107.84845733642578
2025-10-08,107.86803436279297
2025-10-09,107.87782287597656
2025-10-10,107.9267578125
2025-10-13,107.9169692993164
2025-10-14,107.94633483886719
2025-10-15,107.93653869628906
2025-10-16,107.95611572265625
2025-10-17,108.00505065917969
2025-10-20,108.01483154296875
2025-10-21,108.02462005615234
2025-10-22,108.04420471191406
2025-10-23,108.05399322509766
2025-10-24,108.07356262207031
2025-10-27,108.10291290283203
2025-10-28,108.11270141601562
2025-10-29,108.10291290283203
2025-10-30,108.11270141601562
2025-10-31,108.13227081298828
2025-11-03,108.16271209716797
2025-11-04,108.17253875732422
2025-11-05,108.1823501586914
2025-11-06,108.20199584960938
2025-11-07,108.24126434326172
2025-11-10,108.2510757446289
2025-11-11,108.2510757446289
2025-11-12,108.26091003417969
2025-11-13,108.27073669433594
2025-11-14,108.30017852783203
2025-11-17,108.31000518798828
2025-11-18,108.32964324951172
2025-11-19,108.33946990966797
2025-11-20,108.34928894042969
2025-11-21,108.38855743408203
2025-11-24,108.39838409423828
2025-11-25,108.408203125
2025-11-26,108.42784881591797
2025-11-28,108.45729064941406
2025-12-01,108.47897338867188
2025-12-02,108.4986801147461
2025-12-03,108.51837921142578
2025-12-04,108.51837921142578
2025-12-05,108.55778503417969
2025-12-08,108.56763458251953
2025-12-09,108.57747650146484
2025-12-10,108.6070327758789
2025-12-11,108.62673950195312
2025-12-12,108.65628814697266
2025-12-15,108.67598724365234
2025-12-16,108.68584442138672
2025-12-17,108.69569396972656
2025-12-18,108.71539306640625
2025-12-19,108.73218536376953
2025-12-22,108.75196075439453
2025-12-23,108.75196075439453
2025-12-24,108.7816162109375
2025-12-26,108.8211441040039
2025-12-29,108.8211441040039
2025-12-30,108.8310317993164
2025-12-31,108.86067199707031
2026-01-02,108.88043975830078
2026-01-05,108.90021514892578
2026-01-06,108.90021514892578
2026-01-07,108.91996765136719
2026-01-08,108.92985534667969
2026-01-09,108.95950317382812
2026-01-12,108.96939086914062
2026-01-13,108.96939086914062
2026-01-14,108.97926330566406
2026-01-15,108.98914337158203
2026-01-16,109.018798828125
2026-01-20,109.02867889404297
2026-01-21,109.04844665527344
2026-01-22,109.04844665527344
2026-01-23,109.0781021118164
2026-01-26,109.08798217773438
2026-01-27,109.10774230957031
2026-01-28,109.10774230957031
2026-01-29,109.11763000488281
2026-01-30,109.14727783203125
2026-02-02,109.16908264160156
2026-02-03,109.17900085449219
2026-02-04,109.17900085449219
2026-02-05,109.20874786376953
2026-02-06,109.22856903076172
2026-02-09,109.24839782714844
2026-02-10,109.24839782714844
2026-02-11,109.25830841064453
2026-02-12,109.26821899414062
2026-02-13,109.31778717041016
2026-02-17,109.32770538330078
2026-02-18,109.32770538330078
2026-02-19,109.3475341796875
2026-02-20,109.36736297607422
2026-02-23,109.37728118896484
2026-02-24,109.3871841430664
2026-02-25,109.39710235595703
2026-02-26,109.40701293945312
2026-02-27,109.43675231933594
2026-03-02,109.45066833496094
2026-03-03,109.46060943603516
2026-03-04,109.46060943603516
2026-03-05,109.4804916381836
2026-03-06,109.51032257080078
2026-03-09,109.52025604248047
2026-03-10,109.53019714355469
2026-03-11,109.54014587402344
2026-03-12,109.54014587402344
2026-03-13,109.57991027832031
2026-03-16,109.58984375
2026-03-17,109.59978485107422
2026-03-18,109.59978485107422
2026-03-19,109.59978485107422
2026-03-20,109.62960815429688
2026-03-23,109.64949035644531
2026-03-24,109.65943145751953
2026-03-25,109.66938018798828
2026-03-26,109.66938018798828
2026-03-27,109.70913696289062
2026-03-30,109.72901153564453
2026-03-31,109.73896026611328
2026-04-01,109.75292205810547
2026-04-02,109.79280090332031
2026-04-06,109.80277252197266
2026-04-07,109.812744140625
2026-04-08,109.82271575927734
2026-04-09,109.8426513671875
2026-04-10,109.87255859375
2026-04-13,109.87255859375
2026-04-14,109.89250183105469
2026-04-15,109.89250183105469
2026-04-16,109.90248107910156
2026-04-17,109.95232391357422
2026-04-20,109.95232391357422
2026-04-21,109.96229553222656
2026-04-22,109.98223114013672
2026-04-23,109.9922103881836
2026-04-24,110.0221176147461
2026-04-27,110.03208923339844
2026-04-28,110.04206085205078
2026-04-29,110.04206085205078
2026-04-30,110.06199645996094
2026-05-01,110.08999633789062
2026-05-04,110.11000061035156
2026-05-05,110.11000061035156
2026-05-06,110.12999725341797
2026-05-07,110.13999938964844
2026-05-08,110.18000030517578
2026-05-11,110.18000030517578
2026-05-12,110.19000244140625
2026-05-13,110.19000244140625
2026-05-14,110.19999694824219
2026-05-15,110.23999786376953
2026-05-18,110.25
2026-05-19,110.26000213623047
2026-05-20,110.27999877929688
2026-05-21,110.29000091552734
2026-05-22,110.30999755859375
