Date,TLT
1986-05-19,9.219707742571599
1986-05-20,9.2012562886864
1986-05-21,9.293456535508033
1986-05-22,9.275024973229007
1986-05-23,9.293456535508033
1986-05-27,9.339560637240083
1986-05-28,9.219707742571599
1986-05-29,9.203993373695676
1986-05-30,9.203993373695676
1986-06-02,9.083861996540781
1986-06-03,9.102339309514004
1986-06-04,9.083861996540781
1986-06-05,9.056136412804632
1986-06-06,9.185516723775992
1986-06-09,9.139315816227237
1986-06-10,9.102339309514004
1986-06-11,9.093110930357248
1986-06-12,9.12082789439739
1986-06-13,9.167026149731988
1986-06-16,9.296396514900263
1986-06-17,9.296396514900263
1986-06-18,9.268675572538887
1986-06-19,9.213244296672759
1986-06-20,9.259443215060896
1986-06-23,9.314884436730111
1986-06-24,9.351851660693796
1986-06-25,9.370330299774098
1986-06-26,9.37957525526933
1986-06-27,9.416530544269314
1986-06-30,9.500196628989595
1986-07-01,9.500196628989595
1986-07-02,9.500196628989595
1986-07-03,9.565263398885467
1986-07-07,9.55597136658896
1986-07-08,9.46301391262571
1986-07-09,9.500196628989595
1986-07-10,9.537381334514096
1986-07-11,9.537381334514096
1986-07-14,9.546677345131837
1986-07-15,9.55597136658896
1986-07-16,9.630338125423807
1986-07-17,9.55597136658896
1986-07-18,9.546677345131837
1986-07-21,9.565263398885467
1986-07-22,9.509485346018407
1986-07-23,9.416533196483469
1986-07-24,9.370055795608923
1986-07-25,9.351463111319903
1986-07-28,9.286392363102797
1986-07-29,9.277095026377978
1986-07-30,9.314285036330793
1986-07-31,9.426501543389826
1986-08-01,9.426501543389826
1986-08-04,9.445212914262338
1986-08-05,9.407802770534554
1986-08-06,9.370391300699692
1986-08-07,9.39845238952661
1986-08-08,9.520013973165275
1986-08-11,9.613540990118583
1986-08-12,9.604183978575248
1986-08-13,9.66029554737246
1986-08-14,9.669659852504726
1986-08-15,9.679008244352053
1986-08-18,9.688355310092302
1986-08-19,9.744463563621817
1986-08-20,9.791214805607998
1986-08-21,9.791214805607998
1986-08-22,9.772506750003181
1986-08-25,9.735113845667412
1986-08-26,9.744463563621817
1986-08-27,9.735113845667412
1986-08-28,9.791214805607998
1986-08-29,9.869310577546566
1986-09-02,9.831663060651795
1986-09-03,9.671737199242626
1986-09-04,9.671737199242626
1986-09-05,9.577641945406336
1986-09-08,9.540024265920824
1986-09-09,9.549435647854361
1986-09-10,9.549435647854361
1986-09-11,9.445929012084532
1986-09-12,9.389481275143012
1986-09-15,9.389481275143012
1986-09-16,9.389481275143012
1986-09-17,9.445929012084532
1986-09-18,9.417716083997167
1986-09-19,9.295396630163347
1986-09-22,9.389481275143012
1986-09-23,9.351854312907953
1986-09-24,9.427116194020542
1986-09-25,9.445929012084532
1986-09-26,9.445929012084532
1986-09-29,9.398899287611941
1986-09-30,9.511533518400588
1986-10-01,9.558827138181728
1986-10-02,9.549368679446916
1986-10-03,9.615620989070642
1986-10-06,9.615620989070642
1986-10-07,9.615620989070642
1986-10-08,9.596698767172704
1986-10-09,9.549368679446916
1986-10-10,9.530447120602517
1986-10-13,9.530447120602517
1986-10-14,9.464196137085871
1986-10-15,9.454731047815667
1986-10-16,9.464196137085871
1986-10-17,9.435800869275262
1986-10-20,9.360083470381333
1986-10-21,9.426324508094893
1986-10-22,9.454731047815667
1986-10-23,9.502051189738369
1986-10-24,9.492592731003556
1986-10-27,9.530447120602517
1986-10-28,9.530447120602517
1986-10-29,9.568306814629791
1986-10-30,9.634553156771664
1986-10-31,9.66597592704166
1986-11-03,9.73264529734146
1986-11-04,9.713588475575092
1986-11-05,9.704067689807607
1986-11-06,9.675497375862685
1986-11-07,9.618353432705142
1986-11-10,9.580257028564422
1986-11-11,9.580257028564422
1986-11-12,9.608839940526588
1986-11-13,9.646925735810683
1986-11-14,9.675497375862685
1986-11-17,9.72311390271735
1986-11-18,9.74215481119878
1986-11-19,9.799303395731096
1986-11-20,9.789777968588837
1986-11-21,9.799303395731096
1986-11-24,9.818351597801456
1986-11-25,9.799303395731096
1986-11-26,9.789777968588837
1986-11-28,9.85014567805333
1986-12-01,9.83098276772071
1986-12-02,9.869310577546566
1986-12-03,9.936377116916269
1986-12-04,9.974718850866443
1986-12-05,9.936377116916269
1986-12-08,9.926800634651501
1986-12-09,9.917224152386735
1986-12-10,9.936377116916269
1986-12-11,9.955541353355965
1986-12-12,9.898053285411647
1986-12-15,9.888479455361036
1986-12-16,9.878898994775035
1986-12-17,9.898053285411647
1986-12-18,9.898053285411647
1986-12-19,9.907637724318883
1986-12-22,9.917224152386735
1986-12-23,9.926800634651501
1986-12-24,9.945962881930582
1986-12-26,9.936377116916269
1986-12-29,9.926800634651501
1986-12-30,9.85972680169287
1986-12-31,9.887702356613248
1987-01-02,9.945589582788086
1987-01-05,9.964871842757738
1987-01-06,9.984175320440638
1987-01-07,10.013106998564353
1987-01-08,10.04205260081239
1987-01-09,10.032392573801701
1987-01-12,10.070993561685652
1987-01-13,10.04205260081239
1987-01-14,10.022748460075949
1987-01-15,10.003455591249674
1987-01-16,10.022748460075949
1987-01-19,10.003455591249674
1987-01-20,10.070993561685652
1987-01-21,10.080629718768936
1987-01-22,10.061344143531588
1987-01-23,10.051697377591681
1987-01-26,10.003455591249674
1987-01-27,9.955235022620915
1987-01-28,9.955235022620915
1987-01-29,9.926288757319341
1987-01-30,9.983579898362555
1987-02-02,9.954456597766049
1987-02-03,9.954456597766049
1987-02-04,9.93501586800056
1987-02-05,9.964163701578013
1987-02-06,9.973868816229357
1987-02-09,10.012729058047086
1987-02-10,9.905889252136358
1987-02-11,9.876748712147837
1987-02-12,9.876748712147837
1987-02-13,9.925326003580613
1987-02-17,9.896190768020404
1987-02-18,9.915606964804947
1987-02-19,9.954456597766049
1987-02-20,9.973868816229357
1987-02-23,9.973868816229357
1987-02-24,10.003004714843106
1987-02-25,10.012729058047086
1987-02-26,10.022436161859048
1987-02-27,10.091797529527467
1987-03-02,10.130883872602016
1987-03-03,10.140631422679862
1987-03-04,10.121095213204747
1987-03-05,10.169961595980558
1987-03-06,10.121095213204747
1987-03-09,10.111350315341058
1987-03-10,10.111350315341058
1987-03-11,10.10156099289025
1987-03-12,10.140631422679862
1987-03-13,10.140631422679862
1987-03-16,10.121095213204747
1987-03-17,10.130883872602016
1987-03-18,10.150416766809435
1987-03-19,10.150416766809435
1987-03-20,10.130883872602016
1987-03-23,10.111350315341058
1987-03-24,10.08202876173637
1987-03-25,10.072259330891734
1987-03-26,10.10156099289025
1987-03-27,10.042948386143673
1987-03-30,9.876872040106104
1987-03-31,9.932921944924182
1987-04-01,9.89358098929063
1987-04-02,9.903416725489173
1987-04-03,9.88375718805579
1987-04-06,9.92309350231457
1987-04-07,9.873931397660336
1987-04-08,9.88375718805579
1987-04-09,9.70672719755281
1987-04-10,9.598547360439627
1987-04-13,9.559215024502084
1987-04-14,9.392029389893654
1987-04-15,9.470705333678906
1987-04-16,9.578885833845629
1987-04-20,9.451033198228282
1987-04-21,9.352688434260102
1987-04-22,9.382186360106182
1987-04-23,9.323190508414022
1987-04-24,9.195329916154206
1987-04-27,9.234670208734219
1987-04-28,9.283842922245078
1987-04-29,9.323190508414022
1987-04-30,9.456864754104389
1987-05-01,9.36774372791819
1987-05-04,9.278614082035984
1987-05-05,9.298431426211664
1987-05-06,9.278614082035984
1987-05-07,9.298431426211664
1987-05-08,9.347935666492058
1987-05-11,9.328126942012387
1987-05-12,9.248911272646332
1987-05-13,9.248911272646332
1987-05-14,9.258821270841251
1987-05-15,9.110284680072661
1987-05-18,9.110284680072661
1987-05-19,9.070669883327474
1987-05-20,9.001360233835104
1987-05-21,9.001360233835104
1987-05-22,9.040969726151978
1987-05-26,9.20930045422238
1987-05-27,9.229111830916208
1987-05-28,9.179596318725649
1987-05-29,9.316250327020592
1987-06-01,9.38606721247035
1987-06-02,9.206528227375534
1987-06-03,9.236453159700774
1987-06-04,9.236453159700774
1987-06-05,9.306276675685924
1987-06-08,9.306276675685924
1987-06-09,9.2763537325213
1987-06-10,9.33620359717178
1987-06-11,9.316250327020592
1987-06-12,9.455891391509038
1987-06-15,9.465860401468932
1987-06-16,9.485812345513043
1987-06-17,9.515727995088735
1987-06-18,9.495791964329563
1987-06-19,9.475835378910679
1987-06-22,9.515727995088735
1987-06-23,9.515727995088735
1987-06-24,9.475835378910679
1987-06-25,9.495791964329563
1987-06-26,9.406023134835694
1987-06-29,9.396042189912096
1987-06-30,9.451282506358972
1987-07-01,9.471373691646287
1987-07-02,9.501500192247404
1987-07-06,9.511542801150135
1987-07-07,9.521582094785172
1987-07-08,9.511542801150135
1987-07-09,9.461331082743555
1987-07-10,9.501500192247404
1987-07-13,9.451282506358972
1987-07-14,9.481411659174245
1987-07-15,9.421157994918472
1987-07-16,9.451282506358972
1987-07-17,9.481411659174245
1987-07-20,9.451282506358972
1987-07-21,9.411110744640967
1987-07-22,9.340793253769212
1987-07-23,9.340793253769212
1987-07-24,9.320708035963749
1987-07-27,9.320708035963749
1987-07-28,9.290578220094936
1987-07-29,9.280540915620518
1987-07-30,9.280540915620518
1987-07-31,9.346282674019161
1987-08-03,9.255249401426289
1987-08-04,9.235013670467456
1987-08-05,9.275484469331582
1987-08-06,9.285598688016533
1987-08-07,9.305825136225817
1987-08-10,9.305825136225817
1987-08-11,9.295714232808562
1987-08-12,9.305825136225817
1987-08-13,9.315941344071385
1987-08-14,9.366521057192148
1987-08-17,9.396867028514697
1987-08-18,9.315941344071385
1987-08-19,9.265372239807247
1987-08-20,9.295714232808562
1987-08-21,9.285598688016533
1987-08-24,9.285598688016533
1987-08-25,9.305825136225817
1987-08-26,9.285598688016533
1987-08-27,9.194566741530739
1987-08-28,9.143994985052444
1987-08-31,9.201054057356984
1987-09-01,9.190858946140267
1987-09-02,9.038026431492053
1987-09-03,9.04820894469153
1987-09-04,9.02782866806118
1987-09-08,8.936131015822161
1987-09-09,8.925935904605444
1987-09-10,8.936131015822161
1987-09-11,8.99725659548181
1987-09-14,8.99725659548181
1987-09-15,8.936131015822161
1987-09-16,8.874984881502803
1987-09-17,8.895360516758377
1987-09-18,8.956507314131276
1987-09-21,8.956507314131276
1987-09-22,8.956507314131276
1987-09-23,8.966699773133836
1987-09-24,8.91573747812103
1987-09-25,8.895360516758377
1987-09-28,8.895360516758377
1987-09-29,8.854614550675539
1987-09-30,8.85973995453254
1987-10-01,8.87000336026378
1987-10-02,8.900807501581825
1987-10-05,8.900807501581825
1987-10-06,8.85973995453254
1987-10-07,8.89053945447581
1987-10-08,8.798142280753074
1987-10-09,8.746814643240242
1987-10-12,8.726289820938376
1987-10-13,8.76734410691688
1987-10-14,8.654422110892279
1987-10-15,8.613341302772211
1987-10-16,8.603074581773274
1987-10-19,8.603074581773274
1987-10-20,8.603074581773274
1987-10-21,8.603074581773274
1987-10-22,9.270390892044457
1987-10-23,9.280658276096933
1987-10-26,9.36278342439242
1987-10-27,9.280658276096933
1987-10-28,9.260127486313216
1987-10-29,9.270390892044457
1987-10-30,9.377920936689353
1987-11-02,9.315877690931634
1987-11-03,9.388253963042198
1987-11-04,9.470970555094533
1987-11-05,9.553683831879173
1987-11-06,9.491667771316557
1987-11-09,9.501995493241088
1987-11-10,9.491667771316557
1987-11-11,9.481313527250462
1987-11-12,9.481313527250462
1987-11-13,9.450296545746378
1987-11-16,9.450296545746378
1987-11-17,9.41928089034937
1987-11-18,9.429607949220362
1987-11-19,9.450296545746378
1987-11-20,9.481313527250462
1987-11-23,9.470970555094533
1987-11-24,9.439964845500612
1987-11-25,9.357236981538112
1987-11-27,9.284865350802322
1987-11-30,9.423354028239867
1987-12-01,9.392108956318342
1987-12-02,9.402525527417108
1987-12-03,9.433761316589086
1987-12-04,9.444171920206001
1987-12-07,9.37129570572698
1987-12-08,9.350467204904222
1987-12-09,9.360875819360519
1987-12-10,9.235928684351371
1987-12-11,9.215098194367995
1987-12-14,9.225506808824292
1987-12-15,9.329642682402698
1987-12-16,9.412940772408795
1987-12-17,9.412940772408795
1987-12-18,9.485820302155512
1987-12-21,9.47542229655584
1987-12-22,9.465002410189378
1987-12-23,9.548297184927781
1987-12-24,9.548297184927781
1987-12-28,9.496236873254277
1987-12-29,9.506659411834896
1987-12-30,9.558723701829633
1987-12-31,9.574453320936955
1988-01-04,9.616386815908266
1988-01-05,9.637363840723776
1988-01-06,9.574453320936955
1988-01-07,9.55346568726482
1988-01-08,9.469576153501873
1988-01-11,9.501034728662978
1988-01-12,9.51151826816919
1988-01-13,9.532497282145318
1988-01-14,9.532497282145318
1988-01-15,9.721247407004872
1988-01-18,9.721247407004872
1988-01-19,9.700289610741995
1988-01-20,9.731739566207093
1988-01-21,9.773691626677497
1988-01-22,9.805148212677985
1988-01-25,9.836619385856332
1988-01-26,9.773691626677497
1988-01-27,9.878566141898423
1988-01-28,9.92050891961928
1988-01-29,10.0208196373308
1988-02-01,10.041933251175358
1988-02-02,10.094738835026774
1988-02-03,10.041933251175358
1988-02-04,10.0208196373308
1988-02-05,10.105296636529362
1988-02-08,10.073615938432669
1988-02-09,10.073615938432669
1988-02-10,10.115856427192567
1988-02-11,10.073615938432669
1988-02-12,9.989148885037192
1988-02-16,9.978581800785056
1988-02-17,9.968025325389547
1988-02-18,9.978581800785056
1988-02-19,9.989148885037192
1988-02-22,10.01025520529282
1988-02-23,10.063052832501768
1988-02-24,10.073615938432669
1988-02-25,10.041933251175358
1988-02-26,10.052505639855806
1988-02-29,10.137507114403771
1988-03-01,10.1481351995815
1988-03-02,10.1481351995815
1988-03-03,10.169388054669263
1988-03-04,10.041874239410381
1988-03-07,10.052505639855806
1988-03-08,10.009995288305506
1988-03-09,10.020631330125704
1988-03-10,9.98872386771865
1988-03-11,10.031250132553886
1988-03-14,10.031250132553886
1988-03-15,10.031250132553886
1988-03-16,9.98872386771865
1988-03-17,10.031250132553886
1988-03-18,10.009995288305506
1988-03-21,9.90373167592023
1988-03-22,9.90373167592023
1988-03-23,9.893109558224353
1988-03-24,9.88247749472539
1988-03-25,9.924979889633219
1988-03-28,9.80808487680252
1988-03-29,9.850591250031584
1988-03-30,9.829344362425672
1988-03-31,9.910691085866294
1988-04-04,9.846471035339812
1988-04-05,9.846471035339812
1988-04-06,9.889277771822075
1988-04-07,9.910691085866294
1988-04-08,9.964206137004513
1988-04-11,9.921379508916077
1988-04-12,9.932087160518495
1988-04-13,9.942798127388608
1988-04-14,9.814365982978115
1988-04-15,9.814365982978115
1988-04-18,9.771561235656469
1988-04-19,9.760844301304505
1988-04-20,9.739446900545225
1988-04-21,9.771561235656469
1988-04-22,9.782261593669956
1988-04-25,9.782261593669956
1988-04-26,9.771561235656469
1988-04-27,9.760844301304505
1988-04-28,9.728743890317581
1988-04-29,9.797721349986878
1988-05-02,9.74383565192032
1988-05-03,9.765384891940046
1988-05-04,9.7761661424853
1988-05-05,9.7761661424853
1988-05-06,9.722271161669195
1988-05-09,9.711491900284557
1988-05-10,9.700722584703007
1988-05-11,9.679162735826655
1988-05-12,9.679162735826655
1988-05-13,9.711491900284557
1988-05-16,9.689934040568822
1988-05-17,9.614490482786529
1988-05-18,9.560597491131041
1988-05-19,9.582148057257847
1988-05-20,9.549818229746403
1988-05-23,9.539034990040532
1988-05-24,9.560597491131041
1988-05-25,9.571378741676295
1988-05-26,9.571378741676295
1988-05-27,9.560597491131041
1988-05-31,9.642043672602522
1988-06-01,9.783179922821567
1988-06-02,9.761470886898925
1988-06-03,9.837480692403583
1988-06-06,9.837480692403583
1988-06-07,9.783179922821567
1988-06-08,9.85920033718285
1988-06-09,9.81577165648094
1988-06-10,9.837480692403583
1988-06-13,9.85920033718285
1988-06-14,10.0546439875193
1988-06-15,10.011206687121383
1988-06-16,9.880916003640882
1988-06-17,9.761470886898925
1988-06-20,9.783179922821567
1988-06-21,9.772336345243641
1988-06-22,9.913493813175936
1988-06-23,9.946065655229138
1988-06-24,9.956917852503071
1988-06-27,9.880916003640882
1988-06-28,9.946065655229138
1988-06-29,9.913493813175936
1988-06-30,10.037041905217649
1988-07-01,10.069829902724587
1988-07-05,10.026105500144253
1988-07-06,9.916767308498317
1988-07-07,9.916767308498317
1988-07-08,9.82928932898193
1988-07-11,9.86209721809504
1988-07-12,9.818364195818699
1988-07-13,9.763702725111429
1988-07-14,9.77462255384635
1988-07-15,9.807430442959458
1988-07-18,9.741824610536325
1988-07-19,9.785568904722831
1988-07-20,9.77462255384635
1988-07-21,9.741824610536325
1988-07-22,9.785568904722831
1988-07-25,9.818364195818699
1988-07-26,9.807430442959458
1988-07-27,9.741824610536325
1988-07-28,9.741824610536325
1988-07-29,9.84757634558944
1988-08-01,9.891640894635316
1988-08-02,9.979759383870443
1988-08-03,9.957729430034892
1988-08-04,10.001793316027229
1988-08-05,9.902646257276775
1988-08-08,9.913672174577945
1988-08-09,9.858597621515836
1988-08-10,9.75945188887246
1988-08-11,9.715394633415515
1988-08-12,9.715394633415515
1988-08-15,9.704370705274961
1988-08-16,9.726405963538825
1988-08-17,9.704370705274961
1988-08-18,9.726405963538825
1988-08-19,9.726405963538825
1988-08-22,9.704370705274961
1988-08-23,9.737427239465223
1988-08-24,9.737427239465223
1988-08-25,9.682338762278793
1988-08-26,9.704370705274961
1988-08-29,9.770475153959476
1988-08-30,9.781489799350481
1988-08-31,9.888016643990767
1988-09-01,9.888016643990767
1988-09-02,10.109977794515185
1988-09-06,10.121063386634873
1988-09-07,10.132177490056739
1988-09-08,10.121063386634873
1988-09-09,10.187671756009077
1988-09-12,10.143275680193668
1988-09-13,10.154369228955822
1988-09-14,10.209852886051536
1988-09-15,10.165464766878594
1988-09-16,10.154369228955822
1988-09-19,10.109977794515185
1988-09-20,10.109977794515185
1988-09-21,10.154369228955822
1988-09-22,10.121063386634873
1988-09-23,10.121063386634873
1988-09-26,10.098889550181342
1988-09-27,10.076687202425633
1988-09-28,10.04339064285423
1988-09-29,10.098889550181342
1988-09-30,10.270993715942582
1988-10-03,10.293345913798122
1988-10-04,10.293345913798122
1988-10-05,10.270993715942582
1988-10-06,10.282167494182966
1988-10-07,10.416284659637432
1988-10-10,10.427460427038431
1988-10-11,10.393939755370823
1988-10-12,10.304526322573894
1988-10-13,10.304526322573894
1988-10-14,10.34923204439205
1988-10-17,10.36040051820412
1988-10-18,10.371578274765737
1988-10-19,10.338054287830433
1988-10-20,10.382748737738424
1988-10-21,10.34923204439205
1988-10-24,10.31569081806473
1988-10-25,10.31569081806473
1988-10-26,10.338054287830433
1988-10-27,10.405106903075815
1988-10-28,10.427460427038431
1988-10-31,10.523125128601697
1988-11-01,10.545631817931838
1988-11-02,10.500610482629087
1988-11-03,10.545631817931838
1988-11-04,10.399310489037278
1988-11-07,10.365549791988526
1988-11-08,10.365549791988526
1988-11-09,10.320544369970712
1988-11-10,10.343055037622088
1988-11-11,10.298035028426414
1988-11-14,10.320544369970712
1988-11-15,10.320544369970712
1988-11-16,10.253011040909506
1988-11-17,10.207990368660292
1988-11-18,10.207990368660292
1988-11-21,10.219251669967832
1988-11-22,10.207990368660292
1988-11-23,10.219251669967832
1988-11-25,10.151719667013705
1988-11-28,10.185492299026158
1988-11-29,10.196742991477073
1988-11-30,10.325956876010128
1988-12-01,10.359953620118787
1988-12-02,10.235271043471728
1988-12-05,10.269283037811785
1988-12-06,10.405302503869839
1988-12-07,10.382632040315547
1988-12-08,10.393964951405307
1988-12-09,10.371295150904555
1988-12-12,10.405302503869839
1988-12-13,10.382632040315547
1988-12-14,10.303289727723532
1988-12-15,10.303289727723532
1988-12-16,10.314633247669915
1988-12-19,10.325956876010128
1988-12-20,10.416635414959599
1988-12-21,10.416635414959599
1988-12-22,10.427968989102897
1988-12-23,10.461971700693407
1988-12-27,10.405302503869839
1988-12-28,10.371295150904555
1988-12-29,10.371295150904555
1988-12-30,10.460365785021784
1989-01-03,10.380436006994152
1989-01-04,10.391855115043992
1989-01-05,10.369018888104932
1989-01-06,10.403263614237204
1989-01-09,10.414688026715353
1989-01-10,10.426105808658114
1989-01-11,10.414688026715353
1989-01-12,10.483217262192241
1989-01-13,10.563145714112794
1989-01-16,10.563145714112794
1989-01-17,10.563145714112794
1989-01-18,10.608830766008154
1989-01-19,10.597399722994613
1989-01-20,10.563145714112794
1989-01-23,10.585971995248766
1989-01-24,10.654503219886271
1989-01-25,10.620239265201366
1989-01-26,10.620239265201366
1989-01-27,10.66591503434718
1989-01-30,10.620239265201366
1989-01-31,10.674310618258865
1989-02-01,10.685810618840469
1989-02-02,10.69729802140483
1989-02-03,10.674310618258865
1989-02-06,10.674310618258865
1989-02-07,10.708804652521826
1989-02-08,10.69729802140483
1989-02-09,10.559280775033564
1989-02-10,10.49025822772361
1989-02-13,10.478759553249084
1989-02-14,10.444256899290114
1989-02-15,10.455764856514188
1989-02-16,10.478759553249084
1989-02-17,10.49025822772361
1989-02-21,10.49025822772361
1989-02-22,10.432752257333737
1989-02-23,10.386738993936538
1989-02-24,10.375238993354934
1989-02-27,10.39824032062522
1989-02-28,10.493214783454317
1989-03-01,10.446884580465444
1989-03-02,10.493214783454317
1989-03-03,10.504795013514148
1989-03-06,10.539547638657346
1989-03-07,10.527966082490435
1989-03-08,10.562702131295158
1989-03-09,10.551122564288864
1989-03-10,10.481641846983415
1989-03-13,10.470051671120498
1989-03-14,10.493214783454317
1989-03-15,10.493214783454317
1989-03-16,10.504795013514148
1989-03-17,10.342649911909717
1989-03-20,10.342649911909717
1989-03-21,10.342649911909717
1989-03-22,10.400564323279657
1989-03-23,10.412141901125331
1989-03-27,10.412141901125331
1989-03-28,10.423728098667015
1989-03-29,10.470051671120498
1989-03-30,10.481641846983415
1989-03-31,10.584322981097102
1989-04-03,10.631002613301066
1989-04-04,10.666026427341743
1989-04-05,10.677682245505027
1989-04-06,10.642675007802827
1989-04-07,10.584322981097102
1989-04-10,10.596006647509029
1989-04-11,10.584322981097102
1989-04-12,10.572655891023654
1989-04-13,10.537639370571906
1989-04-14,10.642675007802827
1989-04-17,10.631002613301066
1989-04-18,10.747706666712514
1989-04-19,10.736028304728901
1989-04-20,10.666026427341743
1989-04-21,10.701017088705466
1989-04-24,10.701017088705466
1989-04-25,10.712696113742618
1989-04-26,10.724367182137302
1989-04-27,10.759364474036417
1989-04-28,10.85926542466079
1989-05-01,10.777003024282717
1989-05-02,10.81225758095499
1989-05-03,10.835752220058344
1989-05-04,10.788752332995012
1989-05-05,10.835752220058344
1989-05-08,10.788752332995012
1989-05-09,10.718234599954458
1989-05-10,10.659463523412041
1989-05-11,10.694740623904643
1989-05-12,10.89452926408261
1989-05-15,10.89452926408261
1989-05-16,10.89452926408261
1989-05-17,10.918031196774894
1989-05-18,10.953277796804699
1989-05-19,11.035556773521249
1989-05-22,11.117819173899322
1989-05-23,11.094312599832266
1989-05-24,11.082567269441206
1989-05-25,11.059049423463986
1989-05-26,11.106071191294106
1989-05-30,11.094312599832266
1989-05-31,11.197287466663761
1989-06-01,11.197287466663761
1989-06-02,11.32748068127402
1989-06-05,11.386679427349135
1989-06-06,11.398501671950726
1989-06-07,11.469533271484059
1989-06-08,11.516872641959393
1989-06-09,11.694422466437002
1989-06-12,11.72992235291873
1989-06-13,11.599715877237692
1989-06-14,11.670754107306413
1989-06-15,11.540539674982904
1989-06-16,11.516872641959393
1989-06-19,11.481363472728118
1989-06-20,11.540539674982904
1989-06-21,11.505055701786114
1989-06-22,11.493212239471273
1989-06-23,11.623400149653218
1989-06-26,11.682589612978786
1989-06-27,11.741776424090197
1989-06-28,11.694422466437002
1989-06-29,11.765438152685396
1989-06-30,11.878616087376079
1989-07-03,11.854801856466894
1989-07-05,11.783303467242058
1989-07-06,11.83098629945063
1989-07-07,11.878616087376079
1989-07-10,11.91437058641681
1989-07-11,11.890548398865157
1989-07-12,11.902463470962218
1989-07-13,11.890548398865157
1989-07-14,11.83098629945063
1989-07-17,11.807137589757415
1989-07-18,11.735647157175048
1989-07-19,11.771409612858248
1989-07-20,11.819060618496945
1989-07-21,11.759475975262093
1989-07-24,11.771409612858248
1989-07-25,11.807137589757415
1989-07-26,11.807137589757415
1989-07-27,11.902463470962218
1989-07-28,11.962022918162585
1989-07-31,12.125135414880518
1989-08-01,12.24507516956262
1989-08-02,12.233069922184246
1989-08-03,12.149133974673562
1989-08-04,11.933241090138699
1989-08-07,11.933241090138699
1989-08-08,11.933241090138699
1989-08-09,11.897269109537154
1989-08-10,11.921251756045262
1989-08-11,11.825302604513736
1989-08-14,11.693373515738196
1989-08-15,11.717372075531243
1989-08-16,11.777326702640895
1989-08-17,11.729364061838835
1989-08-18,11.753338751704474
1989-08-21,11.729364061838835
1989-08-22,11.65740286124373
1989-08-23,11.705381415330727
1989-08-24,11.729364061838835
1989-08-25,11.729364061838835
1989-08-28,11.65740286124373
1989-08-29,11.669390869230089
1989-08-30,11.693373515738196
1989-08-31,11.774285939110728
1989-09-01,11.858827917556118
1989-09-05,11.834671551020774
1989-09-06,11.8708994702884
1989-09-07,11.882977653556072
1989-09-08,11.919208225037853
1989-09-11,11.931299669376306
1989-09-12,11.90712341123479
1989-09-13,11.834671551020774
1989-09-14,11.858827917556118
1989-09-15,11.90712341123479
1989-09-18,11.882977653556072
1989-09-19,11.895054510716665
1989-09-20,11.822592041646024
1989-09-21,11.762222343020914
1989-09-22,11.774285939110728
1989-09-25,11.665603507414929
1989-09-26,11.701828774468398
1989-09-27,11.713908283843148
1989-09-28,11.713908283843148
1989-09-29,11.791718942759916
1989-10-02,11.816037094358792
1989-10-03,11.85250503900756
1989-10-04,11.876801972893187
1989-10-05,11.949752449368583
1989-10-06,12.059145674458263
1989-10-09,12.071311380793091
1989-10-10,12.071311380793091
1989-10-11,12.022684360344885
1989-10-12,12.046993229194214
1989-10-13,12.217189789923555
1989-10-16,12.095626880177813
1989-10-17,12.071311380793091
1989-10-18,12.03484608835848
1989-10-19,12.119952988419158
1989-10-20,12.095626880177813
1989-10-23,12.144247270090627
1989-10-24,12.217189789923555
1989-10-25,12.20502806190996
1989-10-26,12.192879594967147
1989-10-27,12.107779325441859
1989-10-30,12.119952988419158
1989-10-31,12.24965289119635
1989-11-01,12.298607460092855
1989-11-02,12.310854058959452
1989-11-03,12.261898163955866
1989-11-06,12.200711583370625
1989-11-07,12.298607460092855
1989-11-08,12.286364839547494
1989-11-09,12.286364839547494
1989-11-10,12.274120892895056
1989-11-13,12.286364839547494
1989-11-14,12.286364839547494
1989-11-15,12.323078114005718
1989-11-16,12.323078114005718
1989-11-17,12.24965289119635
1989-11-20,12.24965289119635
1989-11-21,12.274120892895056
1989-11-22,12.310854058959452
1989-11-24,12.323078114005718
1989-11-27,12.261898163955866
1989-11-28,12.274120892895056
1989-11-29,12.24965289119635
1989-11-30,12.351859942029604
1989-12-01,12.388829155153907
1989-12-04,12.401134102731941
1989-12-05,12.388829155153907
1989-12-06,12.351859942029604
1989-12-07,12.327231481374444
1989-12-08,12.376504315969703
1989-12-11,12.36418478121381
1989-12-12,12.36418478121381
1989-12-13,12.376504315969703
1989-12-14,12.425747976209243
1989-12-15,12.401134102731941
1989-12-18,12.450387045721028
1989-12-19,12.425747976209243
1989-12-20,12.438080772035917
1989-12-21,12.413452311380755
1989-12-22,12.388829155153907
1989-12-26,12.241022586331834
1989-12-27,12.253342121087726
1989-12-28,12.26566828637901
1989-12-29,12.346239900232458
1990-01-02,12.309055857761496
1990-01-03,12.271846619256051
1990-01-04,12.271846619256051
1990-01-05,12.247080243464763
1990-01-08,12.209874983280551
1990-01-09,12.209874983280551
1990-01-10,12.209874983280551
1990-01-11,12.197477208207047
1990-01-12,12.135505572231548
1990-01-15,12.110721957048245
1990-01-16,12.048735733894887
1990-01-17,12.048735733894887
1990-01-18,11.937159736554595
1990-01-19,11.986752162955684
1990-01-22,11.974358366203417
1990-01-23,11.899982324619023
1990-01-24,11.862804912683451
1990-01-25,11.82560495692755
1990-01-26,11.726433365196153
1990-01-29,11.751228915343159
1990-01-30,11.701645771691615
1990-01-31,11.89511551164226
1990-02-01,11.92008610792358
1990-02-02,11.857675530505217
1990-02-05,11.820231571046941
1990-02-06,11.782777002732038
1990-02-07,11.795268931408089
1990-02-08,11.8327168691876
1990-02-09,11.970015365522517
1990-02-12,11.89511551164226
1990-02-13,11.932567427743006
1990-02-14,11.92008610792358
1990-02-15,11.857675530505217
1990-02-16,11.84519553679287
1990-02-20,11.65795850010947
1990-02-21,11.65795850010947
1990-02-22,11.782777002732038
1990-02-23,11.757814363093187
1990-02-26,11.8327168691876
1990-02-27,11.882640822358224
1990-02-28,11.856259248145767
1990-03-01,11.780901887323553
1990-03-02,11.831142780085852
1990-03-05,11.718110717173765
1990-03-06,11.780901887323553
1990-03-07,11.793461447460588
1990-03-08,11.818583219948817
1990-03-09,11.743235141876148
1990-03-12,11.768341001079438
1990-03-13,11.65531689480982
1990-03-14,11.768341001079438
1990-03-15,11.755772158192856
1990-03-16,11.843694383580418
1990-03-19,11.818583219948817
1990-03-20,11.931615282860903
1990-03-21,11.906505445336379
1990-03-22,11.893951189627655
1990-03-23,11.893951189627655
1990-03-26,11.91906765768757
1990-03-27,11.906505445336379
1990-03-28,11.906505445336379
1990-03-29,11.793461447460588
1990-03-30,11.813695189258803
1990-04-02,11.813695189258803
1990-04-03,11.82634625078423
1990-04-04,11.914891746498517
1990-04-05,11.914891746498517
1990-04-06,11.914891746498517
1990-04-09,11.876949170778861
1990-04-10,11.864292804825121
1990-04-11,11.851655004370475
1990-04-12,11.813695189258803
1990-04-16,11.775752613539147
1990-04-17,11.674573295691449
1990-04-18,11.560745568532479
1990-04-19,11.548074615400878
1990-04-20,11.49748495647703
1990-04-23,11.446896623660258
1990-04-24,11.434250866563143
1990-04-25,11.446896623660258
1990-04-26,11.383650598782669
1990-04-27,11.371006167792633
1990-04-30,11.49204659134959
1990-05-01,11.47931198507824
1990-05-02,11.466553508879484
1990-05-03,11.517526412748914
1990-05-04,11.683157186808229
1990-05-07,11.64493878081632
1990-05-08,11.683157186808229
1990-05-09,11.60669915711116
1990-05-10,11.683157186808229
1990-05-11,11.836030810775865
1990-05-14,11.925228751172595
1990-05-15,11.874250542874853
1990-05-16,11.848783982546308
1990-05-17,11.861502675532721
1990-05-18,11.772331257277553
1990-05-21,11.78506851576306
1990-05-22,11.874250542874853
1990-05-23,11.912484862151699
1990-05-24,11.899743625344959
1990-05-25,11.810554967697774
1990-05-29,11.848783982546308
1990-05-30,11.887001062431139
1990-05-31,12.00888489008979
1990-06-01,12.150019814201759
1990-06-04,12.201332201483192
1990-06-05,12.1628459218615
1990-06-06,12.1628459218615
1990-06-07,12.175668051200006
1990-06-08,12.175668051200006
1990-06-11,12.1628459218615
1990-06-12,12.1628459218615
1990-06-13,12.239818481104885
1990-06-14,12.278318021797359
1990-06-15,12.18851272435884
1990-06-18,12.137172488828767
1990-06-19,12.124359642239806
1990-06-20,12.06020788622785
1990-06-21,12.09869549195662
1990-06-22,12.111521599616362
1990-06-25,12.021709671642455
1990-06-26,12.06020788622785
1990-06-27,12.09869549195662
1990-06-28,12.150019814201759
1990-06-29,12.284354461217038
1990-07-02,12.284354461217038
1990-07-03,12.297282679121796
1990-07-05,12.27144215659722
1990-07-06,12.155194284020649
1990-07-09,12.116429521912547
1990-07-10,12.090585021066735
1990-07-11,12.116429521912547
1990-07-12,12.168103936426313
1990-07-13,12.219753154905593
1990-07-16,12.219753154905593
1990-07-17,12.219753154905593
1990-07-18,12.129356413710227
1990-07-19,12.116429521912547
1990-07-20,12.142271370544204
1990-07-23,12.142271370544204
1990-07-24,12.090585021066735
1990-07-25,12.129356413710227
1990-07-26,12.142271370544204
1990-07-27,12.206843502499929
1990-07-30,12.323107288361436
1990-07-31,12.369930803183378
1990-08-01,12.447974856945898
1990-08-02,12.304897185964458
1990-08-03,12.213842695658338
1990-08-06,11.927676744838836
1990-08-07,11.888664000707124
1990-08-08,11.875646933628131
1990-08-09,11.966700097827175
1990-08-10,11.940696464131985
1990-08-13,11.914676917151859
1990-08-14,11.927676744838836
1990-08-15,11.966700097827175
1990-08-16,11.823623752952814
1990-08-17,11.797618793150548
1990-08-20,11.810610664195057
1990-08-21,11.797618793150548
1990-08-22,11.706565628951504
1990-08-23,11.615513790859538
1990-08-24,11.576478502907497
1990-08-27,11.719572087173871
1990-08-28,11.680550060292612
1990-08-29,11.784601726071555
1990-08-30,11.758598092376365
1990-08-31,11.845066904406291
1990-09-04,11.805754460074919
1990-09-05,11.845066904406291
1990-09-06,11.871281389126903
1990-09-07,11.910588529029962
1990-09-10,11.85817812508783
1990-09-11,11.884387305380132
1990-09-12,11.884387305380132
1990-09-13,11.871281389126903
1990-09-14,11.818868332970615
1990-09-17,11.779554562532166
1990-09-18,11.792660478785393
1990-09-19,11.818868332970615
1990-09-20,11.792660478785393
1990-09-21,11.700933652190656
1990-09-24,11.648531204890993
1990-09-25,11.68783304036574
1990-09-26,11.700933652190656
1990-09-27,11.805754460074919
1990-09-28,11.98259216505157
1990-10-01,12.114568993681921
1990-10-02,12.114568993681921
1990-10-03,12.101355662755363
1990-10-04,12.154147985536
1990-10-05,12.180553429675863
1990-10-08,12.140953220108536
1990-10-09,11.956210590839111
1990-10-10,11.890214219881466
1990-10-11,11.837423223207908
1990-10-12,11.929810451127558
1990-10-15,11.98259216505157
1990-10-16,11.98259216505157
1990-10-17,12.022184417976428
1990-10-18,12.101355662755363
1990-10-19,12.206944286637867
1990-10-22,12.193744216782092
1990-10-23,12.167353359820087
1990-10-24,12.154147985536
1990-10-25,12.206944286637867
1990-10-26,12.180553429675863
1990-10-29,12.101355662755363
1990-10-30,12.101355662755363
1990-10-31,12.24226382255697
1990-11-01,12.348604349152778
1990-11-02,12.348604349152778
1990-11-05,12.42836173326025
1990-11-06,12.42836173326025
1990-11-07,12.348604349152778
1990-11-08,12.308736265955666
1990-11-09,12.441646673969027
1990-11-12,12.53469430321359
1990-11-13,12.56127346738069
1990-11-14,12.58786721872565
1990-11-15,12.56127346738069
1990-11-16,12.641024220952772
1990-11-19,12.574566364731934
1990-11-20,12.641024220952772
1990-11-21,12.694217028071003
1990-11-23,12.667620624511889
1990-11-26,12.707505947101016
1990-11-27,12.680925456826836
1990-11-28,12.654327727160643
1990-11-29,12.627751215207699
1990-11-30,12.807074044848777
1990-12-03,12.860597052629466
1990-12-04,12.860597052629466
1990-12-05,12.914131995373857
1990-12-06,12.887361871787505
1990-12-07,13.101476446730587
1990-12-10,13.155025976652839
1990-12-11,13.195155302944343
1990-12-12,13.235308499163253
1990-12-13,13.14162168630703
1990-12-14,13.061323250511677
1990-12-17,13.0881132657042
1990-12-18,13.11487012821977
1990-12-19,13.074714279786704
1990-12-20,13.021205859183874
1990-12-21,12.940895488424818
1990-12-24,12.860597052629466
1990-12-26,12.927508437471026
1990-12-27,12.994429105062132
1990-12-28,12.914131995373857
1990-12-31,13.071796844214802
1991-01-02,13.220037050051427
1991-01-03,13.273943302777697
1991-01-04,13.179623936845202
1991-01-07,12.990945421767867
1991-01-08,12.923557964485255
1991-01-09,12.829227989696134
1991-01-10,12.937033864613284
1991-01-11,12.937033864613284
1991-01-14,12.89661279476459
1991-01-15,12.883147503493186
1991-01-16,12.883147503493186
1991-01-17,13.125708401369385
1991-01-18,13.206566454351712
1991-01-21,13.125708401369385
1991-01-22,13.09875527500625
1991-01-23,13.139184301497414
1991-01-24,13.166121514575611
1991-01-25,13.085284679306534
1991-01-28,13.112235153455513
1991-01-29,13.139184301497414
1991-01-30,13.09875527500625
1991-01-31,13.214069568199811
1991-02-01,13.376861147004833
1991-02-04,13.417566003768249
1991-02-05,13.458266882210431
1991-02-06,13.471839588155163
1991-02-07,13.417566003768249
1991-02-08,13.51253648827611
1991-02-11,13.48539505470788
1991-02-12,13.498970412866768
1991-02-13,13.498970412866768
1991-02-14,13.458266882210431
1991-02-15,13.48539505470788
1991-02-19,13.458266882210431
1991-02-20,13.404001254465985
1991-02-21,13.376861147004833
1991-02-22,13.336173529633433
1991-02-25,13.363313637094585
1991-02-26,13.254759837785366
1991-02-27,13.241189784054791
1991-02-28,13.280792645836275
1991-03-01,13.171600989022473
1991-03-04,13.15794341222474
1991-03-05,13.185243978642346
1991-03-06,13.171600989022473
1991-03-07,13.226174273609045
1991-03-08,13.14429113985532
1991-03-11,13.212531283989172
1991-03-12,13.185243978642346
1991-03-13,13.253482796669122
1991-03-14,13.267139047359777
1991-03-15,13.14429113985532
1991-03-18,13.103342279389526
1991-03-19,13.007800242730987
1991-03-20,13.06238148396003
1991-03-21,13.103342279389526
1991-03-22,13.116994551758946
1991-03-25,13.130646824128368
1991-03-26,13.14429113985532
1991-03-27,13.198901555440079
1991-03-28,13.318463369604913
1991-04-01,13.304718269740023
1991-04-02,13.345954895441771
1991-04-03,13.332223056647663
1991-04-04,13.400937947115489
1991-04-05,13.400937947115489
1991-04-08,13.428424168524035
1991-04-09,13.387195499464756
1991-04-10,13.27722939611732
1991-04-11,13.263497557323213
1991-04-12,13.414683046980379
1991-04-15,13.497158950598033
1991-04-16,13.4834165029473
1991-04-17,13.510888137177986
1991-04-18,13.428424168524035
1991-04-19,13.332223056647663
1991-04-22,13.249751131351244
1991-04-23,13.27722939611732
1991-04-24,13.359701321413741
1991-04-25,13.345954895441771
1991-04-26,13.373455704028178
1991-04-29,13.345954895441771
1991-04-30,13.489856078918733
1991-05-01,13.51751999867575
1991-05-02,13.572878338652579
1991-05-03,13.462188180840482
1991-05-06,13.448339644623497
1991-05-07,13.434505695584372
1991-05-08,13.434505695584372
1991-05-09,13.448339644623497
1991-05-10,13.309990871482697
1991-05-13,13.35150067524254
1991-05-14,13.26847576329454
1991-05-15,13.26847576329454
1991-05-16,13.26847576329454
1991-05-17,13.35150067524254
1991-05-20,13.337660095668024
1991-05-21,13.392994565717448
1991-05-22,13.365321363210885
1991-05-23,13.323812885558118
1991-05-24,13.323812885558118
1991-05-28,13.35150067524254
1991-05-29,13.35150067524254
1991-05-30,13.434505695584372
1991-05-31,13.470737593173231
1991-06-03,13.35928227157705
1991-06-04,13.3732117003258
1991-06-05,13.303557926046654
1991-06-06,13.275703046870385
1991-06-07,13.219994614624927
1991-06-10,13.206051924805394
1991-06-11,13.206051924805394
1991-06-12,13.13639549831209
1991-06-13,13.150330231489155
1991-06-14,13.219994614624927
1991-06-17,13.206051924805394
1991-06-18,13.164260986344985
1991-06-19,13.164260986344985
1991-06-20,13.206051924805394
1991-06-21,13.164260986344985
1991-06-24,13.164260986344985
1991-06-25,13.164260986344985
1991-06-26,13.164260986344985
1991-06-27,13.192107908878784
1991-06-28,13.366026852176454
1991-07-01,13.352011226467624
1991-07-02,13.337975709152621
1991-07-03,13.352011226467624
1991-07-05,13.267853819074892
1991-07-08,13.253834215044828
1991-07-09,13.225780419806838
1991-07-10,13.253834215044828
1991-07-11,13.323964061765025
1991-07-12,13.352011226467624
1991-07-15,13.352011226467624
1991-07-16,13.337975709152621
1991-07-17,13.295899657670413
1991-07-18,13.295899657670413
1991-07-19,13.323964061765025
1991-07-22,13.323964061765025
1991-07-23,13.295899657670413
1991-07-24,13.394081973521521
1991-07-25,13.450190890104576
1991-07-26,13.436155372789575
1991-07-29,13.436155372789575
1991-07-30,13.436155372789575
1991-07-31,13.571732582137068
1991-08-01,13.529372743740138
1991-08-02,13.727076743591274
1991-08-05,13.741203762294667
1991-08-06,13.825948635123014
1991-08-07,13.825948635123014
1991-08-08,13.755318846034358
1991-08-09,13.727076743591274
1991-08-12,13.755318846034358
1991-08-13,13.811822942526698
1991-08-14,13.938915718788273
1991-08-15,13.896554554284263
1991-08-16,13.910664333595642
1991-08-19,13.88242753558087
1991-08-20,13.896554554284263
1991-08-21,13.924791352299035
1991-08-22,13.96716975619506
1991-08-23,13.840065044969784
1991-08-26,13.811822942526698
1991-08-27,13.840065044969784
1991-08-28,13.953053346348291
1991-08-29,14.037771697035074
1991-08-30,14.044895544258827
1991-09-03,14.0591087599223
1991-09-04,14.016443916897398
1991-09-05,14.002228049019768
1991-09-06,14.087543147891713
1991-09-09,14.13015627274057
1991-09-10,14.10174575469856
1991-09-11,14.087543147891713
1991-09-12,14.187035657536022
1991-09-13,14.187035657536022
1991-09-16,14.215462088862967
1991-09-17,14.243909737903163
1991-09-18,14.215462088862967
1991-09-19,14.229677956740597
1991-09-20,14.25810571417462
1991-09-23,14.27233484312303
1991-09-24,14.25810571417462
1991-09-25,14.243909737903163
1991-09-26,14.25810571417462
1991-09-27,14.357615463210944
1991-09-30,14.459164764933442
1991-10-01,14.473456220914525
1991-10-02,14.459164764933442
1991-10-03,14.430554004722635
1991-10-04,14.502070959446566
1991-10-07,14.502070959446566
1991-10-08,14.473456220914525
1991-10-09,14.316149420984678
1991-10-10,14.230334379744274
1991-10-11,14.373366963085054
1991-10-14,14.359046332748253
1991-10-15,14.373366963085054
1991-10-16,14.38766372349445
1991-10-17,14.230334379744274
1991-10-18,14.287547943523418
1991-10-21,14.14452066461095
1991-10-22,14.115923165470925
1991-10-23,14.130225230308632
1991-10-24,14.187438794087775
1991-10-25,14.173132750928833
1991-10-28,14.201731576175936
1991-10-29,14.359046332748253
1991-10-30,14.38766372349445
1991-10-31,14.448098401366389
1991-11-01,14.419317899449581
1991-11-04,14.376149135734986
1991-11-05,14.28979569502086
1991-11-06,14.30418130460449
1991-11-07,14.433706161247368
1991-11-08,14.491252577903124
1991-11-11,14.491252577903124
1991-11-12,14.591996932629193
1991-11-13,14.462482684842941
1991-11-14,14.548826842807522
1991-11-15,14.520043688676557
1991-11-18,14.520043688676557
1991-11-19,14.433706161247368
1991-11-20,14.419317899449581
1991-11-21,14.347359351068631
1991-11-22,14.30418130460449
1991-11-25,14.28979569502086
1991-11-26,14.361762200044279
1991-11-27,14.318585479687215
1991-11-29,14.451803544542704
1991-12-02,14.480753788165513
1991-12-03,14.524205012687752
1991-12-04,14.611084917911898
1991-12-05,14.582132022074932
1991-12-06,14.669013253406158
1991-12-09,14.683494342699413
1991-12-10,14.683494342699413
1991-12-11,14.654537468541214
1991-12-12,14.712456521285926
1991-12-13,14.669013253406158
1991-12-16,14.683494342699413
1991-12-17,14.72694689332873
1991-12-18,14.712456521285926
1991-12-19,14.84278765103231
1991-12-20,14.987598543964873
1991-12-23,15.088960864589355
1991-12-24,15.074494362473958
1991-12-26,15.103444606096767
1991-12-27,15.088960864589355
1991-12-30,15.190315228571368
1991-12-31,15.357902010570934
1992-01-02,15.2558938757994
1992-01-03,15.226756651078572
1992-01-06,15.314173629669366
1992-01-07,15.387028626435136
1992-01-08,15.372466644610112
1992-01-09,15.357902010570934
1992-01-10,15.241325263438986
1992-01-13,15.16847557110153
1992-01-14,15.110179903946625
1992-01-15,15.081047983654111
1992-01-16,14.96446725820093
1992-01-17,15.00819431299542
1992-01-20,15.022758947034598
1992-01-21,15.06647804518662
1992-01-22,14.99360846124299
1992-01-23,14.89161889197055
1992-01-24,14.877047627395982
1992-01-27,14.89161889197055
1992-01-28,14.949899971947595
1992-01-29,14.833328529243959
1992-01-30,14.76046557583572
1992-01-31,14.8806917696467
1992-02-03,14.807384570367287
1992-02-04,14.895351883395506
1992-02-05,14.910022606000936
1992-02-06,14.895351883395506
1992-02-07,14.8806917696467
1992-02-10,14.851356954971232
1992-02-11,14.836710102293209
1992-02-12,14.836710102293209
1992-02-13,14.704779687410591
1992-02-14,14.719426540088614
1992-02-18,14.616797787204511
1992-02-19,14.690112943126396
1992-02-20,14.734085327730341
1992-02-21,14.6754461988422
1992-02-24,14.646120666916278
1992-02-25,14.6754461988422
1992-02-26,14.616797787204511
1992-02-27,14.616797787204511
1992-02-28,14.964804089398775
1992-03-02,14.815431388117423
1992-03-03,14.800502074631755
1992-03-04,14.815431388117423
1992-03-05,14.755708829746442
1992-03-06,14.800502074631755
1992-03-09,14.86023524185936
1992-03-10,14.815431388117423
1992-03-11,14.740771559618308
1992-03-12,14.636235864755845
1992-03-13,14.606350715642948
1992-03-16,14.591425380478517
1992-03-17,14.651149264956574
1992-03-18,14.68101982689161
1992-03-19,14.710883758291256
1992-03-20,14.591425380478517
1992-03-23,14.636235864755845
1992-03-24,14.755708829746442
1992-03-25,14.755708829746442
1992-03-26,14.68101982689161
1992-03-27,14.755708829746442
1992-03-30,14.740771559618308
1992-03-31,14.8008694062924
1992-04-01,14.891032752642014
1992-04-02,14.876000002804252
1992-04-03,14.936101827799579
1992-04-06,14.936101827799579
1992-04-07,14.921069077961818
1992-04-08,14.876000002804252
1992-04-09,14.981180185706691
1992-04-10,14.951145186493966
1992-04-13,15.011244359275135
1992-04-14,14.996211609437374
1992-04-15,14.981180185706691
1992-04-16,14.891032752642014
1992-04-20,14.740771559618308
1992-04-21,14.710714016585253
1992-04-22,14.710714016585253
1992-04-23,14.695674636212102
1992-04-24,14.72573615756639
1992-04-27,14.650606887161615
1992-04-28,14.710714016585253
1992-04-29,14.695674636212102
1992-04-30,14.79095277756209
1992-05-01,14.851455086895013
1992-05-04,14.821209236656864
1992-05-05,14.866585968656558
1992-05-06,14.91194811347839
1992-05-07,14.881706241561476
1992-05-08,15.032938144966378
1992-05-11,15.032938144966378
1992-05-12,15.093433823763911
1992-05-13,15.108564705525454
1992-05-14,15.078312224751915
1992-05-15,15.16905242768052
1992-05-18,15.138817186298995
1992-05-19,15.214429159680211
1992-05-20,15.153934806989756
1992-05-21,15.048071678942078
1992-05-22,15.123675695680825
1992-05-26,14.957318214942692
1992-05-27,14.987572021823311
1992-05-28,15.032938144966378
1992-05-29,15.191248807954375
1992-06-01,15.099906552412298
1992-06-02,15.145597571789509
1992-06-03,15.13034203596262
1992-06-04,15.13034203596262
1992-06-05,15.176030403125676
1992-06-08,15.176030403125676
1992-06-09,15.13034203596262
1992-06-10,15.099906552412298
1992-06-11,15.115136892204701
1992-06-12,15.160811998296975
1992-06-15,15.176030403125676
1992-06-16,15.206467212783076
1992-06-17,15.221686943718856
1992-06-18,15.252143644982429
1992-06-19,15.221686943718856
1992-06-22,15.206467212783076
1992-06-23,15.176030403125676
1992-06-24,15.221686943718856
1992-06-25,15.29779885946853
1992-06-26,15.282576476318594
1992-06-29,15.29779885946853
1992-06-30,15.362121683293566
1992-07-01,15.423383851982262
1992-07-02,15.622501481978691
1992-07-06,15.653129251055345
1992-07-07,15.668453744450296
1992-07-08,15.668453744450296
1992-07-09,15.668453744450296
1992-07-10,15.591868408473728
1992-07-13,15.5459174721092
1992-07-14,15.515281746390079
1992-07-15,15.607194227975757
1992-07-16,15.637804757660394
1992-07-17,15.5459174721092
1992-07-20,15.576555850042478
1992-07-21,15.561237987182917
1992-07-22,15.637804757660394
1992-07-23,15.790975429613532
1992-07-24,15.745019188820693
1992-07-27,15.806293292473093
1992-07-28,15.944144775459593
1992-07-29,15.974776522857479
1992-07-30,15.913499766990924
1992-07-31,15.96436260397287
1992-08-03,15.979774620434977
1992-08-04,16.041412077426788
1992-08-05,16.041412077426788
1992-08-06,16.010580087860102
1992-08-07,16.11844165927453
1992-08-10,16.180097681765435
1992-08-11,16.226311187331433
1992-08-12,16.226311187331433
1992-08-13,16.103041577776125
1992-08-14,16.133855001843717
1992-08-17,16.056816137246425
1992-08-18,16.133855001843717
1992-08-19,16.149282931590765
1992-08-20,16.180097681765435
1992-08-21,16.103041577776125
1992-08-24,15.96436260397287
1992-08-25,15.90271851644567
1992-08-26,15.948953239724917
1992-08-27,15.979774620434977
1992-08-28,15.979774620434977
1992-08-31,16.092944598483193
1992-09-01,16.15497325706305
1992-09-02,16.201486462828708
1992-09-03,16.201486462828708
1992-09-04,16.356507054155845
1992-09-08,16.48053254474569
1992-09-09,16.434036578372048
1992-09-10,16.449521530723455
1992-09-11,16.356507054155845
1992-09-14,16.387515415963925
1992-09-15,16.27899609543874
1992-09-16,16.263484620945768
1992-09-17,16.27899609543874
1992-09-18,16.27899609543874
1992-09-21,16.24796386370325
1992-09-22,16.092944598483193
1992-09-23,16.046439349360003
1992-09-24,16.139451173713457
1992-09-25,16.24796386370325
1992-09-28,16.263484620945768
1992-09-29,16.24796386370325
1992-09-30,16.311925986403036
1992-10-01,16.452262594053963
1992-10-02,16.405480188551447
1992-10-05,16.38989710427626
1992-10-06,16.26514225479344
1992-10-07,16.155997011727372
1992-10-08,16.202762177837876
1992-10-09,16.093581129880697
1992-10-12,16.109186757976214
1992-10-13,16.093581129880697
1992-10-14,16.124781777215105
1992-10-15,16.124781777215105
1992-10-16,16.093581129880697
1992-10-19,16.03121033567468
1992-10-20,15.890884336880376
1992-10-21,15.922057135966142
1992-10-22,15.953255131086394
1992-10-23,15.87527075214239
1992-10-26,15.87527075214239
1992-10-27,15.922057135966142
1992-10-28,15.890884336880376
1992-10-29,15.953255131086394
1992-10-30,16.00502104698855
1992-11-02,15.957976072284561
1992-11-03,15.989342483003737
1992-11-04,15.942277616693575
1992-11-05,15.957976072284561
1992-11-06,15.84810677475383
1992-11-09,15.84810677475383
1992-11-10,15.957976072284561
1992-11-11,15.989342483003737
1992-11-12,16.067788347210932
1992-11-13,16.067788347210932
1992-11-16,16.067788347210932
1992-11-17,16.067788347210932
1992-11-18,16.14624747248891
1992-11-19,16.099183932285825
1992-11-20,16.099183932285825
1992-11-23,16.05210713101196
1992-11-24,16.099183932285825
1992-11-25,16.083488128908996
1992-11-27,16.00502104698855
1992-11-30,16.08552768159517
1992-12-01,16.117107595553925
1992-12-02,16.117107595553925
1992-12-03,16.117107595553925
1992-12-04,16.227606793946773
1992-12-07,16.322320013681473
1992-12-08,16.338102014018382
1992-12-09,16.338102014018382
1992-12-10,16.369671319120513
1992-12-11,15.438321122110397
1992-12-14,15.39096849056428
1992-12-15,15.406758447543657
1992-12-16,15.438321122110397
1992-12-17,15.438321122110397
1992-12-18,15.454115057411009
1992-12-21,15.517261624257738
1992-12-22,15.596167647621048
1992-12-23,15.564595690304762
1992-12-24,15.548833581574025
1992-12-28,15.501458406207579
1992-12-29,15.548833581574025
1992-12-30,15.517261624257738
1992-12-31,16.56659689411678
1993-01-04,16.684677446675337
1993-01-05,16.684677446675337
1993-01-06,16.650924043215515
1993-01-07,16.46536453198596
1993-01-08,16.44848584109543
1993-01-11,16.44848584109543
1993-01-12,16.43161643295445
1993-01-13,16.48222598348447
1993-01-14,16.549704942155472
1993-01-15,16.650924043215515
1993-01-18,16.650924043215515
1993-01-19,16.718412284636063
1993-01-20,16.684677446675337
1993-01-21,16.718412284636063
1993-01-22,16.73528036666997
1993-01-25,16.8871169749025
1993-01-26,16.836498141622933
1993-01-27,16.836498141622933
1993-01-28,16.8871169749025
1993-01-29,17.039876553661415
1993-02-01,17.039876553661415
1993-02-02,16.9549964179111
1993-02-03,16.988950063539722
1993-02-04,17.073802351041397
1993-02-05,17.141703011763244
1993-02-08,17.10775864888417
1993-02-09,17.090792434926488
1993-02-10,16.988950063539722
1993-02-11,17.073802351041397
1993-02-12,17.090792434926488
1993-02-16,17.073802351041397
1993-02-17,17.158667899613853
1993-02-18,17.31140626065952
1993-02-19,17.31140626065952
1993-02-22,17.43022280264644
1993-02-23,17.582962489799183
1993-02-24,17.498106223976272
1993-02-25,17.44719166881828
1993-02-26,17.587475232186083
1993-03-01,17.724363961433856
1993-03-02,17.724363961433856
1993-03-03,17.827004649281662
1993-03-04,17.929653293771935
1993-03-05,17.844100821733004
1993-03-08,17.912522642536562
1993-03-09,17.861219538004676
1993-03-10,17.792801695522353
1993-03-11,17.792801695522353
1993-03-12,17.60459660067191
1993-03-15,17.501942651753325
1993-03-16,17.587475232186083
1993-03-17,17.62169675144449
1993-03-18,17.724363961433856
1993-03-19,17.707229331877247
1993-03-22,17.673023725903782
1993-03-23,17.758562936871932
1993-03-24,17.707229331877247
1993-03-25,17.63882077214447
1993-03-26,17.467743676315248
1993-03-29,17.536150909940947
1993-03-30,17.536150909940947
1993-03-31,17.622208628776647
1993-04-01,17.553355823172698
1993-04-02,17.4156860168559
1993-04-05,17.45012369156804
1993-04-06,17.57058725854601
1993-04-07,17.605001063330743
1993-04-08,17.794292239878178
1993-04-12,17.897548241410238
1993-04-13,17.9319845900153
1993-04-14,17.983608612460095
1993-04-15,18.035218047727035
1993-04-16,17.966391764264642
1993-04-19,18.000806895156455
1993-04-20,17.966391764264642
1993-04-21,17.983608612460095
1993-04-22,17.983608612460095
1993-04-23,17.897548241410238
1993-04-26,17.8459268711796
1993-04-27,17.725459325880397
1993-04-28,17.691022977275335
1993-04-29,17.759863847915586
1993-04-30,17.756417295619507
1993-05-03,17.912177854696246
1993-05-04,18.016023973878077
1993-05-05,17.99870368933053
1993-05-06,18.03334028010439
1993-05-07,17.946787923328543
1993-05-10,18.016023973878077
1993-05-11,18.016023973878077
1993-05-12,17.912177854696246
1993-05-13,17.77371901466796
1993-05-14,17.77371901466796
1993-05-17,17.739106293821507
1993-05-18,17.652564545902283
1993-05-19,17.721808553094288
1993-05-20,17.721808553094288
1993-05-21,17.635268131282142
1993-05-24,17.68720511499738
1993-05-25,17.669896765413533
1993-05-26,17.791011450966867
1993-05-27,17.825641411205336
1993-05-28,17.82390155871882
1993-06-01,18.01537550751687
1993-06-02,18.01537550751687
1993-06-03,18.05018316610381
1993-06-04,17.9457535598076
1993-06-07,17.99795709104554
1993-06-08,17.928345752192893
1993-06-09,18.01537550751687
1993-06-10,18.01537550751687
1993-06-11,18.172023232228884
1993-06-14,18.15462205514957
1993-06-15,18.15462205514957
1993-06-16,18.13721026921363
1993-06-17,18.1894244093082
1993-06-18,18.172023232228884
1993-06-21,18.241637223295687
1993-06-22,18.241637223295687
1993-06-23,18.259055639767016
1993-06-24,18.311287019253598
1993-06-25,18.398298209078483
1993-06-28,18.46793739617977
1993-06-29,18.46793739617977
1993-06-30,18.567664626776907
1993-07-01,18.55017327441628
1993-07-02,18.602664570890177
1993-07-06,18.53267794373442
1993-07-07,18.53267794373442
1993-07-08,18.567664626776907
1993-07-09,18.620167858214508
1993-07-12,18.655185041719793
1993-07-13,18.67269098125828
1993-07-14,18.795179513744564
1993-07-15,18.795179513744564
1993-07-16,18.81267219221227
1993-07-19,18.830194045035693
1993-07-20,18.795179513744564
1993-07-21,18.67269098125828
1993-07-22,18.58518780570741
1993-07-23,18.48016675565435
1993-07-26,18.515161395339305
1993-07-27,18.515161395339305
1993-07-28,18.567664626776907
1993-07-29,18.72518227773218
1993-07-30,18.827248761215152
1993-08-02,18.827248761215152
1993-08-03,18.88002384460377
1993-08-04,18.862422425355657
1993-08-05,18.88002384460377
1993-08-06,18.862422425355657
1993-08-09,18.985596555201337
1993-08-10,19.003190017806983
1993-08-11,19.056006210515022
1993-08-12,19.020803372018797
1993-08-13,19.056006210515022
1993-08-16,19.108761402297468
1993-08-17,19.073563868229556
1993-08-18,19.108761402297468
1993-08-19,19.14396026247246
1993-08-20,19.179135252720044
1993-08-23,19.179135252720044
1993-08-24,19.231936858250226
1993-08-25,19.30232529585066
1993-08-26,19.495875928333074
1993-08-27,19.443065040053344
1993-08-30,19.460682372586394
1993-08-31,19.579172692232092
1993-09-01,19.579172692232092
1993-09-02,19.66759088166688
1993-09-03,19.82678871029015
1993-09-07,19.950594067105023
1993-09-08,19.968281683313215
1993-09-09,19.738357259784582
1993-09-10,19.87986216777135
1993-09-13,19.93289318982605
1993-09-14,19.685295737267086
1993-09-15,19.61455455518387
1993-09-16,19.64991520042239
1993-09-17,19.596860308440284
1993-09-20,19.508416922971016
1993-09-21,19.366935884911655
1993-09-22,19.455366009310143
1993-09-23,19.490749198368995
1993-09-24,19.508416922971016
1993-09-27,19.702988657903592
1993-09-28,19.756052832635245
1993-09-29,19.61455455518387
1993-09-30,19.642971703761265
1993-10-01,19.749651713769076
1993-10-04,19.73187524838665
1993-10-05,19.71409480468299
1993-10-06,19.71409480468299
1993-10-07,19.73187524838665
1993-10-08,19.927405758736718
1993-10-11,19.927405758736718
1993-10-12,19.927405758736718
1993-10-13,19.909635923889685
1993-10-14,20.051856929698644
1993-10-15,20.15850511313658
1993-10-18,19.998542120729223
1993-10-19,20.016294716184245
1993-10-20,20.051856929698644
1993-10-21,19.85630122331409
1993-10-22,19.71409480468299
1993-10-25,19.642971703761265
1993-10-26,19.678544526132292
1993-10-27,19.642971703761265
1993-10-28,19.678544526132292
1993-10-29,19.764311827517883
1993-11-01,19.58560961598937
1993-11-02,19.46052058752286
1993-11-03,19.371167492597987
1993-11-04,19.263961018080156
1993-11-05,19.210355791660625
1993-11-08,19.28183296317221
1993-11-09,19.406918013317483
1993-11-10,19.299695625514715
1993-11-11,19.28183296317221
1993-11-12,19.406918013317483
1993-11-15,19.371167492597987
1993-11-16,19.371167492597987
1993-11-17,19.353316765219187
1993-11-18,19.28183296317221
1993-11-19,19.08526411097996
1993-11-22,19.013772352290513
1993-11-23,19.156731999741996
1993-11-24,19.138852098007476
1993-11-26,19.210355791660625
1993-11-29,19.299695625514715
1993-11-30,19.274575179133567
1993-12-01,19.328438996433334
1993-12-02,19.364368541608382
1993-12-03,19.382335966410057
1993-12-06,19.579911333874616
1993-12-07,19.597890693639997
1993-12-08,19.579911333874616
1993-12-09,19.615856792334597
1993-12-10,19.49012725414935
1993-12-13,19.40028615181972
1993-12-14,19.292490885759197
1993-12-15,19.274575179133567
1993-12-16,19.256579906083246
1993-12-17,19.292490885759197
1993-12-20,19.274575179133567
1993-12-21,19.256579906083246
1993-12-22,19.454191078438914
1993-12-23,19.49012725414935
1993-12-27,19.472141263848577
1993-12-28,19.472141263848577
1993-12-29,19.436199783709828
1993-12-30,19.256579906083246
1993-12-31,19.357318956381004
1994-01-03,19.22912153292334
1994-01-04,19.302373035705475
1994-01-05,19.22912153292334
1994-01-06,19.338982873811602
1994-01-07,19.595394960118945
1994-01-10,19.613701868332626
1994-01-11,19.595394960118945
1994-01-12,19.72359636189784
1994-01-13,19.540443735015103
1994-01-14,19.485509749303276
1994-01-17,19.467193558340046
1994-01-18,19.540443735015103
1994-01-19,19.5038020703391
1994-01-20,19.577054899228308
1994-01-21,19.558749317121706
1994-01-24,19.540443735015103
1994-01-25,19.467193558340046
1994-01-26,19.52213019626603
1994-01-27,19.613701868332626
1994-01-28,19.72359636189784
1994-01-31,19.789857954271113
1994-02-01,19.642589784922762
1994-02-02,19.679397212983535
1994-02-03,19.605758486934583
1994-02-04,19.458495622014546
1994-02-07,19.403259283888904
1994-02-08,19.3296179056258
1994-02-09,19.366455834149367
1994-02-10,19.348037532941124
1994-02-11,19.403259283888904
1994-02-14,19.366455834149367
1994-02-15,19.348037532941124
1994-02-16,19.3296179056258
1994-02-17,19.16394204392583
1994-02-18,19.01667122236332
1994-02-22,19.09030464398396
1994-02-23,18.97985848987424
1994-02-24,18.814178649853034
1994-02-25,18.795751065895242
1994-02-28,19.001135877942946
1994-03-01,18.797607615804633
1994-03-02,18.779104443743385
1994-03-03,18.705098386033793
1994-03-04,18.686599192293784
1994-03-07,18.760599945575063
1994-03-08,18.668081433054677
1994-03-09,18.686599192293784
1994-03-10,18.52007196984965
1994-03-11,18.575588116568778
1994-03-14,18.52007196984965
1994-03-15,18.575588116568778
1994-03-16,18.705098386033793
1994-03-17,18.705098386033793
1994-03-18,18.557088922828765
1994-03-21,18.501571450002558
1994-03-22,18.64959417427837
1994-03-23,18.631097632752514
1994-03-24,18.446071216568367
1994-03-25,18.372065158858774
1994-03-28,18.409058241910486
1994-03-29,18.242549584965445
1994-03-30,18.16854485336293
1994-03-31,18.275067056628444
1994-04-04,17.733177269075156
1994-04-05,17.938706626794378
1994-04-06,18.03214545762699
1994-04-07,18.10688087422956
1994-04-08,17.99476117298723
1994-04-11,18.050848871857035
1994-04-12,18.10688087422956
1994-04-13,18.013465913324353
1994-04-14,17.976085607005825
1994-04-15,17.976085607005825
1994-04-18,17.789213249768913
1994-04-19,17.82659222998036
1994-04-20,17.920007190885567
1994-04-21,18.10688087422956
1994-04-22,18.088203982141078
1994-04-25,18.219009858221433
1994-04-26,18.275067056628444
1994-04-28,18.013465913324353
1994-04-29,18.03976129057673
1994-05-02,18.03976129057673
1994-05-03,17.9833778698285
1994-05-04,17.9833778698285
1994-05-05,18.020957092208747
1994-05-06,17.70151778869171
1994-05-09,17.569990510360846
1994-05-10,17.7766947989513
1994-05-11,17.607563102205702
1994-05-12,17.66392265302653
1994-05-13,17.7766947989513
1994-05-16,17.81427004301031
1994-05-17,18.15252813207319
1994-05-18,18.114929018086773
1994-05-19,18.190103376132203
1994-05-20,18.077343165171133
1994-05-23,17.83305700198628
1994-05-24,17.88943909662743
1994-05-25,17.945805277983645
1994-05-26,17.964598867495003
1994-05-27,17.927015666793523
1994-05-31,17.95536783612409
1994-06-01,18.03097848339823
1994-06-02,18.106582500136977
1994-06-03,18.25779053361447
1994-06-06,18.352271684610503
1994-06-07,18.276658385122207
1994-06-08,18.25779053361447
1994-06-09,18.238872290037772
1994-06-10,18.182178560233258
1994-06-13,18.106582500136977
1994-06-14,18.201060998918848
1994-06-15,18.03097848339823
1994-06-16,18.087650995489494
1994-06-17,17.95536783612409
1994-06-20,17.95536783612409
1994-06-21,17.8797664715995
1994-06-22,18.03097848339823
1994-06-23,18.049859595976745
1994-06-24,17.860858836879423
1994-06-27,17.860858836879423
1994-06-28,17.860858836879423
1994-06-29,17.860858836879423
1994-06-30,17.80954379738383
1994-07-01,17.828552216241846
1994-07-05,17.84755665677863
1994-07-06,17.828552216241846
1994-07-07,17.84755665677863
1994-07-08,17.69550919752067
1994-07-11,17.638482614839546
1994-07-12,17.71450965973622
1994-07-13,17.733498186988065
1994-07-14,17.961608496033804
1994-07-15,17.961608496033804
1994-07-18,17.961608496033804
1994-07-19,18.094647536433744
1994-07-20,17.961608496033804
1994-07-21,17.942594772747476
1994-07-22,17.942594772747476
1994-07-25,17.98061691489182
1994-07-26,17.961608496033804
1994-07-27,17.885568190066348
1994-07-28,17.961608496033804
1994-07-29,18.334416978910465
1994-08-01,18.334416978910465
1994-08-02,18.31529981927204
1994-08-03,18.37263140658114
1994-08-04,18.31529981927204
1994-08-05,18.085864729255242
1994-08-08,18.104975258358277
1994-08-09,18.028511924232895
1994-08-10,18.028511924232895
1994-08-11,17.913808966402353
1994-08-12,18.00939741680863
1994-08-15,17.99026964831358
1994-08-16,18.162329389487702
1994-08-17,18.181461136303984
1994-08-18,17.99026964831358
1994-08-19,18.00939741680863
1994-08-22,17.913808966402353
1994-08-23,17.93293010436201
1994-08-24,18.06676746122299
1994-08-25,17.95204461178628
1994-08-26,18.028511924232895
1994-08-29,18.00939741680863
1994-08-30,18.085864729255242
1994-08-31,18.21280500320283
1994-09-01,18.21280500320283
1994-09-02,18.155100779804776
1994-09-06,18.039713550721917
1994-09-07,17.98202656671588
1994-09-08,18.001240532171007
1994-09-09,17.73198509881191
1994-09-12,17.73198509881191
1994-09-13,17.77046607400529
1994-09-14,17.808923179271265
1994-09-15,17.866615467705614
1994-09-16,17.635829074576193
1994-09-19,17.693524015224703
1994-09-20,17.655088127671977
1994-09-21,17.597385230381
1994-09-22,17.635829074576193
1994-09-23,17.61661245690691
1994-09-26,17.597385230381
1994-09-27,17.539682333090024
1994-09-28,17.57815269942678
1994-09-29,17.52043123663671
1994-09-30,17.66751375099412
1994-10-03,17.590118163592813
1994-10-04,17.551405119660757
1994-10-05,17.4546510211328
1994-10-06,17.4546510211328
1994-10-07,17.51270931512072
1994-10-10,17.51270931512072
1994-10-11,17.590118163592813
1994-10-12,17.551405119660757
1994-10-13,17.64816054429579
1994-10-14,17.686866957692455
1994-10-17,17.66751375099412
1994-10-18,17.6287927504196
1994-10-19,17.590118163592813
1994-10-20,17.415960521021077
1994-10-21,17.43529781443447
1994-10-24,17.357884987641143
1994-10-25,17.33853310704989
1994-10-26,17.31920642249312
1994-10-27,17.357884987641143
1994-10-28,17.49334019513745
1994-10-31,17.606301974374396
1994-11-01,17.43104101071365
1994-11-02,17.372608754529697
1994-11-03,17.392078658650906
1994-11-04,17.275218124604237
1994-11-07,17.275218124604237
1994-11-08,17.31418180277406
1994-11-09,17.411541932236723
1994-11-10,17.33365701132358
1994-11-11,17.31418180277406
1994-11-14,17.411541932236723
1994-11-15,17.48945204918435
1994-11-16,17.392078658650906
1994-11-17,17.33365701132358
1994-11-18,17.35313885040849
1994-11-21,17.33365701132358
1994-11-22,17.392078658650906
1994-11-23,17.664752796057442
1994-11-25,17.70368199544323
1994-11-28,17.606301974374396
1994-11-29,17.50893388826926
1994-11-30,17.71665927930988
1994-12-01,17.677483424007555
1994-12-02,17.85385566539978
1994-12-05,17.814661244598362
1994-12-06,17.99106663866754
1994-12-07,17.87345287580049
1994-12-08,17.932253789752163
1994-12-09,17.932253789752163
1994-12-12,17.834254476677838
1994-12-13,17.932253789752163
1994-12-14,17.912655253244377
1994-12-15,17.912655253244377
1994-12-16,17.932253789752163
1994-12-19,17.95185232625995
1994-12-20,17.932253789752163
1994-12-21,17.95185232625995
1994-12-22,17.912655253244377
1994-12-23,17.99106663866754
1994-12-27,18.108647248857636
1994-12-28,17.97143229726864
1994-12-29,17.932253789752163
1994-12-30,18.003855615329094
1995-01-03,17.92429847339042
1995-01-04,18.063541042701885
1995-01-05,17.964068424663747
1995-01-06,18.023755178143617
1995-01-09,17.983966661371195
1995-01-10,18.023755178143617
1995-01-11,18.043654740958143
1995-01-12,17.983966661371195
1995-01-13,18.143120728460886
1995-01-16,18.163024269596647
1995-01-17,18.18291454966162
1995-01-18,18.18291454966162
1995-01-19,18.103329559474307
1995-01-20,17.983966661371195
1995-01-23,17.964068424663747
1995-01-24,17.92429847339042
1995-01-25,18.043654740958143
1995-01-26,18.103329559474307
1995-01-27,18.282371254414823
1995-01-30,18.262507496491406
1995-01-31,18.476688376788395
1995-02-01,18.356556336579963
1995-02-02,18.376600445066003
1995-02-03,18.61679158959357
1995-02-06,18.596788590426954
1995-02-07,18.57677498240371
1995-02-08,18.57677498240371
1995-02-09,18.516719571156116
1995-02-10,18.456666812122684
1995-02-13,18.476688376788395
1995-02-14,18.57677498240371
1995-02-15,18.656838697246233
1995-02-16,18.656838697246233
1995-02-17,18.61679158959357
1995-02-21,18.57677498240371
1995-02-22,18.716899412922135
1995-02-23,18.69688050047058
1995-02-24,18.716899412922135
1995-02-27,18.81697275746667
1995-02-28,18.98203595769654
1995-03-01,18.961932174391983
1995-03-02,18.881402995965033
1995-03-03,18.760613206645843
1995-03-06,18.700238203592424
1995-03-07,18.61971167737963
1995-03-08,18.78074616430612
1995-03-09,18.841154320036498
1995-03-10,18.941780651232612
1995-03-13,18.98203595769654
1995-03-14,19.163220641675323
1995-03-15,19.163220641675323
1995-03-16,19.163220641675323
1995-03-17,19.102828399229885
1995-03-20,19.062582375515504
1995-03-21,18.98203595769654
1995-03-22,18.941780651232612
1995-03-23,18.9216437152511
1995-03-24,19.102828399229885
1995-03-27,19.18333105551527
1995-03-28,19.042444113426914
1995-03-29,19.102828399229885
1995-03-30,19.022307177445406
1995-03-31,19.119525413450706
1995-04-03,19.2410671054832
1995-04-04,19.2410671054832
1995-04-05,19.2410671054832
1995-04-06,19.281554480685802
1995-04-07,19.20055188203196
1995-04-10,19.20055188203196
1995-04-11,19.2410671054832
1995-04-12,19.281554480685802
1995-04-13,19.322076334672435
1995-04-17,19.261292890638945
1995-04-18,19.2410671054832
1995-04-19,19.261292890638945
1995-04-20,19.322076334672435
1995-04-21,19.342328641969743
1995-04-24,19.382821321600655
1995-04-25,19.382821321600655
1995-04-26,19.382821321600655
1995-04-27,19.342328641969743
1995-04-28,19.436045955288765
1995-05-01,19.415631862927924
1995-05-02,19.476770703658353
1995-05-03,19.619389541590756
1995-05-04,19.802727823464433
1995-05-05,20.04724075095965
1995-05-08,20.067596494609052
1995-05-09,20.23059759833242
1995-05-10,20.14908842677473
1995-05-11,20.10835174344144
1995-05-12,20.10835174344144
1995-05-15,20.23059759833242
1995-05-16,20.37318460969495
1995-05-17,20.37318460969495
1995-05-18,20.27132765113032
1995-05-19,20.291691351422195
1995-05-22,20.27132765113032
1995-05-23,20.35282488772431
1995-05-24,20.597309966970887
1995-05-25,20.658435546630535
1995-05-26,20.597309966970887
1995-05-30,20.780668140450736
1995-05-31,20.89952313954292
1995-06-01,21.022458570114537
1995-06-02,21.2273487442221
1995-06-05,21.247823837508534
1995-06-06,21.26831882240114
1995-06-07,21.145399305114463
1995-06-08,21.06342864829358
1995-06-09,20.735581825901154
1995-06-12,20.79704423675865
1995-06-13,21.16587307229382
1995-06-14,21.124906972436012
1995-06-15,21.042932337293895
1995-06-16,21.022458570114537
1995-06-19,21.16587307229382
1995-06-20,21.10442790082834
1995-06-21,21.18635347000857
1995-06-22,21.350296109757416
1995-06-23,21.288815133400828
1995-06-26,21.206857737650726
1995-06-27,21.16587307229382
1995-06-28,21.247823837508534
1995-06-29,20.98144738261607
1995-06-30,21.135987923180927
1995-07-03,21.135987923180927
1995-07-05,21.197779208593797
1995-07-06,21.42440029939079
1995-07-07,21.42440029939079
1995-07-10,21.44495761131607
1995-07-11,21.321389627668186
1995-07-12,21.362559948016028
1995-07-13,21.362559948016028
1995-07-14,21.28018615464339
1995-07-17,21.094781797941973
1995-07-18,20.971167400546353
1995-07-19,20.662152624770552
1995-07-20,20.662152624770552
1995-07-21,20.47674694196206
1995-07-24,20.641568790703708
1995-07-25,20.74457548410508
1995-07-26,20.641568790703708
1995-07-27,20.76516727481439
1995-07-28,20.641568790703708
1995-07-31,20.84252838343167
1995-08-01,20.71819656210678
1995-08-02,20.84252838343167
1995-08-03,20.676784890270717
1995-08-04,20.738905050238966
1995-08-07,20.78037374467939
1995-08-08,20.8010928416682
1995-08-09,20.697480117332123
1995-08-10,20.614614338233498
1995-08-11,20.49030638683601
1995-08-14,20.469600550917978
1995-08-15,20.593913806743778
1995-08-16,20.65607374992437
1995-08-17,20.635337413543542
1995-08-18,20.65607374992437
1995-08-21,20.697480117332123
1995-08-22,20.65607374992437
1995-08-23,20.593913806743778
1995-08-24,20.759667908761358
1995-08-25,21.049696809499473
1995-08-28,21.02898301693897
1995-08-29,21.02898301693897
1995-08-30,21.070429167559066
1995-08-31,21.27252788626715
1995-09-01,21.397555913808063
1995-09-05,21.501717646474493
1995-09-06,21.501717646474493
1995-09-07,21.418389056005594
1995-09-08,21.418389056005594
1995-09-11,21.397555913808063
1995-09-12,21.564218399174166
1995-09-13,21.480880525955726
1995-09-14,21.626715173552608
1995-09-15,21.585038280300918
1995-09-18,21.480880525955726
1995-09-19,21.52254548424371
1995-09-20,21.60588733578339
1995-09-21,21.418389056005594
1995-09-22,21.33503129118098
1995-09-25,21.355863107271436
1995-09-26,21.33503129118098
1995-09-27,21.314179583484353
1995-09-28,21.314179583484353
1995-09-29,21.659826741186613
1995-10-02,21.70171978989204
1995-10-03,21.76457196096742
1995-10-04,21.84835408005704
1995-10-05,21.869309224105763
1995-10-06,21.890269672582797
1995-10-09,21.91121553388197
1995-10-10,21.890269672582797
1995-10-11,21.890269672582797
1995-10-12,21.97404781335118
1995-10-13,22.2254326277253
1995-10-16,22.162573826114528
1995-10-17,22.20447880978366
1995-10-18,22.162573826114528
1995-10-19,22.20447880978366
1995-10-20,22.078793033131987
1995-10-23,22.03689998442656
1995-10-24,22.18351040466416
1995-10-25,22.18351040466416
1995-10-26,22.05784319351158
1995-10-27,22.099745524966554
1995-10-30,22.12068342962326
1995-10-31,22.303914296823606
1995-11-01,22.388145966212715
1995-11-02,22.47240150552923
1995-11-03,22.430284344727596
1995-11-06,22.409215155470157
1995-11-07,22.34603676205355
1995-11-08,22.49347069478667
1995-11-09,22.388145966212715
1995-11-10,22.28285571642279
1995-11-13,22.409215155470157
1995-11-14,22.36710064688268
1995-11-15,22.303914296823606
1995-11-16,22.409215155470157
1995-11-17,22.45134027291426
1995-11-20,22.388145966212715
1995-11-21,22.34603676205355
1995-11-22,22.34603676205355
1995-11-24,22.409215155470157
1995-11-27,22.49347069478667
1995-11-28,22.47240150552923
1995-11-29,22.51454518847242
1995-11-30,22.82149123720633
1995-12-01,22.906160521931223
1995-12-04,23.13904879477949
1995-12-05,23.075525613522572
1995-12-06,23.075525613522572
1995-12-07,22.990851024369366
1995-12-08,23.01203160662137
1995-12-11,23.05436359676966
1995-12-12,23.033198927802594
1995-12-13,22.990851024369366
1995-12-14,22.9696863554023
1995-12-15,22.948503120936138
1995-12-18,22.694476701262367
1995-12-19,22.88500911403494
1995-12-20,22.88500911403494
1995-12-21,22.88500911403494
1995-12-22,23.01203160662137
1995-12-26,23.05436359676966
1995-12-27,23.13904879477949
1995-12-28,23.202548106109003
1995-12-29,23.44373780926641
1996-01-02,23.40026006260261
1996-01-03,23.44373780926641
1996-01-04,23.26991169346421
1996-01-05,23.204749443858713
1996-01-08,23.22645516451366
1996-01-09,23.161277001623223
1996-01-10,22.92229394064384
1996-01-11,22.92229394064384
1996-01-12,22.96574251295192
1996-01-15,22.96574251295192
1996-01-16,23.13954210661256
1996-01-17,23.31338148348554
1996-01-18,23.37854903751935
1996-01-19,23.421989653184962
1996-01-22,23.22645516451366
1996-01-23,23.117817820458516
1996-01-24,23.26991169346421
1996-01-25,23.052644961996396
1996-01-26,23.22645516451366
1996-01-29,23.117817820458516
1996-01-30,23.248184755096013
1996-01-31,23.431638408285487
1996-02-01,23.3005978112523
1996-02-02,23.147742752783756
1996-02-05,23.12588055149359
1996-02-06,23.1695943452173
1996-02-07,23.147742752783756
1996-02-08,23.12588055149359
1996-02-09,23.147742752783756
1996-02-12,23.278762132103694
1996-02-13,23.3005978112523
1996-02-14,23.19141145886681
1996-02-15,23.01669685132226
1996-02-16,22.8201890000556
1996-02-20,22.405276617448088
1996-02-21,22.42710168774007
1996-02-22,22.514452360976954
1996-02-23,22.33975366671734
1996-02-26,22.252424211193702
1996-02-27,22.186872086107233
1996-02-28,22.165056298564803
1996-02-29,22.276989018709113
1996-03-01,22.51839885564149
1996-03-04,22.628150129642265
1996-03-05,22.51839885564149
1996-03-06,22.364785263924254
1996-03-07,22.32088846742376
1996-03-08,21.662440498237622
1996-03-11,21.903872878990324
1996-03-12,21.816063372704402
1996-03-13,21.7282830407742
1996-03-14,21.750240721773995
1996-03-15,21.57463762248709
1996-03-18,21.662440498237622
1996-03-19,21.662440498237622
1996-03-20,21.794126909417862
1996-03-21,21.881920502418843
1996-03-22,21.794126909417862
1996-03-25,21.969695529920735
1996-03-26,21.94775110999172
1996-03-27,21.706337294738113
1996-03-28,21.55270115920055
1996-03-29,21.83781948542832
1996-04-01,21.882035873734644
1996-04-02,21.99255363762658
1996-04-03,21.948346532069806
1996-04-04,21.85993629927749
1996-04-08,21.30735013203195
1996-04-09,21.439980731451822
1996-04-10,21.285251883681873
1996-04-11,21.17473544589701
1996-04-12,21.50628210703744
1996-04-15,21.57260204812215
1996-04-16,21.59469631815099
1996-04-17,21.46208428423021
1996-04-18,21.39577097368089
1996-04-19,21.50628210703744
1996-04-22,21.59469631815099
1996-04-23,21.550509104200387
1996-04-24,21.484179880366128
1996-04-25,21.484179880366128
1996-04-26,21.550509104200387
1996-04-29,21.46208428423021
1996-04-30,21.448740994809995
1996-05-01,21.448740994809995
1996-05-02,21.11534176208141
1996-05-03,20.959741661961125
1996-05-06,21.048669076513914
1996-05-07,21.026460761276354
1996-05-08,21.204247958920952
1996-05-09,21.11534176208141
1996-05-10,21.337619852197502
1996-05-13,21.38206300481419
1996-05-14,21.51542163701996
1996-05-15,21.53764453943538
1996-05-16,21.404292537765
1996-05-17,21.53764453943538
1996-05-20,21.582100953122843
1996-05-21,21.53764453943538
1996-05-22,21.626540127418295
1996-05-23,21.51542163701996
1996-05-24,21.604325181645343
1996-05-28,21.55988202902866
1996-05-29,21.38206300481419
1996-05-30,21.404292537765
1996-05-31,21.35065415866851
1996-06-03,21.3059338496725
1996-06-04,21.35065415866851
1996-06-05,21.417694175896653
1996-06-06,21.59655419416746
1996-06-07,21.194149653520938
1996-06-10,21.127055265902595
1996-06-11,21.059996683175363
1996-06-12,20.94821381313088
1996-06-13,21.01528300471474
1996-06-14,21.127055265902595
1996-06-17,21.238859353660327
1996-06-18,21.194149653520938
1996-06-19,21.127055265902595
1996-06-20,21.149435975060314
1996-06-21,21.171778227112767
1996-06-24,21.194149653520938
1996-06-25,21.28355314051478
1996-06-26,21.3059338496725
1996-06-27,21.44006029787651
1996-06-28,21.808789675380822
1996-07-01,21.78631083429932
1996-07-02,21.69638751333085
1996-07-03,21.763817406039962
1996-07-05,21.156765368881178
1996-07-08,21.156765368881178
1996-07-09,21.24668868984965
1996-07-10,21.359129309004885
1996-07-11,21.42658439774848
1996-07-12,21.538979929263064
1996-07-15,21.42658439774848
1996-07-16,21.538979929263064
1996-07-17,21.538979929263064
1996-07-18,21.763817406039962
1996-07-19,21.673891432857335
1996-07-22,21.561486618593204
1996-07-23,21.651417896204144
1996-07-24,21.51649445764617
1996-07-25,21.538979929263064
1996-07-26,21.583966785781783
1996-07-29,21.42658439774848
1996-07-30,21.51649445764617
1996-07-31,21.799187334028034
1996-08-01,22.09314283782451
1996-08-02,22.319270616788433
1996-08-05,22.296655186677885
1996-08-06,22.27404506099565
1996-08-07,22.27404506099565
1996-08-08,22.228818179095786
1996-08-09,22.228818179095786
1996-08-12,22.364514738080313
1996-08-13,22.160970562657063
1996-08-14,22.160970562657063
1996-08-15,22.09314283782451
1996-08-16,22.160970562657063
1996-08-19,22.138389611330545
1996-08-20,22.138389611330545
1996-08-21,22.047922586460036
1996-08-22,22.025308482456566
1996-08-23,21.844411563713738
1996-08-26,21.663481492293958
1996-08-27,21.731313195447743
1996-08-28,21.686103552939898
1996-08-29,21.57304231567209
1996-08-30,21.516186800804043
1996-09-03,21.629901808861373
1996-09-04,21.584401748903414
1996-09-05,21.425191985316438
1996-09-06,21.516186800804043
1996-09-09,21.60716172468548
1996-09-10,21.516186800804043
1996-09-11,21.516186800804043
1996-09-12,21.629901808861373
1996-09-13,21.88007456136608
1996-09-16,21.92557727353819
1996-09-17,21.766362205522906
1996-09-18,21.743630077989483
1996-09-19,21.675400542712254
1996-09-20,21.698120735281975
1996-09-23,21.743630077989483
1996-09-24,21.83460898019215
1996-09-25,21.971060094104136
1996-09-26,22.107524469086904
1996-09-27,22.06204960516343
1996-09-30,22.11694645987707
1996-10-01,22.277039410778084
1996-10-02,22.368519581456287
1996-10-03,22.345649538786734
1996-10-04,22.620108616320444
1996-10-07,22.505761055186845
1996-10-08,22.482875099232356
1996-10-09,22.391408189624933
1996-10-10,22.254166715894375
1996-10-11,22.368519581456287
1996-10-14,22.368519581456287
1996-10-15,22.368519581456287
1996-10-16,22.322800713830436
1996-10-17,22.482875099232356
1996-10-18,22.505761055186845
1996-10-21,22.46000770877696
1996-10-22,22.368519581456287
1996-10-23,22.41425701458123
1996-10-24,22.368519581456287
1996-10-25,22.46000770877696
1996-10-28,22.41425701458123
1996-10-29,22.757355394479312
1996-10-30,22.757355394479312
1996-10-31,22.97580766567498
1996-11-01,22.9298235766335
1996-11-04,22.97580766567498
1996-11-05,23.136834195959004
1996-11-06,23.090818280347648
1996-11-07,23.22882624396937
1996-11-08,23.18282093721464
1996-11-11,23.18282093721464
1996-11-12,23.343815640928785
1996-11-13,23.320836857478827
1996-11-14,23.43581564558162
1996-11-15,23.366807685449526
1996-11-18,23.343815640928785
1996-11-19,23.41280238334763
1996-11-20,23.481818300122193
1996-11-21,23.481818300122193
1996-11-22,23.41280238334763
1996-11-25,23.45881299453067
1996-11-26,23.43581564558162
1996-11-27,23.41280238334763
1996-11-29,23.722631388869406
1996-12-02,23.722631388869406
1996-12-03,23.74577726181121
1996-12-04,23.60704259151067
1996-12-05,23.375811952510077
1996-12-06,23.30645655232351
1996-12-09,23.422053306324713
1996-12-10,23.39894191216694
1996-12-11,23.098337307480683
1996-12-12,23.028984559508274
1996-12-13,23.190822667324117
1996-12-16,23.052109214736827
1996-12-17,22.98274055347948
1996-12-18,22.9133798488646
1996-12-19,23.14459457458026
1996-12-20,23.167724534237127
1996-12-23,23.190822667324117
1996-12-24,23.167724534237127
1996-12-26,23.167724534237127
1996-12-27,23.30645655232351
1996-12-30,23.28333454930911
1996-12-31,23.15545008712189
1997-01-02,22.89972094595979
1997-01-03,22.92298351632447
1997-01-06,22.876474288880047
1997-01-07,22.806726360998354
1997-01-08,22.736973128688348
1997-01-09,22.89972094595979
1997-01-10,22.66723315744912
1997-01-13,22.690477162314707
1997-01-14,22.876474288880047
1997-01-15,22.85322497958615
1997-01-16,22.760238351267184
1997-01-17,22.760238351267184
1997-01-20,22.760238351267184
1997-01-21,22.89972094595979
1997-01-22,22.78346644284783
1997-01-23,22.760238351267184
1997-01-24,22.64399976144016
1997-01-27,22.52775851939898
1997-01-28,22.597506447280676
1997-01-29,22.620745147717948
1997-01-30,22.66723315744912
1997-01-31,23.00625243197485
1997-02-03,23.123175293054192
1997-02-04,23.169923219772677
1997-02-05,23.123175293054192
1997-02-06,23.099782764195854
1997-02-07,23.1933104442027
1997-02-10,23.216687059776103
1997-02-11,23.1933104442027
1997-02-12,23.1933104442027
1997-02-13,23.38034458650315
1997-02-14,23.473864309867526
1997-02-18,23.473864309867526
1997-02-19,23.403734463147327
1997-02-20,23.28681425428214
1997-02-21,23.28681425428214
1997-02-24,23.216687059776103
1997-02-25,23.216687059776103
1997-02-26,22.88936404967954
1997-02-27,22.842586948605334
1997-02-28,22.98123940026703
1997-03-03,22.934239513203696
1997-03-04,22.86373039985915
1997-03-05,22.887252887211147
1997-03-06,22.793237199799545
1997-03-07,22.934239513203696
1997-03-10,22.934239513203696
1997-03-11,22.887252887211147
1997-03-12,22.840250347933658
1997-03-13,22.60526947811609
1997-03-14,22.65227732182189
1997-03-17,22.628754834469895
1997-03-18,22.628754834469895
1997-03-19,22.58175229519241
1997-03-20,22.60526947811609
1997-03-21,22.628754834469895
1997-03-24,22.69924273010119
1997-03-25,22.65227732182189
1997-03-26,22.558264286624446
1997-03-27,22.34678468644562
1997-03-31,22.455520162424545
1997-04-01,22.502787923117662
1997-04-02,22.526421803464217
1997-04-03,22.526421803464217
1997-04-04,22.384610564742403
1997-04-07,22.526421803464217
1997-04-08,22.479167303841884
1997-04-09,22.455520162424545
1997-04-10,22.455520162424545
1997-04-11,22.31369301041779
1997-04-14,22.31369301041779
1997-04-15,22.526421803464217
1997-04-16,22.479167303841884
1997-04-17,22.550071597095716
1997-04-18,22.59732609671805
1997-04-21,22.502787923117662
1997-04-22,22.62097058592123
1997-04-23,22.526421803464217
1997-04-24,22.431878325435516
1997-04-25,22.408247097303114
1997-04-28,22.455520162424545
1997-04-29,22.762800390142143
1997-04-30,22.983846526782646
1997-05-01,23.031398074390484
1997-05-02,23.102678982054506
1997-05-05,23.102678982054506
1997-05-06,23.102678982054506
1997-05-07,22.960093296799055
1997-05-08,23.05515660880239
1997-05-09,23.126440168680563
1997-05-12,23.15023052966234
1997-05-13,23.05515660880239
1997-05-14,23.102678982054506
1997-05-15,23.15023052966234
1997-05-16,23.078917795428445
1997-05-19,23.05515660880239
1997-05-20,23.05515660880239
1997-05-21,22.960093296799055
1997-05-22,22.888769953708536
1997-05-23,22.912549705833687
1997-05-27,22.817494350472828
1997-05-28,22.841226362743168
1997-05-29,22.93632150131637
1997-05-30,23.211202280900928
1997-06-02,23.23510933930558
1997-06-03,23.306849080018637
1997-06-04,23.282926108329047
1997-06-05,23.282926108329047
1997-06-06,23.521970170234024
1997-06-09,23.402437530424912
1997-06-10,23.378554341947662
1997-06-11,23.402437530424912
1997-06-12,23.54587722863868
1997-06-13,23.64148159232989
1997-06-16,23.6892957091392
1997-06-17,23.64148159232989
1997-06-18,23.6892957091392
1997-06-19,23.71320276754385
1997-06-20,23.784918638329504
1997-06-23,23.71320276754385
1997-06-24,23.6892957091392
1997-06-25,23.617590447210173
1997-06-26,23.49807106847184
1997-06-27,23.59370460651877
1997-06-30,23.624929123780582
1997-07-01,23.745077077273955
1997-07-02,23.817198736825514
1997-07-03,24.033500062340444
1997-07-07,24.129624260006285
1997-07-08,24.105597851964596
1997-07-09,24.17770359823122
1997-07-10,24.153663929118753
1997-07-11,24.225774979813686
1997-07-14,24.17770359823122
1997-07-15,24.17770359823122
1997-07-16,24.321909786336153
1997-07-17,24.321909786336153
1997-07-18,24.225774979813686
1997-07-21,24.17770359823122
1997-07-22,24.44210282747018
1997-07-23,24.466115974441085
1997-07-24,24.44210282747018
1997-07-25,24.39399166267537
1997-07-28,24.466115974441085
1997-07-29,24.56223751989277
1997-07-30,24.682414647741858
1997-07-31,24.885356770551635
1997-08-01,24.4746189730261
1997-08-04,24.450462606490756
1997-08-05,24.426274413385535
1997-08-06,24.4746189730261
1997-08-07,24.426274413385535
1997-08-08,24.03974337446431
1997-08-11,24.063889132143032
1997-08-12,23.991396162609593
1997-08-13,24.063889132143032
1997-08-14,24.233002263389533
1997-08-15,24.233002263389533
1997-08-18,24.329646295030003
1997-08-19,24.329646295030003
1997-08-20,24.281320300888535
1997-08-21,24.136376797248158
1997-08-22,23.991396162609593
1997-08-25,23.967242448288406
1997-08-26,23.991396162609593
1997-08-27,24.015552529144937
1997-08-28,24.20888037563822
1997-08-29,24.24529792821802
1997-09-02,24.342485663760527
1997-09-03,24.293873230490178
1997-09-04,24.293873230490178
1997-09-05,24.196706712660923
1997-09-08,24.269568339962085
1997-09-09,24.24529792821802
1997-09-10,24.172417735417767
1997-09-11,24.123823867646514
1997-09-12,24.318162207733337
1997-09-15,24.366774641003683
1997-09-16,24.75545397339149
1997-09-17,24.804047841162742
1997-09-18,24.779758863919586
1997-09-19,24.82835803611915
1997-09-22,24.901230272276937
1997-09-23,24.804047841162742
1997-09-24,24.949813531191563
1997-09-25,24.75545397339149
1997-09-26,24.852625795649057
1997-09-29,24.804047841162742
1997-09-30,24.884616802802036
1997-10-01,25.05559178838624
1997-10-02,25.128853900025
1997-10-03,25.128853900025
1997-10-06,25.226532295186416
1997-10-07,25.299783797968548
1997-10-08,24.98232437231917
1997-10-09,24.98232437231917
1997-10-10,24.835805453469966
1997-10-13,24.81138121330484
1997-10-14,25.006756569126768
1997-10-15,24.933481196417226
1997-10-16,24.933481196417226
1997-10-17,24.786954320925556
1997-10-20,24.835805453469966
1997-10-21,24.835805453469966
1997-10-22,24.86022438920678
1997-10-23,25.05559178838624
1997-10-24,25.153272835761815
1997-10-27,25.446318630102688
1997-10-28,25.128853900025
1997-10-29,25.27538077551667
1997-10-30,25.446318630102688
1997-10-31,25.630456554544484
1997-11-03,25.45860368607455
1997-11-04,25.360392195867725
1997-11-05,25.38493313345573
1997-11-06,25.532239759909345
1997-11-07,25.532239759909345
1997-11-10,25.532239759909345
1997-11-11,25.532239759909345
1997-11-12,25.581345505012756
1997-11-13,25.630456554544484
1997-11-14,25.655008100989114
1997-11-17,25.70408467173681
1997-11-18,25.72862826153897
1997-11-19,25.82682914288917
1997-11-20,25.777734006642383
1997-11-21,25.82682914288917
1997-11-24,25.70408467173681
1997-11-25,25.753190416840223
1997-11-26,25.777734006642383
1997-11-28,25.95785913106573
1997-12-01,25.982537983789864
1997-12-02,25.982537983789864
1997-12-03,26.056550672034845
1997-12-04,26.007222140942307
1997-12-05,25.859156981239995
1997-12-08,25.73578658754675
1997-12-09,25.73578658754675
1997-12-10,25.83448873737249
1997-12-11,26.031893037023966
1997-12-12,26.22927081453388
1997-12-15,26.130579273564766
1997-12-16,26.15527138735968
1997-12-17,26.08122687254482
1997-12-18,26.204602570666378
1997-12-19,26.303304720492115
1997-12-22,26.32800744314365
1997-12-23,26.32800744314365
1997-12-24,26.303304720492115
1997-12-26,26.303304720492115
1997-12-29,26.253976189399573
1997-12-30,26.130579273564766
1997-12-31,26.388523013547356
1998-01-02,26.586916589079124
1998-01-05,26.958955929850465
1998-01-06,26.958955929850465
1998-01-07,26.760535832177133
1998-01-08,26.859757815977503
1998-01-09,27.008560291215257
1998-01-12,27.058177913650834
1998-01-13,27.008560291215257
1998-01-14,26.958955929850465
1998-01-15,26.934128553133583
1998-01-16,26.760535832177133
1998-01-20,26.686143877307803
1998-01-21,26.760535832177133
1998-01-22,26.661343022732485
1998-01-23,26.2645346539557
1998-01-26,26.48773173627694
1998-01-27,26.33892130439672
1998-01-28,26.3637062456871
1998-01-29,26.661343022732485
1998-01-30,26.895652882368516
1998-02-02,26.746078612811285
1998-02-03,26.746078612811285
1998-02-04,26.721150451956465
1998-02-05,26.57160005232664
1998-02-06,26.57160005232664
1998-02-09,26.49681026533387
1998-02-10,26.546690456970914
1998-02-11,26.721150451956465
1998-02-12,26.721150451956465
1998-02-13,26.795937586735082
1998-02-17,26.920562477724243
1998-02-18,26.820868399804056
1998-02-19,26.771027991379356
1998-02-20,26.721150451956465
1998-02-23,26.621451069607968
1998-02-24,26.39713210069862
1998-02-25,26.57160005232664
1998-02-26,26.49681026533387
1998-02-27,26.694649528106975
1998-03-02,26.419217087977916
1998-03-03,26.293960970019562
1998-03-04,26.319027046010508
1998-03-05,26.293960970019562
1998-03-06,26.419217087977916
1998-03-09,26.569446454431745
1998-03-10,26.569446454431745
1998-03-11,26.669620583114217
1998-03-12,26.844908068916524
1998-03-13,26.794826309003604
1998-03-16,26.89498717661529
1998-03-17,26.819857906210515
1998-03-18,26.769781450725908
1998-03-19,26.769781450725908
1998-03-20,26.794826309003604
1998-03-23,26.819857906210515
1998-03-24,26.819857906210515
1998-03-25,26.64456246376574
1998-03-26,26.569446454431745
1998-03-27,26.544393639511583
1998-03-30,26.469280282391743
1998-03-31,26.733591988563546
1998-04-01,26.859466072420314
1998-04-02,27.010493755335183
1998-04-03,27.262220705335466
1998-04-06,27.136362534763634
1998-04-07,27.08602616229171
1998-04-08,26.90980774932055
1998-04-09,26.934982566091904
1998-04-13,26.75874558762165
1998-04-14,26.83427799457818
1998-04-15,26.90980774932055
1998-04-16,26.960165339505725
1998-04-17,26.934982566091904
1998-04-20,26.80910848223514
1998-04-21,26.70841982400635
1998-04-22,26.683237050592528
1998-04-23,26.65805958160702
1998-04-24,26.733591988563546
1998-04-27,26.381165771477853
1998-04-28,26.355980345849872
1998-04-29,26.33082939900593
1998-04-30,26.844417409297613
1998-05-01,26.869738097847563
1998-05-04,26.869738097847563
1998-05-05,26.768529605644144
1998-05-06,26.869738097847563
1998-05-07,26.844417409297613
1998-05-08,26.768529605644144
1998-05-11,26.566123230093936
1998-05-12,26.793855598622407
1998-05-13,26.844417409297613
1998-05-14,26.768529605644144
1998-05-15,26.768529605644144
1998-05-18,26.895016350971012
1998-05-19,26.869738097847563
1998-05-20,26.99625401753015
1998-05-21,26.869738097847563
1998-05-22,26.94563651035766
1998-05-26,27.072163038896868
1998-05-27,27.148056146978647
1998-05-28,27.148056146978647
1998-05-29,27.338779519170473
1998-06-01,27.4405211064193
1998-06-02,27.364230166214078
1998-06-03,27.364230166214078
1998-06-04,27.313342133197647
1998-06-05,27.389651638901963
1998-06-08,27.389651638901963
1998-06-09,27.389651638901963
1998-06-10,27.643948584419675
1998-06-11,27.79653842147259
1998-06-12,27.79653842147259
1998-06-15,27.923709438051773
1998-06-16,27.771124905427172
1998-06-17,27.491377312865854
1998-06-18,27.618524459517634
1998-06-19,27.669393927034967
1998-06-22,27.720268698980618
1998-06-23,27.771124905427172
1998-06-24,27.74571404159591
1998-06-25,27.74571404159591
1998-06-26,27.82197845965957
1998-06-29,27.771124905427172
1998-06-30,27.983203906005315
1998-07-01,27.957684301393645
1998-07-02,28.059882069477354
1998-07-06,28.111016758410315
1998-07-07,28.034346551580747
1998-07-08,27.957684301393645
1998-07-09,28.034346551580747
1998-07-10,27.983203906005315
1998-07-13,27.804343887734504
1998-07-14,27.702119597509235
1998-07-15,27.727689594189872
1998-07-16,27.65097164750549
1998-07-17,27.599908568354746
1998-07-20,27.702119597509235
1998-07-21,27.82990062334436
1998-07-22,27.804343887734504
1998-07-23,27.88101144234992
1998-07-24,27.804343887734504
1998-07-27,27.753241025371416
1998-07-28,27.65097164750549
1998-07-29,27.574351832744888
1998-07-30,27.702119597509235
1998-07-31,27.840803875740804
1998-08-03,28.02060543003709
1998-08-04,28.071968209387492
1998-08-05,28.071968209387492
1998-08-06,28.02060543003709
1998-08-07,28.1233124232388
1998-08-10,28.1746937680883
1998-08-11,28.226053895224545
1998-08-12,28.20036985333519
1998-08-13,28.071968209387492
1998-08-14,28.251759154827155
1998-08-17,28.20036985333519
1998-08-18,28.1746937680883
1998-08-19,28.1746937680883
1998-08-20,28.303108673106777
1998-08-21,28.45721557665708
1998-08-24,28.40585810173499
1998-08-25,28.534251789040216
1998-08-26,28.559951744214512
1998-08-27,28.688377258089613
1998-08-28,28.765416122686904
1998-08-31,29.188661762173428
1998-09-01,28.95638615079526
1998-09-02,28.93059071591134
1998-09-03,29.059618282399917
1998-09-04,29.13705497912065
1998-09-08,28.95638615079526
1998-09-09,29.188661762173428
1998-09-10,29.54998085332511
1998-09-11,29.420926764694972
1998-09-14,29.29190185042055
1998-09-15,29.214462501485663
1998-09-16,29.343532503400738
1998-09-17,29.446740765077987
1998-09-18,29.49837407027233
1998-09-21,29.49837407027233
1998-09-22,29.395112764311957
1998-09-23,29.54998085332511
1998-09-24,29.57580015813644
1998-09-25,29.601598245234516
1998-09-28,29.49837407027233
1998-09-29,29.653220941572233
1998-09-30,30.15096462449434
1998-10-01,30.410170818415317
1998-10-02,30.539829611873085
1998-10-05,30.928697251465984
1998-10-06,30.74724336775034
1998-10-07,30.410170818415317
1998-10-08,29.71024885036044
1998-10-09,29.13990080491033
1998-10-12,29.13990080491033
1998-10-13,29.13990080491033
1998-10-14,29.580635144543326
1998-10-15,29.71024885036044
1998-10-16,29.81394511944244
1998-10-19,29.736160982667236
1998-10-20,29.502837746697338
1998-10-21,29.476909701105605
1998-10-22,29.321346731983507
1998-10-23,29.217655767329816
1998-10-26,29.476909701105605
1998-10-27,29.684334065839487
1998-10-28,29.63247532244186
1998-10-29,29.736160982667236
1998-10-30,29.639816651226425
1998-11-02,29.327242604052906
1998-11-03,29.353292651495828
1998-11-04,29.0668190438342
1998-11-05,29.09287174349128
1998-11-06,28.858445186432373
1998-11-09,29.223066284208617
1998-11-10,29.301205817680763
1998-11-11,29.301205817680763
1998-11-12,29.379361264437847
1998-11-13,29.353292651495828
1998-11-16,29.301205817680763
1998-11-17,29.223066284208617
1998-11-18,29.379361264437847
1998-11-19,29.353292651495828
1998-11-20,29.40536622424011
1998-11-23,29.223066284208617
1998-11-24,29.301205817680763
1998-11-25,29.40536622424011
1998-11-27,29.50957171844012
1998-11-30,29.904642886944544
1998-12-01,29.95696046339121
1998-12-02,30.06160887735531
1998-12-03,30.06160887735531
1998-12-04,29.904642886944544
1998-12-07,29.852317353855415
1998-12-08,30.06160887735531
1998-12-09,30.21861730319258
1998-12-10,30.192439949470153
1998-12-11,29.95696046339121
1998-12-14,30.035460697988604
1998-12-15,29.878470837650433
1998-12-16,29.95696046339121
1998-12-17,30.00928334426618
1998-12-18,30.00928334426618
1998-12-21,29.799983864123814
1998-12-22,29.590673775124824
1998-12-23,29.355204897902503
1998-12-24,29.276707315519257
1998-12-28,29.486012100089937
1998-12-29,29.616811345634904
1998-12-30,29.721510151667978
1998-12-31,29.858162833855843
1999-01-04,29.753018455844515
1999-01-05,29.62160389661529
1999-01-06,29.779354942416315
1999-01-07,29.595325758754928
1999-01-08,29.306213198007807
1999-01-11,29.201066167782322
1999-01-12,29.385055568231365
1999-01-13,29.569047620894565
1999-01-14,29.910737675075662
1999-01-15,29.726745622412462
1999-01-19,29.674205259976674
1999-01-20,29.595325758754928
1999-01-21,29.753018455844515
1999-01-22,29.9632992552247
1999-01-25,29.858162833855843
1999-01-26,29.858162833855843
1999-01-27,29.858162833855843
1999-01-28,29.937037030649275
1999-01-29,30.153545228868396
1999-02-01,29.83668255140418
1999-02-02,29.65183648578266
1999-02-03,29.599036206359557
1999-02-04,29.387835088667142
1999-02-05,29.30860284296261
1999-02-08,29.30860284296261
1999-02-09,29.440611498162838
1999-02-10,29.414221967307913
1999-02-11,29.387835088667142
1999-02-12,28.886142258866343
1999-02-16,29.097356637629538
1999-02-17,29.202983718617308
1999-02-18,29.04455370599228
1999-02-19,29.018142957424104
1999-02-22,29.123780647268497
1999-02-23,28.93895579936023
1999-02-24,28.701293541030665
1999-02-25,28.41086813427619
1999-02-26,28.72115066841869
1999-03-01,28.40289027409412
1999-03-02,28.561999253543153
1999-03-03,28.376378741388002
1999-03-04,28.29682027334225
1999-03-05,28.48245669878234
1999-03-08,28.50900005805833
1999-03-09,28.72115066841869
1999-03-10,28.641560373803063
1999-03-11,28.641560373803063
1999-03-12,28.774189647115858
1999-03-15,28.880275561152665
1999-03-16,29.01291279110793
1999-03-17,28.880275561152665
1999-03-18,28.906789746072935
1999-03-19,28.747646287839867
1999-03-22,28.61505414552526
1999-03-23,28.641560373803063
1999-03-24,28.72115066841869
1999-03-25,28.588529351748363
1999-03-26,28.5355142429786
1999-03-29,28.40289027409412
1999-03-30,28.61505414552526
1999-03-31,28.62315665977268
1999-04-01,28.461440553808025
1999-04-05,28.730955904154435
1999-04-06,28.946567653988733
1999-04-07,29.00046860228669
1999-04-08,29.26999190927557
1999-04-09,29.189125899650776
1999-04-12,29.243053370090298
1999-04-13,29.054364246156336
1999-04-14,29.054364246156336
1999-04-15,29.00046860228669
1999-04-16,28.838752496322037
1999-04-19,28.946567653988733
1999-04-20,29.02741244590028
1999-04-21,29.00046860228669
1999-04-22,28.730955904154435
1999-04-23,28.757891791125555
1999-04-26,28.838752496322037
1999-04-27,28.919605244876053
1999-04-28,28.811792739423513
1999-04-29,29.00046860228669
1999-04-30,28.675540541573245
1999-05-03,28.702627604751275
1999-05-04,28.540152965537924
1999-05-05,28.594300569752416
1999-05-06,28.296467528859466
1999-05-07,28.21521694818201
1999-05-10,28.323504199968525
1999-05-11,28.161061387325052
1999-05-12,28.21521694818201
1999-05-13,28.51310038114393
1999-05-14,28.02569502900298
1999-05-17,28.05276352668191
1999-05-18,28.05276352668191
1999-05-19,28.2422880980751
1999-05-20,28.133995541860273
1999-05-21,28.269367204610656
1999-05-24,28.269367204610656
1999-05-25,28.296467528859466
1999-05-26,28.161061387325052
1999-05-27,28.02569502900298
1999-05-28,28.19441032812604
1999-06-01,27.895052264093234
1999-06-02,27.895052264093234
1999-06-03,27.86782198135077
1999-06-04,27.840623525178177
1999-06-07,27.840623525178177
1999-06-08,27.731752786277283
1999-06-09,27.677334656218854
1999-06-10,27.568479830602897
1999-06-11,27.269119114355934
1999-06-14,27.40518565721526
1999-06-15,27.40518565721526
1999-06-16,27.459627657201096
1999-06-17,27.813382633579085
1999-06-18,27.731752786277283
1999-06-21,27.568479830602897
1999-06-22,27.459627657201096
1999-06-23,27.296325527170993
1999-06-24,27.160237766598414
1999-06-25,27.21467446215594
1999-06-28,27.40518565721526
1999-06-29,27.514021917332123
1999-06-30,27.899690986652555
1999-07-01,27.81765004615653
1999-07-02,27.899690986652555
1999-07-06,27.79031102263366
1999-07-07,27.73561175787466
1999-07-08,27.899690986652555
1999-07-09,27.872362571986308
1999-07-12,28.173250963587286
1999-07-13,28.227955532774594
1999-07-14,28.14588541792285
1999-07-15,28.173250963587286
1999-07-16,28.227955532774594
1999-07-19,28.227955532774594
1999-07-20,28.227955532774594
1999-07-21,28.173250963587286
1999-07-22,27.954416773553113
1999-07-23,27.79031102263366
1999-07-26,27.76294547696922
1999-07-27,27.872362571986308
1999-07-28,27.872362571986308
1999-07-29,27.708232951139447
1999-07-30,27.738492062448376
1999-08-02,27.738492062448376
1999-08-03,27.65600289775994
1999-08-04,27.68347983641894
1999-08-05,27.793456548623
1999-08-06,27.51854394246857
1999-08-09,27.326117848788417
1999-08-10,27.2986541712002
1999-08-11,27.381092943819667
1999-08-12,27.326117848788417
1999-08-13,27.51854394246857
1999-08-16,27.51854394246857
1999-08-17,27.738492062448376
1999-08-18,27.738492062448376
1999-08-19,27.68347983641894
1999-08-20,27.710988601647813
1999-08-23,27.710988601647813
1999-08-24,27.820970618280185
1999-08-25,28.068393024704836
1999-08-26,28.068393024704836
1999-08-27,27.793456548623
1999-08-30,27.51854394246857
1999-08-31,27.604202503073754
1999-09-01,27.576582344850316
1999-09-02,27.410765915800063
1999-09-03,27.742372251759004
1999-09-07,27.548943621127783
1999-09-08,27.604202503073754
1999-09-09,27.493690043610126
1999-09-10,27.714730875822315
1999-09-13,27.604202503073754
1999-09-14,27.438425857235842
1999-09-15,27.493690043610126
1999-09-16,27.604202503073754
1999-09-17,27.714730875822315
1999-09-20,27.631854487867066
1999-09-21,27.576582344850316
1999-09-22,27.631854487867066
1999-09-23,27.825269857427507
1999-09-24,28.046321298496323
1999-09-27,27.852903276721726
1999-09-28,27.714730875822315
1999-09-29,27.493690043610126
1999-09-30,27.857523433781957
1999-10-01,27.57978887176525
1999-10-04,27.718669413844385
1999-10-05,27.49645630297512
1999-10-06,27.52424620290456
1999-10-07,27.49645630297512
1999-10-08,27.52424620290456
1999-10-11,27.52424620290456
1999-10-12,27.413150256326553
1999-10-13,27.27425380096248
1999-10-14,27.190945102099757
1999-10-15,27.357575760895987
1999-10-18,27.246490423174603
1999-10-19,27.135405085453222
1999-10-20,27.135405085453222
1999-10-21,27.107625794380407
1999-10-22,27.107625794380407
1999-10-25,27.107625794380407
1999-10-26,27.052091082162185
1999-10-27,27.21871908874426
1999-10-28,27.440900373043647
1999-10-29,27.89325406289528
1999-11-01,27.781577281417047
1999-11-02,27.89325406289528
1999-11-03,27.921165964675907
1999-11-04,28.060759952363078
1999-11-05,28.200377809977656
1999-11-08,28.14452748427484
1999-11-09,28.14452748427484
1999-11-10,28.08867715857202
1999-11-11,28.08867715857202
1999-11-12,28.284140037461103
1999-11-15,28.284140037461103
1999-11-16,28.228281755115816
1999-11-17,28.03284009393998
1999-11-18,27.949083170884848
1999-11-19,27.949083170884848
1999-11-22,27.89325406289528
1999-11-23,27.865326247829714
1999-11-24,27.809449399985333
1999-11-26,27.75360968313914
1999-11-29,27.474421707764794
1999-11-30,27.729835235442298
1999-12-01,27.673698470610603
1999-12-02,27.589456192364867
1999-12-03,27.785969348059837
1999-12-06,27.84208224296413
1999-12-07,27.95433455491427
1999-12-08,27.870155929808288
1999-12-09,27.926321868995704
1999-12-10,28.094702989135072
1999-12-13,28.010516407386625
1999-12-14,27.673698470610603
1999-12-15,27.561451463088773
1999-12-16,27.39301464645212
1999-12-17,27.39301464645212
1999-12-20,27.224614960813653
1999-12-21,27.196562491682744
1999-12-22,27.168502065909365
1999-12-23,27.140444292350143
1999-12-27,27.224614960813653
1999-12-28,27.196562491682744
1999-12-29,27.28075437785951
1999-12-30,27.308820108061198
1999-12-31,27.28625507001962
2000-01-03,27.032281694628974
2000-01-04,27.22982921384489
2000-01-05,26.97587175173918
2000-01-06,27.17338213995691
2000-01-07,27.28625507001962
2000-01-10,27.201588437508885
2000-01-11,26.947646888688112
2000-01-12,26.89122368472754
2000-01-13,27.145154624691685
2000-01-14,27.032281694628974
2000-01-18,26.91943263449367
2000-01-19,26.97587175173918
2000-01-20,26.91943263449367
2000-01-21,26.97587175173918
2000-01-24,27.145154624691685
2000-01-25,27.17338213995691
2000-01-26,27.31447197642822
2000-01-27,27.455553856257062
2000-01-28,27.65309872325882
2000-01-31,27.62757116200468
2000-02-01,27.769374444084033
2000-02-02,27.939551113207198
2000-02-03,28.194832030176887
2000-02-04,28.109743695615304
2000-02-07,27.911188335020004
2000-02-08,28.194832030176887
2000-02-09,27.967935109107643
2000-02-10,27.741003709254368
2000-02-11,27.85447338750224
2000-02-14,28.05302874809754
2000-02-15,27.967935109107643
2000-02-16,27.939551113207198
2000-02-17,28.05302874809754
2000-02-18,28.251552282122965
2000-02-22,28.506859721234218
2000-02-23,28.33669631318183
2000-02-24,28.421755473387694
2000-02-25,28.279946886880033
2000-02-28,28.138106473802498
2000-02-29,28.44595427534954
2000-03-01,28.417435016527126
2000-03-02,28.44595427534954
2000-03-03,28.5884603941803
2000-03-06,28.474444359816236
2000-03-07,28.474444359816236
2000-03-08,28.417435016527126
2000-03-09,28.44595427534954
2000-03-10,28.331932936557163
2000-03-13,28.331932936557163
2000-03-14,28.531469616390282
2000-03-15,28.645469737469412
2000-03-16,28.70247112411605
2000-03-17,28.845006417302532
2000-03-20,28.8735044584117
2000-03-21,28.9304899317734
2000-03-22,28.90198128180761
2000-03-23,29.01599996838583
2000-03-24,28.75947781519101
2000-03-27,28.75947781519101
2000-03-28,28.75947781519101
2000-03-29,28.75947781519101
2000-03-30,29.04450861835162
2000-03-31,29.339628444162702
2000-04-03,29.36828031369293
2000-04-04,29.597489965506448
2000-04-05,29.540196835302616
2000-04-06,29.540196835302616
2000-04-07,29.769398530473662
2000-04-10,29.798076922145455
2000-04-11,29.540196835302616
2000-04-12,29.339628444162702
2000-04-13,29.48290635731294
2000-04-14,29.540196835302616
2000-04-17,29.196382357582344
2000-04-18,29.16770396591055
2000-04-19,29.425586704967547
2000-04-20,29.425586704967547
2000-04-24,29.339628444162702
2000-04-25,29.139049444166165
2000-04-26,29.11040287906425
2000-04-27,28.93849961852535
2000-04-28,29.145884200046886
2000-05-01,29.117062588810654
2000-05-02,28.944265532101088
2000-05-03,28.656243031372195
2000-05-04,28.425839883188356
2000-05-05,28.310635656882283
2000-05-08,28.137865122314277
2000-05-09,28.281832611145145
2000-05-10,28.425839883188356
2000-05-11,28.483464540161723
2000-05-12,28.281832611145145
2000-05-15,28.425839883188356
2000-05-16,28.541041457280276
2000-05-17,28.397047446307845
2000-05-18,28.166641645909852
2000-05-19,28.25305078312126
2000-05-22,28.425839883188356
2000-05-23,28.397047446307845
2000-05-24,28.36827357492643
2000-05-25,28.62745324670584
2000-05-26,28.742657473011917
2000-05-30,28.62745324670584
2000-05-31,29.015477482197046
2000-06-01,29.247132475462646
2000-06-02,29.33402962007881
2000-06-05,29.42090554698172
2000-06-06,29.42090554698172
2000-06-07,29.478808686441496
2000-06-08,29.507773517242168
2000-06-09,29.478808686441496
2000-06-12,29.565716439914286
2000-06-13,29.39193541175274
2000-06-14,29.507773517242168
2000-06-15,29.449862421139922
2000-06-16,29.652552583604855
2000-06-19,29.565716439914286
2000-06-20,29.536738348042835
2000-06-21,29.33402962007881
2000-06-22,29.305040919350734
2000-06-23,29.131312935472316
2000-06-26,29.305040919350734
2000-06-27,29.39193541175274
2000-06-28,29.305040919350734
2000-06-29,29.565716439914286
2000-06-30,29.682100901519902
2000-07-03,29.798482710911365
2000-07-05,29.798482710911365
2000-07-06,29.65298224229817
2000-07-07,29.769369356117945
2000-07-10,29.740282523466085
2000-07-11,29.740282523466085
2000-07-12,29.711206299670852
2000-07-13,29.943999092809495
2000-07-14,29.711206299670852
2000-07-17,29.536581867407616
2000-07-18,29.565700526629346
2000-07-19,29.536581867407616
2000-07-20,29.943999092809495
2000-07-21,30.031254286336754
2000-07-24,29.943999092809495
2000-07-25,29.973077968818885
2000-07-26,29.943999092809495
2000-07-27,30.060380902200958
2000-07-28,30.002191323612305
2000-07-31,30.125028622260135
2000-08-01,30.242009832050915
2000-08-02,30.242009832050915
2000-08-03,30.35900165069832
2000-08-04,30.44674750384449
2000-08-07,30.32977425069618
2000-08-08,30.417501538343256
2000-08-09,30.44674750384449
2000-08-10,30.563731365849428
2000-08-11,30.417501538343256
2000-08-14,30.505234130418646
2000-08-15,30.44674750384449
2000-08-16,30.388244963985397
2000-08-17,30.44674750384449
2000-08-18,30.534477443705725
2000-08-21,30.47598816491741
2000-08-22,30.505234130418646
2000-08-23,30.592974679136503
2000-08-24,30.6514772189956
2000-08-25,30.6514772189956
2000-08-28,30.47598816491741
2000-08-29,30.388244963985397
2000-08-30,30.44674750384449
2000-08-31,30.752513317278858
2000-09-01,30.87011779739636
2000-09-05,30.840704742403283
2000-09-06,30.693716381648418
2000-09-07,30.66430332665534
2000-09-08,30.723089653429152
2000-09-11,30.60553291316646
2000-09-12,30.57611985817338
2000-09-13,30.66430332665534
2000-09-14,30.45851272584172
2000-09-15,30.223306417820872
2000-09-18,30.105731112059086
2000-09-19,30.164509482190432
2000-09-20,30.04691826314371
2000-09-21,30.164509482190432
2000-09-22,30.223306417820872
2000-09-25,30.252703559529014
2000-09-26,30.370302735218203
2000-09-27,30.252703559529014
2000-09-28,30.282116614522092
2000-09-29,30.491896145426743
2000-10-02,30.34415986027981
2000-10-03,30.285060572235555
2000-10-04,30.255536124247914
2000-10-05,30.403243235039128
2000-10-06,30.551006042327625
2000-10-09,30.551006042327625
2000-10-10,30.610070851587846
2000-10-11,30.639613865074583
2000-10-12,30.69871845754715
2000-10-13,30.69871845754715
2000-10-16,30.6691701396321
2000-10-17,30.87598449511004
2000-10-18,30.87598449511004
2000-10-19,30.935059913226887
2000-10-20,31.02372873689944
2000-10-23,31.20100803553311
2000-10-24,31.08281741608707
2000-10-25,30.96461088335609
2000-10-26,30.994172462341922
2000-10-27,30.96461088335609
2000-10-30,30.935059913226887
2000-10-31,30.970710975915523
2000-11-01,31.03009935530281
2000-11-02,31.000418426679946
2000-11-03,30.76286756134495
2000-11-06,30.673777035621548
2000-11-07,30.673777035621548
2000-11-08,30.733181328293774
2000-11-09,30.8222400274473
2000-11-10,30.792548489967814
2000-11-13,30.911357075312264
2000-11-14,31.000418426679946
2000-11-15,31.1191845765979
2000-11-16,31.20824592796558
2000-11-17,31.1191845765979
2000-11-20,31.178567651556875
2000-11-21,31.20824592796558
2000-11-22,31.47554137506319
2000-11-24,31.445799445514737
2000-11-27,31.356748703003678
2000-11-28,31.445799445514737
2000-11-29,31.505214347043587
2000-11-30,31.89909201917769
2000-12-01,31.749889059602335
2000-12-04,31.720043693701783
2000-12-05,31.928955950577336
2000-12-06,32.1975032427567
2000-12-07,32.22734065201479
2000-12-08,32.13780190209898
2000-12-11,32.10800958048155
2000-12-12,32.16765257242784
2000-12-13,32.316863488645666
2000-12-14,32.46604257829361
2000-12-15,32.55557337156695
2000-12-18,32.49591181412157
2000-12-19,32.43624230003371
2000-12-20,32.645106817054454
2000-12-21,32.734637610327795
2000-12-22,32.79429121113071
2000-12-26,32.70480815771218
2000-12-27,32.55557337156695
2000-12-28,32.525733310094715
2000-12-29,32.68165167591375
2001-01-02,33.1313902826073
2001-01-03,32.65168696037617
2001-01-04,32.89155586088375
2001-01-05,33.07144228603303
2001-01-08,33.04146165721051
2001-01-09,32.95147468310229
2001-01-10,32.71165087023537
2001-01-11,32.53172466187374
2001-01-12,32.23189980814942
2001-01-16,32.35183558451029
2001-01-17,32.591725702731125
2001-01-18,32.80158214784631
2001-01-19,32.53172466187374
2001-01-22,32.321873521186866
2001-01-23,32.201924483755214
2001-01-24,32.14196322611017
2001-01-25,32.29186106579447
2001-01-26,32.29186106579447
2001-01-29,32.11197198843102
2001-01-30,32.41180745101196
2001-01-31,32.776298590294545
2001-02-01,33.07756624851987
2001-02-02,32.86671257088193
2001-02-05,32.926939049942604
2001-02-06,32.83656750478172
2001-02-07,32.83656750478172
2001-02-08,32.83656750478172
2001-02-09,33.04746361784616
2001-02-12,32.86671257088193
2001-02-13,32.80648078739295
2001-02-14,32.71605619794894
2001-02-15,32.535305150984705
2001-02-16,32.685929697347824
2001-02-20,32.685929697347824
2001-02-21,32.535305150984705
2001-02-22,32.50520517252515
2001-02-23,32.685929697347824
2001-02-26,32.80648078739295
2001-02-27,33.16795370696569
2001-02-28,33.36762034529247
2001-03-01,33.54911401222046
2001-03-02,33.24663163991156
2001-03-05,33.21636987638848
2001-03-06,33.18610015622292
2001-03-07,33.4281040891263
2001-03-08,33.45833667829367
2001-03-09,33.39787415217309
2001-03-12,33.4281040891263
2001-03-13,33.36762034529247
2001-03-14,33.57935721024445
2001-03-15,33.57935721024445
2001-03-16,33.73060767914845
2001-03-19,33.54911401222046
2001-03-20,33.63987543286231
2001-03-21,33.67007884767396
2001-03-22,33.82139827414602
2001-03-23,33.6096454959091
2001-03-26,33.39787415217309
2001-03-27,33.00456935829674
2001-03-28,32.974323508058596
2001-03-29,32.94408296224876
2001-03-30,33.165988416275894
2001-04-02,33.10521027667072
2001-04-03,33.13558608540252
2001-04-04,33.165988416275894
2001-04-05,32.983585039892304
2001-04-06,33.31800537507105
2001-04-09,33.196417269290826
2001-04-10,32.679622732084205
2001-04-11,32.710019758529256
2001-04-12,32.64919387906927
2001-04-16,32.28440834401534
2001-04-17,32.49721935570061
2001-04-18,32.588407782821626
2001-04-19,32.1628149338068
2001-04-20,32.1628149338068
2001-04-23,32.37561268442129
2001-04-24,32.31481597931702
2001-04-25,32.19319339475276
2001-04-26,32.46681437261309
2001-04-27,32.10202883755915
2001-04-30,32.31583973398134
2001-05-01,32.43801132687595
2001-05-02,32.59073642685083
2001-05-03,32.83507430821174
2001-05-04,32.83507430821174
2001-05-07,32.77397790290781
2001-05-08,32.62129523835942
2001-05-09,32.80452875777393
2001-05-10,32.46854892067129
2001-05-11,31.949306389798426
2001-05-14,32.07147267826472
2001-05-15,31.888217941136965
2001-05-16,32.01038688181742
2001-05-17,32.1936522278018
2001-05-18,32.254751285319884
2001-05-21,32.28528092247275
2001-05-22,32.22420043045376
2001-05-23,32.1936522278018
2001-05-24,31.888217941136965
2001-05-25,31.949306389798426
2001-05-29,31.918755534932306
2001-05-30,31.918755534932306
2001-05-31,32.38848122750753
2001-06-01,32.54196751294527
2001-06-04,32.66479155052232
2001-06-05,32.78758110931534
2001-06-06,32.78758110931534
2001-06-07,32.60334770516392
2001-06-08,32.51126017744392
2001-06-11,32.69545910281131
2001-06-12,32.81826987931758
2001-06-13,32.81826987931758
2001-06-14,32.87964476710792
2001-06-15,32.75688438267062
2001-06-18,32.72614787281356
2001-06-19,32.78758110931534
2001-06-20,32.84898782367555
2001-06-21,32.94105413368229
2001-06-22,33.18665977340989
2001-06-25,33.12526897233462
2001-06-26,32.9103680158942
2001-06-27,32.94105413368229
2001-06-28,32.69545910281131
2001-06-29,32.633792471463785
2001-07-02,32.78800015915203
2001-07-03,32.633792471463785
2001-07-05,32.54125406733723
2001-07-06,32.633792471463785
2001-07-09,32.75713369080131
2001-07-10,32.880519997779494
2001-07-11,32.81887723635937
2001-07-12,32.97306635854852
2001-07-13,33.00393282689924
2001-07-16,33.15813786237332
2001-07-17,33.18899372186741
2001-07-18,33.49742235831468
2001-07-19,33.43574246589637
2001-07-20,33.404897215258906
2001-07-23,33.46657445546305
2001-07-24,33.528272913380455
2001-07-25,33.31234820227572
2001-07-26,33.31234820227572
2001-07-27,33.46657445546305
2001-07-30,33.559091641876364
2001-07-31,33.81325067225795
2001-08-01,33.7202507828682
2001-08-02,33.565311084072825
2001-08-03,33.5033288392407
2001-08-06,33.4723218035397
2001-08-07,33.4723218035397
2001-08-08,33.78225159319942
2001-08-09,33.689288834807854
2001-08-10,33.81325067225795
2001-08-13,33.844257707958946
2001-08-14,33.81325067225795
2001-08-15,33.75128699292492
2001-08-16,33.906242605005225
2001-08-17,34.12319107077429
2001-08-20,33.9682221976232
2001-08-21,34.03021505131195
2001-08-22,34.06121413037048
2001-08-23,34.18518127224888
2001-08-24,34.03021505131195
2001-08-27,33.9682221976232
2001-08-28,34.21616974245079
2001-08-29,34.4020899548056
2001-08-30,34.340123623258414
2001-08-31,34.49891698922285
2001-09-04,34.000754256464056
2001-09-05,34.06302824485337
2001-09-06,34.34325588817697
2001-09-07,34.49891698922285
2001-09-10,34.312095024054905
2001-09-17,34.59232266737851
2001-09-18,34.18757887384616
2001-09-19,34.09414136912062
2001-09-20,33.78278734045899
2001-09-21,34.03188859844455
2001-09-24,34.06302824485337
2001-09-25,34.000754256464056
2001-09-26,34.37438757794332
2001-09-27,34.62347027042979
2001-09-28,34.80479419565178
2001-10-01,34.96122178658882
2001-10-02,35.08629755398455
2001-10-03,35.14883411157534
2001-10-04,35.14883411157534
2001-10-05,35.11755920224456
2001-10-08,35.11755920224456
2001-10-09,34.89863483692907
2001-10-10,34.96122178658882
2001-10-11,34.679758211468396
2001-10-12,34.679758211468396
2001-10-15,34.86737849309738
2001-10-16,34.99245956492142
2001-10-17,35.08629755398455
2001-10-18,35.11755920224456
2001-10-19,34.96122178658882
2001-10-22,34.96122178658882
2001-10-23,34.89863483692907
2001-10-24,35.14883411157534
2001-10-25,35.33644643656185
2001-10-26,35.36770808482185
2001-10-29,35.46153546502836
2001-10-30,35.649169007728126
2001-10-31,36.59142908767007
2001-11-01,36.811316206724285
2001-11-02,36.18314193602493
2001-11-05,36.52859813430794
2001-11-06,36.52859813430794
2001-11-07,36.9369383302362
2001-11-08,36.6543024764587
2001-11-09,36.59142908767007
2001-11-12,36.59142908767007
2001-11-13,36.371587056256516
2001-11-14,35.900426515822744
2001-11-15,35.17803233722176
2001-11-16,34.70690362335786
2001-11-19,35.020992084814615
2001-11-20,34.70690362335786
2001-11-21,34.42420411644061
2001-11-23,34.26715855960516
2001-11-26,34.23575899620903
2001-11-27,34.26715855960516
2001-11-28,34.23575899620903
2001-11-29,34.675482842248485
2001-11-30,34.738581669240396
2001-12-03,34.864779323224234
2001-12-04,35.148778415078056
2001-12-05,34.391544751320254
2001-12-06,34.012909353942256
2001-12-07,33.44498278001683
2001-12-10,33.53961112889853
2001-12-11,33.66585917495133
2001-12-12,33.94977339595216
2001-12-13,33.66585917495133
2001-12-14,33.44498278001683
2001-12-17,33.44498278001683
2001-12-18,33.634273956564265
2001-12-19,34.012909353942256
2001-12-20,33.98133209219766
2001-12-21,33.85515565592708
2001-12-24,33.728936784229994
2001-12-26,33.60273382581785
2001-12-27,33.79202235015113
2001-12-28,33.634273956564265
2001-12-31,34.109815954784196
2002-01-02,33.66598913344499
2002-01-03,33.79277292675736
2002-01-04,33.66598913344499
2002-01-07,34.046380296594435
2002-01-08,34.01466777192787
2002-01-09,34.046380296594435
2002-01-10,34.45848398441046
2002-01-11,34.64870078369843
2002-01-14,34.58529164765023
2002-01-15,34.77548988143911
2002-01-16,34.712099310890004
2002-01-17,34.45848398441046
2002-01-18,34.64870078369843
2002-01-22,34.616953780247826
2002-01-23,34.23657057374085
2002-01-24,34.20488722343
2002-01-25,34.173182655405896
2002-01-28,34.20488722343
2002-01-29,34.49020181350534
2002-01-30,34.45848398441046
2002-01-31,34.519010163670785
2002-02-01,34.646356226384285
2002-02-04,34.869288087289895
2002-02-05,34.869288087289895
2002-02-06,34.74189163250743
2002-02-07,34.61448191665418
2002-02-08,34.77376063780922
2002-02-11,34.67820666618698
2002-02-12,34.45532784956449
2002-02-13,34.423461496476854
2002-02-14,34.61448191665418
2002-02-15,34.869288087289895
2002-02-19,34.77376063780922
2002-02-20,34.77376063780922
2002-02-21,34.8374376474872
2002-02-22,34.99665271550249
2002-02-25,34.90112261380765
2002-02-26,34.67820666618698
2002-02-27,34.93296244475373
2002-02-28,34.948971209400995
2002-03-01,34.62922292293475
2002-03-04,34.565264778556205
2002-03-05,34.59725313349502
2002-03-06,34.43737235972651
2002-03-07,33.925754944552935
2002-03-08,33.66996215025109
2002-03-11,33.66996215025109
2002-03-12,33.66996215025109
2002-03-13,33.73391764241548
2002-03-14,33.350187341643284
2002-03-15,33.57399178100631
2002-03-18,33.73391764241548
2002-03-19,33.637952577599016
2002-03-20,33.3821756965821
2002-03-21,33.51006015876933
2002-03-22,33.414150790450144
2002-03-25,33.44614710203143
2002-03-26,33.66996215025109
2002-03-27,33.66996215025109
2002-03-28,33.60242351676157
2002-04-01,33.60242351676157
2002-04-02,33.85967768106352
2002-04-03,34.05258647772012
2002-04-04,34.084768444292344
2002-04-05,34.277671936520626
2002-04-08,34.14906872429705
2002-04-09,34.24553770980321
2002-04-10,34.18120029880031
2002-04-11,34.277671936520626
2002-04-12,34.341980173167805
2002-04-15,34.470588689819685
2002-04-16,34.341980173167805
2002-04-17,34.084768444292344
2002-04-18,34.14906872429705
2002-04-19,34.277671936520626
2002-04-22,34.30984329423623
2002-04-23,34.341980173167805
2002-04-24,34.56708154525325
2002-04-25,34.59926085961133
2002-04-26,34.6957165840467
2002-04-29,34.59926085961133
2002-04-30,34.84793245890358
2002-05-01,34.977111201599065
2002-05-02,34.81563644712263
2002-05-03,34.977111201599065
2002-05-06,34.94483640753136
2002-05-07,34.9124926558956
2002-05-08,34.492641850529104
2002-05-09,34.621852419794465
2002-05-10,34.75106033684567
2002-05-13,34.42806308803799
2002-05-14,34.169684384933774
2002-05-15,34.266606899060655
2002-05-16,34.42806308803799
2002-05-17,34.23428171292398
2002-05-20,34.395785641756135
2002-05-21,34.52498294995071
2002-05-22,34.686428530071424
2002-05-23,34.52498294995071
2002-05-24,34.55726304844672
2002-05-28,34.55726304844672
2002-05-29,34.75106033684567
2002-05-30,34.88022051404206
2002-05-31,34.97432637673497
2002-06-03,34.97432637673497
2002-06-04,35.03919953499744
2002-06-05,34.90942404411679
2002-06-06,35.00674704258127
2002-06-07,34.87697420391478
2002-06-10,34.97432637673497
2002-06-11,35.168964417021456
2002-06-12,35.26627415441515
2002-06-13,35.36362367502119
2002-06-14,35.720492350818645
2002-06-17,35.49340977475846
2002-06-18,35.525843701675534
2002-06-19,35.850249276200195
2002-06-20,35.590746034293716
2002-06-21,35.817839219210526
2002-06-24,35.5582908896634
2002-06-25,35.525843701675534
2002-06-26,35.850249276200195
2002-06-27,35.460954630128136
2002-06-28,35.588077906852504
2002-07-01,35.620649748905706
2002-07-02,35.84876668848684
2002-07-03,35.88135709603913
2002-07-05,35.4903199452664
2002-07-08,35.620649748905706
2002-07-09,35.84876668848684
2002-07-10,36.142090965314125
2002-07-11,36.23986484018516
2002-07-12,36.30506422078885
2002-07-15,36.1746760684381
2002-07-16,35.84876668848684
2002-07-17,35.979149536409274
2002-07-18,36.1095085144043
2002-07-19,36.2724287255959
2002-07-22,36.56576626349396
2002-07-23,36.63092320867115
2002-07-24,36.33762280177127
2002-07-25,36.59834340997548
2002-07-26,36.53317055151336
2002-07-29,36.1095085144043
2002-07-30,36.1095085144043
2002-07-31,36.5568733215332
2002-08-01,36.765071868896484
2002-08-02,37.14158630371094
2002-08-05,37.305450439453125
2002-08-06,36.98653030395508
2002-08-07,37.07512283325195
2002-08-08,37.07512283325195
2002-08-09,37.59782409667969
2002-08-12,37.82814025878906
2002-08-13,38.293277740478516
2002-08-14,38.43941879272461
2002-08-15,38.102760314941406
2002-08-16,37.677547454833984
2002-08-19,37.79273986816406
2002-08-20,38.21352005004883
2002-08-21,38.00977325439453
2002-08-22,37.677547454833984
2002-08-23,38.049625396728516
2002-08-26,38.085060119628906
2002-08-27,37.84590530395508
2002-08-28,38.036376953125
2002-08-29,38.34197998046875
2002-08-30,38.57233810424805
2002-09-03,39.16531753540039
2002-09-04,39.15642547607422
2002-09-05,39.36996078491211
2002-09-06,38.90729522705078
2002-09-09,38.84943771362305
2002-09-10,39.03631591796875
2002-09-11,38.831661224365234
2002-09-12,39.13417434692383
2002-09-13,39.4944953918457
2002-09-16,39.56120300292969
2002-09-17,39.63690948486328
2002-09-18,39.64577102661133
2002-09-19,39.91267395019531
2002-09-20,39.725852966308594
2002-09-23,40.08171081542969
2002-09-24,40.33973693847656
2002-09-25,39.850406646728516
2002-09-26,39.75697708129883
2002-09-27,40.0550537109375
2002-09-30,40.21519470214844
2002-10-01,39.71640396118164
2002-10-02,39.94410705566406
2002-10-03,39.84591293334961
2002-10-04,39.970916748046875
2002-10-07,40.03791427612305
2002-10-08,40.051292419433594
2002-10-09,40.256690979003906
2002-10-10,39.939674377441406
2002-10-11,39.466331481933594
2002-10-14,39.4082145690918
2002-10-15,38.47498321533203
2002-10-16,38.492828369140625
2002-10-17,38.0239372253418
2002-10-18,38.122188568115234
2002-10-21,37.75154495239258
2002-10-22,37.64435958862305
2002-10-23,37.65777587890625
2002-10-24,37.98825454711914
2002-10-25,38.12664031982422
2002-10-28,38.073081970214844
2002-10-29,38.56876754760742
2002-10-30,38.55531692504883
2002-10-31,38.7294807434082
2002-11-01,38.56755447387695
2002-11-04,38.397117614746094
2002-11-05,38.249088287353516
2002-11-06,38.40157699584961
2002-11-07,39.352596282958984
2002-11-08,39.67105484008789
2002-11-11,39.88631057739258
2002-11-12,39.65755844116211
2002-11-13,39.74283218383789
2002-11-14,38.91742706298828
2002-11-15,39.074440002441406
2002-11-18,39.249385833740234
2002-11-19,39.392921447753906
2002-11-20,39.007144927978516
2002-11-21,38.63033676147461
2002-11-22,38.5944709777832
2002-11-25,38.522743225097656
2002-11-26,39.007144927978516
2002-11-27,38.12800598144531
2002-11-29,38.37470245361328
2002-12-02,38.41029357910156
2002-12-03,38.46437454223633
2002-12-04,38.66263198852539
2002-12-05,38.761775970458984
2002-12-06,38.82936096191406
2002-12-09,39.045654296875
2002-12-10,39.149295806884766
2002-12-11,39.41065216064453
2002-12-12,39.37459182739258
2002-12-13,38.99159240722656
2002-12-16,38.69868850708008
2002-12-17,38.69868850708008
2002-12-18,39.000587463378906
2002-12-19,39.347564697265625
2002-12-20,39.37459182739258
2002-12-23,39.38359832763672
2002-12-24,39.60441589355469
2002-12-26,39.68104934692383
2002-12-27,40.11809539794922
2002-12-30,40.21272277832031
2002-12-31,40.11131286621094
2003-01-02,39.07421112060547
2003-01-03,39.164764404296875
2003-01-06,39.0606575012207
2003-01-07,39.201019287109375
2003-01-08,39.39573287963867
2003-01-09,38.63945388793945
2003-01-10,38.73904037475586
2003-01-13,38.80249786376953
2003-01-14,38.9383544921875
2003-01-15,39.12852096557617
2003-01-16,39.18288803100586
2003-01-17,39.37764358520508
2003-01-21,39.60408020019531
2003-01-22,39.7988166809082
2003-01-23,39.60408020019531
2003-01-24,39.83958053588867
2003-01-27,39.69466018676758
2003-01-28,39.69466018676758
2003-01-29,39.47728729248047
2003-01-30,39.77164077758789
2003-01-31,39.88033676147461
2003-02-03,39.938499450683594
2003-02-04,40.11573791503906
2003-02-05,39.77035140991211
2003-02-06,40.09302520751953
2003-02-07,40.183921813964844
2003-02-10,39.902130126953125
2003-02-11,39.893028259277344
2003-02-12,40.03395462036133
2003-02-13,40.252079010009766
2003-02-14,39.90666198730469
2003-02-18,39.95664596557617
2003-02-19,40.229366302490234
2003-02-20,40.365699768066406
2003-02-21,40.12939453125
2003-02-24,40.32026290893555
2003-02-25,40.506568908691406
2003-02-26,40.788368225097656
2003-02-27,40.85651779174805
2003-02-28,41.11555862426758
2003-03-03,41.165775299072266
2003-03-04,41.193115234375
2003-03-05,41.32996368408203
2003-03-06,41.1702880859375
2003-03-07,41.31171417236328
2003-03-10,41.52611541748047
2003-03-11,41.45311737060547
2003-03-12,41.60365676879883
2003-03-13,40.83730697631836
2003-03-14,41.038028717041016
2003-03-17,40.545352935791016
2003-03-18,40.16215896606445
2003-03-19,39.865604400634766
2003-03-20,39.80180740356445
2003-03-21,39.25434875488281
2003-03-24,39.874752044677734
2003-03-25,39.82913589477539
2003-03-26,39.911231994628906
2003-03-27,39.938629150390625
2003-03-28,40.02986145019531
2003-03-31,40.55445861816406
2003-04-01,40.43902587890625
2003-04-02,40.01752853393555
2003-04-03,39.99463653564453
2003-04-04,39.88010787963867
2003-04-07,39.788455963134766
2003-04-08,40.109169006347656
2003-04-09,40.22825241088867
2003-04-10,40.04045486450195
2003-04-11,39.97631072998047
2003-04-14,39.86636734008789
2003-04-15,40.08165740966797
2003-04-16,40.24665069580078
2003-04-17,40.31073760986328
2003-04-21,40.22369384765625
2003-04-22,40.20079040527344
2003-04-23,40.28325271606445
2003-04-24,40.64519119262695
2003-04-25,40.736820220947266
2003-04-28,40.67266082763672
2003-04-29,40.60392379760742
2003-04-30,40.97962188720703
2003-05-01,40.9994010925293
2003-05-02,40.67700958251953
2003-05-05,40.89349365234375
2003-05-06,41.09613037109375
2003-05-07,41.575096130371094
2003-05-08,41.676448822021484
2003-05-09,41.717899322509766
2003-05-12,41.98043441772461
2003-05-13,42.07253646850586
2003-05-14,42.71735382080078
2003-05-15,42.85090637207031
2003-05-16,43.1640510559082
2003-05-19,43.01668930053711
2003-05-20,43.65227508544922
2003-05-21,43.64762496948242
2003-05-22,44.03453826904297
2003-05-23,44.145057678222656
2003-05-27,43.348323822021484
2003-05-28,43.274593353271484
2003-05-29,43.65227508544922
2003-05-30,43.56937789916992
2003-06-02,43.24928665161133
2003-06-03,43.59618377685547
2003-06-04,43.725685119628906
2003-06-05,43.383453369140625
2003-06-06,43.54069900512695
2003-06-09,43.83203125
2003-06-10,44.35468673706055
2003-06-11,44.29924011230469
2003-06-12,44.64608383178711
2003-06-13,44.946678161621094
2003-06-16,44.52119445800781
2003-06-17,44.16970443725586
2003-06-18,43.60541534423828
2003-06-19,43.522186279296875
2003-06-20,43.36028289794922
2003-06-23,43.619300842285156
2003-06-24,44.02165985107422
2003-06-25,43.318660736083984
2003-06-26,42.73591232299805
2003-06-27,42.583255767822266
2003-06-30,42.78215026855469
2003-07-01,42.56998825073242
2003-07-02,42.6767463684082
2003-07-03,42.063926696777344
2003-07-07,41.79463195800781
2003-07-08,41.831787109375
2003-07-09,41.966400146484375
2003-07-10,41.95248794555664
2003-07-11,42.152122497558594
2003-07-14,41.669288635253906
2003-07-15,40.694278717041016
2003-07-16,40.926422119140625
2003-07-17,40.80107116699219
2003-07-18,40.71748352050781
2003-07-21,39.85393142700195
2003-07-22,40.04893493652344
2003-07-23,40.18360137939453
2003-07-24,39.83074188232422
2003-07-25,39.723934173583984
2003-07-28,39.19001388549805
2003-07-29,38.6561164855957
2003-07-30,39.09252166748047
2003-07-31,38.512168884277344
2003-08-01,38.48324966430664
2003-08-04,38.81438064575195
2003-08-05,38.25938415527344
2003-08-06,39.014957427978516
2003-08-07,39.178184509277344
2003-08-08,39.019615173339844
2003-08-11,38.823692321777344
2003-08-12,38.641849517822266
2003-08-13,37.895565032958984
2003-08-14,38.26869583129883
2003-08-15,38.24538040161133
2003-08-18,38.42258834838867
2003-08-19,39.014957427978516
2003-08-20,38.80507278442383
2003-08-21,38.71177291870117
2003-08-22,38.884376525878906
2003-08-25,38.581207275390625
2003-08-26,38.884376525878906
2003-08-27,38.707122802734375
2003-08-28,39.10823440551758
2003-08-29,39.014957427978516
2003-09-02,38.4443244934082
2003-09-03,38.505226135253906
2003-09-04,38.720726013183594
2003-09-05,39.38602066040039
2003-09-08,38.9784049987793
2003-09-09,39.259517669677734
2003-09-10,39.657737731933594
2003-09-11,39.400089263916016
2003-09-12,39.671756744384766
2003-09-15,39.610870361328125
2003-09-16,39.549983978271484
2003-09-17,40.04186248779297
2003-09-18,40.06996536254883
2003-09-19,40.116844177246094
2003-09-22,39.79827117919922
2003-09-23,40.06996536254883
2003-09-24,40.41668701171875
2003-09-25,40.618099212646484
2003-09-26,40.983524322509766
2003-09-29,40.65559768676758
2003-09-30,41.33026885986328
2003-10-01,41.173526763916016
2003-10-02,40.98538589477539
2003-10-03,40.12445831298828
2003-10-06,40.29853057861328
2003-10-07,39.832801818847656
2003-10-08,39.82338333129883
2003-10-09,39.54111862182617
2003-10-10,39.77634811401367
2003-10-13,39.621089935302734
2003-10-14,39.348262786865234
2003-10-15,39.15533447265625
2003-10-16,39.000118255615234
2003-10-17,39.30120086669922
2003-10-20,39.432926177978516
2003-10-21,39.57875442504883
2003-10-22,39.96454620361328
2003-10-23,39.672847747802734
2003-10-24,40.11507034301758
2003-10-27,40.03506088256836
2003-10-28,40.246803283691406
2003-10-29,39.88454818725586
2003-10-30,39.70577621459961
2003-10-31,40.077457427978516
2003-11-03,39.887535095214844
2003-11-04,40.114280700683594
2003-11-05,39.8403205871582
2003-11-06,39.467132568359375
2003-11-07,39.44350814819336
2003-11-10,39.410457611083984
2003-11-11,39.4151725769043
2003-11-12,39.703304290771484
2003-11-13,40.31741714477539
2003-11-14,40.586631774902344
2003-11-17,40.64805603027344
2003-11-18,40.89841842651367
2003-11-19,40.4449577331543
2003-11-20,40.836978912353516
2003-11-21,40.86064910888672
2003-11-24,40.525245666503906
2003-11-25,40.74729537963867
2003-11-26,40.58191680908203
2003-11-28,40.2135009765625
2003-12-01,39.98942947387695
2003-12-02,40.16032409667969
2003-12-03,39.99886703491211
2003-12-04,40.089115142822266
2003-12-05,40.729923248291016
2003-12-08,40.445167541503906
2003-12-09,40.16032409667969
2003-12-10,40.22678756713867
2003-12-11,40.516353607177734
2003-12-12,40.59231185913086
2003-12-15,40.568546295166016
2003-12-16,40.7014274597168
2003-12-17,40.97682189941406
2003-12-18,41.347076416015625
2003-12-19,41.332847595214844
2003-12-22,41.218902587890625
2003-12-23,40.753700256347656
2003-12-24,41.13825607299805
2003-12-26,41.29010009765625
2003-12-29,40.91984558105469
2003-12-30,40.753700256347656
2003-12-31,40.75370407104492
2004-01-02,40.27198791503906
2004-01-05,40.16705322265625
2004-01-06,40.61063003540039
2004-01-07,40.77277755737305
2004-01-08,40.75846862792969
2004-01-09,41.46908187866211
2004-01-12,41.435699462890625
2004-01-13,41.71704864501953
2004-01-14,41.922157287597656
2004-01-15,42.0795783996582
2004-01-16,41.78386688232422
2004-01-20,41.77431869506836
2004-01-21,41.87445068359375
2004-01-22,42.179710388183594
2004-01-23,41.674156188964844
2004-01-26,41.42140197753906
2004-01-27,41.678897857666016
2004-01-28,41.311702728271484
2004-01-29,41.225860595703125
2004-01-30,41.51201248168945
2004-02-02,41.42483901977539
2004-02-03,41.635562896728516
2004-02-04,41.554168701171875
2004-02-05,41.39133834838867
2004-02-06,41.846290588378906
2004-02-09,41.97080993652344
2004-02-10,41.73614501953125
2004-02-11,42.04739761352539
2004-02-12,41.87022399902344
2004-02-13,42.04739761352539
2004-02-17,42.01869201660156
2004-02-18,42.07612609863281
2004-02-19,42.11922836303711
2004-02-20,41.82715606689453
2004-02-23,42.08573913574219
2004-02-24,42.16234588623047
2004-02-25,42.229408264160156
2004-02-26,42.09531021118164
2004-02-27,42.45926284790039
2004-03-01,42.44293212890625
2004-03-02,42.17363357543945
2004-03-03,42.09672546386719
2004-03-04,42.284271240234375
2004-03-05,43.10163879394531
2004-03-08,43.356510162353516
2004-03-09,43.64500427246094
2004-03-10,43.616127014160156
2004-03-11,43.678688049316406
2004-03-12,43.40938186645508
2004-03-15,43.481510162353516
2004-03-16,43.8421516418457
2004-03-17,43.7700080871582
2004-03-18,43.53923797607422
2004-03-19,43.481510162353516
2004-03-22,43.7459716796875
2004-03-23,43.82292175292969
2004-03-24,43.79887008666992
2004-03-25,43.630584716796875
2004-03-26,43.16901397705078
2004-03-29,42.880489349365234
2004-03-30,42.85163497924805
2004-03-31,43.05839157104492
2004-04-01,42.91745376586914
2004-04-02,41.8554801940918
2004-04-05,41.527244567871094
2004-04-06,41.754112243652344
2004-04-07,41.65756607055664
2004-04-08,41.536865234375
2004-04-12,41.387245178222656
2004-04-13,40.93832015991211
2004-04-14,40.90456008911133
2004-04-15,40.6632194519043
2004-04-16,40.817684173583984
2004-04-19,40.730804443359375
2004-04-20,40.35908889770508
2004-04-21,40.55701446533203
2004-04-22,40.798336029052734
2004-04-23,40.56666564941406
2004-04-26,40.63425064086914
2004-04-27,40.7887077331543
2004-04-28,40.4073600769043
2004-04-29,40.209442138671875
2004-04-30,40.37356185913086
2004-05-03,40.424442291259766
2004-05-04,40.14824295043945
2004-05-05,40.03679656982422
2004-05-06,39.930179595947266
2004-05-07,39.406837463378906
2004-05-10,39.314727783203125
2004-05-11,39.49404525756836
2004-05-12,39.23234939575195
2004-05-13,39.08211898803711
2004-05-14,39.401947021484375
2004-05-17,39.750877380371094
2004-05-18,39.595829010009766
2004-05-19,39.46497344970703
2004-05-20,39.77021789550781
2004-05-21,39.6103515625
2004-05-24,39.7363166809082
2004-05-25,39.85261917114258
2004-05-26,40.06586456298828
2004-05-27,40.380855560302734
2004-05-28,40.26939392089844
2004-06-01,39.900638580322266
2004-06-02,39.798492431640625
2004-06-03,39.88118362426758
2004-06-04,39.647682189941406
2004-06-07,39.65740966796875
2004-06-08,39.73039245605469
2004-06-09,39.56013107299805
2004-06-10,39.63795852661133
2004-06-14,39.32171630859375
2004-06-15,40.153594970703125
2004-06-16,39.9979362487793
2004-06-17,40.260616302490234
2004-06-18,40.17306137084961
2004-06-21,40.20226287841797
2004-06-22,40.08064651489258
2004-06-23,40.15850830078125
2004-06-24,40.40171813964844
2004-06-25,40.440616607666016
2004-06-28,40.02711486816406
2004-06-29,40.28010940551758
2004-06-30,40.69361114501953
2004-07-01,40.76980209350586
2004-07-02,41.19963836669922
2004-07-06,41.131229400634766
2004-07-07,41.14590835571289
2004-07-08,41.170291900634766
2004-07-09,41.214290618896484
2004-07-12,41.272865295410156
2004-07-13,41.15077590942383
2004-07-14,41.16541290283203
2004-07-15,41.20937728881836
2004-07-16,41.75644302368164
2004-07-19,41.785762786865234
2004-07-20,41.40965270996094
2004-07-21,41.29734420776367
2004-07-22,41.355899810791016
2004-07-23,41.49269485473633
2004-07-26,41.29734420776367
2004-07-27,40.740509033203125
2004-07-28,40.74537658691406
2004-07-29,40.83815383911133
2004-07-30,41.316829681396484
2004-08-02,41.37079620361328
2004-08-03,41.53753662109375
2004-08-04,41.5571403503418
2004-08-05,41.674808502197266
2004-08-06,42.375999450683594
2004-08-09,42.228885650634766
2004-08-10,42.07688522338867
2004-08-11,42.25834274291992
2004-08-12,42.34658432006836
2004-08-13,42.483882904052734
2004-08-16,42.33675765991211
2004-08-17,42.577022552490234
2004-08-18,42.3711051940918
2004-08-19,42.47402572631836
2004-08-20,42.434837341308594
2004-08-23,42.18967819213867
2004-08-24,42.214176177978516
2004-08-25,42.36127853393555
2004-08-26,42.60154342651367
2004-08-27,42.57218933105469
2004-08-30,42.77316665649414
2004-08-31,43.03797149658203
2004-09-01,43.082244873046875
2004-09-02,42.65888214111328
2004-09-03,42.66379928588867
2004-09-07,42.6195068359375
2004-09-08,42.9788932800293
2004-09-09,42.816410064697266
2004-09-10,42.880393981933594
2004-09-13,43.067481994628906
2004-09-14,43.11180114746094
2004-09-15,43.01335144042969
2004-09-16,43.50075912475586
2004-09-17,43.284122467041016
2004-09-20,43.56966018676758
2004-09-21,43.69767761230469
2004-09-22,44.150604248046875
2004-09-23,43.973365783691406
2004-09-24,44.02751541137695
2004-09-27,44.21952819824219
2004-09-28,44.0422477722168
2004-09-29,43.61397933959961
2004-09-30,43.44658660888672
2004-10-01,43.229576110839844
2004-10-04,43.2938232421875
2004-10-05,43.2938232421875
2004-10-06,43.09611511230469
2004-10-07,42.90825653076172
2004-10-08,43.476715087890625
2004-10-11,43.52121353149414
2004-10-12,43.62009811401367
2004-10-13,43.77826690673828
2004-10-14,43.98591995239258
2004-10-15,43.83266067504883
2004-10-18,43.852413177490234
2004-10-19,43.96612548828125
2004-10-20,44.26767349243164
2004-10-21,44.29734420776367
2004-10-22,44.40117645263672
2004-10-25,44.435768127441406
2004-10-26,44.302276611328125
2004-10-27,43.86727523803711
2004-10-28,44.01064682006836
2004-10-29,44.21330261230469
2004-11-01,43.93833923339844
2004-11-02,44.00286865234375
2004-11-03,44.02269744873047
2004-11-04,44.06739807128906
2004-11-05,43.58588409423828
2004-11-08,43.432003021240234
2004-11-09,43.40719985961914
2004-11-10,43.24337387084961
2004-11-11,43.149078369140625
2004-11-12,43.61564254760742
2004-11-15,43.655372619628906
2004-11-16,43.655372619628906
2004-11-17,44.02762222290039
2004-11-18,44.16170120239258
2004-11-19,43.80924606323242
2004-11-22,44.03760528564453
2004-11-23,44.09218215942383
2004-11-24,44.09218215942383
2004-11-26,43.80427932739258
2004-11-29,43.33768844604492
2004-11-30,43.154029846191406
2004-12-01,43.08677291870117
2004-12-02,42.912349700927734
2004-12-03,43.580177307128906
2004-12-06,43.72969436645508
2004-12-07,43.784507751464844
2004-12-08,44.46736526489258
2004-12-09,44.17326354980469
2004-12-10,44.2829475402832
2004-12-13,44.377647399902344
2004-12-14,44.55205535888672
2004-12-15,44.955772399902344
2004-12-16,44.2928581237793
2004-12-17,44.233070373535156
2004-12-20,44.3128547668457
2004-12-21,44.44740676879883
2004-12-22,44.297847747802734
2004-12-23,44.1533203125
2004-12-27,43.80943298339844
2004-12-28,43.77455520629883
2004-12-29,43.72969436645508
2004-12-30,44.02375411987305
2004-12-31,44.30142593383789
2005-01-03,44.396484375
2005-01-04,43.931217193603516
2005-01-05,44.16635513305664
2005-01-06,44.19636154174805
2005-01-07,44.29643630981445
2005-01-10,44.36648941040039
2005-01-11,44.62663650512695
2005-01-12,44.686649322509766
2005-01-13,45.11692428588867
2005-01-14,45.11192321777344
2005-01-18,45.26200485229492
2005-01-19,45.392093658447266
2005-01-20,45.48212432861328
2005-01-21,45.53215408325195
2005-01-24,45.72728729248047
2005-01-25,45.29701614379883
2005-01-26,45.382049560546875
2005-01-27,45.29701614379883
2005-01-28,45.75229263305664
2005-01-31,45.88238525390625
2005-02-01,45.80954360961914
2005-02-02,45.91500473022461
2005-02-03,45.8898811340332
2005-02-04,46.52769088745117
2005-02-07,46.874176025390625
2005-02-08,47.14034652709961
2005-02-09,47.265907287597656
2005-02-10,46.628135681152344
2005-02-11,46.59799575805664
2005-02-14,46.74365234375
2005-02-15,46.50762176513672
2005-02-16,46.33184051513672
2005-02-17,46.04057693481445
2005-02-18,45.628780364990234
2005-02-22,45.42793273925781
2005-02-23,45.57854080200195
2005-02-24,45.478153228759766
2005-02-25,45.69908142089844
2005-02-28,45.20692825317383
2005-03-01,45.19281005859375
2005-03-02,45.13237762451172
2005-03-03,45.10718536376953
2005-03-04,45.59584045410156
2005-03-07,45.777198791503906
2005-03-08,45.34396743774414
2005-03-09,44.603416442871094
2005-03-10,44.875457763671875
2005-03-11,44.54802322387695
2005-03-14,44.81502151489258
2005-03-15,44.53288650512695
2005-03-16,44.80490493774414
2005-03-17,44.95103073120117
2005-03-18,44.66891860961914
2005-03-21,44.54294967651367
2005-03-22,44.16512680053711
2005-03-23,44.37672424316406
2005-03-24,44.46737289428711
2005-03-28,44.19539260864258
2005-03-29,44.45731735229492
2005-03-30,44.67898941040039
2005-03-31,45.00136947631836
2005-04-01,45.15309143066406
2005-04-04,45.14298629760742
2005-04-05,45.02669143676758
2005-04-06,45.183433532714844
2005-04-07,44.81937789916992
2005-04-08,44.976112365722656
2005-04-11,45.21879196166992
2005-04-12,45.63846969604492
2005-04-13,45.52724838256836
2005-04-14,45.456443786621094
2005-04-15,46.058170318603516
2005-04-18,46.02280044555664
2005-04-19,46.467735290527344
2005-04-20,46.3514518737793
2005-04-21,45.866024017333984
2005-04-22,46.25028610229492
2005-04-25,46.38682556152344
2005-04-26,46.31605911254883
2005-04-27,46.47785568237305
2005-04-28,46.821659088134766
2005-04-29,46.74080276489258
2005-05-02,46.7306022644043
2005-05-03,46.85751724243164
2005-05-04,46.446441650390625
2005-05-05,46.55302047729492
2005-05-06,46.207977294921875
2005-05-09,46.25364303588867
2005-05-10,46.58346176147461
2005-05-11,46.7255744934082
2005-05-12,46.90826416015625
2005-05-13,47.09091567993164
2005-05-16,47.03507995605469
2005-05-17,47.16703796386719
2005-05-18,47.48162078857422
2005-05-19,47.35984802246094
2005-05-20,47.415679931640625
2005-05-23,47.78612518310547
2005-05-24,47.91804122924805
2005-05-25,47.58311080932617
2005-05-26,47.56792068481445
2005-05-27,47.618629455566406
2005-05-31,48.207298278808594
2005-06-01,48.79756164550781
2005-06-02,48.91471862792969
2005-06-03,48.51237487792969
2005-06-06,48.767024993896484
2005-06-07,49.15412521362305
2005-06-08,48.91985321044922
2005-06-09,48.879093170166016
2005-06-10,48.329017639160156
2005-06-13,48.038700103759766
2005-06-14,47.72294616699219
2005-06-15,47.809532165527344
2005-06-16,48.04889678955078
2005-06-17,48.04379653930664
2005-06-20,47.9622917175293
2005-06-21,48.31377410888672
2005-06-22,48.899444580078125
2005-06-23,48.848480224609375
2005-06-24,49.09296417236328
2005-06-27,49.225425720214844
2005-06-28,48.88925552368164
2005-06-29,48.81288528442383
2005-06-30,49.250858306884766
2005-07-01,48.653953552246094
2005-07-05,48.1939811706543
2005-07-06,48.45974349975586
2005-07-07,48.56195831298828
2005-07-08,48.36262512207031
2005-07-11,48.36262512207031
2005-07-12,48.0918083190918
2005-07-13,48.02022933959961
2005-07-14,47.8975715637207
2005-07-15,48.02533721923828
2005-07-18,47.667606353759766
2005-07-19,47.836246490478516
2005-07-20,48.096900939941406
2005-07-21,47.442657470703125
2005-07-22,47.81070327758789
2005-07-25,47.636940002441406
2005-07-26,47.71359634399414
2005-07-27,47.636940002441406
2005-07-28,48.061100006103516
2005-07-29,47.58584213256836
2005-08-01,47.40885925292969
2005-08-02,47.254966735839844
2005-08-03,47.48579406738281
2005-08-04,47.38833236694336
2005-08-05,47.019012451171875
2005-08-08,46.93178939819336
2005-08-09,47.10617446899414
2005-08-10,47.054874420166016
2005-08-11,47.38317108154297
2005-08-12,47.86540222167969
2005-08-15,47.742279052734375
2005-08-16,48.075706481933594
2005-08-17,47.757667541503906
2005-08-18,48.11161804199219
2005-08-19,48.10649871826172
2005-08-22,48.05519485473633
2005-08-23,48.275787353515625
2005-08-24,48.321964263916016
2005-08-25,48.47581481933594
2005-08-26,48.460411071777344
2005-08-29,48.522003173828125
2005-08-30,48.82978820800781
2005-08-31,49.24013137817383
2005-09-01,48.94364929199219
2005-09-02,48.984825134277344
2005-09-06,48.63996887207031
2005-09-07,48.18181228637695
2005-09-08,48.23326873779297
2005-09-09,48.387672424316406
2005-09-12,48.05307388305664
2005-09-13,48.30532455444336
2005-09-14,48.12004852294922
2005-09-15,47.72365951538086
2005-09-16,47.40964889526367
2005-09-19,47.5125846862793
2005-09-20,47.63615798950195
2005-09-21,48.0788459777832
2005-09-22,48.03254699707031
2005-09-23,47.672203063964844
2005-09-26,47.455955505371094
2005-09-27,47.522891998291016
2005-09-28,47.8420524597168
2005-09-29,47.6258659362793
2005-09-30,47.46114730834961
2005-10-03,47.090087890625
2005-10-04,47.2451286315918
2005-10-05,47.45183563232422
2005-10-06,47.27094650268555
2005-10-07,47.4621467590332
2005-10-10,47.43115234375
2005-10-11,47.332969665527344
2005-10-12,46.873008728027344
2005-10-13,46.70246124267578
2005-10-14,46.63013458251953
2005-10-17,46.619781494140625
2005-10-18,46.671451568603516
2005-10-19,46.69215774536133
2005-10-20,46.816162109375
2005-10-21,47.250282287597656
2005-10-24,46.883392333984375
2005-10-25,46.480247497558594
2005-10-26,46.13917541503906
2005-10-27,46.304569244384766
2005-10-28,46.30972671508789
2005-10-31,46.397586822509766
2005-11-01,46.3441276550293
2005-11-02,46.126075744628906
2005-11-03,45.81462478637695
2005-11-04,45.741973876953125
2005-11-07,45.89772415161133
2005-11-08,46.3441276550293
2005-11-09,45.86656188964844
2005-11-10,46.42717742919922
2005-11-11,46.45314407348633
2005-11-14,46.1053466796875
2005-11-15,46.40640640258789
2005-11-16,46.89436721801758
2005-11-17,47.008544921875
2005-11-18,46.79050827026367
2005-11-21,46.9306640625
2005-11-22,46.99294662475586
2005-11-23,46.811279296875
2005-11-25,46.98257064819336
2005-11-28,47.21617126464844
2005-11-29,46.76976013183594
2005-11-30,46.717838287353516
2005-12-01,46.64482498168945
2005-12-02,46.660518646240234
2005-12-05,46.45194625854492
2005-12-06,46.926414489746094
2005-12-07,46.74910354614258
2005-12-08,47.05150604248047
2005-12-09,46.68133544921875
2005-12-12,46.59272384643555
2005-12-13,46.7647590637207
2005-12-14,47.24440002441406
2005-12-15,47.12971496582031
2005-12-16,47.28609848022461
2005-12-19,47.3330192565918
2005-12-20,47.275672912597656
2005-12-21,47.19226837158203
2005-12-22,47.567649841308594
2005-12-23,47.8596305847168
2005-12-27,48.250572204589844
2005-12-28,48.116092681884766
2005-12-29,48.22075271606445
2005-12-30,48.11082458496094
2006-01-03,48.04801559448242
2006-01-04,48.1632080078125
2006-01-05,48.10557556152344
2006-01-06,48.01662063598633
2006-01-09,48.04801559448242
2006-01-10,47.660606384277344
2006-01-11,47.582069396972656
2006-01-12,47.90141296386719
2006-01-13,48.178863525390625
2006-01-17,48.39352035522461
2006-01-18,48.3778190612793
2006-01-19,48.236488342285156
2006-01-20,48.36210250854492
2006-01-23,48.34638214111328
2006-01-24,48.11082458496094
2006-01-25,47.58731460571289
2006-01-26,47.38315200805664
2006-01-27,47.38315200805664
2006-01-30,47.33601760864258
2006-01-31,47.46691131591797
2006-02-01,47.3045654296875
2006-02-02,47.39391326904297
2006-02-03,47.7301139831543
2006-02-06,47.824737548828125
2006-02-07,47.598777770996094
2006-02-08,47.48844528198242
2006-02-09,47.70389175415039
2006-02-10,47.44118118286133
2006-02-13,47.446441650390625
2006-02-14,47.27830123901367
2006-02-15,47.39391326904297
2006-02-16,47.40435791015625
2006-02-17,47.78263854980469
2006-02-21,47.70389175415039
2006-02-22,48.02960968017578
2006-02-23,47.908790588378906
2006-02-24,47.83522033691406
2006-02-27,47.75640106201172
2006-02-28,47.99281692504883
2006-03-01,47.70280838012695
2006-03-02,47.370689392089844
2006-03-03,47.09653091430664
2006-03-06,46.68529510498047
2006-03-07,46.716949462890625
2006-03-08,46.70115661621094
2006-03-09,46.716949462890625
2006-03-10,46.54296875
2006-03-13,46.50605010986328
2006-03-14,46.81708526611328
2006-03-15,46.56403732299805
2006-03-16,46.985809326171875
2006-03-17,46.84345245361328
2006-03-20,46.917259216308594
2006-03-21,46.67477035522461
2006-03-22,46.77489471435547
2006-03-23,46.62734603881836
2006-03-24,46.97000503540039
2006-03-27,46.795997619628906
2006-03-28,46.35842514038086
2006-03-29,46.13697052001953
2006-03-30,45.81538009643555
2006-03-31,45.79954147338867
2006-04-03,45.814388275146484
2006-04-04,45.76677703857422
2006-04-05,45.83024215698242
2006-04-06,45.4809455871582
2006-04-07,45.03649139404297
2006-04-10,45.1211051940918
2006-04-11,45.27988052368164
2006-04-12,45.00468826293945
2006-04-13,44.687198638916016
2006-04-17,44.8511962890625
2006-04-18,44.930633544921875
2006-04-19,44.65541458129883
2006-04-20,44.61832046508789
2006-04-21,44.87766647338867
2006-04-24,45.0576057434082
2006-04-25,44.52307891845703
2006-04-26,44.449031829833984
2006-04-27,44.50722122192383
2006-04-28,44.538963317871094
2006-05-01,44.204246520996094
2006-05-02,44.32112121582031
2006-05-03,44.22550964355469
2006-05-04,44.15113830566406
2006-05-05,44.41679763793945
2006-05-08,44.443336486816406
2006-05-09,44.41679763793945
2006-05-10,44.496463775634766
2006-05-11,44.27863693237305
2006-05-12,43.91203308105469
2006-05-15,44.087398529052734
2006-05-16,44.41679763793945
2006-05-17,44.1405143737793
2006-05-18,44.74087905883789
2006-05-19,44.8577766418457
2006-05-22,44.95342254638672
2006-05-23,44.92680740356445
2006-05-24,44.94807052612305
2006-05-25,44.77276611328125
2006-05-26,44.74087905883789
2006-05-30,44.7195930480957
2006-05-31,44.45396423339844
2006-06-01,44.65239715576172
2006-06-02,45.22847366333008
2006-06-05,45.16981887817383
2006-06-06,45.3831901550293
2006-06-07,45.39387893676758
2006-06-08,45.48457336425781
2006-06-09,45.724586486816406
2006-06-12,45.76188278198242
2006-06-13,45.7939338684082
2006-06-14,45.335208892822266
2006-06-15,45.07377624511719
2006-06-16,44.97242736816406
2006-06-19,44.90842819213867
2006-06-20,44.83376693725586
2006-06-21,44.844478607177734
2006-06-22,44.588375091552734
2006-06-23,44.49770736694336
2006-06-26,44.412353515625
2006-06-27,44.631072998046875
2006-06-28,44.3963623046875
2006-06-29,44.545719146728516
2006-06-30,44.977787017822266
2006-07-03,44.93334197998047
2006-07-05,44.57455825805664
2006-07-06,44.84763717651367
2006-07-07,45.1368293762207
2006-07-10,45.179664611816406
2006-07-11,45.32423782348633
2006-07-12,45.334964752197266
2006-07-13,45.51169204711914
2006-07-14,45.538448333740234
2006-07-17,45.60805892944336
2006-07-18,45.217159271240234
2006-07-19,45.64556884765625
2006-07-20,45.7794075012207
2006-07-21,45.693756103515625
2006-07-24,45.666969299316406
2006-07-25,45.53306198120117
2006-07-26,45.69908905029297
2006-07-27,45.62947082519531
2006-07-28,45.89186096191406
2006-07-31,45.9508056640625
2006-08-01,45.94646072387695
2006-08-02,46.11848449707031
2006-08-03,46.12929153442383
2006-08-04,46.40884780883789
2006-08-07,46.435733795166016
2006-08-08,46.33354949951172
2006-08-09,46.183013916015625
2006-08-10,46.113136291503906
2006-08-11,45.914180755615234
2006-08-14,45.833580017089844
2006-08-15,46.22068786621094
2006-08-16,46.53252410888672
2006-08-17,46.51640319824219
2006-08-18,46.65077590942383
2006-08-21,46.81742858886719
2006-08-22,46.83353805541992
2006-08-23,46.85508728027344
2006-08-24,46.94110107421875
2006-08-25,47.01102066040039
2006-08-28,47.05402755737305
2006-08-29,47.1185188293457
2006-08-30,47.242183685302734
2006-08-31,47.35508346557617
2006-09-01,47.371280670166016
2006-09-05,47.07441711425781
2006-09-06,47.009620666503906
2006-09-07,47.101383209228516
2006-09-08,47.13917922973633
2006-09-11,47.09602737426758
2006-09-12,47.33351516723633
2006-09-13,47.35506057739258
2006-09-14,47.24711608886719
2006-09-15,47.2093505859375
2006-09-18,47.13373947143555
2006-09-19,47.66274642944336
2006-09-20,47.73290252685547
2006-09-21,48.17015075683594
2006-09-22,48.407676696777344
2006-09-25,48.747718811035156
2006-09-26,48.54262924194336
2006-09-27,48.402252197265625
2006-09-28,48.321285247802734
2006-09-29,48.26193618774414
2006-10-02,48.394161224365234
2006-10-03,48.32914733886719
2006-10-04,48.681373596191406
2006-10-05,48.3399658203125
2006-10-06,47.83597946166992
2006-10-09,47.96601104736328
2006-10-10,47.58671188354492
2006-10-11,47.44577407836914
2006-10-12,47.472862243652344
2006-10-13,47.23443603515625
2006-10-16,47.44577407836914
2006-10-17,47.483680725097656
2006-10-18,47.58125686645508
2006-10-19,47.494544982910156
2006-10-20,47.44577407836914
2006-10-23,47.25606918334961
2006-10-24,47.25606918334961
2006-10-25,47.630062103271484
2006-10-26,47.93891143798828
2006-10-27,48.1611442565918
2006-10-30,48.2966194152832
2006-10-31,48.67053985595703
2006-11-01,48.939842224121094
2006-11-02,48.73857116699219
2006-11-03,48.161869049072266
2006-11-06,48.303306579589844
2006-11-07,48.5263786315918
2006-11-08,48.70044708251953
2006-11-09,48.67326354980469
2006-11-10,48.88542556762695
2006-11-13,48.87453842163086
2006-11-14,49.0649299621582
2006-11-15,48.879966735839844
2006-11-16,48.65694046020508
2006-11-17,48.934383392333984
2006-11-20,49.01055908203125
2006-11-21,49.130226135253906
2006-11-22,49.21183395385742
2006-11-24,49.29887771606445
2006-11-27,49.47838592529297
2006-11-28,49.58177185058594
2006-11-29,49.46751022338867
2006-11-30,49.79391098022461
2006-12-01,49.920616149902344
2006-12-04,50.00798034667969
2006-12-05,49.773189544677734
2006-12-06,49.67488098144531
2006-12-07,49.63666915893555
2006-12-08,49.276248931884766
2006-12-11,49.48923873901367
2006-12-12,49.59298324584961
2006-12-13,49.15069580078125
2006-12-14,48.970489501953125
2006-12-15,48.99776077270508
2006-12-18,49.014156341552734
2006-12-19,48.94865036010742
2006-12-20,48.94316482543945
2006-12-21,49.18891906738281
2006-12-22,48.8121223449707
2006-12-26,48.959529876708984
2006-12-27,48.59957504272461
2006-12-28,48.48994064331055
2006-12-29,48.45160675048828
2007-01-03,48.796810150146484
2007-01-04,49.09269332885742
2007-01-05,48.87900924682617
2007-01-08,48.96666717529297
2007-01-09,48.96666717529297
2007-01-10,48.74748992919922
2007-01-11,48.46262741088867
2007-01-12,48.23793411254883
2007-01-16,48.342037200927734
2007-01-17,48.194087982177734
2007-01-18,48.342037200927734
2007-01-19,48.21058654785156
2007-01-22,48.32558059692383
2007-01-23,48.007808685302734
2007-01-24,48.002376556396484
2007-01-25,47.657169342041016
2007-01-26,47.61881637573242
2007-01-29,47.514732360839844
2007-01-30,47.56952667236328
2007-01-31,47.969478607177734
2007-02-01,47.91175079345703
2007-02-02,47.972206115722656
2007-02-05,48.03825378417969
2007-02-06,48.302303314208984
2007-02-07,48.445343017578125
2007-02-08,48.48387145996094
2007-02-09,48.20878601074219
2007-02-12,48.09877395629883
2007-02-13,47.99422073364258
2007-02-14,48.45086669921875
2007-02-15,48.5938720703125
2007-02-16,48.7644157409668
2007-02-20,48.87446594238281
2007-02-21,48.79192352294922
2007-02-22,48.52788162231445
2007-02-23,48.87446594238281
2007-02-26,49.199039459228516
2007-02-27,49.82072830200195
2007-02-28,49.59514617919922
2007-03-01,49.563663482666016
2007-03-02,49.812164306640625
2007-03-05,49.8950080871582
2007-03-06,49.745880126953125
2007-03-07,49.93918991088867
2007-03-08,49.8950080871582
2007-03-09,49.37037658691406
2007-03-12,49.563663482666016
2007-03-13,49.86188888549805
2007-03-14,49.63544845581055
2007-03-15,49.629947662353516
2007-03-16,49.618892669677734
2007-03-19,49.51398468017578
2007-03-20,49.54155349731445
2007-03-21,49.563663482666016
2007-03-22,49.17158889770508
2007-03-23,49.033512115478516
2007-03-26,49.09425735473633
2007-03-27,49.011409759521484
2007-03-28,48.91201400756836
2007-03-29,48.84574508666992
2007-03-30,48.751827239990234
2007-04-02,48.83279037475586
2007-04-03,48.77181625366211
2007-04-04,48.82172393798828
2007-04-05,48.63878631591797
2007-04-09,48.31731033325195
2007-04-10,48.46139144897461
2007-04-11,48.42816162109375
2007-04-12,48.439266204833984
2007-04-13,48.28960418701172
2007-04-16,48.55567169189453
2007-04-17,48.82726287841797
2007-04-18,49.07113265991211
2007-04-19,48.987979888916016
2007-04-20,48.86051940917969
2007-04-23,49.037933349609375
2007-04-24,49.220802307128906
2007-04-25,49.04898452758789
2007-04-26,48.6942138671875
2007-04-27,48.68315124511719
2007-04-30,49.193058013916016
2007-05-01,49.22869873046875
2007-05-02,49.20084762573242
2007-05-03,49.0896110534668
2007-05-04,49.28989791870117
2007-05-07,49.42340850830078
2007-05-08,49.3121337890625
2007-05-09,49.1174201965332
2007-05-10,49.23426055908203
2007-05-11,49.061824798583984
2007-05-14,48.9338264465332
2007-05-15,48.917137145996094
2007-05-16,48.88377380371094
2007-05-17,48.68352508544922
2007-05-18,48.360809326171875
2007-05-21,48.505428314208984
2007-05-22,48.255165100097656
2007-05-23,48.11604690551758
2007-05-24,48.16053009033203
2007-05-25,48.04926681518555
2007-05-29,48.04372787475586
2007-05-30,48.143856048583984
2007-05-31,48.05482482910156
2007-06-01,47.80241012573242
2007-06-04,48.020225524902344
2007-06-05,47.7186164855957
2007-06-06,47.6962890625
2007-06-07,46.8417854309082
2007-06-08,46.802711486816406
2007-06-11,46.668636322021484
2007-06-12,45.992881774902344
2007-06-13,46.54020309448242
2007-06-14,46.42292404174805
2007-06-15,46.741241455078125
2007-06-18,46.64630889892578
2007-06-19,47.08195495605469
2007-06-20,46.7021598815918
2007-06-21,46.4787483215332
2007-06-22,46.78032684326172
2007-06-25,47.0372428894043
2007-06-26,47.048465728759766
2007-06-27,47.0931396484375
2007-06-28,47.08195495605469
2007-06-29,47.5678596496582
2007-07-02,47.817901611328125
2007-07-03,47.52633285522461
2007-07-05,46.993751525878906
2007-07-06,46.8031120300293
2007-07-09,46.97132873535156
2007-07-10,47.767398834228516
2007-07-11,47.27404022216797
2007-07-12,47.11148452758789
2007-07-13,47.240440368652344
2007-07-16,47.69454574584961
2007-07-17,47.59363555908203
2007-07-18,47.77303695678711
2007-07-19,47.76182174682617
2007-07-20,48.19355773925781
2007-07-23,48.11505126953125
2007-07-24,48.29442596435547
2007-07-25,48.38972854614258
2007-07-26,48.7934455871582
2007-07-27,48.933563232421875
2007-07-30,48.7934455871582
2007-07-31,49.14663314819336
2007-08-01,49.040245056152344
2007-08-02,49.16408157348633
2007-08-03,49.490516662597656
2007-08-06,49.13029479980469
2007-08-07,49.090904235839844
2007-08-08,48.49429702758789
2007-08-09,48.56182098388672
2007-08-10,48.449283599853516
2007-08-13,48.58999252319336
2007-08-14,48.719451904296875
2007-08-15,48.544952392578125
2007-08-16,49.0458869934082
2007-08-17,48.84890365600586
2007-08-20,48.87702178955078
2007-08-21,49.113441467285156
2007-08-22,49.03461837768555
2007-08-23,49.203495025634766
2007-08-24,49.44549560546875
2007-08-27,49.70439910888672
2007-08-28,49.78883361816406
2007-08-29,49.65375900268555
2007-08-30,49.98581314086914
2007-08-31,50.02525329589844
2007-09-04,50.048946380615234
2007-09-05,50.450218200683594
2007-09-06,50.32025146484375
2007-09-07,51.032325744628906
2007-09-10,51.42790985107422
2007-09-11,51.38832473754883
2007-09-12,51.19620132446289
2007-09-13,50.73841857910156
2007-09-14,50.81191635131836
2007-09-17,51.054935455322266
2007-09-18,50.67060852050781
2007-09-19,50.20157241821289
2007-09-20,49.25213623046875
2007-09-21,49.67033767700195
2007-09-24,49.81159210205078
2007-09-25,49.63637924194336
2007-09-26,49.681617736816406
2007-09-27,50.02632141113281
2007-09-28,50.139400482177734
2007-10-01,50.42593002319336
2007-10-02,50.58477020263672
2007-10-03,50.437252044677734
2007-10-04,50.630096435546875
2007-10-05,50.0854606628418
2007-10-08,50.045799255371094
2007-10-09,49.98338317871094
2007-10-10,50.0117301940918
2007-10-11,49.96070098876953
2007-10-12,49.71670150756836
2007-10-15,49.7280387878418
2007-10-16,49.74504089355469
2007-10-17,50.28969955444336
2007-10-18,50.56772232055664
2007-10-19,51.322330474853516
2007-10-22,51.3280143737793
2007-10-23,51.2598876953125
2007-10-24,51.640010833740234
2007-10-25,51.46416091918945
2007-10-26,51.3449821472168
2007-10-29,51.543582916259766
2007-10-30,51.51519012451172
2007-10-31,51.04997634887695
2007-11-01,51.71329879760742
2007-11-02,51.87852096557617
2007-11-05,51.85575866699219
2007-11-06,51.60502243041992
2007-11-07,51.69619369506836
2007-11-08,51.60502243041992
2007-11-09,52.04376983642578
2007-11-12,52.231834411621094
2007-11-13,52.03810119628906
2007-11-14,52.09505081176758
2007-11-15,52.58510208129883
2007-11-16,52.65922546386719
2007-11-19,53.0011100769043
2007-11-20,52.944129943847656
2007-11-21,53.25183868408203
2007-11-23,53.41142272949219
2007-11-26,54.46564483642578
2007-11-27,53.94706344604492
2007-11-28,53.5823860168457
2007-11-29,54.043922424316406
2007-11-30,53.781829833984375
2007-12-03,54.20859146118164
2007-12-04,54.202880859375
2007-12-05,53.55635452270508
2007-12-06,53.087223052978516
2007-12-07,52.492210388183594
2007-12-10,52.1776123046875
2007-12-11,53.2016716003418
2007-12-12,52.65243148803711
2007-12-13,52.08029556274414
2007-12-14,51.84001922607422
2007-12-17,52.303443908691406
2007-12-18,52.640968322753906
2007-12-19,53.338958740234375
2007-12-20,53.22453308105469
2007-12-21,52.44649124145508
2007-12-24,52.20048904418945
2007-12-26,51.74278259277344
2007-12-27,52.30685806274414
2007-12-28,53.12251281738281
2007-12-31,53.44422912597656
2008-01-02,54.2138786315918
2008-01-03,54.13927459716797
2008-01-04,54.15074157714844
2008-01-07,54.386268615722656
2008-01-08,54.323055267333984
2008-01-09,54.426456451416016
2008-01-10,53.69119644165039
2008-01-11,54.11052703857422
2008-01-14,54.311546325683594
2008-01-15,54.92048263549805
2008-01-16,54.52411651611328
2008-01-17,55.23068618774414
2008-01-18,54.851497650146484
2008-01-22,55.43747329711914
2008-01-23,55.311073303222656
2008-01-24,54.202449798583984
2008-01-25,55.11575698852539
2008-01-28,54.908958435058594
2008-01-29,54.53558349609375
2008-01-30,54.17947006225586
2008-01-31,54.56435012817383
2008-02-01,54.89227294921875
2008-02-04,54.32743453979492
2008-02-05,54.74242401123047
2008-02-06,54.57523727416992
2008-02-07,53.399375915527344
2008-02-08,54.010345458984375
2008-02-11,54.23514175415039
2008-02-12,53.912391662597656
2008-02-13,53.341739654541016
2008-02-14,52.557838439941406
2008-02-15,52.96126174926758
2008-02-19,52.42524337768555
2008-02-20,52.78835678100586
2008-02-21,53.347511291503906
2008-02-22,53.0419921875
2008-02-25,52.500160217285156
2008-02-26,52.517478942871094
2008-02-27,52.56356430053711
2008-02-28,53.49739074707031
2008-02-29,54.31587219238281
2008-03-03,54.17585372924805
2008-03-04,53.649375915527344
2008-03-05,53.00721740722656
2008-03-06,53.29067611694336
2008-03-07,53.36009979248047
2008-03-10,54.146976470947266
2008-03-11,53.684120178222656
2008-03-12,54.71971893310547
2008-03-13,54.2916374206543
2008-03-14,54.96271514892578
2008-03-17,55.38506317138672
2008-03-18,55.170955657958984
2008-03-19,56.085113525390625
2008-03-20,56.22395706176758
2008-03-24,55.13630294799805
2008-03-25,55.36772537231445
2008-03-26,55.13630294799805
2008-03-27,54.748695373535156
2008-03-28,55.280941009521484
2008-03-31,55.47763442993164
2008-04-01,54.57475662231445
2008-04-02,54.690940856933594
2008-04-03,54.81296157836914
2008-04-04,55.31261444091797
2008-04-07,55.0221061706543
2008-04-08,54.83036422729492
2008-04-09,55.39975357055664
2008-04-10,55.213863372802734
2008-04-11,55.585670471191406
2008-04-14,55.26030349731445
2008-04-15,54.57475662231445
2008-04-16,54.040164947509766
2008-04-17,53.94721603393555
2008-04-18,53.9007682800293
2008-04-21,54.11571502685547
2008-04-22,54.30166244506836
2008-04-23,54.12153244018555
2008-04-24,53.66250991821289
2008-04-25,53.34877395629883
2008-04-28,53.51150131225586
2008-04-29,53.714839935302734
2008-04-30,54.09830856323242
2008-05-01,54.10176467895508
2008-05-02,53.41956329345703
2008-05-05,53.41956329345703
2008-05-06,53.0346794128418
2008-05-07,53.262115478515625
2008-05-08,53.740257263183594
2008-05-09,53.938533782958984
2008-05-12,53.85692596435547
2008-05-13,53.267940521240234
2008-05-14,53.2912483215332
2008-05-15,53.775245666503906
2008-05-16,53.55363082885742
2008-05-19,53.623619079589844
2008-05-20,53.903533935546875
2008-05-21,53.9151611328125
2008-05-22,53.27958679199219
2008-05-23,53.512813568115234
2008-05-27,53.15132522583008
2008-05-28,52.67899703979492
2008-05-29,52.29994583129883
2008-05-30,52.643985748291016
2008-06-02,52.84709548950195
2008-06-03,53.22749710083008
2008-06-04,52.75345993041992
2008-06-05,52.437400817871094
2008-06-06,53.116310119628906
2008-06-09,53.116310119628906
2008-06-10,52.77096939086914
2008-06-11,52.64811706542969
2008-06-12,52.12136459350586
2008-06-13,52.010154724121094
2008-06-16,52.021888732910156
2008-06-17,52.12724685668945
2008-06-18,52.56618118286133
2008-06-19,52.25598907470703
2008-06-20,52.560302734375
2008-06-23,52.6715087890625
2008-06-24,53.02265548706055
2008-06-25,53.04606246948242
2008-06-26,53.403053283691406
2008-06-27,54.029258728027344
2008-06-30,54.04093933105469
2008-07-01,53.91295623779297
2008-07-02,54.19485855102539
2008-07-03,54.07740783691406
2008-07-07,54.32408905029297
2008-07-08,54.67648696899414
2008-07-09,54.917301177978516
2008-07-10,54.911434173583984
2008-07-11,54.130252838134766
2008-07-14,54.60601806640625
2008-07-15,54.5883674621582
2008-07-16,53.60163879394531
2008-07-17,53.3255615234375
2008-07-18,53.1258659362793
2008-07-21,53.3314208984375
2008-07-22,53.06713104248047
2008-07-23,52.961402893066406
2008-07-24,53.478294372558594
2008-07-25,52.943790435791016
2008-07-28,53.478294372558594
2008-07-29,53.260955810546875
2008-07-30,53.313804626464844
2008-07-31,53.84239196777344
2008-08-01,53.961490631103516
2008-08-04,53.83768844604492
2008-08-05,53.436866760253906
2008-08-06,53.21878433227539
2008-08-07,54.0853271484375
2008-08-08,54.232662200927734
2008-08-11,53.71393966674805
2008-08-12,54.215003967285156
2008-08-13,54.026329040527344
2008-08-14,54.374122619628906
2008-08-15,54.845760345458984
2008-08-18,55.06383514404297
2008-08-19,54.85161209106445
2008-08-20,55.004920959472656
2008-08-21,54.90471649169922
2008-08-22,54.86932373046875
2008-08-25,55.41752624511719
2008-08-26,55.46469497680664
2008-08-27,55.55900955200195
2008-08-28,55.56492614746094
2008-08-29,55.31730270385742
2008-09-02,55.832027435302734
2008-09-03,56.06870651245117
2008-09-04,56.518348693847656
2008-09-05,56.48871994018555
2008-09-08,56.725372314453125
2008-09-09,57.287498474121094
2008-09-10,56.93246078491211
2008-09-11,56.902870178222656
2008-09-12,56.1693000793457
2008-09-15,57.991493225097656
2008-09-16,57.979610443115234
2008-09-17,58.269569396972656
2008-09-18,57.4175910949707
2008-09-19,55.59539794921875
2008-09-22,55.58946990966797
2008-09-23,55.376522064208984
2008-09-24,55.61903762817383
2008-09-25,55.50663757324219
2008-09-26,55.90897750854492
2008-09-29,57.53592300415039
2008-09-30,56.133785247802734
2008-10-01,56.83995819091797
2008-10-02,57.29695510864258
2008-10-03,57.80135726928711
2008-10-06,58.851722717285156
2008-10-07,58.673702239990234
2008-10-08,57.83101272583008
2008-10-09,57.34440231323242
2008-10-10,56.940853118896484
2008-10-13,56.21092987060547
2008-10-14,55.848880767822266
2008-10-15,56.383026123046875
2008-10-16,56.0922737121582
2008-10-17,55.706485748291016
2008-10-20,56.15159606933594
2008-10-21,56.44831848144531
2008-10-22,57.593631744384766
2008-10-23,58.020931243896484
2008-10-24,57.403770446777344
2008-10-27,57.44532012939453
2008-10-28,56.60851287841797
2008-10-29,56.32367706298828
2008-10-30,55.813350677490234
2008-10-31,55.08928298950195
2008-11-03,55.2382926940918
2008-11-04,56.27496337890625
2008-11-05,56.942298889160156
2008-11-06,56.53116226196289
2008-11-07,56.16176986694336
2008-11-10,56.43585968017578
2008-11-11,56.6026611328125
2008-11-12,56.96614074707031
2008-11-13,55.60171890258789
2008-11-14,56.7039680480957
2008-11-17,56.95424270629883
2008-11-18,57.687103271484375
2008-11-19,59.164710998535156
2008-11-20,62.22126007080078
2008-11-21,61.32156753540039
2008-11-24,60.362308502197266
2008-11-25,62.137882232666016
2008-11-26,62.22126007080078
2008-11-28,62.9898567199707
2008-12-01,65.4020767211914
2008-12-02,65.65319061279297
2008-12-03,65.83848571777344
2008-12-04,67.13580322265625
2008-12-05,66.04771423339844
2008-12-08,65.90424346923828
2008-12-09,67.20751190185547
2008-12-10,67.046142578125
2008-12-11,67.17761993408203
2008-12-12,67.17761993408203
2008-12-15,67.94286346435547
2008-12-16,69.62274169921875
2008-12-17,71.51181030273438
2008-12-18,73.01238250732422
2008-12-19,73.09010314941406
2008-12-22,72.52816772460938
2008-12-23,72.43250274658203
2008-12-24,72.27705383300781
2008-12-26,72.51622772216797
2008-12-29,72.4292221069336
2008-12-30,73.11905670166016
2008-12-31,71.58946228027344
2009-01-02,69.78998565673828
2009-01-05,67.9905014038086
2009-01-06,67.30667114257812
2009-01-07,67.57062530517578
2009-01-08,67.51664733886719
2009-01-09,67.61854553222656
2009-01-12,68.32040405273438
2009-01-13,68.39234924316406
2009-01-14,69.52005767822266
2009-01-15,69.6340103149414
2009-01-16,68.56035614013672
2009-01-20,68.54830932617188
2009-01-21,66.3829116821289
2009-01-22,65.10533905029297
2009-01-23,64.59544372558594
2009-01-26,64.03162384033203
2009-01-27,65.53722381591797
2009-01-28,63.899635314941406
2009-01-29,62.430084228515625
2009-01-30,62.232200622558594
2009-02-02,63.3900260925293
2009-02-03,61.88032531738281
2009-02-04,61.66376495361328
2009-02-05,61.71786880493164
2009-02-06,61.525447845458984
2009-02-09,61.72391128540039
2009-02-10,63.065162658691406
2009-02-11,63.88322830200195
2009-02-12,63.28169631958008
2009-02-13,61.59758377075195
2009-02-17,63.516334533691406
2009-02-18,62.97500991821289
2009-02-19,61.904273986816406
2009-02-20,62.50583267211914
2009-02-23,63.08324432373047
2009-02-24,63.0170783996582
2009-02-25,62.28932571411133
2009-02-26,61.63371276855469
2009-02-27,61.27875518798828
2009-03-02,62.29329299926758
2009-03-03,61.87711715698242
2009-03-04,61.59368896484375
2009-03-05,63.306610107421875
2009-03-06,62.884395599365234
2009-03-09,62.516441345214844
2009-03-10,61.31620788574219
2009-03-11,61.97966003417969
2009-03-12,62.27518844604492
2009-03-13,61.9615592956543
2009-03-16,60.98448181152344
2009-03-17,60.65274429321289
2009-03-18,62.95072555541992
2009-03-19,63.029151916503906
2009-03-20,62.67936325073242
2009-03-23,62.136505126953125
2009-03-24,62.72756576538086
2009-03-25,61.88316345214844
2009-03-26,62.60090255737305
2009-03-27,63.06535720825195
2009-03-30,63.306610107421875
2009-03-31,63.75893020629883
2009-04-01,64.34085845947266
2009-04-02,63.554473876953125
2009-04-03,62.25399398803711
2009-04-06,61.98788833618164
2009-04-07,62.1451301574707
2009-04-08,62.69558334350586
2009-04-09,61.90926742553711
2009-04-13,62.47779846191406
2009-04-14,62.804447174072266
2009-04-15,62.69558334350586
2009-04-16,62.19957733154297
2009-04-17,61.51606369018555
2009-04-20,62.44758605957031
2009-04-21,61.83060836791992
2009-04-22,61.45555114746094
2009-04-23,61.44953155517578
2009-04-24,60.83255386352539
2009-04-27,61.092647552490234
2009-04-28,60.094627380371094
2009-04-29,59.56235885620117
2009-04-30,59.326438903808594
2009-05-01,58.9181022644043
2009-05-04,59.11220169067383
2009-05-05,59.039390563964844
2009-05-06,58.899871826171875
2009-05-07,57.46197509765625
2009-05-08,57.60150909423828
2009-05-11,58.42058563232422
2009-05-12,58.6329460144043
2009-05-13,59.26998519897461
2009-05-14,59.50055694580078
2009-05-15,59.48234176635742
2009-05-18,58.56010818481445
2009-05-19,58.25072479248047
2009-05-20,58.8635139465332
2009-05-21,57.383113861083984
2009-05-22,56.74602127075195
2009-05-26,55.890586853027344
2009-05-27,54.90166091918945
2009-05-28,55.696414947509766
2009-05-29,57.13435745239258
2009-06-01,55.445220947265625
2009-06-02,55.74350357055664
2009-06-03,56.2669677734375
2009-06-04,55.104373931884766
2009-06-05,54.68439865112305
2009-06-08,54.54440689086914
2009-06-09,54.53828430175781
2009-06-10,53.68009948730469
2009-06-11,54.27656555175781
2009-06-12,54.76350784301758
2009-06-15,55.25651931762695
2009-06-16,56.218299865722656
2009-06-17,55.901756286621094
2009-06-18,55.0556526184082
2009-06-19,55.810482025146484
2009-06-22,56.35219955444336
2009-06-23,57.01567459106445
2009-06-24,56.44349670410156
2009-06-25,57.478267669677734
2009-06-26,57.57565689086914
2009-06-29,57.66085433959961
2009-06-30,57.56346893310547
2009-07-01,57.44927215576172
2009-07-02,57.5836296081543
2009-07-06,57.47370910644531
2009-07-07,57.8583984375
2009-07-08,58.92707061767578
2009-07-09,58.224815368652344
2009-07-10,58.76222229003906
2009-07-13,58.43240737915039
2009-07-14,57.461483001708984
2009-07-15,55.9837646484375
2009-07-16,56.588279724121094
2009-07-17,55.71506881713867
2009-07-20,56.00815963745117
2009-07-21,57.12564468383789
2009-07-22,56.612701416015625
2009-07-23,55.574581146240234
2009-07-24,55.843284606933594
2009-07-27,55.20209503173828
2009-07-28,55.69061279296875
2009-07-29,55.99596405029297
2009-07-30,56.78980255126953
2009-07-31,57.8950309753418
2009-08-03,57.017677307128906
2009-08-04,56.56428146362305
2009-08-05,55.71871566772461
2009-08-06,55.908695220947266
2009-08-07,55.443023681640625
2009-08-10,56.135353088378906
2009-08-11,56.7848014831543
2009-08-12,56.17824172973633
2009-08-13,56.97476577758789
2009-08-14,57.19533920288086
2009-08-17,58.040897369384766
2009-08-18,57.703914642333984
2009-08-19,58.18181610107422
2009-08-20,58.65970993041992
2009-08-21,57.45270538330078
2009-08-24,58.49427795410156
2009-08-25,58.82515335083008
2009-08-26,59.094703674316406
2009-08-27,58.861907958984375
2009-08-28,59.13151168823242
2009-08-31,59.18661880493164
2009-09-01,59.04341125488281
2009-09-02,59.90388870239258
2009-09-03,59.53515625
2009-09-04,58.52093505859375
2009-09-08,58.10913848876953
2009-09-09,58.04151153564453
2009-09-10,59.111026763916016
2009-09-11,59.4367790222168
2009-09-14,58.846717834472656
2009-09-15,58.545536041259766
2009-09-16,58.65001678466797
2009-09-17,59.387611389160156
2009-09-18,58.8590202331543
2009-09-21,58.994232177734375
2009-09-22,59.117164611816406
2009-09-23,59.29541015625
2009-09-24,59.46754455566406
2009-09-25,60.22351837158203
2009-09-28,60.75214385986328
2009-09-29,60.696800231933594
2009-09-30,60.641510009765625
2009-10-01,61.472007751464844
2009-10-02,61.046630859375
2009-10-05,61.05281448364258
2009-10-06,60.44851303100586
2009-10-07,61.1575927734375
2009-10-08,60.51633834838867
2009-10-09,59.12907409667969
2009-10-12,59.22153854370117
2009-10-13,59.529850006103516
2009-10-14,58.64813232421875
2009-10-15,58.376827239990234
2009-10-16,58.85163116455078
2009-10-19,59.314029693603516
2009-10-20,59.63467788696289
2009-10-21,59.27703094482422
2009-10-22,58.98725128173828
2009-10-23,58.54330825805664
2009-10-26,57.784912109375
2009-10-27,58.57414245605469
2009-10-28,58.85163116455078
2009-10-29,58.21036148071289
2009-10-30,59.05508804321289
2009-11-02,58.79404067993164
2009-11-03,58.206363677978516
2009-11-04,57.67445755004883
2009-11-05,57.67445755004883
2009-11-06,57.73012161254883
2009-11-09,57.79813766479492
2009-11-10,57.692989349365234
2009-11-11,57.934242248535156
2009-11-12,57.8291015625
2009-11-13,58.09504699707031
2009-11-16,58.7755012512207
2009-11-17,59.0909538269043
2009-11-18,58.74452209472656
2009-11-19,58.84974670410156
2009-11-20,58.83732604980469
2009-11-23,58.763084411621094
2009-11-24,59.13421630859375
2009-11-25,59.40640640258789
2009-11-27,59.62909698486328
2009-11-30,59.77134323120117
2009-12-01,59.10555648803711
2009-12-02,59.15517044067383
2009-12-03,58.54084014892578
2009-12-04,57.92034912109375
2009-12-07,57.9947395324707
2009-12-08,58.081668853759766
2009-12-09,57.814849853515625
2009-12-10,57.15083312988281
2009-12-11,57.144676208496094
2009-12-14,57.21292495727539
2009-12-15,56.95851516723633
2009-12-16,56.89021682739258
2009-12-17,57.827247619628906
2009-12-18,57.57906723022461
2009-12-21,56.55514144897461
2009-12-22,56.23868179321289
2009-12-23,56.251121520996094
2009-12-24,55.66778564453125
2009-12-28,55.51265335083008
2009-12-29,55.87885284423828
2009-12-30,56.24623107910156
2009-12-31,55.97845458984375
2010-01-04,55.92869186401367
2010-01-05,56.28984832763672
2010-01-06,55.53632736206055
2010-01-07,55.62974548339844
2010-01-08,55.6048469543457
2010-01-11,55.2996940612793
2010-01-12,56.24623107910156
2010-01-13,55.592369079589844
2010-01-14,56.37081527709961
2010-01-15,56.71957778930664
2010-01-19,56.5576171875
2010-01-20,57.130516052246094
2010-01-21,57.39210891723633
2010-01-22,57.29244613647461
2010-01-25,57.030860900878906
2010-01-26,57.04960250854492
2010-01-27,57.018470764160156
2010-01-28,56.9873046875
2010-01-29,57.485511779785156
2010-02-01,56.96367645263672
2010-02-02,57.12615966796875
2010-02-03,56.463722229003906
2010-02-04,57.35741424560547
2010-02-05,57.482364654541016
2010-02-08,57.557373046875
2010-02-09,56.982418060302734
2010-02-10,56.43877029418945
2010-02-11,56.13248062133789
2010-02-12,56.36376953125
2010-02-16,56.469974517822266
2010-02-17,55.8262939453125
2010-02-18,55.601318359375
2010-02-19,55.90129852294922
2010-02-22,55.67005157470703
2010-02-23,56.538719177246094
2010-02-24,56.67620086669922
2010-02-25,56.994937896728516
2010-02-26,57.28865432739258
2010-03-01,57.26357650756836
2010-03-02,57.18834686279297
2010-03-03,57.044166564941406
2010-03-04,57.34506607055664
2010-03-05,56.59278869628906
2010-03-08,56.298118591308594
2010-03-09,56.310611724853516
2010-03-10,56.16645050048828
2010-03-11,56.37334060668945
2010-03-12,56.72443389892578
2010-03-15,56.649173736572266
2010-03-16,57.10060501098633
2010-03-17,57.34506607055664
2010-03-18,57.157005310058594
2010-03-19,57.21342849731445
2010-03-22,57.27611541748047
2010-03-23,57.00653076171875
2010-03-24,55.965858459472656
2010-03-25,55.6085205078125
2010-03-26,55.76520538330078
2010-03-29,55.55205535888672
2010-03-30,55.72766876220703
2010-03-31,56.11003494262695
2010-04-01,55.972835540771484
2010-04-05,55.041534423828125
2010-04-06,55.12965393066406
2010-04-07,55.834442138671875
2010-04-08,55.85956573486328
2010-04-09,55.991756439208984
2010-04-12,56.287498474121094
2010-04-13,56.47001647949219
2010-04-14,56.07353591918945
2010-04-15,56.136451721191406
2010-04-16,56.54550552368164
2010-04-19,56.40702438354492
2010-04-20,56.6084098815918
2010-04-21,57.07402801513672
2010-04-22,56.90412902832031
2010-04-23,56.702796936035156
2010-04-26,56.765689849853516
2010-04-27,57.56494140625
2010-04-28,57.07402801513672
2010-04-29,57.31320571899414
2010-04-30,57.973899841308594
2010-05-03,57.89814758300781
2010-05-04,58.94003677368164
2010-05-05,59.2873649597168
2010-05-06,61.11851501464844
2010-05-07,60.354522705078125
2010-05-10,59.104278564453125
2010-05-11,58.95265197753906
2010-05-12,58.50434494018555
2010-05-13,58.88951873779297
2010-05-14,59.91250991821289
2010-05-17,59.69147872924805
2010-05-18,60.60708236694336
2010-05-19,60.809181213378906
2010-05-20,62.09097671508789
2010-05-21,62.154178619384766
2010-05-24,61.93939971923828
2010-05-25,62.24254608154297
2010-05-26,62.06574249267578
2010-05-27,60.65756607055664
2010-05-28,60.93544006347656
2010-06-01,61.3637809753418
2010-06-02,60.780799865722656
2010-06-03,60.337337493896484
2010-06-04,61.9593391418457
2010-06-07,62.43455123901367
2010-06-08,62.1240119934082
2010-06-09,62.05437469482422
2010-06-10,60.94554138183594
2010-06-11,61.71858215332031
2010-06-14,61.40176773071289
2010-06-15,61.1483154296875
2010-06-16,61.49680709838867
2010-06-17,61.997310638427734
2010-06-18,61.8959846496582
2010-06-21,61.71858215332031
2010-06-22,62.453529357910156
2010-06-23,62.87803649902344
2010-06-24,62.50423049926758
2010-06-25,62.75764083862305
2010-06-28,63.346927642822266
2010-06-29,64.03750610351562
2010-06-30,64.4683609008789
2010-07-01,64.57003784179688
2010-07-02,64.05525970458984
2010-07-06,64.582763671875
2010-07-07,63.826480865478516
2010-07-08,63.41972351074219
2010-07-09,63.05746078491211
2010-07-12,63.03206253051758
2010-07-13,62.49183654785156
2010-07-14,63.121002197265625
2010-07-15,63.750160217285156
2010-07-16,64.06163787841797
2010-07-19,63.66758346557617
2010-07-20,63.76289749145508
2010-07-21,64.84335327148438
2010-07-22,64.09342193603516
2010-07-23,63.41336441040039
2010-07-26,63.30537414550781
2010-07-27,62.69524383544922
2010-07-28,62.898590087890625
2010-07-29,62.87950134277344
2010-07-30,63.8582649230957
2010-08-02,62.961822509765625
2010-08-03,63.32520294189453
2010-08-04,62.8406982421875
2010-08-05,63.13393783569336
2010-08-06,63.822547912597656
2010-08-09,63.58665466308594
2010-08-10,63.72054672241211
2010-08-11,64.57491302490234
2010-08-12,64.41549682617188
2010-08-13,65.2188949584961
2010-08-16,66.85113525390625
2010-08-17,66.46849822998047
2010-08-18,66.64704132080078
2010-08-19,67.68634033203125
2010-08-20,67.60980224609375
2010-08-23,67.62254333496094
2010-08-24,68.70645141601562
2010-08-25,68.48330688476562
2010-08-26,69.12725830078125
2010-08-27,67.16984558105469
2010-08-30,68.45779418945312
2010-08-31,69.21649169921875
2010-09-01,67.78538513183594
2010-09-02,67.06914520263672
2010-09-03,66.23783111572266
2010-09-07,67.59354400634766
2010-09-08,67.05633544921875
2010-09-09,65.73261260986328
2010-09-10,65.4321060180664
2010-09-13,65.75181579589844
2010-09-14,66.38492584228516
2010-09-15,65.40007781982422
2010-09-16,64.75421905517578
2010-09-17,65.01640319824219
2010-09-20,65.39369201660156
2010-09-21,66.30178833007812
2010-09-22,66.89653778076172
2010-09-23,67.0883560180664
2010-09-24,66.1866683959961
2010-09-27,67.33769989013672
2010-09-28,67.79812622070312
2010-09-29,67.51679992675781
2010-09-30,67.4720230102539
2010-10-01,67.14595031738281
2010-10-04,67.31930541992188
2010-10-05,66.9148941040039
2010-10-06,67.75575256347656
2010-10-07,67.19087982177734
2010-10-08,66.8956069946289
2010-10-11,66.908447265625
2010-10-12,66.24732208251953
2010-10-13,66.14462280273438
2010-10-14,65.15615844726562
2010-10-15,64.3602523803711
2010-10-18,64.8801498413086
2010-10-19,65.27169036865234
2010-10-20,65.41292572021484
2010-10-21,64.6362533569336
2010-10-22,65.07271575927734
2010-10-25,65.25886535644531
2010-10-26,64.25113677978516
2010-10-27,63.686309814453125
2010-10-28,63.859615325927734
2010-10-29,64.45652770996094
2010-11-01,64.17901611328125
2010-11-02,65.02252197265625
2010-11-03,63.69609451293945
2010-11-04,64.19182586669922
2010-11-05,63.09078598022461
2010-11-08,63.37408447265625
2010-11-09,61.97675323486328
2010-11-10,62.06049346923828
2010-11-11,62.028343200683594
2010-11-12,61.69348907470703
2010-11-15,60.40566635131836
2010-11-16,61.90597915649414
2010-11-17,61.56471252441406
2010-11-18,61.815818786621094
2010-11-19,62.19572448730469
2010-11-22,62.459747314453125
2010-11-23,62.768798828125
2010-11-24,61.64835739135742
2010-11-26,62.50484848022461
2010-11-29,63.03929138183594
2010-11-30,63.36767578125
2010-12-01,61.959075927734375
2010-12-02,61.79755401611328
2010-12-03,61.312923431396484
2010-12-06,62.17875671386719
2010-12-07,60.847713470458984
2010-12-08,60.259700775146484
2010-12-09,60.556922912597656
2010-12-10,60.18859100341797
2010-12-13,60.41475296020508
2010-12-14,59.536006927490234
2010-12-15,58.760650634765625
2010-12-16,59.16770553588867
2010-12-17,60.24676513671875
2010-12-20,60.18218994140625
2010-12-21,60.602134704589844
2010-12-22,60.16925811767578
2010-12-23,60.04643249511719
2010-12-27,60.582801818847656
2010-12-28,59.396278381347656
2010-12-29,60.401241302490234
2010-12-30,60.355804443359375
2010-12-31,61.02363204956055
2011-01-03,60.56331253051758
2011-01-04,60.634666442871094
2011-01-05,59.29902267456055
2011-01-06,59.558353424072266
2011-01-07,59.87607192993164
2011-01-10,60.200260162353516
2011-01-11,59.86309051513672
2011-01-12,59.396278381347656
2011-01-13,59.92793273925781
2011-01-14,59.54536819458008
2011-01-18,59.26658630371094
2011-01-19,59.69452667236328
2011-01-20,58.87109375
2011-01-21,59.337913513183594
2011-01-24,59.36384201049805
2011-01-25,59.92793273925781
2011-01-26,59.02023696899414
2011-01-27,59.28603744506836
2011-01-28,59.59725570678711
2011-01-31,59.14339828491211
2011-02-01,58.85063171386719
2011-02-02,58.86363220214844
2011-02-03,58.37565612792969
2011-02-04,57.7835807800293
2011-02-07,58.082881927490234
2011-02-08,57.54932403564453
2011-02-09,58.05031204223633
2011-02-10,57.380149841308594
2011-02-11,58.20647430419922
2011-02-14,58.24550247192383
2011-02-15,58.505760192871094
2011-02-16,58.31711196899414
2011-02-17,58.40815734863281
2011-02-18,58.225975036621094
2011-02-22,59.097843170166016
2011-02-23,59.31257247924805
2011-02-24,59.689918518066406
2011-02-25,60.04129409790039
2011-02-28,60.1193733215332
2011-03-01,60.29363250732422
2011-03-02,59.366764068603516
2011-03-03,58.785797119140625
2011-03-04,59.27540588378906
2011-03-07,58.89677429199219
2011-03-08,58.53776168823242
2011-03-09,59.10564422607422
2011-03-10,60.097801208496094
2011-03-11,59.758384704589844
2011-03-14,59.732295989990234
2011-03-15,60.62653732299805
2011-03-16,61.31189727783203
2011-03-17,60.84196472167969
2011-03-18,61.005096435546875
2011-03-21,60.646114349365234
2011-03-22,60.848514556884766
2011-03-23,60.77012634277344
2011-03-24,60.31324005126953
2011-03-25,60.16310119628906
2011-03-28,60.2479133605957
2011-03-29,59.78450012207031
2011-03-30,60.261024475097656
2011-03-31,60.13700485229492
2011-04-01,60.42932891845703
2011-04-04,60.494876861572266
2011-04-05,60.25237274169922
2011-04-06,59.347782135009766
2011-04-07,59.22978973388672
2011-04-08,58.91518783569336
2011-04-11,58.96761703491211
2011-04-12,59.60341262817383
2011-04-13,59.97702407836914
2011-04-14,59.931156158447266
2011-04-15,60.74396896362305
2011-04-18,60.88160705566406
2011-04-19,61.14384078979492
2011-04-20,60.7504997253418
2011-04-21,60.69807434082031
2011-04-25,60.927513122558594
2011-04-26,61.51741409301758
2011-04-27,60.888126373291016
2011-04-28,61.35357666015625
2011-04-29,61.54368209838867
2011-05-02,61.642417907714844
2011-05-03,61.99129867553711
2011-05-04,62.26777267456055
2011-05-05,62.860267639160156
2011-05-06,62.583744049072266
2011-05-09,62.51795959472656
2011-05-10,62.07033920288086
2011-05-11,62.425750732421875
2011-05-12,62.03083801269531
2011-05-13,62.5903434753418
2011-05-16,62.93924331665039
2011-05-17,63.584407806396484
2011-05-18,62.741817474365234
2011-05-19,62.715423583984375
2011-05-20,62.74837112426758
2011-05-23,63.0511360168457
2011-05-24,63.28816223144531
2011-05-25,62.99193572998047
2011-05-26,63.53173065185547
2011-05-27,63.50539016723633
2011-05-31,63.65022659301758
2011-06-01,64.51041412353516
2011-06-02,63.2814826965332
2011-06-03,63.64490509033203
2011-06-06,63.1626091003418
2011-06-07,63.45330810546875
2011-06-08,63.94883346557617
2011-06-09,63.69113540649414
2011-06-10,64.1800765991211
2011-06-13,63.8563117980957
2011-06-14,62.89170837402344
2011-06-15,64.0346908569336
2011-06-16,64.32542419433594
2011-06-17,64.0215072631836
2011-06-20,64.10079956054688
2011-06-21,63.81673812866211
2011-06-22,63.8563117980957
2011-06-23,64.34526062011719
2011-06-24,64.07440185546875
2011-06-27,63.19562530517578
2011-06-28,62.68690872192383
2011-06-29,62.27069091796875
2011-06-30,62.17153549194336
2011-07-01,62.07212448120117
2011-07-05,62.2113151550293
2011-07-06,62.52955627441406
2011-07-07,62.34394073486328
2011-07-08,63.225650787353516
2011-07-11,64.17365264892578
2011-07-12,64.39244842529297
2011-07-13,64.5714340209961
2011-07-14,63.64995193481445
2011-07-15,63.75605010986328
2011-07-18,63.139469146728516
2011-07-19,64.45210266113281
2011-07-20,63.689697265625
2011-07-21,63.19914627075195
2011-07-22,63.676448822021484
2011-07-25,62.980350494384766
2011-07-26,63.41126251220703
2011-07-27,63.417930603027344
2011-07-28,63.656551361083984
2011-07-29,64.91617584228516
2011-08-01,65.57135009765625
2011-08-02,67.54022979736328
2011-08-03,67.67326354980469
2011-08-04,70.08111572265625
2011-08-05,68.05904388427734
2011-08-08,70.20747375488281
2011-08-09,70.42039489746094
2011-08-10,72.51563262939453
2011-08-11,68.85726165771484
2011-08-12,70.22081756591797
2011-08-15,69.5091323852539
2011-08-16,70.65988159179688
2011-08-17,71.89703369140625
2011-08-18,73.37362670898438
2011-08-19,73.96565246582031
2011-08-22,73.7794418334961
2011-08-23,72.76173400878906
2011-08-24,70.69309997558594
2011-08-25,71.45805358886719
2011-08-26,72.16309356689453
2011-08-29,71.16529846191406
2011-08-30,72.30941009521484
2011-08-31,71.19190979003906
2011-09-01,72.7010726928711
2011-09-02,75.06285858154297
2011-09-06,75.84339904785156
2011-09-07,74.39570617675781
2011-09-08,75.06285858154297
2011-09-09,75.86341857910156
2011-09-12,75.94352722167969
2011-09-13,74.8626708984375
2011-09-14,75.49651336669922
2011-09-15,74.34230041503906
2011-09-16,74.8827133178711
2011-09-19,76.31046295166016
2011-09-20,76.63069915771484
2011-09-21,79.1659164428711
2011-09-22,82.14148712158203
2011-09-23,80.61363220214844
2011-09-26,79.3193588256836
2011-09-27,78.10514068603516
2011-09-28,78.07844543457031
2011-09-29,78.61886596679688
2011-09-30,80.59363555908203
2011-10-03,82.81160736083984
2011-10-04,81.76150512695312
2011-10-05,81.17290496826172
2011-10-06,79.67463684082031
2011-10-07,79.08609008789062
2011-10-10,77.96907043457031
2011-10-11,77.70819854736328
2011-10-12,76.5778579711914
2011-10-13,77.34034729003906
2011-10-14,76.21664428710938
2011-10-17,77.53425598144531
2011-10-18,77.05270385742188
2011-10-19,77.02594757080078
2011-10-20,76.47744750976562
2011-10-21,75.66812896728516
2011-10-24,75.79525756835938
2011-10-25,77.72160339355469
2011-10-26,76.36376953125
2011-10-27,73.77532958984375
2011-10-28,74.55120086669922
2011-10-31,77.50753021240234
2011-11-01,80.10202026367188
2011-11-02,79.10284423828125
2011-11-03,78.01651763916016
2011-11-04,78.11042022705078
2011-11-07,78.60662841796875
2011-11-08,77.60071563720703
2011-11-09,79.21019744873047
2011-11-10,78.02991485595703
2011-11-11,77.55379486083984
2011-11-14,78.8011245727539
2011-11-15,78.69380950927734
2011-11-16,79.41133880615234
2011-11-17,80.04843139648438
2011-11-18,80.02822875976562
2011-11-21,80.50442504882812
2011-11-22,81.40301513671875
2011-11-23,82.20098114013672
2011-11-25,81.00739288330078
2011-11-28,80.9671401977539
2011-11-29,80.30323028564453
2011-11-30,79.04920959472656
2011-12-01,78.65258026123047
2011-12-02,79.75508880615234
2011-12-05,79.59373474121094
2011-12-06,78.83411407470703
2011-12-07,79.1164321899414
2011-12-08,80.10462188720703
2011-12-09,78.45764923095703
2011-12-12,79.33155822753906
2011-12-13,80.0710678100586
2011-12-14,81.58360290527344
2011-12-15,81.28107452392578
2011-12-16,82.22895050048828
2011-12-19,83.27088928222656
2011-12-20,81.19369506835938
2011-12-21,80.06431579589844
2011-12-22,80.40042114257812
2011-12-23,79.50633239746094
2011-12-27,79.88399505615234
2011-12-28,81.36096954345703
2011-12-29,81.50935363769531
2011-12-30,81.7723617553711
2012-01-03,80.54490661621094
2012-01-04,79.58724975585938
2012-01-05,79.44563293457031
2012-01-06,80.07286834716797
2012-01-09,79.93122100830078
2012-01-10,79.79632568359375
2012-01-11,80.8349380493164
2012-01-12,80.72027587890625
2012-01-13,81.5228271484375
2012-01-17,81.9005126953125
2012-01-18,80.90910339355469
2012-01-19,79.79632568359375
2012-01-20,78.89264678955078
2012-01-23,78.39356231689453
2012-01-24,78.53519439697266
2012-01-25,78.34638214111328
2012-01-26,79.38495635986328
2012-01-27,79.6344985961914
2012-01-30,80.57196044921875
2012-01-31,81.50263214111328
2012-02-01,80.56897735595703
2012-02-02,80.53519439697266
2012-02-03,78.8045654296875
2012-02-06,79.58882141113281
2012-02-07,78.6017837524414
2012-02-08,78.66262817382812
2012-02-09,78.07453918457031
2012-02-10,79.08850860595703
2012-02-13,79.18992614746094
2012-02-14,79.60906982421875
2012-02-15,79.46707916259766
2012-02-16,78.83159637451172
2012-02-17,78.81134796142578
2012-02-21,77.93927764892578
2012-02-22,78.91950225830078
2012-02-23,78.91950225830078
2012-02-24,79.4332504272461
2012-02-27,80.13628387451172
2012-02-28,79.87271881103516
2012-02-29,79.3859634399414
2012-03-01,78.63858795166016
2012-03-02,79.37715911865234
2012-03-05,78.74700927734375
2012-03-06,79.70236206054688
2012-03-07,79.21453094482422
2012-03-08,78.42178344726562
2012-03-09,78.57762145996094
2012-03-12,78.5640640258789
2012-03-13,77.18187713623047
2012-03-14,75.23719024658203
2012-03-15,75.35240173339844
2012-03-16,75.50149536132812
2012-03-19,74.60028839111328
2012-03-20,74.89842224121094
2012-03-21,75.7453842163086
2012-03-22,75.98934173583984
2012-03-23,76.70759582519531
2012-03-26,76.31450653076172
2012-03-27,76.86335754394531
2012-03-28,76.7549819946289
2012-03-29,77.33087158203125
2012-03-30,76.02316284179688
2012-04-02,76.44435119628906
2012-04-03,75.11970520019531
2012-04-04,76.15229034423828
2012-04-05,76.7025146484375
2012-04-09,78.49591827392578
2012-04-10,79.38581848144531
2012-04-11,78.4348373413086
2012-04-12,78.10871887207031
2012-04-13,79.37223815917969
2012-04-16,79.25675201416016
2012-04-17,79.20924377441406
2012-04-18,79.440185546875
2012-04-19,79.514892578125
2012-04-20,79.52851104736328
2012-04-23,80.1059341430664
2012-04-24,79.54206085205078
2012-04-25,79.13449096679688
2012-04-26,79.61001586914062
2012-04-27,79.6779556274414
2012-04-30,79.69835662841797
2012-05-01,79.28501892089844
2012-05-02,79.84339904785156
2012-05-03,79.82296752929688
2012-05-04,80.44942474365234
2012-05-07,80.46304321289062
2012-05-08,80.89205932617188
2012-05-09,80.946533203125
2012-05-10,80.70819091796875
2012-05-11,81.37557983398438
2012-05-14,82.51276397705078
2012-05-15,82.84647369384766
2012-05-16,83.08479309082031
2012-05-17,84.55567932128906
2012-05-18,84.57613372802734
2012-05-21,84.3990478515625
2012-05-22,83.45932006835938
2012-05-23,84.03813934326172
2012-05-24,83.71807861328125
2012-05-25,84.0313949584961
2012-05-29,83.77252960205078
2012-05-30,85.89717102050781
2012-05-31,86.89139556884766
2012-06-01,88.95421600341797
2012-06-04,88.25137329101562
2012-06-05,87.07084655761719
2012-06-06,85.33079528808594
2012-06-07,85.46043395996094
2012-06-08,85.43997192382812
2012-06-11,85.8290023803711
2012-06-12,85.04419708251953
2012-06-13,85.88347625732422
2012-06-14,85.77434539794922
2012-06-15,86.25196838378906
2012-06-18,86.71601867675781
2012-06-19,85.5832748413086
2012-06-20,86.00634002685547
2012-06-21,86.46353912353516
2012-06-22,85.31035614013672
2012-06-25,86.5522689819336
2012-06-26,86.21101379394531
2012-06-27,86.3475341796875
2012-06-28,86.5590591430664
2012-06-29,85.43315124511719
2012-07-02,86.31465911865234
2012-07-03,85.65126037597656
2012-07-05,86.0889663696289
2012-07-06,86.88905334472656
2012-07-09,87.65495300292969
2012-07-10,87.83277130126953
2012-07-11,87.94217681884766
2012-07-12,88.56446075439453
2012-07-13,88.33196258544922
2012-07-16,88.74225616455078
2012-07-17,88.0447769165039
2012-07-18,88.09262084960938
2012-07-19,87.86697387695312
2012-07-20,88.94061279296875
2012-07-23,89.43981170654297
2012-07-24,90.14411163330078
2012-07-25,90.37664794921875
2012-07-26,89.54920196533203
2012-07-27,87.86015319824219
2012-07-30,88.5166244506836
2012-07-31,88.69438171386719
2012-08-01,88.25103759765625
2012-08-02,88.75129699707031
2012-08-03,87.31906127929688
2012-08-06,87.35331726074219
2012-08-07,86.22948455810547
2012-08-08,85.77031707763672
2012-08-09,85.70858001708984
2012-08-10,86.14036560058594
2012-08-13,85.99642944335938
2012-08-14,84.83146667480469
2012-08-15,83.63909149169922
2012-08-16,82.9263687133789
2012-08-17,83.33065795898438
2012-08-20,83.50199890136719
2012-08-21,83.8720474243164
2012-08-22,85.25636291503906
2012-08-23,85.61272430419922
2012-08-24,85.53041076660156
2012-08-27,86.03073120117188
2012-08-28,86.23626708984375
2012-08-29,85.8593978881836
2012-08-30,86.3048095703125
2012-08-31,87.5246353149414
2012-09-04,87.43672943115234
2012-09-05,87.02462005615234
2012-09-06,85.57565307617188
2012-09-07,85.1772689819336
2012-09-10,85.38329315185547
2012-09-11,84.84770202636719
2012-09-12,83.79012298583984
2012-09-13,83.46043395996094
2012-09-14,81.24224090576172
2012-09-17,82.21746826171875
2012-09-18,82.6294937133789
2012-09-19,83.17206573486328
2012-09-20,83.37808227539062
2012-09-21,83.47418212890625
2012-09-24,84.12660217285156
2012-09-25,84.95760345458984
2012-09-26,85.87095642089844
2012-09-27,85.25975799560547
2012-09-28,85.30777740478516
2012-10-01,85.62435913085938
2012-10-02,85.50737762451172
2012-10-03,85.53490447998047
2012-10-04,84.46820068359375
2012-10-05,83.37401580810547
2012-10-08,84.07593536376953
2012-10-09,83.924560546875
2012-10-10,84.51636505126953
2012-10-11,85.101318359375
2012-10-12,85.31471252441406
2012-10-15,85.1219711303711
2012-10-16,83.94520568847656
2012-10-17,83.16751861572266
2012-10-18,82.65827178955078
2012-10-19,83.7800521850586
2012-10-22,83.24324798583984
2012-10-23,84.43379974365234
2012-10-24,83.60110473632812
2012-10-25,83.1744384765625
2012-10-26,84.39936828613281
2012-10-31,84.8948745727539
2012-11-01,84.1998519897461
2012-11-02,84.13786315917969
2012-11-05,84.61271667480469
2012-11-06,83.81443786621094
2012-11-07,85.3353271484375
2012-11-08,86.6015853881836
2012-11-09,86.69792938232422
2012-11-12,86.84246063232422
2012-11-13,87.13150787353516
2012-11-14,87.21410369873047
2012-11-15,87.04206085205078
2012-11-16,86.96639251708984
2012-11-19,86.47771453857422
2012-11-20,85.61064147949219
2012-11-21,85.56237030029297
2012-11-23,85.4798583984375
2012-11-26,85.88589477539062
2012-11-27,86.22311401367188
2012-11-28,86.09921264648438
2012-11-29,86.11297607421875
2012-11-30,85.87906646728516
2012-12-03,85.95830535888672
2012-12-04,86.45478820800781
2012-12-05,86.41340637207031
2012-12-06,86.59957122802734
2012-12-07,85.79972076416016
2012-12-10,86.1789321899414
2012-12-11,85.52384948730469
2012-12-12,84.53092956542969
2012-12-13,84.59300231933594
2012-12-14,85.2274398803711
2012-12-17,83.95172882080078
2012-12-18,83.0967025756836
2012-12-19,83.37257385253906
2012-12-20,83.38631439208984
2012-12-21,84.29651641845703
2012-12-24,84.1447982788086
2012-12-26,84.4474868774414
2012-12-27,84.7308349609375
2012-12-28,85.21453094482422
2012-12-31,83.74263000488281
2013-01-02,82.62311553955078
2013-01-03,81.50354766845703
2013-01-04,81.82142639160156
2013-01-07,81.85601806640625
2013-01-08,82.39505767822266
2013-01-09,82.31902313232422
2013-01-10,82.09099578857422
2013-01-11,82.82347869873047
2013-01-14,82.595458984375
2013-01-15,82.97555541992188
2013-01-16,83.1482925415039
2013-01-17,82.31902313232422
2013-01-18,82.95482635498047
2013-01-22,83.11376953125
2013-01-23,82.9893569946289
2013-01-24,82.69912719726562
2013-01-25,81.56576538085938
2013-01-28,81.26860046386719
2013-01-29,80.81942749023438
2013-01-30,80.68124389648438
2013-01-31,81.07508850097656
2013-02-01,80.02238464355469
2013-02-04,81.04740905761719
2013-02-05,80.32707977294922
2013-02-06,80.98507690429688
2013-02-07,80.8050308227539
2013-02-08,81.11664581298828
2013-02-11,81.05436706542969
2013-02-12,80.85348510742188
2013-02-13,80.195556640625
2013-02-14,80.92278289794922
2013-02-15,80.68730163574219
2013-02-19,80.28559112548828
2013-02-20,80.52798461914062
2013-02-21,80.9989013671875
2013-02-22,81.05436706542969
2013-02-25,82.64730834960938
2013-02-26,82.16940307617188
2013-02-27,81.92698669433594
2013-02-28,82.07936096191406
2013-03-01,82.52640533447266
2013-03-04,82.08907318115234
2013-03-05,81.85313415527344
2013-03-06,81.11045837402344
2013-03-07,80.48577117919922
2013-03-08,79.64588165283203
2013-03-11,79.7223129272461
2013-03-12,80.29840087890625
2013-03-13,80.2150650024414
2013-03-14,79.97212982177734
2013-03-15,80.34696960449219
2013-03-18,80.95771026611328
2013-03-19,81.50606536865234
2013-03-20,80.59683990478516
2013-03-21,81.37422180175781
2013-03-22,81.43669128417969
2013-03-25,81.36029815673828
2013-03-26,81.45744323730469
2013-03-27,82.15154266357422
2013-03-28,81.73509979248047
2013-04-01,82.3507080078125
2013-04-02,82.01680755615234
2013-04-03,82.75413513183594
2013-04-04,83.74186706542969
2013-04-05,85.43213653564453
2013-04-08,84.7782974243164
2013-04-09,84.56964874267578
2013-04-10,83.40799713134766
2013-04-11,83.5680160522461
2013-04-12,84.8131332397461
2013-04-15,85.55036926269531
2013-04-16,84.8478775024414
2013-04-17,85.4112777709961
2013-04-18,85.61996459960938
2013-04-19,85.43916320800781
2013-04-22,85.5017318725586
2013-04-23,85.2026596069336
2013-04-24,85.4182357788086
2013-04-25,85.04960632324219
2013-04-26,85.82869720458984
2013-04-29,85.51558685302734
2013-04-30,85.5643081665039
2013-05-01,86.44331359863281
2013-05-02,86.33177947998047
2013-05-03,84.29640197753906
2013-05-06,84.08724975585938
2013-05-07,83.75961303710938
2013-05-08,83.89205932617188
2013-05-09,83.676025390625
2013-05-10,82.77670288085938
2013-05-13,82.14242553710938
2013-05-14,81.2501449584961
2013-05-15,81.79390716552734
2013-05-16,82.64433288574219
2013-05-17,81.59876251220703
2013-05-20,81.50109100341797
2013-05-21,82.14242553710938
2013-05-22,80.92254638671875
2013-05-23,81.30593872070312
2013-05-24,81.4175033569336
2013-05-28,79.3541488647461
2013-05-29,80.24642181396484
2013-05-30,80.05119323730469
2013-05-31,79.77937316894531
2013-06-03,80.20210266113281
2013-06-04,79.46141052246094
2013-06-05,80.5584487915039
2013-06-06,80.50953674316406
2013-06-07,79.07017517089844
2013-06-10,78.69280242919922
2013-06-11,79.629150390625
2013-06-12,78.49015808105469
2013-06-13,79.71995544433594
2013-06-14,79.53133392333984
2013-06-17,79.11206817626953
2013-06-18,79.15396118164062
2013-06-19,78.33641815185547
2013-06-20,77.05076599121094
2013-06-21,75.7441177368164
2013-06-24,76.05853271484375
2013-06-25,75.38072967529297
2013-06-26,75.869873046875
2013-06-27,76.64549255371094
2013-06-28,77.16957092285156
2013-07-01,77.32503509521484
2013-07-02,77.27600860595703
2013-07-03,77.04490661621094
2013-07-05,74.41861724853516
2013-07-08,75.13993072509766
2013-07-09,75.21697235107422
2013-07-10,74.62871551513672
2013-07-11,75.50415802001953
2013-07-12,75.44111633300781
2013-07-15,75.8403091430664
2013-07-16,76.09940338134766
2013-07-17,76.23945617675781
2013-07-18,75.28700256347656
2013-07-19,76.47758483886719
2013-07-22,76.58967590332031
2013-07-23,76.26750183105469
2013-07-24,75.301025390625
2013-07-25,75.27301788330078
2013-07-26,75.73524475097656
2013-07-29,75.1819839477539
2013-07-30,75.15400695800781
2013-07-31,75.42710876464844
2013-08-01,73.97371673583984
2013-08-02,74.78817749023438
2013-08-05,74.21247863769531
2013-08-06,74.43014526367188
2013-08-07,74.9847640991211
2013-08-08,75.18840026855469
2013-08-09,75.30770874023438
2013-08-12,74.79520416259766
2013-08-13,73.7138900756836
2013-08-14,73.82633972167969
2013-08-15,72.82930755615234
2013-08-16,72.57652282714844
2013-08-19,71.94471740722656
2013-08-20,72.49931335449219
2013-08-21,71.70597076416016
2013-08-22,72.43611145019531
2013-08-23,73.22247314453125
2013-08-26,73.58756256103516
2013-08-27,74.51435852050781
2013-08-28,73.9105453491211
2013-08-29,74.50030517578125
2013-08-30,74.41607666015625
2013-09-03,73.3664779663086
2013-09-04,73.20455169677734
2013-09-05,72.183837890625
2013-09-06,72.54280853271484
2013-09-09,72.57805633544922
2013-09-10,72.07122039794922
2013-09-11,72.71178436279297
2013-09-12,72.61322021484375
2013-09-13,72.89478302001953
2013-09-16,72.4090576171875
2013-09-17,73.00745391845703
2013-09-18,73.90850067138672
2013-09-19,73.47207641601562
2013-09-20,73.8592300415039
2013-09-23,74.40130615234375
2013-09-24,75.20384216308594
2013-09-25,75.35868835449219
2013-09-26,74.83068084716797
2013-09-27,75.01376342773438
2013-09-30,74.90106201171875
2013-10-01,74.67381286621094
2013-10-02,74.78671264648438
2013-10-03,74.6667709350586
2013-10-04,74.61026000976562
2013-10-07,74.9138412475586
2013-10-08,74.93498229980469
2013-10-09,74.33503723144531
2013-10-10,74.45500946044922
2013-10-11,74.43387603759766
2013-10-14,73.83390808105469
2013-10-15,73.78445434570312
2013-10-16,74.70909118652344
2013-10-17,75.38664245605469
2013-10-18,75.5489501953125
2013-10-21,75.30908966064453
2013-10-22,76.1489486694336
2013-10-23,76.4454116821289
2013-10-24,76.1489486694336
2013-10-25,76.43126678466797
2013-10-28,76.17015075683594
2013-10-29,76.26893615722656
2013-10-30,75.8101806640625
2013-10-31,75.97248077392578
2013-11-01,75.150146484375
2013-11-04,75.22095489501953
2013-11-05,74.32212829589844
2013-11-06,74.35748291015625
2013-11-07,74.98735809326172
2013-11-08,73.18280792236328
2013-11-11,72.90679931640625
2013-11-12,73.24644470214844
2013-11-13,73.51537322998047
2013-11-14,73.96835327148438
2013-11-15,74.11688995361328
2013-11-18,74.56272888183594
2013-11-19,73.99662780761719
2013-11-20,72.7369155883789
2013-11-21,72.85722351074219
2013-11-22,73.53663635253906
2013-11-25,73.74891662597656
2013-11-26,74.0249252319336
2013-11-27,73.89749908447266
2013-11-29,73.91873168945312
2013-12-02,73.34383392333984
2013-12-03,73.61357116699219
2013-12-04,72.91082763671875
2013-12-05,72.70500946044922
2013-12-06,73.05281066894531
2013-12-09,73.22315216064453
2013-12-10,73.74842071533203
2013-12-11,73.1805648803711
2013-12-12,72.90372467041016
2013-12-13,73.25867462158203
2013-12-16,72.9889144897461
2013-12-17,73.3154067993164
2013-12-18,72.94634246826172
2013-12-19,72.87533569335938
2013-12-20,73.99683380126953
2013-12-23,73.57809448242188
2013-12-24,72.9889144897461
2013-12-26,72.70762634277344
2013-12-27,72.50109100341797
2013-12-30,72.9996337890625
2013-12-31,72.53675079345703
2014-01-02,72.75746154785156
2014-01-03,72.75746154785156
2014-01-06,73.06368255615234
2014-01-07,73.24889373779297
2014-01-08,73.0494613647461
2014-01-09,73.47676086425781
2014-01-10,74.35267639160156
2014-01-13,74.72294616699219
2014-01-14,74.38109588623047
2014-01-15,74.30280303955078
2014-01-16,74.80126190185547
2014-01-17,75.11458587646484
2014-01-21,75.17157745361328
2014-01-22,74.98648071289062
2014-01-23,76.04752349853516
2014-01-24,76.5388412475586
2014-01-27,76.00474548339844
2014-01-28,76.1899642944336
2014-01-29,76.81660461425781
2014-01-30,76.5958023071289
2014-01-31,77.1084976196289
2014-02-03,78.048095703125
2014-02-04,77.21996307373047
2014-02-05,76.5059814453125
2014-02-06,76.17755889892578
2014-02-07,76.24185180664062
2014-02-10,76.45599365234375
2014-02-11,76.0133285522461
2014-02-12,75.62068939208984
2014-02-13,76.0490493774414
2014-02-14,76.09187316894531
2014-02-18,76.26325988769531
2014-02-19,75.9420166015625
2014-02-20,75.75634765625
2014-02-21,76.1561508178711
2014-02-24,75.96340942382812
2014-02-25,76.64160919189453
2014-02-26,77.0485610961914
2014-02-27,77.4698257446289
2014-02-28,77.51264190673828
2014-03-03,78.03007507324219
2014-03-04,76.85639190673828
2014-03-05,77.02096557617188
2014-03-06,76.2623519897461
2014-03-07,75.78282928466797
2014-03-10,75.8902359008789
2014-03-11,76.09060668945312
2014-03-12,76.62017059326172
2014-03-13,77.65077209472656
2014-03-14,77.66508483886719
2014-03-17,77.08540344238281
2014-03-18,77.36447143554688
2014-03-19,76.7633056640625
2014-03-20,76.62736511230469
2014-03-21,77.45753479003906
2014-03-24,78.00861358642578
2014-03-25,77.71517181396484
2014-03-26,78.32351684570312
2014-03-27,78.71710968017578
2014-03-28,78.27339172363281
2014-03-31,78.08021545410156
2014-04-01,77.41285705566406
2014-04-02,76.96800994873047
2014-04-03,77.30523681640625
2014-04-04,77.82183074951172
2014-04-07,78.28824615478516
2014-04-08,78.47482299804688
2014-04-09,78.08734130859375
2014-04-10,78.8120346069336
2014-04-11,79.45068359375
2014-04-14,79.2425308227539
2014-04-15,79.7376708984375
2014-04-16,79.83807373046875
2014-04-17,78.96268463134766
2014-04-21,78.89813995361328
2014-04-22,79.16360473632812
2014-04-23,79.61564636230469
2014-04-24,79.76632690429688
2014-04-25,79.88114166259766
2014-04-28,79.4936752319336
2014-04-29,79.38604736328125
2014-04-30,79.71614074707031
2014-05-01,80.57130432128906
2014-05-02,81.06759643554688
2014-05-05,80.57848358154297
2014-05-06,80.90216064453125
2014-05-07,80.61449432373047
2014-05-08,80.26921081542969
2014-05-09,80.01029968261719
2014-05-12,79.68660736083984
2014-05-13,80.37709045410156
2014-05-14,81.24737548828125
2014-05-15,81.89473724365234
2014-05-16,81.66459655761719
2014-05-19,81.06037139892578
2014-05-20,81.24016571044922
2014-05-21,80.74393463134766
2014-05-22,80.62886047363281
2014-05-23,81.06037139892578
2014-05-27,81.5351333618164
2014-05-28,82.54206848144531
2014-05-29,82.10335540771484
2014-05-30,82.06737518310547
2014-06-02,81.4572982788086
2014-06-03,80.4549789428711
2014-06-04,80.43333435058594
2014-06-05,80.46936798095703
2014-06-06,80.46936798095703
2014-06-09,80.35399627685547
2014-06-10,80.05835723876953
2014-06-11,80.20260620117188
2014-06-12,80.91645812988281
2014-06-13,80.8731918334961
2014-06-16,81.0750961303711
2014-06-17,80.43333435058594
2014-06-18,81.05345916748047
2014-06-19,80.01509857177734
2014-06-20,80.62079620361328
2014-06-23,80.368408203125
2014-06-24,81.18327331542969
2014-06-25,81.39237213134766
2014-06-26,81.78180694580078
2014-06-27,81.65923309326172
2014-06-30,81.86113739013672
2014-07-01,81.17577362060547
2014-07-02,80.30818176269531
2014-07-03,80.01900482177734
2014-07-07,80.60460662841797
2014-07-08,81.50829315185547
2014-07-09,81.57341766357422
2014-07-10,81.5950927734375
2014-07-11,82.11568450927734
2014-07-14,81.7613525390625
2014-07-15,81.5950927734375
2014-07-16,82.02885437011719
2014-07-17,83.0627212524414
2014-07-18,82.79519653320312
2014-07-21,83.20730590820312
2014-07-22,83.3808364868164
2014-07-23,83.2723617553711
2014-07-24,82.6506576538086
2014-07-25,83.62667846679688
2014-07-28,83.51097106933594
2014-07-29,83.81465148925781
2014-07-30,82.6506576538086
2014-07-31,82.40480041503906
2014-08-01,83.04269409179688
2014-08-04,82.82522583007812
2014-08-05,83.09346771240234
2014-08-06,83.14417266845703
2014-08-07,83.91983032226562
2014-08-08,83.73860168457031
2014-08-11,83.73136138916016
2014-08-12,83.18769836425781
2014-08-13,83.73136138916016
2014-08-14,84.40547180175781
2014-08-15,85.32608032226562
2014-08-18,84.47791290283203
2014-08-19,84.21698760986328
2014-08-20,84.07933044433594
2014-08-21,84.55045318603516
2014-08-22,85.02166748046875
2014-08-25,85.3405990600586
2014-08-26,85.06514739990234
2014-08-27,85.79000091552734
2014-08-28,86.23944854736328
2014-08-29,86.29741668701172
2014-09-02,84.80870819091797
2014-09-03,85.28099060058594
2014-09-04,84.24205017089844
2014-09-05,84.08218383789062
2014-09-08,84.11856079101562
2014-09-09,84.05316162109375
2014-09-10,83.52275848388672
2014-09-11,83.24671936035156
2014-09-12,82.37489318847656
2014-09-15,82.49835205078125
2014-09-16,82.16415405273438
2014-09-17,81.9534683227539
2014-09-18,82.21497344970703
2014-09-19,83.26119232177734
2014-09-22,83.36290740966797
2014-09-23,83.87882232666016
2014-09-24,83.4137954711914
2014-09-25,84.4018783569336
2014-09-26,84.27837371826172
2014-09-29,84.95404052734375
2014-09-30,84.47454833984375
2014-10-01,86.11260986328125
2014-10-02,85.3624038696289
2014-10-03,85.72657012939453
2014-10-06,85.77754974365234
2014-10-07,86.93563842773438
2014-10-08,86.95750427246094
2014-10-09,86.5787582397461
2014-10-10,87.43818664550781
2014-10-13,87.96991729736328
2014-10-14,88.54529571533203
2014-10-15,89.24449157714844
2014-10-16,88.67642211914062
2014-10-17,88.18111419677734
2014-10-20,88.5015869140625
2014-10-21,87.79508972167969
2014-10-22,87.8897476196289
2014-10-23,87.11042785644531
2014-10-24,87.1978530883789
2014-10-27,87.35807800292969
2014-10-28,86.81180572509766
2014-10-29,87.00845336914062
2014-10-30,87.081298828125
2014-10-31,86.85553741455078
2014-11-03,86.85552978515625
2014-11-04,87.12565612792969
2014-11-05,87.00151824951172
2014-11-06,86.43936920166016
2014-11-07,87.43232727050781
2014-11-10,86.62919616699219
2014-11-11,86.68756866455078
2014-11-12,86.61459350585938
2014-11-13,86.81901550292969
2014-11-14,87.2425308227539
2014-11-17,87.02346801757812
2014-11-18,87.26438903808594
2014-11-19,86.70948791503906
2014-11-20,87.16218566894531
2014-11-21,87.68785858154297
2014-11-24,87.7608871459961
2014-11-25,88.49100494384766
2014-11-26,88.73193359375
2014-11-28,89.43285369873047
2014-12-01,88.91109466552734
2014-12-02,88.047607421875
2014-12-03,88.39154815673828
2014-12-04,89.13060760498047
2014-12-05,88.61103820800781
2014-12-08,89.69412994384766
2014-12-09,90.15511322021484
2014-12-10,90.81375885009766
2014-12-11,91.18692016601562
2014-12-12,92.42362213134766
2014-12-15,92.23336029052734
2014-12-16,93.37494659423828
2014-12-17,92.53340911865234
2014-12-18,90.88688659667969
2014-12-19,92.10897827148438
2014-12-22,92.23336029052734
2014-12-23,90.4039306640625
2014-12-24,90.89600372314453
2014-12-26,91.23332977294922
2014-12-29,91.91533660888672
2014-12-30,92.16464233398438
2014-12-31,92.3406753540039
2015-01-02,93.36727142333984
2015-01-05,94.83395385742188
2015-01-06,96.54261779785156
2015-01-07,96.35193634033203
2015-01-08,95.0759048461914
2015-01-09,96.1173095703125
2015-01-12,96.66728210449219
2015-01-13,96.66728210449219
2015-01-14,97.40060424804688
2015-01-15,98.93331146240234
2015-01-16,97.67194366455078
2015-01-20,98.96994018554688
2015-01-21,97.82595825195312
2015-01-22,97.47396850585938
2015-01-23,98.83060455322266
2015-01-26,98.52991485595703
2015-01-27,98.68392944335938
2015-01-28,100.2972412109375
2015-01-29,99.63724517822266
2015-01-30,101.40457916259766
2015-02-02,101.0217514038086
2015-02-03,98.8834228515625
2015-02-04,99.05245971679688
2015-02-05,97.96492767333984
2015-02-06,96.23079681396484
2015-02-09,96.07648468017578
2015-02-10,95.31227111816406
2015-02-11,95.48860931396484
2015-02-12,95.17269897460938
2015-02-13,94.19537353515625
2015-02-17,92.77716064453125
2015-02-18,93.32830047607422
2015-02-19,92.71101379394531
2015-02-20,92.98294067382812
2015-02-23,94.04837799072266
2015-02-24,95.28287506103516
2015-02-25,95.69436645507812
2015-02-26,94.38639068603516
2015-02-27,95.18000793457031
2015-03-02,93.40716552734375
2015-03-03,93.06848907470703
2015-03-04,93.09785461425781
2015-03-05,92.98011779785156
2015-03-06,90.92596435546875
2015-03-09,91.7652816772461
2015-03-10,92.97271728515625
2015-03-11,93.65007019042969
2015-03-12,93.58385467529297
2015-03-13,93.29669189453125
2015-03-16,94.19489288330078
2015-03-17,94.97528839111328
2015-03-18,96.80853271484375
2015-03-19,96.31526184082031
2015-03-20,96.82329559326172
2015-03-23,96.70547485351562
2015-03-24,97.6405258178711
2015-03-25,96.81595611572266
2015-03-26,95.30661010742188
2015-03-27,96.49198913574219
2015-03-30,96.01343536376953
2015-03-31,96.21956634521484
2015-04-01,97.48341369628906
2015-04-02,96.45050048828125
2015-04-06,95.91191101074219
2015-04-07,96.71610260009766
2015-04-08,96.74562072753906
2015-04-09,95.49134826660156
2015-04-10,95.63153839111328
2015-04-13,95.7643814086914
2015-04-14,96.44312286376953
2015-04-15,96.36194610595703
2015-04-16,95.88241577148438
2015-04-17,96.981689453125
2015-04-20,96.12582397460938
2015-04-21,95.69056701660156
2015-04-22,94.22977447509766
2015-04-23,94.6355209350586
2015-04-24,95.22577667236328
2015-04-27,95.22577667236328
2015-04-28,93.91249084472656
2015-04-29,92.7615737915039
2015-04-30,92.92391204833984
2015-05-01,91.67298889160156
2015-05-04,90.80804443359375
2015-05-05,90.68231201171875
2015-05-06,89.12983703613281
2015-05-07,90.32744598388672
2015-05-08,90.57146453857422
2015-05-11,88.36832427978516
2015-05-12,88.59754180908203
2015-05-13,87.8877944946289
2015-05-14,88.12435913085938
2015-05-15,89.8912582397461
2015-05-18,88.38314819335938
2015-05-19,87.5994644165039
2015-05-20,87.74735260009766
2015-05-21,88.97452545166016
2015-05-22,89.01156616210938
2015-05-26,90.53450012207031
2015-05-27,90.74149322509766
2015-05-28,90.51969146728516
2015-05-29,90.71930694580078
2015-06-01,89.7442626953125
2015-06-02,88.4921646118164
2015-06-03,87.06965637207031
2015-06-04,88.20321655273438
2015-06-05,87.12894439697266
2015-06-08,87.03262329101562
2015-06-09,86.34358215332031
2015-06-10,85.58789825439453
2015-06-11,87.38822174072266
2015-06-12,87.38822174072266
2015-06-15,87.52903747558594
2015-06-16,88.21806335449219
2015-06-17,87.53645324707031
2015-06-18,87.10668182373047
2015-06-19,88.22545623779297
2015-06-22,86.42510223388672
2015-06-23,85.90644836425781
2015-06-24,86.6473388671875
2015-06-25,86.34358215332031
2015-06-26,85.37308502197266
2015-06-29,87.63274383544922
2015-06-30,87.02521514892578
2015-07-01,85.85053253173828
2015-07-02,86.13267517089844
2015-07-06,87.72914123535156
2015-07-07,88.55335998535156
2015-07-08,89.31815338134766
2015-07-09,87.5583724975586
2015-07-10,86.16984558105469
2015-07-13,85.90253448486328
2015-07-14,86.18468475341797
2015-07-15,87.0980224609375
2015-07-16,87.69940185546875
2015-07-17,88.15237426757812
2015-07-20,87.78111267089844
2015-07-21,88.25633239746094
2015-07-22,88.8057861328125
2015-07-23,89.91213989257812
2015-07-24,90.13485717773438
2015-07-27,90.6175308227539
2015-07-28,89.95674896240234
2015-07-29,89.62256622314453
2015-07-30,90.3130874633789
2015-07-31,90.98138427734375
2015-08-03,91.9391098022461
2015-08-04,91.20983123779297
2015-08-05,90.52522277832031
2015-08-06,91.32891082763672
2015-08-07,92.52696990966797
2015-08-10,91.38097381591797
2015-08-11,92.83206939697266
2015-08-12,92.32606506347656
2015-08-13,92.0284194946289
2015-08-14,92.24424743652344
2015-08-17,92.66089630126953
2015-08-18,91.93165588378906
2015-08-19,92.83952331542969
2015-08-20,93.77713775634766
2015-08-21,94.0599365234375
2015-08-24,94.0301284790039
2015-08-25,92.51953125
2015-08-26,90.73360443115234
2015-08-27,90.78565216064453
2015-08-28,91.0535888671875
2015-08-31,90.35408782958984
2015-09-01,91.00508880615234
2015-09-02,90.2220687866211
2015-09-03,90.66205596923828
2015-09-04,91.48983001708984
2015-09-08,90.14002227783203
2015-09-09,90.57258605957031
2015-09-10,89.96104431152344
2015-09-11,90.52782440185547
2015-09-14,90.66952514648438
2015-09-15,88.93190002441406
2015-09-16,88.5963363647461
2015-09-17,89.67764282226562
2015-09-18,91.05730438232422
2015-09-21,89.57327270507812
2015-09-22,90.81868743896484
2015-09-23,90.81122589111328
2015-09-24,91.43018341064453
2015-09-25,90.63971710205078
2015-09-28,92.19088745117188
2015-09-29,92.45191192626953
2015-09-30,92.13119506835938
2015-10-01,92.5243148803711
2015-10-02,93.08475494384766
2015-10-05,91.82186126708984
2015-10-06,92.21792602539062
2015-10-07,91.9114990234375
2015-10-08,91.14175415039062
2015-10-09,91.38090515136719
2015-10-12,92.07594299316406
2015-10-13,92.23284149169922
2015-10-14,93.03993225097656
2015-10-15,92.58404541015625
2015-10-16,92.61398315429688
2015-10-19,92.35987091064453
2015-10-20,91.79194641113281
2015-10-21,92.70366668701172
2015-10-22,92.86058044433594
2015-10-23,92.06843566894531
2015-10-26,92.68123626708984
2015-10-27,92.91285705566406
2015-10-28,92.53926086425781
2015-10-29,91.06704711914062
2015-10-30,91.75460052490234
2015-11-02,91.33292388916016
2015-11-03,90.58395385742188
2015-11-04,90.68880462646484
2015-11-05,90.44916534423828
2015-11-06,89.12357330322266
2015-11-09,88.62177276611328
2015-11-10,88.88388061523438
2015-11-11,88.6966781616211
2015-11-12,89.12357330322266
2015-11-13,89.63282775878906
2015-11-16,89.55046844482422
2015-11-17,89.70021057128906
2015-11-18,89.88749694824219
2015-11-19,90.48663330078125
2015-11-20,90.20954132080078
2015-11-23,90.48663330078125
2015-11-24,90.47911834716797
2015-11-25,90.68880462646484
2015-11-27,90.59896850585938
2015-11-30,90.95846557617188
2015-12-01,92.18704223632812
2015-12-02,92.21708679199219
2015-12-03,89.71031951904297
2015-12-04,90.49837493896484
2015-12-07,91.3764877319336
2015-12-08,91.4215087890625
2015-12-09,91.32394409179688
2015-12-10,91.4439926147461
2015-12-11,92.88504791259766
2015-12-14,91.68421173095703
2015-12-15,91.14380645751953
2015-12-16,90.94869232177734
2015-12-17,91.97687530517578
2015-12-18,92.4873046875
2015-12-21,92.4647445678711
2015-12-22,91.7967300415039
2015-12-23,91.10630798339844
2015-12-24,91.62824249267578
2015-12-28,91.89900207519531
2015-12-29,90.37226104736328
2015-12-30,90.28199005126953
2015-12-31,90.68809509277344
2016-01-04,91.3425064086914
2016-01-05,90.97391510009766
2016-01-06,92.1998519897461
2016-01-07,92.3653335571289
2016-01-08,92.7789535522461
2016-01-11,91.7636489868164
2016-01-12,93.08734893798828
2016-01-13,94.00489807128906
2016-01-14,93.12495422363281
2016-01-15,94.57646179199219
2016-01-19,94.28319549560547
2016-01-20,95.27597045898438
2016-01-21,94.629150390625
2016-01-22,94.26810455322266
2016-01-25,94.7795639038086
2016-01-26,94.82469940185547
2016-01-27,94.80211639404297
2016-01-28,94.93753051757812
2016-01-29,95.74225616455078
2016-02-01,95.4490966796875
2016-02-02,97.21993255615234
2016-02-03,96.41363525390625
2016-02-04,96.88082122802734
2016-02-05,96.99384307861328
2016-02-08,99.08112335205078
2016-02-09,99.1866226196289
2016-02-10,100.06074523925781
2016-02-11,100.76142883300781
2016-02-12,99.08863830566406
2016-02-16,98.04126739501953
2016-02-17,97.43841552734375
2016-02-18,98.63651275634766
2016-02-19,98.71940612792969
2016-02-22,98.6667251586914
2016-02-23,99.0660629272461
2016-02-24,98.87010955810547
2016-02-25,99.22428131103516
2016-02-26,98.2673110961914
2016-02-29,98.69679260253906
2016-03-01,96.9588851928711
2016-03-02,97.35904693603516
2016-03-03,97.71385955810547
2016-03-04,97.08724212646484
2016-03-07,97.05704498291016
2016-03-08,98.12911987304688
2016-03-09,97.53267669677734
2016-03-10,97.1325454711914
2016-03-11,96.15113830566406
2016-03-14,96.45307922363281
2016-03-15,96.54368591308594
2016-03-16,96.83057403564453
2016-03-17,97.23068237304688
2016-03-18,97.43452453613281
2016-03-21,96.68714904785156
2016-03-22,96.66448974609375
2016-03-23,97.75917053222656
2016-03-24,97.79689025878906
2016-03-28,97.92523956298828
2016-03-29,98.95196533203125
2016-03-30,97.91018676757812
2016-03-31,98.60470581054688
2016-04-01,98.86193084716797
2016-04-04,98.92243957519531
2016-04-05,100.00420379638672
2016-04-06,99.27803802490234
2016-04-07,100.50360107421875
2016-04-08,99.86814880371094
2016-04-11,99.73945617675781
2016-04-12,99.05101013183594
2016-04-13,99.3990707397461
2016-04-14,98.92243957519531
2016-04-15,99.76972961425781
2016-04-18,99.33851623535156
2016-04-19,99.0283432006836
2016-04-20,97.93894958496094
2016-04-21,97.35645294189453
2016-04-22,97.1068115234375
2016-04-25,96.70592498779297
2016-04-26,96.26708984375
2016-04-27,97.22783660888672
2016-04-28,97.6287841796875
2016-04-29,97.87847900390625
2016-05-02,96.89297485351562
2016-05-03,98.11341857910156
2016-05-04,98.65164184570312
2016-05-05,99.31117248535156
2016-05-06,98.88662719726562
2016-05-09,99.19746398925781
2016-05-10,99.20501708984375
2016-05-11,99.7659912109375
2016-05-12,99.31117248535156
2016-05-13,100.2738265991211
2016-05-16,99.4096908569336
2016-05-17,99.57647705078125
2016-05-18,98.158935546875
2016-05-19,98.58342742919922
2016-05-20,98.65924072265625
2016-05-23,98.87908172607422
2016-05-24,98.43937683105469
2016-05-25,98.06800079345703
2016-05-26,98.5758285522461
2016-05-27,98.43181610107422
2016-05-31,98.66686248779297
2016-06-01,99.06710052490234
2016-06-02,99.7811279296875
2016-06-03,101.2015609741211
2016-06-06,100.44960021972656
2016-06-07,100.69270324707031
2016-06-08,101.23198699951172
2016-06-09,101.88524627685547
2016-06-10,102.3790283203125
2016-06-13,102.83470153808594
2016-06-14,102.75879669189453
2016-06-15,103.15377044677734
2016-06-16,103.6551513671875
2016-06-17,103.00943756103516
2016-06-20,101.90802001953125
2016-06-21,101.43710327148438
2016-06-22,101.60417175292969
2016-06-23,100.44203186035156
2016-06-24,103.13851928710938
2016-06-27,105.71366882324219
2016-06-28,105.93390655517578
2016-06-29,105.12113952636719
2016-06-30,105.5085220336914
2016-07-01,106.97349548339844
2016-07-05,108.31287384033203
2016-07-06,108.48786926269531
2016-07-07,108.48019409179688
2016-07-08,109.27925872802734
2016-07-11,108.32040405273438
2016-07-12,106.53968811035156
2016-07-13,107.79534912109375
2016-07-14,106.2276840209961
2016-07-15,105.314453125
2016-07-18,105.21554565429688
2016-07-19,105.80915832519531
2016-07-20,105.23078155517578
2016-07-21,105.44384002685547
2016-07-22,105.6264419555664
2016-07-25,105.55037689208984
2016-07-26,105.7177734375
2016-07-27,107.03434753417969
2016-07-28,106.83650970458984
2016-07-29,107.72685241699219
2016-08-01,106.55889892578125
2016-08-02,105.46101379394531
2016-08-03,105.52208709716797
2016-08-04,106.31485748291016
2016-08-05,105.20940399169922
2016-08-08,105.40766906738281
2016-08-09,106.44453430175781
2016-08-10,106.85618591308594
2016-08-11,105.90325927734375
2016-08-12,106.7951889038086
2016-08-15,105.78883361816406
2016-08-16,105.50674438476562
2016-08-17,106.1395492553711
2016-08-18,106.30730438232422
2016-08-19,105.7507095336914
2016-08-22,106.6427230834961
2016-08-23,106.75706481933594
2016-08-24,106.50544738769531
2016-08-25,106.10148620605469
2016-08-26,105.48391723632812
2016-08-29,106.89431762695312
2016-08-30,106.48263549804688
2016-08-31,106.63509368896484
2016-09-01,106.75274658203125
2016-09-02,105.88204193115234
2016-09-06,106.6534652709961
2016-09-07,106.57707214355469
2016-09-08,105.24042510986328
2016-09-09,103.50672149658203
2016-09-12,103.56011962890625
2016-09-13,102.38391876220703
2016-09-14,102.53665161132812
2016-09-15,102.09368133544922
2016-09-16,102.91863250732422
2016-09-19,102.58255004882812
2016-09-20,102.9415512084961
2016-09-21,103.77401733398438
2016-09-22,104.59893035888672
2016-09-23,104.49962615966797
2016-09-26,105.1640853881836
2016-09-27,105.93549346923828
2016-09-28,105.70638275146484
2016-09-29,105.97373962402344
2016-09-30,105.02664184570312
2016-10-03,104.68000793457031
2016-10-04,103.4556884765625
2016-10-05,102.97374725341797
2016-10-06,102.39981842041016
2016-10-07,102.46876525878906
2016-10-10,101.86421203613281
2016-10-11,101.63468170166016
2016-10-12,101.73419952392578
2016-10-13,102.11680603027344
2016-10-14,100.6859130859375
2016-10-17,101.3286361694336
2016-10-18,101.65766143798828
2016-10-19,101.74185943603516
2016-10-20,101.84894561767578
2016-10-21,102.00199127197266
2016-10-24,101.55816650390625
2016-10-25,101.82598876953125
2016-10-26,101.13736724853516
2016-10-27,100.03553009033203
2016-10-28,99.81365203857422
2016-10-31,100.42577362060547
2016-11-01,100.43343353271484
2016-11-02,100.87039947509766
2016-11-03,100.09614562988281
2016-11-04,100.99302673339844
2016-11-07,100.13441467285156
2016-11-08,99.7281265258789
2016-11-09,95.49647521972656
2016-11-10,94.08589935302734
2016-11-11,93.55696868896484
2016-11-14,92.99734497070312
2016-11-15,93.45735168457031
2016-11-16,94.30055236816406
2016-11-17,92.91301727294922
2016-11-18,92.64472961425781
2016-11-21,92.8746566772461
2016-11-22,92.84396362304688
2016-11-23,92.48367309570312
2016-11-25,92.62169647216797
2016-11-28,93.3039321899414
2016-11-29,93.69496154785156
2016-11-30,92.17704772949219
2016-12-01,91.20381927490234
2016-12-02,91.87207794189453
2016-12-05,91.7721939086914
2016-12-06,91.70308685302734
2016-12-07,92.48661041259766
2016-12-08,91.39586639404297
2016-12-09,90.25892639160156
2016-12-12,90.42796325683594
2016-12-13,90.75055694580078
2016-12-14,89.736572265625
2016-12-15,90.18983459472656
2016-12-16,89.98241424560547
2016-12-19,90.95030212402344
2016-12-20,90.49708557128906
2016-12-21,90.89651489257812
2016-12-22,90.73402404785156
2016-12-23,90.91886138916016
2016-12-27,90.62618255615234
2016-12-28,91.2885513305664
2016-12-29,91.61200714111328
2016-12-30,91.7506332397461
2017-01-03,92.14344787597656
2017-01-04,92.49774169921875
2017-01-05,93.94564056396484
2017-01-06,93.08306884765625
2017-01-09,93.83014678955078
2017-01-10,93.76848602294922
2017-01-11,94.08429718017578
2017-01-12,93.87629699707031
2017-01-13,93.42961883544922
2017-01-17,94.40773010253906
2017-01-18,93.19856262207031
2017-01-19,92.55931091308594
2017-01-20,92.3744888305664
2017-01-23,93.29869842529297
2017-01-24,92.6594467163086
2017-01-25,91.49652099609375
2017-01-26,91.80460357666016
2017-01-27,92.1357650756836
2017-01-30,91.85851287841797
2017-01-31,92.49774169921875
2017-02-01,91.9258041381836
2017-02-02,91.88716888427734
2017-02-03,91.8486099243164
2017-02-06,92.40433502197266
2017-02-07,93.08354187011719
2017-02-08,94.34938049316406
2017-02-09,93.26106262207031
2017-02-10,93.20703125
2017-02-13,92.9137191772461
2017-02-14,92.24223327636719
2017-02-15,91.81771850585938
2017-02-16,92.31941223144531
2017-02-17,92.86744689941406
2017-02-21,92.70537567138672
2017-02-22,92.85969543457031
2017-02-23,93.13755798339844
2017-02-24,94.1718521118164
2017-02-27,93.6160888671875
2017-02-28,93.96343231201172
2017-03-01,92.3889389038086
2017-03-02,92.05645751953125
2017-03-03,92.29617309570312
2017-03-06,91.85535430908203
2017-03-07,91.57698822021484
2017-03-08,91.08203887939453
2017-03-09,90.3551025390625
2017-03-10,90.67218780517578
2017-03-13,90.09991455078125
2017-03-14,90.53299713134766
2017-03-15,91.63883209228516
2017-03-16,91.17483520507812
2017-03-17,91.74707794189453
2017-03-20,92.14149475097656
2017-03-21,92.90708923339844
2017-03-22,93.27827453613281
2017-03-23,93.14682006835938
2017-03-24,93.47933197021484
2017-03-27,93.9046401977539
2017-03-28,93.27827453613281
2017-03-29,93.8350601196289
2017-03-30,93.07722473144531
2017-03-31,93.34786987304688
2017-04-03,94.2894287109375
2017-04-04,93.77799224853516
2017-04-05,94.06466674804688
2017-04-06,93.92522430419922
2017-04-07,93.54548645019531
2017-04-10,93.9794692993164
2017-04-11,94.87065887451172
2017-04-12,95.38983154296875
2017-04-13,95.68437957763672
2017-04-17,95.38983154296875
2017-04-18,96.6375732421875
2017-04-19,96.11060333251953
2017-04-20,95.73860168457031
2017-04-21,95.73860168457031
2017-04-24,95.26588439941406
2017-04-25,94.11898040771484
2017-04-26,94.6382064819336
2017-04-27,94.6071548461914
2017-04-28,94.8164291381836
2017-05-01,94.02820587158203
2017-05-02,94.50967407226562
2017-05-03,94.5718002319336
2017-05-04,94.10585021972656
2017-05-05,94.19124603271484
2017-05-08,93.67874145507812
2017-05-09,93.6710205078125
2017-05-10,93.5622787475586
2017-05-11,93.5622787475586
2017-05-12,94.26891326904297
2017-05-15,94.01262664794922
2017-05-16,94.36213684082031
2017-05-17,95.73667907714844
2017-05-18,95.84538269042969
2017-05-19,96.07057189941406
2017-05-22,95.80657958984375
2017-05-23,95.16201782226562
2017-05-24,95.69782257080078
2017-05-25,95.7289047241211
2017-05-26,95.8919906616211
2017-05-30,96.36567687988281
2017-05-31,96.6064453125
2017-06-01,96.61654663085938
2017-06-02,97.76052856445312
2017-06-05,97.15351104736328
2017-06-06,97.68267822265625
2017-06-07,97.2157974243164
2017-06-08,96.95897674560547
2017-06-09,96.81111907958984
2017-06-12,96.7800064086914
2017-06-13,96.7955551147461
2017-06-14,98.28974151611328
2017-06-15,98.13412475585938
2017-06-16,98.32865905761719
2017-06-19,98.18855285644531
2017-06-20,99.06800842285156
2017-06-21,99.27030181884766
2017-06-22,99.48820495605469
2017-06-23,99.44148254394531
2017-06-26,99.81504821777344
2017-06-27,98.74889373779297
2017-06-28,98.42204284667969
2017-06-29,97.59708404541016
2017-06-30,97.37142181396484
2017-07-03,97.05793762207031
2017-07-05,97.08132934570312
2017-07-06,96.27809143066406
2017-07-07,95.70103454589844
2017-07-10,95.84140014648438
2017-07-11,96.00519561767578
2017-07-12,96.66803741455078
2017-07-13,96.05974578857422
2017-07-14,96.1767349243164
2017-07-17,96.44189453125
2017-07-18,97.2840805053711
2017-07-19,97.32308197021484
2017-07-20,97.60381317138672
2017-07-21,98.01715087890625
2017-07-24,97.6350326538086
2017-07-25,96.36388397216797
2017-07-26,96.51983642578125
2017-07-27,96.0441665649414
2017-07-28,96.61345672607422
2017-07-31,96.73040008544922
2017-08-01,97.40956115722656
2017-08-02,97.46427154541016
2017-08-03,98.47244262695312
2017-08-04,97.6362075805664
2017-08-07,97.74560546875
2017-08-08,97.39391326904297
2017-08-09,97.92536926269531
2017-08-10,98.76161193847656
2017-08-11,98.80850219726562
2017-08-14,98.30049896240234
2017-08-15,97.88630676269531
2017-08-16,98.2457504272461
2017-08-17,98.98042297363281
2017-08-18,98.95695495605469
2017-08-21,99.19924926757812
2017-08-22,98.81629180908203
2017-08-23,99.48846435546875
2017-08-24,99.12110900878906
2017-08-25,99.50405883789062
2017-08-28,99.44148254394531
2017-08-29,99.76195526123047
2017-08-30,99.73072814941406
2017-08-31,100.02767181396484
2017-09-01,99.2625732421875
2017-09-05,100.8366470336914
2017-09-06,100.2179946899414
2017-09-07,101.24391174316406
2017-09-08,101.02456665039062
2017-09-11,99.8185806274414
2017-09-12,99.29389953613281
2017-09-13,98.90233612060547
2017-09-14,99.30950927734375
2017-09-15,99.34872436523438
2017-09-18,98.7770004272461
2017-09-19,98.53424835205078
2017-09-20,98.60475158691406
2017-09-21,98.54988098144531
2017-09-22,98.83181762695312
2017-09-25,99.45049285888672
2017-09-26,99.2703857421875
2017-09-27,97.77456665039062
2017-09-28,97.48484802246094
2017-09-29,97.70410919189453
2017-10-02,97.52523040771484
2017-10-03,97.61937713623047
2017-10-04,97.627197265625
2017-10-05,97.25836944580078
2017-10-06,96.98371887207031
2017-10-09,97.28976440429688
2017-10-10,97.44672393798828
2017-10-11,97.63507843017578
2017-10-12,98.05094146728516
2017-10-13,98.75720977783203
2017-10-16,98.68659973144531
2017-10-17,98.81214141845703
2017-10-18,98.16079711914062
2017-10-19,98.3334732055664
2017-10-20,97.28976440429688
2017-10-23,97.46241760253906
2017-10-24,96.85816955566406
2017-10-25,96.39521026611328
2017-10-26,96.0734634399414
2017-10-27,96.7090835571289
2017-10-30,97.63507843017578
2017-10-31,97.66645050048828
2017-11-01,98.10133361816406
2017-11-02,98.53382110595703
2017-11-03,98.80123138427734
2017-11-06,99.1707992553711
2017-11-07,99.58757019042969
2017-11-08,99.36738586425781
2017-11-09,99.08430480957031
2017-11-10,97.59017944335938
2017-11-13,97.79463958740234
2017-11-14,98.45518493652344
2017-11-15,99.52465057373047
2017-11-16,98.65961456298828
2017-11-17,99.39100646972656
2017-11-20,99.35164642333984
2017-11-21,99.66620635986328
2017-11-22,99.98860931396484
2017-11-24,99.71337890625
2017-11-27,99.57183074951172
2017-11-28,99.70555877685547
2017-11-29,98.7225570678711
2017-11-30,98.39226531982422
2017-12-01,99.72003936767578
2017-12-04,99.76730346679688
2017-12-05,100.26374816894531
2017-12-06,100.61044311523438
2017-12-07,99.82247161865234
2017-12-08,99.83036041259766
2017-12-11,99.62548065185547
2017-12-12,99.5860366821289
2017-12-13,100.33467864990234
2017-12-14,100.76017761230469
2017-12-15,101.13843536376953
2017-12-18,100.21649169921875
2017-12-19,98.91629028320312
2017-12-20,97.82098388671875
2017-12-21,98.3911361694336
2017-12-22,98.52532958984375
2017-12-26,98.81754302978516
2017-12-27,100.10467529296875
2017-12-28,100.017822265625
2017-12-29,100.1758041381836
2018-01-02,99.09393310546875
2018-01-03,99.56768798828125
2018-01-04,99.55189514160156
2018-01-05,99.26762390136719
2018-01-08,99.20443725585938
2018-01-09,97.87786102294922
2018-01-10,97.75941467285156
2018-01-11,98.1620864868164
2018-01-12,98.32795715332031
2018-01-16,98.73860931396484
2018-01-17,98.6043472290039
2018-01-18,97.68830871582031
2018-01-19,97.17504119873047
2018-01-22,97.26980590820312
2018-01-23,97.68830871582031
2018-01-24,97.15926361083984
2018-01-25,97.95680236816406
2018-01-26,97.59355926513672
2018-01-29,96.91446685791016
2018-01-30,96.3459243774414
2018-01-31,96.91446685791016
2018-02-01,95.5098876953125
2018-02-02,94.6236572265625
2018-02-05,95.51781463623047
2018-02-06,94.9243392944336
2018-02-07,94.02224731445312
2018-02-08,93.91938018798828
2018-02-09,93.32589721679688
2018-02-12,93.73738098144531
2018-02-13,94.15678405761719
2018-02-14,93.1122817993164
2018-02-15,93.42880249023438
2018-02-16,93.93523406982422
2018-02-20,93.52375030517578
2018-02-21,92.37635803222656
2018-02-22,92.65331268310547
2018-02-23,93.47627258300781
2018-02-26,93.50791931152344
2018-02-27,93.37338256835938
2018-02-28,93.96685791015625
2018-03-01,94.60834503173828
2018-03-02,93.8392333984375
2018-03-05,93.58545684814453
2018-03-06,93.6727294921875
2018-03-07,93.56961059570312
2018-03-08,94.10877990722656
2018-03-09,93.49037170410156
2018-03-12,94.02952575683594
2018-03-13,94.50521850585938
2018-03-14,95.33778381347656
2018-03-15,95.33778381347656
2018-03-16,94.99684143066406
2018-03-19,94.69551086425781
2018-03-20,94.31498718261719
2018-03-21,94.41802215576172
2018-03-22,95.35364532470703
2018-03-23,95.28227996826172
2018-03-26,94.91759490966797
2018-03-27,95.93241119384766
2018-03-28,96.18616485595703
2018-03-29,96.65397644042969
2018-04-02,96.84467315673828
2018-04-03,96.0977783203125
2018-04-04,95.89911651611328
2018-04-05,95.1839828491211
2018-04-06,96.22492980957031
2018-04-09,96.38382720947266
2018-04-10,96.20904541015625
2018-04-11,96.55066680908203
2018-04-12,95.8435287475586
2018-04-13,96.06599426269531
2018-04-16,96.0977783203125
2018-04-17,96.36000061035156
2018-04-18,95.58919525146484
2018-04-19,94.810546875
2018-04-20,94.1272201538086
2018-04-23,94.1510238647461
2018-04-24,93.72193145751953
2018-04-25,93.09423065185547
2018-04-26,93.74580383300781
2018-04-27,94.46883392333984
2018-04-30,94.63572692871094
2018-05-01,94.29489135742188
2018-05-02,94.19133758544922
2018-05-03,94.6134262084961
2018-05-04,94.75677490234375
2018-05-07,94.60546875
2018-05-08,94.51789093017578
2018-05-09,93.95248413085938
2018-05-10,94.7090072631836
2018-05-11,94.94786834716797
2018-05-14,94.44618225097656
2018-05-15,93.37114715576172
2018-05-16,93.01278686523438
2018-05-17,92.5429458618164
2018-05-18,93.33929443359375
2018-05-21,93.3870849609375
2018-05-22,93.24372100830078
2018-05-23,93.92064666748047
2018-05-24,94.6691665649414
2018-05-25,95.25846862792969
2018-05-29,97.34487915039062
2018-05-30,96.69184875488281
2018-05-31,96.5326156616211
2018-06-01,96.0225830078125
2018-06-04,95.3281478881836
2018-06-05,95.55168151855469
2018-06-06,94.77735900878906
2018-06-07,95.6953125
2018-06-08,95.407958984375
2018-06-11,95.23237609863281
2018-06-12,95.2563247680664
2018-06-13,95.20841217041016
2018-06-14,95.99864196777344
2018-06-15,96.08641815185547
2018-06-18,95.99864196777344
2018-06-19,96.55735778808594
2018-06-20,95.71128845214844
2018-06-21,96.2141342163086
2018-06-22,96.2061538696289
2018-06-25,96.42167663574219
2018-06-26,96.55735778808594
2018-06-27,97.46732330322266
2018-06-28,97.49126434326172
2018-06-29,97.15601348876953
2018-07-02,97.08001708984375
2018-07-03,97.60003662109375
2018-07-05,97.88002014160156
2018-07-06,98.19998168945312
2018-07-09,97.56798553466797
2018-07-10,97.55998992919922
2018-07-11,97.93599700927734
2018-07-12,97.92801666259766
2018-07-13,98.17597961425781
2018-07-16,97.76800537109375
2018-07-17,97.58397674560547
2018-07-18,97.1920394897461
2018-07-19,97.80799865722656
2018-07-20,96.60801696777344
2018-07-23,95.41603088378906
2018-07-24,95.7439956665039
2018-07-25,95.5920181274414
2018-07-26,95.40799713134766
2018-07-27,95.56800842285156
2018-07-30,95.24002838134766
2018-07-31,95.75997924804688
2018-08-01,94.97985076904297
2018-08-02,95.11615753173828
2018-08-03,95.58920288085938
2018-08-06,95.64531707763672
2018-08-07,95.14826202392578
2018-08-08,95.2444839477539
2018-08-09,96.04624938964844
2018-08-10,96.74378967285156
2018-08-13,96.54338073730469
2018-08-14,96.3268814086914
2018-08-15,96.88812255859375
2018-08-16,96.88013458251953
2018-08-17,97.00037384033203
2018-08-20,97.64982604980469
2018-08-21,97.32109069824219
2018-08-22,97.70597839355469
2018-08-23,97.85829162597656
2018-08-24,98.05069732666016
2018-08-27,97.48941040039062
2018-08-28,96.90416717529297
2018-08-29,97.03243255615234
2018-08-30,97.24091339111328
2018-08-31,97.01639556884766
2018-09-04,96.45547485351562
2018-09-05,96.19830322265625
2018-09-06,96.55191802978516
2018-09-07,95.73226928710938
2018-09-10,96.08586120605469
2018-09-11,95.35455322265625
2018-09-12,95.57955932617188
2018-09-13,95.72425079345703
2018-09-14,95.26612854003906
2018-09-17,95.26612854003906
2018-09-18,94.26970672607422
2018-09-19,93.70722961425781
2018-09-20,94.1411361694336
2018-09-21,94.1009521484375
2018-09-24,93.8598861694336
2018-09-25,93.76346588134766
2018-09-26,94.42237091064453
2018-09-27,94.4866943359375
2018-09-28,94.23754119873047
2018-10-01,93.54576873779297
2018-10-02,94.11756134033203
2018-10-03,92.48261260986328
2018-10-04,91.8302993774414
2018-10-05,91.04102325439453
2018-10-08,90.73494720458984
2018-10-09,91.65309143066406
2018-10-10,91.40340423583984
2018-10-11,92.5148696899414
2018-10-12,92.19265747070312
2018-10-15,92.15240478515625
2018-10-16,92.36185455322266
2018-10-17,91.81414031982422
2018-10-18,91.78195190429688
2018-10-19,91.5805892944336
2018-10-22,91.45976257324219
2018-10-23,91.74972534179688
2018-10-24,92.44239807128906
2018-10-25,92.05580139160156
2018-10-26,92.61150360107422
2018-10-29,92.40210723876953
2018-10-30,91.94303131103516
2018-10-31,91.47589874267578
2018-11-01,91.56067657470703
2018-11-02,90.42230987548828
2018-11-05,90.77754211425781
2018-11-06,90.72103118896484
2018-11-07,90.84210205078125
2018-11-08,90.8340835571289
2018-11-09,91.51219940185547
2018-11-12,92.10967254638672
2018-11-13,92.0531234741211
2018-11-14,92.10967254638672
2018-11-15,92.06928253173828
2018-11-16,92.60212707519531
2018-11-19,92.8604965209961
2018-11-20,92.89279174804688
2018-11-21,92.8604965209961
2018-11-23,92.95735931396484
2018-11-26,92.74745178222656
2018-11-27,92.85243225097656
2018-11-28,92.40031433105469
2018-11-29,92.76358795166016
2018-11-30,93.11082458496094
2018-12-03,93.77192687988281
2018-12-04,95.3417739868164
2018-12-06,95.64118194580078
2018-12-07,95.81920623779297
2018-12-10,96.21575927734375
2018-12-11,96.19957733154297
2018-12-12,95.77066802978516
2018-12-13,95.54410552978516
2018-12-14,95.8758544921875
2018-12-17,96.43424224853516
2018-12-18,97.01176452636719
2018-12-19,98.29335021972656
2018-12-20,97.93645477294922
2018-12-21,97.92021179199219
2018-12-24,98.4068832397461
2018-12-26,97.35244750976562
2018-12-27,97.36868286132812
2018-12-28,98.18792724609375
2018-12-31,98.56101989746094
2019-01-02,99.08013916015625
2019-01-03,100.20761108398438
2019-01-04,99.04767608642578
2019-01-07,98.75568389892578
2019-01-08,98.49613952636719
2019-01-09,98.34204864501953
2019-01-10,97.70931243896484
2019-01-11,98.09053802490234
2019-01-14,97.72554779052734
2019-01-15,97.36868286132812
2019-01-16,97.46598815917969
2019-01-17,97.49032592773438
2019-01-18,96.97930145263672
2019-01-22,97.63632202148438
2019-01-23,97.59574127197266
2019-01-24,98.23652648925781
2019-01-25,97.7660903930664
2019-01-28,97.66878509521484
2019-01-29,98.16355895996094
2019-01-30,98.09053802490234
2019-01-31,98.93417358398438
2019-02-01,98.33662414550781
2019-02-04,97.89762115478516
2019-02-05,98.3447265625
2019-02-06,98.39347076416016
2019-02-07,99.04389190673828
2019-02-08,99.46663665771484
2019-02-11,99.07640075683594
2019-02-12,98.82437133789062
2019-02-13,98.45044708251953
2019-02-14,99.01138305664062
2019-02-15,99.16582489013672
2019-02-19,99.41785430908203
2019-02-20,99.13338470458984
2019-02-21,98.24717712402344
2019-02-22,98.83252716064453
2019-02-25,98.53984832763672
2019-02-26,99.02763366699219
2019-02-27,97.90573120117188
2019-02-28,97.57242584228516
2019-03-01,96.67056274414062
2019-03-04,97.42823791503906
2019-03-05,97.63188934326172
2019-03-06,97.99034118652344
2019-03-07,98.62580871582031
2019-03-08,99.04129028320312
2019-03-11,98.74798583984375
2019-03-12,99.44051361083984
2019-03-13,99.25313568115234
2019-03-14,98.53618621826172
2019-03-15,99.18795776367188
2019-03-18,99.13090515136719
2019-03-19,98.91094970703125
2019-03-20,99.94562530517578
2019-03-21,100.16552734375
2019-03-22,101.72161865234375
2019-03-25,101.88455200195312
2019-03-26,101.81127166748047
2019-03-27,102.74812316894531
2019-03-28,103.10658264160156
2019-03-29,103.00878143310547
2019-04-01,101.54568481445312
2019-04-02,101.7334976196289
2019-04-03,100.85166931152344
2019-04-04,101.13742065429688
2019-04-05,101.26807403564453
2019-04-08,100.90882873535156
2019-04-09,101.22723388671875
2019-04-10,101.47222900390625
2019-04-11,100.87616729736328
2019-04-12,100.15766143798828
2019-04-15,100.4107666015625
2019-04-16,99.78206634521484
2019-04-17,99.82289123535156
2019-04-18,100.34545135498047
2019-04-22,99.86373901367188
2019-04-23,100.07605743408203
2019-04-24,100.89249420166016
2019-04-25,100.74552917480469
2019-04-26,101.08847045898438
2019-04-29,100.44342041015625
2019-04-30,100.95779418945312
2019-05-01,101.37425994873047
2019-05-02,100.89149475097656
2019-05-03,101.17792510986328
2019-05-06,101.45613098144531
2019-05-07,102.23336791992188
2019-05-08,101.79155731201172
2019-05-09,102.20880889892578
2019-05-10,102.06976318359375
2019-05-13,102.87152099609375
2019-05-14,102.56887817382812
2019-05-15,103.19884490966797
2019-05-16,102.85523223876953
2019-05-17,103.08429718017578
2019-05-20,102.87152099609375
2019-05-21,102.70792388916016
2019-05-22,103.29702758789062
2019-05-23,104.45883178710938
2019-05-24,104.54888916015625
2019-05-28,105.30157470703125
2019-05-29,105.62073516845703
2019-05-30,106.52887725830078
2019-05-31,107.8625717163086
2019-06-03,108.58405303955078
2019-06-04,107.3460693359375
2019-06-05,106.73931884765625
2019-06-06,107.08367156982422
2019-06-07,108.0101547241211
2019-06-10,106.9935073852539
2019-06-11,107.05908966064453
2019-06-12,107.14105224609375
2019-06-13,107.51001739501953
2019-06-14,107.78057861328125
2019-06-17,107.96916198730469
2019-06-18,108.51026916503906
2019-06-19,108.66605377197266
2019-06-20,108.95297241210938
2019-06-21,107.75592803955078
2019-06-24,108.5594711303711
2019-06-25,108.89561462402344
2019-06-26,108.19871520996094
2019-06-27,108.961181640625
2019-06-28,108.88738250732422
2019-07-01,108.63275146484375
2019-07-02,109.47064971923828
2019-07-03,110.25106811523438
2019-07-05,108.78880310058594
2019-07-08,108.93667602539062
2019-07-09,108.8956298828125
2019-07-10,108.29594421386719
2019-07-11,106.85010528564453
2019-07-12,106.9733657836914
2019-07-15,107.5894546508789
2019-07-16,107.26905822753906
2019-07-17,108.4273681640625
2019-07-18,108.43557739257812
2019-07-19,108.18091583251953
2019-07-22,108.38629150390625
2019-07-23,107.79480743408203
2019-07-24,108.26305389404297
2019-07-25,107.74552154541016
2019-07-26,108.00018310546875
2019-07-29,108.03302001953125
2019-07-30,108.29594421386719
2019-07-31,109.16670989990234
2019-08-01,111.33479309082031
2019-08-02,112.36371612548828
2019-08-05,114.30624389648438
2019-08-06,115.21989440917969
2019-08-07,115.26105499267578
2019-08-08,115.50800323486328
2019-08-09,115.2774887084961
2019-08-12,117.6810302734375
2019-08-13,117.27772521972656
2019-08-14,119.91990661621094
2019-08-15,121.25342559814453
2019-08-16,120.28203582763672
2019-08-19,118.56172943115234
2019-08-20,119.78819274902344
2019-08-21,118.9897689819336
2019-08-22,118.19960021972656
2019-08-23,120.14216613769531
2019-08-26,119.656494140625
2019-08-27,121.50022888183594
2019-08-28,121.65669250488281
2019-08-29,121.19570922851562
2019-08-30,121.22869110107422
2019-09-03,121.38532257080078
2019-09-04,121.56668853759766
2019-09-05,119.36509704589844
2019-09-06,120.21444702148438
2019-09-09,118.07878112792969
2019-09-10,116.00909423828125
2019-09-11,115.80303192138672
2019-09-12,115.04438018798828
2019-09-13,112.58714294433594
2019-09-16,114.02193450927734
2019-09-17,114.64030456542969
2019-09-18,115.1268081665039
2019-09-19,115.4731674194336
2019-09-20,116.99862670898438
2019-09-23,116.973876953125
2019-09-24,118.3839111328125
2019-09-25,116.65225219726562
2019-09-26,117.40264892578125
2019-09-27,117.69123840332031
2019-09-30,117.97982788085938
2019-10-01,118.33503723144531
2019-10-02,118.62413024902344
2019-10-03,119.70623016357422
2019-10-04,120.5900650024414
2019-10-07,119.59058380126953
2019-10-08,119.91273498535156
2019-10-09,119.23541259765625
2019-10-10,117.45948791503906
2019-10-11,116.00570678710938
2019-10-14,116.84815979003906
2019-10-15,115.43569946289062
2019-10-16,115.57616424560547
2019-10-17,115.29524993896484
2019-10-18,115.29524993896484
2019-10-21,114.42797088623047
2019-10-22,115.09706115722656
2019-10-23,115.21273040771484
2019-10-24,114.98141479492188
2019-10-25,114.41972351074219
2019-10-28,113.37889862060547
2019-10-29,113.45328521728516
2019-10-30,115.11358642578125
2019-10-31,116.66647338867188
2019-11-01,116.30731201171875
2019-11-04,114.77659606933594
2019-11-05,113.48570251464844
2019-11-06,114.17253875732422
2019-11-07,112.10389709472656
2019-11-08,111.63224029541016
2019-11-11,111.70670318603516
2019-11-12,112.21973419189453
2019-11-13,112.94786834716797
2019-11-14,114.11458587646484
2019-11-15,113.99048614501953
2019-11-18,114.19737243652344
2019-11-19,115.14894104003906
2019-11-20,116.3404312133789
2019-11-21,115.61224365234375
2019-11-22,115.76121520996094
2019-11-25,116.10044860839844
2019-11-26,116.77903747558594
2019-11-27,116.43977355957031
2019-11-29,116.19149017333984
2019-12-02,114.64234924316406
2019-12-03,117.04608917236328
2019-12-04,115.87735748291016
2019-12-05,115.31372833251953
2019-12-06,114.67547607421875
2019-12-09,114.92418670654297
2019-12-10,114.93244934082031
2019-12-11,115.83589935302734
2019-12-12,113.92951202392578
2019-12-13,115.24742126464844
2019-12-16,114.21127319335938
2019-12-17,114.05384826660156
2019-12-18,113.11717224121094
2019-12-19,113.29814910888672
2019-12-20,113.44761657714844
2019-12-23,113.28156280517578
2019-12-24,113.6053237915039
2019-12-26,113.87926483154297
2019-12-27,114.00385284423828
2019-12-30,113.58876037597656
2019-12-31,112.47630310058594
2020-01-02,113.74646759033203
2020-01-03,115.49822998046875
2020-01-06,114.84235382080078
2020-01-07,114.27782440185547
2020-01-08,113.5223388671875
2020-01-09,113.92081451416016
2020-01-10,114.93370056152344
2020-01-13,114.5849838256836
2020-01-14,115.1744155883789
2020-01-15,115.9382553100586
2020-01-16,115.57295989990234
2020-01-17,114.5849838256836
2020-01-21,115.7887954711914
2020-01-22,116.19562530517578
2020-01-23,117.00921630859375
2020-01-24,117.95567321777344
2020-01-27,119.79039001464844
2020-01-28,118.85230255126953
2020-01-29,120.01455688476562
2020-01-30,120.03111267089844
2020-01-31,121.12702941894531
2020-02-03,121.02886962890625
2020-02-04,119.39897918701172
2020-02-05,118.0934066772461
2020-02-06,118.6255874633789
2020-02-07,120.10578918457031
2020-02-10,120.43842315673828
2020-02-11,119.8313980102539
2020-02-12,119.22434997558594
2020-02-13,119.6817855834961
2020-02-14,120.20564270019531
2020-02-18,121.02886962890625
2020-02-19,121.02057647705078
2020-02-20,121.96859741210938
2020-02-21,123.10784149169922
2020-02-24,124.94564819335938
2020-02-25,125.61095428466797
2020-02-26,124.94564819335938
2020-02-27,126.30110168457031
2020-02-28,129.15347290039062
2020-03-02,128.2032470703125
2020-03-03,130.1936492919922
2020-03-04,128.81118774414062
2020-03-05,132.017578125
2020-03-06,138.88821411132812
2020-03-09,142.65249633789062
2020-03-10,135.3404998779297
2020-03-11,130.36021423339844
2020-03-12,131.1680450439453
2020-03-13,128.2032470703125
2020-03-16,136.50643920898438
2020-03-17,127.4037094116211
2020-03-18,120.21659851074219
2020-03-19,123.48950958251953
2020-03-20,132.7752685546875
2020-03-23,138.24697875976562
2020-03-24,135.673583984375
2020-03-25,135.36538696289062
2020-03-26,136.0316925048828
2020-03-27,139.66275024414062
2020-03-30,138.51344299316406
2020-03-31,137.38914489746094
2020-04-01,139.31405639648438
2020-04-02,140.19822692871094
2020-04-03,140.5317840576172
2020-04-06,140.16477966308594
2020-04-07,138.6968994140625
2020-04-08,137.68772888183594
2020-04-09,137.93792724609375
2020-04-13,136.67857360839844
2020-04-14,136.64520263671875
2020-04-15,140.26486206054688
2020-04-16,141.8578338623047
2020-04-17,139.95631408691406
2020-04-20,141.0821990966797
2020-04-21,142.8585968017578
2020-04-22,141.3990936279297
2020-04-23,142.14976501464844
2020-04-24,142.4833526611328
2020-04-27,139.83114624023438
2020-04-28,141.44081115722656
2020-04-29,140.70692443847656
2020-04-30,139.0639190673828
2020-05-01,140.2547149658203
2020-05-04,139.59498596191406
2020-05-05,138.7014617919922
2020-05-06,136.46340942382812
2020-05-07,138.74319458007812
2020-05-08,136.9394073486328
2020-05-11,135.87045288085938
2020-05-12,137.2650146484375
2020-05-13,138.22544860839844
2020-05-14,139.57827758789062
2020-05-15,139.21923828125
2020-05-18,136.1627197265625
2020-05-19,136.67214965820312
2020-05-20,137.08135986328125
2020-05-21,137.42376708984375
2020-05-22,138.25050354003906
2020-05-26,136.39654541015625
2020-05-27,136.14605712890625
2020-05-28,135.64495849609375
2020-05-29,136.61373901367188
2020-06-01,135.69390869140625
2020-06-02,135.2006072998047
2020-06-03,133.40281677246094
2020-06-04,131.47125244140625
2020-06-05,130.5347137451172
2020-06-08,131.0364532470703
2020-06-09,132.52481079101562
2020-06-10,134.48983764648438
2020-06-11,137.0317840576172
2020-06-12,135.71060180664062
2020-06-15,135.78585815429688
2020-06-16,133.70384216308594
2020-06-17,134.25570678710938
2020-06-18,135.67721557617188
2020-06-19,135.78585815429688
2020-06-22,135.8026123046875
2020-06-23,134.8744659423828
2020-06-24,136.32106018066406
2020-06-25,136.71401977539062
2020-06-26,138.17738342285156
2020-06-29,137.7425994873047
2020-06-30,137.0736541748047
2020-07-01,136.8074188232422
2020-07-02,136.94970703125
2020-07-06,136.3887939453125
2020-07-07,138.30589294433594
2020-07-08,137.75338745117188
2020-07-09,139.9467315673828
2020-07-10,139.24354553222656
2020-07-13,139.70388793945312
2020-07-14,139.90481567382812
2020-07-15,139.25184631347656
2020-07-16,139.91322326660156
2020-07-17,139.6201934814453
2020-07-20,139.9634246826172
2020-07-21,140.04708862304688
2020-07-22,140.46572875976562
2020-07-23,142.10653686523438
2020-07-24,142.0981903076172
2020-07-27,141.57078552246094
2020-07-28,142.55020141601562
2020-07-29,142.30747985839844
2020-07-30,143.24505615234375
2020-07-31,143.15301513671875
2020-08-03,142.43228149414062
2020-08-04,143.78997802734375
2020-08-05,142.5327606201172
2020-08-06,143.32901000976562
2020-08-07,142.37359619140625
2020-08-10,141.7366943359375
2020-08-11,140.0520477294922
2020-08-12,138.77818298339844
2020-08-13,137.2947540283203
2020-08-14,136.75839233398438
2020-08-17,137.10203552246094
2020-08-18,138.08251953125
2020-08-19,137.2193603515625
2020-08-20,138.459716796875
2020-08-21,139.28941345214844
2020-08-24,139.06321716308594
2020-08-25,137.99876403808594
2020-08-26,137.47080993652344
2020-08-27,135.13253784179688
2020-08-28,135.03199768066406
2020-08-31,135.9287109375
2020-09-01,137.48341369628906
2020-09-02,138.79234313964844
2020-09-03,139.18666076660156
2020-09-04,136.543701171875
2020-09-08,137.3827667236328
2020-09-09,137.0135955810547
2020-09-10,137.70994567871094
2020-09-11,138.00372314453125
2020-09-14,137.9952392578125
2020-09-15,137.6596221923828
2020-09-16,137.2484588623047
2020-09-17,137.66807556152344
2020-09-18,137.24009704589844
2020-09-21,137.9364776611328
2020-09-22,137.827392578125
2020-09-23,138.0120849609375
2020-09-24,138.5406036376953
2020-09-25,138.5406036376953
2020-09-28,138.1463165283203
2020-09-29,138.30567932128906
2020-09-30,136.98004150390625
2020-10-01,137.2059326171875
2020-10-02,136.693603515625
2020-10-05,134.02272033691406
2020-10-06,134.7450714111328
2020-10-07,133.76239013671875
2020-10-08,134.48468017578125
2020-10-09,134.4594268798828
2020-10-12,134.8878173828125
2020-10-13,135.85369873046875
2020-10-14,136.16448974609375
2020-10-15,135.9292755126953
2020-10-16,135.5513458251953
2020-10-19,135.03895568847656
2020-10-20,133.7539825439453
2020-10-21,133.29202270507812
2020-10-22,131.90618896484375
2020-10-23,132.7124786376953
2020-10-26,133.9471893310547
2020-10-27,134.84585571289062
2020-10-28,134.9718475341797
2020-10-29,133.6615753173828
2020-10-30,132.3429718017578
2020-11-02,133.33425903320312
2020-11-03,132.5607452392578
2020-11-04,135.43624877929688
2020-11-05,135.6716766357422
2020-11-06,134.0321044921875
2020-11-09,131.21534729003906
2020-11-10,130.4586944580078
2020-11-11,130.92958068847656
2020-11-12,133.15760803222656
2020-11-13,132.9811248779297
2020-11-16,132.66165161132812
2020-11-17,133.52755737304688
2020-11-18,133.9144287109375
2020-11-19,134.6038818359375
2020-11-20,135.7978057861328
2020-11-23,135.17564392089844
2020-11-24,133.83029174804688
2020-11-25,133.4182586669922
2020-11-27,134.7131805419922
2020-11-30,134.54498291015625
2020-12-01,132.56117248535156
2020-12-02,131.50912475585938
2020-12-03,132.56961059570312
2020-12-04,130.62545776367188
2020-12-07,131.80369567871094
2020-12-08,132.426513671875
2020-12-09,131.98890686035156
2020-12-10,133.15882873535156
2020-12-11,133.63011169433594
2020-12-14,133.25982666015625
2020-12-15,132.813720703125
2020-12-16,132.46018981933594
2020-12-17,132.1096649169922
2020-12-18,131.71371459960938
2020-12-21,132.23606872558594
2020-12-22,132.91854858398438
2020-12-23,132.000244140625
2020-12-24,132.52255249023438
2020-12-28,132.5814971923828
2020-12-29,132.4129638671875
2020-12-30,132.69952392578125
2020-12-31,132.89324951171875
2021-01-04,132.73316955566406
2021-01-05,131.7473602294922
2021-01-06,129.0428924560547
2021-01-07,127.90544891357422
2021-01-08,127.49259185791016
2021-01-11,127.2820053100586
2021-01-12,127.1808853149414
2021-01-13,128.61314392089844
2021-01-14,127.40833282470703
2021-01-15,127.91380310058594
2021-01-19,128.32672119140625
2021-01-20,128.4531707763672
2021-01-21,127.55159759521484
2021-01-22,127.96442413330078
2021-01-25,129.4725341796875
2021-01-26,129.22825622558594
2021-01-27,129.55685424804688
2021-01-28,128.8406524658203
2021-01-29,128.06553649902344
2021-02-01,128.21397399902344
2021-02-02,127.38738250732422
2021-02-03,126.25701904296875
2021-02-04,125.91963195800781
2021-02-05,124.86524200439453
2021-02-08,125.41352844238281
2021-02-09,125.50629425048828
2021-02-10,126.34136199951172
2021-02-11,125.64966583251953
2021-02-12,124.08922576904297
2021-02-16,122.19970703125
2021-02-17,122.97579193115234
2021-02-18,122.47806549072266
2021-02-19,120.8501205444336
2021-02-22,119.93069458007812
2021-02-23,119.58486938476562
2021-02-24,118.80036926269531
2021-02-25,116.86026763916016
2021-02-26,120.7236099243164
2021-03-01,119.12911987304688
2021-03-02,119.13756561279297
2021-03-03,117.8454360961914
2021-03-04,117.08541107177734
2021-03-05,117.31339263916016
2021-03-08,116.40129089355469
2021-03-09,118.01432800292969
2021-03-10,118.25079345703125
2021-03-11,117.39785766601562
2021-03-12,114.90648651123047
2021-03-15,115.58212280273438
2021-03-16,115.11763000488281
2021-03-17,114.25617980957031
2021-03-18,113.09919738769531
2021-03-19,113.8001480102539
2021-03-22,115.07534790039062
2021-03-23,116.11417388916016
2021-03-24,116.73914337158203
2021-03-25,115.81855010986328
2021-03-26,115.4131851196289
2021-03-29,114.43355560302734
2021-03-30,115.03315734863281
2021-03-31,114.391357421875
2021-04-01,116.28987884521484
2021-04-05,115.78248596191406
2021-04-06,116.56891632080078
2021-04-07,115.7571029663086
2021-04-08,116.71272277832031
2021-04-09,116.28987884521484
2021-04-12,116.23915100097656
2021-04-13,117.11024475097656
2021-04-14,116.73810577392578
2021-04-15,118.69161224365234
2021-04-16,117.76982116699219
2021-04-19,117.43158721923828
2021-04-20,117.9727554321289
2021-04-21,118.2096176147461
2021-04-22,118.72545623779297
2021-04-23,118.44635009765625
2021-04-26,118.27725982666016
2021-04-27,117.24554443359375
2021-04-28,117.32164001464844
2021-04-29,116.974853515625
2021-04-30,117.24554443359375
2021-05-03,117.3158187866211
2021-05-04,118.11193084716797
2021-05-05,118.30670928955078
2021-05-06,118.5014877319336
2021-05-07,117.91712188720703
2021-05-10,116.7229995727539
2021-05-11,116.06237030029297
2021-05-12,114.84280395507812
2021-05-13,115.02062225341797
2021-05-14,116.09625244140625
2021-05-17,115.85063934326172
2021-05-18,115.55425262451172
2021-05-19,115.27474975585938
2021-05-20,116.2232894897461
2021-05-21,116.59593963623047
2021-05-24,117.02784729003906
2021-05-25,118.11193084716797
2021-05-26,117.9086685180664
2021-05-27,117.43437194824219
2021-05-28,117.24806213378906
2021-06-01,117.2218017578125
2021-06-02,117.49312591552734
2021-06-03,117.0521469116211
2021-06-04,118.65509796142578
2021-06-07,118.29039764404297
2021-06-08,119.12157440185547
2021-06-09,120.17329406738281
2021-06-10,120.89421844482422
2021-06-11,120.6991958618164
2021-06-14,119.77465057373047
2021-06-15,119.63047790527344
2021-06-16,119.52869415283203
2021-06-17,121.31828308105469
2021-06-18,123.59981536865234
2021-06-21,121.53032684326172
2021-06-22,121.82718658447266
2021-06-23,121.51335906982422
2021-06-24,121.70841979980469
2021-06-25,120.44471740722656
2021-06-28,121.68296813964844
2021-06-29,121.88648986816406
2021-06-30,122.42935180664062
2021-07-01,122.4361343383789
2021-07-02,123.17494201660156
2021-07-06,124.61876678466797
2021-07-07,125.72270965576172
2021-07-08,126.21529388427734
2021-07-09,124.4404296875
2021-07-12,124.27896881103516
2021-07-13,123.32781982421875
2021-07-14,124.72906494140625
2021-07-15,126.10489654541016
2021-07-16,125.86714935302734
2021-07-19,128.6271514892578
2021-07-20,127.38727569580078
2021-07-21,125.77372741699219
2021-07-22,126.96265411376953
2021-07-23,126.11341094970703
2021-07-26,125.73970794677734
2021-07-27,127.08153533935547
2021-07-28,127.09003448486328
2021-07-29,126.3851547241211
2021-07-30,126.9796371459961
2021-08-02,128.11224365234375
2021-08-03,128.18020629882812
2021-08-04,128.44381713867188
2021-08-05,127.78916931152344
2021-08-06,125.65486145019531
2021-08-09,125.2042465209961
2021-08-10,124.62602996826172
2021-08-11,124.54954528808594
2021-08-12,124.34547424316406
2021-08-13,126.3095932006836
2021-08-16,126.61563873291016
2021-08-17,126.56468963623047
2021-08-18,126.98988342285156
2021-08-19,127.92517852783203
2021-08-20,128.01016235351562
2021-08-23,127.92517852783203
2021-08-24,126.93028259277344
2021-08-25,125.87598419189453
2021-08-26,126.2245864868164
2021-08-27,127.08341217041016
2021-08-30,127.41497039794922
2021-08-31,126.54771423339844
2021-09-01,126.7596435546875
2021-09-02,127.31299591064453
2021-09-03,126.15516662597656
2021-09-07,125.09098052978516
2021-09-08,125.94236755371094
2021-09-09,127.46630096435547
2021-09-10,126.34249877929688
2021-09-13,127.10873413085938
2021-09-14,128.6497344970703
2021-09-15,128.1984405517578
2021-09-16,127.61103057861328
2021-09-17,126.99807739257812
2021-09-20,128.5730743408203
2021-09-21,128.46237182617188
2021-09-22,129.2285919189453
2021-09-23,126.30843353271484
2021-09-24,125.07394409179688
2021-09-27,124.6142807006836
2021-09-28,122.67314910888672
2021-09-29,122.88597869873047
2021-09-30,122.86892700195312
2021-10-01,123.9029541015625
2021-10-04,123.58753204345703
2021-10-05,122.39411163330078
2021-10-06,123.08454895019531
2021-10-07,121.79737091064453
2021-10-08,120.9449462890625
2021-10-11,120.63807678222656
2021-10-12,122.7010269165039
2021-10-13,123.89442443847656
2021-10-14,124.3547592163086
2021-10-15,123.63017272949219
2021-10-18,124.20977783203125
2021-10-19,122.49639129638672
2021-10-20,121.66954803466797
2021-10-21,121.52460479736328
2021-10-22,122.86295318603516
2021-10-25,122.67544555664062
2021-10-26,123.6898422241211
2021-10-27,125.94029235839844
2021-10-28,125.51410675048828
2021-10-29,125.89764404296875
2021-11-01,124.9912338256836
2021-11-02,125.54606628417969
2021-11-03,124.24864196777344
2021-11-04,125.5545883178711
2021-11-05,127.43230438232422
2021-11-08,127.19332122802734
2021-11-09,128.84915161132812
2021-11-10,126.49344635009766
2021-11-11,126.3056640625
2021-11-12,125.7508773803711
2021-11-15,124.17178344726562
2021-11-16,123.85603332519531
2021-11-17,124.83758544921875
2021-11-18,125.30705261230469
2021-11-19,126.6300048828125
2021-11-22,125.14483642578125
2021-11-23,123.33535766601562
2021-11-24,125.3155517578125
2021-11-26,128.4821319580078
2021-11-29,127.44933319091797
2021-11-30,129.38687133789062
2021-12-01,130.1850128173828
2021-12-02,130.34747314453125
2021-12-03,131.9027557373047
2021-12-06,130.09104919433594
2021-12-07,129.03994750976562
2021-12-08,126.8095474243164
2021-12-09,127.51878356933594
2021-12-10,127.21118927001953
2021-12-13,129.09124755859375
2021-12-14,128.78358459472656
2021-12-15,127.5444107055664
2021-12-16,127.59406280517578
2021-12-17,129.0399169921875
2021-12-20,128.07315063476562
2021-12-21,127.58551025390625
2021-12-22,128.17579650878906
2021-12-23,127.06368255615234
2021-12-27,127.37165069580078
2021-12-28,126.86691284179688
2021-12-29,125.48088836669922
2021-12-30,126.53321838378906
2021-12-31,126.78131866455078
2022-01-03,123.45328521728516
2022-01-04,122.93997955322266
2022-01-05,122.27262115478516
2022-01-06,122.58924865722656
2022-01-07,121.7080307006836
2022-01-10,122.00747680664062
2022-01-11,122.82022094726562
2022-01-12,122.34964752197266
2022-01-13,123.43614196777344
2022-01-14,121.57115173339844
2022-01-18,119.8600845336914
2022-01-19,120.68994903564453
2022-01-20,121.43424224853516
2022-01-21,122.8801040649414
2022-01-24,121.87059783935547
2022-01-25,121.6738052368164
2022-01-26,120.20223999023438
2022-01-27,122.4095458984375
2022-01-28,122.45231628417969
2022-01-31,121.81922912597656
2022-02-01,121.41486358642578
2022-02-02,121.82610321044922
2022-02-03,120.87513732910156
2022-02-04,119.09317779541016
2022-02-07,119.17024993896484
2022-02-08,118.3735122680664
2022-02-09,118.59623718261719
2022-02-10,116.71141052246094
2022-02-11,118.44200897216797
2022-02-14,116.96846771240234
2022-02-15,115.64051818847656
2022-02-16,116.325927734375
2022-02-17,117.19120788574219
2022-02-18,118.42489624023438
2022-02-22,118.7332763671875
2022-02-23,117.09700775146484
2022-02-24,117.17411804199219
2022-02-25,117.2597427368164
2022-02-28,119.82992553710938
2022-03-01,121.21537017822266
2022-03-02,117.07189178466797
2022-03-03,118.26432037353516
2022-03-04,120.30606079101562
2022-03-07,119.38811492919922
2022-03-08,118.1871109008789
2022-03-09,117.02902221679688
2022-03-10,115.34765625
2022-03-11,115.733642578125
2022-03-14,113.03140258789062
2022-03-15,112.83407592773438
2022-03-16,113.94074249267578
2022-03-17,113.09146118164062
2022-03-18,114.47259521484375
2022-03-21,111.82185363769531
2022-03-22,110.38916778564453
2022-03-23,112.80834197998047
2022-03-24,111.92472076416016
2022-03-25,110.3720703125
2022-03-28,111.3156509399414
2022-03-29,112.15638732910156
2022-03-30,113.03140258789062
2022-03-31,113.305908203125
2022-04-01,113.73722839355469
2022-04-04,112.9468002319336
2022-04-05,110.39501953125
2022-04-06,109.50148010253906
2022-04-07,108.67668914794922
2022-04-08,107.4996109008789
2022-04-11,105.7984619140625
2022-04-12,105.65241241455078
2022-04-13,105.8671646118164
2022-04-14,103.74502563476562
2022-04-18,103.22955322265625
2022-04-19,102.4562759399414
2022-04-20,104.51829528808594
2022-04-21,103.74502563476562
2022-04-22,103.09205627441406
2022-04-25,104.12309265136719
2022-04-26,105.1712417602539
2022-04-27,103.82238006591797
2022-04-28,103.97704315185547
2022-04-29,102.62811279296875
2022-05-02,100.84919738769531
2022-05-03,101.52909088134766
2022-05-04,102.08848571777344
2022-05-05,99.29143524169922
2022-05-06,97.82833099365234
2022-05-09,98.68901062011719
2022-05-10,99.58405303955078
2022-05-11,101.5032730102539
2022-05-12,101.31393432617188
2022-05-13,99.8164291381836
2022-05-16,99.71317291259766
2022-05-17,98.50827026367188
2022-05-18,100.60821533203125
2022-05-19,100.84919738769531
2022-05-20,101.99381256103516
2022-05-23,100.31559753417969
2022-05-24,102.2950439453125
2022-05-25,102.69953155517578
2022-05-26,102.23481750488281
2022-05-27,102.48439025878906
2022-05-31,100.31559753417969
2022-06-01,100.2009048461914
2022-06-02,100.25267028808594
2022-06-03,100.037109375
2022-06-06,98.19212341308594
2022-06-07,99.25254821777344
2022-06-08,98.37316131591797
2022-06-09,98.70077514648438
2022-06-10,98.08861541748047
2022-06-13,95.01068878173828
2022-06-14,93.81228637695312
2022-06-15,95.56246185302734
2022-06-16,96.32117462158203
2022-06-17,96.63154602050781
2022-06-21,94.9934310913086
2022-06-22,97.60582733154297
2022-06-23,98.40765380859375
2022-06-24,97.0453872680664
2022-06-27,96.21772766113281
2022-06-28,96.66603088378906
2022-06-29,98.17485046386719
2022-06-30,99.03700256347656
2022-07-01,100.05382537841797
2022-07-05,100.83991241455078
2022-07-06,99.14669799804688
2022-07-07,98.27421569824219
2022-07-08,97.18575286865234
2022-07-11,98.86164855957031
2022-07-12,99.4490737915039
2022-07-13,100.58935546875
2022-07-14,99.76870727539062
2022-07-15,100.3302001953125
2022-07-18,99.28494262695312
2022-07-19,98.74935150146484
2022-07-20,99.00846862792969
2022-07-21,100.71895599365234
2022-07-22,102.41215515136719
2022-07-25,101.41004943847656
2022-07-26,101.48780822753906
2022-07-27,100.91764831542969
2022-07-28,101.72105407714844
2022-07-29,101.44463348388672
2022-08-01,103.88776397705078
2022-08-02,101.68952941894531
2022-08-03,103.29058074951172
2022-08-04,103.25598907470703
2022-08-05,100.79812622070312
2022-08-08,102.42513275146484
2022-08-09,102.02706146240234
2022-08-10,101.36066436767578
2022-08-11,98.9980239868164
2022-08-12,100.00192260742188
2022-08-15,99.91539001464844
2022-08-16,100.33080291748047
2022-08-17,99.28361511230469
2022-08-18,99.43074035644531
2022-08-19,97.82968139648438
2022-08-22,97.50080108642578
2022-08-23,96.9642105102539
2022-08-24,96.2545394897461
2022-08-25,97.59599304199219
2022-08-26,98.33161163330078
2022-08-29,97.51809692382812
2022-08-30,97.76042938232422
2022-08-31,96.82572937011719
2022-09-01,95.05304718017578
2022-09-02,95.59074401855469
2022-09-06,93.22307586669922
2022-09-07,94.69745635986328
2022-09-08,93.72608947753906
2022-09-09,93.93424224853516
2022-09-12,93.1623764038086
2022-09-13,93.37921142578125
2022-09-14,93.70010375976562
2022-09-15,93.63939666748047
2022-09-16,92.85883331298828
2022-09-19,93.0756607055664
2022-09-20,92.1476821899414
2022-09-21,93.69142150878906
2022-09-22,91.29776763916016
2022-09-23,91.6706771850586
2022-09-26,89.91875457763672
2022-09-27,87.55110931396484
2022-09-28,90.48250579833984
2022-09-29,90.01419830322266
2022-09-30,88.8520278930664
2022-10-03,90.26387023925781
2022-10-04,90.0117416381836
2022-10-05,89.15113067626953
2022-10-06,88.65557861328125
2022-10-07,87.794921875
2022-10-10,86.43006896972656
2022-10-11,86.81257629394531
2022-10-12,87.2385482788086
2022-10-13,86.40398406982422
2022-10-14,85.69112396240234
2022-10-17,85.2738037109375
2022-10-18,85.4737777709961
2022-10-19,83.91764068603516
2022-10-20,82.48322296142578
2022-10-21,80.99666595458984
2022-10-24,80.32728576660156
2022-10-25,82.6657485961914
2022-10-26,83.85678100585938
2022-10-27,84.73482513427734
2022-10-28,84.15237426757812
2022-10-31,83.5525131225586
2022-11-01,84.33336639404297
2022-11-02,83.96736145019531
2022-11-03,83.51419067382812
2022-11-04,82.11107635498047
2022-11-07,81.29190826416016
2022-11-08,82.18081665039062
2022-11-09,82.45096588134766
2022-11-10,85.6231689453125
2022-11-11,85.30944061279297
2022-11-14,85.10030364990234
2022-11-15,86.47724151611328
2022-11-16,88.36832427978516
2022-11-17,87.43583679199219
2022-11-18,86.83454895019531
2022-11-21,87.2005615234375
2022-11-22,88.43804931640625
2022-11-23,89.98057556152344
2022-11-25,89.67557525634766
2022-11-28,89.92828369140625
2022-11-29,88.87381744384766
2022-11-30,89.52743530273438
2022-12-01,92.387451171875
2022-12-02,93.54926300048828
2022-12-05,92.23892974853516
2022-12-06,93.427001953125
2022-12-07,95.62834167480469
2022-12-08,95.36630249023438
2022-12-09,92.88536834716797
2022-12-12,93.18240356445312
2022-12-13,94.0821304321289
2022-12-14,94.48397064208984
2022-12-15,94.85262298583984
2022-12-16,93.7930679321289
2022-12-19,92.21686553955078
2022-12-20,90.57936096191406
2022-12-21,90.8070297241211
2022-12-22,90.78954315185547
2022-12-23,89.4585189819336
2022-12-27,87.68965911865234
2022-12-28,87.17301177978516
2022-12-29,88.16249084472656
2022-12-30,87.18177795410156
2023-01-03,88.84551239013672
2023-01-04,90.06271362304688
2023-01-05,90.43926239013672
2023-01-06,92.10301971435547
2023-01-09,92.59339141845703
2023-01-10,91.06098175048828
2023-01-11,92.54086303710938
2023-01-12,94.36225891113281
2023-01-13,93.47783660888672
2023-01-17,92.87362670898438
2023-01-18,95.12409210205078
2023-01-19,94.52864837646484
2023-01-20,92.99622344970703
2023-01-23,92.55836486816406
2023-01-24,93.889404296875
2023-01-25,94.11710357666016
2023-01-26,93.67925262451172
2023-01-27,93.44282531738281
2023-01-30,93.1012954711914
2023-01-31,93.84564208984375
2023-02-01,94.9737548828125
2023-02-02,95.0966567993164
2023-02-03,93.6744155883789
2023-02-06,92.98088836669922
2023-02-07,92.23462677001953
2023-02-08,92.67356872558594
2023-02-09,91.79568481445312
2023-02-10,90.76850128173828
2023-02-13,91.53231048583984
2023-02-14,91.32159423828125
2023-02-15,90.47001647949219
2023-02-16,89.188232421875
2023-02-17,89.88178253173828
2023-02-21,88.1347427368164
2023-02-22,88.94242858886719
2023-02-23,89.81156921386719
2023-02-24,88.64391326904297
2023-02-27,88.8897476196289
2023-02-28,89.2935791015625
2023-03-01,88.33429718017578
2023-03-02,87.55104064941406
2023-03-03,89.67201232910156
2023-03-06,88.97675323486328
2023-03-07,89.52241516113281
2023-03-08,89.61039733886719
2023-03-09,89.83043670654297
2023-03-10,92.92835998535156
2023-03-13,93.13957214355469
2023-03-14,91.60822296142578
2023-03-15,93.37718200683594
2023-03-16,92.64669036865234
2023-03-17,94.03724670410156
2023-03-20,93.20996856689453
2023-03-21,92.40912628173828
2023-03-22,93.64120483398438
2023-03-23,93.64120483398438
2023-03-24,94.03724670410156
2023-03-27,91.82826232910156
2023-03-28,91.9954605102539
2023-03-29,91.81062316894531
2023-03-30,92.23307800292969
2023-03-31,93.61480712890625
2023-04-03,94.05509185791016
2023-04-04,94.52271270751953
2023-04-05,95.51091003417969
2023-04-06,95.75794982910156
2023-04-10,94.2138900756836
2023-04-11,94.40803527832031
2023-04-12,94.31095886230469
2023-04-13,93.56983184814453
2023-04-14,92.71397399902344
2023-04-17,91.611083984375
2023-04-18,91.93753051757812
2023-04-19,91.84929656982422
2023-04-20,92.63456726074219
2023-04-21,92.1139907836914
2023-04-24,93.00514221191406
2023-04-25,94.37271881103516
2023-04-26,93.36690521240234
2023-04-27,92.44043731689453
2023-04-28,93.93157196044922
2023-05-01,91.22308349609375
2023-05-02,93.49637603759766
2023-05-03,94.01825714111328
2023-05-04,93.08949279785156
2023-05-05,92.77987670898438
2023-05-08,91.47960662841797
2023-05-09,91.15234375
2023-05-10,92.03688049316406
2023-05-11,93.00988006591797
2023-05-12,92.23148345947266
2023-05-15,91.27619171142578
2023-05-16,91.00194549560547
2023-05-17,90.73658752441406
2023-05-18,90.06433868408203
2023-05-19,89.42744445800781
2023-05-22,89.10902404785156
2023-05-23,89.36553192138672
2023-05-24,88.92324829101562
2023-05-25,88.7021484375
2023-05-26,89.41859436035156
2023-05-30,90.31202697753906
2023-05-31,91.09925079345703
2023-06-01,91.45668029785156
2023-06-02,90.4544906616211
2023-06-05,90.28596496582031
2023-06-06,90.81809997558594
2023-06-07,89.47001647949219
2023-06-08,90.51656341552734
2023-06-09,90.39238739013672
2023-06-12,90.65848541259766
2023-06-13,89.76271057128906
2023-06-14,90.48109436035156
2023-06-15,91.35025787353516
2023-06-16,90.99549102783203
2023-06-20,91.62517547607422
2023-06-21,91.8469009399414
2023-06-22,90.7383041381836
2023-06-23,91.64292907714844
2023-06-26,91.740478515625
2023-06-27,91.50100708007812
2023-06-28,91.8912582397461
2023-06-29,90.2327651977539
2023-06-30,91.29705810546875
2023-07-03,90.77947235107422
2023-07-05,89.9168472290039
2023-07-06,88.64517211914062
2023-07-07,88.111572265625
2023-07-10,88.2271728515625
2023-07-11,88.68072509765625
2023-07-12,89.6678466796875
2023-07-13,90.6104965209961
2023-07-14,90.07693481445312
2023-07-17,90.12138366699219
2023-07-18,90.53047943115234
2023-07-19,91.55316925048828
2023-07-20,90.44152069091797
2023-07-21,90.46821594238281
2023-07-24,90.13917541503906
2023-07-25,89.9701919555664
2023-07-26,90.05911254882812
2023-07-27,88.30722045898438
2023-07-28,88.76075744628906
2023-07-31,88.9742202758789
2023-08-01,87.51618194580078
2023-08-02,86.57984161376953
2023-08-03,84.58233642578125
2023-08-04,86.0804672241211
2023-08-07,85.23331451416016
2023-08-08,86.22315979003906
2023-08-09,86.66900634765625
2023-08-10,85.24220275878906
2023-08-11,85.04605102539062
2023-08-14,84.85877990722656
2023-08-15,84.34153747558594
2023-08-16,83.6816635131836
2023-08-17,83.324951171875
2023-08-18,83.6192398071289
2023-08-21,82.50455474853516
2023-08-22,83.1376953125
2023-08-23,85.19763946533203
2023-08-24,84.63585662841797
2023-08-25,84.91228485107422
2023-08-28,85.00141906738281
2023-08-29,85.88426971435547
2023-08-30,85.79510498046875
2023-08-31,86.17855072021484
2023-09-01,84.8360366821289
2023-09-05,83.64644622802734
2023-09-06,83.85215759277344
2023-09-07,84.084716796875
2023-09-08,84.4067153930664
2023-09-11,83.79851531982422
2023-09-12,84.281494140625
2023-09-13,84.26358795166016
2023-09-14,83.6553955078125
2023-09-15,83.14556884765625
2023-09-18,83.61962127685547
2023-09-19,83.00247192382812
2023-09-20,83.26182556152344
2023-09-21,81.12417602539062
2023-09-22,81.777099609375
2023-09-25,79.76466369628906
2023-09-26,79.48738098144531
2023-09-27,79.07594299316406
2023-09-28,79.31744384765625
2023-09-29,79.32638549804688
2023-10-02,77.9984130859375
2023-10-03,76.32056427001953
2023-10-04,77.39729309082031
2023-10-05,77.01145935058594
2023-10-06,76.07833099365234
2023-10-09,77.86385345458984
2023-10-10,77.75617980957031
2023-10-11,79.38021850585938
2023-10-12,77.226806640625
2023-10-13,78.60859680175781
2023-10-16,77.34344482421875
2023-10-17,76.49107360839844
2023-10-18,75.81810760498047
2023-10-19,74.26586151123047
2023-10-20,74.68756103515625
2023-10-23,75.5848159790039
2023-10-24,76.58076477050781
2023-10-25,74.87598419189453
2023-10-26,76.02448272705078
2023-10-27,75.70146179199219
2023-10-30,75.36051940917969
2023-10-31,74.99263763427734
2023-11-01,76.61863708496094
2023-11-02,78.36528778076172
2023-11-03,78.896484375
2023-11-06,78.13121795654297
2023-11-07,79.28364562988281
2023-11-08,80.63414764404297
2023-11-09,78.7794418334961
2023-11-10,79.22061920166016
2023-11-13,79.04056549072266
2023-11-14,80.83223724365234
2023-11-15,79.6977767944336
2023-11-16,80.68816375732422
2023-11-17,81.06632232666016
2023-11-20,81.56149291992188
2023-11-21,81.52547454833984
2023-11-22,81.8135986328125
2023-11-24,80.85021209716797
2023-11-27,82.20072937011719
2023-11-28,82.36280059814453
2023-11-29,83.3981704711914
2023-11-30,82.43482971191406
2023-12-01,83.9874038696289
2023-12-04,83.65323638916016
2023-12-05,85.45054626464844
2023-12-06,86.58856964111328
2023-12-07,86.09184265136719
2023-12-08,85.38734436035156
2023-12-11,85.20669555664062
2023-12-12,85.45962524414062
2023-12-13,87.46466064453125
2023-12-14,89.7398681640625
2023-12-15,89.83955383300781
2023-12-18,89.12372589111328
2023-12-19,89.60397338867188
2023-12-20,90.21105194091797
2023-12-21,89.64020538330078
2023-12-22,89.23247528076172
2023-12-26,89.4861831665039
2023-12-27,91.07183837890625
2023-12-28,90.41040802001953
2023-12-29,89.59489440917969
2024-01-02,89.07843780517578
2024-01-03,89.44994354248047
2024-01-04,88.09077453613281
2024-01-05,87.24813079833984
2024-01-08,88.10891723632812
2024-01-09,87.54714965820312
2024-01-10,87.1393814086914
2024-01-11,87.62866973876953
2024-01-12,87.45651245117188
2024-01-16,85.91614532470703
2024-01-17,85.78022766113281
2024-01-18,84.98287200927734
2024-01-19,85.25468444824219
2024-01-22,85.76213073730469
2024-01-23,85.08255767822266
2024-01-24,84.5842056274414
2024-01-25,85.13691711425781
2024-01-26,84.97378540039062
2024-01-29,85.952392578125
2024-01-30,86.73163604736328
2024-01-31,87.58336639404297
2024-02-01,89.30140686035156
2024-02-02,87.32884216308594
2024-02-05,85.56536102294922
2024-02-06,86.40166473388672
2024-02-07,85.98351287841797
2024-02-08,85.48355102539062
2024-02-09,85.31083679199219
2024-02-12,85.41083526611328
2024-02-13,83.94730377197266
2024-02-14,84.37454223632812
2024-02-15,84.81090545654297
2024-02-16,84.31999969482422
2024-02-20,84.39274597167969
2024-02-21,83.79278564453125
2024-02-22,84.20184326171875
2024-02-23,85.32902526855469
2024-02-26,85.07450103759766
2024-02-27,84.47457885742188
2024-02-28,85.01087188720703
2024-02-29,85.61082458496094
2024-03-01,86.14427947998047
2024-03-04,85.79776000976562
2024-03-05,87.01968383789062
2024-03-06,87.53028106689453
2024-03-07,87.44823455810547
2024-03-08,87.29319763183594
2024-03-11,87.24763488769531
2024-03-12,86.51811218261719
2024-03-13,86.09867095947266
2024-03-14,84.7764663696289
2024-03-15,84.74910736083984
2024-03-18,84.49378967285156
2024-03-19,84.73086547851562
2024-03-20,84.7035140991211
2024-03-21,84.8858871459961
2024-03-22,85.69743347167969
2024-03-25,85.26888275146484
2024-03-26,85.5059585571289
2024-03-27,86.35397338867188
2024-03-28,86.28103637695312
2024-04-01,84.67268371582031
2024-04-02,84.20609283447266
2024-04-03,84.18778228759766
2024-04-04,84.79158782958984
2024-04-05,83.61139678955078
2024-04-08,83.60224914550781
2024-04-09,84.37992095947266
2024-04-10,82.54098510742188
2024-04-11,82.16588592529297
2024-04-12,82.60503387451172
2024-04-15,81.32418060302734
2024-04-16,80.7844009399414
2024-04-17,81.68098449707031
2024-04-18,81.2693099975586
2024-04-19,81.56206512451172
2024-04-22,81.42481994628906
2024-04-23,81.45227813720703
2024-04-24,80.87590026855469
2024-04-25,80.30865478515625
2024-04-26,80.7295150756836
2024-04-29,81.40653228759766
2024-04-30,80.71121215820312
2024-05-01,81.30613708496094
2024-05-02,81.65502166748047
2024-05-03,82.48128509521484
2024-05-06,82.80262756347656
2024-05-07,83.30757141113281
2024-05-08,82.80262756347656
2024-05-09,83.20660400390625
2024-05-10,82.73835754394531
2024-05-13,82.94953155517578
2024-05-14,83.41775512695312
2024-05-15,84.55616760253906
2024-05-16,84.47355651855469
2024-05-17,83.90432739257812
2024-05-20,83.65645599365234
2024-05-21,84.08795166015625
2024-05-22,84.18894958496094
2024-05-23,83.64728546142578
2024-05-24,83.89514923095703
2024-05-28,82.69246673583984
2024-05-29,81.69172668457031
2024-05-30,82.48128509521484
2024-05-31,83.04132080078125
2024-06-03,84.38447570800781
2024-06-04,85.37020111083984
2024-06-05,85.99662780761719
2024-06-06,85.86766815185547
2024-06-07,84.29235076904297
2024-06-10,83.73041534423828
2024-06-11,84.59636688232422
2024-06-12,85.23200988769531
2024-06-13,86.48487091064453
2024-06-14,87.21266174316406
2024-06-17,86.3467025756836
2024-06-18,87.13893127441406
2024-06-20,86.55857849121094
2024-06-21,86.55857849121094
2024-06-24,86.90864562988281
2024-06-25,87.05603790283203
2024-06-26,85.81239318847656
2024-06-27,86.15322875976562
2024-06-28,84.55029296875
2024-07-01,83.091064453125
2024-07-02,83.73797607421875
2024-07-03,84.83771514892578
2024-07-05,85.54004669189453
2024-07-08,85.72491455078125
2024-07-09,85.34600067138672
2024-07-10,85.614013671875
2024-07-11,86.44574737548828
2024-07-12,86.81541442871094
2024-07-15,85.81732940673828
2024-07-16,87.02798461914062
2024-07-17,87.04646301269531
2024-07-18,86.38105010986328
2024-07-19,85.87277221679688
2024-07-22,85.62326049804688
2024-07-23,85.50309753417969
2024-07-24,84.57894134521484
2024-07-25,85.27205657958984
2024-07-26,85.93746185302734
2024-07-29,86.39954376220703
2024-07-30,86.73223114013672
2024-07-31,87.61943054199219
2024-08-01,88.37511444091797
2024-08-02,91.12903594970703
2024-08-05,91.61119842529297
2024-08-06,89.56199645996094
2024-08-07,88.93148040771484
2024-08-08,88.3843994140625
2024-08-09,89.2560043334961
2024-08-12,89.58055114746094
2024-08-13,90.20177459716797
2024-08-14,90.76742553710938
2024-08-15,90.03487396240234
2024-08-16,90.35015106201172
2024-08-19,90.76742553710938
2024-08-20,91.49066162109375
2024-08-21,91.5462875366211
2024-08-22,90.63758850097656
2024-08-23,91.23101806640625
2024-08-26,90.99921417236328
2024-08-27,90.84159851074219
2024-08-28,90.73030853271484
2024-08-29,90.43360900878906
2024-08-30,89.46926879882812
2024-09-03,90.93255615234375
2024-09-04,92.10468292236328
2024-09-05,92.62564086914062
2024-09-06,92.61632537841797
2024-09-09,93.01634979248047
2024-09-10,93.66752624511719
2024-09-11,93.59308624267578
2024-09-12,93.15587615966797
2024-09-13,93.40703582763672
2024-09-16,94.26287078857422
2024-09-17,93.80703735351562
2024-09-18,92.64424133300781
2024-09-19,92.33724212646484
2024-09-20,91.98377227783203
2024-09-23,91.7884292602539
2024-09-24,91.76978302001953
2024-09-25,91.00697326660156
2024-09-26,91.22093963623047
2024-09-27,91.69536590576172
2024-09-30,91.25814819335938
2024-10-01,91.91702270507812
2024-10-02,91.14241790771484
2024-10-03,90.2838134765625
2024-10-04,89.17324829101562
2024-10-07,88.50129699707031
2024-10-08,88.65061950683594
2024-10-09,88.14664459228516
2024-10-10,87.80136108398438
2024-10-11,87.44669342041016
2024-10-14,87.51202392578125
2024-10-15,88.57598114013672
2024-10-16,88.94927215576172
2024-10-17,87.54005432128906
2024-10-18,87.6053695678711
2024-10-21,86.0748291015625
2024-10-22,86.1587905883789
2024-10-23,85.92549133300781
2024-10-24,86.47611999511719
2024-10-25,85.9908218383789
2024-10-28,85.75751495361328
2024-10-29,85.88815307617188
2024-10-30,86.14015197753906
2024-10-31,86.28013610839844
2024-11-01,85.063720703125
2024-11-04,86.38407135009766
2024-11-05,86.84291076660156
2024-11-06,84.46441650390625
2024-11-07,85.52257537841797
2024-11-08,86.60881805419922
2024-11-11,86.18742370605469
2024-11-12,84.89518737792969
2024-11-13,84.0898666381836
2024-11-14,84.57678985595703
2024-11-15,84.35205841064453
2024-11-18,84.50188446044922
2024-11-19,84.93263244628906
2024-11-20,84.66107177734375
2024-11-21,84.59552764892578
2024-11-22,84.64234161376953
2024-11-25,86.83354949951172
2024-11-26,86.49644470214844
2024-11-27,87.09574890136719
2024-11-29,87.99469757080078
2024-12-02,88.20613861083984
2024-12-03,87.44500732421875
2024-12-04,88.38468170166016
2024-12-05,88.56320190429688
2024-12-06,88.69474792480469
2024-12-09,87.87723541259766
2024-12-10,87.46379089355469
2024-12-11,86.63687133789062
2024-12-12,85.58445739746094
2024-12-13,84.71057891845703
2024-12-16,84.96429443359375
2024-12-17,85.17103576660156
2024-12-18,84.10601043701172
2024-12-19,82.8325424194336
2024-12-20,83.30419921875
2024-12-23,82.54010772705078
2024-12-24,82.88914489746094
2024-12-26,82.84196472167969
2024-12-27,82.16278839111328
2024-12-30,82.8231201171875
2024-12-31,82.3797378540039
2025-01-02,82.60614776611328
2025-01-03,82.3420181274414
2025-01-06,81.97412109375
2025-01-07,81.04966735839844
2025-01-08,81.15343475341797
2025-01-10,80.61575317382812
2025-01-13,80.58746337890625
2025-01-14,80.45538330078125
2025-01-15,81.84205627441406
2025-01-16,82.10618591308594
2025-01-17,82.24769592285156
2025-01-21,82.98346710205078
2025-01-22,82.54955291748047
2025-01-23,81.90808868408203
2025-01-24,82.27598571777344
2025-01-27,83.24759674072266
2025-01-28,83.19100952148438
2025-01-29,83.02117919921875
2025-01-30,83.33248901367188
2025-01-31,82.78536987304688
2025-02-03,83.45941162109375
2025-02-04,83.71501922607422
2025-02-05,85.09716796875
2025-02-06,85.05929565429688
2025-02-07,84.51020812988281
2025-02-10,84.25463104248047
2025-02-11,83.71501922607422
2025-02-12,82.5790023803711
2025-02-13,83.95169830322266
2025-02-14,84.39663696289062
2025-02-18,83.40259552001953
2025-02-19,83.50672912597656
2025-02-20,83.81916809082031
2025-02-21,84.83209991455078
2025-02-24,85.07823944091797
2025-02-25,86.54558563232422
2025-02-26,87.05680847167969
2025-02-27,86.44144439697266
2025-02-28,87.50173950195312
2025-03-03,87.91009521484375
2025-03-04,86.82749938964844
2025-03-05,86.13422393798828
2025-03-06,85.84932708740234
2025-03-07,85.57393646240234
2025-03-10,86.46662139892578
2025-03-11,85.84932708740234
2025-03-12,85.33651733398438
2025-03-13,86.08675384521484
2025-03-14,85.63091278076172
2025-03-17,86.0582504272461
2025-03-18,86.14373016357422
2025-03-19,86.59007263183594
2025-03-20,86.64704895019531
2025-03-21,86.13422393798828
2025-03-24,85.25104522705078
2025-03-25,85.24154663085938
2025-03-26,84.68125915527344
2025-03-27,84.43433380126953
2025-03-28,85.60240173339844
2025-03-31,86.4476089477539
2025-04-01,87.19673156738281
2025-04-02,87.13956451416016
2025-04-03,87.53984832763672
2025-04-04,88.49291229248047
2025-04-07,85.8243179321289
2025-04-08,84.20408630371094
2025-04-09,84.69969177246094
2025-04-10,82.36465454101562
2025-04-11,82.81258392333984
2025-04-14,83.40350341796875
2025-04-15,83.69893646240234
2025-04-16,84.16596221923828
2025-04-17,83.42256927490234
2025-04-21,81.96436309814453
2025-04-22,82.42182922363281
2025-04-23,83.22242736816406
2025-04-24,84.09925842285156
2025-04-25,84.71873474121094
2025-04-28,85.25247192382812
2025-04-29,85.96725463867188
2025-04-30,85.27153015136719
2025-05-01,84.83914947509766
2025-05-02,83.92083740234375
2025-05-05,83.45211791992188
2025-05-06,83.7295150756836
2025-05-07,84.08345031738281
2025-05-08,83.14600372314453
2025-05-09,83.2703628540039
2025-05-12,82.49553680419922
2025-05-13,82.16071319580078
2025-05-14,81.61547088623047
2025-05-15,82.33291625976562
2025-05-16,82.55294036865234
2025-05-19,82.31379699707031
2025-05-20,81.720703125
2025-05-21,80.32408905029297
2025-05-22,80.74498748779297
2025-05-23,80.87890625
2025-05-27,82.00767517089844
2025-05-28,81.65372467041016
2025-05-29,82.4094467163086
2025-05-30,82.53378295898438
2025-06-02,81.76567840576172
2025-06-03,81.62166595458984
2025-06-04,82.94666290283203
2025-06-05,83.0042495727539
2025-06-06,81.94810485839844
2025-06-09,82.03451538085938
2025-06-10,82.45697021484375
2025-06-11,82.70661163330078
2025-06-12,83.69557189941406
2025-06-13,82.8890380859375
2025-06-16,82.0537109375
2025-06-17,83.05228424072266
2025-06-18,83.19628143310547
2025-06-20,83.04267120361328
2025-06-23,83.31150817871094
2025-06-24,83.91638946533203
2025-06-25,84.02201843261719
2025-06-26,84.44446563720703
2025-06-27,83.90678405761719
2025-06-30,84.73251342773438
2025-07-01,84.94259643554688
2025-07-02,84.4029312133789
2025-07-03,83.81504821777344
2025-07-07,83.0151596069336
2025-07-08,82.90914916992188
2025-07-09,83.77648162841797
2025-07-10,83.8343276977539
2025-07-11,82.6778564453125
2025-07-14,82.50437927246094
2025-07-15,81.92615509033203
2025-07-16,82.04180145263672
2025-07-17,82.02252197265625
2025-07-18,82.14781188964844
2025-07-21,82.88024139404297
2025-07-22,83.38136291503906
2025-07-23,82.91879272460938
2025-07-24,82.77421569824219
2025-07-25,83.29463958740234
2025-07-28,82.75494384765625
2025-07-29,84.15235900878906
2025-07-30,83.71867370605469
2025-07-31,83.76686096191406
2025-08-01,84.9577407836914
2025-08-04,85.18991088867188
2025-08-05,85.45111083984375
2025-08-06,84.9577407836914
2025-08-07,84.81263732910156
2025-08-08,84.44500732421875
2025-08-11,84.5417709350586
2025-08-12,84.11609649658203
2025-08-13,84.81263732910156
2025-08-14,84.18382263183594
2025-08-15,83.58402252197266
2025-08-18,83.34215545654297
2025-08-19,83.82586669921875
2025-08-20,84.00967407226562
2025-08-21,83.59368896484375
2025-08-22,84.21283721923828
2025-08-25,83.97098541259766
2025-08-26,83.92261505126953
2025-08-27,83.82586669921875
2025-08-28,84.37730407714844
2025-08-29,83.77751159667969
2025-09-02,83.15406036376953
2025-09-03,84.06687927246094
2025-09-04,84.70780181884766
2025-09-05,85.99935150146484
2025-09-08,87.14522552490234
2025-09-09,86.64997863769531
2025-09-10,87.14522552490234
2025-09-11,87.72787475585938
2025-09-12,87.34915161132812
2025-09-15,87.5530776977539
2025-09-16,87.73758697509766
2025-09-17,87.51424407958984
2025-09-18,86.61112976074219
2025-09-19,86.44605255126953
2025-09-22,86.13529205322266
2025-09-23,86.73737335205078
2025-09-24,86.4072036743164
2025-09-25,86.4072036743164
2025-09-26,86.32951354980469
2025-09-29,87.03840637207031
2025-09-30,86.78592681884766
2025-10-01,87.01005554199219
2025-10-02,87.263427734375
2025-10-03,87.0977554321289
2025-10-06,86.40587615966797
2025-10-07,86.90287017822266
2025-10-08,86.97108459472656
2025-10-09,86.90287017822266
2025-10-10,88.30609893798828
2025-10-13,88.25737762451172
2025-10-14,88.53997039794922
2025-10-15,88.34507751464844
2025-10-16,89.0077133178711
2025-10-17,88.87129211425781
2025-10-20,89.21234893798828
2025-10-21,89.6508560180664
2025-10-22,89.70931243896484
2025-10-23,89.09540557861328
2025-10-24,89.13439178466797
2025-10-27,89.43647766113281
2025-10-28,89.67034912109375
2025-10-29,88.76409149169922
2025-10-30,88.24763488769531
2025-10-31,87.98452758789062
2025-11-03,87.76446533203125
2025-11-04,87.96007537841797
2025-11-05,87.00164031982422
2025-11-06,87.7840347290039
2025-11-07,87.59822082519531
2025-11-10,87.57866668701172
2025-11-11,87.9796371459961
2025-11-12,88.1361083984375
2025-11-13,87.41239929199219
2025-11-14,86.91362762451172
2025-11-17,87.12877655029297
2025-11-18,87.09944152832031
2025-11-19,86.92340850830078
2025-11-20,87.26570129394531
2025-11-21,87.52975463867188
2025-11-24,88.02852630615234
2025-11-25,88.25346374511719
2025-11-26,88.64466094970703
2025-11-28,88.22412872314453
2025-12-01,87.1258544921875
2025-12-02,87.16510772705078
2025-12-03,87.41048431396484
2025-12-04,86.93936920166016
2025-12-05,86.53695678710938
2025-12-08,86.25232696533203
2025-12-09,86.34066772460938
2025-12-10,86.67436981201172
2025-12-11,86.55659484863281
2025-12-12,85.72233581542969
2025-12-15,85.7812271118164
2025-12-16,86.25232696533203
2025-12-17,86.173828125
2025-12-18,86.5860366821289
2025-12-19,86.26286315917969
2025-12-22,86.07565307617188
2025-12-23,86.2136001586914
2025-12-24,86.73580169677734
2025-12-26,86.4500732421875
2025-12-29,86.77520751953125
2025-12-30,86.56830596923828
2025-12-31,85.87860107421875
2026-01-02,85.7505111694336
2026-01-05,86.17418670654297
2026-01-06,85.99683380126953
2026-01-07,86.49933624267578
2026-01-08,86.06580352783203
2026-01-09,86.63728332519531
2026-01-12,86.38109588623047
2026-01-13,86.52889251708984
2026-01-14,87.0313949584961
2026-01-15,87.01168823242188
2026-01-16,86.50919342041016
2026-01-20,85.37609100341797
2026-01-21,86.0263900756836
2026-01-22,86.40081024169922
2026-01-23,86.63728332519531
2026-01-26,87.05110168457031
2026-01-27,86.50919342041016
2026-01-28,86.3121337890625
2026-01-29,86.33183288574219
2026-01-30,85.84903717041016
2026-02-02,85.60375213623047
2026-02-03,85.81145477294922
2026-02-04,85.59386444091797
2026-02-05,86.5235824584961
2026-02-06,86.58293151855469
2026-02-09,86.5631332397461
2026-02-10,87.56210327148438
2026-02-11,87.09724426269531
2026-02-12,88.25444793701172
2026-02-13,88.73909759521484
2026-02-17,88.887451171875
2026-02-18,88.5511703491211
2026-02-19,88.64019012451172
2026-02-20,88.43248748779297
2026-02-23,88.75886535644531
2026-02-24,88.91712188720703
2026-02-25,88.92701721191406
2026-02-26,89.28307342529297
2026-02-27,89.82706451416016
2026-03-02,88.92501068115234
2026-03-03,88.74639129638672
2026-03-04,88.4685287475586
2026-03-05,88.11128234863281
2026-03-06,87.78380584716797
2026-03-09,88.54792022705078
2026-03-10,87.60517883300781
2026-03-11,86.4738998413086
2026-03-12,86.30519104003906
2026-03-13,85.87848663330078
2026-03-16,86.5433578491211
2026-03-17,86.78152465820312
2026-03-18,86.2952651977539
2026-03-19,86.82122039794922
2026-03-20,85.17391204833984
2026-03-23,85.72962951660156
2026-03-24,85.35253143310547
2026-03-25,86.17618560791016
2026-03-26,85.45176696777344
2026-03-27,84.98535919189453
2026-03-30,86.11664581298828
2026-03-31,86.02733612060547
2026-04-01,85.9426498413086
2026-04-02,86.47069549560547
2026-04-06,86.33121490478516
2026-04-07,86.32125091552734
2026-04-08,86.6002197265625
2026-04-09,86.38102722167969
2026-04-10,86.17179870605469
2026-04-13,86.43084716796875
2026-04-14,86.88915252685547
2026-04-15,86.51055145263672
2026-04-16,85.96257019042969
2026-04-17,86.74966430664062
2026-04-20,86.72974395751953
2026-04-21,86.25150299072266
2026-04-22,86.4208755493164
2026-04-23,86.23158264160156
2026-04-24,86.3909912109375
2026-04-27,85.96257019042969
2026-04-28,86.05224609375
2026-04-29,85.38470458984375
2026-04-30,85.30500030517578
2026-05-01,85.61000061035156
2026-05-04,84.95999908447266
2026-05-05,85.43000030517578
2026-05-06,86.08000183105469
2026-05-07,85.6500015258789
2026-05-08,86.08000183105469
2026-05-11,85.55999755859375
2026-05-12,84.98999786376953
2026-05-13,84.80000305175781
2026-05-14,84.91999816894531
2026-05-15,83.66000366210938
2026-05-18,83.55999755859375
2026-05-19,83.0199966430664
2026-05-20,83.91000366210938
2026-05-21,84.22000122070312
2026-05-22,84.68000030517578
