Date,Close
2003-04-14,7.236703395843506
2003-04-15,7.322683811187744
2003-04-16,7.40723180770874
2003-04-17,7.4602532386779785
2003-04-21,7.4573869705200195
2003-04-22,7.48246431350708
2003-04-23,7.517574310302734
2003-04-24,7.369256496429443
2003-04-25,7.2474517822265625
2003-04-28,7.367107391357422
2003-04-29,7.577044486999512
2003-04-30,7.555546760559082
2003-05-01,7.526172637939453
2003-05-02,7.641526699066162
2003-05-05,7.7239251136779785
2003-05-06,7.763333797454834
2003-05-07,7.749004364013672
2003-05-08,7.680941104888916
2003-05-09,7.771216869354248
2003-05-12,7.879410743713379
2003-05-13,7.834982395172119
2003-05-14,7.795576572418213
2003-05-15,7.81134033203125
2003-05-16,7.817070484161377
2003-05-19,7.630780220031738
2003-05-20,7.668756484985352
2003-05-21,7.675202369689941
2003-05-22,7.7447052001953125
2003-05-23,7.824239730834961
2003-05-27,8.104391098022461
2003-05-28,8.139500617980957
2003-05-29,8.15024471282959
2003-05-30,8.244824409484863
2003-06-02,8.304298400878906
2003-06-03,8.241243362426758
2003-06-04,8.347284317016602
2003-06-05,8.355887413024902
2003-06-06,8.43398380279541
2003-06-09,8.361616134643555
2003-06-10,8.447595596313477
2003-06-11,8.454761505126953
2003-06-12,8.518531799316406
2003-06-13,8.515665054321289
2003-06-16,8.607379913330078
2003-06-17,8.784357070922852
2003-06-18,8.752113342285156
2003-06-19,8.752113342285156
2003-06-20,8.752113342285156
2003-06-23,8.53715991973877
2003-06-24,8.474108695983887
2003-06-25,8.544325828552246
2003-06-26,8.636754989624023
2003-06-27,8.596630096435547
2003-06-30,8.590901374816895
2003-07-01,8.684041976928711
2003-07-02,8.888246536254883
2003-07-03,8.91332721710205
2003-07-07,9.13400936126709
2003-07-08,9.159805297851562
2003-07-09,9.1383056640625
2003-07-10,8.977811813354492
2003-07-11,9.053040504455566
2003-07-14,9.212109565734863
2003-07-15,9.096035957336426
2003-07-16,9.103201866149902
2003-07-17,8.865321159362793
2003-07-18,8.983541488647461
2003-07-21,8.864603042602539
2003-07-22,8.970646858215332
2003-07-23,8.91332721710205
2003-07-24,8.956315994262695
2003-07-25,9.103201866149902
2003-07-28,9.153353691101074
2003-07-29,9.101767539978027
2003-07-30,9.03512954711914
2003-07-31,9.078123092651367
2003-08-01,9.098184585571289
2003-08-04,9.058060646057129
2003-08-05,8.960616111755371
2003-08-06,8.920489311218262
2003-08-07,8.985692977905273
2003-08-08,9.045877456665039
2003-08-11,9.085285186767578
2003-08-12,9.121114730834961
2003-08-13,9.250082015991211
2003-08-14,9.371889114379883
2003-08-15,9.278746604919434
2003-08-18,9.47650146484375
2003-08-19,9.523072242736816
2003-08-20,9.524502754211426
2003-08-21,9.699332237243652
2003-08-22,9.74876880645752
2003-08-25,9.672822952270508
2003-08-26,9.554598808288574
2003-08-27,9.665657043457031
2003-08-28,9.733007431030273
2003-08-29,9.803226470947266
2003-09-02,9.948676109313965
2003-09-03,10.027491569519043
2003-09-04,10.063313484191895
2003-09-05,10.054003715515137
2003-09-08,10.244593620300293
2003-09-09,10.066899299621582
2003-09-10,9.899235725402832
2003-09-11,9.887773513793945
2003-09-12,9.957988739013672
2003-09-15,9.811105728149414
2003-09-16,10.013161659240723
2003-09-17,9.970170021057129
2003-09-18,10.08481216430664
2003-09-19,10.038237571716309
2003-09-22,9.874156951904297
2003-09-23,9.898520469665527
2003-09-24,9.916435241699219
2003-09-25,9.769549369812012
2003-09-26,9.701481819152832
2003-09-29,9.770265579223633
2003-09-30,9.739453315734863
2003-10-01,9.995248794555664
2003-10-02,10.1385498046875
2003-10-03,10.238859176635742
2003-10-06,10.278268814086914
2003-10-07,10.267520904541016
2003-10-08,10.344189643859863
2003-10-09,10.518298149108887
2003-10-10,10.647269248962402
2003-10-13,10.808479309082031
2003-10-14,10.602127075195312
2003-10-15,10.730381965637207
2003-10-16,10.727519035339355
2003-10-17,10.662317276000977
2003-10-20,10.721785545349121
2003-10-21,10.775520324707031
2003-10-22,10.617172241210938
2003-10-23,10.460975646972656
2003-10-24,10.405804634094238
2003-10-27,10.525465965270996
2003-10-28,10.669480323791504
2003-10-29,10.75832462310791
2003-10-30,10.719632148742676
2003-10-31,10.63365650177002
2003-11-03,10.887298583984375
2003-11-04,10.917389869689941
2003-11-05,10.931721687316895
2003-11-06,10.853620529174805
2003-11-07,10.865084648132324
2003-11-10,10.71533489227295
2003-11-11,10.577765464782715
2003-11-12,10.766207695007324
2003-11-13,10.849325180053711
2003-11-14,10.794151306152344
2003-11-17,10.583499908447266
2003-11-18,10.604277610778809
2003-11-19,10.535491943359375
2003-11-20,10.399359703063965
2003-11-21,10.48963737487793
2003-11-24,10.603561401367188
2003-11-25,10.64010238647461
2003-11-26,10.73755168914795
2003-11-28,10.833556175231934
2003-12-01,11.143806457519531
2003-12-02,11.094367980957031
2003-12-03,11.055672645568848
2003-12-04,10.979732513427734
2003-12-05,10.95895004272461
2003-12-08,10.980443954467773
2003-12-09,10.934589385986328
2003-12-10,10.89087963104248
2003-12-11,11.089351654052734
2003-12-12,11.140228271484375
2003-12-15,11.148818969726562
2003-12-16,11.102250099182129
2003-12-17,10.97327709197998
2003-12-18,11.150254249572754
2003-12-19,11.177482604980469
2003-12-22,11.335317611694336
2003-12-23,11.366259574890137
2003-12-24,11.402968406677246
2003-12-26,11.431755065917969
2003-12-29,11.60447883605957
2003-12-30,11.659899711608887
2003-12-31,11.806899070739746
2004-01-02,12.069787979125977
2004-01-05,12.493289947509766
2004-01-06,12.35212230682373
2004-01-07,12.38093376159668
2004-01-08,12.427745819091797
2004-01-09,12.405417442321777
2004-01-12,12.394619941711426
2004-01-13,12.32403564453125
2004-01-14,12.34347915649414
2004-01-15,12.091398239135742
2004-01-16,12.143251419067383
2004-01-20,12.496169090270996
2004-01-21,12.512736320495605
2004-01-22,12.481045722961426
2004-01-23,12.460158348083496
2004-01-26,12.542985916137695
2004-01-27,12.479605674743652
2004-01-28,12.303145408630371
2004-01-29,12.10940170288086
2004-01-30,12.092838287353516
2004-02-02,12.095718383789062
2004-02-03,12.028014183044434
2004-02-04,11.919979095458984
2004-02-05,11.916375160217285
2004-02-06,12.187907218933105
2004-02-09,12.363648414611816
2004-02-10,12.352845191955566
2004-02-11,12.544425010681152
2004-02-12,12.537941932678223
2004-02-13,12.546587944030762
2004-02-17,12.798670768737793
2004-02-18,12.624369621276855
2004-02-19,12.51417350769043
2004-02-20,12.373726844787598
2004-02-23,12.26569652557373
2004-02-24,12.200872421264648
2004-02-25,12.334117889404297
2004-02-26,12.395341873168945
2004-02-27,12.571077346801758
2004-03-01,12.857728958129883
2004-03-02,12.755461692810059
2004-03-03,12.676226615905762
2004-03-04,12.762657165527344
2004-03-05,12.809473037719727
2004-03-08,12.687031745910645
2004-03-09,12.604203224182129
2004-03-10,12.31611156463623
2004-03-11,12.049617767333984
2004-03-12,12.150455474853516
2004-03-15,11.923580169677734
2004-03-16,12.07122802734375
2004-03-17,12.236883163452148
2004-03-18,12.30890941619873
2004-03-19,12.14685344696045
2004-03-22,11.952391624450684
2004-03-23,12.072668075561523
2004-03-24,12.082032203674316
2004-03-25,12.200152397155762
2004-03-26,12.177826881408691
2004-03-29,12.334117889404297
2004-03-30,12.485366821289062
2004-03-31,12.640218734741211
2004-04-01,12.743213653564453
2004-04-02,12.870694160461426
2004-04-05,12.96072769165039
2004-04-06,13.032748222351074
2004-04-07,12.98593521118164
2004-04-08,12.996737480163574
2004-04-12,13.096854209899902
2004-04-13,12.944153785705566
2004-04-14,12.753299713134766
2004-04-15,12.647420883178711
2004-04-16,12.741052627563477
2004-04-19,12.762657165527344
2004-04-20,12.651022911071777
2004-04-21,12.557393074035645
2004-04-22,12.553790092468262
2004-04-23,12.647420883178711
2004-04-26,12.467363357543945
2004-04-27,12.40109920501709
2004-04-28,12.046019554138184
2004-04-29,11.649168014526367
2004-04-30,11.401405334472656
2004-05-03,11.515923500061035
2004-05-04,11.741357803344727
2004-05-05,11.77016544342041
2004-05-06,11.526004791259766
2004-05-07,11.266717910766602
2004-05-10,10.722935676574707
2004-05-11,11.04128646850586
2004-05-12,11.044886589050293
2004-05-13,11.01607608795166
2004-05-14,10.725815773010254
2004-05-17,10.296555519104004
2004-05-18,10.60265827178955
2004-05-19,10.895793914794922
2004-05-20,10.828810691833496
2004-05-21,11.006711959838867
2004-05-24,11.178129196166992
2004-05-25,11.424452781677246
2004-05-26,11.379798889160156
2004-05-27,11.559857368469238
2004-05-28,11.534645080566406
2004-06-01,11.454700469970703
2004-06-02,11.454700469970703
2004-06-03,11.200454711914062
2004-06-04,11.365392684936523
2004-06-07,11.757925033569336
2004-06-08,11.594429016113281
2004-06-09,11.332259178161621
2004-06-10,11.345226287841797
2004-06-14,10.908040046691895
2004-06-15,11.119070053100586
2004-06-16,10.96998119354248
2004-06-17,11.02471923828125
2004-06-18,10.962056159973145
2004-06-21,11.012476921081543
2004-06-22,11.129154205322266
2004-06-23,11.327218055725098
2004-06-24,11.372594833374023
2004-06-25,11.487833976745605
2004-06-28,11.389880180358887
2004-06-29,11.477027893066406
2004-06-30,11.641244888305664
2004-07-01,11.495756149291992
2004-07-02,11.495037078857422
2004-07-06,11.371874809265137
2004-07-07,11.520245552062988
2004-07-08,11.356029510498047
2004-07-09,11.41653060913086
2004-07-12,11.386998176574707
2004-07-13,11.438859939575195
2004-07-14,11.329383850097656
2004-07-15,11.270318031311035
2004-07-16,11.394204139709473
2004-07-19,11.376914978027344
2004-07-20,11.425171852111816
2004-07-21,11.293367385864258
2004-07-22,11.293367385864258
2004-07-23,11.098905563354492
2004-07-26,10.99591064453125
2004-07-27,11.205500602722168
2004-07-28,11.201897621154785
2004-07-29,11.271759986877441
2004-07-30,11.217741012573242
2004-08-02,11.161566734313965
2004-08-03,11.17452621459961
2004-08-04,11.185335159301758
2004-08-05,11.113306045532227
2004-08-06,11.032641410827637
2004-08-09,11.124834060668945
2004-08-10,11.250151634216309
2004-08-11,11.145718574523926
2004-08-12,11.02111530303955
2004-08-13,11.03840446472168
2004-08-16,11.188934326171875
2004-08-17,11.263836860656738
2004-08-18,11.397082328796387
2004-08-19,11.409330368041992
2004-08-20,11.466227531433105
2004-08-23,11.528168678283691
2004-08-24,11.495037078857422
2004-08-25,11.631881713867188
2004-08-26,11.647727012634277
2004-08-27,11.626115798950195
2004-08-30,11.563459396362305
2004-08-31,11.613877296447754
2004-09-01,11.70966625213623
2004-09-02,11.855155944824219
2004-09-03,11.72911548614502
2004-09-07,11.819144248962402
2004-09-08,11.811943054199219
2004-09-09,11.847954750061035
2004-09-10,11.960310935974121
2004-09-13,12.069787979125977
2004-09-14,12.065468788146973
2004-09-15,12.012167930603027
2004-09-16,12.162696838378906
2004-09-17,12.244087219238281
2004-09-20,12.256330490112305
2004-09-21,12.384535789489746
2004-09-22,12.197274208068848
2004-09-23,12.251287460327148
2004-09-24,12.216715812683105
2004-09-27,12.14397144317627
2004-09-28,12.294504165649414
2004-09-29,12.359326362609863
2004-09-30,12.424148559570312
2004-10-01,12.661826133728027
2004-10-04,12.877896308898926
2004-10-05,12.78282356262207
2004-10-06,12.9304780960083
2004-10-07,12.82027530670166
2004-10-08,12.726646423339844
2004-10-11,12.792909622192383
2004-10-12,12.591241836547852
2004-10-13,12.420546531677246
2004-10-14,12.251287460327148
2004-10-15,12.414785385131836
2004-10-18,12.546587944030762
2004-10-19,12.486087799072266
2004-10-20,12.407577514648438
2004-10-21,12.586202621459961
2004-10-22,12.496169090270996
2004-10-25,12.530019760131836
2004-10-26,12.575396537780762
2004-10-27,12.791468620300293
2004-10-28,12.728089332580566
2004-10-29,12.777782440185547
2004-11-01,12.872855186462402
2004-11-02,12.902384757995605
2004-11-03,13.090370178222656
2004-11-04,13.288434982299805
2004-11-05,13.338849067687988
2004-11-08,13.188323020935059
2004-11-09,13.273309707641602
2004-11-10,13.288434982299805
2004-11-11,13.439682960510254
2004-11-12,13.666560173034668
2004-11-15,13.679522514343262
2004-11-16,13.523228645324707
2004-11-17,13.82861328125
2004-11-18,13.853821754455566
2004-11-19,13.655757904052734
2004-11-22,13.709054946899414
2004-11-23,13.732823371887207
2004-11-24,13.879035949707031
2004-11-26,14.10951042175293
2004-11-29,14.02308177947998
2004-11-30,14.049006462097168
2004-12-01,14.156320571899414
2004-12-02,14.135436058044434
2004-12-03,14.19953441619873
2004-12-06,14.179370880126953
2004-12-07,13.961856842041016
2004-12-08,13.888397216796875
2004-12-09,13.66224193572998
2004-12-10,13.64855670928955
2004-12-13,13.855984687805176
2004-12-14,13.983468055725098
2004-12-15,14.177207946777344
2004-12-16,14.105899810791016
2004-12-17,14.07349681854248
2004-12-20,14.257163047790527
2004-12-21,14.394001960754395
2004-12-22,14.390402793884277
2004-12-23,14.488311767578125
2004-12-27,14.477373123168945
2004-12-28,14.552467346191406
2004-12-29,14.632664680480957
2004-12-30,14.595478057861328
2004-12-31,14.715775489807129
2005-01-03,14.562676429748535
2005-01-04,14.114312171936035
2005-01-05,13.94153118133545
2005-01-06,13.93205738067627
2005-01-07,13.959028244018555
2005-01-10,13.976523399353027
2005-01-11,13.950275421142578
2005-01-12,14.121602058410645
2005-01-13,14.06328010559082
2005-01-14,14.314801216125488
2005-01-18,14.28928279876709
2005-01-19,14.092446327209473
2005-01-20,13.917470932006836
2005-01-21,14.107022285461426
2005-01-24,14.085150718688965
2005-01-25,14.212735176086426
2005-01-26,14.420514106750488
2005-01-27,14.43436336517334
2005-01-28,14.447488784790039
2005-01-31,14.637767791748047
2005-02-01,14.763165473937988
2005-02-02,14.809823989868164
2005-02-03,14.794506072998047
2005-02-04,15.025616645812988
2005-02-07,15.073004722595215
2005-02-08,15.102168083190918
2005-02-09,15.053326606750488
2005-02-10,15.126226425170898
2005-02-11,15.273493766784668
2005-02-14,15.382848739624023
2005-02-15,15.419304847717285
2005-02-16,15.371915817260742
2005-02-17,15.346404075622559
2005-02-18,15.5352201461792
2005-02-22,15.478353500366211
2005-02-23,15.549800872802734
2005-02-24,15.791122436523438
2005-02-25,16.08200454711914
2005-02-28,16.055034637451172
2005-03-01,16.100231170654297
2005-03-02,15.834861755371094
2005-03-03,15.878607749938965
2005-03-04,16.068159103393555
2005-03-07,16.173864364624023
2005-03-08,16.050657272338867
2005-03-09,15.958795547485352
2005-03-10,15.805699348449707
2005-03-11,15.716757774353027
2005-03-14,15.59645938873291
2005-03-15,15.20788288116455
2005-03-16,15.078840255737305
2005-03-17,15.35368824005127
2005-03-18,15.284432411193848
2005-03-21,15.06352710723877
2005-03-22,14.785032272338867
2005-03-23,14.597675323486328
2005-03-24,14.581628799438477
2005-03-28,14.68223762512207
2005-03-29,14.302404403686523
2005-03-30,14.628293991088867
2005-03-31,14.785032272338867
2005-04-01,14.87252140045166
2005-04-04,14.905328750610352
2005-04-05,14.901679992675781
2005-04-06,15.10581111907959
2005-04-07,15.258182525634766
2005-04-08,15.18601131439209
2005-04-11,15.040203094482422
2005-04-12,15.229750633239746
2005-04-13,14.926471710205078
2005-04-14,14.54444408416748
2005-04-15,14.238250732421875
2005-04-18,14.406660079956055
2005-04-19,14.647972106933594
2005-04-20,14.302404403686523
2005-04-21,14.714314460754395
2005-04-22,14.551740646362305
2005-04-25,14.827324867248535
2005-04-26,14.67568302154541
2005-04-27,14.542993545532227
2005-04-28,14.3111572265625
2005-04-29,14.600587844848633
2005-05-02,14.697550773620605
2005-05-03,14.683699607849121
2005-05-04,15.083942413330078
2005-05-05,15.163408279418945
2005-05-06,15.20423412322998
2005-05-09,15.218087196350098
2005-05-10,14.876164436340332
2005-05-11,14.945423126220703
2005-05-12,14.69025993347168
2005-05-13,14.539348602294922
2005-05-16,14.71213150024414
2005-05-17,14.715775489807129
2005-05-18,15.008848190307617
2005-05-19,15.06352710723877
2005-05-20,15.025616645812988
2005-05-23,15.0751953125
2005-05-24,15.031450271606445
2005-05-25,14.923551559448242
2005-05-26,15.091230392456055
2005-05-27,15.193293571472168
2005-05-31,15.062071800231934
2005-06-01,15.23995304107666
2005-06-02,15.355878829956055
2005-06-03,15.276408195495605
2005-06-06,15.430238723754883
2005-06-07,15.35368824005127
2005-06-08,15.295370101928711
2005-06-09,15.375560760498047
2005-06-10,15.419304847717285
2005-06-13,15.48054027557373
2005-06-14,15.54397201538086
2005-06-15,15.659883499145508
2005-06-16,15.799863815307617
2005-06-17,15.990145683288574
2005-06-20,15.845797538757324
2005-06-21,15.769245147705078
2005-06-22,15.917970657348633
2005-06-23,15.638018608093262
2005-06-24,15.583338737487793
2005-06-27,15.681758880615234
2005-06-28,15.799863815307617
2005-06-29,15.708005905151367
2005-06-30,15.659883499145508
2005-07-01,15.716757774353027
2005-07-05,15.786742210388184
2005-07-06,15.710192680358887
2005-07-07,15.756128311157227
2005-07-08,15.920160293579102
2005-07-11,16.162927627563477
2005-07-12,16.355396270751953
2005-07-13,16.34446144104004
2005-07-14,16.43851089477539
2005-07-15,16.348834991455078
2005-07-18,16.298532485961914
2005-07-19,16.484434127807617
2005-07-20,16.486623764038086
2005-07-21,16.665973663330078
2005-07-22,16.62660026550293
2005-07-25,16.482257843017578
2005-07-26,16.576297760009766
2005-07-27,16.665973663330078
2005-07-28,16.87375259399414
2005-07-29,16.86281394958496
2005-08-01,17.138391494750977
2005-08-02,17.442394256591797
2005-08-03,17.398662567138672
2005-08-04,17.24556541442871
2005-08-05,16.928430557250977
2005-08-08,17.044347763061523
2005-08-09,17.387723922729492
2005-08-10,17.573633193969727
2005-08-11,17.4752140045166
2005-08-12,17.289304733276367
2005-08-15,17.409595489501953
2005-08-16,17.107770919799805
2005-08-17,17.118703842163086
2005-08-18,16.803762435913086
2005-08-19,16.738149642944336
2005-08-22,16.9459285736084
2005-08-23,16.78626251220703
2005-08-24,16.567548751831055
2005-08-25,16.75345802307129
2005-08-26,16.731582641601562
2005-08-29,16.915302276611328
2005-08-30,16.738149642944336
2005-08-31,17.08590316772461
2005-09-01,17.322107315063477
2005-09-02,17.4752140045166
2005-09-06,17.693927764892578
2005-09-07,17.715797424316406
2005-09-08,17.687362670898438
2005-09-09,17.9476318359375
2005-09-12,17.921388626098633
2005-09-13,17.72017478942871
2005-09-14,17.6567440032959
2005-09-15,17.759532928466797
2005-09-16,18.032928466796875
2005-09-19,18.006683349609375
2005-09-20,18.05480194091797
2005-09-21,18.225399017333984
2005-09-22,18.043867111206055
2005-09-23,18.028560638427734
2005-09-26,18.18821144104004
2005-09-27,18.067928314208984
2005-09-28,18.273515701293945
2005-09-29,18.595022201538086
2005-09-30,18.56439971923828
2005-10-03,18.68250846862793
2005-10-04,18.507535934448242
2005-10-05,17.945444107055664
2005-10-06,17.317737579345703
2005-10-07,17.746414184570312
2005-10-10,17.687362670898438
2005-10-11,17.763912200927734
2005-10-12,17.219318389892578
2005-10-13,17.112150192260742
2005-10-14,17.046533584594727
2005-10-17,17.234628677368164
2005-10-18,16.79720115661621
2005-10-19,17.12526512145996
2005-10-20,16.436321258544922
2005-10-21,16.87375259399414
2005-10-24,17.328672409057617
2005-10-25,16.987472534179688
2005-10-26,17.048721313476562
2005-10-27,16.644100189208984
2005-10-28,17.081523895263672
2005-10-31,17.387723922729492
2005-11-01,17.693927764892578
2005-11-02,17.967321395874023
2005-11-03,17.987001419067383
2005-11-04,17.949817657470703
2005-11-07,17.96294403076172
2005-11-08,17.79453468322754
2005-11-09,18.061365127563477
2005-11-10,18.08979606628418
2005-11-11,18.12916374206543
2005-11-14,18.0810489654541
2005-11-15,17.97825050354004
2005-11-16,18.131351470947266
2005-11-17,18.3981876373291
2005-11-18,18.448482513427734
2005-11-21,18.459423065185547
2005-11-22,18.45067596435547
2005-11-23,18.64532470703125
2005-11-25,18.6322078704834
2005-11-28,18.514101028442383
2005-11-29,18.35006332397461
2005-11-30,18.393802642822266
2005-12-01,18.87497329711914
2005-12-02,18.853107452392578
2005-12-05,19.006210327148438
2005-12-06,19.18117904663086
2005-12-07,18.99964141845703
2005-12-08,18.85747718811035
2005-12-09,19.049945831298828
2005-12-12,19.1593017578125
2005-12-13,19.410825729370117
2005-12-14,19.28178596496582
2005-12-15,19.20305061340332
2005-12-16,19.137434005737305
2005-12-19,19.09369468688965
2005-12-20,19.25772476196289
2005-12-21,19.57048988342285
2005-12-22,19.574859619140625
2005-12-23,19.691627502441406
2005-12-27,19.472688674926758
2005-12-28,19.5257625579834
2005-12-29,19.527976989746094
2005-12-30,19.516918182373047
2006-01-03,20.246723175048828
2006-01-04,20.430288314819336
2006-01-05,20.53422737121582
2006-01-06,20.963266372680664
2006-01-09,21.168947219848633
2006-01-10,20.914615631103516
2006-01-11,21.160097122192383
2006-01-12,20.865966796875
2006-01-13,20.888076782226562
2006-01-17,20.523170471191406
2006-01-18,20.512117385864258
2006-01-19,21.175582885742188
2006-01-20,20.545291900634766
2006-01-23,21.142406463623047
2006-01-24,21.474143981933594
2006-01-25,21.485193252563477
2006-01-26,21.993854522705078
2006-01-27,22.2459659576416
2006-01-30,22.14202117919922
2006-01-31,22.287988662719727
2006-02-01,22.276933670043945
2006-02-02,21.704133987426758
2006-02-03,21.407787322998047
2006-02-06,21.916446685791016
2006-02-07,21.341447830200195
2006-02-08,21.407787322998047
2006-02-09,21.46307945251465
2006-02-10,21.429908752441406
2006-02-13,20.90135383605957
2006-02-14,21.429908752441406
2006-02-15,21.31932830810547
2006-02-16,21.872217178344727
2006-02-17,21.843467712402344
2006-02-21,21.65106773376465
2006-02-22,21.768274307250977
2006-02-23,21.761638641357422
2006-02-24,21.803661346435547
2006-02-27,22.002702713012695
2006-02-28,21.429908752441406
2006-03-01,22.02260971069336
2006-03-02,22.040292739868164
2006-03-03,21.673173904418945
2006-03-06,21.341447830200195
2006-03-07,20.58951759338379
2006-03-08,20.711153030395508
2006-03-09,20.501052856445312
2006-03-10,20.932302474975586
2006-03-13,20.91019630432129
2006-03-14,21.562602996826172
2006-03-15,21.812503814697266
2006-03-16,21.617891311645508
2006-03-17,21.77048110961914
2006-03-20,21.894329071044922
2006-03-21,21.4520206451416
2006-03-22,21.68865203857422
2006-03-23,21.487411499023438
2006-03-24,21.673173904418945
2006-03-27,21.805871963500977
2006-03-28,21.407787322998047
2006-03-29,21.816926956176758
2006-03-30,21.92751121520996
2006-03-31,21.894329071044922
2006-04-03,22.51357078552246
2006-04-04,22.64625358581543
2006-04-05,22.87847900390625
2006-04-06,22.761259078979492
2006-04-07,22.414045333862305
2006-04-10,22.33664321899414
2006-04-11,22.14645767211914
2006-04-12,22.27471923828125
2006-04-13,22.380874633789062
2006-04-17,22.64625358581543
2006-04-18,23.398189544677734
2006-04-19,23.54193878173828
2006-04-20,23.457902908325195
2006-04-21,23.64145278930664
2006-04-24,23.331838607788086
2006-04-25,23.011167526245117
2006-04-26,23.46453857421875
2006-04-27,23.0952091217041
2006-04-28,23.320781707763672
2006-05-01,23.314146041870117
2006-05-02,23.725488662719727
2006-05-03,23.752025604248047
2006-05-04,23.9842472076416
2006-05-05,24.371265411376953
2006-05-08,24.548192977905273
2006-05-09,24.570302963256836
2006-05-10,24.304920196533203
2006-05-11,23.685691833496094
2006-05-12,23.066448211669922
2006-05-15,22.51357078552246
2006-05-16,22.626354217529297
2006-05-17,21.85009765625
2006-05-18,21.429908752441406
2006-05-19,21.89212417602539
2006-05-22,20.861543655395508
2006-05-23,20.63374900817871
2006-05-24,20.489999771118164
2006-05-25,21.361347198486328
2006-05-26,21.297216415405273
2006-05-30,20.379423141479492
2006-05-31,20.722211837768555
2006-06-01,21.14682960510254
2006-06-02,21.363561630249023
2006-06-05,20.45682144165039
2006-06-06,20.306438446044922
2006-06-07,19.859704971313477
2006-06-08,19.505859375
2006-06-09,19.25153350830078
2006-06-12,18.534988403320312
2006-06-13,18.123640060424805
2006-06-14,18.643356323242188
2006-06-15,19.729230880737305
2006-06-16,19.616432189941406
2006-06-19,18.88662338256836
2006-06-20,19.11884307861328
2006-06-21,19.738069534301758
2006-06-22,19.384225845336914
2006-06-23,19.351055145263672
2006-06-26,19.351055145263672
2006-06-27,18.98615074157715
2006-06-28,19.581056594848633
2006-06-29,20.744325637817383
2006-06-30,20.766443252563477
2006-07-03,21.226444244384766
2006-07-05,20.56740379333496
2006-07-06,20.98759651184082
2006-07-07,20.58951759338379
2006-07-10,20.755388259887695
2006-07-11,20.85490608215332
2006-07-12,20.39048194885254
2006-07-13,19.583263397216797
2006-07-14,19.682788848876953
2006-07-17,19.373165130615234
2006-07-18,19.642974853515625
2006-07-19,20.85490608215332
2006-07-20,20.255577087402344
2006-07-21,19.861915588378906
2006-07-24,20.755388259887695
2006-07-25,20.8106689453125
2006-07-26,20.722211837768555
2006-07-27,21.007497787475586
2006-07-28,21.458656311035156
2006-07-31,21.25298500061035
2006-08-01,20.91019630432129
2006-08-02,21.186641693115234
2006-08-03,21.16451644897461
2006-08-04,21.208749771118164
2006-08-07,21.076065063476562
2006-08-08,21.076065063476562
2006-08-09,21.15567970275879
2006-08-10,21.37240219116211
2006-08-11,21.113658905029297
2006-08-14,21.19770050048828
2006-08-15,21.7174129486084
2006-08-16,21.929716110229492
2006-08-17,21.960681915283203
2006-08-18,21.752792358398438
2006-08-21,21.64000701904297
2006-08-22,21.633371353149414
2006-08-23,21.241924285888672
2006-08-24,21.18442726135254
2006-08-25,21.244142532348633
2006-08-28,21.485193252563477
2006-08-29,21.558181762695312
2006-08-30,21.65106773376465
2006-08-31,21.589143753051758
2006-09-01,21.83019256591797
2006-09-05,21.94961929321289
2006-09-06,21.31932830810547
2006-09-07,21.076065063476562
2006-09-08,21.248563766479492
2006-09-11,20.790771484375
2006-09-12,21.14682960510254
2006-09-13,21.46307945251465
2006-09-14,21.286157608032227
2006-09-15,21.41221809387207
2006-09-18,21.65327262878418
2006-09-19,21.31932830810547
2006-09-20,21.757211685180664
2006-09-21,21.226444244384766
2006-09-22,20.956640243530273
2006-09-25,21.199901580810547
2006-09-26,21.449813842773438
2006-09-27,21.401161193847656
2006-09-28,21.57365608215332
2006-09-29,21.401161193847656
2006-10-02,21.365768432617188
2006-10-03,21.076065063476562
2006-10-04,21.64000701904297
2006-10-05,21.92751121520996
2006-10-06,21.872217178344727
2006-10-09,21.790388107299805
2006-10-10,21.98721694946289
2006-10-11,21.870006561279297
2006-10-12,22.40298843383789
2006-10-13,22.535682678222656
2006-10-16,22.597599029541016
2006-10-17,22.301258087158203
2006-10-18,22.520200729370117
2006-10-19,22.61972427368164
2006-10-20,22.51357078552246
2006-10-23,22.493661880493164
2006-10-24,22.621931076049805
2006-10-25,22.88510513305664
2006-10-26,22.940399169921875
2006-10-27,22.557796478271484
2006-10-30,22.480392456054688
2006-10-31,22.91164207458496
2006-11-01,22.681642532348633
2006-11-02,22.752412796020508
2006-11-03,22.823183059692383
2006-11-06,23.365015029907227
2006-11-07,23.26548957824707
2006-11-08,23.325199127197266
2006-11-09,23.404821395874023
2006-11-10,23.437992095947266
2006-11-13,23.517608642578125
2006-11-14,23.884729385375977
2006-11-15,23.92894744873047
2006-11-16,23.68789291381836
2006-11-17,23.66136360168457
2006-11-20,23.568471908569336
2006-11-21,23.94443702697754
2006-11-22,24.112510681152344
2006-11-24,24.10809326171875
2006-11-27,23.652511596679688
2006-11-28,23.789627075195312
2006-11-29,24.1744384765625
2006-11-30,24.282800674438477
2006-12-01,24.183286666870117
2006-12-04,24.687511444091797
2006-12-05,25.1187686920166
2006-12-06,24.946266174316406
2006-12-07,24.85780143737793
2006-12-08,24.747234344482422
2006-12-11,24.75828742980957
2006-12-12,24.459733963012695
2006-12-13,24.59241485595703
2006-12-14,25.012611389160156
2006-12-15,25.123201370239258
2006-12-18,24.948476791381836
2006-12-19,24.791467666625977
2006-12-20,25.065786361694336
2006-12-21,25.02092170715332
2006-12-22,25.110641479492188
2006-12-26,25.343921661376953
2006-12-27,25.705049514770508
2006-12-28,25.655691146850586
2006-12-29,25.60859489440918
2007-01-03,25.826169967651367
2007-01-04,25.46953010559082
2007-01-05,24.724843978881836
2007-01-08,24.904287338256836
2007-01-09,24.348018646240234
2007-01-10,24.29193878173828
2007-01-11,24.599231719970703
2007-01-12,25.09943389892578
2007-01-16,25.189146041870117
2007-01-17,25.08372688293457
2007-01-18,24.819046020507812
2007-01-19,25.26540756225586
2007-01-22,25.23625373840332
2007-01-23,25.81047248840332
2007-01-24,26.034767150878906
2007-01-25,25.2340087890625
2007-01-26,25.388776779174805
2007-01-29,25.052326202392578
2007-01-30,25.440372467041016
2007-01-31,25.63775634765625
2007-02-01,25.95177459716797
2007-02-02,25.873271942138672
2007-02-05,25.897947311401367
2007-02-06,26.15365219116211
2007-02-07,26.05270767211914
2007-02-08,25.913644790649414
2007-02-09,25.604108810424805
2007-02-12,25.429155349731445
2007-02-13,25.83289337158203
2007-02-14,26.389169692993164
2007-02-15,26.404863357543945
2007-02-16,26.465425491333008
2007-02-20,26.534963607788086
2007-02-21,26.613466262817383
2007-02-22,26.54617691040039
2007-02-23,26.355525970458984
2007-02-26,26.344314575195312
2007-02-27,24.202219009399414
2007-02-28,24.80784034729004
2007-03-01,24.451200485229492
2007-03-02,24.22464942932129
2007-03-05,23.60332679748535
2007-03-06,24.63960838317871
2007-03-07,24.489330291748047
2007-03-08,25.121856689453125
2007-03-09,25.166719436645508
2007-03-12,25.290081024169922
2007-03-13,24.554372787475586
2007-03-14,24.756248474121094
2007-03-15,24.958112716674805
2007-03-16,24.74502944946289
2007-03-19,25.287843704223633
2007-03-20,25.45382308959961
2007-03-21,26.21645164489746
2007-03-22,26.104297637939453
2007-03-23,26.225431442260742
2007-03-26,26.209732055664062
2007-03-27,26.093090057373047
2007-03-28,25.62653160095215
2007-03-29,26.135704040527344
2007-03-30,26.13121795654297
2007-04-02,26.310657501220703
2007-04-03,26.741323471069336
2007-04-04,26.909549713134766
2007-04-05,26.93421745300293
2007-04-09,27.08899688720703
2007-04-10,27.216838836669922
2007-04-11,26.965633392333984
2007-04-12,27.416475296020508
2007-04-13,27.551048278808594
2007-04-16,27.878536224365234
2007-04-17,27.728256225585938
2007-04-18,27.52189064025879
2007-04-19,27.29983139038086
2007-04-20,27.62506103515625
2007-04-23,27.515169143676758
2007-04-24,27.510677337646484
2007-04-25,27.851619720458984
2007-04-26,27.777599334716797
2007-04-27,27.638526916503906
2007-04-30,27.104690551757812
2007-05-01,27.21235466003418
2007-05-02,27.75292205810547
2007-05-03,27.986202239990234
2007-05-04,27.977222442626953
2007-05-07,28.15891456604004
2007-05-08,27.79330062866211
2007-05-09,28.241901397705078
2007-05-10,27.551048278808594
2007-05-11,28.25088119506836
2007-05-14,27.97049903869629
2007-05-15,28.004138946533203
2007-05-16,28.410133361816406
2007-05-17,28.30695152282715
2007-05-18,28.452741622924805
2007-05-21,28.50433921813965
2007-05-22,28.508825302124023
2007-05-23,28.463956832885742
2007-05-24,27.779848098754883
2007-05-25,28.206016540527344
2007-05-29,28.109569549560547
2007-05-30,28.39666748046875
2007-05-31,28.47742462158203
2007-06-01,29.18846321105957
2007-06-04,29.058361053466797
2007-06-05,28.957427978515625
2007-06-06,28.22844696044922
2007-06-07,27.79330062866211
2007-06-08,28.284515380859375
2007-06-11,28.526769638061523
2007-06-12,28.031063079833984
2007-06-13,28.59182357788086
2007-06-14,29.04042625427246
2007-06-15,29.702104568481445
2007-06-18,29.72903060913086
2007-06-19,29.76267433166504
2007-06-20,29.509214401245117
2007-06-21,29.877059936523438
2007-06-22,29.48229217529297
2007-06-25,29.25799560546875
2007-06-26,29.002286911010742
2007-06-27,29.415006637573242
2007-06-28,29.421730041503906
2007-06-29,29.524906158447266
2007-07-02,30.123804092407227
2007-07-03,30.36380386352539
2007-07-05,30.498390197753906
2007-07-06,31.021007537841797
2007-07-09,31.321561813354492
2007-07-10,30.704748153686523
2007-07-11,30.958213806152344
2007-07-12,31.63785171508789
2007-07-13,32.030372619628906
2007-07-16,31.716339111328125
2007-07-17,31.691667556762695
2007-07-18,31.303634643554688
2007-07-19,31.61541748046875
2007-07-20,31.397838592529297
2007-07-23,32.3062629699707
2007-07-24,31.200458526611328
2007-07-25,31.37989044189453
2007-07-26,29.78062629699707
2007-07-27,29.394813537597656
2007-07-30,30.35706901550293
2007-07-31,29.735754013061523
2007-08-01,29.619121551513672
2007-08-02,29.946598052978516
2007-08-03,28.654611587524414
2007-08-06,29.166032791137695
2007-08-07,29.383594512939453
2007-08-08,30.370534896850586
2007-08-09,29.114442825317383
2007-08-10,28.609760284423828
2007-08-13,28.892391204833984
2007-08-14,28.145448684692383
2007-08-15,27.03964614868164
2007-08-16,26.579824447631836
2007-08-17,27.420955657958984
2007-08-20,27.477025985717773
2007-08-21,27.3760986328125
2007-08-22,28.55368995666504
2007-08-23,28.699480056762695
2007-08-24,29.383594512939453
2007-08-27,29.5181827545166
2007-08-28,28.318166732788086
2007-08-29,29.439680099487305
2007-08-30,29.289400100708008
2007-08-31,30.045297622680664
2007-09-04,30.552215576171875
2007-09-05,30.090158462524414
2007-09-06,30.325664520263672
2007-09-07,29.641551971435547
2007-09-10,29.663984298706055
2007-09-11,30.26287078857422
2007-09-12,30.370534896850586
2007-09-13,30.70699119567871
2007-09-14,30.767549514770508
2007-09-17,30.572397232055664
2007-09-18,32.05279541015625
2007-09-19,32.1985969543457
2007-09-20,32.097660064697266
2007-09-21,32.52383041381836
2007-09-24,32.92757034301758
2007-09-25,32.8042106628418
2007-09-26,33.24159622192383
2007-09-27,33.73506164550781
2007-09-28,33.52198028564453
2007-10-01,34.576194763183594
2007-10-02,34.811729431152344
2007-10-03,33.75748825073242
2007-10-04,34.09395980834961
2007-10-05,35.23115921020508
2007-10-08,34.8565788269043
2007-10-09,35.399383544921875
2007-10-10,35.446495056152344
2007-10-11,35.13473129272461
2007-10-12,35.776206970214844
2007-10-15,35.338844299316406
2007-10-16,34.68387985229492
2007-10-17,35.48463439941406
2007-10-18,35.66407012939453
2007-10-19,34.13880157470703
2007-10-22,34.38554000854492
2007-10-23,35.338844299316406
2007-10-24,35.10779571533203
2007-10-25,35.55416488647461
2007-10-26,36.561275482177734
2007-10-29,37.40241241455078
2007-10-30,36.695858001708984
2007-10-31,37.5011100769043
2007-11-01,35.987056732177734
2007-11-02,36.19117736816406
2007-11-05,34.93284225463867
2007-11-06,36.258453369140625
2007-11-07,35.103309631347656
2007-11-08,35.282752990722656
2007-11-09,34.45283126831055
2007-11-12,32.5462646484375
2007-11-13,34.845359802246094
2007-11-14,34.87901306152344
2007-11-15,34.07600402832031
2007-11-16,34.4976921081543
2007-11-19,32.907386779785156
2007-11-20,33.81132125854492
2007-11-21,32.10887908935547
2007-11-23,33.05767059326172
2007-11-26,31.74550437927246
2007-11-27,32.96123123168945
2007-11-28,34.7668571472168
2007-11-29,34.34067916870117
2007-11-30,34.63228225708008
2007-12-03,34.33171844482422
2007-12-04,34.24198913574219
2007-12-05,35.762760162353516
2007-12-06,36.32577133178711
2007-12-07,35.89508819580078
2007-12-10,35.90631866455078
2007-12-11,34.38554000854492
2007-12-12,35.41733932495117
2007-12-13,34.44386291503906
2007-12-14,33.6229248046875
2007-12-17,32.18962860107422
2007-12-18,33.07337951660156
2007-12-19,33.28871154785156
2007-12-20,33.47039031982422
2007-12-21,34.479759216308594
2007-12-24,35.06291580200195
2007-12-26,35.24466323852539
2007-12-27,34.431373596191406
2007-12-28,34.56085968017578
2007-12-31,34.145118713378906
2008-01-02,33.58170700073242
2008-01-03,33.88386917114258
2008-01-04,32.866092681884766
2008-01-07,33.10690689086914
2008-01-08,32.850181579589844
2008-01-09,33.92703628540039
2008-01-10,34.32686996459961
2008-01-11,33.361351013183594
2008-01-14,33.85205841064453
2008-01-15,32.320865631103516
2008-01-16,30.97595977783203
2008-01-17,30.07405662536621
2008-01-18,30.7601375579834
2008-01-22,29.987735748291016
2008-01-23,30.17854881286621
2008-01-24,30.76468276977539
2008-01-25,30.296695709228516
2008-01-28,31.046371459960938
2008-01-29,30.89417266845703
2008-01-30,30.487537384033203
2008-01-31,31.09864044189453
2008-02-01,31.718833923339844
2008-02-04,31.816516876220703
2008-02-05,30.10358238220215
2008-02-06,29.610607147216797
2008-02-07,30.112674713134766
2008-02-08,30.055879592895508
2008-02-11,30.42844581604004
2008-02-12,30.919166564941406
2008-02-13,31.614328384399414
2008-02-14,31.207670211791992
2008-02-15,31.430315017700195
2008-02-19,31.841508865356445
2008-02-20,32.10730743408203
2008-02-21,31.657501220703125
2008-02-22,32.082313537597656
2008-02-25,32.6798095703125
2008-02-26,33.1114387512207
2008-02-27,33.39088439941406
2008-02-28,33.03193664550781
2008-02-29,31.718833923339844
2008-03-03,31.891483306884766
2008-03-04,31.15089988708496
2008-03-05,31.805173873901367
2008-03-06,30.714698791503906
2008-03-07,30.28987693786621
2008-03-10,29.75827407836914
2008-03-11,31.75973129272461
2008-03-12,31.171321868896484
2008-03-13,30.887361526489258
2008-03-14,29.79235076904297
2008-03-17,29.056289672851562
2008-03-18,30.567041397094727
2008-03-19,28.731420516967773
2008-03-20,29.21532440185547
2008-03-24,30.335309982299805
2008-03-25,30.80103302001953
2008-03-26,30.551130294799805
2008-03-27,30.403467178344727
2008-03-28,30.34893798828125
2008-03-31,30.528419494628906
2008-04-01,31.700668334960938
2008-04-02,31.72336769104004
2008-04-03,32.10960006713867
2008-04-04,31.9801025390625
2008-04-07,32.40491485595703
2008-04-08,32.22771072387695
2008-04-09,31.725648880004883
2008-04-10,32.180015563964844
2008-04-11,31.65522575378418
2008-04-14,31.58024024963379
2008-04-15,31.950563430786133
2008-04-16,32.895633697509766
2008-04-17,32.65708541870117
2008-04-18,33.15007019042969
2008-04-21,33.318172454833984
2008-04-22,33.009220123291016
2008-04-23,33.48402404785156
2008-04-24,33.05465316772461
2008-04-25,33.2977409362793
2008-04-28,33.23411178588867
2008-04-29,32.64571762084961
2008-04-30,33.318172454833984
2008-05-01,33.672576904296875
2008-05-02,33.99517059326172
2008-05-05,33.97018814086914
2008-05-06,34.349578857421875
2008-05-07,33.327266693115234
2008-05-08,33.67030334472656
2008-05-09,33.395423889160156
2008-05-12,33.82478713989258
2008-05-13,33.98610305786133
2008-05-14,34.067867279052734
2008-05-15,34.79256820678711
2008-05-16,35.23558044433594
2008-05-19,35.24238967895508
2008-05-20,34.631290435791016
2008-05-21,34.279144287109375
2008-05-22,34.37911605834961
2008-05-23,33.77935028076172
2008-05-27,33.72483825683594
2008-05-28,34.1791877746582
2008-05-29,34.2541618347168
2008-05-30,34.37229919433594
2008-06-02,33.96337127685547
2008-06-03,33.34998321533203
2008-06-04,33.059200286865234
2008-06-05,34.11103820800781
2008-06-06,32.87517547607422
2008-06-09,32.7911262512207
2008-06-10,32.034603118896484
2008-06-11,31.555269241333008
2008-06-12,31.73927879333496
2008-06-13,32.082313537597656
2008-06-16,32.19136428833008
2008-06-17,32.32768630981445
2008-06-18,32.170928955078125
2008-06-19,32.22090530395508
2008-06-20,31.169063568115234
2008-06-23,31.259931564331055
2008-06-24,31.12135124206543
2008-06-25,31.744525909423828
2008-06-26,30.655357360839844
2008-06-27,30.951780319213867
2008-06-30,31.186153411865234
2008-07-01,30.630075454711914
2008-07-02,29.75689697265625
2008-07-03,29.671884536743164
2008-07-07,29.56617546081543
2008-07-08,29.92923927307129
2008-07-09,29.324914932250977
2008-07-10,29.855710983276367
2008-07-11,29.655805587768555
2008-07-14,29.61902618408203
2008-07-15,29.125
2008-07-16,29.96600914001465
2008-07-17,30.106163024902344
2008-07-18,29.846511840820312
2008-07-21,30.216466903686523
2008-07-22,30.234848022460938
2008-07-23,30.278501510620117
2008-07-24,29.15945816040039
2008-07-25,29.35938262939453
2008-07-28,28.863052368164062
2008-07-29,30.46233558654785
2008-07-30,30.145233154296875
2008-07-31,29.46967315673828
2008-08-01,29.269758224487305
2008-08-04,28.373600006103516
2008-08-05,28.73896026611328
2008-08-06,29.311126708984375
2008-08-07,28.304668426513672
2008-08-08,28.373600006103516
2008-08-11,28.077192306518555
2008-08-12,27.842805862426758
2008-08-13,27.83591651916504
2008-08-14,28.201265335083008
2008-08-15,27.760089874267578
2008-08-18,27.291336059570312
2008-08-19,27.063833236694336
2008-08-20,27.75318717956543
2008-08-21,27.711837768554688
2008-08-22,27.691146850585938
2008-08-25,27.118993759155273
2008-08-26,27.16724395751953
2008-08-27,27.74629783630371
2008-08-28,27.939327239990234
2008-08-29,27.60842514038086
2008-09-02,26.774320602416992
2008-09-03,26.333139419555664
2008-09-04,25.119876861572266
2008-09-05,25.47834014892578
2008-09-08,25.79545021057129
2008-09-09,24.34780502319336
2008-09-10,24.740734100341797
2008-09-11,24.375377655029297
2008-09-12,25.18881607055664
2008-09-15,23.210378646850586
2008-09-16,23.410293579101562
2008-09-17,21.74895668029785
2008-09-18,23.582632064819336
2008-09-19,26.519250869750977
2008-09-22,24.788990020751953
2008-09-23,24.01692008972168
2008-09-24,24.29266357421875
2008-09-25,25.540388107299805
2008-09-26,24.67180633544922
2008-09-29,21.790319442749023
2008-09-30,23.5550594329834
2008-10-01,23.837692260742188
2008-10-02,21.74895668029785
2008-10-03,21.176801681518555
2008-10-06,19.58441162109375
2008-10-07,18.060949325561523
2008-10-08,18.060949325561523
2008-10-09,16.730497360229492
2008-10-10,16.92352294921875
2008-10-13,20.776988983154297
2008-10-14,19.742958068847656
2008-10-15,16.551273345947266
2008-10-16,17.364704132080078
2008-10-17,16.820114135742188
2008-10-20,17.99890899658203
2008-10-21,16.5650577545166
2008-10-22,14.821002960205078
2008-10-23,15.234610557556152
2008-10-24,13.662899017333984
2008-10-27,13.304434776306152
2008-10-28,16.08940887451172
2008-10-29,15.57928466796875
2008-10-30,17.68180274963379
2008-10-31,17.5301456451416
2008-11-03,17.37159538269043
2008-11-04,18.95709800720215
2008-11-05,16.544382095336914
2008-11-06,15.710264205932617
2008-11-07,16.985559463500977
2008-11-10,17.144113540649414
2008-11-11,16.075618743896484
2008-11-12,14.88304615020752
2008-11-13,16.94420051574707
2008-11-14,15.317339897155762
2008-11-17,15.06227970123291
2008-11-18,14.841687202453613
2008-11-19,13.559496879577637
2008-11-20,12.587512016296387
2008-11-21,14.400501251220703
2008-11-24,15.275976181030273
2008-11-25,14.986449241638184
2008-11-26,16.130767822265625
2008-11-28,15.820562362670898
2008-12-01,14.297097206115723
2008-12-02,15.20014762878418
2008-12-03,15.324225425720215
2008-12-04,14.66934871673584
2008-12-05,15.537927627563477
2008-12-08,16.530593872070312
2008-12-09,16.303110122680664
2008-12-10,17.27509117126465
2008-12-11,16.833904266357422
2008-12-12,17.068286895751953
2008-12-15,16.84079933166504
2008-12-16,18.185028076171875
2008-12-17,17.867929458618164
2008-12-18,17.47500228881836
2008-12-19,17.53704261779785
2008-12-22,16.882158279418945
2008-12-23,16.742345809936523
2008-12-24,16.861186981201172
2008-12-26,16.805265426635742
2008-12-29,16.777301788330078
2008-12-30,17.224693298339844
2008-12-31,17.45537757873535
2009-01-02,18.287254333496094
2009-01-05,18.52493667602539
2009-01-06,18.944374084472656
2009-01-07,17.853845596313477
2009-01-08,17.776947021484375
2009-01-09,17.39246940612793
2009-01-12,16.658462524414062
2009-01-13,16.70738983154297
2009-01-14,15.896492958068848
2009-01-15,16.078248977661133
2009-01-16,16.253007888793945
2009-01-20,15.043643951416016
2009-01-21,15.86153507232666
2009-01-22,15.337248802185059
2009-01-23,15.532979011535645
2009-01-26,15.714740753173828
2009-01-27,15.994356155395508
2009-01-28,16.805265426635742
2009-01-29,15.952411651611328
2009-01-30,15.833579063415527
2009-02-02,15.672788619995117
2009-02-03,16.14116096496582
2009-02-04,16.260000228881836
2009-02-05,16.6025390625
2009-02-06,17.43440818786621
2009-02-09,17.343530654907227
2009-02-10,16.294952392578125
2009-02-11,16.7842960357666
2009-02-12,16.679431915283203
2009-02-13,16.763322830200195
2009-02-17,15.693766593933105
2009-02-18,15.581917762756348
2009-02-19,15.43511962890625
2009-02-20,15.043643951416016
2009-02-23,14.673142433166504
2009-02-24,15.477055549621582
2009-02-25,15.211421012878418
2009-02-26,15.078600883483887
2009-02-27,14.840923309326172
2009-03-02,13.939140319824219
2009-03-03,14.134872436523438
2009-03-04,15.127531051635742
2009-03-05,14.505374908447266
2009-03-06,14.750044822692871
2009-03-09,14.463425636291504
2009-03-10,15.63784408569336
2009-03-11,15.63784408569336
2009-03-12,16.239030838012695
2009-03-13,16.329904556274414
2009-03-16,16.343889236450195
2009-03-17,16.700407028198242
2009-03-18,17.0499267578125
2009-03-19,16.938085556030273
2009-03-20,16.70738983154297
2009-03-23,18.252307891845703
2009-03-24,17.686073303222656
2009-03-25,17.95171546936035
2009-03-26,18.44104766845703
2009-03-27,17.895784378051758
2009-03-30,16.97303581237793
2009-03-31,17.343530654907227
2009-04-01,17.91675567626953
2009-04-02,18.88844871520996
2009-04-03,19.119131088256836
2009-04-06,18.881454467773438
2009-04-07,18.44804573059082
2009-04-08,18.72067642211914
2009-04-09,19.5385684967041
2009-04-13,19.657407760620117
2009-04-14,19.342832565307617
2009-04-15,19.622453689575195
2009-04-16,19.79022979736328
2009-04-17,19.650413513183594
2009-04-20,18.692712783813477
2009-04-21,19.091175079345703
2009-04-22,18.930391311645508
2009-04-23,19.22398567199707
2009-04-24,19.58749771118164
2009-04-27,18.930391311645508
2009-04-28,18.86747169494629
2009-04-29,19.860130310058594
2009-04-30,20.041885375976562
2009-05-01,20.335487365722656
2009-05-04,21.740583419799805
2009-05-05,21.544849395751953
2009-05-06,21.91534423828125
2009-05-07,21.370088577270508
2009-05-08,22.083118438720703
2009-05-11,21.565820693969727
2009-05-12,21.71961212158203
2009-05-13,20.92268943786621
2009-05-14,21.223285675048828
2009-05-15,21.027555465698242
2009-05-18,22.194969177246094
2009-05-19,22.446624755859375
2009-05-20,22.51653480529785
2009-05-21,22.097103118896484
2009-05-22,22.194969177246094
2009-05-26,22.460615158081055
2009-05-27,22.201961517333984
2009-05-28,22.88703727722168
2009-05-29,23.23655891418457
2009-06-01,24.215234756469727
2009-06-02,23.86570930480957
2009-06-03,23.01985740661621
2009-06-04,23.446279525756836
2009-06-05,23.495210647583008
2009-06-08,23.131704330444336
2009-06-09,23.173654556274414
2009-06-10,23.467243194580078
2009-06-11,23.970569610595703
2009-06-12,23.58609390258789
2009-06-15,22.7402286529541
2009-06-16,22.397695541381836
2009-06-17,22.14603614807129
2009-06-18,22.083118438720703
2009-06-19,22.194969177246094
2009-06-22,21.39105796813965
2009-06-23,21.529891967773438
2009-06-24,22.00206756591797
2009-06-25,22.65748405456543
2009-06-26,22.77728843688965
2009-06-29,22.946420669555664
2009-06-30,22.713857650756836
2009-07-01,23.129663467407227
2009-07-02,22.495393753051758
2009-07-06,22.446060180664062
2009-07-07,21.91750144958496
2009-07-08,21.663793563842773
2009-07-09,22.051406860351562
2009-07-10,21.790645599365234
2009-07-13,21.94569206237793
2009-07-14,22.185304641723633
2009-07-15,23.376319885253906
2009-07-16,23.418601989746094
2009-07-17,23.658212661743164
2009-07-20,24.503904342651367
2009-07-21,24.433433532714844
2009-07-22,24.377056121826172
2009-07-23,25.067697525024414
2009-07-24,24.947893142700195
2009-07-27,25.16636848449707
2009-07-28,25.053600311279297
2009-07-29,24.48981285095215
2009-07-30,25.09589195251465
2009-07-31,25.215696334838867
2009-08-03,26.160053253173828
2009-08-04,25.920440673828125
2009-08-05,25.701967239379883
2009-08-06,25.490537643432617
2009-08-07,25.74424934387207
2009-08-10,25.455312728881836
2009-08-11,24.97608184814453
2009-08-12,25.201602935791016
2009-08-13,25.63854217529297
2009-08-14,25.173423767089844
2009-08-17,24.186771392822266
2009-08-18,24.715333938598633
2009-08-19,24.778762817382812
2009-08-20,25.20864486694336
2009-08-21,25.589210510253906
2009-08-24,25.701967239379883
2009-08-25,25.645601272583008
2009-08-26,25.568071365356445
2009-08-27,25.51874351501465
2009-08-28,25.384838104248047
2009-08-31,24.884469985961914
2009-09-01,24.412288665771484
2009-09-02,24.67304801940918
2009-09-03,25.16636848449707
2009-09-04,25.65264129638672
2009-09-08,26.181194305419922
2009-09-09,26.322141647338867
2009-09-10,26.66746711730957
2009-09-11,26.681560516357422
2009-09-14,26.582902908325195
2009-09-15,26.900028228759766
2009-09-16,27.57658576965332
2009-09-17,27.428585052490234
2009-09-18,27.50611114501953
2009-09-21,27.266496658325195
2009-09-22,27.682300567626953
2009-09-23,27.266496658325195
2009-09-24,26.730899810791016
2009-09-25,26.843647003173828
2009-09-28,27.188982009887695
2009-09-29,27.252399444580078
2009-09-30,27.421537399291992
2009-10-01,26.674518585205078
2009-10-02,26.681560516357422
2009-10-05,27.301740646362305
2009-10-06,27.752769470214844
2009-10-07,27.72458267211914
2009-10-08,28.06285285949707
2009-10-09,28.083988189697266
2009-10-12,28.316566467285156
2009-10-13,28.365894317626953
2009-10-14,29.282058715820312
2009-10-15,29.11997413635254
2009-10-16,28.71826171875
2009-10-19,29.267974853515625
2009-10-20,28.88035774230957
2009-10-21,28.72530746459961
2009-10-22,28.964933395385742
2009-10-23,28.72530746459961
2009-10-26,28.365894317626953
2009-10-27,27.872570037841797
2009-10-28,26.59699058532715
2009-10-29,27.773910522460938
2009-10-30,26.47718620300293
2009-11-02,26.87183380126953
2009-11-03,26.914125442504883
2009-11-04,27.414491653442383
2009-11-05,27.97829246520996
2009-11-06,27.94305419921875
2009-11-09,28.971981048583984
2009-11-10,28.83807373046875
2009-11-11,29.084739685058594
2009-11-12,28.43636703491211
2009-11-13,28.922637939453125
2009-11-16,29.648521423339844
2009-11-17,29.542823791503906
2009-11-18,29.310251235961914
2009-11-19,28.767595291137695
2009-11-20,28.64779281616211
2009-11-23,29.246828079223633
2009-11-24,29.084739685058594
2009-11-25,29.423009872436523
2009-11-27,28.281328201293945
2009-11-30,28.55617904663086
2009-12-01,29.373682022094727
2009-12-02,29.493492126464844
2009-12-03,29.218639373779297
2009-12-04,29.4864444732666
2009-12-07,29.23273468017578
2009-12-08,28.690082550048828
2009-12-09,28.866268157958984
2009-12-10,29.035404205322266
2009-12-11,29.141115188598633
2009-12-14,29.338443756103516
2009-12-15,29.035404205322266
2009-12-16,29.204538345336914
2009-12-17,28.365894317626953
2009-12-18,28.44341278076172
2009-12-21,28.408185958862305
2009-12-22,28.694490432739258
2009-12-23,28.97865867614746
2009-12-24,29.269941329956055
2009-12-28,29.369409561157227
2009-12-29,29.264223098754883
2009-12-30,29.392141342163086
2009-12-31,29.491634368896484
2010-01-04,30.35149574279785
2010-01-05,30.571809768676758
2010-01-06,30.63576316833496
2010-01-07,30.45810890197754
2010-01-08,30.699724197387695
2010-01-11,30.63576316833496
2010-01-12,30.14542007446289
2010-01-13,30.237794876098633
2010-01-14,30.159635543823242
2010-01-15,29.81142234802246
2010-01-19,30.415468215942383
2010-01-20,29.68349838256836
2010-01-21,28.788105010986328
2010-01-22,28.148521423339844
2010-01-25,28.354602813720703
2010-01-26,27.764772415161133
2010-01-27,27.69370460510254
2010-01-28,27.501827239990234
2010-01-29,27.2033634185791
2010-02-01,27.93532943725586
2010-02-02,28.16273307800293
2010-02-03,27.999284744262695
2010-02-04,26.73434066772461
2010-02-05,26.43587303161621
2010-02-08,26.17293930053711
2010-02-09,27.02570152282715
2010-02-10,26.954647064208984
2010-02-11,27.665285110473633
2010-02-12,27.317066192626953
2010-02-16,28.020601272583008
2010-02-17,28.120098114013672
2010-02-18,28.2266902923584
2010-02-19,27.985069274902344
2010-02-22,28.020601272583008
2010-02-23,27.373920440673828
2010-02-24,27.636857986450195
2010-02-25,27.409454345703125
2010-02-26,27.68659782409668
2010-03-01,28.15561866760254
2010-03-02,28.475419998168945
2010-03-03,28.51094627380371
2010-03-04,28.361703872680664
2010-03-05,29.100780487060547
2010-03-08,29.122095108032227
2010-03-09,29.285545349121094
2010-03-10,29.491634368896484
2010-03-11,29.498741149902344
2010-03-12,29.39925765991211
2010-03-15,29.18604850769043
2010-03-16,29.562698364257812
2010-03-17,29.882482528686523
2010-03-18,29.655078887939453
2010-03-19,29.271339416503906
2010-03-22,29.37793731689453
2010-03-23,29.584020614624023
2010-03-24,29.14341163635254
2010-03-25,29.06524658203125
2010-03-26,29.207372665405273
2010-03-29,29.733251571655273
2010-03-30,29.846948623657227
2010-03-31,29.932233810424805
2010-04-01,30.71393394470215
2010-04-05,30.991085052490234
2010-04-06,31.083473205566406
2010-04-07,30.813430786132812
2010-04-08,30.92002296447754
2010-04-09,31.111892700195312
2010-04-12,30.863168716430664
2010-04-13,30.799209594726562
2010-04-14,31.254024505615234
2010-04-15,31.083473205566406
2010-04-16,30.173845291137695
2010-04-19,30.053041458129883
2010-04-20,30.408353805541992
2010-04-21,30.308868408203125
2010-04-22,30.436784744262695
2010-04-23,30.600242614746094
2010-04-26,30.600242614746094
2010-04-27,29.505836486816406
2010-04-28,29.754573822021484
2010-04-29,30.244916915893555
2010-04-30,29.882482528686523
2010-05-03,30.045930862426758
2010-05-04,28.667287826538086
2010-05-05,28.148521423339844
2010-05-06,26.997276306152344
2010-05-07,27.139404296875
2010-05-10,29.093666076660156
2010-05-11,28.567798614501953
2010-05-12,28.923120498657227
2010-05-13,28.65306854248047
2010-05-14,28.063241958618164
2010-05-17,27.892690658569336
2010-05-18,27.309967041015625
2010-05-19,27.04702377319336
2010-05-20,25.70390510559082
2010-05-21,26.53536605834961
2010-05-24,26.258214950561523
2010-05-25,25.973953247070312
2010-05-26,25.95973777770996
2010-05-27,27.53026008605957
2010-05-28,27.07545280456543
2010-06-01,26.578004837036133
2010-06-02,27.508935928344727
2010-06-03,27.409454345703125
2010-06-04,26.43587303161621
2010-06-07,26.02370262145996
2010-06-08,26.620635986328125
2010-06-09,26.47850799560547
2010-06-10,27.402339935302734
2010-06-11,27.544471740722656
2010-06-14,27.551578521728516
2010-06-15,28.38302230834961
2010-06-16,28.38302230834961
2010-06-17,28.240894317626953
2010-06-18,28.368816375732422
2010-06-21,28.85916519165039
2010-06-22,28.30486488342285
2010-06-23,28.37782859802246
2010-06-24,27.877077102661133
2010-06-25,28.206144332885742
2010-06-28,28.01300048828125
2010-06-29,26.875595092773438
2010-06-30,26.696760177612305
2010-07-01,26.88990020751953
2010-07-02,27.004362106323242
2010-07-06,27.505104064941406
2010-07-07,28.11315155029297
2010-07-08,28.24906349182129
2010-07-09,28.59242820739746
2010-07-12,28.36351776123047
2010-07-13,28.692577362060547
2010-07-14,28.635347366333008
2010-07-15,28.49943733215332
2010-07-16,27.648174285888672
2010-07-19,28.01300048828125
2010-07-20,28.671123504638672
2010-07-21,28.37782859802246
2010-07-22,29.23623275756836
2010-07-23,29.436540603637695
2010-07-26,29.6368350982666
2010-07-27,29.586763381958008
2010-07-28,29.4222354888916
2010-07-29,29.472312927246094
2010-07-30,29.615379333496094
2010-08-02,30.380800247192383
2010-08-03,30.237720489501953
2010-08-04,30.28065299987793
2010-08-05,30.144733428955078
2010-08-06,30.1018123626709
2010-08-09,30.259185791015625
2010-08-10,29.844280242919922
2010-08-11,28.89287567138672
2010-08-12,28.94294548034668
2010-08-13,29.10032844543457
2010-08-16,29.372159957885742
2010-08-17,29.679759979248047
2010-08-18,29.658302307128906
2010-08-19,29.429386138916016
2010-08-20,29.343551635742188
2010-08-23,29.078861236572266
2010-08-24,28.706886291503906
2010-08-25,28.520889282226562
2010-08-26,28.342052459716797
2010-08-27,28.964412689208984
2010-08-30,28.485122680664062
2010-08-31,28.65681266784668
2010-09-01,29.66545295715332
2010-09-02,29.715532302856445
2010-09-03,30.0660457611084
2010-09-07,29.629676818847656
2010-09-08,29.951597213745117
2010-09-09,30.123273849487305
2010-09-10,30.230571746826172
2010-09-13,30.953075408935547
2010-09-14,30.938766479492188
2010-09-15,30.98169708251953
2010-09-16,30.82431411743164
2010-09-17,30.774242401123047
2010-09-20,31.260683059692383
2010-09-21,31.167678833007812
2010-09-22,31.18914031982422
2010-09-23,30.988842010498047
2010-09-24,31.561113357543945
2010-09-27,31.503894805908203
2010-09-28,31.732810974121094
2010-09-29,31.840110778808594
2010-09-30,32.026100158691406
2010-10-01,32.49822235107422
2010-10-04,32.3980712890625
2010-10-05,32.98466491699219
2010-10-06,32.97035598754883
2010-10-07,32.67707061767578
2010-10-08,33.07050704956055
2010-10-11,33.04904556274414
2010-10-12,32.91312026977539
2010-10-13,33.52116775512695
2010-10-14,33.46393585205078
2010-10-15,33.4210205078125
2010-10-18,33.43533706665039
2010-10-19,32.376617431640625
2010-10-20,32.891666412353516
2010-10-21,32.891666412353516
2010-10-22,32.92743682861328
2010-10-25,33.28510665893555
2010-10-26,33.256492614746094
2010-10-27,32.691375732421875
2010-10-28,32.89882278442383
2010-10-29,32.991825103759766
2010-11-01,33.35664749145508
2010-11-02,33.77153396606445
2010-11-03,33.9789924621582
2010-11-04,34.751583099365234
2010-11-05,34.687191009521484
2010-11-08,34.54412078857422
2010-11-09,34.10776138305664
2010-11-10,34.358131408691406
2010-11-11,34.02192306518555
2010-11-12,33.19926834106445
2010-11-15,33.18496322631836
2010-11-16,32.31223678588867
2010-11-17,32.47676086425781
2010-11-18,33.24934387207031
2010-11-19,33.27080535888672
2010-11-22,33.17064666748047
2010-11-23,32.11909103393555
2010-11-24,32.863040924072266
2010-11-26,32.04755783081055
2010-11-29,32.29792785644531
2010-11-30,32.03325653076172
2010-12-01,32.94889450073242
2010-12-02,33.599853515625
2010-12-03,33.721473693847656
2010-12-06,33.664241790771484
2010-12-07,33.50685501098633
2010-12-08,33.292266845703125
2010-12-09,33.17779541015625
2010-12-10,33.32802200317383
2010-12-13,33.54263687133789
2010-12-14,33.59270477294922
2010-12-15,33.04904556274414
2010-12-16,33.14204406738281
2010-12-17,33.192115783691406
2010-12-20,33.041893005371094
2010-12-21,33.524200439453125
2010-12-22,33.63955307006836
2010-12-23,33.603511810302734
2010-12-27,33.495361328125
2010-12-28,33.524200439453125
2010-12-29,33.95340347290039
2010-12-30,34.12654113769531
2010-12-31,34.364559173583984
2011-01-03,34.69636535644531
2011-01-04,34.855079650878906
2011-01-05,34.76850891113281
2011-01-06,34.400634765625
2011-01-07,34.0832405090332
2011-01-10,33.72978591918945
2011-01-11,34.09046173095703
2011-01-12,34.77573013305664
2011-01-13,34.472774505615234
2011-01-14,34.57375717163086
2011-01-18,34.52326202392578
2011-01-19,34.25637435913086
2011-01-20,33.88127517700195
2011-01-21,33.52781295776367
2011-01-24,33.7874870300293
2011-01-25,33.58552169799805
2011-01-26,33.88127517700195
2011-01-27,33.76586151123047
2011-01-28,32.698280334472656
2011-01-31,33.04451370239258
2011-02-01,33.84520721435547
2011-02-02,33.59272766113281
2011-02-03,33.5494499206543
2011-02-04,33.54224395751953
2011-02-07,33.58552169799805
2011-02-08,33.599945068359375
2011-02-09,32.82811737060547
2011-02-10,32.517940521240234
2011-02-11,32.9146728515625
2011-02-14,32.7487678527832
2011-02-15,32.813697814941406
2011-02-16,33.087799072265625
2011-02-17,33.203208923339844
2011-02-18,33.40519332885742
2011-02-22,32.33760452270508
2011-02-23,32.366458892822266
2011-02-24,32.44580841064453
2011-02-25,32.835323333740234
2011-02-28,33.030086517333984
2011-03-01,32.69105911254883
2011-03-02,33.13828659057617
2011-03-03,33.79470443725586
2011-03-04,33.830772399902344
2011-03-07,33.35469055175781
2011-03-08,33.80192184448242
2011-03-09,33.86684799194336
2011-03-10,32.86418151855469
2011-03-11,33.203208923339844
2011-03-14,33.39796829223633
2011-03-15,32.8425407409668
2011-03-16,32.17169189453125
2011-03-17,32.56843185424805
2011-03-18,32.62614059448242
2011-03-21,33.25370407104492
2011-03-22,33.35469055175781
2011-03-23,33.79470443725586
2011-03-24,34.18423843383789
2011-03-25,34.14816665649414
2011-03-28,33.97503662109375
2011-03-29,34.364559173583984
2011-03-30,34.80458068847656
2011-03-31,35.10753631591797
2011-04-01,35.67019271850586
2011-04-04,35.97315216064453
2011-04-05,35.90102005004883
2011-04-06,36.095787048339844
2011-04-07,36.059715270996094
2011-04-08,36.095787048339844
2011-04-11,35.67019271850586
2011-04-12,34.99934005737305
2011-04-13,35.287879943847656
2011-04-14,35.39608383178711
2011-04-15,35.43935775756836
2011-04-18,34.552120208740234
2011-04-19,35.04983139038086
2011-04-20,35.879371643066406
2011-04-21,36.19676971435547
2011-04-25,35.90102005004883
2011-04-26,36.2111930847168
2011-04-27,36.14627456665039
2011-04-28,35.850528717041016
2011-04-29,36.066925048828125
2011-05-02,36.074134826660156
2011-05-03,35.27345275878906
2011-05-04,34.689170837402344
2011-05-05,34.35735321044922
2011-05-06,34.80458068847656
2011-05-09,34.869510650634766
2011-05-10,35.28066635131836
2011-05-11,34.501617431640625
2011-05-12,34.60260772705078
2011-05-13,33.84520721435547
2011-05-16,33.79470443725586
2011-05-17,33.90290832519531
2011-05-18,34.45112228393555
2011-05-19,34.22751235961914
2011-05-20,33.95340347290039
2011-05-23,33.246498107910156
2011-05-24,33.578311920166016
2011-05-25,33.65043640136719
2011-05-26,34.0832405090332
2011-05-27,34.44391632080078
2011-05-31,35.006561279296875
2011-06-01,34.37899398803711
2011-06-02,34.703582763671875
2011-06-03,34.53048324584961
2011-06-06,33.97503662109375
2011-06-07,34.2419319152832
2011-06-08,33.99668884277344
2011-06-09,34.263587951660156
2011-06-10,33.52060317993164
2011-06-13,33.462890625
2011-06-14,33.96782684326172
2011-06-15,33.239280700683594
2011-06-16,32.9868049621582
2011-06-17,33.030086517333984
2011-06-20,32.97958755493164
2011-06-21,33.58552169799805
2011-06-22,33.25111389160156
2011-06-23,33.2074089050293
2011-06-24,33.149112701416016
2011-06-27,33.535247802734375
2011-06-28,33.99424362182617
2011-06-29,34.30751419067383
2011-06-30,34.679080963134766
2011-07-01,35.08706283569336
2011-07-05,35.07249069213867
2011-07-06,34.839359283447266
2011-07-07,35.32019805908203
2011-07-08,34.91950225830078
2011-07-11,33.943233489990234
2011-07-12,33.60082244873047
2011-07-13,34.14723205566406
2011-07-14,33.782958984375
2011-07-15,33.99424362182617
2011-07-18,33.60082244873047
2011-07-19,34.08894729614258
2011-07-20,34.19095230102539
2011-07-21,34.73736572265625
2011-07-22,34.71550369262695
2011-07-25,34.64264678955078
2011-07-26,34.759220123291016
2011-07-27,34.14723205566406
2011-07-28,34.17637634277344
2011-07-29,34.32209014892578
2011-08-01,34.292945861816406
2011-08-02,33.236541748046875
2011-08-03,33.119972229003906
2011-08-04,31.225740432739258
2011-08-05,31.021745681762695
2011-08-08,28.43538475036621
2011-08-09,30.10378074645996
2011-08-10,28.508235931396484
2011-08-11,30.0819149017334
2011-08-12,30.06734275817871
2011-08-15,30.76675033569336
2011-08-16,30.504470825195312
2011-08-17,30.72303009033203
2011-08-18,29.273216247558594
2011-08-19,28.90894317626953
2011-08-22,28.879802703857422
2011-08-23,29.892492294311523
2011-08-24,29.60107421875
2011-08-25,29.0255184173584
2011-08-26,29.52092933654785
2011-08-29,30.47533416748047
2011-08-30,30.519052505493164
2011-08-31,31.145597457885742
2011-09-01,30.978038787841797
2011-09-02,30.27861976623535
2011-09-06,29.965349197387695
2011-09-07,30.854175567626953
2011-09-08,30.169342041015625
2011-09-09,29.149370193481445
2011-09-12,29.09108543395996
2011-09-13,29.13479995727539
2011-09-14,29.054655075073242
2011-09-15,29.477216720581055
2011-09-16,29.528207778930664
2011-09-19,28.653945922851562
2011-09-20,28.442670822143555
2011-09-21,27.38627052307129
2011-09-22,25.462900161743164
2011-09-23,26.14044952392578
2011-09-26,26.53386688232422
2011-09-27,27.378984451293945
2011-09-28,26.55571937561035
2011-09-29,26.919998168945312
2011-09-30,25.57217788696289
2011-10-03,25.033044815063477
2011-10-04,25.41917610168457
2011-10-05,26.00930404663086
2011-10-06,26.868995666503906
2011-10-07,26.54843521118164
2011-10-10,27.735980987548828
2011-10-11,27.750545501708984
2011-10-12,28.53010368347168
2011-10-13,28.275102615356445
2011-10-14,28.843372344970703
2011-10-17,27.867116928100586
2011-10-18,28.610233306884766
2011-10-19,28.063825607299805
2011-10-20,27.52469825744629
2011-10-21,28.31153678894043
2011-10-24,29.418935775756836
2011-10-25,28.836088180541992
2011-10-26,29.367931365966797
2011-10-27,31.15288734436035
2011-10-28,30.890609741210938
2011-10-31,29.732210159301758
2011-11-01,29.01093864440918
2011-11-02,29.8997745513916
2011-11-03,30.20577049255371
2011-11-04,30.009065628051758
2011-11-07,30.264055252075195
2011-11-08,30.62104606628418
2011-11-09,28.82880210876465
2011-11-10,29.018232345581055
2011-11-11,29.71763801574707
2011-11-14,29.309648513793945
2011-11-15,29.491788864135742
2011-11-16,28.69766616821289
2011-11-17,27.96910858154297
2011-11-18,28.078397750854492
2011-11-21,27.17499542236328
2011-11-22,27.26970100402832
2011-11-23,26.38815689086914
2011-11-25,26.300729751586914
2011-11-28,27.561124801635742
2011-11-29,27.43727684020996
2011-11-30,29.149370193481445
2011-12-01,29.061941146850586
2011-12-02,28.974519729614258
2011-12-05,29.44807243347168
2011-12-06,29.047372817993164
2011-12-07,29.16393280029297
2011-12-08,28.114830017089844
2011-12-09,28.68309783935547
2011-12-12,27.604839324951172
2011-12-13,27.34984588623047
2011-12-14,26.956424713134766
2011-12-15,27.131284713745117
2011-12-16,27.33527374267578
2011-12-19,26.628572463989258
2011-12-20,27.744388580322266
2011-12-21,27.832643508911133
2011-12-22,28.20041275024414
2011-12-23,28.310749053955078
2011-12-27,28.03860092163086
2011-12-28,27.567855834960938
2011-12-29,27.88413429260254
2011-12-30,27.906200408935547
2012-01-03,28.759422302246094
2012-01-04,28.597612380981445
2012-01-05,28.472562789916992
2012-01-06,28.112150192260742
2012-01-09,28.40636444091797
2012-01-10,29.024208068847656
2012-01-11,29.04629135131836
2012-01-12,29.16396713256836
2012-01-13,28.8991756439209
2012-01-17,29.450817108154297
2012-01-18,30.19371795654297
2012-01-19,30.458513259887695
2012-01-20,30.436452865600586
2012-01-23,30.73065757751465
2012-01-24,30.77478790283203
2012-01-25,31.120492935180664
2012-01-26,30.995450973510742
2012-01-27,31.15726661682129
2012-01-30,30.70859146118164
2012-01-31,30.97338104248047
2012-02-01,31.657428741455078
2012-02-02,31.745695114135742
2012-02-03,32.27527618408203
2012-02-06,32.00312423706055
2012-02-07,32.06932067871094
2012-02-08,32.29734802246094
2012-02-09,32.28262710571289
2012-02-10,31.56915855407715
2012-02-13,32.08404541015625
2012-02-14,31.81924057006836
2012-02-15,31.907512664794922
2012-02-16,32.25321960449219
2012-02-17,32.31205368041992
2012-02-21,32.179664611816406
2012-02-22,32.238502502441406
2012-02-23,32.179664611816406
2012-02-24,32.503292083740234
2012-02-27,32.179664611816406
2012-02-28,32.628334045410156
2012-02-29,32.606266021728516
2012-03-01,32.915199279785156
2012-03-02,32.834293365478516
2012-03-05,32.26792907714844
2012-03-06,31.186689376831055
2012-03-07,31.56180763244629
2012-03-08,32.223793029785156
2012-03-09,32.20907974243164
2012-03-12,31.856035232543945
2012-03-13,32.723960876464844
2012-03-14,32.20907974243164
2012-03-15,32.466522216796875
2012-03-16,32.429744720458984
2012-03-19,32.30469512939453
2012-03-20,31.745695114135742
2012-03-21,31.804536819458008
2012-03-22,31.319082260131836
2012-03-23,31.554458618164062
2012-03-26,32.106101989746094
2012-03-27,31.936935424804688
2012-03-28,31.399980545043945
2012-03-29,31.36321258544922
2012-03-30,31.59123992919922
2012-04-02,32.025203704833984
2012-04-03,31.841304779052734
2012-04-04,31.267589569091797
2012-04-05,31.43677520751953
2012-04-09,30.97338104248047
2012-04-10,30.370248794555664
2012-04-11,30.701234817504883
2012-04-12,31.48825454711914
2012-04-13,31.01015281677246
2012-04-16,30.85569953918457
2012-04-17,31.2087459564209
2012-04-18,31.06165313720703
2012-04-19,30.921892166137695
2012-04-20,31.13520622253418
2012-04-23,30.539424896240234
2012-04-24,30.605609893798828
2012-04-25,30.88511848449707
2012-04-26,31.07636070251465
2012-04-27,31.120492935180664
2012-04-30,31.05429458618164
2012-05-01,31.26024055480957
2012-05-02,31.20139503479004
2012-05-03,30.96603775024414
2012-05-04,30.421730041503906
2012-05-07,30.532062530517578
2012-05-08,30.046613693237305
2012-05-09,29.656776428222656
2012-05-10,29.781803131103516
2012-05-11,29.399335861206055
2012-05-14,28.729999542236328
2012-05-15,28.479909896850586
2012-05-16,28.075363159179688
2012-05-17,27.692888259887695
2012-05-18,27.428104400634766
2012-05-21,28.082733154296875
2012-05-22,27.788515090942383
2012-05-23,27.59727668762207
2012-05-24,27.4575252532959
2012-05-25,27.32512855529785
2012-05-29,28.09743881225586
2012-05-30,27.611989974975586
2012-05-31,27.72966957092285
2012-06-01,26.986778259277344
2012-06-04,27.10447120666504
2012-06-05,27.178022384643555
2012-06-06,27.972396850585938
2012-06-07,28.141571044921875
2012-06-08,27.89885139465332
2012-06-11,27.494304656982422
2012-06-12,28.06801986694336
2012-06-13,27.965042114257812
2012-06-14,28.163639068603516
2012-06-15,28.67852020263672
2012-06-18,28.73735809326172
2012-06-19,29.200742721557617
2012-06-20,29.10512351989746
2012-06-21,28.039234161376953
2012-06-22,28.128549575805664
2012-06-25,27.607519149780273
2012-06-26,27.845705032348633
2012-06-27,28.024333953857422
2012-06-28,27.890369415283203
2012-06-29,29.12596321105957
2012-07-02,29.12596321105957
2012-07-03,29.706544876098633
2012-07-05,29.393922805786133
2012-07-06,28.85800552368164
2012-07-09,28.753803253173828
2012-07-10,28.433732986450195
2012-07-11,28.582595825195312
2012-07-12,28.106218338012695
2012-07-13,28.64959144592285
2012-07-16,28.582595825195312
2012-07-17,28.96220588684082
2012-07-18,28.887775421142578
2012-07-19,29.15573501586914
2012-07-20,28.72402572631836
2012-07-23,27.97224235534668
2012-07-24,27.853145599365234
2012-07-25,27.98712921142578
2012-07-26,28.619821548461914
2012-07-27,29.42369842529297
2012-07-30,29.25250816345215
2012-07-31,29.1185245513916
2012-08-01,29.17061996459961
2012-08-02,28.828224182128906
2012-08-03,29.721437454223633
2012-08-06,29.907520294189453
2012-08-07,29.989402770996094
2012-08-08,30.048946380615234
2012-08-09,30.17547607421875
2012-08-10,30.316905975341797
2012-08-13,30.048946380615234
2012-08-14,30.041507720947266
2012-08-15,29.996845245361328
2012-08-16,30.27224349975586
2012-08-17,30.123384475708008
2012-08-20,30.108489990234375
2012-08-21,30.06382942199707
2012-08-22,30.07872200012207
2012-08-23,29.803319931030273
2012-08-24,29.810754776000977
2012-08-27,29.505578994750977
2012-08-28,29.44603157043457
2012-08-29,29.304611206054688
2012-08-30,28.96220588684082
2012-08-31,29.237619400024414
2012-09-04,29.073862075805664
2012-09-05,28.924999237060547
2012-09-06,29.56513023376465
2012-09-07,30.249921798706055
2012-09-10,29.86286163330078
2012-09-11,30.220142364501953
2012-09-12,30.354124069213867
2012-09-13,31.172897338867188
2012-09-14,31.537628173828125
2012-09-17,31.195219039916992
2012-09-18,31.210102081298828
2012-09-19,31.210102081298828
2012-09-20,31.024036407470703
2012-09-21,31.098461151123047
2012-09-24,31.06869125366211
2012-09-25,30.607202529907227
2012-09-26,30.465778350830078
2012-09-27,30.949594497680664
2012-09-28,30.763513565063477
2012-10-01,31.06869125366211
2012-10-02,31.113351821899414
2012-10-03,30.904935836791992
2012-10-04,31.225004196166992
2012-10-05,31.225004196166992
2012-10-08,30.949594497680664
2012-10-09,30.71885108947754
2012-10-10,30.532772064208984
2012-10-11,30.81562042236328
2012-10-12,30.71885108947754
2012-10-15,30.89749526977539
2012-10-16,31.217557907104492
2012-10-17,31.46319580078125
2012-10-18,31.373865127563477
2012-10-19,30.890045166015625
2012-10-22,31.187786102294922
2012-10-23,30.547653198242188
2012-10-24,30.577423095703125
2012-10-25,30.912372589111328
2012-10-26,30.6741943359375
2012-10-31,30.629533767700195
2012-11-01,31.128236770629883
2012-11-02,30.96448516845703
2012-11-05,31.113351821899414
2012-11-06,31.35898780822754
2012-11-07,30.845382690429688
2012-11-08,30.45833396911621
2012-11-09,30.51787567138672
2012-11-12,30.629533767700195
2012-11-13,30.354124069213867
2012-11-14,29.88518714904785
2012-11-15,29.989402770996094
2012-11-16,30.07872200012207
2012-11-19,30.607202529907227
2012-11-20,30.547653198242188
2012-11-21,30.488107681274414
2012-11-23,30.986806869506836
2012-11-26,30.986806869506836
2012-11-27,30.726289749145508
2012-11-28,30.89749526977539
2012-11-29,31.12078857421875
2012-11-30,31.10590934753418
2012-12-03,31.09101104736328
2012-12-04,31.18033218383789
2012-12-05,31.51529884338379
2012-12-06,31.753480911254883
2012-12-07,31.85024642944336
2012-12-10,32.02888488769531
2012-12-11,32.19264221191406
2012-12-12,32.28940963745117
2012-12-13,32.147979736328125
2012-12-14,32.28940963745117
2012-12-17,32.37128448486328
2012-12-18,32.597434997558594
2012-12-19,32.582462310791016
2012-12-20,32.77715301513672
2012-12-21,32.402732849121094
2012-12-24,32.3353271484375
2012-12-26,32.43269348144531
2012-12-27,32.61545944213867
2012-12-28,32.73532485961914
2012-12-31,33.22222900390625
2013-01-02,33.873939514160156
2013-01-03,33.63422393798828
2013-01-04,33.7016487121582
2013-01-07,33.44696807861328
2013-01-08,33.14732360839844
2013-01-09,33.28964614868164
2013-01-10,33.58179473876953
2013-01-11,33.3121223449707
2013-01-14,33.454444885253906
2013-01-15,33.3121223449707
2013-01-16,33.28215789794922
2013-01-17,33.46943283081055
2013-01-18,33.54433822631836
2013-01-22,33.49189758300781
2013-01-23,33.3121223449707
2013-01-24,33.192256927490234
2013-01-25,33.07989501953125
2013-01-28,32.847686767578125
2013-01-29,33.214744567871094
2013-01-30,33.057430267333984
2013-01-31,33.124847412109375
2013-02-01,33.34207534790039
2013-02-04,32.900115966796875
2013-02-05,32.93757629394531
2013-02-06,32.900115966796875
2013-02-07,32.60797882080078
2013-02-08,32.847686767578125
2013-02-11,32.83271026611328
2013-02-12,32.92259979248047
2013-02-13,33.087398529052734
2013-02-14,33.072418212890625
2013-02-15,32.95256042480469
2013-02-19,33.019989013671875
2013-02-20,32.72782897949219
2013-02-21,32.27837371826172
2013-02-22,32.42070007324219
2013-02-25,31.986223220825195
2013-02-26,32.16600799560547
2013-02-27,32.518089294433594
2013-02-28,32.368255615234375
2013-03-01,32.443180084228516
2013-03-04,32.13605499267578
2013-03-05,32.52557373046875
2013-03-06,32.68288803100586
2013-03-07,32.772769927978516
2013-03-08,33.057430267333984
2013-03-11,32.877655029296875
2013-03-12,32.50310134887695
2013-03-13,32.195980072021484
2013-03-14,32.33080291748047
2013-03-15,32.03866958618164
2013-03-18,31.679100036621094
2013-03-19,31.454376220703125
2013-03-20,31.6341495513916
2013-03-21,31.31203842163086
2013-03-22,31.43189811706543
2013-03-25,31.401935577392578
2013-03-26,31.851398468017578
2013-03-27,31.971248626708984
2013-03-28,32.03866958618164
2013-04-01,31.694076538085938
2013-04-02,31.709074020385742
2013-04-03,31.33452033996582
2013-04-04,31.24462890625
2013-04-05,31.169721603393555
2013-04-08,31.22215461730957
2013-04-09,31.529281616210938
2013-04-10,31.82891273498535
2013-04-11,31.858877182006836
2013-04-12,31.371978759765625
2013-04-15,30.607898712158203
2013-04-16,31.237131118774414
2013-04-17,30.742740631103516
2013-04-18,30.742740631103516
2013-04-19,31.192188262939453
2013-04-22,31.342010498046875
2013-04-23,31.491832733154297
2013-04-24,31.679100036621094
2013-04-25,31.96375846862793
2013-04-26,31.641643524169922
2013-04-29,31.971248626708984
2013-04-30,32.428184509277344
2013-05-01,32.07612228393555
2013-05-02,32.33080291748047
2013-05-03,32.60047912597656
2013-05-06,32.64543914794922
2013-05-07,32.877655029296875
2013-05-08,33.13233947753906
2013-05-09,32.89263153076172
2013-05-10,32.637939453125
2013-05-13,32.33829879760742
2013-05-14,32.48810958862305
2013-05-15,32.49561309814453
2013-05-16,32.38324737548828
2013-05-17,32.52557373046875
2013-05-20,32.60797882080078
2013-05-21,32.540550231933594
2013-05-22,32.18098831176758
2013-05-23,31.94127655029297
2013-05-24,31.664119720458984
2013-05-28,31.836410522460938
2013-05-29,31.43189811706543
2013-05-30,31.43189811706543
2013-05-31,30.86258316040039
2013-06-03,31.319534301757812
2013-06-04,30.937498092651367
2013-06-05,30.3831787109375
2013-06-06,30.63786506652832
2013-06-07,30.480554580688477
2013-06-10,30.068552017211914
2013-06-11,29.499252319335938
2013-06-12,29.296981811523438
2013-06-13,29.918737411499023
2013-06-14,29.446809768676758
2013-06-17,29.716482162475586
2013-06-18,29.843826293945312
2013-06-19,28.922447204589844
2013-06-20,27.62651252746582
2013-06-21,28.02353286743164
2013-06-24,27.454221725463867
2013-06-25,28.038516998291016
2013-06-26,28.48048210144043
2013-06-27,29.051950454711914
2013-06-28,29.218921661376953
2013-07-01,29.30998420715332
2013-07-02,28.786325454711914
2013-07-03,28.52069664001465
2013-07-05,28.338552474975586
2013-07-08,28.376501083374023
2013-07-09,28.74837875366211
2013-07-10,28.475160598754883
2013-07-11,29.871601104736328
2013-07-12,29.552846908569336
2013-07-15,29.856422424316406
2013-07-16,29.977846145629883
2013-07-17,30.251068115234375
2013-07-18,29.894376754760742
2013-07-19,29.810880661010742
2013-07-22,30.106874465942383
2013-07-23,30.433208465576172
2013-07-24,30.122053146362305
2013-07-25,30.296607971191406
2013-07-26,30.22829818725586
2013-07-29,29.84882926940918
2013-07-30,29.78052520751953
2013-07-31,29.605987548828125
2013-08-01,30.144819259643555
2013-08-02,30.137226104736328
2013-08-05,29.947492599487305
2013-08-06,29.568029403686523
2013-08-07,29.249279022216797
2013-08-08,29.810880661010742
2013-08-09,29.871601104736328
2013-08-12,30.15240478515625
2013-08-13,30.334556579589844
2013-08-14,30.433208465576172
2013-08-15,30.0841007232666
2013-08-16,29.82605743408203
2013-08-19,29.264455795288086
2013-08-20,29.211326599121094
2013-08-21,28.528284072875977
2013-08-22,28.99124526977539
2013-08-23,29.332761764526367
2013-08-26,29.014013290405273
2013-08-27,28.34615135192871
2013-08-28,28.4068660736084
2013-08-29,28.634540557861328
2013-08-30,28.854633331298828
2013-09-03,29.036771774291992
2013-09-04,29.552846908569336
2013-09-05,29.901960372924805
2013-09-06,30.342145919799805
2013-09-09,31.139007568359375
2013-09-10,31.37428855895996
2013-09-11,31.397056579589844
2013-09-12,31.03276824951172
2013-09-13,31.23767852783203
2013-09-16,31.586793899536133
2013-09-17,31.518489837646484
2013-09-18,32.839027404785156
2013-09-19,32.66447448730469
2013-09-20,31.935901641845703
2013-09-23,32.04972839355469
2013-09-24,31.776527404785156
2013-09-25,31.53367042541504
2013-09-26,31.66268539428711
2013-09-27,31.290803909301758
2013-09-30,30.934104919433594
2013-10-01,31.54884910583496
2013-10-02,31.67028045654297
2013-10-03,31.54884910583496
2013-10-04,31.958662033081055
2013-10-07,31.685453414916992
2013-10-08,31.381881713867188
2013-10-09,31.617145538330078
2013-10-10,32.36090087890625
2013-10-11,32.50510025024414
2013-10-14,32.6948356628418
2013-10-15,32.37608337402344
2013-10-16,32.63412094116211
2013-10-17,32.839027404785156
2013-10-18,32.869388580322266
2013-10-21,32.816253662109375
2013-10-22,33.13501739501953
2013-10-23,32.36090087890625
2013-10-24,32.2926025390625
2013-10-25,32.44437789916992
2013-10-28,32.63412094116211
2013-10-29,32.74036407470703
2013-10-30,32.558231353759766
2013-10-31,32.22429656982422
2013-11-01,32.239471435546875
2013-11-04,32.436790466308594
2013-11-05,31.78412437438965
2013-11-06,31.882774353027344
2013-11-07,31.305988311767578
2013-11-08,31.23767852783203
2013-11-11,31.07830047607422
2013-11-12,30.911340713500977
2013-11-13,30.96445083618164
2013-11-14,31.46535873413086
2013-11-15,32.06491470336914
2013-11-18,32.353309631347656
2013-11-19,32.15598678588867
2013-11-20,31.715808868408203
2013-11-21,31.685453414916992
2013-11-22,31.913127899169922
2013-11-25,31.503314971923828
2013-11-26,31.60955810546875
2013-11-27,31.814470291137695
2013-11-29,32.14081573486328
2013-12-02,31.46535873413086
2013-12-03,31.359106063842773
2013-12-04,31.321165084838867
2013-12-05,31.139007568359375
2013-12-06,31.829647064208984
2013-12-09,31.875181198120117
2013-12-10,31.89036750793457
2013-12-11,31.184553146362305
2013-12-12,31.002412796020508
2013-12-13,31.07830047607422
2013-12-16,31.283212661743164
2013-12-17,31.009998321533203
2013-12-18,31.62723159790039
2013-12-19,31.04522132873535
2013-12-20,30.999277114868164
2013-12-23,31.229015350341797
2013-12-24,31.41280746459961
2013-12-26,31.144775390625
2013-12-27,31.62723159790039
2013-12-30,31.765071868896484
2013-12-31,32.01012420654297
2014-01-02,30.77719497680664
2014-01-03,30.723588943481445
2014-01-06,30.432588577270508
2014-01-07,30.562776565551758
2014-01-08,30.463224411010742
2014-01-09,30.302412033081055
2014-01-10,30.838462829589844
2014-01-13,30.470882415771484
2014-01-14,30.800172805786133
2014-01-15,30.792516708374023
2014-01-16,30.62405014038086
2014-01-17,30.470882415771484
2014-01-21,30.4249324798584
2014-01-22,30.83079719543457
2014-01-23,30.072673797607422
2014-01-24,29.283903121948242
2014-01-27,29.169034957885742
2014-01-28,29.35282325744629
2014-01-29,28.9316349029541
2014-01-30,29.199670791625977
2014-01-31,29.245615005493164
2014-02-03,28.418561935424805
2014-02-04,28.992904663085938
2014-02-05,28.885684967041016
2014-02-06,29.490671157836914
2014-02-07,29.659143447875977
2014-02-10,29.329853057861328
2014-02-11,29.965456008911133
2014-02-12,29.973115921020508
2014-02-13,30.003751754760742
2014-02-14,30.3713321685791
2014-02-18,30.087987899780273
2014-02-19,29.88121795654297
2014-02-20,29.988435745239258
2014-02-21,30.195207595825195
2014-02-24,30.195207595825195
2014-02-25,29.8505916595459
2014-02-26,29.873558044433594
2014-02-27,30.440248489379883
2014-02-28,30.23349380493164
2014-03-03,29.697439193725586
2014-03-04,30.202848434448242
2014-03-05,30.225830078125
2014-03-06,30.6546688079834
2014-03-07,30.264116287231445
2014-03-10,30.05735206604004
2014-03-11,29.720409393310547
2014-03-12,29.78167152404785
2014-03-13,29.245615005493164
2014-03-14,29.40644073486328
2014-03-17,29.766353607177734
2014-03-18,30.17988395690918
2014-03-19,29.5366153717041
2014-03-20,29.66680335998535
2014-03-21,29.8505916595459
2014-03-24,30.141590118408203
2014-03-25,30.4862003326416
2014-03-26,30.555116653442383
2014-03-27,30.95332908630371
2014-03-28,31.198387145996094
2014-03-31,31.4051513671875
2014-04-01,31.772741317749023
2014-04-02,31.833993911743164
2014-04-03,31.711471557617188
2014-04-04,31.62723159790039
2014-04-07,31.765071868896484
2014-04-08,32.13264465332031
2014-04-09,32.37770462036133
2014-04-10,32.03309631347656
2014-04-11,32.03309631347656
2014-04-14,31.96417808532715
2014-04-15,31.48172950744629
2014-04-16,31.879932403564453
2014-04-17,32.170936584472656
2014-04-21,31.97183609008789
2014-04-22,31.887605667114258
2014-04-23,31.65786361694336
2014-04-24,31.688495635986328
2014-04-25,31.259653091430664
2014-04-28,31.41280746459961
2014-04-29,31.711471557617188
2014-04-30,31.650209426879883
2014-05-01,31.688495635986328
2014-05-02,31.864627838134766
2014-05-05,31.688495635986328
2014-05-06,31.833993911743164
2014-05-07,32.00247573852539
2014-05-08,31.92589569091797
2014-05-09,31.872283935546875
2014-05-12,32.40834045410156
2014-05-13,32.53086853027344
2014-05-14,32.76060104370117
2014-05-15,32.45429229736328
2014-05-16,32.88311767578125
2014-05-19,32.88311767578125
2014-05-20,32.615108489990234
2014-05-21,32.8678092956543
2014-05-22,33.09754943847656
2014-05-23,33.03628158569336
2014-05-27,32.7529411315918
2014-05-28,32.94438552856445
2014-05-29,33.03628158569336
2014-05-30,32.584476470947266
2014-06-02,32.68402099609375
2014-06-03,32.8678092956543
2014-06-04,32.68402099609375
2014-06-05,33.028629302978516
2014-06-06,33.35791778564453
2014-06-09,33.4804573059082
2014-06-10,33.65657424926758
2014-06-11,33.54170608520508
2014-06-12,33.380882263183594
2014-06-13,33.39622116088867
2014-06-16,33.2430534362793
2014-06-17,33.250701904296875
2014-06-18,33.61830139160156
2014-06-19,33.42685317993164
2014-06-20,33.35791778564453
2014-06-23,33.288997650146484
2014-06-24,33.273681640625
2014-06-25,33.34392547607422
2014-06-26,33.38251495361328
2014-06-27,33.45969772338867
2014-06-30,33.36707305908203
2014-07-01,33.68354415893555
2014-07-02,33.88422775268555
2014-07-03,34.084903717041016
2014-07-07,34.06174850463867
2014-07-08,33.907371520996094
2014-07-09,34.10033416748047
2014-07-10,33.91508483886719
2014-07-11,33.876502990722656
2014-07-14,34.138919830322266
2014-07-15,34.11576843261719
2014-07-16,34.2006721496582
2014-07-17,33.56003952026367
2014-07-18,34.084903717041016
2014-07-21,34.2006721496582
2014-07-22,34.51713943481445
2014-07-23,34.54800796508789
2014-07-24,34.7023811340332
2014-07-25,34.563438415527344
2014-07-28,34.80271530151367
2014-07-29,34.59431076049805
2014-07-30,34.42451095581055
2014-07-31,33.82246017456055
2014-08-01,34.00770568847656
2014-08-04,34.32417297363281
2014-08-05,33.799312591552734
2014-08-06,33.56775665283203
2014-08-07,33.43653869628906
2014-08-08,33.73755645751953
2014-08-11,34.169803619384766
2014-08-12,34.20839309692383
2014-08-13,34.393638610839844
2014-08-14,34.447669982910156
2014-08-15,34.355037689208984
2014-08-18,34.68693923950195
2014-08-19,34.849029541015625
2014-08-20,34.779563903808594
2014-08-21,34.632904052734375
2014-08-22,34.5402946472168
2014-08-25,34.795005798339844
2014-08-26,35.00339126586914
2014-08-27,35.18092727661133
2014-08-28,34.833595275878906
2014-08-29,34.779563903808594
2014-09-02,34.725528717041016
2014-09-03,35.18092727661133
2014-09-04,35.08830642700195
2014-09-05,35.389320373535156
2014-09-08,34.9725227355957
2014-09-09,34.5402946472168
2014-09-10,34.393638610839844
2014-09-11,34.16207504272461
2014-09-12,33.799312591552734
2014-09-15,33.62950134277344
2014-09-16,34.0694580078125
2014-09-17,33.75300979614258
2014-09-18,33.799312591552734
2014-09-19,33.54460525512695
2014-09-22,33.035179138183594
2014-09-23,32.84994125366211
2014-09-24,33.32075881958008
2014-09-25,32.59521484375
2014-09-26,32.74187088012695
2014-09-29,32.07809066772461
2014-09-30,32.07809066772461
2014-10-01,31.422016143798828
2014-10-02,31.591821670532227
2014-10-03,31.861963272094727
2014-10-06,32.27877426147461
2014-10-07,31.993186950683594
2014-10-08,32.47173309326172
2014-10-09,31.96231460571289
2014-10-10,31.26764488220215
2014-10-13,31.5841064453125
2014-10-14,31.76935386657715
2014-10-15,31.36798667907715
2014-10-16,31.082399368286133
2014-10-17,31.429738998413086
2014-10-20,31.522357940673828
2014-10-21,31.65357208251953
2014-10-22,31.44516944885254
2014-10-23,31.43744659423828
2014-10-24,31.661291122436523
2014-10-27,31.41429901123047
2014-10-28,32.04721450805664
2014-10-29,32.09352111816406
2014-10-30,32.3945426940918
2014-10-31,32.533477783203125
2014-11-03,32.26333236694336
2014-11-04,32.29420852661133
2014-11-05,32.00861740112305
2014-11-06,31.614974975585938
2014-11-07,31.815664291381836
2014-11-10,31.90056610107422
2014-11-11,31.869691848754883
2014-11-12,31.80793571472168
2014-11-13,31.72303581237793
2014-11-14,31.98546600341797
2014-11-17,31.645858764648438
2014-11-18,31.815664291381836
2014-11-19,31.800214767456055
2014-11-20,31.746196746826172
2014-11-21,32.757320404052734
2014-11-24,32.487159729003906
2014-11-25,32.27877426147461
2014-11-26,32.68784713745117
2014-11-28,32.031776428222656
2014-12-01,31.4837646484375
2014-12-02,31.476043701171875
2014-12-03,31.56095314025879
2014-12-04,31.614974975585938
2014-12-05,31.55323028564453
2014-12-08,31.090112686157227
2014-12-09,30.796815872192383
2014-12-10,30.341428756713867
2014-12-11,30.086713790893555
2014-12-12,29.592731475830078
2014-12-15,29.168212890625
2014-12-16,29.12190055847168
2014-12-17,29.79132652282715
2014-12-18,30.198461532592773
2014-12-19,30.40985870361328
2014-12-22,30.832653045654297
2014-12-23,30.55078887939453
2014-12-24,30.62125015258789
2014-12-26,30.86396598815918
2014-12-29,30.676061630249023
2014-12-30,30.73869514465332
2014-12-31,30.762189865112305
2015-01-02,30.355051040649414
2015-01-05,29.814815521240234
2015-01-06,29.689544677734375
2015-01-07,30.331567764282227
2015-01-08,30.84831428527832
2015-01-09,30.746524810791016
2015-01-12,30.495981216430664
2015-01-13,30.762189865112305
2015-01-14,30.589942932128906
2015-01-15,30.660398483276367
2015-01-16,30.918771743774414
2015-01-20,30.871807098388672
2015-01-21,31.55296516418457
2015-01-22,32.155845642089844
2015-01-23,31.913124084472656
2015-01-26,31.928789138793945
2015-01-27,31.756532669067383
2015-01-28,31.412038803100586
2015-01-29,31.412038803100586
2015-01-30,30.55078887939453
2015-02-02,31.098859786987305
2015-02-03,31.68606948852539
2015-02-04,31.529483795166016
2015-02-05,31.717390060424805
2015-02-06,31.177146911621094
2015-02-09,31.13018035888672
2015-02-10,31.051881790161133
2015-02-11,30.824817657470703
2015-02-12,31.482505798339844
2015-02-13,31.8426570892334
2015-02-17,31.77219581604004
2015-02-18,31.764354705810547
2015-02-19,31.631263732910156
2015-02-20,31.8426570892334
2015-02-23,31.521644592285156
2015-02-24,31.97575569152832
2015-02-25,31.913124084472656
2015-02-26,31.920948028564453
2015-02-27,31.8974666595459
2015-03-02,31.850488662719727
2015-03-03,31.607772827148438
2015-03-04,31.263267517089844
2015-03-05,31.21630096435547
2015-03-06,30.73869514465332
2015-03-09,30.62125015258789
2015-03-10,29.940080642700195
2015-03-11,30.167139053344727
2015-03-12,30.355051040649414
2015-03-13,29.98706817626953
2015-03-16,30.347225189208984
2015-03-17,30.699556350708008
2015-03-18,31.451181411743164
2015-03-19,30.918771743774414
2015-03-20,31.380712509155273
2015-03-23,31.474668502807617
2015-03-24,31.599945068359375
2015-03-25,31.098859786987305
2015-03-26,30.809158325195312
2015-03-27,30.895286560058594
2015-03-30,31.490333557128906
2015-03-31,31.419872283935547
2015-04-01,31.811349868774414
2015-04-02,32.288944244384766
2015-04-06,32.703914642333984
2015-04-07,32.53947830200195
2015-04-08,33.22065734863281
2015-04-09,33.549495697021484
2015-04-10,33.5729866027832
2015-04-13,33.37724304199219
2015-04-14,33.52600860595703
2015-04-15,33.76089859008789
2015-04-16,34.027095794677734
2015-04-17,33.432064056396484
2015-04-20,33.40072250366211
2015-04-21,33.59646987915039
2015-04-22,33.95661926269531
2015-04-23,34.20717239379883
2015-04-24,34.33244705200195
2015-04-27,34.46555709838867
2015-04-28,34.520355224609375
2015-04-29,34.0897331237793
2015-04-30,33.5729866027832
2015-05-01,33.77653884887695
2015-05-04,33.9722900390625
2015-05-05,33.60430145263672
2015-05-06,33.18933868408203
2015-05-07,33.14236831665039
2015-05-08,33.56515884399414
2015-05-11,33.244144439697266
2015-05-12,33.13452911376953
2015-05-13,33.197166442871094
2015-05-14,33.52600860595703
2015-05-15,33.78437805175781
2015-05-18,33.43988037109375
2015-05-19,33.49468231201172
2015-05-20,33.4712028503418
2015-05-21,33.353755950927734
2015-05-22,33.46337127685547
2015-05-26,32.930973052978516
2015-05-27,32.93879699707031
2015-05-28,32.50817108154297
2015-05-29,32.19499206542969
2015-06-01,32.06972122192383
2015-06-02,32.19499206542969
2015-06-03,32.03057098388672
2015-06-04,31.545141220092773
2015-06-05,31.40420150756836
2015-06-08,31.39637565612793
2015-06-09,31.208467483520508
2015-06-10,31.66258430480957
2015-06-11,31.505990982055664
2015-06-12,31.505990982055664
2015-06-15,31.153667449951172
2015-06-16,31.1614990234375
2015-06-17,31.349401473999023
2015-06-18,31.63909149169922
2015-06-19,31.36505889892578
2015-06-22,31.819164276123047
2015-06-23,32.13235092163086
2015-06-24,31.90530014038086
2015-06-25,31.795656204223633
2015-06-26,31.495914459228516
2015-06-29,30.793903350830078
2015-06-30,31.251394271850586
2015-07-01,31.22773551940918
2015-07-02,31.377601623535156
2015-07-06,30.502059936523438
2015-07-07,30.044570922851562
2015-07-08,29.011266708374023
2015-07-09,29.57130241394043
2015-07-10,30.32063865661621
2015-07-13,30.525724411010742
2015-07-14,30.580936431884766
2015-07-15,30.233877182006836
2015-07-16,30.612491607666016
2015-07-17,30.57304573059082
2015-07-20,30.37584686279297
2015-07-21,30.383739471435547
2015-07-22,29.949920654296875
2015-07-23,29.658063888549805
2015-07-24,29.232133865356445
2015-07-27,28.67997932434082
2015-07-28,28.97182846069336
2015-07-29,29.25578498840332
2015-07-30,28.96394157409668
2015-07-31,29.279460906982422
2015-08-03,28.7904109954834
2015-08-04,28.892953872680664
2015-08-05,28.900842666625977
2015-08-06,28.648433685302734
2015-08-07,28.63265609741211
2015-08-10,29.113813400268555
2015-08-11,28.47490692138672
2015-08-12,28.03318214416504
2015-08-13,27.98585319519043
2015-08-14,28.02529525756836
2015-08-17,27.71767234802246
2015-08-18,27.417932510375977
2015-08-19,27.078760147094727
2015-08-20,26.6528263092041
2015-08-21,25.832494735717773
2015-08-24,24.70453643798828
2015-08-25,25.020050048828125
2015-08-26,25.848262786865234
2015-08-27,26.99199676513672
2015-08-28,26.644929885864258
2015-08-31,26.6922607421875
2015-09-01,25.658958435058594
2015-09-02,26.02968406677246
2015-09-03,26.132221221923828
2015-09-04,25.351337432861328
2015-09-08,26.155893325805664
2015-09-09,26.021799087524414
2015-09-10,26.289979934692383
2015-09-11,26.39252471923828
2015-09-14,26.35308837890625
2015-09-15,26.605493545532227
2015-09-16,27.25229263305664
2015-09-17,27.18918800354004
2015-09-18,26.684375762939453
2015-09-21,26.63704490661621
2015-09-22,26.140113830566406
2015-09-23,25.722061157226562
2015-09-24,25.611635208129883
2015-09-25,25.556421279907227
2015-09-28,25.012161254882812
2015-09-29,25.13047981262207
2015-09-30,25.856157302856445
2015-10-01,25.998140335083008
2015-10-02,26.6922607421875
2015-10-05,27.2680721282959
2015-10-06,27.220745086669922
2015-10-07,27.94641876220703
2015-10-08,28.24615478515625
2015-10-09,28.348695755004883
2015-10-12,28.135726928710938
2015-10-13,27.67823600769043
2015-10-14,27.891206741333008
2015-10-15,28.56955909729004
2015-10-16,28.593212127685547
2015-10-19,28.301366806030273
2015-10-20,28.293479919433594
2015-10-21,27.883312225341797
2015-10-22,28.459123611450195
2015-10-23,28.62476348876953
2015-10-26,28.364469528198242
2015-10-27,28.04106903076172
2015-10-28,27.71767234802246
2015-10-29,27.457378387451172
2015-10-30,27.504697799682617
2015-11-02,28.04895782470703
2015-11-03,28.419689178466797
2015-11-04,28.19093894958496
2015-11-05,28.23826026916504
2015-11-06,27.8438777923584
2015-11-09,27.149742126464844
2015-11-10,27.031435012817383
2015-11-11,27.086654663085938
2015-11-12,26.82634735107422
2015-11-13,26.455629348754883
2015-11-16,26.96833038330078
2015-11-17,26.88945198059082
2015-11-18,27.181303024291992
2015-11-19,27.425823211669922
2015-11-20,27.701889038085938
2015-11-23,27.441598892211914
2015-11-24,27.583576202392578
2015-11-25,27.3706111907959
2015-11-27,26.771137237548828
2015-11-30,26.810583114624023
2015-12-01,27.015661239624023
2015-12-02,26.6922607421875
2015-12-03,26.542390823364258
2015-12-04,26.723812103271484
2015-12-07,26.282093048095703
2015-12-08,25.99024772644043
2015-12-09,25.777278900146484
2015-12-10,25.603744506835938
2015-12-11,24.885957717895508
2015-12-14,25.28823471069336
2015-12-15,25.674734115600586
2015-12-16,26.179550170898438
2015-12-17,25.840373992919922
2015-12-18,25.753618240356445
2015-12-21,25.954683303833008
2015-12-22,26.162961959838867
2015-12-23,26.531448364257812
2015-12-24,26.43532371520996
2015-12-28,26.251073837280273
2015-12-29,26.275114059448242
2015-12-30,25.866565704345703
2015-12-31,25.786457061767578
2016-01-04,25.081514358520508
2016-01-05,25.137588500976562
2016-01-06,24.656951904296875
2016-01-07,23.895931243896484
2016-01-08,23.63958740234375
2016-01-11,23.63157844543457
2016-01-12,23.679643630981445
2016-01-13,23.431310653686523
2016-01-14,23.735715866088867
2016-01-15,22.798463821411133
2016-01-19,23.134912490844727
2016-01-20,22.630239486694336
2016-01-21,22.718358993530273
2016-01-22,23.49539566040039
2016-01-25,23.094858169555664
2016-01-26,23.431310653686523
2016-01-27,23.351205825805664
2016-01-28,23.719696044921875
2016-01-29,24.488725662231445
2016-02-01,24.256412506103516
2016-02-02,23.471363067626953
2016-02-03,24.13625144958496
2016-02-04,24.320499420166016
2016-02-05,24.040124893188477
2016-02-08,23.711687088012695
2016-02-09,23.38324546813965
2016-02-10,23.4793758392334
2016-02-11,23.08684730529785
2016-02-12,23.487384796142578
2016-02-16,24.008079528808594
2016-02-17,24.480710983276367
2016-02-18,24.336515426635742
2016-02-19,24.22437286376953
2016-02-22,24.825170516967773
2016-02-23,24.296464920043945
2016-02-24,24.24039077758789
2016-02-25,24.320499420166016
2016-02-26,24.080175399780273
2016-02-29,24.2884521484375
2016-03-01,25.15361213684082
2016-03-02,25.490062713623047
2016-03-03,25.778446197509766
2016-03-04,26.29113006591797
2016-03-07,26.251073837280273
2016-03-08,25.802478790283203
2016-03-09,25.962692260742188
2016-03-10,26.002742767333984
2016-03-11,26.547473907470703
2016-03-14,26.387258529663086
2016-03-15,26.010759353637695
2016-03-16,26.531448364257812
2016-03-17,27.116235733032227
2016-03-18,27.260425567626953
2016-03-21,27.316495895385742
2016-03-22,27.25241470336914
2016-03-23,26.787792205810547
2016-03-24,26.723712921142578
2016-03-28,26.811830520629883
2016-03-29,27.18031883239746
2016-03-30,27.460689544677734
2016-03-31,27.436664581298828
2016-04-01,27.356552124023438
2016-04-04,27.028114318847656
2016-04-05,26.499414443969727
2016-04-06,26.819839477539062
2016-04-07,26.283119201660156
2016-04-08,26.739730834960938
2016-04-11,27.084190368652344
2016-04-12,27.500747680664062
2016-04-13,27.989398956298828
2016-04-14,27.85321807861328
2016-04-15,27.693008422851562
2016-04-18,27.82117462158203
2016-04-19,28.245744705200195
2016-04-20,28.117570877075195
2016-04-21,27.837196350097656
2016-04-22,27.668970108032227
2016-04-25,27.49273681640625
2016-04-26,27.789133071899414
2016-04-27,27.95736312866211
2016-04-28,27.668970108032227
2016-04-29,27.54882049560547
2016-05-02,27.476713180541992
2016-05-03,26.699674606323242
2016-05-04,26.26709747314453
2016-05-05,26.259090423583984
2016-05-06,26.29913902282715
2016-05-09,25.962692260742188
2016-05-10,26.4593563079834
2016-05-11,26.39527130126953
2016-05-12,26.323179244995117
2016-05-13,25.850540161132812
2016-05-16,26.162961959838867
2016-05-17,26.042797088623047
2016-05-18,25.786457061767578
2016-05-19,25.5461368560791
2016-05-20,25.802478790283203
2016-05-23,25.754417419433594
2016-05-24,26.01876449584961
2016-05-25,26.331186294555664
2016-05-26,26.507423400878906
2016-05-27,26.499414443969727
2016-05-31,26.531448364257812
2016-06-01,26.515432357788086
2016-06-02,26.731718063354492
2016-06-03,27.140268325805664
2016-06-06,27.42864990234375
2016-06-07,27.67698097229004
2016-06-08,27.87725067138672
2016-06-09,27.556825637817383
2016-06-10,26.859886169433594
2016-06-13,26.48339080810547
2016-06-14,26.39527130126953
2016-06-15,26.675642013549805
2016-06-16,26.579517364501953
2016-06-17,26.6516170501709
2016-06-20,27.12424659729004
2016-06-21,27.33251953125
2016-06-22,27.40195655822754
2016-06-23,28.06399154663086
2016-06-24,26.36046028137207
2016-06-27,26.021360397338867
2016-06-28,26.788358688354492
2016-06-29,27.466543197631836
2016-06-30,27.741052627563477
2016-07-01,28.00748062133789
2016-07-05,27.410030364990234
2016-07-06,27.337369918823242
2016-07-07,27.26470375061035
2016-07-08,27.854080200195312
2016-07-11,28.120513916015625
2016-07-12,28.51612091064453
2016-07-13,28.467679977416992
2016-07-14,28.879430770874023
2016-07-15,28.814844131469727
2016-07-18,29.073200225830078
2016-07-19,28.77447509765625
2016-07-20,28.919797897338867
2016-07-21,28.830991744995117
2016-07-22,29.04090690612793
2016-07-25,28.750255584716797
2016-07-26,28.9763126373291
2016-07-27,29.073200225830078
2016-07-28,29.081275939941406
2016-07-29,29.23467445373535
2016-08-01,29.17815399169922
2016-08-02,28.968242645263672
2016-08-03,29.065128326416016
2016-08-04,29.226594924926758
2016-08-05,29.565696716308594
2016-08-08,29.775602340698242
2016-08-09,29.977449417114258
2016-08-10,29.985525131225586
2016-08-11,30.3730525970459
2016-08-12,30.260025024414062
2016-08-15,30.574901580810547
2016-08-16,30.437646865844727
2016-08-17,30.243881225585938
2016-08-18,30.526458740234375
2016-08-19,30.356908798217773
2016-08-22,29.95322608947754
2016-08-23,29.832122802734375
2016-08-24,29.91285514831543
2016-08-25,29.93708038330078
2016-08-26,29.678722381591797
2016-08-29,29.904783248901367
2016-08-30,29.82404899597168
2016-08-31,29.493026733398438
2016-09-01,29.719099044799805
2016-09-02,30.203514099121094
2016-09-06,30.849407196044922
2016-09-07,30.75252342224121
2016-09-08,30.671783447265625
2016-09-09,29.638357162475586
2016-09-12,29.84019660949707
2016-09-13,29.089351654052734
2016-09-14,29.17815399169922
2016-09-15,29.678722381591797
2016-09-16,29.476882934570312
2016-09-19,29.71101951599121
2016-09-20,29.7271671295166
2016-09-21,30.558740615844727
2016-09-22,30.776737213134766
2016-09-23,30.381134033203125
2016-09-26,29.93708038330078
2016-09-27,30.364986419677734
2016-09-28,30.639490127563477
2016-09-29,30.10662841796875
2016-09-30,30.235807418823242
2016-10-03,30.445724487304688
2016-10-04,30.10662841796875
2016-10-05,30.542606353759766
2016-10-06,30.566823959350586
2016-10-07,30.4295711517334
2016-10-10,30.760591506958008
2016-10-11,30.05011558532715
2016-10-12,29.99359893798828
2016-10-13,29.7271671295166
2016-10-14,29.775602340698242
2016-10-17,29.74331283569336
2016-10-18,30.26810073852539
2016-10-19,30.453794479370117
2016-10-20,30.364986419677734
2016-10-21,30.356908798217773
2016-10-24,30.4860897064209
2016-10-25,30.518383026123047
2016-10-26,30.1954402923584
2016-10-27,29.93708038330078
2016-10-28,29.81597328186035
2016-10-31,29.985525131225586
2016-11-01,29.74331283569336
2016-11-02,29.388071060180664
2016-11-03,29.307336807250977
2016-11-04,29.00861167907715
2016-11-07,30.058191299438477
2016-11-08,30.251951217651367
2016-11-09,29.266963958740234
2016-11-10,28.435380935668945
2016-11-11,27.894447326660156
2016-11-14,27.69260597229004
2016-11-15,28.249691009521484
2016-11-16,28.015554428100586
2016-11-17,28.05592155456543
2016-11-18,27.926742553710938
2016-11-21,28.201248168945312
2016-11-22,28.629146575927734
2016-11-23,28.322359085083008
2016-11-25,28.459604263305664
2016-11-28,28.572635650634766
2016-11-29,28.613004684448242
2016-11-30,28.661439895629883
2016-12-01,28.322359085083008
2016-12-02,28.354639053344727
2016-12-05,28.588783264160156
2016-12-06,28.7421817779541
2016-12-07,29.226594924926758
2016-12-08,29.355777740478516
2016-12-09,29.202373504638672
2016-12-12,29.00861167907715
2016-12-13,29.33155632019043
2016-12-14,28.459604263305664
2016-12-15,28.508054733276367
2016-12-16,28.37887191772461
2016-12-19,28.185100555419922
2016-12-20,28.2819881439209
2016-12-21,28.16439437866211
2016-12-22,27.82958984375
2016-12-23,27.992904663085938
2016-12-27,28.115398406982422
2016-12-28,28.327713012695312
2016-12-29,28.793174743652344
2016-12-30,28.589025497436523
2017-01-03,28.931995391845703
2017-01-04,29.152475357055664
2017-01-05,29.470947265625
2017-01-06,29.34846305847168
2017-01-09,29.323955535888672
2017-01-10,29.495447158813477
2017-01-11,29.846582412719727
2017-01-12,29.97722816467285
2017-01-13,29.95273780822754
2017-01-17,29.936403274536133
2017-01-18,29.773086547851562
2017-01-19,29.683258056640625
2017-01-20,29.740428924560547
2017-01-23,30.18138313293457
2017-01-24,30.36920928955078
2017-01-25,30.704004287719727
2017-01-26,30.573352813720703
2017-01-27,30.59784698486328
2017-01-30,30.434528350830078
2017-01-31,30.491695404052734
2017-02-01,30.50802230834961
2017-02-02,30.638687133789062
2017-02-03,30.82649803161621
2017-02-06,30.753005981445312
2017-02-07,30.59784698486328
2017-02-08,30.785669326782227
2017-02-09,30.92449188232422
2017-02-10,31.210302352905273
2017-02-13,31.30828857421875
2017-02-14,31.340957641601562
2017-02-15,31.594099044799805
2017-02-16,31.47977066040039
2017-02-17,31.349117279052734
2017-02-21,31.692094802856445
2017-02-22,31.790084838867188
2017-02-23,31.79824447631836
2017-02-24,31.422609329223633
2017-02-27,31.32462501525879
2017-02-28,31.022478103637695
2017-03-01,31.5042724609375
2017-03-02,30.948984146118164
2017-03-03,31.18579864501953
2017-03-06,31.202133178710938
2017-03-07,31.23479652404785
2017-03-08,30.940826416015625
2017-03-09,30.695844650268555
2017-03-10,31.038808822631836
2017-03-13,31.471609115600586
2017-03-14,31.291961669921875
2017-03-15,32.10854721069336
2017-03-16,32.304542541503906
2017-03-17,32.247371673583984
2017-03-20,32.62300109863281
2017-03-21,32.26370620727539
2017-03-22,32.418861389160156
2017-03-23,32.427024841308594
2017-03-24,32.50868225097656
2017-03-27,32.418861389160156
2017-03-28,32.50868225097656
2017-03-29,32.565853118896484
2017-03-30,32.39435958862305
2017-03-31,32.165714263916016
2017-04-03,32.34536361694336
2017-04-04,32.36170196533203
2017-04-05,32.26370620727539
2017-04-06,32.206539154052734
2017-04-07,32.14937973022461
2017-04-10,32.01873016357422
2017-04-11,31.945228576660156
2017-04-12,32.10038757324219
2017-04-13,31.961557388305664
2017-04-17,32.29636764526367
2017-04-18,31.88807487487793
2017-04-19,31.692094802856445
2017-04-20,32.08405685424805
2017-04-21,32.08405685424805
2017-04-24,32.541358947753906
2017-04-25,32.82716369628906
2017-04-26,32.70466613769531
2017-04-27,32.66383743286133
2017-04-28,32.712833404541016
2017-05-01,32.90065002441406
2017-05-02,33.13746643066406
2017-05-03,32.91698455810547
2017-05-04,32.54950714111328
2017-05-05,32.81898498535156
2017-05-08,32.810829162597656
2017-05-09,33.2272834777832
2017-05-10,33.4477653503418
2017-05-11,33.521263122558594
2017-05-12,33.66007995605469
2017-05-15,34.003055572509766
2017-05-16,34.03572463989258
2017-05-17,33.4559440612793
2017-05-18,32.90065002441406
2017-05-19,33.6029167175293
2017-05-22,33.63558578491211
2017-05-23,33.668251037597656
2017-05-24,33.798912048339844
2017-05-25,33.96222686767578
2017-05-26,34.08470916748047
2017-05-30,33.90505599975586
2017-05-31,33.64375305175781
2017-06-01,33.9295654296875
2017-06-02,34.101043701171875
2017-06-05,34.060218811035156
2017-06-06,34.07654571533203
2017-06-07,34.03572463989258
2017-06-08,34.23988342285156
2017-06-09,33.97856140136719
2017-06-12,33.798912048339844
2017-06-13,33.96222686767578
2017-06-14,33.95405578613281
2017-06-15,33.6029167175293
2017-06-16,33.66007995605469
2017-06-19,33.99489212036133
2017-06-20,33.619163513183594
2017-06-21,33.692989349365234
2017-06-22,33.86526870727539
2017-06-23,34.04575729370117
2017-06-26,34.373905181884766
2017-06-27,33.971923828125
2017-06-28,34.23443603515625
2017-06-29,33.79963302612305
2017-06-30,33.95551300048828
2017-07-03,34.15239715576172
2017-07-05,34.0867805480957
2017-07-06,33.67658233642578
2017-07-07,33.742210388183594
2017-07-10,34.06216049194336
2017-07-11,34.341087341308594
2017-07-12,35.005592346191406
2017-07-13,35.17787551879883
2017-07-14,35.62088394165039
2017-07-17,35.456809997558594
2017-07-18,35.563446044921875
2017-07-19,35.85878372192383
2017-07-20,35.817771911621094
2017-07-21,35.79316329956055
2017-07-24,35.89980697631836
2017-07-25,35.809574127197266
2017-07-26,36.10491180419922
2017-07-27,35.908016204833984
2017-07-28,35.89161682128906
2017-07-31,35.93262481689453
2017-08-01,36.039283752441406
2017-08-02,36.072086334228516
2017-08-03,35.92442321777344
2017-08-04,36.05569076538086
2017-08-07,36.30179977416992
2017-08-08,36.310001373291016
2017-08-09,35.98185348510742
2017-08-10,35.128658294677734
2017-08-11,35.210689544677734
2017-08-14,35.571659088134766
2017-08-15,35.612674713134766
2017-08-16,35.98185348510742
2017-08-17,35.52243423461914
2017-08-18,35.82598114013672
2017-08-21,35.95724105834961
2017-08-22,36.359222412109375
2017-08-23,36.5315055847168
2017-08-24,36.64635467529297
2017-08-25,36.85965347290039
2017-08-28,36.7283935546875
2017-08-29,36.66276550292969
2017-08-30,36.720191955566406
2017-08-31,36.77762985229492
2017-09-01,37.04833984375
2017-09-05,36.56431198120117
2017-09-06,36.80222702026367
2017-09-07,37.07295608520508
2017-09-08,36.82683563232422
2017-09-11,37.31907272338867
2017-09-12,37.27804183959961
2017-09-13,37.081153869628906
2017-09-14,37.17960739135742
2017-09-15,37.40110778808594
2017-09-18,37.532371520996094
2017-09-19,37.61440658569336
2017-09-20,37.44212341308594
2017-09-21,37.44212341308594
2017-09-22,37.22882843017578
2017-09-25,36.59714126586914
2017-09-26,36.498687744140625
2017-09-27,36.36743927001953
2017-09-28,36.342811584472656
2017-09-29,36.76121139526367
2017-10-02,36.769412994384766
2017-10-03,37.35188674926758
2017-10-04,37.34367752075195
2017-10-05,37.62261199951172
2017-10-06,37.43391799926758
2017-10-09,37.4093132019043
2017-10-10,37.77848815917969
2017-10-11,37.95076370239258
2017-10-12,37.93435287475586
2017-10-13,38.27891159057617
2017-10-16,38.254310607910156
2017-10-17,38.057411193847656
2017-10-18,38.14765167236328
2017-10-19,37.81129455566406
2017-10-20,37.95076370239258
2017-10-23,37.647220611572266
2017-10-24,37.647220611572266
2017-10-25,37.565181732177734
2017-10-26,37.31086349487305
2017-10-27,37.85231018066406
2017-10-30,37.61440658569336
2017-10-31,37.9671630859375
2017-11-01,38.164066314697266
2017-11-02,38.21328353881836
2017-11-03,38.01638412475586
2017-11-06,38.44298553466797
2017-11-07,38.196876525878906
2017-11-08,38.37736129760742
2017-11-09,38.13945388793945
2017-11-10,37.975364685058594
2017-11-13,37.893333435058594
2017-11-14,37.63901901245117
2017-11-15,37.44212341308594
2017-11-16,38.22148513793945
2017-11-17,38.410179138183594
2017-11-20,38.60707092285156
2017-11-21,39.1239013671875
2017-11-22,39.222354888916016
2017-11-24,39.140316009521484
2017-11-27,38.56604766845703
2017-11-28,38.853179931640625
2017-11-29,38.23789596557617
2017-11-30,37.819496154785156
2017-12-01,37.606197357177734
2017-12-04,37.68003845214844
2017-12-05,37.65542221069336
2017-12-06,37.146785736083984
2017-12-07,37.253440856933594
2017-12-08,37.6882438659668
2017-12-11,37.87692642211914
2017-12-12,37.62261199951172
2017-12-13,38.073814392089844
2017-12-14,37.794883728027344
2017-12-15,37.87692642211914
2017-12-18,38.303524017333984
2017-12-19,38.10115051269531
2017-12-20,38.151119232177734
2017-12-21,38.40096664428711
2017-12-22,38.72576141357422
2017-12-26,38.69244384765625
2017-12-27,38.792388916015625
2017-12-28,39.05888748168945
2017-12-29,39.242103576660156
2018-01-02,39.983299255371094
2018-01-03,40.366390228271484
2018-01-04,40.5662727355957
2018-01-05,40.91604995727539
2018-01-08,40.91604995727539
2018-01-09,40.84942626953125
2018-01-10,40.59125900268555
2018-01-11,40.84109878540039
2018-01-12,41.232521057128906
2018-01-16,41.07428741455078
2018-01-17,41.6156120300293
2018-01-18,41.66558837890625
2018-01-19,42.00703430175781
2018-01-22,42.2485466003418
2018-01-23,42.448429107666016
2018-01-24,42.80653762817383
2018-01-25,42.781558990478516
2018-01-26,43.37285614013672
2018-01-29,42.71493148803711
2018-01-30,42.13196563720703
2018-01-31,42.498390197753906
2018-02-01,41.92375946044922
2018-02-02,40.84942626953125
2018-02-05,39.41699981689453
2018-02-06,40.699520111083984
2018-02-07,39.41699981689453
2018-02-08,38.05118179321289
2018-02-09,38.65913009643555
2018-02-12,39.26708984375
2018-02-13,39.566890716552734
2018-02-14,40.55794906616211
2018-02-15,41.3907585144043
2018-02-16,41.25750732421875
2018-02-20,40.691192626953125
2018-02-21,40.65787887573242
2018-02-22,40.682865142822266
2018-02-23,41.40740966796875
2018-02-26,41.79050827026367
2018-02-27,40.57460403442383
2018-02-28,39.99163818359375
2018-03-01,39.91667938232422
2018-03-02,40.08324432373047
2018-03-05,40.141536712646484
2018-03-06,40.51630783081055
2018-03-07,40.55794906616211
2018-03-08,40.5662727355957
2018-03-09,41.432395935058594
2018-03-12,41.53233337402344
2018-03-13,41.15755844116211
2018-03-14,41.22418975830078
2018-03-15,41.07428741455078
2018-03-16,40.98268127441406
2018-03-19,40.541290283203125
2018-03-20,40.991004943847656
2018-03-21,41.232521057128906
2018-03-22,39.8583869934082
2018-03-23,39.050559997558594
2018-03-26,40.316429138183594
2018-03-27,39.58355712890625
2018-03-28,39.38368606567383
2018-03-29,40.20815658569336
2018-04-02,39.48362350463867
2018-04-03,39.875038146972656
2018-04-04,39.891693115234375
2018-04-05,39.99163818359375
2018-04-06,39.20879364013672
2018-04-09,39.25043869018555
2018-04-10,40.01660919189453
2018-04-11,40.033267974853516
2018-04-12,40.01660919189453
2018-04-13,39.61686706542969
2018-04-16,39.66684341430664
2018-04-17,39.75011444091797
2018-04-18,40.09157180786133
2018-04-19,39.8583869934082
2018-04-20,39.35869216918945
2018-04-23,39.042232513427734
2018-04-24,38.8590087890625
2018-04-25,38.55919647216797
2018-04-26,39.11717987060547
2018-04-27,39.35869216918945
2018-04-30,39.075538635253906
2018-05-01,38.883995056152344
2018-05-02,38.57585906982422
2018-05-03,38.49256896972656
2018-05-04,38.6674690246582
2018-05-07,38.442596435546875
2018-05-08,38.65913009643555
2018-05-09,38.73408889770508
2018-05-10,39.54191589355469
2018-05-11,39.47529220581055
2018-05-14,39.52526092529297
2018-05-15,38.7091064453125
2018-05-16,39.29207229614258
2018-05-17,38.69244384765625
2018-05-18,38.36764907836914
2018-05-21,38.600826263427734
2018-05-22,38.73408889770508
2018-05-23,38.717437744140625
2018-05-24,38.50922775268555
2018-05-25,38.6674690246582
2018-05-29,37.76802444458008
2018-05-30,38.06783676147461
2018-05-31,38.05118179321289
2018-06-01,38.58418273925781
2018-06-04,38.97560119628906
2018-06-05,38.675785064697266
2018-06-06,39.258758544921875
2018-06-07,38.65913009643555
2018-06-08,38.58418273925781
2018-06-11,38.58418273925781
2018-06-12,38.48424530029297
2018-06-13,38.22606658935547
2018-06-14,37.9679069519043
2018-06-15,37.6680908203125
2018-06-18,37.210044860839844
2018-06-19,36.799293518066406
2018-06-20,36.95856475830078
2018-06-21,36.438846588134766
2018-06-22,36.81606674194336
2018-06-25,36.321495056152344
2018-06-26,36.178993225097656
2018-06-27,35.483238220214844
2018-06-28,35.78500747680664
2018-06-29,36.321495056152344
2018-07-02,35.96104431152344
2018-07-03,35.98619079589844
2018-07-05,35.89398193359375
2018-07-06,36.388545989990234
2018-07-09,37.04239273071289
2018-07-10,36.95856475830078
2018-07-11,36.237667083740234
2018-07-12,36.73224639892578
2018-07-13,36.757381439208984
2018-07-16,36.556209564208984
2018-07-17,36.824440002441406
2018-07-18,36.78253173828125
2018-07-19,36.32987594604492
2018-07-20,36.84959411621094
2018-07-23,36.60649871826172
2018-07-24,37.142982482910156
2018-07-25,37.746524810791016
2018-07-26,37.327396392822266
2018-07-27,37.461509704589844
2018-07-30,37.402835845947266
2018-07-31,37.6040153503418
2018-08-01,37.268714904785156
2018-08-02,36.77414321899414
2018-08-03,37.05915451049805
2018-08-06,36.77414321899414
2018-08-07,37.1513671875
2018-08-08,37.10105895996094
2018-08-09,36.99209976196289
2018-08-10,36.20413589477539
2018-08-13,35.608978271484375
2018-08-14,35.82692337036133
2018-08-15,34.79587173461914
2018-08-16,35.013824462890625
2018-08-17,35.38264846801758
2018-08-20,35.54191207885742
2018-08-21,35.99457550048828
2018-08-22,36.279579162597656
2018-08-23,35.69281005859375
2018-08-24,36.35502624511719
2018-08-27,36.8747444152832
2018-08-28,36.7406120300293
2018-08-29,36.96694564819336
2018-08-30,36.002952575683594
2018-08-31,36.1873664855957
2018-09-04,35.483238220214844
2018-09-05,34.9719123840332
2018-09-06,35.005428314208984
2018-09-07,34.82939910888672
2018-09-10,34.485713958740234
2018-09-11,34.56116485595703
2018-09-12,34.73719787597656
2018-09-13,35.206626892089844
2018-09-14,35.1730842590332
2018-09-17,34.85455322265625
2018-09-18,35.18984603881836
2018-09-19,35.67603302001953
2018-09-20,36.07001495361328
2018-09-21,36.237667083740234
2018-09-24,35.82692337036133
2018-09-25,35.96942901611328
2018-09-26,36.04486846923828
2018-09-27,36.22089767456055
2018-09-28,35.97780227661133
2018-10-01,35.98619079589844
2018-10-02,35.53353500366211
2018-10-03,35.24014663696289
2018-10-04,34.359981536865234
2018-10-05,34.23423767089844
2018-10-08,34.28453826904297
2018-10-09,34.15879821777344
2018-10-10,33.14451217651367
2018-10-11,32.809207916259766
2018-10-12,33.7732048034668
2018-10-15,33.41275405883789
2018-10-16,34.25101089477539
2018-10-17,33.831886291503906
2018-10-18,32.943336486816406
2018-10-19,33.25349044799805
2018-10-22,33.61393737792969
2018-10-23,33.24509811401367
2018-10-24,32.172142028808594
2018-10-25,32.79244613647461
2018-10-26,32.41523361206055
2018-10-29,31.85361099243164
2018-10-30,32.47391128540039
2018-10-31,32.82597732543945
2018-11-01,33.99953079223633
2018-11-02,34.21747589111328
2018-11-05,34.3096809387207
2018-11-06,34.25101089477539
2018-11-07,34.896461486816406
2018-11-08,33.99114990234375
2018-11-09,33.36245346069336
2018-11-12,32.89304733276367
2018-11-13,33.27024841308594
2018-11-14,33.471431732177734
2018-11-15,34.21747589111328
2018-11-16,34.28453826904297
2018-11-19,33.82349395751953
2018-11-20,33.094215393066406
2018-11-21,33.70614242553711
2018-11-23,33.31216812133789
2018-11-26,33.722900390625
2018-11-27,33.95761489868164
2018-11-28,34.770721435546875
2018-11-29,34.46895217895508
2018-11-30,34.4354248046875
2018-12-03,35.13117218017578
2018-12-04,34.385128021240234
2018-12-06,34.06658935546875
2018-12-07,33.42952346801758
2018-12-10,33.07744598388672
2018-12-11,33.32892990112305
2018-12-12,33.87379455566406
2018-12-13,33.865413665771484
2018-12-14,33.38760757446289
2018-12-17,33.07744598388672
2018-12-18,33.30207443237305
2018-12-19,32.74903106689453
2018-12-20,33.00428009033203
2018-12-21,32.77455520629883
2018-12-24,32.4682502746582
2018-12-26,33.11488342285156
2018-12-27,33.072349548339844
2018-12-28,33.38716506958008
2018-12-31,33.23401641845703
2019-01-02,33.319091796875
2019-01-03,32.714996337890625
2019-01-04,33.77003860473633
2019-01-07,33.84660720825195
2019-01-08,33.9742431640625
2019-01-09,34.578338623046875
2019-01-10,34.82508850097656
2019-01-11,34.65492248535156
2019-01-14,34.365631103515625
2019-01-15,34.6038703918457
2019-01-16,35.029293060302734
2019-01-17,35.182437896728516
2019-01-18,35.35261917114258
2019-01-22,34.74000930786133
2019-01-23,35.097354888916016
2019-01-24,35.43769073486328
2019-01-25,35.905670166015625
2019-01-28,35.531280517578125
2019-01-29,35.590850830078125
2019-01-30,36.36511993408203
2019-01-31,36.67142105102539
2019-02-01,36.38212966918945
2019-02-04,36.44169616699219
2019-02-05,36.943695068359375
2019-02-06,36.44169616699219
2019-02-07,36.07582473754883
2019-02-08,35.87163162231445
2019-02-11,35.75251007080078
2019-02-12,36.0503044128418
2019-02-13,35.79505920410156
2019-02-14,35.863121032714844
2019-02-15,35.81207275390625
2019-02-19,36.09284973144531
2019-02-20,36.29705047607422
2019-02-21,36.22047805786133
2019-02-22,36.6203727722168
2019-02-25,37.02877426147461
2019-02-26,36.90115737915039
2019-02-27,36.58634567260742
2019-02-28,36.109859466552734
2019-03-01,36.152408599853516
2019-03-04,36.20345687866211
2019-03-05,36.560821533203125
2019-03-06,36.35660934448242
2019-03-07,35.684452056884766
2019-03-08,35.42919158935547
2019-03-11,36.09284973144531
2019-03-12,36.28003692626953
2019-03-13,36.322574615478516
2019-03-14,36.126888275146484
2019-03-15,36.65440368652344
2019-03-18,37.06281661987305
2019-03-19,37.079833984375
2019-03-20,37.13938903808594
2019-03-21,37.19043731689453
2019-03-22,36.10135269165039
2019-03-25,36.186439514160156
2019-03-26,36.29705047607422
2019-03-27,35.905670166015625
2019-03-28,36.14390182495117
2019-03-29,36.51826858520508
2019-04-01,37.12237548828125
2019-04-02,37.003257751464844
2019-04-03,37.25850296020508
2019-04-04,37.48823928833008
2019-04-05,37.77752685546875
2019-04-08,37.77752685546875
2019-04-09,37.70094680786133
2019-04-10,37.87961959838867
2019-04-11,37.471214294433594
2019-04-12,37.743492126464844
2019-04-15,37.547794342041016
2019-04-16,37.828575134277344
2019-04-17,37.939178466796875
2019-04-18,37.91366195678711
2019-04-22,37.66691207885742
2019-04-23,37.751991271972656
2019-04-24,37.24148941040039
2019-04-25,37.19043731689453
2019-04-26,37.3350830078125
2019-04-29,37.411659240722656
2019-04-30,37.377628326416016
2019-05-01,37.096839904785156
2019-05-02,37.18193435668945
2019-05-03,37.624366760253906
2019-05-06,36.850101470947266
2019-05-07,36.126888275146484
2019-05-08,36.07582473754883
2019-05-09,35.505767822265625
2019-05-10,35.718475341796875
2019-05-13,34.52729415893555
2019-05-14,35.01227951049805
2019-05-15,35.08034896850586
2019-05-16,34.91017150878906
2019-05-17,34.280548095703125
2019-05-20,34.13589859008789
2019-05-21,34.569828033447266
2019-05-22,34.39966583251953
2019-05-23,33.95722961425781
2019-05-24,33.99126052856445
2019-05-28,34.110382080078125
2019-05-29,34.331600189208984
2019-05-30,34.51877975463867
2019-05-31,34.637901306152344
2019-06-03,34.952720642089844
2019-06-04,35.029293060302734
2019-06-05,34.74850845336914
2019-06-06,34.765525817871094
2019-06-07,35.03779602050781
2019-06-10,35.403663635253906
2019-06-11,35.803558349609375
2019-06-12,35.42067337036133
2019-06-13,35.36112594604492
2019-06-14,34.96973419189453
2019-06-17,35.10776138305664
2019-06-18,35.95652770996094
2019-06-19,36.256591796875
2019-06-20,36.788143157958984
2019-06-21,36.66810989379883
2019-06-24,36.616661071777344
2019-06-25,36.239444732666016
2019-06-26,36.58237075805664
2019-06-27,36.83958053588867
2019-06-28,36.788143157958984
2019-07-01,37.22537612915039
2019-07-02,37.13106918334961
2019-07-03,37.06248092651367
2019-07-05,36.8052864074707
2019-07-08,36.58237075805664
2019-07-09,36.470924377441406
2019-07-10,36.77956771850586
2019-07-11,36.71097183227539
2019-07-12,36.736690521240234
2019-07-15,36.873863220214844
2019-07-16,36.82242965698242
2019-07-17,36.71097183227539
2019-07-18,36.93387985229492
2019-07-19,36.745269775390625
2019-07-22,36.75383758544922
2019-07-23,36.79670715332031
2019-07-24,36.856719970703125
2019-07-25,36.53093338012695
2019-07-26,36.60810470581055
2019-07-29,36.53950881958008
2019-07-30,36.256591796875
2019-07-31,35.81077575683594
2019-08-01,35.10776138305664
2019-08-02,34.76483154296875
2019-08-05,33.47883605957031
2019-08-06,33.95893478393555
2019-08-07,34.113258361816406
2019-08-08,34.533348083496094
2019-08-09,34.181846618652344
2019-08-12,33.77032470703125
2019-08-13,34.1989860534668
2019-08-14,33.21305465698242
2019-08-15,33.43596649169922
2019-08-16,33.89892578125
2019-08-19,34.036102294921875
2019-08-20,34.10467529296875
2019-08-21,34.43046951293945
2019-08-22,33.98466110229492
2019-08-23,33.47883605957031
2019-08-26,33.65886688232422
2019-08-27,33.71889114379883
2019-08-28,33.81318664550781
2019-08-29,34.1904182434082
2019-08-30,34.45619201660156
2019-09-03,34.241859436035156
2019-09-04,34.81626892089844
2019-09-05,35.21063995361328
2019-09-06,35.36496353149414
2019-09-09,35.47641372680664
2019-09-10,35.50213623046875
2019-09-11,35.750762939453125
2019-09-12,36.00796890258789
2019-09-13,36.213722229003906
2019-09-16,35.93080139160156
2019-09-17,35.93080139160156
2019-09-18,35.78506088256836
2019-09-19,35.639312744140625
2019-09-20,35.67360305786133
2019-09-23,35.70789337158203
2019-09-24,35.330665588378906
2019-09-25,35.30495071411133
2019-09-26,35.2963752746582
2019-09-27,34.84198760986328
2019-09-30,35.039180755615234
2019-10-01,34.79055404663086
2019-10-02,34.524784088134766
2019-10-03,34.970584869384766
2019-10-04,35.12491226196289
2019-10-07,34.83340835571289
2019-10-08,34.58479309082031
2019-10-09,34.85056686401367
2019-10-10,35.21063995361328
2019-10-11,35.776485443115234
2019-10-14,35.62217330932617
2019-10-15,35.93936538696289
2019-10-16,36.04225158691406
2019-10-17,36.179439544677734
2019-10-18,35.99081039428711
2019-10-21,36.31660461425781
2019-10-22,36.342323303222656
2019-10-23,36.350894927978516
2019-10-24,36.350894927978516
2019-10-25,36.60810470581055
2019-10-28,36.82242965698242
2019-10-29,36.633811950683594
2019-10-30,36.79670715332031
2019-10-31,36.505218505859375
2019-11-01,37.05390930175781
2019-11-04,37.42256546020508
2019-11-05,37.63689041137695
2019-11-06,37.516868591308594
2019-11-07,37.791221618652344
2019-11-08,37.44828796386719
2019-11-11,37.18251037597656
2019-11-12,36.94245529174805
2019-11-13,36.6595344543457
2019-11-14,36.68525695800781
2019-11-15,36.97675323486328
2019-11-18,36.9167366027832
2019-11-19,36.99390411376953
2019-11-20,36.83100128173828
2019-11-21,36.75383758544922
2019-11-22,36.75383758544922
2019-11-25,37.12249755859375
2019-11-26,37.01103973388672
2019-11-27,37.05390930175781
2019-11-29,36.470924377441406
2019-12-02,36.46235275268555
2019-12-03,36.27373504638672
2019-12-04,36.548091888427734
2019-12-05,36.71097183227539
2019-12-06,36.92531204223633
2019-12-09,36.77956771850586
2019-12-10,36.908164978027344
2019-12-11,37.44828796386719
2019-12-12,38.09986114501953
2019-12-13,38.08270263671875
2019-12-16,38.40582275390625
2019-12-17,38.75608444213867
2019-12-18,38.96623229980469
2019-12-19,38.98374938964844
2019-12-20,39.062557220458984
2019-12-23,39.11509323120117
2019-12-24,39.02752685546875
2019-12-26,39.3077392578125
2019-12-27,39.46534729003906
2019-12-30,39.20266342163086
2019-12-31,39.29022979736328
2020-01-02,40.08706283569336
2020-01-03,39.3427619934082
2020-01-06,39.24644470214844
2020-01-07,39.22017288208008
2020-01-08,39.447837829589844
2020-01-09,39.710533142089844
2020-01-10,39.92068862915039
2020-01-13,40.54239273071289
2020-01-14,40.314727783203125
2020-01-15,39.99949645996094
2020-01-16,40.2534294128418
2020-01-17,40.481101989746094
2020-01-21,39.45659255981445
2020-01-22,39.780582427978516
2020-01-23,39.36903381347656
2020-01-24,39.053794860839844
2020-01-27,37.70530319213867
2020-01-28,38.02053451538086
2020-01-29,38.20442199707031
2020-01-30,37.63525390625
2020-01-31,36.873443603515625
2020-02-03,37.285003662109375
2020-02-04,38.248207092285156
2020-02-05,38.46711730957031
2020-02-06,38.50214385986328
2020-02-07,37.96800231933594
2020-02-10,38.178157806396484
2020-02-11,38.67727279663086
2020-02-12,39.20266342163086
2020-02-13,38.686031341552734
2020-02-14,38.70354080200195
2020-02-18,38.44960403442383
2020-02-19,38.72980880737305
2020-02-20,38.1256217956543
2020-02-21,37.90670394897461
2020-02-24,36.4881591796875
2020-02-25,36.19919967651367
2020-02-26,36.4881591796875
2020-02-27,35.61251449584961
2020-02-28,35.48116683959961
2020-03-02,36.251731872558594
2020-03-03,36.00654983520508
2020-03-04,36.64577102661133
2020-03-05,35.87520980834961
2020-03-06,35.13966751098633
2020-03-09,32.740394592285156
2020-03-10,34.40412139892578
2020-03-11,32.80168914794922
2020-03-12,29.518020629882812
2020-03-13,31.645835876464844
2020-03-16,27.69667625427246
2020-03-17,29.605581283569336
2020-03-18,27.04869842529297
2020-03-19,27.25885009765625
2020-03-20,27.460250854492188
2020-03-23,26.803516387939453
2020-03-24,28.817501068115234
2020-03-25,29.833250045776367
2020-03-26,30.96283721923828
2020-03-27,29.20278549194336
2020-03-30,29.684389114379883
2020-03-31,29.885793685913086
2020-04-01,28.607341766357422
2020-04-02,29.570556640625
2020-04-03,29.010143280029297
2020-04-06,30.595062255859375
2020-04-07,30.752668380737305
2020-04-08,31.06791114807129
2020-04-09,30.954072952270508
2020-04-13,30.997854232788086
2020-04-14,31.707138061523438
2020-04-15,30.892778396606445
2020-04-16,31.059158325195312
2020-04-17,31.75090980529785
2020-04-20,31.34811782836914
2020-04-21,30.48123550415039
2020-04-22,31.31308937072754
2020-04-23,31.199256896972656
2020-04-24,31.155479431152344
2020-04-27,31.78594398498535
2020-04-28,31.847238540649414
2020-04-29,32.77541732788086
2020-04-30,32.083656311035156
2020-05-01,30.927804946899414
2020-05-04,31.26055335998535
2020-05-05,31.435684204101562
2020-05-06,31.339365005493164
2020-05-07,31.59329605102539
2020-05-08,32.25878143310547
2020-05-11,32.04863357543945
2020-05-12,31.92603874206543
2020-05-13,31.864748001098633
2020-05-14,31.987337112426758
2020-05-15,31.549514770507812
2020-05-18,32.784175872802734
2020-05-19,32.521484375
2020-05-20,32.9505500793457
2020-05-21,32.57402038574219
2020-05-22,31.899765014648438
2020-05-26,32.60029220581055
2020-05-27,32.70536804199219
2020-05-28,32.47770309448242
2020-05-29,33.038116455078125
2020-06-01,33.799922943115234
2020-06-02,34.60551834106445
2020-06-03,35.41111373901367
2020-06-04,34.91199493408203
2020-06-05,35.83142852783203
2020-06-08,36.050331115722656
2020-06-09,35.805152893066406
2020-06-10,36.06784439086914
2020-06-11,34.185203552246094
2020-06-12,34.91199493408203
2020-06-15,34.594932556152344
2020-06-16,34.81511306762695
2020-06-17,35.14979934692383
2020-06-18,35.16740798950195
2020-06-19,35.15859603881836
2020-06-22,35.590152740478516
2020-06-23,35.93363952636719
2020-06-24,35.45804977416992
2020-06-25,35.60777282714844
2020-06-26,35.176212310791016
2020-06-29,35.334739685058594
2020-06-30,35.220252990722656
2020-07-01,35.6165771484375
2020-07-02,36.42684555053711
2020-07-06,37.994537353515625
2020-07-07,37.360416412353516
2020-07-08,38.32921600341797
2020-07-09,38.32921600341797
2020-07-10,38.08261489868164
2020-07-13,37.82719802856445
2020-07-14,37.88003921508789
2020-07-15,37.994537353515625
2020-07-16,37.457298278808594
2020-07-17,37.66867446899414
2020-07-20,38.15306854248047
2020-07-21,38.505367279052734
2020-07-22,38.33802032470703
2020-07-23,38.02976989746094
2020-07-24,37.994537353515625
2020-07-27,38.584625244140625
2020-07-28,38.26755905151367
2020-07-29,38.88407516479492
2020-07-30,38.390865325927734
2020-07-31,38.12664794921875
2020-08-03,38.390865325927734
2020-08-04,38.90168762207031
2020-08-05,39.324432373046875
2020-08-06,39.44773864746094
2020-08-07,38.63746643066406
2020-08-10,38.734344482421875
2020-08-11,38.628658294677734
2020-08-12,39.14830017089844
2020-08-13,39.03378677368164
2020-08-14,38.96333694458008
2020-08-17,39.456539154052734
2020-08-18,39.412513732910156
2020-08-19,38.9281120300293
2020-08-20,38.804805755615234
2020-08-21,38.998565673828125
2020-08-24,39.43012237548828
2020-08-25,39.826454162597656
2020-08-26,39.932132720947266
2020-08-27,39.59746170043945
2020-08-28,40.11708450317383
2020-08-31,39.22755813598633
2020-09-01,39.896907806396484
2020-09-02,39.79121780395508
2020-09-03,39.03378677368164
2020-09-04,39.05141067504883
2020-09-08,38.37324905395508
2020-09-09,38.94572830200195
2020-09-10,38.320411682128906
2020-09-11,38.69031524658203
2020-09-14,39.31563186645508
2020-09-15,39.72956848144531
2020-09-16,39.676727294921875
2020-09-17,39.518192291259766
2020-09-18,39.20994186401367
2020-09-21,38.84884262084961
2020-09-22,38.55820083618164
2020-09-23,37.95930862426758
2020-09-24,37.78316116333008
2020-09-25,37.81838607788086
2020-09-28,38.24114227294922
2020-09-29,38.2147216796875
2020-09-30,38.83122634887695
2020-10-01,39.19232940673828
2020-10-02,38.74315643310547
2020-10-05,39.262786865234375
2020-10-06,39.333248138427734
2020-10-07,39.764801025390625
2020-10-08,40.090667724609375
2020-10-09,40.36369323730469
2020-10-12,40.71598434448242
2020-10-13,40.54864501953125
2020-10-14,40.27561950683594
2020-10-15,39.984981536865234
2020-10-16,40.12590026855469
2020-10-19,40.01140213012695
2020-10-20,40.4517707824707
2020-10-21,40.56626892089844
2020-10-22,40.557456970214844
2020-10-23,40.79524612426758
2020-10-26,40.26681137084961
2020-10-27,40.44295883178711
2020-10-28,39.43012237548828
2020-10-29,39.826454162597656
2020-10-30,39.37727737426758
2020-11-02,39.87928771972656
2020-11-03,40.05543518066406
2020-11-04,41.314876556396484
2020-11-05,42.01945495605469
2020-11-06,42.21321487426758
2020-11-09,42.50385284423828
2020-11-10,42.01945495605469
2020-11-11,42.29248809814453
2020-11-12,41.975425720214844
2020-11-13,42.56550979614258
2020-11-16,43.09394073486328
2020-11-17,43.0499153137207
2020-11-18,42.90018081665039
2020-11-19,42.970645904541016
2020-11-20,43.20844268798828
2020-11-23,43.322933197021484
2020-11-24,43.904212951660156
2020-11-25,43.65760803222656
2020-11-27,44.071556091308594
2020-11-30,42.91779708862305
2020-12-01,43.76329803466797
2020-12-02,43.8249397277832
2020-12-03,44.326969146728516
2020-12-04,44.784934997558594
2020-12-07,44.784934997558594
2020-12-08,44.802555084228516
2020-12-09,44.415035247802734
2020-12-10,44.98750686645508
2020-12-11,44.67044448852539
2020-12-14,44.43819808959961
2020-12-15,44.918701171875
2020-12-16,45.132266998291016
2020-12-17,45.42591094970703
2020-12-18,45.37252426147461
2020-12-21,44.70515441894531
2020-12-22,44.349220275878906
2020-12-23,44.80302429199219
2020-12-24,44.60726547241211
2020-12-28,44.73184585571289
2020-12-29,45.39921569824219
2020-12-30,46.004302978515625
2020-12-31,45.977603912353516
2021-01-04,46.27125930786133
2021-01-05,47.383544921875
2021-01-06,46.983116149902344
2021-01-07,47.428035736083984
2021-01-08,48.682701110839844
2021-01-11,48.02421569824219
2021-01-12,48.49583053588867
2021-01-13,48.60260772705078
2021-01-14,49.056427001953125
2021-01-15,48.36235809326172
2021-01-19,49.163211822509766
2021-01-20,50.02634048461914
2021-01-21,50.115325927734375
2021-01-22,49.6793098449707
2021-01-25,50.053035736083984
2021-01-26,49.68820571899414
2021-01-27,48.308963775634766
2021-01-28,48.6471061706543
2021-01-29,47.43693542480469
2021-02-01,48.718284606933594
2021-02-02,49.35007095336914
2021-02-03,49.59922790527344
2021-02-04,49.61701583862305
2021-02-05,50.044132232666016
2021-02-08,50.13311767578125
2021-02-09,50.667015075683594
2021-02-10,50.84498596191406
2021-02-11,51.387786865234375
2021-02-12,51.432281494140625
2021-02-16,51.55685043334961
2021-02-17,51.57465744018555
2021-02-18,50.8627815246582
2021-02-19,51.1920166015625
2021-02-22,49.68820571899414
2021-02-23,49.910667419433594
2021-02-24,49.59032440185547
2021-02-25,48.46023178100586
2021-02-26,47.81065368652344
2021-03-01,49.092018127441406
2021-03-02,48.611507415771484
2021-03-03,48.51362609863281
2021-03-04,47.383544921875
2021-03-05,47.8996467590332
2021-03-08,46.6093864440918
2021-03-09,47.632694244384766
2021-03-10,47.41914367675781
2021-03-11,48.914058685302734
2021-03-12,48.042015075683594
2021-03-15,48.157691955566406
2021-03-16,48.36235809326172
2021-03-17,48.424644470214844
2021-03-18,47.53481674194336
2021-03-19,48.12210464477539
2021-03-22,47.9797248840332
2021-03-23,47.063201904296875
2021-03-24,45.98650360107422
2021-03-25,46.20006561279297
2021-03-26,47.40134048461914
2021-03-29,47.07210159301758
2021-03-30,47.22336196899414
2021-03-31,47.463623046875
2021-04-01,47.92634201049805
2021-04-05,48.11320114135742
2021-04-06,48.38015365600586
2021-04-07,47.66828536987305
2021-04-08,48.05980682373047
2021-04-09,47.65049362182617
2021-04-12,47.36574172973633
2021-04-13,47.56151580810547
2021-04-14,47.801761627197266
2021-04-15,48.23777770996094
2021-04-16,48.36235809326172
2021-04-19,48.184391021728516
2021-04-20,47.79286575317383
2021-04-21,48.08651351928711
2021-04-22,47.917442321777344
2021-04-23,48.611507415771484
2021-04-26,48.673797607421875
2021-04-27,48.6471061706543
2021-04-28,49.011932373046875
2021-04-29,48.89625549316406
2021-04-30,48.03311538696289
2021-05-03,48.03311538696289
2021-05-04,47.490318298339844
2021-05-05,47.7127799987793
2021-05-06,48.166595458984375
2021-05-07,48.66490173339844
2021-05-10,47.79286575317383
2021-05-11,47.659385681152344
2021-05-12,46.342437744140625
2021-05-13,46.2801513671875
2021-05-14,47.11659240722656
2021-05-17,47.07210159301758
2021-05-18,47.703880310058594
2021-05-19,47.56151580810547
2021-05-20,47.83735656738281
2021-05-21,47.28565979003906
2021-05-24,47.67719268798828
2021-05-25,48.14879608154297
2021-05-26,48.50473403930664
2021-05-27,48.51362609863281
2021-05-28,48.825077056884766
2021-06-01,49.8305778503418
2021-06-02,49.910667419433594
2021-06-03,49.376766204833984
2021-06-04,49.82168197631836
2021-06-07,49.57252502441406
2021-06-08,49.332275390625
2021-06-09,49.18989562988281
2021-06-10,49.58402633666992
2021-06-11,49.41422653198242
2021-06-14,49.54827880859375
2021-06-15,49.20867156982422
2021-06-16,48.53837585449219
2021-06-17,48.80649185180664
2021-06-18,48.46686935424805
2021-06-21,48.67243194580078
2021-06-22,48.448997497558594
2021-06-23,48.74393081665039
2021-06-24,49.19078826904297
2021-06-25,49.60190963745117
2021-06-28,49.6465950012207
2021-06-29,49.610843658447266
2021-06-30,49.28910446166992
2021-07-01,49.012046813964844
2021-07-02,48.95841979980469
2021-07-06,48.100440979003906
2021-07-07,48.04682159423828
2021-07-08,47.045841217041016
2021-07-09,47.859130859375
2021-07-12,47.90382385253906
2021-07-13,47.948516845703125
2021-07-14,48.15406799316406
2021-07-15,48.27025604248047
2021-07-16,47.89488220214844
2021-07-19,47.09052658081055
2021-07-20,47.24246597290039
2021-07-21,47.54633331298828
2021-07-22,47.63570785522461
2021-07-23,46.929656982421875
2021-07-26,46.035926818847656
2021-07-27,45.10646057128906
2021-07-28,46.33086013793945
2021-07-29,46.563236236572266
2021-07-30,46.116371154785156
2021-08-02,46.447044372558594
2021-08-03,46.64366912841797
2021-08-04,46.884971618652344
2021-08-05,46.8134765625
2021-08-06,46.42023468017578
2021-08-09,46.572166442871094
2021-08-10,46.63472366333008
2021-08-11,46.75985336303711
2021-08-12,46.34873962402344
2021-08-13,46.23255157470703
2021-08-16,45.812503814697266
2021-08-17,44.97239303588867
2021-08-18,45.04389572143555
2021-08-19,44.275291442871094
2021-08-20,44.23953628540039
2021-08-23,44.90984344482422
2021-08-24,45.92868423461914
2021-08-25,45.98230743408203
2021-08-26,45.54438018798828
2021-08-27,46.1074333190918
2021-08-30,46.20574188232422
2021-08-31,46.84029006958008
2021-09-01,47.439090728759766
2021-09-02,47.22459030151367
2021-09-03,47.474830627441406
2021-09-07,47.75189208984375
2021-09-08,47.054779052734375
2021-09-09,46.96541213989258
2021-09-10,46.91179275512695
2021-09-13,47.036903381347656
2021-09-14,46.64366912841797
2021-09-15,46.63472366333008
2021-09-16,46.1074333190918
2021-09-17,45.91080856323242
2021-09-20,44.67746353149414
2021-09-21,45.008148193359375
2021-09-22,45.57119369506836
2021-09-23,45.92868423461914
2021-09-24,45.383514404296875
2021-09-27,45.67844009399414
2021-09-28,45.088584899902344
2021-09-29,44.66852569580078
2021-09-30,45.026023864746094
2021-10-01,44.9813346862793
2021-10-04,44.31997299194336
2021-10-05,44.632774353027344
2021-10-06,44.382537841796875
2021-10-07,45.249454498291016
2021-10-08,45.41925811767578
2021-10-11,45.32988357543945
2021-10-12,45.09751892089844
2021-10-13,45.72312545776367
2021-10-14,45.866127014160156
2021-10-15,46.42023468017578
2021-10-18,46.304054260253906
2021-10-19,46.92072296142578
2021-10-20,46.91179275512695
2021-10-21,46.6079216003418
2021-10-22,46.509613037109375
2021-10-25,46.75091552734375
2021-10-26,46.509613037109375
2021-10-27,46.13424301147461
2021-10-28,46.17892837524414
2021-10-29,45.508636474609375
2021-11-01,45.866127014160156
2021-11-02,45.455013275146484
2021-11-03,45.66950225830078
2021-11-04,45.562259674072266
2021-11-05,45.508636474609375
2021-11-08,45.92868423461914
2021-11-09,45.749942779541016
2021-11-10,45.562259674072266
2021-11-11,46.34873962402344
2021-11-12,46.47386169433594
2021-11-15,46.32192611694336
2021-11-16,46.384483337402344
2021-11-17,46.143184661865234
2021-11-18,45.580135345458984
2021-11-19,45.508636474609375
2021-11-22,45.142208099365234
2021-11-23,45.09751892089844
2021-11-24,45.03495407104492
2021-11-26,43.52455139160156
2021-11-29,43.69437026977539
2021-11-30,43.64967727661133
2021-12-01,43.81055450439453
2021-12-02,44.3467903137207
2021-12-03,43.72117614746094
2021-12-06,44.060794830322266
2021-12-07,44.757904052734375
2021-12-08,44.9366455078125
2021-12-09,44.72214889526367
2021-12-10,44.757904052734375
2021-12-13,44.048091888427734
2021-12-14,43.94837951660156
2021-12-15,43.82146453857422
2021-12-16,43.8758544921875
2021-12-17,43.65828323364258
2021-12-20,43.005577087402344
2021-12-21,43.730812072753906
2021-12-22,43.939308166503906
2021-12-23,44.16594314575195
2021-12-27,44.36537170410156
2021-12-28,44.22032928466797
2021-12-29,44.020896911621094
2021-12-30,44.52519607543945
2021-12-31,44.30751419067383
2022-01-03,44.62496566772461
2022-01-04,44.47077560424805
2022-01-05,43.74516677856445
2022-01-06,43.944705963134766
2022-01-07,44.34379196166992
2022-01-10,44.34379196166992
2022-01-11,45.368717193603516
2022-01-12,46.12153244018555
2022-01-13,45.468482971191406
2022-01-14,45.45035171508789
2022-01-18,44.64310836791992
2022-01-19,44.833580017089844
2022-01-20,45.09661102294922
2022-01-21,44.44356155395508
2022-01-24,43.817726135253906
2022-01-25,43.7360954284668
2022-01-26,43.18281555175781
2022-01-27,42.683963775634766
2022-01-28,42.892574310302734
2022-01-31,44.298439025878906
2022-02-01,44.5705451965332
2022-02-02,44.49798583984375
2022-02-03,44.02634048461914
2022-02-04,44.13518142700195
2022-02-07,44.04447937011719
2022-02-08,44.47077560424805
2022-02-09,45.16917419433594
2022-02-10,44.8698616027832
2022-02-11,44.189598083496094
2022-02-14,43.8812141418457
2022-02-15,44.833580017089844
2022-02-16,45.16011047363281
2022-02-17,44.634037017822266
2022-02-18,44.189598083496094
2022-02-22,43.563758850097656
2022-02-23,43.05583572387695
2022-02-24,42.16696548461914
2022-02-25,42.946990966796875
2022-02-28,42.384647369384766
2022-03-01,41.822303771972656
2022-03-02,41.89486312866211
2022-03-03,41.30530548095703
2022-03-04,40.47085189819336
2022-03-07,38.956146240234375
2022-03-08,39.08312225341797
2022-03-09,40.18968200683594
2022-03-10,39.436859130859375
2022-03-11,38.611480712890625
2022-03-14,37.6772575378418
2022-03-15,37.73168182373047
2022-03-16,40.77016067504883
2022-03-17,40.561553955078125
2022-03-18,41.14203643798828
2022-03-21,40.507137298583984
2022-03-22,41.24181365966797
2022-03-23,40.96970748901367
2022-03-24,41.1873893737793
2022-03-25,40.86086654663086
2022-03-28,40.99692153930664
2022-03-29,41.6953239440918
2022-03-30,41.57740783691406
2022-03-31,40.95157241821289
2022-04-01,41.63182830810547
2022-04-04,42.36650466918945
2022-04-05,41.58647537231445
2022-04-06,41.04227066040039
2022-04-07,40.71575164794922
2022-04-08,40.75202941894531
2022-04-11,40.24409866333008
2022-04-12,40.117122650146484
2022-04-13,40.6431884765625
2022-04-14,40.117122650146484
2022-04-18,39.9810676574707
2022-04-19,39.781524658203125
2022-04-20,39.54570007324219
2022-04-21,38.783809661865234
2022-04-22,38.43914794921875
2022-04-25,38.15797424316406
2022-04-26,37.32352828979492
2022-04-27,37.758888244628906
2022-04-28,38.3031005859375
2022-04-29,38.43914794921875
2022-05-02,38.384727478027344
2022-05-03,38.665897369384766
2022-05-04,39.08312225341797
2022-05-05,37.64097595214844
2022-05-06,37.12398147583008
2022-05-09,36.053707122802734
2022-05-10,36.226036071777344
2022-05-11,35.972076416015625
2022-05-12,35.73625183105469
2022-05-13,36.72489547729492
2022-05-16,36.579769134521484
2022-05-17,37.47771072387695
2022-05-18,36.579769134521484
2022-05-19,37.16026306152344
2022-05-20,37.314449310302734
2022-05-23,37.59563064575195
2022-05-24,36.94258117675781
2022-05-25,37.12398147583008
2022-05-26,37.704471588134766
2022-05-27,38.139827728271484
2022-05-31,38.67497253417969
2022-06-01,38.402870178222656
2022-06-02,39.06498718261719
2022-06-03,38.430076599121094
2022-06-06,38.638694763183594
2022-06-07,38.7566032409668
2022-06-08,38.96521759033203
2022-06-09,38.043174743652344
2022-06-10,37.622406005859375
2022-06-13,36.30521011352539
2022-06-14,36.80830764770508
2022-06-15,37.29310607910156
2022-06-16,36.14970779418945
2022-06-17,36.28691101074219
2022-06-21,36.872337341308594
2022-06-22,36.21373748779297
2022-06-23,36.32350158691406
2022-06-24,37.18334197998047
2022-06-27,37.22907638549805
2022-06-28,37.00040054321289
2022-06-29,36.854042053222656
2022-06-30,36.68024444580078
2022-07-01,36.451560974121094
2022-07-05,36.168006896972656
2022-07-06,35.94847106933594
2022-07-07,36.67109680175781
2022-07-08,36.67109680175781
2022-07-11,35.69234848022461
2022-07-12,35.555137634277344
2022-07-13,35.472816467285156
2022-07-14,35.15266036987305
2022-07-15,35.33560562133789
2022-07-18,35.58258056640625
2022-07-19,36.168006896972656
2022-07-20,36.01249694824219
2022-07-21,36.42412567138672
2022-07-22,36.05823516845703
2022-07-25,36.186302185058594
2022-07-26,35.90273666381836
2022-07-27,36.57047653198242
2022-07-28,36.72598648071289
2022-07-29,36.552181243896484
2022-08-01,36.24117660522461
2022-08-02,36.067386627197266
2022-08-03,36.35094451904297
2022-08-04,36.6070671081543
2022-08-05,36.64365768432617
2022-08-08,36.689395904541016
2022-08-09,36.552181243896484
2022-08-10,37.009544372558594
2022-08-11,37.15589141845703
2022-08-12,37.54922866821289
2022-08-15,37.37543487548828
2022-08-16,37.36628723144531
2022-08-17,37.21078109741211
2022-08-18,37.00040054321289
2022-08-19,36.49729919433594
2022-08-22,36.17715072631836
2022-08-23,36.36923599243164
2022-08-24,36.36009216308594
2022-08-25,37.14675521850586
2022-08-26,36.59791564941406
2022-08-29,36.36923599243164
2022-08-30,35.9393196105957
2022-08-31,36.067386627197266
2022-09-01,35.783817291259766
2022-09-02,35.45451736450195
2022-09-06,35.03375244140625
2022-09-07,35.344749450683594
2022-09-08,35.15266036987305
2022-09-09,35.674049377441406
2022-09-12,36.204593658447266
2022-09-13,35.088626861572266
2022-09-14,35.262428283691406
2022-09-15,34.887393951416016
2022-09-16,34.56724166870117
2022-09-19,34.677005767822266
2022-09-20,34.484920501708984
2022-09-21,33.90864944458008
2022-09-22,33.743995666503906
2022-09-23,32.91160202026367
2022-09-26,32.509124755859375
2022-09-27,32.472537994384766
2022-09-28,32.756099700927734
2022-09-29,32.024322509765625
2022-09-30,31.905410766601562
2022-10-03,32.42680358886719
2022-10-04,33.487876892089844
2022-10-05,33.506168365478516
2022-10-06,33.304927825927734
2022-10-07,32.609745025634766
2022-10-10,32.152381896972656
2022-10-11,31.6401424407959
2022-10-12,31.67673110961914
2022-10-13,31.768205642700195
2022-10-14,31.29254722595215
2022-10-17,32.152381896972656
2022-10-18,32.16152572631836
2022-10-19,31.576107025146484
2022-10-20,31.777353286743164
2022-10-21,32.262149810791016
2022-10-24,31.036428451538086
2022-10-25,31.29254722595215
2022-10-26,31.804786682128906
2022-10-27,31.557815551757812
2022-10-28,31.36573028564453
2022-10-31,31.274253845214844
2022-11-01,31.850526809692383
2022-11-02,31.585250854492188
2022-11-03,31.768205642700195
2022-11-04,33.11284637451172
2022-11-07,33.13113784790039
2022-11-08,33.368961334228516
2022-11-09,32.792686462402344
2022-11-10,33.9818229675293
2022-11-11,34.90568923950195
2022-11-14,34.6953010559082
2022-11-15,35.491111755371094
2022-11-16,34.92398452758789
2022-11-17,34.988014221191406
2022-11-18,34.786773681640625
2022-11-21,34.34770965576172
2022-11-22,34.43003463745117
2022-11-23,34.71359634399414
2022-11-25,34.548946380615234
2022-11-28,34.39344787597656
2022-11-29,35.13436508178711
2022-11-30,36.14970779418945
2022-12-01,36.03078842163086
2022-12-02,36.168006896972656
2022-12-05,35.756378173828125
2022-12-06,35.71064376831055
2022-12-07,35.5002555847168
2022-12-08,35.930171966552734
2022-12-09,35.69234848022461
2022-12-12,35.58258056640625
2022-12-13,35.8370361328125
2022-12-14,35.85560989379883
2022-12-15,35.02910232543945
2022-12-16,35.131256103515625
2022-12-19,35.159114837646484
2022-12-20,35.14982604980469
2022-12-21,35.465572357177734
2022-12-22,35.14982604980469
2022-12-23,35.1033935546875
2022-12-27,35.623443603515625
2022-12-28,35.1033935546875
2022-12-29,35.688453674316406
2022-12-30,35.196258544921875
2023-01-03,35.49343490600586
2023-01-04,36.56138610839844
2023-01-05,36.449947357177734
2023-01-06,37.211448669433594
2023-01-09,37.490055084228516
2023-01-10,37.759361267089844
2023-01-11,37.917240142822266
2023-01-12,38.10296630859375
2023-01-13,38.353702545166016
2023-01-17,38.140113830566406
2023-01-18,37.880096435546875
2023-01-19,38.167972564697266
2023-01-20,38.753028869628906
2023-01-23,39.0316276550293
2023-01-24,39.059486389160156
2023-01-25,39.09663772583008
2023-01-26,39.468101501464844
2023-01-27,39.28236389160156
2023-01-30,38.49300765991211
2023-01-31,38.409427642822266
2023-02-01,38.88304138183594
2023-02-02,38.65087890625
2023-02-03,37.96367263793945
2023-02-06,37.40647506713867
2023-02-07,37.555057525634766
2023-02-08,37.50862121582031
2023-02-09,37.68507385253906
2023-02-10,37.32289505004883
2023-02-13,37.62935256958008
2023-02-14,37.56434631347656
2023-02-15,37.248600006103516
2023-02-16,37.25788879394531
2023-02-17,36.849273681640625
2023-02-21,36.38494873046875
2023-02-22,36.20850372314453
2023-02-23,36.38494873046875
2023-02-24,35.56772232055664
2023-02-27,35.753456115722656
2023-02-28,35.50271987915039
2023-03-01,36.26421356201172
2023-03-02,36.394229888916016
2023-03-03,36.719268798828125
2023-03-06,36.58924865722656
2023-03-07,35.9763298034668
2023-03-08,36.12492752075195
2023-03-09,35.326271057128906
2023-03-10,35.140541076660156
2023-03-13,35.196258544921875
2023-03-14,35.2148323059082
2023-03-15,34.61119842529297
2023-03-16,35.140541076660156
2023-03-17,34.92694854736328
2023-03-20,35.05695724487305
2023-03-21,35.372703552246094
2023-03-22,35.51200866699219
2023-03-23,36.00419235229492
2023-03-24,35.91132736206055
2023-03-27,35.716304779052734
2023-03-28,36.22706985473633
2023-03-29,36.3292236328125
2023-03-30,36.691402435302734
2023-03-31,36.64496994018555
2023-04-03,36.719268798828125
2023-04-04,36.719268798828125
2023-04-05,36.43137741088867
2023-04-06,36.579959869384766
2023-04-10,36.61711120605469
2023-04-11,36.839988708496094
2023-04-12,36.579959869384766
2023-04-13,37.08143997192383
2023-04-14,36.88642120361328
2023-04-17,37.04429244995117
2023-04-18,36.997859954833984
2023-04-19,36.62639617919922
2023-04-20,36.5706787109375
2023-04-21,36.22706985473633
2023-04-24,36.14349365234375
2023-04-25,35.465572357177734
2023-04-26,35.66987228393555
2023-04-27,36.15277862548828
2023-04-28,36.3385124206543
2023-05-01,36.2177848815918
2023-05-02,35.864891052246094
2023-05-03,35.809173583984375
2023-05-04,36.09706115722656
2023-05-05,36.579959869384766
2023-05-08,36.59852981567383
2023-05-09,36.37565994262695
2023-05-10,36.357086181640625
2023-05-11,36.22706985473633
2023-05-12,35.799888610839844
2023-05-15,36.45923614501953
2023-05-16,36.199214935302734
2023-05-17,36.366371154785156
2023-05-18,36.171356201171875
2023-05-19,36.199214935302734
2023-05-22,36.49637985229492
2023-05-23,35.92989730834961
2023-05-24,35.66059112548828
2023-05-25,35.58629608154297
2023-05-26,36.2177848815918
2023-05-30,35.799888610839844
2023-05-31,35.465572357177734
2023-06-01,36.09706115722656
2023-06-02,36.719268798828125
2023-06-05,36.70998001098633
2023-06-06,37.03500747680664
2023-06-07,36.87589645385742
2023-06-08,37.137962341308594
2023-06-09,37.30643081665039
2023-06-12,37.38130187988281
2023-06-13,37.75568389892578
2023-06-14,38.036460876464844
2023-06-15,38.39211654663086
2023-06-16,38.26108932495117
2023-06-20,37.512332916259766
2023-06-21,37.334510803222656
2023-06-22,37.20347595214844
2023-06-23,36.6606330871582
2023-06-26,36.78230667114258
2023-06-27,37.156681060791016
2023-06-28,36.93205642700195
2023-06-29,36.73550796508789
2023-06-30,37.02565002441406
2023-07-03,37.43745803833008
2023-07-05,37.212833404541016
2023-07-06,36.45473098754883
2023-07-07,36.86653518676758
2023-07-10,36.894615173339844
2023-07-11,37.26899337768555
2023-07-12,38.10197067260742
2023-07-13,38.598026275634766
2023-07-14,38.382755279541016
2023-07-17,38.4295539855957
2023-07-18,38.14876937866211
2023-07-19,38.07389831542969
2023-07-20,37.79311752319336
2023-07-21,37.736961364746094
2023-07-24,38.25172805786133
2023-07-25,38.569942474365234
2023-07-26,38.79457092285156
2023-07-27,38.31724166870117
2023-07-28,39.24381637573242
2023-07-31,39.262535095214844
2023-08-01,38.76648712158203
2023-08-02,37.83991241455078
2023-08-03,37.989662170410156
2023-08-04,37.942867279052734
2023-08-07,37.886714935302734
2023-08-08,37.4281005859375
2023-08-09,37.52169418334961
2023-08-10,37.577857971191406
2023-08-11,37.02565002441406
2023-08-14,36.847816467285156
2023-08-15,36.4266471862793
2023-08-16,36.09907150268555
2023-08-17,36.18330383300781
2023-08-18,35.93996047973633
2023-08-21,36.024200439453125
2023-08-22,35.94932174682617
2023-08-23,36.52024459838867
2023-08-24,36.37985610961914
2023-08-25,36.41728973388672
2023-08-28,36.772945404052734
2023-08-29,37.24091720581055
2023-08-30,37.11924362182617
2023-08-31,36.6606330871582
2023-09-01,37.09116744995117
2023-09-05,36.79166793823242
2023-09-06,36.58575439453125
2023-09-07,36.15522766113281
2023-09-08,36.2301025390625
2023-09-11,36.679351806640625
2023-09-12,36.567039489746094
2023-09-13,36.52024459838867
2023-09-14,36.76358413696289
2023-09-15,36.62319564819336
2023-09-18,36.57639694213867
2023-09-19,36.36113739013672
2023-09-20,36.21138000488281
2023-09-21,35.58430480957031
2023-09-22,36.00547790527344
2023-09-25,35.846370697021484
2023-09-26,35.34096145629883
2023-09-27,35.397117614746094
2023-09-28,35.49070739746094
2023-09-29,35.51879119873047
2023-10-02,35.34096145629883
2023-10-03,34.87299728393555
2023-10-04,34.770042419433594
2023-10-05,34.90107345581055
2023-10-06,35.4064826965332
2023-10-09,35.23801040649414
2023-10-10,35.74341583251953
2023-10-11,35.96804428100586
2023-10-12,35.56558609008789
2023-10-13,35.4345588684082
2023-10-16,35.69662094116211
2023-10-17,35.603023529052734
2023-10-18,35.0601806640625
2023-10-19,34.854278564453125
2023-10-20,34.433109283447266
2023-10-23,34.405025482177734
2023-10-24,34.84491729736328
2023-10-25,34.38631057739258
2023-10-26,34.217838287353516
2023-10-27,34.189762115478516
2023-10-30,34.54541778564453
2023-10-31,34.34886932373047
2023-11-01,34.66708755493164
2023-11-02,35.275447845458984
2023-11-03,35.996116638183594
2023-11-06,36.28626251220703
2023-11-07,36.22074508666992
2023-11-08,35.97740173339844
2023-11-09,35.640464782714844
2023-11-10,35.893165588378906
2023-11-13,35.88380813598633
2023-11-14,36.83845901489258
2023-11-15,37.14731979370117
2023-11-16,36.79166793823242
2023-11-17,36.83845901489258
2023-11-20,37.29706954956055
2023-11-21,37.063087463378906
2023-11-22,36.988216400146484
2023-11-24,37.00693130493164
2023-11-27,36.857177734375
2023-11-28,37.166038513183594
2023-11-29,36.95077896118164
2023-11-30,37.02565002441406
2023-12-01,37.18475341796875
2023-12-04,36.76358413696289
2023-12-05,36.538963317871094
2023-12-06,36.492164611816406
2023-12-07,36.66999435424805
2023-12-08,36.51088333129883
2023-12-11,36.72615051269531
2023-12-12,36.73550796508789
2023-12-13,37.10052490234375
2023-12-14,37.64337158203125
2023-12-15,37.41874313354492
2023-12-18,37.4000244140625
2023-12-19,37.71824264526367
2023-12-20,37.03925704956055
2023-12-21,37.735408782958984
2023-12-22,37.55421447753906
2023-12-26,37.8498420715332
2023-12-27,38.069175720214844
2023-12-28,38.36480712890625
2023-12-29,38.34573745727539
2024-01-02,37.897525787353516
2024-01-03,37.68772506713867
2024-01-04,37.56374740600586
2024-01-05,37.61143493652344
2024-01-08,37.71633529663086
2024-01-09,37.18230056762695
2024-01-10,37.09646987915039
2024-01-11,37.249053955078125
2024-01-12,37.38256072998047
2024-01-16,36.47660446166992
2024-01-17,35.93303298950195
2024-01-18,36.228660583496094
2024-01-19,36.61011505126953
2024-01-22,36.2858772277832
2024-01-23,36.600582122802734
2024-01-24,37.01064682006836
2024-01-25,37.058326721191406
2024-01-26,37.08693313598633
2024-01-29,37.10601043701172
2024-01-30,36.81037902832031
2024-01-31,36.61011505126953
2024-02-01,36.96296310424805
2024-02-02,36.858062744140625
2024-02-05,36.90574264526367
2024-02-06,37.74494552612305
2024-02-07,37.792625427246094
2024-02-08,37.58282470703125
2024-02-09,37.74494552612305
2024-02-12,38.04056930541992
2024-02-13,37.32534408569336
2024-02-14,37.859378814697266
2024-02-15,38.04056930541992
2024-02-16,38.22175979614258
2024-02-20,38.27898025512695
2024-02-21,38.34573745727539
2024-02-22,38.736724853515625
2024-02-23,38.7176513671875
2024-02-26,38.545997619628906
2024-02-27,38.62228775024414
2024-02-28,38.116859436035156
2024-02-29,38.13593673706055
2024-03-01,38.603214263916016
2024-03-04,38.51738739013672
2024-03-05,38.17407989501953
2024-03-06,38.7271842956543
2024-03-07,38.96560287475586
2024-03-08,38.927452087402344
2024-03-11,39.013282775878906
2024-03-12,39.44241714477539
2024-03-13,39.318443298339844
2024-03-14,39.11818313598633
2024-03-15,38.8797721862793
2024-03-18,38.946529388427734
2024-03-19,38.75579833984375
2024-03-20,39.19447326660156
2024-03-21,39.24215316772461
2024-03-22,38.96560287475586
2024-03-25,38.99420928955078
2024-03-26,38.96560287475586
2024-03-27,39.032352447509766
2024-03-28,39.17539978027344
2024-04-01,39.24215316772461
2024-04-02,39.366127014160156
2024-04-03,39.39473342895508
2024-04-04,39.25168991088867
2024-04-05,39.33751678466797
2024-04-08,39.595001220703125
2024-04-09,39.86201477050781
2024-04-10,39.318443298339844
2024-04-11,39.556854248046875
2024-04-12,38.65089416503906
2024-04-15,38.402950286865234
2024-04-16,37.897525787353516
2024-04-17,37.86891555786133
2024-04-18,38.02149963378906
2024-04-19,37.86891555786133
2024-04-22,38.27898025512695
2024-04-23,38.59368133544922
2024-04-24,38.7271842956543
2024-04-25,38.81301498413086
2024-04-26,39.261226654052734
2024-04-29,39.642677307128906
2024-04-30,39.08957290649414
2024-05-01,39.12771224975586
2024-05-02,40.13856887817383
2024-05-03,40.50095748901367
2024-05-06,40.53909683227539
2024-05-07,40.31022644042969
2024-05-08,40.31976318359375
2024-05-09,40.44373321533203
2024-05-10,40.529563903808594
2024-05-13,40.8347282409668
2024-05-14,41.05406188964844
2024-05-15,41.49273681640625
2024-05-16,41.57855987548828
2024-05-17,41.7597541809082
2024-05-20,41.60717010498047
2024-05-21,41.349693298339844
2024-05-22,41.216182708740234
2024-05-23,40.9110221862793
2024-05-24,41.025455474853516
2024-05-28,40.96823501586914
2024-05-29,40.35791015625
2024-05-30,40.243473052978516
2024-05-31,39.852481842041016
2024-06-03,40.27207946777344
2024-06-04,39.709434509277344
2024-06-05,40.34837341308594
2024-06-06,40.54863357543945
2024-06-07,40.09088897705078
2024-06-10,40.32929992675781
2024-06-11,40.19486618041992
2024-06-12,40.59815979003906
2024-06-13,40.502140045166016
2024-06-14,40.550148010253906
2024-06-17,40.809410095214844
2024-06-18,41.18389892578125
2024-06-20,41.11668014526367
2024-06-21,40.9726448059082
2024-06-24,40.9726448059082
2024-06-25,40.876625061035156
2024-06-26,40.79020309448242
2024-06-27,40.819007873535156
2024-06-28,40.89582824707031
2024-07-01,40.99184799194336
2024-07-02,41.11668014526367
2024-07-03,41.72161865234375
2024-07-05,41.89445877075195
2024-07-08,41.9040641784668
2024-07-09,42.076900482177734
2024-07-10,42.31695556640625
2024-07-11,42.56661605834961
2024-07-12,42.73945236206055
2024-07-15,42.28814697265625
2024-07-16,42.5282096862793
2024-07-17,41.83684539794922
2024-07-18,41.443153381347656
2024-07-19,41.039859771728516
2024-07-22,41.38554382324219
2024-07-23,41.02065658569336
2024-07-24,40.425315856933594
2024-07-25,40.2620849609375
2024-07-26,40.67498016357422
2024-07-29,40.54054641723633
2024-07-30,40.35810470581055
2024-07-31,41.24150848388672
2024-08-01,40.52134323120117
2024-08-02,39.94520950317383
2024-08-05,38.81214904785156
2024-08-06,39.03300094604492
2024-08-07,39.27305603027344
2024-08-08,40.16606140136719
2024-08-09,40.38691329956055
2024-08-12,40.52134323120117
2024-08-13,40.9726448059082
2024-08-14,40.751792907714844
2024-08-15,41.203102111816406
2024-08-16,41.68320846557617
2024-08-19,42.08650207519531
2024-08-20,41.76002883911133
2024-08-21,41.92326736450195
2024-08-22,41.404747009277344
2024-08-23,42.09610366821289
2024-08-26,41.74082565307617
2024-08-27,41.798439025878906
2024-08-28,41.5391731262207
2024-08-29,41.558380126953125
2024-08-30,41.644798278808594
2024-09-03,40.819007873535156
2024-09-04,40.809410095214844
2024-09-05,40.86702346801758
2024-09-06,40.118045806884766
2024-09-09,40.454132080078125
2024-09-10,40.30049133300781
2024-09-11,40.59815979003906
2024-09-12,40.93423843383789
2024-09-13,41.126285552978516
2024-09-16,41.26071548461914
2024-09-17,41.3087272644043
2024-09-18,41.16468811035156
2024-09-19,42.038490295410156
2024-09-20,41.95207214355469
2024-09-23,42.27854537963867
2024-09-24,43.71887969970703
2024-09-25,43.257972717285156
2024-09-26,44.84233856201172
2024-09-27,44.755916595458984
2024-09-30,44.03575134277344
2024-10-01,44.35262680053711
2024-10-02,45.2264289855957
2024-10-03,44.68870544433594
2024-10-04,45.101600646972656
2024-10-07,45.47608184814453
2024-10-08,44.35262680053711
2024-10-09,44.11256790161133
2024-10-10,44.19898986816406
2024-10-11,44.515865325927734
2024-10-14,44.33341979980469
2024-10-15,43.39240264892578
2024-10-16,43.728485107421875
2024-10-17,43.6612663269043
2024-10-18,44.09336471557617
2024-10-21,43.786094665527344
2024-10-22,43.6900749206543
2024-10-23,43.43081283569336
2024-10-24,43.36359786987305
2024-10-25,43.32518768310547
2024-10-28,43.51723098754883
2024-10-29,43.3828010559082
2024-10-30,42.960304260253906
2024-10-31,42.68184280395508
2024-11-01,42.72024917602539
2024-11-04,42.960304260253906
2024-11-05,43.54603576660156
2024-11-06,43.0083122253418
2024-11-07,43.95893096923828
2024-11-08,42.87388610839844
2024-11-11,42.54741287231445
2024-11-12,41.74082565307617
2024-11-13,41.47195816040039
2024-11-14,41.24150848388672
2024-11-15,41.24150848388672
2024-11-18,41.712013244628906
2024-11-19,41.68320846557617
2024-11-20,41.63520050048828
2024-11-21,41.54877853393555
2024-11-22,41.558380126953125
2024-11-25,41.58718490600586
2024-11-26,41.41434860229492
2024-11-27,41.47195816040039
2024-11-29,41.5391731262207
2024-12-02,41.702415466308594
2024-12-03,41.78883361816406
2024-12-04,41.89445877075195
2024-12-05,42.17292022705078
2024-12-06,42.105709075927734
2024-12-09,42.969905853271484
2024-12-10,42.27854537963867
2024-12-11,42.45138931274414
2024-12-12,42.24013900756836
2024-12-13,42.27854537963867
2024-12-16,42.048095703125
2024-12-17,41.9475212097168
2024-12-18,40.97108840942383
2024-12-19,41.1077880859375
2024-12-20,41.27378463745117
2024-12-23,41.50812530517578
2024-12-24,41.63506317138672
2024-12-26,41.48860168457031
2024-12-27,41.303077697753906
2024-12-30,40.97108840942383
2024-12-31,40.834388732910156
2025-01-02,40.77580261230469
2025-01-03,41.1566162109375
2025-01-06,41.303077697753906
2025-01-07,41.01014709472656
2025-01-08,40.81486129760742
2025-01-10,40.1215934753418
2025-01-13,39.84819793701172
2025-01-14,40.2973518371582
2025-01-15,40.82462692260742
2025-01-16,40.77580261230469
2025-01-17,41.098026275634766
2025-01-21,41.53742218017578
2025-01-22,41.56671142578125
2025-01-23,41.66435241699219
2025-01-24,41.93775939941406
2025-01-27,41.17613983154297
2025-01-28,41.47883605957031
2025-01-29,41.48860168457031
2025-01-30,42.191627502441406
2025-01-31,41.71317672729492
2025-02-03,41.410484313964844
2025-02-04,42.15257263183594
2025-02-05,42.045166015625
2025-02-06,42.220924377441406
2025-02-07,42.18186569213867
2025-02-10,42.689613342285156
2025-02-11,42.523616790771484
2025-02-12,42.75796127319336
2025-02-13,43.0313606262207
2025-02-14,43.36334991455078
2025-02-18,43.636749267578125
2025-02-19,43.568397521972656
2025-02-20,43.96873474121094
2025-02-21,43.84180450439453
2025-02-24,43.16806411743164
2025-02-25,43.197357177734375
2025-02-26,43.626983642578125
2025-02-27,42.77749252319336
2025-02-28,42.191627502441406
2025-03-03,41.82059097290039
2025-03-04,42.17210006713867
2025-03-05,43.431697845458984
2025-03-06,43.158302307128906
2025-03-07,43.373111724853516
2025-03-10,42.33809280395508
2025-03-11,42.689613342285156
2025-03-12,42.923954010009766
2025-03-13,42.74819564819336
2025-03-14,43.52934265136719
2025-03-17,44.27143096923828
2025-03-18,44.046852111816406
2025-03-19,44.154258728027344
2025-03-20,43.74415969848633
2025-03-21,43.52934265136719
2025-03-24,43.72462463378906
2025-03-25,43.597694396972656
2025-03-26,43.33405685424805
2025-03-27,43.54887008666992
2025-03-28,42.738433837890625
2025-03-31,42.670082092285156
2025-04-01,42.80678176879883
2025-04-02,42.8653678894043
2025-04-03,41.95729064941406
2025-04-04,39.62361526489258
2025-04-07,38.149200439453125
2025-04-08,37.61216354370117
2025-04-09,40.219234466552734
2025-04-10,39.525970458984375
2025-04-11,40.76604080200195
2025-04-14,41.1370849609375
2025-04-15,41.098026275634766
2025-04-16,40.61957550048828
2025-04-17,40.932029724121094
2025-04-21,40.92226791381836
2025-04-22,41.53742218017578
2025-04-23,42.015872955322266
2025-04-24,42.50408935546875
2025-04-25,42.42597198486328
2025-04-28,42.50408935546875
2025-04-29,42.62126159667969
2025-04-30,42.728668212890625
2025-05-01,42.718902587890625
2025-05-02,43.93944549560547
2025-05-05,44.27143096923828
2025-05-06,44.095672607421875
2025-05-07,43.587928771972656
2025-05-08,43.55863571166992
2025-05-09,43.851566314697266
2025-05-12,44.7987060546875
2025-05-13,44.87681579589844
2025-05-14,45.218570709228516
2025-05-15,45.19904327392578
2025-05-16,45.16974639892578
2025-05-19,45.267391204833984
2025-05-20,45.218570709228516
2025-05-21,45.10139846801758
2025-05-22,44.954933166503906
2025-05-23,45.14045715332031
2025-05-27,45.03304672241211
2025-05-28,44.82799530029297
2025-05-29,44.99399185180664
2025-05-30,44.44718933105469
2025-06-02,44.7694091796875
2025-06-03,44.87681579589844
2025-06-04,45.43338394165039
2025-06-05,45.667728424072266
2025-06-06,45.81419372558594
2025-06-09,46.20476531982422
2025-06-10,46.46840286254883
2025-06-11,46.663692474365234
2025-06-12,46.74180221557617
2025-06-13,45.999717712402344
2025-06-16,46.56364440917969
2025-06-17,45.952392578125
2025-06-18,45.94253158569336
2025-06-20,45.67634582519531
2025-06-23,46.05097961425781
2025-06-24,47.2439079284668
2025-06-25,47.28334426879883
2025-06-26,47.59883117675781
2025-06-27,47.4115104675293
2025-06-30,47.55939865112305
2025-07-01,47.648128509521484
2025-07-02,47.85516357421875
2025-07-03,48.07205581665039
2025-07-07,47.39179229736328
2025-07-08,47.68756103515625
2025-07-09,47.60869216918945
2025-07-10,47.736854553222656
2025-07-11,47.5791130065918
2025-07-14,47.648128509521484
2025-07-15,47.993186950683594
2025-07-16,48.21994400024414
2025-07-17,48.49599075317383
2025-07-18,48.38754653930664
2025-07-21,48.70302963256836
2025-07-22,48.73260498046875
2025-07-23,49.22555160522461
2025-07-24,48.9593620300293
2025-07-25,48.81147384643555
2025-07-28,48.48613357543945
2025-07-29,48.50585174560547
2025-07-30,48.15092849731445
2025-07-31,47.874881744384766
2025-08-01,47.519962310791016
2025-08-04,48.01290512084961
2025-08-05,48.15092849731445
2025-08-06,48.377685546875
2025-08-07,48.781898498535156
2025-08-08,48.742462158203125
2025-08-11,48.60443878173828
2025-08-12,49.19597625732422
2025-08-13,49.78750991821289
2025-08-14,49.1762580871582
2025-08-15,49.235408782958984
2025-08-18,49.52132034301758
2025-08-19,49.117103576660156
2025-08-20,49.048091888427734
2025-08-21,48.93964385986328
2025-08-22,49.91567611694336
2025-08-25,49.62976837158203
2025-08-26,49.50160217285156
2025-08-27,49.205833435058594
2025-08-28,49.393150329589844
2025-08-29,49.15653991699219
2025-09-02,49.117103576660156
2025-09-03,49.304420471191406
2025-09-04,49.14667892456055
2025-09-05,49.738216400146484
2025-09-08,50.19172668457031
2025-09-09,50.4677734375
2025-09-10,50.81283950805664
2025-09-11,51.5522575378418
2025-09-12,51.52267837524414
2025-09-15,51.897315979003906
2025-09-16,52.28181457519531
2025-09-17,52.508567810058594
2025-09-18,52.38040542602539
2025-09-19,52.2620964050293
2025-09-22,52.518428802490234
2025-09-23,52.548004150390625
2025-09-24,52.37054443359375
2025-09-25,52.064918518066406
2025-09-26,51.96632766723633
2025-09-29,52.43955612182617
2025-09-30,52.6465950012207
2025-10-01,53.0606689453125
2025-10-02,53.3071403503418
2025-10-03,53.464881896972656
2025-10-06,53.71135711669922
2025-10-07,53.29728317260742
2025-10-08,53.72121810913086
2025-10-09,53.16911697387695
2025-10-10,51.207191467285156
2025-10-13,52.69588851928711
2025-10-14,52.22266387939453
2025-10-15,53.080387115478516
2025-10-16,53.425445556640625
2025-10-17,53.41558837890625
2025-10-20,54.14514923095703
2025-10-21,53.543758392333984
2025-10-22,53.49446105957031
2025-10-23,53.967689514160156
2025-10-24,54.322608947753906
2025-10-27,54.92400360107422
2025-10-28,54.9042854309082
2025-10-29,55.21976852416992
2025-10-30,54.647953033447266
2025-10-31,54.5197868347168
2025-11-03,54.86485290527344
2025-11-04,53.8592414855957
2025-11-05,54.34232711791992
2025-11-06,53.9381103515625
2025-11-07,53.78036880493164
2025-11-10,54.72682189941406
2025-11-11,54.78597640991211
2025-11-12,54.79583740234375
2025-11-13,54.15501022338867
2025-11-14,54.18458557128906
2025-11-17,53.543758392333984
2025-11-18,53.277565002441406
2025-11-19,53.09024429321289
2025-11-20,52.360687255859375
2025-11-21,52.350826263427734
2025-11-24,52.90292739868164
2025-11-25,53.09024429321289
2025-11-26,53.47474670410156
2025-11-28,53.55361557006836
2025-12-01,53.51417922973633
2025-12-02,53.533897399902344
2025-12-03,53.573333740234375
2025-12-04,53.5634765625
2025-12-05,53.967689514160156
2025-12-08,53.84938049316406
2025-12-09,53.760650634765625
2025-12-10,54.36204528808594
2025-12-11,54.105712890625
2025-12-12,53.47474670410156
2025-12-15,53.31700134277344
2025-12-16,52.97999954223633
2025-12-17,52.599998474121094
2025-12-18,53.20000076293945
2025-12-19,53.720001220703125
2025-12-22,54.0099983215332
2025-12-23,54.310001373291016
2025-12-24,54.41999816894531
2025-12-26,54.79999923706055
2025-12-29,54.65999984741211
2025-12-30,54.880001068115234
2025-12-31,54.709999084472656
2026-01-02,56.2400016784668
2026-01-05,56.86000061035156
2026-01-06,57.279998779296875
2026-01-07,56.849998474121094
2026-01-08,56.869998931884766
2026-01-09,57.13999938964844
2026-01-12,57.939998626708984
2026-01-13,57.5099983215332
2026-01-14,57.75
2026-01-15,58.09000015258789
2026-01-16,57.869998931884766
2026-01-20,57.310001373291016
2026-01-21,58.2599983215332
2026-01-22,58.70000076293945
2026-01-23,59.06999969482422
2026-01-26,59.16999816894531
2026-01-27,60.34000015258789
2026-01-28,60.75
2026-01-29,60.439998626708984
2026-01-30,59.099998474121094
2026-02-02,59.279998779296875
2026-02-03,59.599998474121094
2026-02-04,58.79999923706055
2026-02-05,58.529998779296875
2026-02-06,60.06999969482422
2026-02-09,60.5099983215332
2026-02-10,60.599998474121094
2026-02-11,61.560001373291016
2026-02-12,60.86000061035156
2026-02-13,61.119998931884766
2026-02-17,60.869998931884766
2026-02-18,61.189998626708984
2026-02-19,61.040000915527344
2026-02-20,62.34000015258789
2026-02-23,61.650001525878906
2026-02-24,62.619998931884766
2026-02-25,63.310001373291016
2026-02-26,62.709999084472656
2026-02-27,62.58000183105469
2026-03-02,61.5
2026-03-03,58.41999816894531
2026-03-04,59.04999923706055
2026-03-05,57.630001068115234
2026-03-06,57.31999969482422
2026-03-09,58.45000076293945
2026-03-10,58.68000030517578
2026-03-11,58.83000183105469
2026-03-12,56.95000076293945
2026-03-13,56.79999923706055
2026-03-16,58.380001068115234
2026-03-17,58.75
2026-03-18,57.560001373291016
2026-03-19,57.619998931884766
2026-03-20,55.63999938964844
2026-03-23,57.310001373291016
2026-03-24,56.52000045776367
2026-03-25,57.41999816894531
2026-03-26,55.470001220703125
2026-03-27,55.20000076293945
2026-03-30,54.75
2026-03-31,56.790000915527344
2026-04-01,57.22999954223633
2026-04-02,56.59000015258789
2026-04-06,57.11000061035156
2026-04-07,57.310001373291016
2026-04-08,60.439998626708984
2026-04-09,60.279998779296875
2026-04-10,60.560001373291016
2026-04-13,61.06999969482422
2026-04-14,62.2400016784668
2026-04-15,62.20000076293945
2026-04-16,62.45000076293945
2026-04-17,63.63999938964844
2026-04-20,63.18000030517578
2026-04-21,62.25
2026-04-22,63.380001068115234
2026-04-23,62.349998474121094
2026-04-24,63.7400016784668
2026-04-27,63.63999938964844
2026-04-28,62.9900016784668
2026-04-29,62.689998626708984
2026-04-30,63.9900016784668
2026-05-01,64.12999725341797
2026-05-04,64.0999984741211
2026-05-05,65.4000015258789
2026-05-06,67.48999786376953
2026-05-07,66.58999633789062
2026-05-08,67.94000244140625
2026-05-11,67.88999938964844
2026-05-12,65.81999969482422
2026-05-13,67.20999908447266
2026-05-14,67.37999725341797
2026-05-15,65.06999969482422
2026-05-18,64.97000122070312
2026-05-19,64.26000213623047
2026-05-20,65.45999908447266
2026-05-21,66.02999877929688
2026-05-22,65.87999725341797
