Date,Open,Close
1996-03-18,38.50257461991053,38.663002014160156
1996-03-19,38.50257110595703,38.50257110595703
1996-03-20,38.50257110595703,38.50257110595703
1996-03-21,38.82343543448099,39.465145111083984
1996-03-22,39.144279199717,39.30470657348633
1996-03-25,39.78599196213942,39.62556457519531
1996-03-26,39.62556457519531,39.62556457519531
1996-03-27,39.94641876220703,39.94641876220703
1996-03-28,39.78599137761986,39.94641876220703
1996-03-29,40.10683796795241,40.26726531982422
1996-04-01,40.42769267169603,40.26726531982422
1996-04-02,40.42769975624537,40.58812713623047
1996-04-03,40.42769267169603,40.26726531982422
1996-04-04,40.26726886204311,40.427696228027344
1996-04-08,40.10685797660581,39.78600311279297
1996-04-09,40.26726886204311,40.427696228027344
1996-04-10,40.2672770690918,40.106849670410156
1996-04-11,40.106849670410156,40.106849670410156
1996-04-12,40.10683796795241,40.26726531982422
1996-04-15,40.26726886204311,40.427696228027344
1996-04-16,40.26726886204311,40.427696228027344
1996-04-17,40.26726531982422,40.26726531982422
1996-04-18,40.427696228027344,40.427696228027344
1996-04-19,40.748561544979324,40.90898895263672
1996-04-22,41.3902649680018,42.19240188598633
1996-04-23,41.71112791331792,41.87155532836914
1996-04-24,41.87154683199796,42.35282897949219
1996-04-25,42.031974502389424,42.19240188598633
1996-04-26,42.513256361990265,42.35282897949219
1996-04-29,42.35282571807163,42.0319709777832
1996-04-30,42.19240188598633,42.19240188598633
1996-05-01,41.71111973519561,42.19240188598633
1996-05-02,41.390277187640855,41.71113204956055
1996-05-03,41.71113204956055,41.71113204956055
1996-05-06,41.711132388317445,41.55070495605469
1996-05-07,41.39027752379193,41.55070495605469
1996-05-08,41.71113204956055,41.71113204956055
1996-05-09,41.39027752379193,41.55070495605469
1996-05-10,41.39026671532063,41.22983932495117
1996-05-13,40.74855451621557,40.58812713623047
1996-05-14,40.90898895263672,40.90898895263672
1996-05-15,41.39026671532063,41.22983932495117
1996-05-16,41.3902702331543,41.3902702331543
1996-05-17,41.06941223144531,41.06941223144531
1996-05-20,41.06941636029412,40.90898895263672
1996-05-21,40.74855422973633,40.74855422973633
1996-05-22,40.74855451621557,40.58812713623047
1996-05-23,40.42769267169603,40.26726531982422
1996-05-24,40.106849670410156,40.106849670410156
1996-05-28,39.785994873046874,40.106849670410156
1996-05-29,39.946422271728515,40.106849670410156
1996-05-30,40.42769267169603,40.26726531982422
1996-05-31,39.946410616080605,40.26726531982422
1996-06-03,39.946419349083534,39.62556457519531
1996-06-04,39.62556399303268,39.94641876220703
1996-06-05,39.94643054469939,39.78600311279297
1996-06-06,39.78600311279297,39.78600311279297
1996-06-07,39.14429027278249,39.465145111083984
1996-06-10,39.465145111083984,39.465145111083984
1996-06-11,39.62556457519531,39.62556457519531
1996-06-12,39.785994873046874,40.106849670410156
1996-06-13,40.10683796795241,40.26726531982422
1996-06-14,40.26726886204311,40.427696228027344
1996-06-17,40.42769267169603,40.26726531982422
1996-06-18,40.5881268508791,40.74855422973633
1996-06-19,40.748561544979324,40.90898895263672
1996-06-20,40.90898483991623,41.06941223144531
1996-06-21,40.748560617136405,41.3902702331543
1996-06-24,41.55069112402247,40.74855422973633
1996-06-25,40.90898189620067,40.58812713623047
1996-06-26,40.90898160859356,40.74855422973633
1996-06-27,40.74855422973633,40.74855422973633
1996-06-28,40.74855422973633,40.74855422973633
1996-07-01,40.42769975624537,40.58812713623047
1996-07-02,40.106849670410156,40.106849670410156
1996-07-03,40.106849670410156,40.106849670410156
1996-07-05,39.78598869479432,39.30470657348633
1996-07-08,39.14427210175942,38.98384475708008
1996-07-09,38.98385970318904,39.144287109375
1996-07-10,38.98384475708008,38.98384475708008
1996-07-11,38.823425865173334,38.50257110595703
1996-07-12,38.50257461991053,38.663002014160156
1996-07-15,38.5025790545731,38.3421516418457
1996-07-16,38.02128896713256,38.50257110595703
1996-07-17,38.82342940840979,38.663002014160156
1996-07-18,38.98385182594766,39.30470657348633
1996-07-19,39.144287739903476,38.82343292236328
1996-07-22,38.5025790545731,38.3421516418457
1996-07-23,38.50257461991053,38.663002014160156
1996-07-24,38.02129456935785,37.54001235961914
1996-07-25,37.86087763661574,38.021305084228516
1996-07-26,38.181724229118316,38.3421516418457
1996-07-29,38.1817325318413,38.021305084228516
1996-07-30,38.181724229118316,38.3421516418457
1996-07-31,38.50257810482309,38.82343292236328
1996-08-01,38.82343292236328,38.82343292236328
1996-08-02,38.82343292236328,38.82343292236328
1996-08-05,38.82341741240074,38.98384475708008
1996-08-06,38.181724229118316,38.3421516418457
1996-08-07,37.70045018900296,38.021305084228516
1996-08-08,37.700439146009536,37.86086654663086
1996-08-09,37.54000825273229,37.700435638427734
1996-08-12,37.86086654663086,37.86086654663086
1996-08-13,37.86087763661574,38.021305084228516
1996-08-14,38.18170928955078,38.18170928955078
1996-08-15,38.18170928955078,38.18170928955078
1996-08-16,37.86086654663086,37.86086654663086
1996-08-19,38.18170928955078,38.18170928955078
1996-08-20,38.18172134787349,37.86086654663086
1996-08-21,38.181724229118316,38.3421516418457
1996-08-22,38.50257110595703,38.50257110595703
1996-08-23,38.3421516418457,38.3421516418457
1996-08-26,37.86087763661574,38.021305084228516
1996-08-27,37.86086302412317,37.700435638427734
1996-08-28,37.3795849563729,37.54001235961914
1996-08-29,37.37958174738391,37.219154357910156
1996-08-30,36.898304302098964,36.737876892089844
1996-09-03,36.256587982177734,36.256587982177734
1996-09-04,36.41702238718669,36.577449798583984
1996-09-05,36.737876892089844,36.737876892089844
1996-09-06,36.898304302098964,36.737876892089844
1996-09-09,36.737876892089844,36.737876892089844
1996-09-10,36.8983039855957,36.8983039855957
1996-09-11,36.577449482080716,36.737876892089844
1996-09-12,36.898304302098964,36.737876892089844
1996-09-13,37.05873107910156,37.05873107910156
1996-09-16,36.89829552122452,37.37957763671875
1996-09-17,37.86086654663086,37.86086654663086
1996-09-18,37.86086716611161,37.54001235961914
1996-09-19,37.86086654663086,37.86086654663086
1996-09-20,37.70043976286537,37.54001235961914
1996-09-23,37.37958174738391,37.219154357910156
1996-09-24,37.21915348134142,37.700435638427734
1996-09-25,37.700439146009536,37.86086654663086
1996-09-26,37.86086654663086,37.86086654663086
1996-09-27,38.18170928955078,38.18170928955078
1996-09-30,37.86087763661574,38.021305084228516
1996-10-01,37.70045018900296,38.021305084228516
1996-10-02,37.86086302412317,37.700435638427734
1996-10-03,37.70043976286537,37.54001235961914
1996-10-04,37.21915026488734,37.37957763671875
1996-10-07,37.219154357910156,37.219154357910156
1996-10-08,36.737877209981285,36.577449798583984
1996-10-09,36.73788137898046,36.41702651977539
1996-10-10,36.41702207207159,36.737876892089844
1996-10-11,36.73787657696268,36.8983039855957
1996-10-14,36.41702175969663,36.8983039855957
1996-10-15,37.54001235961914,37.54001235961914
1996-10-16,37.54000500855016,37.37957763671875
1996-10-17,37.3795849563729,37.54001235961914
1996-10-18,37.86086654663086,37.86086654663086
1996-10-21,37.05873623818553,36.41702651977539
1996-10-22,36.577449798583984,36.577449798583984
1996-10-23,36.57744274308197,36.256587982177734
1996-10-24,36.25659497578939,36.577449798583984
1996-10-25,36.256588270399305,36.096160888671875
1996-10-28,35.93574142456055,35.93574142456055
1996-10-29,35.935734085972534,35.775306701660156
1996-10-30,35.454459817559865,35.61488723754883
1996-10-31,35.294040317449095,35.4544677734375
1996-11-01,35.4544519330354,35.775306701660156
1996-11-04,35.61487931734778,35.775306701660156
1996-11-05,35.614895229425905,35.4544677734375
1996-11-06,35.775305840821396,36.256587982177734
1996-11-07,36.09616060172562,36.256587982177734
1996-11-08,36.737876892089844,36.737876892089844
1996-11-11,36.577449482080716,36.737876892089844
1996-11-12,36.898304302098964,36.737876892089844
1996-11-13,36.577453949377926,36.41702651977539
1996-11-14,36.41702238718669,36.577449798583984
1996-11-15,36.898304302098964,36.737876892089844
1996-11-18,36.256587982177734,36.256587982177734
1996-11-19,36.57744274308197,36.256587982177734
1996-11-20,36.577449798583984,36.577449798583984
1996-11-21,36.737877209981285,36.577449798583984
1996-11-22,37.05873107910156,37.05873107910156
1996-11-25,37.05873107910156,37.05873107910156
1996-11-26,37.05873139422873,36.8983039855957
1996-11-27,36.898304302098964,36.737876892089844
1996-11-29,36.417015362629854,36.256587982177734
1996-12-02,35.77532268541431,35.4544677734375
1996-12-03,35.294040317449095,35.4544677734375
1996-12-04,35.454459817559865,35.61488723754883
1996-12-05,36.25659497578939,36.577449798583984
1996-12-06,35.294040317449095,35.4544677734375
1996-12-09,35.61487931734778,35.775306701660156
1996-12-10,35.775314657537784,35.61488723754883
1996-12-11,35.45446182180334,34.65232467651367
1996-12-12,34.65232401156644,34.97317886352539
1996-12-13,34.49188935591878,34.812744140625
1996-12-16,35.13360696368748,34.65232467651367
1996-12-17,34.65232467651367,34.65232467651367
1996-12-18,34.49190139770508,34.49190139770508
1996-12-19,34.01060485839844,34.01060485839844
1996-12-20,34.17102813720703,34.17102813720703
1996-12-23,34.01060485839844,34.01060485839844
1996-12-24,33.04805718758256,33.2084846496582
1996-12-26,33.52933088030134,33.68975830078125
1996-12-27,33.368892669677734,33.368892669677734
1996-12-30,33.689754796370366,33.529327392578125
1996-12-31,33.529327392578125,33.529327392578125
1997-01-02,33.529327392578125,33.529327392578125
1997-01-03,33.368899988785884,33.529327392578125
1997-01-06,33.689750095583356,34.01060485839844
1997-01-07,33.368892669677734,33.368892669677734
1997-01-08,32.72718781261909,32.88761520385742
1997-01-09,31.925064086914066,31.925064086914062
1997-01-10,30.4812068939209,30.4812068939209
1997-01-13,31.122915267944332,31.122915267944336
1997-01-14,31.122915267944332,31.122915267944336
1997-01-15,31.122907374455377,31.283334732055664
1997-01-16,31.443763732910156,31.443763732910156
1997-01-17,31.122907374455377,31.283334732055664
1997-01-20,30.64162112039233,30.32076644897461
1997-01-21,30.481202503045402,30.80205726623535
1997-01-22,30.80205726623535,30.80205726623535
1997-01-23,30.4812094505797,30.160354614257812
1997-01-24,29.99992593129476,29.83949851989746
1997-01-27,29.358217892725822,29.037363052368164
1997-01-28,29.358216285705566,29.83949851989746
1997-01-29,29.839497234510336,29.51864242553711
1997-01-30,29.358213424682617,29.358213424682617
1997-01-31,29.999927196096866,30.160354614257812
1997-02-03,29.999927196096866,30.160354614257812
1997-02-04,29.999923706054684,29.999923706054688
1997-02-05,29.51864242553711,29.51864242553711
1997-02-06,29.19778823852539,29.19778823852539
1997-02-07,28.87693280759065,29.51864242553711
1997-02-10,29.839496921848607,29.67906951904297
1997-02-11,29.51864242553711,29.51864242553711
1997-02-12,29.51864211623733,29.67906951904297
1997-02-13,29.83949977793592,30.160354614257812
1997-02-14,30.320778505049923,29.999923706054688
1997-02-18,29.99992593129476,29.83949851989746
1997-02-19,29.999923706054684,29.999923706054688
1997-02-20,30.802060774570922,30.962488174438477
1997-02-21,31.443763732910156,31.443763732910156
1997-02-24,31.283334732055664,31.283334732055664
1997-02-25,31.443763732910156,31.443763732910156
1997-02-26,31.12291651274029,30.4812068939209
1997-02-27,30.96248786965596,31.122915267944336
1997-02-28,30.96248464783033,30.80205726623535
1997-03-03,30.641626358032223,30.641626358032227
1997-03-04,30.641626358032223,30.641626358032227
1997-03-05,30.16033911326575,30.32076644897461
1997-03-06,29.839496921848607,29.67906951904297
1997-03-07,29.679071108500164,29.83949851989746
1997-03-10,29.83949851989746,29.83949851989746
1997-03-11,30.320782032418755,30.160354614257812
1997-03-12,29.67906951904297,29.67906951904297
1997-03-13,29.19778308868408,28.876928329467773
1997-03-14,29.037363052368164,29.037363052368164
1997-03-17,29.19778823852539,29.19778823852539
1997-03-18,29.83949851989746,29.83949851989746
1997-03-19,29.999927196096866,30.160354614257812
1997-03-20,30.320780754089355,29.83949851989746
1997-03-21,30.160352084511207,30.4812068939209
1997-03-24,29.83949851989746,29.83949851989746
1997-03-25,30.32076644897461,30.32076644897461
1997-03-26,30.160352084511207,30.4812068939209
1997-03-27,30.160352084511207,30.4812068939209
1997-03-31,29.839497234510336,29.51864242553711
1997-04-01,29.83949977793592,30.160354614257812
1997-04-02,30.16035461425781,30.160354614257812
1997-04-03,29.99991177755689,30.32076644897461
1997-04-04,29.839496921848607,29.67906951904297
1997-04-07,29.358213424682617,29.358213424682617
1997-04-08,29.197786028919325,29.358213424682617
1997-04-09,28.716508212010503,29.037363052368164
1997-04-10,28.556073570251463,28.876928329467773
1997-04-11,28.876921192983563,28.556066513061523
1997-04-14,28.395639173100502,28.556066513061523
1997-04-15,28.716508212010503,29.037363052368164
1997-04-16,29.037360212077264,29.51864242553711
1997-04-17,29.51864242553711,29.51864242553711
1997-04-18,29.679071108500164,29.83949851989746
1997-04-21,30.160352084511207,30.4812068939209
1997-04-22,30.4812068939209,30.4812068939209
1997-04-23,30.641634298625746,30.4812068939209
1997-04-24,30.641636868740648,30.160354614257812
1997-04-25,30.641636868740648,30.160354614257812
1997-04-28,30.32076644897461,30.32076644897461
1997-04-29,30.48119378468347,30.32076644897461
1997-04-30,30.802052659254805,31.283334732055664
1997-05-01,31.283334732055664,31.283334732055664
1997-05-02,31.443772633870445,31.76462745666504
1997-05-05,31.925064086914066,31.925064086914062
1997-05-06,32.727195739746094,32.727195739746094
1997-05-07,32.88761998167132,32.40633773803711
1997-05-08,32.88761520385742,32.88761520385742
1997-05-09,33.2084846496582,33.2084846496582
1997-05-12,34.33147394934366,34.49190139770508
1997-05-13,34.331451416015625,34.331451416015625
1997-05-14,34.491896585586964,34.97317886352539
1997-05-15,34.652316748271886,34.812744140625
1997-05-16,35.29402160644531,35.29402160644531
1997-05-19,35.4544519330354,35.775306701660156
1997-05-20,35.935733506944445,36.096160888671875
1997-05-21,34.973185405472286,35.4544677734375
1997-05-22,34.49190139770508,34.49190139770508
1997-05-23,34.973163343455695,35.13359069824219
1997-05-27,34.65232467651367,34.65232467651367
1997-05-28,35.133594235506926,35.29402160644531
1997-05-29,35.13360628950486,34.97317886352539
1997-05-30,34.331451416015625,34.331451416015625
1997-06-02,34.81275143754591,34.97317886352539
1997-06-03,35.13360628950486,34.97317886352539
1997-06-04,35.454448977383706,35.29402160644531
1997-06-05,35.4544677734375,35.4544677734375
1997-06-06,35.29402454872302,35.775306701660156
1997-06-09,35.93574142456055,35.93574142456055
1997-06-10,36.256599090172855,36.41702651977539
1997-06-11,36.41702175969663,36.8983039855957
1997-06-12,36.256587982177734,36.256587982177734
1997-06-13,36.256587982177734,36.256587982177734
1997-06-16,36.57744916832965,36.8983039855957
1997-06-17,36.577449798583984,36.577449798583984
1997-06-18,36.256588270399305,36.096160888671875
1997-06-19,36.256599090172855,36.41702651977539
1997-06-20,36.096160888671875,36.096160888671875
1997-06-23,35.93574207752675,35.61488723754883
1997-06-24,35.775314007486614,35.93574142456055
1997-06-25,37.219154357910156,37.219154357910156
1997-06-26,37.21915026488734,37.37957763671875
1997-06-27,36.898304302098964,36.737876892089844
1997-06-30,36.89829750398619,36.256587982177734
1997-07-01,36.256587982177734,36.256587982177734
1997-07-02,36.417015362629854,36.256587982177734
1997-07-03,36.577449482080716,36.737876892089844
1997-07-07,36.256588270399305,36.096160888671875
1997-07-08,36.25659625870841,35.93574142456055
1997-07-09,36.09616884163448,35.93574142456055
1997-07-10,35.61487931734778,35.775306701660156
1997-07-11,35.93574207752675,35.61488723754883
1997-07-14,36.41702651977539,36.41702651977539
1997-07-15,36.25659625870841,35.93574142456055
1997-07-16,36.577453949377926,36.41702651977539
1997-07-17,36.577449482080716,36.737876892089844
1997-07-18,36.256587982177734,36.256587982177734
1997-07-21,36.25659625870841,35.93574142456055
1997-07-22,36.09616060172562,36.256587982177734
1997-07-23,36.256587982177734,36.256587982177734
1997-07-24,36.41702367578234,35.93574142456055
1997-07-25,36.256587982177734,36.256587982177734
1997-07-28,36.25659625870841,35.93574142456055
1997-07-29,35.93574207752675,35.61488723754883
1997-07-30,35.93574207752675,35.61488723754883
1997-07-31,35.4544519330354,35.775306701660156
1997-08-01,34.812752105571604,34.65232467651367
1997-08-04,34.33146981839781,34.65232467651367
1997-08-05,34.17104056222098,33.68975830078125
1997-08-06,34.010614960281934,34.65232467651367
1997-08-07,34.65230610214661,34.331451416015625
1997-08-08,34.97316686456854,35.29402160644531
1997-08-11,34.49187875908112,34.331451416015625
1997-08-12,34.49190139770508,34.49190139770508
1997-08-13,34.812744140625,34.812744140625
1997-08-14,34.973163343455695,35.13359069824219
1997-08-15,35.133611191150756,34.49190139770508
1997-08-18,34.49189724745574,34.65232467651367
1997-08-19,34.01059672988464,34.331451416015625
1997-08-20,34.812744140625,34.812744140625
1997-08-21,34.81275629442792,34.49190139770508
1997-08-22,33.68974740688618,33.368892669677734
1997-08-25,33.381749249886774,33.22126007080078
1997-08-26,33.54223908923922,33.702728271484375
1997-08-27,33.221249626678166,33.060760498046875
1997-08-28,32.739771828722596,32.258304595947266
1997-08-29,32.90026090631437,32.258304595947266
1997-09-02,31.616360606569234,31.7768497467041
1997-09-03,32.41880798339844,32.41880798339844
1997-09-04,32.579297131831105,32.41880798339844
1997-09-05,32.900265712364046,32.739776611328125
1997-09-08,32.579297131831105,32.41880798339844
1997-09-09,33.221249626678166,33.060760498046875
1997-09-10,33.06074805799963,32.579280853271484
1997-09-11,32.418816897138285,31.937349319458008
1997-09-12,31.616360606569234,31.7768497467041
1997-09-15,31.77686012689792,31.937349319458008
1997-09-16,31.7768497467041,31.7768497467041
1997-09-17,31.616353054435884,31.45586395263672
1997-09-18,31.61635398864746,31.61635398864746
1997-09-19,31.295377731323246,31.295377731323242
1997-09-22,31.61635398864746,31.61635398864746
1997-09-23,31.616353054435884,31.45586395263672
1997-09-24,33.0607645771291,32.41880798339844
1997-09-25,32.579297131831105,32.41880798339844
1997-09-26,31.776842156235052,31.45586395263672
1997-09-29,31.937338886838972,31.7768497467041
1997-09-30,31.93734931945801,31.937349319458008
1997-10-01,32.09781551835549,32.258304595947266
1997-10-02,31.9373341976068,31.295377731323242
1997-10-03,31.9373341976068,31.295377731323242
1997-10-06,31.61634922027588,32.097816467285156
1997-10-07,31.77684309518882,31.61635398864746
1997-10-08,31.61635398864746,31.61635398864746
1997-10-09,31.29537680714401,31.1348876953125
1997-10-10,31.455866847894132,31.295377731323242
1997-10-13,30.97439949818147,31.295377731323242
1997-10-14,30.813907623291016,30.813907623291016
1997-10-15,30.653418521086376,30.813907623291016
1997-10-16,31.29537485083755,31.45586395263672
1997-10-17,31.29537485083755,31.45586395263672
1997-10-20,31.295377731323246,31.295377731323242
1997-10-21,31.29537680714401,31.1348876953125
1997-10-22,31.77684508103591,31.295377731323242
1997-10-23,30.171958139780408,29.69049072265625
1997-10-24,30.492935385755313,29.85097885131836
1997-10-27,29.209026791832667,28.246091842651367
1997-10-28,26.320218802787164,29.69049072265625
1997-10-29,29.530001814194147,29.048534393310547
1997-10-30,28.40657695134481,28.888044357299805
1997-10-31,29.20902262793647,28.888044357299805
1997-11-03,29.36952103739199,29.530010223388672
1997-11-04,28.567052841186523,28.567052841186523
1997-11-05,28.567057614946098,28.40656852722168
1997-11-06,28.406581000848252,28.246091842651367
1997-11-07,27.122663705999198,26.4807071685791
1997-11-10,26.320218034224077,26.4807071685791
1997-11-11,26.962174571644173,26.4807071685791
1997-11-12,25.67826089979727,25.357282638549805
1997-11-13,26.159731041570627,25.83875274658203
1997-11-14,25.51777236244895,26.4807071685791
1997-11-17,27.6041259765625,27.6041259765625
1997-11-18,28.085594346537395,27.12265968322754
1997-11-19,26.641196302934127,26.4807071685791
1997-11-20,27.12266143622426,27.764617919921875
1997-11-21,28.406575517093433,27.283151626586914
1997-11-24,26.801681518554688,26.801681518554688
1997-11-25,26.641197091057187,26.962175369262695
1997-11-26,26.801681462124257,27.12265968322754
1997-11-28,27.44364278657096,26.962175369262695
1997-12-01,27.6041259765625,27.6041259765625
1997-12-02,27.604129881017347,27.283151626586914
1997-12-03,27.122662499371696,27.283151626586914
1997-12-04,26.801681518554688,26.801681518554688
1997-12-05,26.641196302934127,26.4807071685791
1997-12-08,26.320218034224077,26.4807071685791
1997-12-09,26.962170629444238,26.801681518554688
1997-12-10,26.801681518554688,26.801681518554688
1997-12-11,26.15972328186035,26.15972328186035
1997-12-12,25.999242782592773,25.999242782592773
1997-12-15,25.999239765514027,26.4807071685791
1997-12-16,26.159731041570627,25.83875274658203
1997-12-17,26.962175369262695,26.962175369262695
1997-12-18,26.320212381749066,26.15972328186035
1997-12-19,25.517771769173535,25.357282638549805
1997-12-22,25.036296844482422,25.036296844482422
1997-12-23,24.87836676758605,24.71786117553711
1997-12-24,24.878367770249678,25.199378967285156
1997-12-26,24.878371862264782,25.038877487182617
1997-12-29,25.359884262084964,25.35988426208496
1997-12-30,25.680895455275913,25.35988426208496
1997-12-31,25.359884262084964,25.35988426208496
1998-01-02,25.52038985868044,25.35988426208496
1998-01-05,24.87836676758605,24.71786117553711
1998-01-06,24.396849991439225,24.71786117553711
1998-01-07,25.199382134203642,25.52039337158203
1998-01-08,25.199383112100456,25.038877487182617
1998-01-09,24.71785791296708,24.396846771240234
1998-01-12,23.915341623571535,24.236352920532227
1998-01-13,24.71786117553711,24.71786117553711
1998-01-14,25.199378967285156,25.199378967285156
1998-01-15,25.038877487182617,25.038877487182617
1998-01-16,27.1254441205193,27.28594970703125
1998-01-20,27.28595072134382,27.767467498779297
1998-01-21,27.606960880055144,27.28594970703125
1998-01-22,27.285951015561125,27.606962203979492
1998-01-23,28.409488388661586,28.56999397277832
1998-01-26,28.248981960570617,29.051509857177734
1998-01-27,28.891011542016336,29.21202278137207
1998-01-28,28.89100344284721,29.53302574157715
1998-01-29,29.051509857177734,29.051509857177734
1998-01-30,28.40949249267578,28.40949249267578
1998-02-02,28.40948753989204,29.051509857177734
1998-02-03,28.891016006469727,28.891016006469727
1998-02-04,28.73051036198934,28.891016006469727
1998-02-05,29.21202278137207,29.21202278137207
1998-02-06,29.21201676749141,29.372522354125977
1998-02-09,29.372516116580446,29.693527221679688
1998-02-10,29.854032774229307,29.693527221679688
1998-02-11,29.53302166913007,29.693527221679688
1998-02-12,29.37252840104994,29.21202278137207
1998-02-13,28.73049955689505,28.56999397277832
1998-02-17,28.248986885372528,28.40949249267578
1998-02-18,28.088480302657203,27.927974700927734
1998-02-19,27.767462312129506,27.44645118713379
1998-02-20,27.28595191910422,27.125446319580078
1998-02-23,26.96493721008301,26.964937210083008
1998-02-24,26.964947787198156,26.483430862426758
1998-02-25,26.964931739304596,26.804426193237305
1998-02-26,27.606963195800784,28.08847999572754
1998-02-27,28.569991788384634,28.730497360229492
1998-03-02,29.212027295430502,28.891016006469727
1998-03-03,28.891016006469727,28.891016006469727
1998-03-04,28.56999648701061,28.248985290527344
1998-03-05,27.927974700927734,27.927974700927734
1998-03-06,28.088475072850063,28.730497360229492
1998-03-09,28.088478683736284,27.767467498779297
1998-03-10,28.088478683736284,27.767467498779297
1998-03-11,27.285949707031246,27.28594970703125
1998-03-12,26.804435120531792,27.125446319580078
1998-03-13,27.606961906300803,27.767467498779297
1998-03-16,27.44645118713379,27.44645118713379
1998-03-17,27.767466466567093,27.28594970703125
1998-03-18,26.96493721008301,26.964937210083008
1998-03-19,26.96494164524308,26.643930435180664
1998-03-20,27.125446319580078,27.125446319580078
1998-03-23,26.804426193237305,26.804426193237305
1998-03-24,26.643936504017226,26.483430862426758
1998-03-25,26.643920647170017,26.804426193237305
1998-03-26,27.28595072134382,27.767467498779297
1998-03-27,27.606960880055144,27.28594970703125
1998-03-30,26.483430862426758,26.483430862426758
1998-03-31,26.643932702406396,25.52039337158203
1998-04-01,25.35987048149109,25.68088150024414
1998-04-02,24.717864670292023,24.87837028503418
1998-04-03,24.878371862264782,25.038877487182617
1998-04-06,25.199382134203642,25.52039337158203
1998-04-07,25.68088150024414,25.68088150024414
1998-04-08,26.643920647170017,26.804426193237305
1998-04-09,26.964940720055935,27.125446319580078
1998-04-13,27.125446319580078,27.125446319580078
1998-04-14,26.964938534007352,27.28594970703125
1998-04-15,27.125442788714455,26.964937210083008
1998-04-16,26.00190544128418,26.00190544128418
1998-04-17,26.001905148746044,26.162410736083984
1998-04-20,26.16241073608398,26.162410736083984
1998-04-21,26.48342161643796,26.32291603088379
1998-04-22,26.483430862426758,26.483430862426758
1998-04-23,26.643930435180664,26.643930435180664
1998-04-24,26.964931739304596,26.804426193237305
1998-04-27,26.00191123668964,25.038877487182617
1998-04-28,25.841402053833008,25.841402053833008
1998-04-29,25.52038867385299,26.00190544128418
1998-04-30,26.483430862426758,26.483430862426758
1998-05-01,26.32291603088379,26.32291603088379
1998-05-04,26.16241073608398,26.162410736083984
1998-05-05,26.32291603088379,26.32291603088379
1998-05-06,25.84140460896042,25.52039337158203
1998-05-07,25.52038985868044,25.35988426208496
1998-05-08,25.359884262084964,25.35988426208496
1998-05-11,25.520375990867617,25.68088150024414
1998-05-12,25.680895455275913,25.35988426208496
1998-05-13,25.199383112100456,25.038877487182617
1998-05-14,25.359884262084964,25.35988426208496
1998-05-15,25.520390164320638,25.199378967285156
1998-05-18,25.038877487182617,25.038877487182617
1998-05-19,25.199378665489487,25.35988426208496
1998-05-20,25.680895455275913,25.35988426208496
1998-05-21,25.68088150024414,25.68088150024414
1998-05-22,25.680895455275913,25.35988426208496
1998-05-26,25.199383112100456,25.038877487182617
1998-05-27,24.717866237346943,25.038877487182617
1998-05-28,24.717866237346943,25.038877487182617
1998-05-29,24.87837028503418,24.87837028503418
1998-06-01,24.236345596313477,24.07583999633789
1998-06-02,24.396846771240234,24.396846771240234
1998-06-03,24.396846771240234,24.396846771240234
1998-06-04,24.396846496980952,24.55735206604004
1998-06-05,24.236352920532227,24.236352920532227
1998-06-08,23.915327072143555,23.915327072143555
1998-06-09,24.07583999633789,24.07583999633789
1998-06-10,23.915339190943712,23.594327926635742
1998-06-11,23.112808872276627,22.791797637939453
1998-06-12,22.791797637939453,22.791797637939453
1998-06-15,21.828763961791992,21.828763961791992
1998-06-16,22.31026794217157,22.63127899169922
1998-06-17,24.878371862264782,25.038877487182617
1998-06-18,24.717857635099126,24.55735206604004
1998-06-19,25.038873068894013,25.35988426208496
1998-06-22,24.236341200376813,24.396846771240234
1998-06-23,23.75482749938965,23.75482749938965
1998-06-24,23.594321908177555,23.75482749938965
1998-06-25,23.75482423338172,23.433813095092773
1998-06-26,23.915339190943712,23.594327926635742
1998-06-29,23.75482749938965,23.75482749938965
1998-06-30,25.038873368767415,25.199378967285156
1998-07-01,26.322925220836293,26.483430862426758
1998-07-02,25.680895762838375,25.199378967285156
1998-07-06,25.199381514518493,24.87837028503418
1998-07-07,25.52038985868044,25.35988426208496
1998-07-08,25.52039337158203,25.52039337158203
1998-07-09,25.359883543732877,24.71786117553711
1998-07-10,24.557359055549867,24.87837028503418
1998-07-13,25.038877487182617,25.038877487182617
1998-07-14,25.520375990867617,25.68088150024414
1998-07-15,25.680898990271224,25.52039337158203
1998-07-16,25.84139927422128,26.32291603088379
1998-07-17,26.32291603088379,26.32291603088379
1998-07-20,26.48342161643796,26.32291603088379
1998-07-21,26.00189251899719,25.68088150024414
1998-07-22,25.359887129260645,24.87837028503418
1998-07-23,24.71785791296708,24.396846771240234
1998-07-24,25.199381514518493,24.87837028503418
1998-07-27,24.236345596313477,24.07583999633789
1998-07-28,24.396851196289063,24.07583999633789
1998-07-29,24.396858569012572,24.236352920532227
1998-07-30,24.396846771240234,24.396846771240234
1998-07-31,24.557364217492918,24.236352920532227
1998-08-03,23.91532616450869,23.273303985595703
1998-08-04,23.5943253923963,22.952302932739258
1998-08-05,23.594323196411136,24.07583999633789
1998-08-06,23.43381041968429,23.915327072143555
1998-08-07,23.59432311852773,23.11280632019043
1998-08-10,23.112808872276627,22.791797637939453
1998-08-11,21.989269256591797,21.989269256591797
1998-08-12,22.631291066999918,22.310279846191406
1998-08-13,22.470787048339844,22.470787048339844
1998-08-14,22.149775196524228,21.828763961791992
1998-08-17,21.668258344425876,21.828763961791992
1998-08-18,22.149762417407743,22.63127899169922
1998-08-19,22.95230325510804,22.791797637939453
1998-08-20,23.11279556599069,22.63127899169922
1998-08-21,22.310281426565986,22.470787048339844
1998-08-24,22.310268637062844,22.149763107299805
1998-08-25,22.33876343049865,22.17805290222168
1998-08-26,22.017348527908325,21.856637954711914
1998-08-27,21.37450574728159,20.89237403869629
1998-08-28,20.731661278431808,20.410240173339844
1998-08-31,21.21379216512044,20.249528884887695
1998-09-01,21.856634455619098,22.33876609802246
1998-09-02,22.33876609802246,22.33876609802246
1998-09-03,22.178049533925158,22.660181045532227
1998-09-04,22.33876343049865,22.17805290222168
1998-09-08,23.785157018059852,23.94586753845215
1998-09-09,22.660181045532227,22.660181045532227
1998-09-10,22.499470541663204,22.660181045532227
1998-09-11,22.499470541663204,22.660181045532227
1998-09-14,22.82089154940125,22.660181045532227
1998-09-15,22.338770621163505,22.499481201171875
1998-09-16,22.338769674301147,21.856637954711914
1998-09-17,21.695924327321297,22.017345428466797
1998-09-18,22.17805290222168,22.17805290222168
1998-09-21,21.535213470458984,21.535213470458984
1998-09-22,21.535211967699457,21.213790893554688
1998-09-23,21.21379566192627,21.856637954711914
1998-09-24,22.017348527908325,21.856637954711914
1998-09-25,21.374502922171978,21.535213470458984
1998-09-28,21.69592401874599,21.535213470458984
1998-09-29,21.695927381515503,21.856637954711914
1998-09-30,21.053077280521393,20.570945739746094
1998-10-01,20.24953246698147,19.76740074157715
1998-10-02,20.410239744556044,20.731660842895508
1998-10-05,20.08882261091663,19.928112030029297
1998-10-06,20.570952899639423,20.89237403869629
1998-10-07,22.660191049381176,23.624454498291016
1998-10-08,23.142318835361397,22.33876609802246
1998-10-09,23.14231830753692,23.4637393951416
1998-10-12,24.106582641601562,24.106582641601562
1998-10-13,23.4637393951416,23.4637393951416
1998-10-14,23.30302619934082,23.30302619934082
1998-10-15,23.142315312435752,24.42799949645996
1998-10-16,24.26728857923674,23.94586753845215
1998-10-19,24.74942850912771,24.910139083862305
1998-10-20,25.552981618084484,25.392271041870117
1998-10-21,26.03511309477449,26.195823669433594
1998-10-22,25.71369052673719,25.874401092529297
1998-10-23,25.231559032048935,25.07084846496582
1998-10-26,24.910139083862305,24.910139083862305
1998-10-27,24.910131840924034,24.58871078491211
1998-10-28,24.427999496459957,24.42799949645996
1998-10-29,24.910134526042196,24.74942398071289
1998-10-30,24.910139083862305,24.910139083862305
1998-11-02,26.19581528623661,26.83865737915039
1998-11-03,27.16007842560728,26.83865737915039
1998-11-04,27.160085678100586,27.160085678100586
1998-11-05,26.838664284671644,26.677953720092773
1998-11-06,26.356534244092696,26.195823669433594
1998-11-09,25.552980166215164,25.07084846496582
1998-11-10,24.74942850912771,24.910139083862305
1998-11-11,25.552981618084484,25.392271041870117
1998-11-12,24.588716763716477,25.07084846496582
1998-11-13,25.23155975341797,25.23155975341797
1998-11-16,25.874401092529297,25.874401092529297
1998-11-17,25.71368408203125,25.71368408203125
1998-11-18,25.39227032509579,25.23155975341797
1998-11-19,26.35653305053711,26.35653305053711
1998-11-20,26.67795372009277,26.677953720092773
1998-11-23,26.677953979672765,27.160085678100586
1998-11-24,27.16008541382939,26.677953720092773
1998-11-25,26.67795372009277,26.677953720092773
1998-11-27,26.67795372009277,26.677953720092773
1998-11-30,26.035105133056643,25.71368408203125
1998-12-01,25.87440252011539,26.195823669433594
1998-12-02,26.356534244092696,26.195823669433594
1998-12-03,26.67795270754967,26.035110473632812
1998-12-04,26.195822483155784,26.35653305053711
1998-12-07,26.356531590591242,26.035110473632812
1998-12-08,26.356531590591242,26.035110473632812
1998-12-09,26.83866003581456,26.999370574951172
1998-12-10,26.999374849250515,26.677953720092773
1998-12-11,26.3565375588157,26.517248153686523
1998-12-14,26.195822224113513,25.874401092529297
1998-12-15,25.8743999151536,26.035110473632812
1998-12-16,26.19582103211203,26.035110473632812
1998-12-17,26.03511191577446,26.35653305053711
1998-12-18,26.5172431555139,26.677953720092773
1998-12-21,26.3565375588157,26.517248153686523
1998-12-22,25.57778549194336,25.57778549194336
1998-12-23,25.738652067364388,25.57778549194336
1998-12-24,25.577785163927988,25.256052017211914
1998-12-28,25.57778549194336,25.57778549194336
1998-12-29,26.221252121540328,25.899518966674805
1998-12-30,25.899514386683336,26.060380935668945
1998-12-31,26.22124975483592,26.382116317749023
1999-01-04,26.542981738693143,26.221248626708984
1999-01-05,26.382114033640168,26.060380935668945
1999-01-06,26.22124975483592,26.382116317749023
1999-01-07,26.382121230616715,26.542987823486328
1999-01-08,26.382121230616715,26.542987823486328
1999-01-11,26.703848294685223,26.221248626708984
1999-01-12,26.22125179362747,25.57778549194336
1999-01-13,25.25605123254317,25.41691780090332
1999-01-14,26.06038521820644,25.57778549194336
1999-01-15,26.221248626708984,26.221248626708984
1999-01-19,26.38211869897309,25.899518966674805
1999-01-20,26.70385441635594,26.542987823486328
1999-01-21,26.864714438656726,26.703847885131836
1999-01-22,26.221248626708984,26.221248626708984
1999-01-25,26.542987823486328,26.542987823486328
1999-01-26,26.86471781081702,27.186450958251953
1999-01-27,26.864714438656726,26.703847885131836
1999-01-28,26.703847885131836,26.703847885131836
1999-01-29,27.186447915576753,27.02558135986328
1999-02-01,27.1864429062712,26.864709854125977
1999-02-02,27.025584384534486,27.186450958251953
1999-02-03,27.186447915576753,27.02558135986328
1999-02-04,26.86470985412598,26.864709854125977
1999-02-05,26.703849443575233,26.382116317749023
1999-02-08,26.382116317749023,26.382116317749023
1999-02-09,26.06038093566895,26.060380935668945
1999-02-10,25.899514386683336,26.060380935668945
1999-02-11,26.382114033640168,26.060380935668945
1999-02-12,26.382116317749023,26.382116317749023
1999-02-16,26.382115182701064,26.221248626708984
1999-02-17,25.899518642785413,25.57778549194336
1999-02-18,25.41691891652233,25.57778549194336
1999-02-19,25.256052017211914,25.256052017211914
1999-02-22,25.41691060066223,25.738643646240234
1999-02-23,25.57777712345123,25.738643646240234
1999-02-24,25.577785163927988,25.256052017211914
1999-02-25,26.06038093566895,26.060380935668945
1999-02-26,26.06038093566895,26.060380935668945
1999-03-01,25.738643646240234,25.738643646240234
1999-03-02,25.416917458558693,25.095184326171875
1999-03-03,25.256050892365284,25.095184326171875
1999-03-04,25.095184326171875,25.095184326171875
1999-03-05,26.060382070716905,26.221248626708984
1999-03-08,26.221254637747098,26.542987823486328
1999-03-09,27.025584384534486,27.186450958251953
1999-03-10,27.99077297497347,27.829906463623047
1999-03-11,27.99078698885643,28.473386764526367
1999-03-12,28.473386764526367,28.473386764526367
1999-03-15,29.43858191172282,28.955982208251953
1999-03-16,29.921170732249383,29.599437713623047
1999-03-17,30.082036251717426,30.242902755737305
1999-03-18,29.599433694931275,30.082033157348633
1999-03-19,30.564635763777066,30.242902755737305
1999-03-22,30.242902755737305,30.242902755737305
1999-03-23,29.760311514466675,29.277711868286133
1999-03-24,29.438571204309877,29.599437713623047
1999-03-25,30.082035539011475,30.40376853942871
1999-03-26,29.760304222936217,29.599437713623047
1999-03-29,29.599433694931275,30.082033157348633
1999-03-30,29.760309219360348,29.76030921936035
1999-03-31,29.921170732249383,29.599437713623047
1999-04-01,30.72551807604338,30.564651489257812
1999-04-05,30.564635039637327,30.40376853942871
1999-04-06,30.725510028977467,31.047243118286133
1999-04-07,30.72550888856252,30.886375427246094
1999-04-08,31.36897468566894,31.368974685668945
1999-04-09,31.04724311828613,31.047243118286133
1999-04-12,30.72550888856252,30.886375427246094
1999-04-13,31.208109662940462,31.047243118286133
1999-04-14,31.69070361358951,31.85157012939453
1999-04-15,31.690702438354492,31.690702438354492
1999-04-16,32.01243664519956,31.85157012939453
1999-04-19,31.851580904931136,31.208114624023438
1999-04-20,32.0124497510949,31.529850006103516
1999-04-21,31.04724311828613,31.047243118286133
1999-04-22,31.04724311828613,31.047243118286133
1999-04-23,31.36897468566894,31.368974685668945
1999-04-26,31.529850006103516,31.529850006103516
1999-04-27,31.851570129394535,31.85157012939453
1999-04-28,31.52983592851513,31.690702438354492
1999-04-29,31.851568948193854,31.690702438354492
1999-04-30,31.529841581980385,30.886375427246094
1999-05-03,31.047241611969774,31.368974685668945
1999-05-04,31.20810814881936,31.368974685668945
1999-05-05,31.368981194250363,31.208114624023438
1999-05-06,32.01243664519956,31.85157012939453
1999-05-07,31.851583169431102,31.529850006103516
1999-05-10,31.368969418675768,31.690702438354492
1999-05-11,31.20810814881936,31.368974685668945
1999-05-12,31.208109662940462,31.047243118286133
1999-05-13,30.72551807604338,30.564651489257812
1999-05-14,30.242902755737305,30.242902755737305
1999-05-17,29.43857726207754,29.116844177246094
1999-05-18,29.599444965739828,29.277711868286133
1999-05-19,28.63424907260471,28.955982208251953
1999-05-20,29.116848776075575,28.955982208251953
1999-05-21,28.955978007798784,28.634244918823242
1999-05-24,29.27771614117329,28.795116424560547
1999-05-25,28.955982208251953,28.955982208251953
1999-05-26,29.11683818568354,29.599437713623047
1999-05-27,29.277711096774325,28.634244918823242
1999-05-28,28.95597763483037,29.116844177246094
1999-06-01,29.76030018240373,30.082033157348633
1999-06-02,30.082033157348633,30.082033157348633
1999-06-03,29.760304222936217,29.599437713623047
1999-06-04,29.760304222936217,29.599437713623047
1999-06-07,30.242899644821087,30.082033157348633
1999-06-08,30.564635039637327,30.40376853942871
1999-06-09,30.886384662828945,30.564651489257812
1999-06-10,31.529841222518527,31.368974685668945
1999-06-11,32.17330477130947,32.334171295166016
1999-06-14,31.690702438354492,31.690702438354492
1999-06-15,32.0124397277832,32.0124397277832
1999-06-16,31.690706665192415,32.0124397277832
1999-06-17,32.17330403847269,32.49503707885742
1999-06-18,32.0124397277832,32.0124397277832
1999-06-21,32.0124397277832,32.0124397277832
1999-06-22,32.17330625907859,32.0124397277832
1999-06-23,31.690707759368113,31.368974685668945
1999-06-24,31.69071658776731,31.529850006103516
1999-06-25,31.529850006103516,31.529850006103516
1999-06-28,32.01243545803322,31.690702438354492
1999-06-29,32.173301696777344,32.173301696777344
1999-06-30,32.173301696777344,32.173301696777344
1999-07-01,32.49504695219152,32.81678009033203
1999-07-02,32.977638244628906,32.977638244628906
1999-07-06,33.460246366613056,32.81678009033203
1999-07-07,32.977638244628906,32.977638244628906
1999-07-08,32.655906677246094,32.655906677246094
1999-07-09,32.65590434287911,32.334171295166016
1999-07-12,32.977638244628906,32.977638244628906
1999-07-13,32.977638244628906,32.977638244628906
1999-07-14,33.46024245850778,33.62110900878906
1999-07-15,34.10371478473971,33.942848205566406
1999-07-16,34.10371478473971,33.942848205566406
1999-07-19,34.26457139487579,34.425437927246094
1999-07-20,34.2645705631801,33.7819709777832
1999-07-21,33.942832227023146,34.10369873046875
1999-07-22,33.46023782869665,32.977638244628906
1999-07-23,32.81678009033203,32.81678009033203
1999-07-26,32.655906677246094,32.655906677246094
1999-07-27,32.97764732287481,33.46024703979492
1999-07-28,33.62110900878906,33.62110900878906
1999-07-29,34.10370403471447,33.7819709777832
1999-07-30,34.42545236986737,34.58631896972656
1999-08-02,34.5863044596164,34.425437927246094
1999-08-03,34.5863044596164,34.425437927246094
1999-08-04,34.264581363913,33.942848205566406
1999-08-05,33.62110444931756,33.7819709777832
1999-08-06,33.46023782869665,32.977638244628906
1999-08-09,32.977638244628906,32.977638244628906
1999-08-10,33.13851322847255,32.81678009033203
1999-08-11,32.8167672018403,33.13850021362305
1999-08-12,33.29938046748822,33.46024703979492
1999-08-13,33.6211150472198,33.942848205566406
1999-08-16,34.4254463446532,34.26457977294922
1999-08-17,34.7471923828125,34.7471923828125
1999-08-18,34.74718556958576,34.58631896972656
1999-08-19,34.90804137486845,35.229774475097656
1999-08-20,36.19496696873715,36.67756652832031
1999-08-23,36.51669692993164,36.51669692993164
1999-08-24,36.03410339355469,36.03410339355469
1999-08-25,35.67893600463867,35.67893600463867
1999-08-26,35.19459533691406,35.19459533691406
1999-08-27,34.87171802432856,35.03316116333008
1999-08-30,35.67892969304865,35.517486572265625
1999-08-31,34.548831939697266,34.548831939697266
1999-09-01,35.67893333606121,36.0018196105957
1999-09-02,35.51750748245804,34.871734619140625
1999-09-03,35.356049705954156,35.67893600463867
1999-09-07,35.03317783496998,34.871734619140625
1999-09-08,35.03315223903831,35.19459533691406
1999-09-09,36.16326388888889,36.32470703125
1999-09-10,36.48614767619542,36.16326141357422
1999-09-13,36.486144886266715,36.97047424316406
1999-09-14,36.80903125864215,36.48614501953125
1999-09-15,37.293360481095625,36.97047424316406
1999-09-16,36.48614501953125,36.48614501953125
1999-09-17,36.48614501953125,36.48614501953125
1999-09-20,36.80902862548828,36.80902862548828
1999-09-21,36.970479600694446,36.32470703125
1999-09-22,36.324704544884824,36.16326141357422
1999-09-23,36.324703371202624,35.84037399291992
1999-09-24,35.1946043023316,35.03316116333008
1999-09-27,35.19459533691406,35.19459533691406
1999-09-28,35.356049705954156,35.67893600463867
1999-09-29,35.51748789608751,35.35604476928711
1999-09-30,36.486149022397434,36.0018196105957
1999-10-01,36.64758551748176,36.80902862548828
1999-10-04,36.80903112419828,36.97047424316406
1999-10-05,36.64759080750602,36.16326141357422
1999-10-06,36.486136112969355,36.647579193115234
1999-10-07,36.48614501953125,36.48614501953125
1999-10-08,36.3246993014687,36.80902862548828
1999-10-11,36.80903112419828,36.97047424316406
1999-10-12,37.293359159386675,37.13191604614258
1999-10-13,36.64759215966468,36.0018196105957
1999-10-14,37.13191604614258,37.13191604614258
1999-10-15,36.486150173611115,36.32470703125
1999-10-18,35.840379153980926,35.67893600463867
1999-10-19,36.16326141357422,36.16326141357422
1999-10-20,36.486136112969355,36.647579193115234
1999-10-21,36.16325878042036,36.48614501953125
1999-10-22,36.80903112419828,36.97047424316406
1999-10-25,36.80903112419828,36.97047424316406
1999-10-26,37.293370390143004,37.61625671386719
1999-10-27,37.29336794491472,37.454811096191406
1999-10-28,37.293370390143004,37.61625671386719
1999-10-29,38.26202392578125,38.26202392578125
1999-11-01,38.100580981653984,37.77769470214844
1999-11-02,38.100575808261304,37.93913269042969
1999-11-03,38.4234619140625,38.4234619140625
1999-11-04,38.7463468288278,38.584903717041016
1999-11-05,38.58490503134848,38.4234619140625
1999-11-08,37.77769450899921,38.26202392578125
1999-11-09,38.26202392578125,38.26202392578125
1999-11-10,38.42348062349058,38.90781021118164
1999-11-11,38.423460605254235,38.584903717041016
1999-11-12,38.74635696411133,38.74635696411133
1999-11-15,38.584903717041016,38.584903717041016
1999-11-16,38.26201879677652,38.4234619140625
1999-11-17,38.423460605254235,38.584903717041016
1999-11-18,38.90778853177043,39.230674743652344
1999-11-19,39.39213562011719,39.39213562011719
1999-11-22,39.71502030280329,40.037906646728516
1999-11-23,40.037904191113675,39.876461029052734
1999-11-24,39.71501786699179,39.876461029052734
1999-11-26,40.037893749418714,40.68366622924805
1999-11-29,40.522229583740234,40.36078643798828
1999-11-30,39.715021977659134,39.39213562011719
1999-12-01,39.715021977659134,39.39213562011719
1999-12-02,39.39212665168606,39.55356979370117
1999-12-03,39.876458332720524,40.199344635009766
1999-12-06,39.87646515643011,39.39213562011719
1999-12-07,39.71501922607422,39.71501922607422
1999-12-08,39.2306798824594,39.069236755371094
1999-12-09,39.715012935716274,39.55356979370117
1999-12-10,39.55357605848855,39.71501922607422
1999-12-13,39.39212300954771,39.069236755371094
1999-12-14,38.7463468288278,38.584903717041016
1999-12-15,38.74635696411133,38.74635696411133
1999-12-16,38.90778853177043,39.230674743652344
1999-12-17,39.87646515643011,39.39213562011719
1999-12-20,39.87646239365989,39.71501922607422
1999-12-21,39.83857574776858,39.513362884521484
1999-12-22,40.489013671875,40.489013671875
1999-12-23,40.81423568725586,40.81423568725586
1999-12-27,41.3020460749247,40.489013671875
1999-12-28,40.976844877355234,41.464664459228516
1999-12-29,41.62726230694981,42.115081787109375
1999-12-30,42.115081787109375,42.115081787109375
1999-12-31,41.95246913515288,42.44028854370117
2000-01-03,42.92811425404199,42.115081787109375
2000-01-04,41.3020501515222,40.976837158203125
2000-01-05,39.51337574550084,39.83858871459961
2000-01-06,38.53773354063643,38.212520599365234
2000-01-07,38.53774275779724,39.02556228637695
2000-01-10,39.51338453761867,39.67599105834961
2000-01-11,39.67597816404232,39.350765228271484
2000-01-12,39.51338181495667,39.02556228637695
2000-01-13,39.51338453761867,39.67599105834961
2000-01-14,39.83859511894908,40.00120162963867
2000-01-18,40.65163018273526,39.67599105834961
2000-01-19,39.350765228271484,39.350765228271484
2000-01-20,39.18816879590352,39.02556228637695
2000-01-21,39.350772682094174,38.862953186035156
2000-01-24,39.513376524468434,38.70034408569336
2000-01-25,39.18817901611328,39.18817901611328
2000-01-26,39.51338453761867,39.67599105834961
2000-01-27,40.16379756769858,39.350765228271484
2000-01-28,40.489020872116086,39.02556228637695
2000-01-31,39.675988608259495,40.00120162963867
2000-02-01,39.83859511894908,40.00120162963867
2000-02-02,40.326416015625,40.326416015625
2000-02-03,40.48901766822452,40.976837158203125
2000-02-04,41.46464802324772,41.627254486083984
2000-02-07,41.3020501515222,40.976837158203125
2000-02-08,40.65162904800907,40.326416015625
2000-02-09,40.489022531817035,40.326416015625
2000-02-10,40.65162904800907,40.326416015625
2000-02-11,40.16380814032826,40.00120162963867
2000-02-14,40.326406005859376,40.65161895751953
2000-02-15,39.67597816404232,39.350765228271484
2000-02-16,39.35078556804736,39.18817901611328
2000-02-17,39.83857574776858,39.513362884521484
2000-02-18,39.18816618340783,38.862953186035156
2000-02-22,37.887307658094045,38.212520599365234
2000-02-23,38.04992417102208,37.8873176574707
2000-02-24,38.375128265120026,38.0499153137207
2000-02-25,38.862951785703245,38.53773880004883
2000-02-28,39.51339211998144,39.18817901611328
2000-02-29,39.188150021274396,39.513362884521484
2000-03-01,39.83859646704889,40.326416015625
2000-03-02,40.32639504263921,39.513362884521484
2000-03-03,39.51337574550084,39.83858871459961
2000-03-06,38.70032727516303,38.37511444091797
2000-03-07,39.350772682094174,38.862953186035156
2000-03-08,39.188150021274396,39.513362884521484
2000-03-09,39.0255724641792,39.18817901611328
2000-03-10,38.70034668734881,38.862953186035156
2000-03-13,37.399482390954105,36.91166305541992
2000-03-14,37.72470594794203,37.56209945678711
2000-03-15,37.39948941092206,38.0499153137207
2000-03-16,39.02554358965085,39.513362884521484
2000-03-17,39.35077530543009,39.02556228637695
2000-03-20,39.02555229250064,39.350765228271484
2000-03-21,38.862965912245116,39.18817901611328
2000-03-22,38.537740188662475,38.862953186035156
2000-03-23,38.537740188662475,38.862953186035156
2000-03-24,39.18816618340783,38.862953186035156
2000-03-27,39.5133716961569,39.350765228271484
2000-03-28,40.326416015625,40.326416015625
2000-03-29,41.627254486083984,41.627254486083984
2000-03-30,41.30205154418945,41.30205154418945
2000-03-31,42.44028880379417,42.92810821533203
2000-04-03,42.11507560466898,42.44028854370117
2000-04-04,41.95247755275936,41.30205154418945
2000-04-05,41.13945140464633,41.464664459228516
2000-04-06,41.13944504204697,41.30205154418945
2000-04-07,41.30205793193742,41.464664459228516
2000-04-10,41.46465804633193,41.30205154418945
2000-04-11,41.13944365486267,40.976837158203125
2000-04-12,41.46465804633193,41.30205154418945
2000-04-13,40.65161895751953,40.65161895751953
2000-04-14,40.16379756769858,39.350765228271484
2000-04-17,38.212519953073546,39.350765228271484
2000-04-18,39.35075645289794,39.513362884521484
2000-04-19,39.67599867191552,39.18817901611328
2000-04-20,39.51337574550084,39.83858871459961
2000-04-24,40.163810620542435,39.67599105834961
2000-04-25,40.32641613720897,40.81423568725586
2000-04-26,40.489021161707434,40.00120162963867
2000-04-27,39.35075645289794,39.513362884521484
2000-04-28,39.838597579080556,39.67599105834961
2000-05-01,40.00119423004518,40.489013671875
2000-05-02,40.32641465101785,40.00120162963867
2000-05-03,40.001182179392124,39.513362884521484
2000-05-04,39.675988608259495,40.00120162963867
2000-05-05,39.83859511894908,40.00120162963867
2000-05-08,39.67599105834961,39.67599105834961
2000-05-09,39.35078556804736,39.18817901611328
2000-05-10,39.02555968472149,38.862953186035156
2000-05-11,38.21252861224785,38.41578674316406
2000-05-12,38.70034926732381,39.02556228637695
2000-05-15,38.862953186035156,38.862953186035156
2000-05-16,39.02556228637695,39.02556228637695
2000-05-17,38.212521789420364,38.0499153137207
2000-05-18,38.37512707000083,38.212520599365234
2000-05-19,37.88731889067025,37.72471237182617
2000-05-22,37.074274518848526,36.749061584472656
2000-05-23,36.91166805166059,36.749061584472656
2000-05-24,36.91167091701342,37.39949035644531
2000-05-25,37.56210312090422,37.074283599853516
2000-05-26,37.074277396824044,37.39949035644531
2000-05-30,37.887295189550365,38.37511444091797
2000-05-31,37.23688387663468,37.39949035644531
2000-06-01,37.399498116816574,37.8873176574707
2000-06-02,38.37513624827067,39.02556228637695
2000-06-05,39.18816879590352,39.02556228637695
2000-06-06,39.0255724641792,39.18817901611328
2000-06-07,39.18815876038607,39.350765228271484
2000-06-08,39.35077530543009,39.02556228637695
2000-06-09,39.02555706120339,38.70034408569336
2000-06-12,39.025558278530454,38.53773880004883
2000-06-13,38.70034529287604,38.53773880004883
2000-06-14,38.0499153137207,38.0499153137207
2000-06-15,37.56209683625594,37.39949035644531
2000-06-16,37.39949538718144,37.23688888549805
2000-06-19,38.049901606672904,38.37511444091797
2000-06-20,38.862953186035156,38.862953186035156
2000-06-21,39.02556228637695,39.02556228637695
2000-06-22,39.5133716961569,39.350765228271484
2000-06-23,39.18816354895841,38.70034408569336
2000-06-26,38.86295057344838,38.70034408569336
2000-06-27,39.18817901611328,39.18817901611328
2000-06-28,39.35077801688773,39.67599105834961
2000-06-29,39.513377892925014,42.115081787109375
2000-06-30,39.35075645289794,39.513362884521484
2000-07-03,39.675982230050224,39.83858871459961
2000-07-05,39.51337918078051,38.862953186035156
2000-07-06,38.862965912245116,39.18817901611328
2000-07-07,39.18815876038607,39.350765228271484
2000-07-10,39.35075645289794,39.513362884521484
2000-07-11,39.35075645289794,39.513362884521484
2000-07-12,39.18817901611328,39.18817901611328
2000-07-13,38.5377208580405,38.37511444091797
2000-07-14,38.37511444091797,38.37511444091797
2000-07-17,38.212520599365234,38.212520599365234
2000-07-18,37.074283599853516,37.074283599853516
2000-07-19,37.074274518848526,36.749061584472656
2000-07-20,36.74906700101249,37.56209945678711
2000-07-21,36.26124453544617,36.423851013183594
2000-07-24,36.42385586825284,35.77342987060547
2000-07-25,36.098639244455924,36.26124572753906
2000-07-26,35.93604278564453,35.93604278564453
2000-07-27,35.12300749747984,35.285614013671875
2000-07-28,34.79779421548708,34.309974670410156
2000-07-31,34.96040980021159,35.123016357421875
2000-08-01,35.44821548461914,35.44821548461914
2000-08-02,35.285608991570435,35.44821548461914
2000-08-03,34.9604009812878,35.285614013671875
2000-08-04,35.44821548461914,35.44821548461914
2000-08-07,35.44821428272822,35.61082077026367
2000-08-08,35.285608991570435,35.44821548461914
2000-08-09,36.098642869429156,35.77342987060547
2000-08-10,35.61082077026367,35.61082077026367
2000-08-11,35.77342746494053,36.09864044189453
2000-08-14,35.61082972876087,35.93604278564453
2000-08-15,35.93603276137279,36.26124572753906
2000-08-16,36.098642869429156,35.77342987060547
2000-08-17,35.610823371193625,35.77342987060547
2000-08-18,35.773436257202704,35.93604278564453
2000-08-21,35.77342987060547,35.77342987060547
2000-08-22,36.098649314086366,35.93604278564453
2000-08-23,36.423857421875,36.586463928222656
2000-08-24,37.29471969604492,37.29471969604492
2000-08-25,37.462712560381206,37.630706787109375
2000-08-28,37.96669510492669,38.13468933105469
2000-08-29,37.96670913696289,37.96670913696289
2000-08-30,37.46271269785333,37.12672424316406
2000-08-31,37.46272277832031,37.46272277832031
2000-09-01,37.46272133721246,37.798709869384766
2000-09-05,37.12672825034605,36.622745513916016
2000-09-06,36.79073975939269,36.622745513916016
2000-09-07,36.79073456850919,36.9587287902832
2000-09-08,36.958723721438886,36.79072952270508
2000-09-11,35.95077747768826,36.286766052246094
2000-09-12,35.950767517089844,35.950767517089844
2000-09-13,35.782779693603516,35.782779693603516
2000-09-14,35.950773964465505,35.782779693603516
2000-09-15,35.782777307157836,35.4467887878418
2000-09-18,35.95076506992556,35.614776611328125
2000-09-19,35.95077747768826,36.286766052246094
2000-09-20,36.62274813322428,36.45475387573242
2000-09-21,36.28676488122275,36.118770599365234
2000-09-22,35.44679115187954,35.782779693603516
2000-09-25,35.95077156681585,35.4467887878418
2000-09-26,35.614776611328125,35.614776611328125
2000-09-27,35.27880362916791,35.110809326171875
2000-09-28,35.11079392343197,35.614776611328125
2000-09-29,35.11079392343197,35.614776611328125
2000-10-02,35.95076506992556,35.614776611328125
2000-10-03,35.950776317507724,36.118770599365234
2000-10-04,36.11877176496718,36.286766052246094
2000-10-05,36.118770599365234,36.118770599365234
2000-10-06,36.11875929922428,35.614776611328125
2000-10-09,35.44678238202941,35.614776611328125
2000-10-10,35.44678238202941,35.614776611328125
2000-10-11,34.77481460571289,34.77481460571289
2000-10-12,35.110807344025254,34.270835876464844
2000-10-13,34.7748207201798,35.110809326171875
2000-10-16,34.77481460571289,34.77481460571289
2000-10-17,34.77481368492389,34.10283660888672
2000-10-18,33.43087118148804,33.5988655090332
2000-10-19,33.93484091409823,34.43882369995117
2000-10-20,34.27083087789601,34.10283660888672
2000-10-23,33.934847289440675,34.270835876464844
2000-10-24,33.93484233987743,34.10283660888672
2000-10-25,33.5988655090332,33.5988655090332
2000-10-26,34.1028303649295,33.766841888427734
2000-10-27,34.10284158295276,34.270835876464844
2000-10-30,33.43085861206055,33.43085861206055
2000-10-31,33.76684807086813,34.10283660888672
2000-11-01,34.1028315855725,33.934837341308594
2000-11-02,34.270823062044904,34.6068115234375
2000-11-03,34.60682641718376,35.110809326171875
2000-11-06,35.27878952026367,35.27878952026367
2000-11-07,35.110809326171875,35.110809326171875
2000-11-08,35.11080315262799,34.77481460571289
2000-11-09,34.438830169976924,34.270835876464844
2000-11-10,34.1028484916687,33.5988655090332
2000-11-13,33.094870083296115,33.43085861206055
2000-11-14,33.76684807086813,34.10283660888672
2000-11-15,33.5988655090332,33.5988655090332
2000-11-16,32.92686981515786,32.59088134765625
2000-11-17,32.92687225341797,32.92687225341797
2000-11-20,32.75887310504913,32.25489044189453
2000-11-21,32.25489951685855,31.91891098022461
2000-11-22,31.582920788443662,31.414926528930664
2000-11-24,31.750918165166325,31.582923889160156
2000-11-27,32.42289883678497,32.086910247802734
2000-11-28,32.25489951685855,31.91891098022461
2000-11-29,31.58292505980799,31.750919342041016
2000-11-30,31.750918165166325,31.582923889160156
2000-12-01,32.422887113905446,32.59088134765625
2000-12-04,32.42289883678497,32.086910247802734
2000-12-05,31.918915953311622,32.086910247802734
2000-12-06,31.918915953311622,32.086910247802734
2000-12-07,32.08690790650706,31.750919342041016
2000-12-08,32.08690790650706,31.750919342041016
2000-12-11,32.42289587167593,32.75888442993164
2000-12-12,32.25489044189453,32.25489044189453
2000-12-13,32.25489951685855,31.91891098022461
2000-12-14,31.918910980224606,31.91891098022461
2000-12-15,31.582920301282726,31.078937530517578
2000-12-18,31.414925329146847,31.246931076049805
2000-12-19,30.742949965250425,30.40696144104004
2000-12-20,31.460358864920483,30.93012809753418
2000-12-21,30.576626777648926,30.75337028503418
2000-12-22,31.283607482910153,31.283607482910156
2000-12-26,31.460348172621295,31.106861114501953
2000-12-27,31.106868615311182,31.460355758666992
2000-12-28,31.283612186989085,31.460355758666992
2000-12-29,31.106863937808967,31.283607482910156
2001-01-02,31.460348172621295,31.106861114501953
2001-01-03,31.10686094864555,32.520809173583984
2001-01-04,31.460358864920483,30.93012809753418
2001-01-05,31.106857299804688,30.75337028503418
2001-01-08,30.753384508405414,30.93012809753418
2001-01-09,30.75337028503418,30.75337028503418
2001-01-10,30.399899389013388,30.576642990112305
2001-01-11,29.692920684814453,29.692920684814453
2001-01-12,29.692920684814453,29.692920684814453
2001-01-16,30.046400995979536,30.22314453125
2001-01-17,30.75337028503418,30.75337028503418
2001-01-18,31.106861988259425,31.63709259033203
2001-01-19,31.460348172621295,31.106861114501953
2001-01-22,31.106863937808967,31.283607482910156
2001-01-23,31.283607482910153,31.283607482910156
2001-01-24,30.930128097534183,30.93012809753418
2001-01-25,30.930128097534183,30.93012809753418
2001-01-26,30.753386591211218,30.576642990112305
2001-01-29,30.96547224748526,31.19170379638672
2001-01-30,31.07857998724689,31.304811477661133
2001-01-31,31.135140726405638,31.106861114501953
2001-02-01,31.106866377356663,31.219982147216797
2001-02-02,30.96547156486042,30.795799255371094
2001-02-05,30.428175296988147,30.626127243041992
2001-02-06,30.42815948815008,30.59783172607422
2001-02-07,30.145383195421882,30.117103576660156
2001-02-08,29.975720225890957,30.060556411743164
2001-02-09,30.201942432945334,30.117103576660156
2001-02-12,30.145392597595375,30.060556411743164
2001-02-13,30.003999178420013,30.201953887939453
2001-02-14,30.003982372688235,29.947425842285156
2001-02-15,30.145383536406836,30.39989471435547
2001-02-16,29.97571148437938,29.692920684814453
2001-02-20,29.975711654245835,29.83431625366211
2001-02-21,29.55151731142923,29.49496078491211
2001-02-22,29.69291541246186,29.57979965209961
2001-02-23,29.721187809993413,30.17365074157715
2001-02-26,30.173662359730447,30.3150577545166
2001-02-27,30.145382228503454,29.975709915161133
2001-02-28,29.551520399116754,29.777751922607422
2001-03-01,29.18388899174508,29.38184356689453
2001-03-02,28.194132659731984,28.278968811035156
2001-03-05,28.16585366553975,28.222410202026367
2001-03-06,29.127343494287988,29.099063873291016
2001-03-07,29.09907087230573,29.070791244506836
2001-03-08,29.127343494287988,29.099063873291016
2001-03-09,28.95765066724764,28.448631286621094
2001-03-12,27.713391439132106,27.543716430664062
2001-03-13,27.374048847392768,27.76995277404785
2001-03-14,25.733865429619367,25.90353775024414
2001-03-15,27.317476090945792,27.26091957092285
2001-03-16,27.37404343065445,27.147811889648438
2001-03-19,27.571993971051665,27.487157821655273
2001-03-20,27.76995214901404,27.289209365844727
2001-03-21,28.50519328165982,28.618309020996094
2001-03-22,28.222409578904625,28.278968811035156
2001-03-23,29.410122938949392,29.636354446411133
2001-03-26,30.456453952518682,30.39989471435547
2001-03-27,30.371608646068005,31.163421630859375
2001-03-28,30.597857913190527,30.201953887939453
2001-03-29,29.410133846831688,29.29701805114746
2001-03-30,29.01421799075328,28.957658767700195
2001-04-02,28.590023910917036,28.448631286621094
2001-04-03,28.759706497192383,28.759706497192383
2001-04-04,29.155611826133654,29.551515579223633
2001-04-05,30.315062509514654,30.54129409790039
2001-04-06,29.749469506595954,29.91914176940918
2001-04-09,29.127337407652107,28.901105880737305
2001-04-10,28.929391040950403,29.29701805114746
2001-04-11,29.692921134931673,29.127342224121094
2001-04-12,29.325291223301445,29.74947738647461
2001-04-16,29.12733523992243,29.155614852905273
2001-04-17,29.268737792968746,29.26873779296875
2001-04-18,30.484708077528488,31.361356735229492
2001-04-19,30.93719466505851,30.880638122558594
2001-04-20,30.6543939242443,30.512998580932617
2001-04-23,30.286780205995257,30.45645523071289
2001-04-24,30.68268439633006,30.484729766845703
2001-04-25,30.710959928645277,30.82407569885254
2001-04-26,31.106866472817043,30.82407569885254
2001-04-27,31.304797539362575,31.361356735229492
2001-04-30,31.559330803123725,31.729005813598633
2001-05-01,32.153183559226854,32.492530822753906
2001-05-02,32.662214911639644,32.605655670166016
2001-05-03,32.66221587071383,32.379425048828125
2001-05-04,32.12490142038252,32.46424865722656
2001-05-07,33.14296850326581,33.114688873291016
2001-05-08,32.37941252223858,32.46424865722656
2001-05-09,31.78555597313848,31.700719833374023
2001-05-10,31.898683727572863,31.587615966796875
2001-05-11,31.7290035333925,31.446212768554688
2001-05-14,31.078588310469442,30.937192916870117
2001-05-15,31.106866377356663,31.219982147216797
2001-05-16,30.569571970833884,31.135150909423828
2001-05-17,31.44620683339306,31.304811477661133
2001-05-18,31.13515536551266,31.078596115112305
2001-05-21,31.248259506759613,31.785558700561523
2001-05-22,31.559322578600185,31.304811477661133
2001-05-23,31.587609143880222,31.67244529724121
2001-05-24,31.61588876063145,31.67244529724121
2001-05-25,31.47449238441699,31.446212768554688
2001-05-29,31.248271518293517,30.908924102783203
2001-05-30,30.739236661355832,30.682680130004883
2001-05-31,30.852355792903293,30.795799255371094
2001-06-01,30.767506660889957,30.59783172607422
2001-06-04,30.68268918465554,30.710966110229492
2001-06-05,30.399895677011028,30.626127243041992
2001-06-06,30.173674258451832,30.201953887939453
2001-06-07,30.343335476192255,30.39989471435547
2001-06-08,30.39987880166646,30.371599197387695
2001-06-11,30.003988406821527,29.692920684814453
2001-06-12,29.127345706067775,29.29701805114746
2001-06-13,29.38185357577597,29.26873779296875
2001-06-14,29.070774516914174,28.957658767700195
2001-06-15,28.872823305612755,28.59003257751465
2001-06-18,28.674886071956593,28.6466064453125
2001-06-19,28.703150696573623,28.476919174194336
2001-06-20,28.392081768849412,28.505197525024414
2001-06-21,28.95766720243143,29.127342224121094
2001-06-22,29.410132096976355,28.98594856262207
2001-06-25,29.07078441296767,28.787996292114258
2001-06-26,28.73142645114703,28.872821807861328
2001-06-27,28.787991193348667,28.73143196105957
2001-06-28,28.64660293267448,28.844554901123047
2001-06-29,28.92938232421875,28.92938232421875
2001-07-02,28.844542197140047,28.872821807861328
2001-07-03,28.816273216374423,28.787996292114258
2001-07-05,28.052733524781814,27.883058547973633
2001-07-06,27.57199100112486,27.176084518432617
2001-07-09,27.345764501528652,27.543716430664062
2001-07-10,27.572000190141914,27.289209365844727
2001-07-11,27.317482805136077,27.402318954467773
2001-07-12,27.854780150431505,28.165847778320312
2001-07-13,27.85478700907031,27.68511199951172
2001-07-16,27.345768609461434,27.289209365844727
2001-07-17,26.89330655138077,27.204374313354492
2001-07-18,26.808456244151124,26.75189971923828
2001-07-19,27.176090546300532,27.006418228149414
2001-07-20,26.893301189222562,27.034696578979492
2001-07-23,26.27116230815042,26.016651153564453
2001-07-24,26.384277445793725,26.073209762573242
2001-07-25,26.695348270637876,26.80846405029297
2001-07-26,26.75190507544925,26.469114303588867
2001-07-27,26.69534718389863,26.978137969970703
2001-07-30,26.214608498459366,26.101490020751953
2001-07-31,26.55395841103291,26.58223533630371
2001-08-01,26.978134967489485,27.062971115112305
2001-08-02,27.68511199951172,27.68511199951172
2001-08-03,27.232652819121192,27.289209365844727
2001-08-06,27.232641653385148,27.119525909423828
2001-08-07,27.2043750945905,27.37405014038086
2001-08-08,27.487152751521133,27.119525909423828
2001-08-09,26.780185416795565,27.034696578979492
2001-08-10,26.695343854742724,26.865018844604492
2001-08-13,26.49739490276799,26.69534683227539
2001-08-14,27.260930376502717,27.232650756835938
2001-08-15,27.487161940051042,27.232650756835938
2001-08-16,27.176088516152422,27.31748390197754
2001-08-17,26.667068922648205,26.469114303588867
2001-08-20,26.44084261927008,26.58223533630371
2001-08-21,26.695343661502505,26.723623275756836
2001-08-22,27.03469720594224,26.978137969970703
2001-08-23,26.667068922648205,26.469114303588867
2001-08-24,26.751903083660803,26.865018844604492
2001-08-27,26.58222708913752,26.63878631591797
2001-08-28,26.553956019941403,26.32772445678711
2001-08-29,26.29944432652347,25.90353775024414
2001-08-30,25.62074193726322,25.451066970825195
2001-08-31,25.592462318064428,25.846973419189453
2001-09-04,25.564190852207158,25.33795928955078
2001-09-05,25.140006675568102,24.857215881347656
2001-09-06,24.772381139323873,24.51786994934082
2001-09-07,24.461307525634766,24.461307525634766
2001-09-10,24.037123101827795,24.319913864135742
2001-09-17,23.754333612613078,23.443265914916992
2001-09-18,23.471543002499924,23.49982261657715
2001-09-19,24.00884548010093,23.924009323120117
2001-09-20,23.47154758559985,23.132200241088867
2001-09-21,22.62317127071563,22.905961990356445
2001-09-24,23.217028665200253,23.75432777404785
2001-09-25,23.754338276239096,23.612945556640625
2001-09-26,23.584662404345732,23.273591995239258
2001-09-27,22.962525690064744,23.019084930419922
2001-09-28,23.18874905502615,23.75432777404785
2001-10-01,23.669502105101362,23.612945556640625
2001-10-02,23.86745545102365,24.178525924682617
2001-10-03,23.754334984353765,24.404752731323242
2001-10-04,24.461306548397136,24.319913864135742
2001-10-05,24.03712272644043,24.03712272644043
2001-10-08,23.98056051024162,24.12195587158203
2001-10-09,23.754338429987612,23.66950225830078
2001-10-10,23.66949690311733,23.952287673950195
2001-10-11,24.31991483572469,24.461307525634766
2001-10-12,24.291635218985594,24.461307525634766
2001-10-15,24.291638051719264,24.235078811645508
2001-10-16,24.348186528104733,24.433025360107422
2001-10-17,24.88549610501437,24.348194122314453
2001-10-18,24.20680554899587,24.178525924682617
2001-10-19,24.065405065863363,24.20680046081543
2001-10-22,24.29163000366172,24.433025360107422
2001-10-23,24.602702912437532,24.461307525634766
2001-10-24,24.489590328922027,24.51786994934082
2001-10-25,24.574418995578622,24.970325469970703
2001-10-26,24.772377637994868,24.715818405151367
2001-10-29,24.348187370969804,24.12195587158203
2001-10-30,23.952281288527146,23.528095245361328
2001-10-31,23.754328244408356,23.726051330566406
2001-11-01,24.00884311127276,24.03712272644043
2001-11-02,23.78261267207194,23.952287673950195
2001-11-05,24.00884012188814,24.12195587158203
2001-11-06,24.121963354156847,24.51786994934082
2001-11-07,23.697776794433594,23.697776794433594
2001-11-08,24.121959978935784,23.952287673950195
2001-11-09,23.726054135410056,23.49982261657715
2001-11-12,23.38670919678836,23.301870346069336
2001-11-13,23.3018692690442,23.47154426574707
2001-11-14,23.443266845776066,23.2170352935791
2001-11-15,23.66949589333153,23.641216278076172
2001-11-16,23.641222482424364,23.612945556640625
2001-11-19,24.2067979884558,23.782611846923828
2001-11-20,23.782611846923828,23.782611846923828
2001-11-21,23.754334473368598,23.980566024780273
2001-11-23,23.810893709667926,23.980566024780273
2001-11-26,24.31991593400496,24.37647247314453
2001-11-27,24.263362100728965,24.178525924682617
2001-11-28,23.669502105101362,23.612945556640625
2001-11-29,23.669503381523228,23.584667205810547
2001-11-30,23.726056411223407,23.697776794433594
2001-12-03,23.217036562542518,23.188756942749023
2001-12-04,23.047360441467013,23.273591995239258
2001-12-05,23.726057391200627,23.924009323120117
2001-12-06,23.867443990452504,23.726051330566406
2001-12-07,23.075639899232794,23.2170352935791
2001-12-10,22.651459060913474,22.396947860717773
2001-12-11,22.510063962281283,22.594900131225586
2001-12-12,22.849402121634785,22.877681732177734
2001-12-13,22.170705372298034,22.28382110595703
2001-12-14,22.19899013762493,22.368663787841797
2001-12-17,22.029315948486328,22.029315948486328
2001-12-18,22.198993682861328,22.198993682861328
2001-12-19,21.91620090584408,22.085874557495117
2001-12-20,22.255550049754685,22.057598114013672
2001-12-21,22.001038405892757,22.085874557495117
2001-12-24,21.718244756288996,21.85964012145996
2001-12-26,21.49201466019504,21.548572540283203
2001-12-27,21.774802340991503,21.689966201782227
2001-12-28,22.255551575299393,22.198993682861328
2001-12-31,22.170716128821272,21.803089141845703
2002-01-02,21.94448789287567,21.916208267211914
2002-01-03,22.057599320789425,22.45350456237793
2002-01-04,22.651456528647916,22.821128845214844
2002-01-07,22.651453359648922,22.425220489501953
2002-01-08,22.057592831330588,21.944477081298828
2002-01-09,21.916203093845567,21.83136558532715
2002-01-10,21.63341267435851,21.605133056640625
2002-01-11,21.463739862928566,21.350624084472656
2002-01-14,21.350621803807325,21.06783103942871
2002-01-15,21.26579214170015,21.2092342376709
2002-01-16,21.067829579947926,20.954713821411133
2002-01-17,21.18095008571387,21.152671813964844
2002-01-18,21.265787044817337,21.23750877380371
2002-01-22,20.756766555845463,20.70020866394043
2002-01-23,20.502257738729533,20.587095260620117
2002-01-24,20.41741106829306,20.36085319519043
2002-01-25,20.558809280395508,20.558809280395508
2002-01-28,20.92644103318152,20.785045623779297
2002-01-29,20.53053238870287,20.219463348388672
2002-01-30,19.964948083472045,20.36085319519043
2002-01-31,20.24774097315663,20.19118309020996
2002-02-01,19.936676025390625,19.936676025390625
2002-02-04,20.07806891469593,19.569047927856445
2002-02-05,19.42764600816008,19.088298797607422
2002-02-06,19.229700373587036,18.975189208984375
2002-02-07,19.48420788227612,19.5407657623291
2002-02-08,19.71044077629442,20.049789428710938
2002-02-11,20.049789694157205,20.219463348388672
2002-02-12,20.219459186656895,20.36085319519043
2002-02-13,20.728477478027344,20.728477478027344
2002-02-14,20.869882339655533,20.70020866394043
2002-02-15,20.728482923266967,20.558809280395508
2002-02-19,20.078067321400283,19.766998291015625
2002-02-20,19.993231544715904,20.049789428710938
2002-02-21,20.502258792817628,20.389142990112305
2002-02-22,20.502246013628305,20.728477478027344
2002-02-25,20.785039457815426,20.898155212402344
2002-02-26,20.64364677605436,20.558809280395508
2002-02-27,20.982994888872167,21.06783103942871
2002-02-28,21.209227150355314,21.1243896484375
2002-03-01,21.661691545638792,22.057598114013672
2002-03-04,22.82113013924699,23.33015251159668
2002-03-05,22.99079812749182,22.905961990356445
2002-03-06,22.99080858203498,23.584667205810547
2002-03-07,24.26335463291712,24.319913864135742
2002-03-08,24.489588553826714,24.20680046081543
2002-03-11,24.489590328922027,24.51786994934082
2002-03-12,23.754329241274306,23.86744499206543
2002-03-13,23.38671158441051,23.188756942749023
2002-03-14,23.6129396468507,23.47154426574707
2002-03-15,23.980564776089377,24.09368324279785
2002-03-18,23.443263643974078,23.245311737060547
2002-03-19,23.83916807703682,23.86744499206543
2002-03-20,23.386710306173242,23.2170352935791
2002-03-21,23.217035455242623,23.273591995239258
2002-03-22,22.849405094065098,22.708009719848633
2002-03-25,22.510054894367194,22.481775283813477
2002-03-26,22.45350606683622,22.594900131225586
2002-03-27,22.6797328025193,22.708009719848633
2002-03-28,22.8494099062474,23.019084930419922
2002-04-01,22.227268304188488,22.25554656982422
2002-04-02,22.312104449541902,22.25554656982422
2002-04-03,22.90596287470867,22.679731369018555
2002-04-04,23.132194489558824,23.04735565185547
2002-04-05,23.330151232128745,23.273591995239258
2002-04-08,22.877680653929634,22.96251678466797
2002-04-09,22.90597009759563,22.79285430908203
2002-04-10,23.160472893904068,23.245311737060547
2002-04-11,22.821125848222838,22.56661605834961
2002-04-12,22.56661868720812,22.62317657470703
2002-04-15,22.764569315758784,22.56661605834961
2002-04-16,22.934245922336586,23.33015251159668
2002-04-17,23.4715447227851,23.358428955078125
2002-04-18,23.52810351407321,23.55638313293457
2002-04-19,23.556374854284105,23.528095245361328
2002-04-22,23.754338429987612,23.66950225830078
2002-04-23,23.782613129270313,23.83917236328125
2002-04-24,23.924013470254543,23.66950225830078
2002-04-25,24.037125261079606,23.980566024780273
2002-04-26,24.008840354777394,23.86744499206543
2002-04-29,23.81088746587649,23.726051330566406
2002-04-30,23.782608853195143,23.86744499206543
2002-05-01,23.867447732326955,24.03712272644043
2002-05-02,23.980564776089377,24.09368324279785
2002-05-03,24.178515094875074,24.12195587158203
2002-05-06,23.86744499206543,23.86744499206543
2002-05-07,23.78260633188243,23.528095245361328
2002-05-08,23.95229432396341,24.178525924682617
2002-05-09,23.924007227434487,23.782611846923828
2002-05-10,23.839167076610554,23.726051330566406
2002-05-13,23.726056136040967,23.952287673950195
2002-05-14,23.83917190499558,23.952287673950195
2002-05-15,23.895729705162246,23.924009323120117
2002-05-16,24.319918000195354,24.51786994934082
2002-05-17,24.942047317653685,25.08344268798828
2002-05-20,25.16828157278637,25.25312042236328
2002-05-21,25.309676940812363,25.16828155517578
2002-05-22,25.50762975726935,25.705581665039062
2002-05-23,25.677302050531253,25.705581665039062
2002-05-24,25.790422270821306,25.64902687072754
2002-05-28,25.62074193726322,25.451066970825195
2002-05-29,25.30968411976647,25.281404495239258
2002-05-30,25.33795122549721,25.451066970825195
2002-05-31,25.394515831768395,25.33795928955078
2002-06-03,25.564182716153177,25.451066970825195
2002-06-04,24.970336716120226,25.281404495239258
2002-06-05,25.168280290920553,25.19655990600586
2002-06-06,24.9986109290542,24.574424743652344
2002-06-07,24.489582653138456,24.828929901123047
2002-06-10,24.687540520380935,24.574424743652344
2002-06-11,24.630982529176624,24.461307525634766
2002-06-12,24.178520842446446,24.20680046081543
2002-06-13,23.86744672881878,23.810890197753906
2002-06-14,23.358431194690834,23.55638313293457
2002-06-17,23.301871956968114,23.55638313293457
2002-06-18,23.30186826893907,23.245311737060547
2002-06-19,22.651450250243677,22.481775283813477
2002-06-20,22.87768535624853,22.736289978027344
2002-06-21,22.73629097602903,22.53833770751953
2002-06-24,22.736287019193522,22.905961990356445
2002-06-25,23.301872394883436,22.99080467224121
2002-06-26,22.651457162891848,22.849409103393555
2002-06-27,23.217026634550184,23.386701583862305
2002-06-28,23.895728900399472,23.83917236328125
2002-07-01,23.980566628283405,23.55638313293457
2002-07-02,23.895722070681593,23.528095245361328
2002-07-03,24.12196160570848,24.20680046081543
2002-07-05,24.291636650277294,24.574424743652344
2002-07-08,24.404750014071094,24.319913864135742
2002-07-09,24.744101518905083,24.51786994934082
2002-07-10,24.263362100728965,24.178525924682617
2002-07-11,23.924006962662293,24.03712272644043
2002-07-12,24.235075286373604,24.06540298461914
2002-07-15,23.867449283394002,23.83917236328125
2002-07-16,23.414988674690626,23.33015251159668
2002-07-17,23.72605405271038,23.810890197753906
2002-07-18,24.00884210181961,23.810890197753906
2002-07-19,23.528104289592026,23.188756942749023
2002-07-22,23.27359310523653,23.188756942749023
2002-07-23,23.301872394883436,22.99080467224121
2002-07-24,22.764569780300494,23.641216278076172
2002-07-25,22.764568948292197,22.708009719848633
2002-07-26,22.198990969739135,22.114154815673828
2002-07-29,22.227267009192182,22.679731369018555
2002-07-30,22.56662185772635,22.594900131225586
2002-07-31,22.198988605020585,22.22726821899414
2002-08-01,21.916197704268455,21.689966201782227
2002-08-02,21.94448789287567,21.916208267211914
2002-08-05,21.972758709534276,21.633411407470703
2002-08-06,21.576853070671074,21.74652671813965
2002-08-07,22.283828817204242,22.31210708618164
2002-08-08,22.02931003100133,22.28382110595703
2002-08-09,22.396941691179006,22.51005744934082
2002-08-12,22.255548937975608,22.142433166503906
2002-08-13,22.25554546214691,22.001035690307617
2002-08-14,22.510063489351467,22.79285430908203
2002-08-15,22.764566630536038,22.905961990356445
2002-08-16,22.708012731732197,22.62317657470703
2002-08-19,22.623172921492504,22.340383529663086
2002-08-20,22.057598491894122,21.83136558532715
2002-08-21,22.17071389113609,22.057598114013672
2002-08-22,22.142433426978123,22.31210708618164
2002-08-23,22.14243308421348,22.114154815673828
2002-08-26,22.623172144149887,22.679731369018555
2002-08-27,22.56661605834961,22.56661605834961
2002-08-28,22.283828555066712,22.142433166503906
2002-08-29,21.803087484265504,21.972761154174805
2002-08-30,22.029316673611437,22.085874557495117
2002-09-03,21.124386187678184,20.98299217224121
2002-09-04,20.756758358153398,21.096105575561523
2002-09-05,20.89816021627518,20.841602325439453
2002-09-06,20.89816509128662,21.2092342376709
2002-09-09,20.89815810791846,21.1243896484375
2002-09-10,21.15266845452285,21.039552688598633
2002-09-11,21.067825966554526,21.096105575561523
2002-09-12,21.09610919380523,20.954713821411133
2002-09-13,20.728482923266967,20.558809280395508
2002-09-16,20.502253121681914,20.417415618896484
2002-09-17,20.898153652007842,20.756759643554688
2002-09-18,21.06783200658362,21.71824836730957
2002-09-19,21.322341835017195,21.294063568115234
2002-09-20,20.89815856503479,21.011274337768555
2002-09-23,20.671928154500073,20.502254486083984
2002-09-24,20.276016668706266,20.162900924682617
2002-09-25,20.41741625911119,20.445695877075195
2002-09-26,20.700208272573377,20.841602325439453
2002-09-27,20.9547130896958,20.898155212402344
2002-09-30,20.615361745827823,20.728477478027344
2002-10-01,20.332580071772757,20.86988067626953
2002-10-02,20.360858403298337,20.02151107788086
2002-10-03,19.936671479491725,19.88011360168457
2002-10-04,19.964952203516727,19.795278549194336
2002-10-07,19.22969724898244,19.0317440032959
2002-10-08,19.229697005966266,19.2862548828125
2002-10-09,18.69240236448809,18.579286575317383
2002-10-10,18.720679296024745,18.946910858154297
2002-10-11,19.116583942597227,19.37109375
2002-10-14,19.229700170477432,19.257978439331055
2002-10-15,19.7104404109401,20.19118309020996
2002-10-16,19.625596758815565,19.484201431274414
2002-10-17,20.07807015807889,19.964954376220703
2002-10-18,19.710437774658203,19.710437774658203
2002-10-21,19.540769442020977,19.936676025390625
2002-10-22,19.088300057078964,19.060020446777344
2002-10-23,19.088304325971176,19.37109375
2002-10-24,19.173137539537795,19.060020446777344
2002-10-25,19.3145278472925,19.484201431274414
2002-10-28,19.653875015256325,19.484201431274414
2002-10-29,19.22970231694705,19.427654266357422
2002-10-30,19.682162779646077,19.795278549194336
2002-10-31,19.625603256631685,19.5407657623291
2002-11-01,19.767000370765956,19.908395767211914
2002-11-04,20.078063137511176,19.993227005004883
2002-11-05,20.247737448985177,20.36085319519043
2002-11-06,20.247747562507282,20.389142990112305
2002-11-07,20.162907668695773,19.964954376220703
2002-11-08,19.908393672584914,19.766998291015625
2002-11-11,19.71044226623206,19.314537048339844
2002-11-12,19.45592317483365,19.484201431274414
2002-11-13,19.201418120130537,19.34281349182129
2002-11-14,19.37109375,19.37109375
2002-11-15,19.37109731891423,19.653886795043945
2002-11-18,19.286253283852208,19.060020446777344
2002-11-19,18.833791002074413,18.777233123779297
2002-11-20,18.862073236255767,19.257978439331055
2002-11-21,19.371090957380698,19.597322463989258
2002-11-22,19.45592961647274,19.5407657623291
2002-11-25,19.653884592987765,19.908395767211914
2002-11-26,19.795282207332093,19.653886795043945
2002-11-27,20.078066515813376,20.106346130371094
2002-11-29,20.134633516041454,20.24774932861328
2002-12-02,20.24774335569505,20.07806968688965
2002-12-03,19.90839186636506,19.88011360168457
2002-12-04,19.42765181662188,19.512489318847656
2002-12-05,19.56904821977948,19.314537048339844
2002-12-06,19.399365313506348,19.484201431274414
2002-12-09,19.427652097791892,19.257978439331055
2002-12-10,19.427652277293607,19.39937400817871
2002-12-11,19.25797527016631,19.2862548828125
2002-12-12,19.286257597014522,19.37109375
2002-12-13,19.116584398170207,19.257978439331055
2002-12-16,19.286257597014522,19.37109375
2002-12-17,19.399369897882167,19.22969627380371
2002-12-18,18.862065942089373,18.692392349243164
2002-12-19,19.06002536488767,18.975189208984375
2002-12-20,18.975190099697045,19.17314338684082
2002-12-23,19.17313627446856,19.088298797607422
2002-12-24,19.22969627380371,19.22969627380371
2002-12-26,19.484209701956946,19.512489318847656
2002-12-27,19.59732794375768,19.427654266357422
2002-12-30,19.62560417478762,19.738719940185547
2002-12-31,19.625608521654268,19.653886795043945
2003-01-02,19.795279527602542,20.02151107788086
2003-01-03,19.936669133852018,19.993227005004883
2003-01-06,20.219459186656895,20.36085319519043
2003-01-07,19.85183313733632,19.710437774658203
2003-01-08,19.371091311737015,19.455928802490234
2003-01-09,19.597324642200252,19.766998291015625
2003-01-10,19.625605815283055,19.569047927856445
2003-01-13,19.738721590136272,19.569047927856445
2003-01-14,19.823560243984005,19.936676025390625
2003-01-15,20.078066515813376,20.106346130371094
2003-01-16,20.16290437090544,20.304298400878906
2003-01-17,20.16290482295977,20.19118309020996
2003-01-21,20.1629117359881,20.134632110595703
2003-01-22,20.07806968688965,20.07806968688965
2003-01-23,20.445696596611956,20.502254486083984
2003-01-24,20.276028955979665,20.24774932861328
2003-01-27,19.79527927136565,19.851837158203125
2003-01-28,19.682162140831085,19.766998291015625
2003-01-29,19.540759292601717,19.484201431274414
2003-01-30,19.342817055058436,19.17314338684082
2003-01-31,19.03174545754811,19.144861221313477
2003-02-03,19.37109439061743,19.39937400817871
2003-02-04,19.286260209413804,19.427654266357422
2003-02-05,19.68216297485286,19.512489318847656
2003-02-06,19.48420951961153,19.37109375
2003-02-07,19.42764816100553,19.22969627380371
2003-02-10,19.22969627380371,19.22969627380371
2003-02-11,19.37109375,19.37109375
2003-02-12,19.484201431274414,19.484201431274414
2003-02-13,19.569050626428325,19.653886795043945
2003-02-14,19.54076810637382,19.851837158203125
2003-02-18,20.049788249701894,20.106346130371094
2003-02-19,19.880115405338834,19.766998291015625
2003-02-20,19.96495155552337,19.766998291015625
2003-02-21,19.512489125323686,19.795278549194336
2003-02-24,19.71044032461292,19.738719940185547
2003-02-25,19.22969729174321,19.455928802490234
2003-02-26,19.286258778427896,19.314537048339844
2003-02-27,19.37109439061743,19.39937400817871
2003-02-28,19.34281349182129,19.34281349182129
2003-03-03,19.399375994347306,19.427654266357422
2003-03-04,19.484207515065837,19.34281349182129
2003-03-05,19.37109493661016,19.314537048339844
2003-03-06,19.144866867587435,19.116588592529297
2003-03-07,18.720679684871296,18.805517196655273
2003-03-10,18.381330490112305,18.381330490112305
2003-03-11,18.268216368925994,18.211658477783203
2003-03-12,18.35305538966858,18.43789291381836
2003-03-13,18.353043815104893,18.692392349243164
2003-03-14,18.494450813769316,18.43789291381836
2003-03-17,18.041987138352773,18.551008224487305
2003-03-18,18.23993256822744,18.35304832458496
2003-03-19,18.437894617015704,18.268220901489258
2003-03-20,18.437884410295506,18.66411590576172
2003-03-21,18.805515548731396,18.975189208984375
2003-03-24,18.975189029902953,18.83379364013672
2003-03-25,18.66411756340022,18.918628692626953
2003-03-26,18.946904702462927,19.060020446777344
2003-03-27,19.088301678031403,18.890348434448242
2003-03-28,18.777232680528193,18.890348434448242
2003-03-31,18.098547185962815,18.268220901489258
2003-04-01,18.49444007873535,18.49444007873535
2003-04-02,18.720678329467773,18.720678329467773
2003-04-03,18.494445532504457,18.324771881103516
2003-04-04,18.522725879414793,18.381330490112305
2003-04-07,18.664121548236768,18.63584327697754
2003-04-08,18.43788764870414,18.324771881103516
2003-04-09,18.466160841707804,18.296485900878906
2003-04-10,18.2682137273549,18.15509796142578
2003-04-11,17.957148074805364,17.844032287597656
2003-04-14,17.561234490415234,17.759187698364258
2003-04-15,17.95713965040534,17.787466049194336
2003-04-16,17.90058890899663,17.872310638427734
2003-04-17,17.900594209310885,18.013710021972656
2003-04-21,18.098541259765625,18.098541259765625
2003-04-22,17.81575182648496,18.098541259765625
2003-04-23,17.957140617769213,17.98542022705078
2003-04-24,17.957146798580887,17.872310638427734
2003-04-25,17.61779602998228,17.646074295043945
2003-04-28,17.56123753834202,17.702632904052734
2003-04-29,17.589512840225204,17.787466049194336
2003-04-30,18.09853943699021,18.12681770324707
2003-05-01,18.15509804486676,18.18337631225586
2003-05-02,18.38133327004536,18.579286575317383
2003-05-05,18.57928428466028,18.720678329467773
2003-05-06,18.97518431276455,19.060020446777344
2003-05-07,19.088302166160965,19.201417922973633
2003-05-08,18.918628692626953,18.918628692626953
2003-05-09,19.060029345519684,19.116588592529297
2003-05-12,19.37109175709172,19.34281349182129
2003-05-13,19.314536325484667,19.257978439331055
2003-05-14,19.512489136237583,19.37109375
2003-05-15,19.201417922973633,19.201417922973633
2003-05-16,19.088305878508788,19.17314338684082
2003-05-19,18.918632731802273,18.63584327697754
2003-05-20,18.692394563325767,18.86206817626953
2003-05-21,18.63583448496109,18.692392349243164
2003-05-22,18.777232880048366,19.0317440032959
2003-05-23,19.173138399110893,19.22969627380371
2003-05-27,19.031747989102914,19.17314338684082
2003-05-28,19.088301232801488,19.003463745117188
2003-05-29,19.17313627446856,19.088298797607422
2003-05-30,19.314533679786297,19.201417922973633
2003-06-02,19.738721328235783,19.39937400817871
2003-06-03,19.569047927856445,19.569047927856445
2003-06-04,19.5124884093897,19.738719940185547
2003-06-05,19.90839186636506,19.88011360168457
2003-06-06,20.134621008664038,19.993227005004883
2003-06-09,20.078068965450438,20.02151107788086
2003-06-10,20.276020588853115,20.19118309020996
2003-06-11,20.360854047361382,20.530529022216797
2003-06-12,20.304301198708657,20.502254486083984
2003-06-13,20.417412894728898,20.332576751708984
2003-06-16,20.276027187406978,20.389142990112305
2003-06-17,20.615373535619202,20.587095260620117
2003-06-18,20.643641353100648,20.728477478027344
2003-06-19,20.671925042309812,20.558809280395508
2003-06-20,20.55880883161934,20.671924591064453
2003-06-23,20.841602325439453,20.841602325439453
2003-06-24,20.502253121681914,20.417415618896484
2003-06-25,20.5870851989912,20.276016235351562
2003-06-26,20.276022928195868,20.502254486083984
2003-06-27,20.530527726204898,20.473968505859375
2003-06-30,20.587088895097207,20.558809280395508
2003-07-01,20.700200488585377,21.096105575561523
2003-07-02,21.689970080617105,22.142433166503906
2003-07-03,21.71825493290594,21.916208267211914
2003-07-07,22.764569949526805,22.934242248535156
2003-07-08,22.764566630536038,22.905961990356445
2003-07-09,22.877688722577492,22.849409103393555
2003-07-10,22.396941691179006,22.51005744934082
2003-07-11,22.085875919402504,22.170713424682617
2003-07-14,22.566621544699384,22.396947860717773
2003-07-15,22.53833083246682,22.28382110595703
2003-07-16,22.19899440173278,21.803089141845703
2003-07-17,21.407182445224883,21.23750877380371
2003-07-18,21.492017282661855,21.605133056640625
2003-07-21,21.46374185860462,21.378904342651367
2003-07-22,21.37890196955444,21.49201774597168
2003-07-23,21.689971284309905,21.661691665649414
2003-07-24,21.774806717608776,21.605133056640625
2003-07-25,21.916198200730417,22.001035690307617
2003-07-28,22.17071389113609,22.057598114013672
2003-07-29,21.97276025735631,21.77480697631836
2003-07-30,21.492019411416674,21.322345733642578
2003-07-31,21.63341314071644,21.49201774597168
2003-08-01,21.294066664277437,21.23750877380371
2003-08-04,21.096111380095795,21.1243896484375
2003-08-05,21.124390495333813,20.86988067626953
2003-08-06,20.756761918194847,20.954713821411133
2003-08-07,20.813324462297455,21.152671813964844
2003-08-08,21.039553494966032,21.1243896484375
2003-08-11,21.49201774597168,21.49201774597168
2003-08-12,21.605133056640625,21.605133056640625
2003-08-13,21.91620493038487,21.803089141845703
2003-08-14,22.029320005547135,22.198993682861328
2003-08-15,22.340378972786528,22.28382110595703
2003-08-18,22.481776778870493,22.679731369018555
2003-08-19,22.877685901292608,23.075637817382812
2003-08-20,23.13219704877578,23.075637817382812
2003-08-21,23.528102069399065,23.443265914916992
2003-08-22,23.66949986086547,23.33015251159668
2003-08-25,23.301872564897877,23.132200241088867
2003-08-26,23.13219696923391,23.47154426574707
2003-08-27,23.273590909060122,23.443265914916992
2003-08-28,23.358429579882017,23.301870346069336
2003-08-29,23.6694961811566,23.47154426574707
2003-09-02,24.26336518698243,24.602712631225586
2003-09-03,24.630985260009766,24.630985260009766
2003-09-04,24.26335463291712,24.319913864135742
2003-09-05,24.235077840401555,24.008846282958984
2003-09-08,24.235077079956387,24.37647247314453
2003-09-09,24.74410807388367,24.602712631225586
2003-09-10,24.602704330409797,24.20680046081543
2003-09-11,24.065403334570657,24.263355255126953
2003-09-12,24.48958985753051,24.630985260009766
2003-09-15,24.60270164068137,24.489585876464844
2003-09-16,25.366238767432947,25.64902687072754
2003-09-17,25.39450454711914,25.39450454711914
2003-09-18,25.87525305932635,25.931812286376953
2003-09-19,25.762139297341136,25.620746612548828
2003-09-22,25.16828155517578,25.16828155517578
2003-09-23,25.479349584343254,25.366233825683594
2003-09-24,25.451075208359462,24.942052841186523
2003-09-25,24.9986109290542,24.574424743652344
2003-09-26,24.828936262547032,24.857215881347656
2003-09-29,24.80064962979333,25.111717224121094
2003-09-30,25.224842020129312,24.77237892150879
2003-10-01,25.224832339267223,25.7904109954834
2003-10-02,26.10148956298509,26.2994441986084
2003-10-03,26.723624560885682,26.780183792114258
2003-10-06,26.497390945859205,26.63878631591797
2003-10-07,26.582227901377628,26.723623275756836
2003-10-08,26.299443558672454,26.271163940429688
2003-10-09,26.582232469239578,26.440839767456055
2003-10-10,26.723631841077555,26.94986343383789
2003-10-13,27.006414582327928,27.062971115112305
2003-10-14,27.119538920142,27.37405014038086
2003-10-15,27.232645741894597,26.865018844604492
2003-10-16,27.119532898140665,27.09125328063965
2003-10-17,27.14781362453726,27.006418228149414
2003-10-20,27.176080745550596,27.26091957092285
2003-10-21,27.2043670403963,27.402318954467773
2003-10-22,26.751903797557198,26.497392654418945
2003-10-23,25.535907765402335,25.620746612548828
2003-10-24,25.649026710616074,25.592470169067383
2003-10-27,26.12976692261459,26.016651153564453
2003-10-28,26.35600375277805,26.58223533630371
2003-10-29,26.780185685115228,26.69534683227539
2003-10-30,26.80845860247459,26.63878631591797
2003-10-31,26.073213735587355,26.129770278930664
2003-11-03,26.38427352905273,26.384273529052734
2003-11-04,26.610508795321113,26.780183792114258
2003-11-05,26.497392203052474,26.61050796508789
2003-11-06,25.960091899902256,25.931812286376953
2003-11-07,26.24287969551523,26.186323165893555
2003-11-10,26.21460367881875,25.960092544555664
2003-11-11,25.53591123265187,25.33795928955078
2003-11-12,25.394516639259436,25.875259399414062
2003-11-13,26.016654804793607,25.875259399414062
2003-11-14,25.592465343002914,25.366233825683594
2003-11-17,24.772387701794038,24.602712631225586
2003-11-18,24.857212784391695,24.489585876464844
2003-11-19,24.178515708073327,24.546142578125
2003-11-20,24.348190782852473,24.319913864135742
2003-11-21,24.687540520380935,24.574424743652344
2003-11-24,24.744095417320683,25.08344268798828
2003-11-25,24.913779091855094,24.998615264892578
2003-11-26,25.196561189312007,25.25312042236328
2003-11-28,25.394515831768395,25.33795928955078
2003-12-01,25.62074997496017,26.101490020751953
2003-12-02,25.790423234943553,25.875259399414062
2003-12-03,26.214605144725315,26.073209762573242
2003-12-04,26.158049899048823,26.129770278930664
2003-12-05,26.1297641872693,25.931812286376953
2003-12-08,25.790411645915153,25.81869125366211
2003-12-09,25.790420819174667,25.53590965270996
2003-12-10,25.281392048888225,25.139999389648438
2003-12-11,25.055166937586137,25.53590965270996
2003-12-12,25.677295911819147,25.81869125366211
2003-12-15,26.158051180240037,25.733867645263672
2003-12-16,25.73386038548461,25.931812286376953
2003-12-17,25.45107492873203,25.64902687072754
2003-12-18,25.649024861867055,26.044931411743164
2003-12-19,25.988368816535175,25.931812286376953
2003-12-22,26.107181597462084,26.276893615722656
2003-12-23,26.305177357246347,26.418317794799805
2003-12-24,26.163753852621593,26.050613403320312
2003-12-26,26.418320728340703,26.616315841674805
2003-12-29,26.50317847888521,26.842599868774414
2003-12-30,26.984020292783043,27.153732299804688
2003-12-31,27.153728169663346,27.266868591308594
2004-01-02,27.408300591455255,27.436586380004883
2004-01-05,27.889138862805897,28.00227928161621
2004-01-06,27.747718811035156,27.747718811035156
2004-01-07,27.464875434334257,27.52144432067871
2004-01-08,27.578006812986807,27.747718811035156
2004-01-09,27.295163380337712,27.52144432067871
2004-01-12,27.578010411593176,27.719436645507812
2004-01-13,27.549728922182055,27.295162200927734
2004-01-14,27.60629496835333,27.493154525756836
2004-01-15,27.295162200927734,27.295162200927734
2004-01-16,27.5214388390349,27.719436645507812
2004-01-20,27.747722091393573,27.832576751708984
2004-01-21,27.804287352723286,27.860858917236328
2004-01-22,28.115426032297876,28.087142944335938
2004-01-23,28.115417705503422,27.634572982788086
2004-01-26,27.860862055754623,28.087142944335938
2004-01-27,27.974005057962742,27.691152572631836
2004-01-28,27.634579839305044,27.153732299804688
2004-01-29,27.521439480058604,27.323444366455078
2004-01-30,27.323444366455078,27.323444366455078
2004-02-02,27.436582955718126,27.493154525756836
2004-02-03,27.35173225402832,27.35173225402832
2004-02-04,26.786030525979285,26.559749603271484
2004-02-05,26.81431388854981,26.814313888549805
2004-02-06,26.89916166063298,27.125442504882812
2004-02-09,26.672890333542625,26.814313888549805
2004-02-10,26.98402062474008,27.040592193603516
2004-02-11,26.870886672262483,27.210308074951172
2004-02-12,27.01231537731818,26.95574378967285
2004-02-13,27.210301170491345,27.153732299804688
2004-02-17,27.493154190740185,27.606294631958008
2004-02-18,27.521439480058604,27.323444366455078
2004-02-19,27.493160592599178,27.210308074951172
2004-02-20,27.15373084801056,26.8991641998291
2004-02-23,27.23858444315629,27.068872451782227
2004-02-24,26.701164644671742,26.757736206054688
2004-02-25,26.672889709472656,26.672889709472656
2004-02-26,26.701168646185184,26.786026000976562
2004-02-27,27.295156534103246,27.464868545532227
2004-03-01,28.087140381455885,28.31342124938965
2004-03-02,28.143705479499193,28.00227928161621
2004-03-03,27.80429233322225,27.91743278503418
2004-03-04,27.889142002012182,27.860858917236328
2004-03-05,27.77600105033246,27.94571304321289
2004-03-08,27.889142002012182,27.860858917236328
2004-03-09,28.11542651858737,27.832576751708984
2004-03-10,27.917427841810838,27.549720764160156
2004-03-11,27.43658198757084,26.984020233154297
2004-03-12,27.23858733048669,27.5780086517334
2004-03-15,27.747727958501297,27.52144432067871
2004-03-16,28.002290915108677,28.030576705932617
2004-03-17,28.737709820429895,29.077131271362305
2004-03-18,28.96398080773134,29.331687927246094
2004-03-19,29.04882760242628,28.82254409790039
2004-03-22,28.483131741182365,28.369991302490234
2004-03-23,28.99227542488763,28.850849151611328
2004-03-24,29.246835018160866,29.473115921020508
2004-03-25,29.982249179316852,30.321670532226562
2004-03-26,30.40652965751028,30.632810592651367
2004-03-29,30.60451651815455,30.85908317565918
2004-03-30,30.40653418622339,30.57624626159668
2004-03-31,30.972220103017193,30.745939254760742
2004-04-01,30.94394666386979,31.085372924804688
2004-04-02,31.255074930396916,31.339929580688477
2004-04-05,31.14194361647018,31.453079223632812
2004-04-06,31.085357055433285,31.31163787841797
2004-04-07,31.198496878211053,31.02878761291504
2004-04-08,31.170229298057357,30.88737678527832
2004-04-12,31.17023074969486,31.537935256958008
2004-04-13,31.4247983837554,30.943950653076172
2004-04-14,30.293370702016993,30.378225326538086
2004-04-15,30.123667811413526,29.95395851135254
2004-04-16,30.03881902922576,30.34995460510254
2004-04-19,29.6711100058796,29.812536239624023
2004-04-20,30.519660875288576,29.98224449157715
2004-04-21,30.038827882058637,30.208539962768555
2004-04-22,30.010535339128467,30.547954559326172
2004-04-23,30.321671514554627,30.34995460510254
2004-04-26,30.54795143416637,30.321670532226562
2004-04-27,29.982257282204497,30.06711196899414
2004-04-28,29.812532681707182,29.161975860595703
2004-04-29,29.218557550287954,29.077131271362305
2004-04-30,28.90741609953781,28.681135177612305
2004-05-03,28.62457102982771,28.652856826782227
2004-05-04,29.077121928650687,29.10540771484375
2004-05-05,29.416535029694938,29.501392364501953
2004-05-06,28.624552487101507,28.567983627319336
2004-05-07,27.917431754499674,27.719436645507812
2004-05-10,26.050608200957885,25.96575355529785
2004-05-11,26.333464511701592,26.503173828125
2004-05-12,26.786021668669584,26.87087631225586
2004-05-13,26.192043135991664,26.33346939086914
2004-05-14,26.16374862766478,25.96575355529785
2004-05-17,25.48491841325024,25.28692054748535
2004-05-18,25.852623597375597,25.994047164916992
2004-05-19,26.78602786559054,26.616315841674805
2004-05-20,26.757740216046102,26.786026000976562
2004-05-21,27.380016480477245,27.238590240478516
2004-05-24,27.71944152772497,27.210308074951172
2004-05-25,27.01230817341568,27.719436645507812
2004-05-26,27.662870582762235,27.52144432067871
2004-05-27,27.804295774304055,28.030576705932617
2004-05-28,28.20027661442715,28.256845474243164
2004-06-01,28.228566476588536,28.087142944335938
2004-06-02,28.256853297382985,28.285139083862305
2004-06-03,27.464868545532227,27.464868545532227
2004-06-04,27.832582285085895,27.804296493530273
2004-06-07,28.483128227211584,28.93568992614746
2004-06-08,28.56798021308376,28.82254409790039
2004-06-09,28.850839923038713,28.20028305053711
2004-06-10,28.93568992614746,28.93568992614746
2004-06-14,28.285131252891333,28.256845474243164
2004-06-15,28.76598083609282,28.96397590637207
2004-06-16,28.82254950141349,28.93568992614746
2004-06-17,28.90740966796875,28.90740966796875
2004-06-18,28.794269232178454,28.90740966796875
2004-06-21,29.24683605786889,29.133695602416992
2004-06-22,29.077116093603237,29.246828079223633
2004-06-23,29.105405340116835,29.35997200012207
2004-06-24,29.557971987061897,29.727684020996094
2004-06-25,29.614543564200385,29.727684020996094
2004-06-28,30.038812764070677,29.89738655090332
2004-06-29,29.784246119865568,29.89738655090332
2004-06-30,29.840819452995294,30.038814544677734
2004-07-01,29.75595897396244,29.501392364501953
2004-07-02,29.303402141710887,29.331687927246094
2004-07-06,28.341708215927827,28.369991302490234
2004-07-07,28.624555587768555,28.624555587768555
2004-07-08,28.39827775753032,28.14371109008789
2004-07-09,28.68113978166521,28.850849151611328
2004-07-12,29.048831851897976,28.879119873046875
2004-07-13,29.077122992275562,29.473115921020508
2004-07-14,28.681121321789906,28.765975952148438
2004-07-15,28.62454896235018,28.4548397064209
2004-07-16,28.7376960170688,28.624555587768555
2004-07-19,28.79426916782746,28.73769760131836
2004-07-20,28.59628124492337,28.794279098510742
2004-07-21,28.709421646181656,28.05886459350586
2004-07-22,28.256850863798103,28.369991302490234
2004-07-23,27.94571926993341,27.691152572631836
2004-07-26,29.19026210667966,27.832576751708984
2004-07-27,27.634587139159642,27.804296493530273
2004-07-28,27.634580416632687,27.606294631958008
2004-07-29,27.351734964163757,27.52144432067871
2004-07-30,27.7760051798447,27.832576751708984
2004-08-02,27.60628916452029,28.00227928161621
2004-08-03,27.804294395378168,27.77600860595703
2004-08-04,27.351734964163757,27.52144432067871
2004-08-05,27.436578431965145,26.87087631225586
2004-08-06,27.068875362290257,26.729454040527344
2004-08-09,26.955734449133054,26.984020233154297
2004-08-10,27.097167607388275,27.210308074951172
2004-08-11,27.295160134738005,27.436586380004883
2004-08-12,27.295157890524056,27.01230812072754
2004-08-13,26.927451637300333,26.701168060302734
2004-08-16,26.531458478737754,26.984020233154297
2004-08-17,26.984029583495516,26.95574378967285
2004-08-18,27.012310877148252,27.35173225402832
2004-08-19,27.46487290469491,27.38001823425293
2004-08-20,27.40829940313993,27.91743278503418
2004-08-23,27.606292328789802,27.549720764160156
2004-08-24,27.747723838738796,27.9740047454834
2004-08-25,27.83257593663062,28.20028305053711
2004-08-26,28.115426032297876,28.087142944335938
2004-08-27,28.143707474537454,28.171993255615234
2004-08-30,28.087148287580497,28.030576705932617
2004-08-31,28.030572015737853,28.228567123413086
2004-09-01,28.228562120290235,28.171993255615234
2004-09-02,28.228570962613986,28.398283004760742
2004-09-03,27.71943507317583,27.606294631958008
2004-09-07,28.341721152728752,28.652856826782227
2004-09-08,28.454854584636795,28.398283004760742
2004-09-09,28.058857158893034,28.087142944335938
2004-09-10,28.05886459350586,28.05886459350586
2004-09-13,28.285137316164896,28.14371109008789
2004-09-14,28.28514254249004,28.398283004760742
2004-09-15,28.002282761886633,27.747718811035156
2004-09-16,27.804287352723286,27.860858917236328
2004-09-17,27.691147245858804,27.747718811035156
2004-09-20,27.606297906025052,27.691152572631836
2004-09-21,27.691146921177864,27.860858917236328
2004-09-22,27.380016480477245,27.238590240478516
2004-09-23,27.26687273865884,27.153732299804688
2004-09-24,27.04059527622134,27.097164154052734
2004-09-27,26.8708854685378,26.814313888549805
2004-09-28,26.814308226507677,26.984020233154297
2004-09-29,26.899165968925793,27.040592193603516
2004-09-30,27.238591255120014,27.436586380004883
2004-10-01,27.8042978520304,28.05886459350586
2004-10-04,28.426564928569356,28.228567123413086
2004-10-05,28.17199760318369,28.087142944335938
2004-10-06,28.05886234723958,28.34171485900879
2004-10-07,28.17199986451463,27.9740047454834
2004-10-08,28.20027903669301,28.171993255615234
2004-10-11,28.426562870576717,28.369991302490234
2004-10-12,27.974007821766218,28.030576705932617
2004-10-13,28.087146894626827,27.77600860595703
2004-10-14,27.747724659088266,27.436586380004883
2004-10-15,27.662863503826472,27.606294631958008
2004-10-18,27.549729764492778,27.804296493530273
2004-10-19,28.030571858271955,27.832576751708984
2004-10-20,27.66286849975586,27.66286849975586
2004-10-21,27.66285833525803,27.88913917541504
2004-10-22,27.776011052932734,27.52144432067871
2004-10-25,27.521429874525452,27.634572982788086
2004-10-26,27.634585407454132,27.66286849975586
2004-10-27,27.69115004057815,28.087142944335938
2004-10-28,27.860869437905695,28.05886459350586
2004-10-29,28.058857158893034,28.087142944335938
2004-11-01,27.889138862805897,28.00227928161621
2004-11-02,28.22857169631593,28.34171485900879
2004-11-03,28.681124044363994,28.567983627319336
2004-11-04,28.652840410578886,28.96397590637207
2004-11-05,28.963983919068436,29.02055549621582
2004-11-08,28.73770751249101,28.794279098510742
2004-11-09,28.681135177612305,28.681135177612305
2004-11-10,28.483130551599608,28.31342124938965
2004-11-11,28.228556202715218,28.4548397064209
2004-11-12,28.68112879638816,28.90740966796875
2004-11-15,29.19025999429164,29.35997200012207
2004-11-16,29.161976847126223,29.19025993347168
2004-11-17,29.41654210690893,29.586254119873047
2004-11-18,29.388261256818424,29.473115921020508
2004-11-19,29.58625181371356,29.161975860595703
2004-11-22,29.02056237828119,29.077131271362305
2004-11-23,29.10541380164068,28.992273330688477
2004-11-24,29.0205530537456,29.10540771484375
2004-11-26,29.19026169705104,29.331687927246094
2004-11-29,29.58625307390428,29.38825798034668
2004-11-30,29.473111379716748,29.161975860595703
2004-12-01,29.24682504924415,29.557960510253906
2004-12-02,29.55796020475905,29.671100616455078
2004-12-03,29.58625227678298,29.755964279174805
2004-12-06,29.586250428997065,29.44482421875
2004-12-07,29.416537608427806,28.96397590637207
2004-12-08,28.963979057823124,29.19025993347168
2004-12-09,28.596271382526364,28.73769760131836
2004-12-10,28.200279775595433,28.483129501342773
2004-12-13,28.596271382526364,28.73769760131836
2004-12-14,28.79428026078989,28.850849151611328
2004-12-15,28.992273330688477,28.992273330688477
2004-12-16,29.190256556169015,28.93568992614746
2004-12-17,29.246831501124227,29.19025993347168
2004-12-20,29.359972196272498,29.38825798034668
2004-12-21,29.444831340253586,29.699398040771484
2004-12-22,29.699395598697823,29.784250259399414
2004-12-23,29.792763722051845,29.991573333740234
2004-12-27,30.13357925415039,30.13357925415039
2004-12-28,30.33238950894771,30.730003356933594
2004-12-29,30.27559337344172,30.360795974731445
2004-12-30,30.502788386849666,30.644794464111328
2004-12-31,30.815215856635252,31.014022827148438
2005-01-03,30.957205667254478,30.644794464111328
2005-01-04,30.673201906046796,30.13357925415039
2005-01-05,30.10517692565918,30.10517692565918
2005-01-06,30.190379495123146,30.10517692565918
2005-01-07,30.303983417538205,29.934768676757812
2005-01-10,30.105182669024934,30.161983489990234
2005-01-11,30.303987136558003,30.58799934387207
2005-01-12,30.61639388067324,30.758399963378906
2005-01-13,30.559603523717634,30.50279998779297
2005-01-14,30.53120000351585,30.81521224975586
2005-01-18,30.531198135185043,30.872011184692383
2005-01-19,30.587997788576132,30.303985595703125
2005-01-20,29.99157563168371,29.76436424255371
2005-01-21,29.82117553190531,30.076786041259766
2005-01-24,30.10517692565918,30.10517692565918
2005-01-25,29.87798500061035,29.87798500061035
2005-01-26,30.27559337344172,30.360795974731445
2005-01-27,30.105182669024934,30.161983489990234
2005-01-28,30.133586871926404,30.076786041259766
2005-01-31,30.161988641530638,30.076786041259766
2005-02-01,30.0483816155427,30.247188568115234
2005-02-02,30.161989002208127,30.360795974731445
2005-02-03,29.906366917803748,29.934768676757812
2005-02-04,29.87797661886426,30.048381805419922
2005-02-07,30.048381226279222,29.963178634643555
2005-02-08,29.593967227369774,29.792774200439453
2005-02-09,29.76436362048656,29.622360229492188
2005-02-10,29.707577057708118,29.87798500061035
2005-02-11,29.90636731885546,30.10517692565918
2005-02-14,30.247190260999403,30.389196395874023
2005-02-15,30.44599591532291,30.531198501586914
2005-02-16,30.190379495123146,30.10517692565918
2005-02-17,30.048373004033255,29.934768676757812
2005-02-18,30.105185149730044,30.247188568115234
2005-02-22,30.275588405791044,30.190385818481445
2005-02-23,29.93477686791781,29.963178634643555
2005-02-24,30.048381805419922,30.048381805419922
2005-02-25,30.275592029682677,30.389196395874023
2005-02-28,30.786809337773086,30.70160675048828
2005-03-01,30.815205786668233,30.928810119628906
2005-03-02,30.616402034923944,30.78680992126465
2005-03-03,30.87201192505789,30.70160675048828
2005-03-04,30.98561650534911,31.184423446655273
2005-03-07,30.957224204649734,31.12763214111328
2005-03-08,31.156020733629198,30.985612869262695
2005-03-09,31.184420949618836,31.099218368530273
2005-03-10,31.184428945193048,31.326435089111328
2005-03-11,31.411635790371427,31.38323402404785
2005-03-14,31.04242459680513,31.014022827148438
2005-03-15,31.014017299122443,30.872011184692383
2005-03-16,31.042419063716725,30.872011184692383
2005-03-17,30.786809161274665,30.900413513183594
2005-03-18,31.070812762704367,31.04241371154785
2005-03-21,30.928810119628906,30.928810119628906
2005-03-22,30.928812989467733,30.730003356933594
2005-03-23,30.5312017557553,30.50279998779297
2005-03-24,30.36078566701956,30.41758918762207
2005-03-28,30.474389999683638,30.41758918762207
2005-03-29,29.707567397221897,29.508760452270508
2005-03-30,29.622367086587968,29.735971450805664
2005-03-31,29.90637857198525,29.792774200439453
2005-04-01,30.19038833826885,29.707569122314453
2005-04-04,29.67916488647461,29.67916488647461
2005-04-05,29.87797985695354,30.019983291625977
2005-04-06,30.048385061977225,30.019983291625977
2005-04-07,30.161981016574654,30.13357925415039
2005-04-08,30.13358439869775,30.048381805419922
2005-04-11,29.991580401369294,29.963178634643555
2005-04-12,29.707568151194994,29.963178634643555
2005-04-13,29.82116714371716,29.622360229492188
2005-04-14,29.338363903416113,29.19635772705078
2005-04-15,28.82712896291295,28.59992027282715
2005-04-18,28.145508385002966,28.230710983276367
2005-04-19,28.514728066742375,28.79874038696289
2005-04-20,28.57151697263396,28.37270736694336
2005-04-21,28.713532391138173,28.96914291381836
2005-04-22,28.85554449547243,28.770341873168945
2005-04-25,29.16795865861174,29.19635772705078
2005-04-26,28.91233406395747,28.741926193237305
2005-04-27,28.741926569189527,28.912334442138672
2005-04-28,28.741926381266083,28.59992027282715
2005-04-29,29.054351003381292,29.111154556274414
2005-05-02,29.22474592616323,29.28154945373535
2005-05-03,29.281546411073936,29.224742889404297
2005-05-04,29.395154800832785,29.6507625579834
2005-05-05,29.764367473809852,29.67916488647461
2005-05-06,29.849575815023364,29.735971450805664
2005-05-09,29.622364064431583,29.67916488647461
2005-05-10,29.508759522103986,29.30994987487793
2005-05-11,29.36675320906932,29.451955795288086
2005-05-12,29.05433478487197,28.855527877807617
2005-05-13,28.883932489705018,28.59992027282715
2005-05-16,28.401116356582317,28.656726837158203
2005-05-17,28.315906956315963,28.543115615844727
2005-05-18,28.34430963391773,28.741926193237305
2005-05-19,28.855527877807617,28.855527877807617
2005-05-20,28.628316844938226,28.571516036987305
2005-05-23,28.883940309105622,28.96914291381836
2005-05-24,28.827126117215293,28.855527877807617
2005-05-25,28.713529222124503,28.48632049560547
2005-05-26,28.599927668126398,28.68513298034668
2005-05-27,28.685122731335596,28.855527877807617
2005-05-31,28.85553053753701,28.741926193237305
2005-06-01,28.88393267855694,28.912334442138672
2005-06-02,28.997550159030652,29.111154556274414
2005-06-03,29.054343030526564,28.88393783569336
2005-06-06,29.111144236408702,29.16794776916504
2005-06-07,29.139548480658576,29.25315284729004
2005-06-08,29.366748985037404,29.224742889404297
2005-06-09,28.827129758841075,29.054338455200195
2005-06-10,29.13954313371003,28.912334442138672
2005-06-13,28.68513298034668,28.68513298034668
2005-06-14,28.770338613232393,28.79874038696289
2005-06-15,28.912334442138672,28.912334442138672
2005-06-16,29.082753327667028,29.19635772705078
2005-06-17,29.395153045654297,29.395153045654297
2005-06-20,29.13954374774085,29.054338455200195
2005-06-21,29.224745175854206,29.395153045654297
2005-06-22,29.338350272766206,29.28154945373535
2005-06-23,29.39516056216668,29.082746505737305
2005-06-24,29.139548121334105,29.025943756103516
2005-06-27,28.912334442138672,28.912334442138672
2005-06-28,28.91234753823345,29.111154556274414
2005-06-29,29.025947809904896,28.94074249267578
2005-06-30,28.883942999612156,28.79874038696289
2005-07-01,28.940743838530928,28.79874038696289
2005-07-05,28.741934162223075,28.96914291381836
2005-07-06,28.85553378492099,28.656726837158203
2005-07-07,28.401116356582317,28.656726837158203
2005-07-08,28.65672459084239,29.054338455200195
2005-07-11,28.96914838258409,29.111154556274414
2005-07-12,29.08273679377119,29.224742889404297
2005-07-13,28.99754220176274,28.88393783569336
2005-07-14,29.111150418591915,28.94074249267578
2005-07-15,28.940738450774287,29.025943756103516
2005-07-18,29.025941286290045,28.997539520263672
2005-07-19,28.940734107020635,29.054338455200195
2005-07-20,28.827136766935816,28.96914291381836
2005-07-21,29.30995079877763,29.508760452270508
2005-07-22,29.19633479739352,29.13953399658203
2005-07-25,29.111149060700903,28.96914291381836
2005-07-26,28.79874038696289,28.79874038696289
2005-07-27,28.969126177066755,29.13953399658203
2005-07-28,29.111142936193275,29.30994987487793
2005-07-29,29.196357177071615,29.111154556274414
2005-08-01,29.451960947681926,29.366758346557617
2005-08-02,29.480360954180423,29.735971450805664
2005-08-03,29.622363501772018,29.6507625579834
2005-08-04,29.395167200928512,29.338363647460938
2005-08-05,29.025943970415522,28.88393783569336
2005-08-08,28.969144265085486,28.94074249267578
2005-08-09,29.395154973989367,29.451955795288086
2005-08-10,30.1903875203582,30.332393646240234
2005-08-11,30.701613149947374,31.156030654907227
2005-08-12,30.928813206353144,31.099218368530273
2005-08-15,31.184430613836383,31.468442916870117
2005-08-16,31.326425889454583,30.985612869262695
2005-08-17,31.014010487261707,31.269620895385742
2005-08-18,30.900417341445184,30.957218170166016
2005-08-19,31.04242459680513,31.014022827148438
2005-08-22,31.66725379849557,31.89446258544922
2005-08-23,31.61043986528546,31.63884162902832
2005-08-24,31.582035241600646,31.44002914428711
2005-08-25,31.44003845042208,31.525243759155273
2005-08-26,31.752447500853695,31.41163444519043
2005-08-29,31.15602531054229,31.38323402404785
2005-08-30,31.29802916058049,31.21282386779785
2005-08-31,31.241218848888547,31.61043357849121
2005-09-01,31.837661742982,31.89446258544922
2005-09-02,32.06486241795078,32.121665954589844
2005-09-06,32.34886553927817,32.40566635131836
2005-09-07,32.09326554522988,32.15006637573242
2005-09-08,31.894449990705645,31.780845642089844
2005-09-09,32.4340789058663,32.831695556640625
2005-09-12,32.88849011271268,32.86008834838867
2005-09-13,32.689684676221695,32.576080322265625
2005-09-14,32.66127792021242,32.46247100830078
2005-09-15,32.9453048734188,33.002105712890625
2005-09-16,33.030494504672355,33.17250061035156
2005-09-19,32.945299927070174,32.831695556640625
2005-09-20,33.31451054460057,33.11570358276367
2005-09-21,33.371316351648154,33.34291458129883
2005-09-22,33.39970779418945,33.39970779418945
2005-09-23,33.34291074994633,33.286109924316406
2005-09-26,33.74051916870079,33.825721740722656
2005-09-27,33.57010764915969,33.62691116333008
2005-09-28,34.194942474365234,34.194942474365234
2005-09-29,34.90496788815031,35.18898010253906
2005-09-30,34.56416702723569,34.620967864990234
2005-10-03,34.450557708740234,34.450557708740234
2005-10-04,34.59255637128926,34.30854415893555
2005-10-05,34.16653742067863,33.712120056152344
2005-10-06,33.314517101341295,33.002105712890625
2005-10-07,33.28610345646259,33.39970779418945
2005-10-10,33.39971428411783,33.286109924316406
2005-10-11,34.052939231038394,33.939334869384766
2005-10-12,33.93933506358546,33.74052810668945
2005-10-13,33.6269235519727,33.939334869384766
2005-10-14,33.825727653015356,34.194942474365234
2005-10-17,33.57010764915969,33.62691116333008
2005-10-18,33.257712192187874,33.144107818603516
2005-10-19,32.86010259031541,33.42812728881836
2005-10-20,33.17249863762307,32.661277770996094
2005-10-21,33.14409905827594,33.08729553222656
2005-10-24,32.945300630575794,33.34291458129883
2005-10-25,33.342908100397864,33.456512451171875
2005-10-26,33.54172135904393,33.5985221862793
2005-10-27,33.93933526008828,33.54172134399414
2005-10-28,33.797334991650395,33.967742919921875
2005-10-31,34.36535399214311,34.39375305175781
2005-11-01,34.734554290771484,34.734554290771484
2005-11-02,34.59255810752653,34.96177291870117
2005-11-03,34.99017828438689,35.103782653808594
2005-11-04,35.01857009641593,34.81976318359375
2005-11-07,34.99016800834178,35.16057586669922
2005-11-08,35.075374603271484,35.075374603271484
2005-11-09,34.99017219021161,34.87656784057617
2005-11-10,34.67775973543783,34.70616149902344
2005-11-11,34.990170655531934,35.046974182128906
2005-11-14,34.59255599975586,34.59255599975586
2005-11-15,34.1949361837551,34.166534423828125
2005-11-16,34.42215706649942,34.56416320800781
2005-11-17,35.18898754018762,35.44459533691406
2005-11-18,35.70019528317354,35.643394470214844
2005-11-21,35.8422037061556,35.87060546875
2005-11-22,35.33098543922787,35.75700378417969
2005-11-23,35.78541028790792,36.01261901855469
2005-11-25,35.643407255148766,35.558204650878906
2005-11-28,35.70020159726401,35.72860336303711
2005-11-29,35.78540554888475,35.75700378417969
2005-11-30,35.52980063178786,35.387794494628906
2005-12-01,35.9558077080052,36.21141815185547
2005-12-02,36.296614422337385,36.18301010131836
2005-12-05,36.467039900904,36.41023635864258
2005-12-06,36.41023212357742,36.694244384765625
2005-12-07,36.60903817971096,36.5522346496582
2005-12-08,35.955814361572266,35.955814361572266
2005-12-09,36.609032841514924,36.72263717651367
2005-12-12,37.29067096388537,37.37587356567383
2005-12-13,37.43267911470946,37.688289642333984
2005-12-14,37.46106585855538,37.48946762084961
2005-12-15,37.29065835300412,37.2054557800293
2005-12-16,37.60306666535481,37.716670989990234
2005-12-19,37.887093021746864,37.60308074951172
2005-12-20,38.02910885019259,37.97230529785156
2005-12-21,38.42670800403949,38.51191329956055
2005-12-22,38.6255172805427,38.852725982666016
2005-12-23,38.76144834342314,38.932579040527344
2005-12-27,38.70441270730058,38.10544967651367
2005-12-28,38.93258606062036,38.78997802734375
2005-12-29,38.875545911867185,38.81850051879883
2005-12-30,38.476245245042435,38.56181335449219
2006-01-03,38.98963351649532,39.78824996948242
2006-01-04,39.902332126689174,40.15903091430664
2006-01-05,39.788240651279004,39.87380599975586
2006-01-06,40.273128683148194,40.472782135009766
2006-01-09,40.586871475951355,40.67243957519531
2006-01-10,39.70267111604335,39.93084716796875
2006-01-11,40.1875652227245,40.35869598388672
2006-01-12,40.47277793158787,40.07347106933594
2006-01-13,39.95938150873062,40.13051223754883
2006-01-17,38.64736537903714,38.9040641784668
2006-01-18,37.90578286286647,37.7631721496582
2006-01-19,38.504756520642765,38.78997802734375
2006-01-20,38.81850059700711,37.67761993408203
2006-01-23,38.2480583190918,38.2480583190918
2006-01-24,38.67588807232349,38.9040641784668
2006-01-25,38.732944133242334,38.56181335449219
2006-01-26,39.30336553082606,39.44597625732422
2006-01-27,40.016425464692134,40.330169677734375
2006-01-30,40.073469567967386,40.13051223754883
2006-01-31,40.130511626790856,39.9879035949707
2006-02-01,39.759717961762256,39.87380599975586
2006-02-02,39.70268614669246,39.27485656738281
2006-02-03,39.503034575591876,39.617122650146484
2006-02-06,39.645654729249266,39.53156661987305
2006-02-07,39.61712483337949,39.246337890625
2006-02-08,38.78998181934726,39.018157958984375
2006-02-09,39.10371759132376,38.9040641784668
2006-02-10,38.78998225471748,38.73293685913086
2006-02-13,37.93432256517294,37.905799865722656
2006-02-14,38.3906709510824,38.81850051879883
2006-02-15,38.2765793110916,38.333621978759766
2006-02-16,38.390664885056495,38.761451721191406
2006-02-17,37.820238083300964,37.934326171875
2006-02-21,37.99136331884076,38.0198860168457
2006-02-22,37.99136308708304,38.27658462524414
2006-02-23,38.847018781046266,38.67588806152344
2006-02-24,39.01815454586522,39.41746139526367
2006-02-27,39.78825186515468,39.902339935302734
2006-02-28,39.759727091683494,39.36042022705078
2006-03-01,39.417464571377366,39.73120880126953
2006-03-02,39.21779800914235,39.132232666015625
2006-03-03,38.561812049140194,38.59033203125
2006-03-06,38.704408838861106,38.333621978759766
2006-03-07,38.162498720626594,37.905799865722656
2006-03-08,37.90579204279962,38.16249084472656
2006-03-09,38.87555492891724,38.56181335449219
2006-03-10,38.618848354582354,39.018157958984375
2006-03-13,39.274853360520744,39.41746139526367
2006-03-14,39.16075279661609,39.8167610168457
2006-03-15,39.58860204392703,39.70269012451172
2006-03-16,39.27484744491059,39.33189010620117
2006-03-17,39.73119799231889,39.87380599975586
2006-03-20,40.50130676490484,40.35869598388672
2006-03-21,40.13050476525982,39.87380599975586
2006-03-22,40.10199205933934,40.387210845947266
2006-03-23,39.87382088535155,39.70269012451172
2006-03-24,39.61711733102032,40.13051223754883
2006-03-27,40.24460199879029,40.27312469482422
2006-03-28,40.24460222833219,39.78824996948242
2006-03-29,40.27312614250891,40.900611877441406
2006-03-30,40.9861831144652,41.214359283447266
2006-03-31,40.95764733402161,41.07173538208008
2006-04-03,41.44252715273205,41.75627136230469
2006-04-04,41.642183300662076,41.75627136230469
2006-04-05,41.69922237651162,41.9559211730957
2006-04-06,42.241142877930585,42.155574798583984
2006-04-07,42.29819860607447,41.87036895751953
2006-04-10,41.9559266815676,42.09853744506836
2006-04-11,41.87035771325575,41.6136589050293
2006-04-12,41.242872644430726,41.2999153137207
2006-04-13,41.07173919641304,41.2999153137207
2006-04-17,41.014696323918265,40.87208557128906
2006-04-18,41.471049835700285,42.212623596191406
2006-04-19,41.727745282145904,42.155574798583984
2006-04-20,41.84183733327402,41.89888000488281
2006-04-21,42.26966285097239,42.155574798583984
2006-04-24,41.87036002911541,41.89888000488281
2006-04-25,42.26966627327452,41.98444747924805
2006-04-26,42.184104891573824,42.41228103637695
2006-04-27,41.98445542836461,42.38376235961914
2006-04-28,42.241146291611976,42.212623596191406
2006-05-01,42.75455062640933,42.35524368286133
2006-05-02,42.868623346103014,43.039756774902344
2006-05-03,42.868629047931485,42.92567443847656
2006-05-04,42.86863662184479,43.15385818481445
2006-05-05,43.46758636671552,43.95246124267578
2006-05-08,44.180641174316406,44.180641174316406
2006-05-09,44.066550823121844,44.35177230834961
2006-05-10,43.89542238445604,43.72428894042969
2006-05-11,43.63871814835431,42.868621826171875
2006-05-12,42.89714229739189,42.32670211791992
2006-05-15,42.52637117131812,42.72602462768555
2006-05-16,42.35522902520483,42.26966094970703
2006-05-17,42.2981832953793,40.92912673950195
2006-05-18,41.35696262958034,40.9576530456543
2006-05-19,41.32843800840263,41.2999153137207
2006-05-22,40.04494626561823,40.21607971191406
2006-05-23,40.18755396961809,39.645633697509766
2006-05-24,40.10199570564038,39.73120880126953
2006-05-25,39.8738128193224,40.21607971191406
2006-05-26,40.558342394080036,40.72947311401367
2006-05-30,40.35868468286119,39.645633697509766
2006-05-31,39.7311938025523,39.93084716796875
2006-06-01,39.503026792671676,40.10198974609375
2006-06-02,39.93085633312501,40.55834197998047
2006-06-05,40.24461798349318,39.53156661987305
2006-06-06,39.04667220475106,38.9040641784668
2006-06-07,38.447711543174115,38.048404693603516
2006-06-08,36.87900202547028,36.821956634521484
2006-06-09,37.19274697929917,36.65082931518555
2006-06-12,37.13569737403982,36.308555603027344
2006-06-13,35.59550645842972,35.0535888671875
2006-06-14,35.65254936059167,35.93777084350586
2006-06-15,36.22299507924131,37.22126770019531
2006-06-16,37.19275079825707,36.87900924682617
2006-06-19,37.192737923603744,36.67934036254883
2006-06-20,36.8790073593302,36.76491928100586
2006-06-21,36.622296969058475,37.24978256225586
2006-06-22,37.33535406058274,37.07865524291992
2006-06-23,37.050131044892865,36.90752029418945
2006-06-26,37.27831037335248,37.22126770019531
2006-06-27,37.27830520756169,36.56525421142578
2006-06-28,36.85047572933521,37.0216064453125
2006-06-29,37.420928442435546,38.59033203125
2006-06-30,38.9896295382521,38.9040641784668
2006-07-03,39.217794339585694,39.58858108520508
2006-07-05,38.647371536823904,38.27658462524414
2006-07-06,38.476236131414964,38.61884689331055
2006-07-07,38.7614484609502,38.44770431518555
2006-07-10,39.16076600620196,39.018157958984375
2006-07-11,38.76145912187409,39.018157958984375
2006-07-12,38.2195450332728,37.934326171875
2006-07-13,37.67761630272261,36.96456527709961
2006-07-14,36.67934929324211,36.65082931518555
2006-07-17,36.280041358538234,36.19447326660156
2006-07-18,35.88072987965824,35.85220718383789
2006-07-19,35.53846156081112,36.59377670288086
2006-07-20,36.993093771023744,36.39413070678711
2006-07-21,36.793433540398915,36.42264938354492
2006-07-24,36.65082549218105,37.107177734375
2006-07-25,37.16421890762528,37.39239501953125
2006-07-26,36.96456528341056,37.19274139404297
2006-07-27,37.934318556880754,37.70614242553711
2006-07-28,38.333627250247076,38.73293685913086
2006-07-31,38.61884899391387,38.70441436767578
2006-08-01,38.27658313677025,38.10544967651367
2006-08-02,38.64735991263345,38.9896240234375
2006-08-03,38.41918926216546,38.67588806152344
2006-08-04,39.046676650924134,38.81850051879883
2006-08-07,38.162486798170065,37.962833404541016
2006-08-08,38.27657889890812,38.16249084472656
2006-08-09,38.70441400388441,38.30510711669922
2006-08-10,38.70441416133755,38.73293685913086
2006-08-11,38.44772130091992,38.36215591430664
2006-08-14,38.78998822646621,38.59033203125
2006-08-15,39.30337672830295,39.474510192871094
2006-08-16,39.87381723774718,39.902339935302734
2006-08-17,39.902326360328445,39.8167610168457
2006-08-18,39.873819126663626,40.01642990112305
2006-08-21,39.64563730883224,39.67416000366211
2006-08-22,39.64563920857336,39.78824996948242
2006-08-23,39.81677419431195,39.50303268432617
2006-08-24,39.58860255495289,39.189292907714844
2006-08-25,38.9896240234375,38.9896240234375
2006-08-28,38.8470187918941,38.9040641784668
2006-08-29,39.07518941403753,39.21780014038086
2006-08-30,39.07520104709932,38.96111297607422
2006-08-31,39.360420444519654,39.103721618652344
2006-09-01,39.33188822014037,39.44597625732422
2006-09-05,39.930858206183565,39.9879035949707
2006-09-06,39.70268421338378,39.38894271850586
2006-09-07,38.96111866889666,39.0752067565918
2006-09-08,39.0752067565918,39.0752067565918
2006-09-11,38.64736405511984,38.47623062133789
2006-09-12,38.3336230726074,38.78997802734375
2006-09-13,38.219539023667394,38.30510711669922
2006-09-14,38.27658462524414,38.27658462524414
2006-09-15,38.47623444006487,38.2480583190918
2006-09-18,38.10545703439218,38.36215591430664
2006-09-19,38.36214617827669,38.048404693603516
2006-09-20,38.16248683092047,38.191009521484375
2006-09-21,38.33361753415695,38.191009521484375
2006-09-22,38.019884340116405,37.64909744262695
2006-09-25,37.991357800246284,37.87726974487305
2006-09-26,37.73466638909525,37.905799865722656
2006-09-27,38.30509990762959,38.47623062133789
2006-09-28,38.53327731520526,38.67588806152344
2006-09-29,38.70441226241828,38.61884689331055
2006-10-02,38.93258986656485,39.018157958984375
2006-10-03,38.81850010924249,38.875545501708984
2006-10-04,38.67589789849386,39.189292907714844
2006-10-05,39.44600121785966,39.53156661987305
2006-10-06,39.27486295011422,39.0752067565918
2006-10-09,38.76145976356651,38.70441436767578
2006-10-10,39.018157958984375,39.018157958984375
2006-10-11,38.67587681095788,38.64735412597656
2006-10-12,38.647362213341886,39.046669006347656
2006-10-13,38.961101730069174,38.932579040527344
2006-10-16,39.33189753098444,39.36042022705078
2006-10-17,39.21779800914235,39.132232666015625
2006-10-18,39.36042022705078,39.36042022705078
2006-10-19,39.24633216285944,39.36042022705078
2006-10-20,39.47450083953785,39.33189010620117
2006-10-23,39.41745950026838,39.75972366333008
2006-10-24,39.58859653625415,39.78824996948242
2006-10-25,39.560075724858564,39.902339935302734
2006-10-26,39.902332126689174,40.15903091430664
2006-10-27,39.90234358551632,39.70269012451172
2006-10-30,39.3889448206241,39.474510192871094
2006-10-31,39.27485465490716,39.38894271850586
2006-11-01,39.70267497790417,39.21780014038086
2006-11-02,39.21780606873224,39.30337142944336
2006-11-03,39.27485507592189,39.103721618652344
2006-11-06,39.07519870653541,39.36042022705078
2006-11-07,39.36041681663329,39.30337142944336
2006-11-08,38.73293474061678,38.875545501708984
2006-11-09,38.50476266794428,38.39067459106445
2006-11-10,38.44771003416988,38.333621978759766
2006-11-13,38.105456944698766,37.934326171875
2006-11-14,38.87553830079476,39.046669006347656
2006-11-15,38.59031999246444,38.9040641784668
2006-11-16,38.476243942587,38.59033203125
2006-11-17,38.076927588398945,38.2480583190918
2006-11-20,37.363878447402065,37.44944381713867
2006-11-21,37.30682525542637,37.47795867919922
2006-11-22,37.82022476196289,37.82022476196289
2006-11-24,37.734662607191254,37.67761993408203
2006-11-27,37.99136164336935,37.64909744262695
2006-11-28,37.99136308708304,38.27658462524414
2006-11-29,38.84702449421947,39.018157958984375
2006-11-30,39.331897326669505,39.38894271850586
2006-12-01,39.38893359876897,39.44597625732422
2006-12-04,39.560075724858564,39.902339935302734
2006-12-05,39.7882364554971,39.93084716796875
2006-12-06,40.01642377329896,40.187557220458984
2006-12-07,40.3586877437411,40.21607971191406
2006-12-08,40.216082034058225,40.04494857788086
2006-12-11,39.95937900097922,40.10198974609375
2006-12-12,40.04494286648484,40.15903091430664
2006-12-13,40.073472987184076,39.95938491821289
2006-12-14,40.24460790308711,40.35869598388672
2006-12-15,40.44426408454223,40.35869598388672
2006-12-18,40.3872085162491,40.10198974609375
2006-12-19,39.87380179495085,39.93084716796875
2006-12-20,40.44503396053187,40.215232849121094
2006-12-21,40.38759654671142,40.445045471191406
2006-12-22,40.55994680544816,40.58867263793945
2006-12-26,40.559940338134766,40.559940338134766
2006-12-27,40.73229217529297,40.73229217529297
2006-12-28,40.76101303100586,40.76101303100586
2006-12-29,40.789736547390774,40.81846237182617
2007-01-03,40.81846734404786,40.78974151611328
2007-01-04,40.818462066214416,41.22061538696289
2007-01-05,40.53121872099549,40.15779113769531
2007-01-08,40.41631922259194,40.387596130371094
2007-01-09,40.6461181640625,40.6461181640625
2007-01-10,39.956710085745065,40.042884826660156
2007-01-11,39.72691155854347,39.84181213378906
2007-01-12,40.157781984878405,40.35886001586914
2007-01-16,40.50248336791992,40.50248336791992
2007-01-17,40.50248336791992,40.50248336791992
2007-01-18,40.64610815671722,40.473758697509766
2007-01-19,40.58866355352513,40.76101303100586
2007-01-22,40.8759135958082,40.76101303100586
2007-01-23,40.847191628880296,40.99081802368164
2007-01-24,41.24934160573205,41.53659439086914
2007-01-25,41.16316288376253,40.84718704223633
2007-01-26,40.90464517214119,40.875919342041016
2007-01-29,40.96209758697628,41.01954650878906
2007-01-30,40.96209266188665,41.27806854248047
2007-01-31,40.789738103370205,41.105716705322266
2007-02-01,41.651485443115234,41.651485443115234
2007-02-02,41.479141962272244,41.392967224121094
2007-02-05,41.01954419159605,41.076995849609375
2007-02-06,41.36424405380904,41.421695709228516
2007-02-07,41.306792485969936,41.392967224121094
2007-02-08,40.78974459118642,40.875919342041016
2007-02-09,41.2780680738387,40.99081802368164
2007-02-12,41.134439009594615,40.96208953857422
2007-02-13,41.62277446790414,41.8238525390625
2007-02-14,42.05364997541845,42.51325225830078
2007-02-15,42.62815857489824,42.85795974731445
2007-02-16,42.71432307419146,42.8292236328125
2007-02-20,42.743063393369255,42.685611724853516
2007-02-21,42.45579799805282,42.714324951171875
2007-02-22,42.85794945732911,42.8292236328125
2007-02-23,43.116469627573984,43.20264434814453
2007-02-26,43.46118429710325,43.48991012573242
2007-02-27,43.08774971765626,42.45579528808594
2007-02-28,42.48453596858002,42.39836120605469
2007-03-01,41.73767097564933,42.19727325439453
2007-03-02,41.766400524849885,41.50787353515625
2007-03-05,41.105718244556236,40.904640197753906
2007-03-06,41.62276730310513,41.88129425048828
2007-03-07,41.737672397432014,41.79512405395508
2007-03-08,42.22600895663147,42.16856002807617
2007-03-09,42.36962547864682,42.19727325439453
2007-03-12,42.36962470759516,42.54197692871094
2007-03-13,42.168552772017584,41.76639938354492
2007-03-14,41.36424139825553,41.392967224121094
2007-03-15,41.39296988151877,41.421695709228516
2007-03-16,41.392967224121094,41.392967224121094
2007-03-19,41.651494277430345,41.852569580078125
2007-03-20,41.8525590558082,42.22598648071289
2007-03-21,42.11110873692779,42.685611724853516
2007-03-22,42.82923200192009,42.74305725097656
2007-03-23,42.800514221191406,42.800514221191406
2007-03-26,42.59942742694957,42.570701599121094
2007-03-27,42.36963537206414,42.39836120605469
2007-03-28,41.99619601959866,42.08237075805664
2007-03-29,42.34089922363255,42.13982391357422
2007-03-30,42.13982236052828,41.852569580078125
2007-04-02,41.56533091804142,41.622779846191406
2007-04-03,41.79513018983054,41.96747970581055
2007-04-04,42.16855431403222,42.28345489501953
2007-04-05,42.024933597518476,42.16856002807617
2007-04-09,42.225992164633965,42.11109161376953
2007-04-10,42.254730224609375,42.254730224609375
2007-04-11,42.25472297441815,42.08237075805664
2007-04-12,41.8812874249866,42.0249137878418
2007-04-13,41.85257104034424,41.68022155761719
2007-04-16,41.96747624271997,42.28345489501953
2007-04-17,41.99618796738176,42.0249137878418
2007-04-18,42.13982240999233,42.08237075805664
2007-04-19,41.76639368936748,41.88129425048828
2007-04-20,41.99620205684626,42.053653717041016
2007-04-23,41.59404754638672,41.59404754638672
2007-04-24,41.53659439086914,41.53659439086914
2007-04-25,41.450423482245874,41.76639938354492
2007-04-26,41.42169647422102,41.56532287597656
2007-04-27,41.07699472292079,41.33552169799805
2007-04-30,40.96209758697628,41.01954650878906
2007-05-01,40.99082341760566,41.01954650878906
2007-05-02,41.01955031400402,41.249351501464844
2007-05-03,41.278067386519545,41.306793212890625
2007-05-04,41.479154919122735,41.45043182373047
2007-05-07,41.70893708279794,41.651485443115234
2007-05-08,41.65149762125158,41.56532287597656
2007-05-09,41.91002128114068,42.08237075805664
2007-05-10,41.594055519030974,41.45043182373047
2007-05-11,41.56532405903151,41.76639938354492
2007-05-14,41.68021126295659,41.651485443115234
2007-05-15,41.278067386519545,41.306793212890625
2007-05-16,41.249340834238815,41.392967224121094
2007-05-17,40.96209262250388,41.04826736450195
2007-05-18,40.875909407229955,40.9333610534668
2007-05-21,40.875909407229955,40.9333610534668
2007-05-22,41.33552169799805,41.33552169799805
2007-05-23,41.594042526288966,41.392967224121094
2007-05-24,41.5078742614092,41.191898345947266
2007-05-25,41.048272339418446,41.01954650878906
2007-05-29,41.50788075396139,41.45043182373047
2007-05-30,41.220618518774806,41.53659439086914
2007-05-31,41.85257373434681,41.938751220703125
2007-06-01,42.16856002807617,42.16856002807617
2007-06-04,42.168552086669,42.31217575073242
2007-06-05,42.36963080875018,42.254730224609375
2007-06-06,42.28344880038599,42.08237075805664
2007-06-07,42.16854969938717,41.9100227355957
2007-06-08,41.79511578375365,42.11109161376953
2007-06-11,41.99620205684626,42.053653717041016
2007-06-12,41.708951604610135,41.50787353515625
2007-06-13,41.50787925044514,41.622779846191406
2007-06-14,41.56532098931727,41.68022155761719
2007-06-15,42.02492788694364,42.053653717041016
2007-06-18,42.08238029627927,41.96747970581055
2007-06-19,41.938751220703125,41.938751220703125
2007-06-20,42.05363870255929,41.651485443115234
2007-06-21,41.7663948417213,41.852569580078125
2007-06-22,41.65150718870829,41.45043182373047
2007-06-25,41.36423902917379,41.22061538696289
2007-06-26,41.594044423074294,41.27806854248047
2007-06-27,41.134433832249265,41.364234924316406
2007-06-28,41.27806854248047,41.27806854248047
2007-06-29,41.708947384553575,41.68022155761719
2007-07-02,42.082377573220306,42.42708206176758
2007-07-03,42.39834825687969,42.34089660644531
2007-07-05,42.22598648071289,42.22598648071289
2007-07-06,42.0249137878418,42.0249137878418
2007-07-09,42.31216377410718,42.0249137878418
2007-07-10,42.053642708059925,42.11109161376953
2007-07-11,41.88130494782054,41.96747970581055
2007-07-12,41.88130264129026,42.254730224609375
2007-07-13,42.34089473175,42.45579528808594
2007-07-16,42.42708056546369,42.36962890625
2007-07-17,42.225998655106984,42.13982391357422
2007-07-18,41.910025391917685,41.938751220703125
2007-07-19,42.19727282811418,42.13982391357422
2007-07-20,42.226006719226724,41.96747970581055
2007-07-23,42.13981176402561,42.22598648071289
2007-07-24,42.31217188690829,42.08237075805664
2007-07-25,42.28344380978879,42.11109161376953
2007-07-26,41.795114026526115,41.364234924316406
2007-07-27,41.36424013058544,40.96208953857422
2007-07-30,41.622759623273886,41.651485443115234
2007-07-31,41.76640778861652,41.45043182373047
2007-08-01,40.96209569351217,41.13444519042969
2007-08-02,40.96208687658522,40.9333610534668
2007-08-03,40.78973642330785,40.35886001586914
2007-08-06,40.90463788860379,40.96208953857422
2007-08-07,40.732295670432,40.875919342041016
2007-08-08,41.04826318108629,41.22061538696289
2007-08-09,40.732292566154634,40.559940338134766
2007-08-10,39.841809092883615,39.985435485839844
2007-08-13,40.21523704793596,40.042884826660156
2007-08-14,40.215235105424924,39.927982330322266
2007-08-15,39.49710458339921,39.267303466796875
2007-08-16,39.06623124412472,39.35348129272461
2007-08-17,39.2960357429547,39.06623458862305
2007-08-20,39.296037302585994,38.63535690307617
2007-08-21,38.980061322268746,39.123687744140625
2007-08-22,39.35347903992182,39.64073181152344
2007-08-23,40.1577834546262,39.927982330322266
2007-08-24,39.81307646478196,40.12905502319336
2007-08-27,40.014161696529314,39.81308364868164
2007-08-28,39.87053062168164,39.43965148925781
2007-08-29,39.554559426212826,39.81308364868164
2007-08-30,39.32476531273934,39.554569244384766
2007-08-31,40.44504281616132,40.416316986083984
2007-09-04,40.07161142349818,40.1865119934082
2007-09-05,39.41093444824219,39.41093444824219
2007-09-06,39.49710313602578,39.43965148925781
2007-09-07,39.094956210158976,39.238582611083984
2007-09-10,39.12367623367775,38.89387512207031
2007-09-11,39.15240555944178,39.2960319519043
2007-09-12,39.06622128812512,39.181121826171875
2007-09-13,38.92260094588258,38.89387512207031
2007-09-14,39.03750726115585,39.00878143310547
2007-09-17,38.95133132193871,38.80770492553711
2007-09-18,38.57790238784359,39.20985412597656
2007-09-19,39.87053293302655,39.64073181152344
2007-09-20,39.75563926554857,39.49711227416992
2007-09-21,39.49711914915086,39.58329391479492
2007-09-24,39.7843651122326,39.72691345214844
2007-09-25,39.98543664274118,39.95671081542969
2007-09-26,40.30141830444336,40.30141830444336
2007-09-27,41.10571482952695,41.22061538696289
2007-09-28,41.134446685256385,41.191898345947266
2007-10-01,41.13443164375073,41.651485443115234
2007-10-02,41.65149495703486,41.53659439086914
2007-10-03,41.479145391255784,41.56532287597656
2007-10-04,41.59404330422921,41.53659439086914
2007-10-05,41.823846542682695,42.08237075805664
2007-10-08,41.82384649358954,41.852569580078125
2007-10-09,41.737667083740234,41.737667083740234
2007-10-10,41.50785908335343,41.651485443115234
2007-10-11,42.024922097229165,41.708946228027344
2007-10-12,41.56531983677358,41.708946228027344
2007-10-15,41.335515944398836,41.22061538696289
2007-10-16,40.73228562576621,40.473758697509766
2007-10-17,40.617385508302334,40.53120803833008
2007-10-18,40.58866312659179,40.70356369018555
2007-10-19,40.47376431748208,39.899261474609375
2007-10-22,39.95670283320122,40.12905502319336
2007-10-23,40.243961334228516,40.243961334228516
2007-10-24,40.15778805839943,40.07161331176758
2007-10-25,39.95670815572163,39.927982330322266
2007-10-26,40.473767088240365,40.617393493652344
2007-10-29,41.04826167821614,41.16316223144531
2007-10-30,40.933363713589,40.96208953857422
2007-10-31,41.10572781388651,41.249351501464844
2007-11-01,41.07699388857926,40.73229217529297
2007-11-02,40.67484241214964,40.617393493652344
2007-11-05,39.84180759356966,39.927982330322266
2007-11-06,40.243969711482535,40.387596130371094
2007-11-07,39.89925875807581,39.64073181152344
2007-11-08,39.41093480747357,39.00878143310547
2007-11-09,38.606630315801354,38.491729736328125
2007-11-12,38.34810111480904,38.520450592041016
2007-11-13,38.77896857328578,39.181121826171875
2007-11-14,39.468381431302845,39.2960319519043
2007-11-15,39.03749918977857,38.951324462890625
2007-11-16,38.951334388907384,38.66408157348633
2007-11-19,38.43426266054283,38.00338363647461
2007-11-20,38.75025445954353,39.00878143310547
2007-11-21,38.31938171386719,38.31938171386719
2007-11-23,38.92259493070545,39.181121826171875
2007-11-26,39.497097620939215,39.181121826171875
2007-11-27,39.46838194594427,39.81308364868164
2007-11-28,39.64073497119702,40.1865119934082
2007-11-29,40.24397202903349,40.33014678955078
2007-11-30,40.67484397788813,40.416316986083984
2007-12-03,40.55993342711349,40.473758697509766
2007-12-04,39.956710085745065,40.042884826660156
2007-12-05,40.58866619946266,40.78974151611328
2007-12-06,40.76101346962239,41.306793212890625
2007-12-07,40.96208687658522,40.9333610534668
2007-12-10,40.93336679535597,41.04826736450195
2007-12-11,41.076998550221134,40.15779113769531
2007-12-12,40.93336090798999,40.473758697509766
2007-12-13,39.58328016142494,39.64073181152344
2007-12-14,38.92260265756624,38.08957290649414
2007-12-17,38.00341236198518,37.42890930175781
2007-12-18,37.917220695486435,38.08957290649414
2007-12-19,37.97467344820775,37.83104705810547
2007-12-20,37.917222571859405,37.974674224853516
2007-12-21,38.2044849206352,38.54918670654297
2007-12-24,38.253132304782135,38.485321044921875
2007-12-26,38.4563013101137,38.65946578979492
2007-12-27,38.60141910597386,38.04996871948242
2007-12-28,38.485321044921875,38.485321044921875
2007-12-31,38.5143647531413,38.572410583496094
2008-01-02,38.51434389880228,38.39824676513672
2008-01-03,38.45631062034864,38.54338073730469
2008-01-04,38.108026291842855,37.556575775146484
2008-01-07,37.46949763892179,37.324378967285156
2008-01-08,37.730706454881094,37.2373046875
2008-01-09,37.962898625581595,38.04996871948242
2008-01-10,37.35340542956972,37.730712890625
2008-01-11,37.23731611809057,37.09219741821289
2008-01-14,37.556575775146484,37.556575775146484
2008-01-15,36.77293565070668,36.511722564697266
2008-01-16,35.9022230555893,35.84417724609375
2008-01-17,35.98930608996083,35.35078811645508
2008-01-18,36.163438990110876,36.27953338623047
2008-01-22,34.160813808422844,34.94445037841797
2008-01-23,34.01568972813421,35.06053924560547
2008-01-24,35.52491589657522,35.64101028442383
2008-01-25,36.743906732428634,36.19245910644531
2008-01-28,35.69905756961772,35.98929214477539
2008-01-29,36.395624730889395,36.59878921508789
2008-01-30,36.076361354555374,36.424644470214844
2008-01-31,36.337576958079154,36.91804885864258
2008-02-01,37.12121031681669,37.2373046875
2008-02-04,37.15024774462322,37.12122344970703
2008-02-05,36.511712221988276,35.873191833496094
2008-02-06,35.844177131368596,35.40882110595703
2008-02-07,35.37980031838292,35.61199188232422
2008-02-08,35.089557149368595,34.712249755859375
2008-02-11,35.06053924560547,35.06053924560547
2008-02-12,35.46687526074214,35.582969665527344
2008-02-13,35.29273397568708,35.32175827026367
2008-02-14,36.19246634128017,35.670040130615234
2008-02-15,35.98929805335003,36.10539245605469
2008-02-19,36.8019690386287,36.45368576049805
2008-02-20,35.40882496550199,35.69906234741211
2008-02-21,36.2505121884834,35.96027755737305
2008-02-22,36.19246154341784,36.25050735473633
2008-02-25,36.62780811679213,37.0051155090332
2008-02-26,36.88903463942259,37.411460876464844
2008-02-27,37.179253328906725,37.208274841308594
2008-02-28,37.034148786462275,36.80195999145508
2008-02-29,36.62781693715024,36.36660385131836
2008-03-03,36.22149207657831,36.337589263916016
2008-03-04,35.553936327927985,35.495887756347656
2008-03-05,35.78613245482162,35.69906234741211
2008-03-06,35.87320075277471,35.379798889160156
2008-03-07,35.11858149348948,34.85736846923828
2008-03-10,35.118581433771176,34.712249755859375
2008-03-11,35.5249173015077,35.728084564208984
2008-03-12,35.931249059001615,35.728084564208984
2008-03-13,35.06053805858987,35.84417724609375
2008-03-14,35.26370154296775,33.464237213134766
2008-03-17,34.044708709775286,34.42201614379883
2008-03-18,35.031513657763746,35.40882110595703
2008-03-19,35.2346752920782,34.33494186401367
2008-03-20,34.4220108447848,34.97346115112305
2008-03-24,35.84418729510328,36.0473518371582
2008-03-25,36.22147724348237,36.424644470214844
2008-03-26,36.48269015802649,36.13440704345703
2008-03-27,36.39563719733073,36.01832962036133
2008-03-28,36.27953510596845,36.1634407043457
2008-03-31,35.81514777938089,35.902217864990234
2008-04-01,36.54073834858144,36.94706726074219
2008-04-02,36.918062383575815,36.8890380859375
2008-04-03,36.97609851663238,37.06317138671875
2008-04-04,37.15024600532755,37.09219741821289
2008-04-07,37.58559761548209,37.35340881347656
2008-04-08,36.685865593951476,36.80195999145508
2008-04-09,36.42465032450899,36.25050735473633
2008-04-10,36.33757426955366,36.13440704345703
2008-04-11,36.395628142612736,36.36660385131836
2008-04-14,36.22147713012236,36.13440704345703
2008-04-15,36.39562225341797,36.39562225341797
2008-04-16,37.12122243494117,37.556575775146484
2008-04-17,37.063164077643265,37.0051155090332
2008-04-18,37.556569986718586,38.02095031738281
2008-04-21,37.64363318746768,37.90484619140625
2008-04-22,37.35340043238362,37.17926025390625
2008-04-23,37.35340160534903,37.58559036254883
2008-04-24,37.29536056518555,37.29536056518555
2008-04-25,38.02095031738281,38.02095031738281
2008-04-28,38.34021037945805,38.7175178527832
2008-04-29,38.60142095117443,38.369232177734375
2008-04-30,38.42728632539358,38.54338073730469
2008-05-01,38.28216250978549,38.891658782958984
2008-05-02,39.0077528177425,38.804588317871094
2008-05-05,38.68848599548103,38.86262893676758
2008-05-06,38.65947757140406,39.03678512573242
2008-05-07,39.094831269814264,38.54338073730469
2008-05-08,38.7175178527832,38.7175178527832
2008-05-09,38.02095448658074,38.10802459716797
2008-05-12,38.02094312897589,38.25313186645508
2008-05-13,38.42727273880906,38.28215408325195
2008-05-14,38.54337071078368,38.63044357299805
2008-05-15,39.06580046907863,39.38505935668945
2008-05-16,39.32702116506073,39.53018569946289
2008-05-19,39.64626618455111,39.47212600708008
2008-05-20,39.38505336758622,39.12384033203125
2008-05-21,38.9206784292001,38.427276611328125
2008-05-22,39.00775076942691,38.978729248046875
2008-05-23,38.97872742118934,38.65946578979492
2008-05-27,38.5143557735146,38.77556610107422
2008-05-28,38.28216518940802,38.340213775634766
2008-05-29,38.4272828964192,38.77556610107422
2008-05-30,39.23994307980279,39.29798889160156
2008-06-02,39.55920232950995,39.38505935668945
2008-06-03,39.58822208374681,39.35603332519531
2008-06-04,39.588234296042906,39.8204231262207
2008-06-05,39.559206924762435,40.139678955078125
2008-06-06,39.3850599278063,38.7175178527832
2008-06-09,38.891660502625896,38.77556610107422
2008-06-10,37.875822610646196,37.933868408203125
2008-06-11,37.93388258341343,37.3824348449707
2008-06-12,37.382430668283234,37.29536056518555
2008-06-13,37.26633565601968,37.672664642333984
2008-06-16,37.84680734739515,38.02095031738281
2008-06-17,38.3692269373311,38.28215408325195
2008-06-18,38.07899609555511,37.875831604003906
2008-06-19,37.58559974150746,37.759742736816406
2008-06-20,36.83098146542613,36.511722564697266
2008-06-23,36.71487776265067,36.772926330566406
2008-06-24,36.511724640864905,36.48270034790039
2008-06-25,36.89097045263756,37.03678512573242
2008-06-26,36.42437057342716,36.103580474853516
2008-06-27,36.27855287730477,36.307716369628906
2008-06-30,36.48269810502174,36.36604690551758
2008-07-01,36.16191486486096,36.511871337890625
2008-07-02,36.220228848979474,35.72446060180664
2008-07-03,35.986932564717264,35.84111785888672
2008-07-07,35.87028135628967,35.84111785888672
2008-07-08,35.37450338604528,35.69529342651367
2008-07-09,35.66614555384712,35.11205291748047
2008-07-10,35.31617582114362,35.43282699584961
2008-07-11,34.995388161362015,34.966224670410156
2008-07-14,35.46199744507523,35.19953155517578
2008-07-15,34.703759666476806,34.61627197265625
2008-07-16,34.9079053517448,35.49116134643555
2008-07-17,35.63696634919748,35.3161735534668
2008-07-18,35.199536541618016,35.17037582397461
2008-07-21,35.31618775574462,35.17037582397461
2008-07-22,35.257845938671416,35.636962890625
2008-07-23,35.81195422489898,35.87028121948242
2008-07-24,36.249398478975415,35.84111785888672
2008-07-25,35.5494781705556,35.43282699584961
2008-07-28,35.46200035257129,35.024559020996094
2008-07-29,34.907897258962564,35.22868728637695
2008-07-30,35.49117147150541,35.549495697021484
2008-07-31,35.14121419581412,34.995399475097656
2008-08-01,34.73292088598852,34.49961853027344
2008-08-04,33.858043006915615,33.62474060058594
2008-08-05,34.149670325167264,34.382972717285156
2008-08-06,34.14966189130969,34.17882537841797
2008-08-07,33.683070631909175,33.42060470581055
2008-08-08,33.18729593563067,33.91636657714844
2008-08-11,34.03301478135224,34.12050247192383
2008-08-12,33.916359073851204,33.8871955871582
2008-08-13,33.50809017842826,33.303951263427734
2008-08-14,32.953993056911884,33.09980773925781
2008-08-15,33.012324230529224,32.866512298583984
2008-08-18,33.53725926747914,33.15814208984375
2008-08-19,32.72068825606671,32.63319778442383
2008-08-20,32.77901643414711,32.983158111572266
2008-08-21,32.83733667803307,33.18729019165039
2008-08-22,32.83733975414596,32.9539909362793
2008-08-25,33.01232239778608,32.66236877441406
2008-08-26,32.74985463649801,32.837345123291016
2008-08-27,32.83734342232111,32.983158111572266
2008-08-28,33.15814444172022,33.24563217163086
2008-08-29,33.508082632667104,33.2747802734375
2008-09-02,33.158135231313324,32.837345123291016
2008-09-03,32.691528733069966,32.983158111572266
2008-09-04,32.429060629737286,31.933292388916016
2008-09-05,31.81664120173358,31.933292388916016
2008-09-08,32.77901970842157,32.72069549560547
2008-09-09,32.37073995395946,31.8166446685791
2008-09-10,32.34157336892459,32.22492218017578
2008-09-11,31.64167180412621,32.049949645996094
2008-09-12,32.020787957252566,32.254093170166016
2008-09-15,31.08757264461019,31.350038528442383
2008-09-16,30.650132833317116,31.05841064453125
2008-09-17,30.56263476558698,29.950218200683594
2008-09-18,30.737623069172177,31.291715621948242
2008-09-19,32.19576045832638,32.983158111572266
2008-09-22,32.48739101646581,31.845808029174805
2008-09-23,31.816644128515417,31.55417823791504
2008-09-24,32.079108717043795,31.991621017456055
2008-09-25,32.16659069692417,32.54570770263672
2008-09-26,32.020782612786185,32.3707389831543
2008-09-29,31.204223978935463,29.862733840942383
2008-09-30,30.50431800507639,31.087574005126953
2008-10-01,30.650120409312564,30.708444595336914
2008-10-02,30.212693872376736,29.396135330200195
2008-10-03,29.366970225948332,28.812877655029297
2008-10-06,27.99630700130216,27.879655838012695
2008-10-07,28.025476937159763,26.858964920043945
2008-10-08,25.896589411601337,25.8674259185791
2008-10-09,26.62566265435183,24.6717529296875
2008-10-10,23.126121480105933,23.592727661132812
2008-10-13,25.255001228775292,27.3255615234375
2008-10-14,28.637893618084863,27.179752349853516
2008-10-15,26.509012294535065,24.350963592529297
2008-10-16,25.284166360747527,25.838258743286133
2008-10-17,25.050870446955727,25.488311767578125
2008-10-20,26.479852836827618,27.500553131103516
2008-10-21,26.74230693715909,26.509004592895508
2008-10-22,25.6924576576113,24.905059814453125
2008-10-23,25.138362392129082,25.750782012939453
2008-10-24,23.41775097663238,24.205148696899414
2008-10-27,23.38858843104594,22.747005462646484
2008-10-28,23.971840609402403,25.51746940612793
2008-10-29,25.109194776952428,24.934219360351562
2008-10-30,26.50900578493031,26.27570343017578
2008-10-31,25.517469512091743,26.246540069580078
2008-11-03,26.304865248491396,26.42151641845703
2008-11-04,27.383887698736704,27.879655838012695
2008-11-05,27.96714836874556,27.296401977539062
2008-11-06,26.479848519185023,24.934219360351562
2008-11-07,26.129892894019424,26.392358779907227
2008-11-10,26.975613513930487,26.625659942626953
2008-11-11,25.692447562919238,25.51746940612793
2008-11-12,25.4008199371833,24.817564010620117
2008-11-13,25.34249009039426,26.509004592895508
2008-11-14,25.42998593911622,25.080032348632812
2008-11-17,25.021703720092773,25.021703720092773
2008-11-18,24.61342316735588,25.021703720092773
2008-11-19,24.409291936566923,23.417755126953125
2008-11-20,23.50523962701094,22.747005462646484
2008-11-21,23.796860837663516,24.146814346313477
2008-11-24,24.64258534649906,25.284168243408203
2008-11-25,25.51747605398968,25.167522430419922
2008-11-26,24.58426398778428,25.634124755859375
2008-11-28,24.963376429157115,25.255002975463867
2008-12-01,24.99254087885333,23.796865463256836
2008-12-02,24.61342705418123,24.992544174194336
2008-12-03,24.321797379163392,25.22584342956543
2008-12-04,24.38012781480475,24.234315872192383
2008-12-05,24.146819522916623,24.61342430114746
2008-12-08,25.37165557171568,25.721609115600586
2008-12-09,25.429983488485874,25.546634674072266
2008-12-10,25.954914300875025,26.10072898864746
2008-12-11,26.421529125430336,26.013248443603516
2008-12-12,25.98407527047813,26.596494674682617
2008-12-15,26.654821432863084,26.450679779052734
2008-12-16,27.79217529296875,27.79217529296875
2008-12-17,27.413055701444048,27.733848571777344
2008-12-18,27.44221653814202,26.771472930908203
2008-12-19,26.65483283996582,26.65483283996582
2008-12-22,27.20891407888711,26.596494674682617
2008-12-23,26.581804267458605,26.140735626220703
2008-12-24,26.375959240592135,26.46417236328125
2008-12-26,26.170129362163234,26.96405601501465
2008-12-29,27.287507909864868,27.169889450073242
2008-12-30,27.28750904468382,27.934412002563477
2008-12-31,27.757973695448044,28.169639587402344
2009-01-02,28.140238489746952,28.316667556762695
2009-01-05,27.7579867266796,27.610965728759766
2009-01-06,27.3757245153238,27.3463191986084
2009-01-07,27.258103656342147,27.081674575805664
2009-01-08,27.287510557817463,27.463939666748047
2009-01-09,27.258101903199424,26.993459701538086
2009-01-12,26.99346440285935,26.670011520385742
2009-01-13,26.111325757417394,26.170133590698242
2009-01-14,25.75846252886225,25.405607223510742
2009-01-15,25.787871755321977,25.729061126708984
2009-01-16,26.31715406915295,25.90549087524414
2009-01-20,25.640853014772915,24.788118362426758
2009-01-21,25.229186097500072,25.876089096069336
2009-01-22,25.170375369864537,25.229183197021484
2009-01-23,24.552874483224837,25.170372009277344
2009-01-26,24.993944558618903,25.140968322753906
2009-01-27,25.846679515962077,25.934892654418945
2009-01-28,26.287750341818743,26.40536880493164
2009-01-29,25.817270344298485,25.405607223510742
2009-01-30,25.55263705455921,24.788118362426758
2009-02-02,24.729307722284286,24.788118362426758
2009-02-03,25.082159698989212,25.258588790893555
2009-02-04,25.611442457113032,25.493824005126953
2009-02-05,25.111559733595474,25.405607223510742
2009-02-06,25.14097008222853,25.55263328552246
2009-02-09,24.993949702119313,25.082162857055664
2009-02-10,24.876328083450655,24.20001983642578
2009-02-11,24.435260677088266,24.317642211914062
2009-02-12,23.964779975415393,24.288232803344727
2009-02-13,23.994184130715468,23.641328811645508
2009-02-17,23.17086363944697,22.847412109375
2009-02-18,23.229667225195442,23.023834228515625
2009-02-19,23.170859388938858,22.70038414001465
2009-02-20,21.99467312663716,22.40633773803711
2009-02-23,22.376942928492827,21.46539878845215
2009-02-24,21.730030840867332,22.3475284576416
2009-02-25,22.112292964211278,21.759437561035156
2009-02-26,22.05348325632946,21.494794845581055
2009-02-27,21.64181686657435,21.671220779418945
2009-03-02,21.40658120834751,20.906702041625977
2009-03-03,21.11253166862867,20.847890853881836
2009-03-04,21.259556200612934,21.406579971313477
2009-03-05,21.200749943289992,20.994916915893555
2009-03-06,21.08312758500169,20.93610382080078
2009-03-09,20.142177639668706,20.200986862182617
2009-03-10,20.789087331859992,21.23015594482422
2009-03-11,21.406577723278165,21.318363189697266
2009-03-12,20.78908550691788,21.288963317871094
2009-03-13,21.37717638038378,21.494794845581055
2009-03-16,21.93585961851131,21.877050399780273
2009-03-17,21.84764770334992,22.641572952270508
2009-03-18,22.318120197494903,23.170854568481445
2009-03-19,23.553120910425417,23.053241729736328
2009-03-20,22.96502068451169,22.553356170654297
2009-03-23,23.758952399152538,24.317642211914062
2009-03-24,23.729541940351798,23.641328811645508
2009-03-25,24.08239609151348,24.34703826904297
2009-03-26,24.641092023579844,24.61168670654297
2009-03-27,24.25883046844763,24.20001983642578
2009-03-30,23.523711647462164,23.259069442749023
2009-03-31,23.170856532624914,23.229665756225586
2009-04-01,23.376687134746636,23.90597152709961
2009-04-02,24.52347204062442,24.758708953857422
2009-04-03,24.523475920976495,24.552881240844727
2009-04-06,24.052999219031793,24.02359390258789
2009-04-07,24.02359352357949,23.876569747924805
2009-04-08,24.11180732578074,24.05299949645996
2009-04-09,24.876334673733798,24.935142517089844
2009-04-13,24.582272567993858,24.993938446044922
2009-04-14,24.817516780043068,24.758708953857422
2009-04-15,24.582283739359312,24.876331329345703
2009-04-16,24.81751671014952,24.964540481567383
2009-04-17,25.14097349651032,25.082162857055664
2009-04-20,24.817514638977475,24.523469924926758
2009-04-21,24.435262209004613,24.817520141601562
2009-04-22,24.699902486264357,24.905736923217773
2009-04-23,25.082155955878132,25.052753448486328
2009-04-24,25.464420040347335,25.435014724731445
2009-04-27,25.199776364990747,25.376205444335938
2009-04-28,24.846922025282133,24.964540481567383
2009-04-29,25.140966697502254,25.170372009277344
2009-04-30,25.25858666184368,25.02334976196289
2009-05-01,25.229178168712643,25.405607223510742
2009-05-04,25.52322611857152,26.081912994384766
2009-05-05,26.023116795055024,25.993711471557617
2009-05-06,26.346558118276057,26.6112003326416
2009-05-07,26.405374783537347,25.993711471557617
2009-05-08,26.640609561995003,27.05227279663086
2009-05-11,26.78762054443359,26.787620544433594
2009-05-12,26.993464871581857,26.934654235839844
2009-05-13,26.611197737209118,26.434768676757812
2009-05-14,26.287743313658414,26.46417236328125
2009-05-15,26.84643734427603,26.728818893432617
2009-05-18,26.699413797397508,26.96405601501465
2009-05-19,26.90523896817583,26.787620544433594
2009-05-20,27.19930213354417,27.140491485595703
2009-05-21,26.96404958216916,26.787620544433594
2009-05-22,27.19930081276212,26.875850677490234
2009-05-26,26.96405277866644,27.757976531982422
2009-05-27,27.640356108626058,27.22869300842285
2009-05-28,27.081678114603555,27.05227279663086
2009-05-29,27.375716854493312,27.552143096923828
2009-06-01,28.022614247763443,27.99321174621582
2009-06-02,27.934413723944203,28.022626876831055
2009-06-03,27.640361569251713,27.40512466430664
2009-06-04,27.669773567078543,27.610965728759766
2009-06-05,27.552144469896284,27.28750228881836
2009-06-08,27.316911804507065,27.43453025817871
2009-06-09,27.552145126696633,27.669763565063477
2009-06-10,27.993220515174766,27.699172973632812
2009-06-11,27.963808043547427,28.169639587402344
2009-06-12,28.11083149059629,28.140233993530273
2009-06-15,27.816788948579543,27.64035987854004
2009-06-16,27.72857990317254,27.3463191986084
2009-06-17,27.669763565063477,27.669763565063477
2009-06-18,27.552148711850357,27.43453025817871
2009-06-19,27.699168837588413,27.875595092773438
2009-06-22,27.581552444983416,27.258102416992188
2009-06-23,27.287660971953304,27.435482025146484
2009-06-24,27.671998588760815,27.49461555480957
2009-06-25,27.435475396545737,28.145015716552734
2009-06-26,28.233728408813473,28.233728408813477
2009-06-29,28.05633647711741,28.085901260375977
2009-06-30,27.96764355226763,27.878952026367188
2009-07-01,28.026767209198713,28.204153060913086
2009-07-02,27.612870135860142,27.58330535888672
2009-07-06,27.731133533928286,27.760698318481445
2009-07-07,27.70156232633237,27.465049743652344
2009-07-08,27.346793452312333,27.465049743652344
2009-07-09,27.435484965954245,27.465049743652344
2009-07-10,27.110280156480687,27.16940689086914
2009-07-13,27.080715539810637,27.22853660583496
2009-07-14,27.287663340573296,27.22853660583496
2009-07-15,27.346795505909864,27.524181365966797
2009-07-16,27.31722950758498,27.40592384338379
2009-07-17,27.31722950758498,27.40592384338379
2009-07-20,27.612877215168695,27.760698318481445
2009-07-21,28.1154658617666,27.997209548950195
2009-07-22,28.11545329667457,28.32240104675293
2009-07-23,28.085891657243103,28.44066047668457
2009-07-24,28.470225628356754,28.588481903076172
2009-07-27,28.3519786642489,28.529361724853516
2009-07-28,28.49979782104492,28.499797821044922
2009-07-29,28.558918370971224,28.70673942565918
2009-07-30,29.03195381164551,29.031953811645508
2009-07-31,29.150204736126717,29.17976951599121
2009-08-03,29.623227244112975,29.682353973388672
2009-08-04,29.50496331935183,29.65278434753418
2009-08-05,29.357158841702425,29.445850372314453
2009-08-06,29.534535125943293,29.416278839111328
2009-08-07,29.32759372894577,29.29802894592285
2009-08-10,29.150207850261157,29.29802894592285
2009-08-11,29.357158511968688,29.29802894592285
2009-08-12,29.268464491637477,29.445850372314453
2009-08-13,29.59366730193031,29.711923599243164
2009-08-14,29.88930595205575,29.83017921447754
2009-08-17,29.06151665511034,29.002389907836914
2009-08-18,29.179767767422693,29.2388973236084
2009-08-19,29.002384932190022,29.32758903503418
2009-08-20,29.475406191745634,29.682353973388672
2009-08-21,29.859744381732924,30.0075626373291
2009-08-24,29.889309081188195,29.94843864440918
2009-08-25,30.1849365234375,30.1849365234375
2009-08-26,30.09624798113044,30.21450424194336
2009-08-27,30.155395799902625,30.3032169342041
2009-08-28,30.39189788861534,30.27364158630371
2009-08-31,30.00755367093201,30.21450424194336
2009-09-01,30.0075582424721,29.771045684814453
2009-09-02,29.771058293753885,29.859752655029297
2009-09-03,29.74148372969631,29.771045684814453
2009-09-04,29.564102522738963,29.711923599243164
2009-09-08,30.037136934696953,29.978010177612305
2009-09-09,29.889301839724745,30.09625244140625
2009-09-10,30.303196345890445,30.451017379760742
2009-09-11,30.480592574245374,30.421463012695312
2009-09-14,29.948447903552733,30.3032169342041
2009-09-15,29.91887317444482,30.066694259643555
2009-09-16,30.155374701811073,30.21450424194336
2009-09-17,29.977998572201848,29.918869018554688
2009-09-18,30.303206868180453,30.066694259643555
2009-09-21,29.623227450867486,29.771045684814453
2009-09-22,30.27364419090381,30.15538787841797
2009-09-23,30.18494809830418,29.83017921447754
2009-09-24,30.362342757776865,29.859752655029297
2009-09-25,29.80061300413312,29.62322998046875
2009-09-28,29.68236675193175,29.859752655029297
2009-09-29,29.445845131353533,29.2388973236084
2009-09-30,29.56410269940693,29.386716842651367
2009-10-01,29.209333040871257,28.647613525390625
2009-10-02,28.29284091643217,28.26327896118164
2009-10-05,28.204155647558,28.499797821044922
2009-10-06,28.79543217213956,28.824996948242188
2009-10-07,28.854572773476818,29.09108543395996
2009-10-08,29.47540839225345,29.416278839111328
2009-10-09,29.35715210542148,29.416278839111328
2009-10-12,29.56410006482498,29.47540855407715
2009-10-13,29.386715772163825,29.32758903503418
2009-10-14,29.593657627932203,29.65278434753418
2009-10-15,29.268456083201354,29.504968643188477
2009-10-16,28.825004902177835,28.97282600402832
2009-10-19,29.298029274992462,29.445850372314453
2009-10-20,29.53453980214691,29.35715675354004
2009-10-21,29.20933258325867,29.26845932006836
2009-10-22,29.002384932190022,29.32758903503418
2009-10-23,28.913690893833824,28.647613525390625
2009-10-26,28.884128737374915,28.558921813964844
2009-10-27,28.52935197668195,28.44066047668457
2009-10-28,28.322398681965932,28.145015716552734
2009-10-29,28.470225628356754,28.588481903076172
2009-10-30,28.5884974255985,28.233728408813477
2009-11-02,28.529359782831435,28.499797821044922
2009-11-03,28.145026000816856,28.470230102539062
2009-11-04,28.529352849641615,28.411096572875977
2009-11-05,28.499789535759287,28.618045806884766
2009-11-06,28.233712703540036,28.44066047668457
2009-11-09,28.52935277303157,28.765865325927734
2009-11-10,28.47023029824048,28.558921813964844
2009-11-11,28.647618038407565,28.529361724853516
2009-11-12,28.204158458040894,28.056337356567383
2009-11-13,28.174580016931973,28.32240104675293
2009-11-16,28.322404580094485,28.588481903076172
2009-11-17,28.233714186479013,28.26327896118164
2009-11-18,28.115462910813008,27.967641830444336
2009-11-19,27.524182782584557,27.317232131958008
2009-11-20,27.405925065746374,27.524181365966797
2009-11-23,27.938072872073523,27.81981658935547
2009-11-24,27.494614521350442,27.465049743652344
2009-11-25,27.84939020600138,27.938081741333008
2009-11-27,27.494607499942347,27.701555252075195
2009-11-30,28.29284091643217,28.26327896118164
2009-12-01,28.854563666758565,29.2388973236084
2009-12-02,29.1502055769873,29.120643615722656
2009-12-03,29.564101139502412,29.534536361694336
2009-12-04,29.682357431282327,29.534536361694336
2009-12-07,29.44585004158455,29.29802894592285
2009-12-08,29.416281622019387,29.386716842651367
2009-12-09,29.38671422387702,29.47540855407715
2009-12-10,29.268459282248834,29.2388973236084
2009-12-11,29.29802255227936,29.416278839111328
2009-12-14,29.445850372314453,29.445850372314453
2009-12-15,29.120638099204697,29.20932960510254
2009-12-16,29.593657627932203,29.65278434753418
2009-12-17,29.238897323608402,29.2388973236084
2009-12-18,29.238899075720198,29.17976951599121
2009-12-21,29.120650221383684,29.09108543395996
2009-12-22,29.264094982707967,29.323755264282227
2009-12-23,29.353587778626427,29.41324806213379
2009-12-24,29.443079955490592,29.622066497802734
2009-12-28,29.651894898613353,29.502742767333984
2009-12-29,29.71155834651152,29.622066497802734
2009-12-30,29.17460282063276,29.293926239013672
2009-12-31,29.293929455740756,29.055282592773438
2010-01-04,29.443076177661265,29.80104637145996
2010-01-05,29.92036694403484,29.980030059814453
2010-01-06,29.890540466573643,30.099355697631836
2010-01-07,29.801057176645916,29.830888748168945
2010-01-08,30.159026461730765,30.188858032226562
2010-01-11,30.367835050617558,30.457326889038086
2010-01-12,30.66615104675293,30.66615104675293
2010-01-13,30.57665254048135,30.845130920410156
2010-01-14,31.053955649614373,31.2926025390625
2010-01-15,31.322421064779626,31.232929229736328
2010-01-19,30.994286852023823,31.203102111816406
2010-01-20,30.54682986299535,30.516998291015625
2010-01-21,30.845137620549508,30.66615104675293
2010-01-22,30.636316928782694,30.3380069732666
2010-01-25,30.666157762344504,30.5766658782959
2010-01-26,30.248519897460938,30.248519897460938
2010-01-27,30.009883524064975,30.069543838500977
2010-01-28,30.0397014992763,29.771223068237305
2010-01-29,29.592244544991505,29.35359764099121
2010-02-01,29.651891708374023,29.651891708374023
2010-02-02,29.950210525839108,30.21868896484375
2010-02-03,29.950203572217358,29.920372009277344
2010-02-04,29.383429215215124,29.35359764099121
2010-02-05,29.234265952270565,29.293926239013672
2010-02-08,29.20443120874216,29.085107803344727
2010-02-09,29.353592891739318,29.264101028442383
2010-02-10,29.323761322341994,29.264101028442383
2010-02-11,29.2044328025162,29.41324806213379
2010-02-12,29.144774427559224,29.23426628112793
2010-02-16,29.204438776003943,29.532577514648438
2010-02-17,29.592240655253867,29.532577514648438
2010-02-18,29.50275132088771,29.592243194580078
2010-02-19,29.11495018005371,29.11495018005371
2010-02-22,29.413252511985878,29.472915649414062
2010-02-23,29.383429215215124,29.35359764099121
2010-02-24,29.323756214425472,29.41324806213379
2010-02-25,29.234268789491274,29.472915649414062
2010-02-26,29.5623998702559,29.651891708374023
2010-03-01,29.9203790013777,29.950210571289062
2010-03-02,30.129188516499184,30.03969383239746
2010-03-03,30.248519897460938,30.248519897460938
2010-03-04,30.039702436128053,29.950210571289062
2010-03-05,30.039701757692583,30.248519897460938
2010-03-08,30.457326889038086,30.457326889038086
2010-03-09,30.278343844205555,30.3380069732666
2010-03-10,30.15902298180239,30.129194259643555
2010-03-11,30.308174454299632,30.42749786376953
2010-03-12,30.63631154228167,30.72580337524414
2010-03-15,30.51700272566636,30.5766658782959
2010-03-16,30.695979114349083,30.87496566772461
2010-03-17,30.785473170850132,30.994291305541992
2010-03-18,30.84512836213403,30.785465240478516
2010-03-19,30.72580337524414,30.72580337524414
2010-03-22,30.576655693730316,30.87496566772461
2010-03-23,30.904792785515028,31.17327117919922
2010-03-24,30.636322321866064,30.66615104675293
2010-03-25,30.75564579700283,30.487167358398438
2010-03-26,30.815301575872688,30.96445655822754
2010-03-29,31.2329276638165,31.352251052856445
2010-03-30,31.501417460861305,31.531246185302734
2010-03-31,31.322419121061195,31.1434326171875
2010-04-01,31.382086453808245,31.6207332611084
2010-04-05,31.441754322188377,31.531246185302734
2010-04-06,31.44174673318611,31.6207332611084
2010-04-07,31.561070136836186,31.6207332611084
2010-04-08,31.41192304862278,31.650569915771484
2010-04-09,31.531242688968952,31.740060806274414
2010-04-12,31.620742459005346,31.680402755737305
2010-04-13,31.650561978350158,31.6207332611084
2010-04-14,31.650570211550786,31.769893646240234
2010-04-15,31.740070271614425,31.91905403137207
2010-04-16,31.680405727686903,31.32243537902832
2010-04-19,31.11360993991523,31.26276206970215
2010-04-20,31.29258756293325,31.1434326171875
2010-04-21,31.29259363361734,31.26276206970215
2010-04-22,30.874967876387338,30.994291305541992
2010-04-23,30.90479215934596,31.203102111816406
2010-04-26,31.382080391913636,31.411909103393555
2010-04-27,31.322424553663822,30.845130920410156
2010-04-28,30.9346186004546,30.72580337524414
2010-04-29,30.96444547042706,31.083768844604492
2010-04-30,31.143443458314092,30.994291305541992
2010-05-03,30.874953651017396,31.083768844604492
2010-05-04,30.57665638586908,30.129194259643555
2010-05-05,29.681722390621296,30.099355697631836
2010-05-06,30.009866698097383,29.920372009277344
2010-05-07,29.89054135151276,29.651891708374023
2010-05-10,30.516996083324972,30.487167358398438
2010-05-11,29.83087793216674,29.80104637145996
2010-05-12,29.980051944398966,30.069543838500977
2010-05-13,29.980043760888837,29.830888748168945
2010-05-14,29.71155834651152,29.622066497802734
2010-05-17,29.68172230577091,29.56239891052246
2010-05-18,29.532576318708074,29.055282592773438
2010-05-19,29.114946026350793,29.264101028442383
2010-05-20,28.87629062359647,28.816627502441406
2010-05-21,28.42882765121165,29.085107803344727
2010-05-24,28.786797521069087,28.69730567932129
2010-05-25,27.981370865091233,28.518327713012695
2010-05-26,28.279674211405926,28.160350799560547
2010-05-27,28.697307275284896,28.84646224975586
2010-05-28,28.727145269193972,28.36917495727539
2010-06-01,28.369169223592564,28.279674530029297
2010-06-02,28.1006999483642,28.4288387298584
2010-06-03,28.577990261337444,28.36917495727539
2010-06-04,28.041031553343664,27.832216262817383
2010-06-07,27.623391420789634,27.38474464416504
2010-06-08,27.47424221743456,27.653228759765625
2010-06-09,27.712885531093107,27.683053970336914
2010-06-10,27.921703975869786,28.160350799560547
2010-06-11,27.862042124068594,28.100688934326172
2010-06-14,28.279674530029297,28.279674530029297
2010-06-15,28.548155444395775,28.786802291870117
2010-06-16,28.786802597335516,28.906126022338867
2010-06-17,28.99561722422682,28.84646224975586
2010-06-18,28.72714230728127,28.906126022338867
2010-06-21,29.204442056118065,29.11495018005371
2010-06-22,29.085113896310475,28.756975173950195
2010-06-23,28.84410881469428,28.633785247802734
2010-06-24,28.723924696993077,28.54364776611328
2010-06-25,28.63378698315791,28.663833618164062
2010-06-28,28.513600400563593,28.33332633972168
2010-06-29,28.00282013468513,27.642269134521484
2010-06-30,27.70236240058441,27.642269134521484
2010-07-01,27.792501794726295,27.73240852355957
2010-07-02,27.942729501200425,27.85259246826172
2010-07-06,28.72392441479067,28.423463821411133
2010-07-07,28.543642618279105,28.96428680419922
2010-07-08,28.87414565106978,29.024375915527344
2010-07-09,28.633773655706975,28.844097137451172
2010-07-12,28.63379252158694,28.693885803222656
2010-07-13,28.784003895408976,28.844097137451172
2010-07-14,28.96429107082675,29.054428100585938
2010-07-15,28.784011674691385,28.814058303833008
2010-07-16,28.363363759020974,28.092952728271484
2010-07-19,28.123002668364993,28.183095932006836
2010-07-20,27.94271446562071,28.36335563659668
2010-07-21,28.243187232797652,27.85259246826172
2010-07-22,28.303265268772858,28.36335563659668
2010-07-23,28.543640754266796,28.784008026123047
2010-07-26,28.543644372366952,28.814058303833008
2010-07-27,28.784017292783847,28.663833618164062
2010-07-28,28.934242872427625,28.994333267211914
2010-07-29,29.29479953834699,29.17461585998535
2010-07-30,28.844114732634065,28.93425178527832
2010-08-02,29.294805828423137,29.56521987915039
2010-08-03,29.4149835760936,29.445030212402344
2010-08-04,29.324841168111,29.384931564331055
2010-08-05,29.294791845216224,29.35488510131836
2010-08-06,29.655346085129466,29.62529945373535
2010-08-09,29.595251712737912,29.65534210205078
2010-08-10,29.174608493281433,29.475069046020508
2010-08-11,28.693880327620477,28.483556747436523
2010-08-12,28.273229894860062,28.393413543701172
2010-08-13,28.4835392376474,28.36335563659668
2010-08-16,28.453516262366527,28.573699951171875
2010-08-17,28.814050189385757,28.723913192749023
2010-08-18,28.874147250537103,28.904193878173828
2010-08-19,29.11450813043058,28.844097137451172
2010-08-20,28.54365331261925,28.573699951171875
2010-08-23,28.663827469944724,28.393413543701172
2010-08-24,28.363355636596683,28.36335563659668
2010-08-25,28.09295176995169,28.273225784301758
2010-08-26,28.363364868807917,28.243181228637695
2010-08-27,28.603736877441406,28.603736877441406
2010-08-30,28.573686923412662,28.513593673706055
2010-08-31,28.123002668364993,28.183095932006836
2010-09-01,28.513595990983934,28.96428680419922
2010-09-02,28.723918109504243,28.8741455078125
2010-09-03,29.08447265625,29.08447265625
2010-09-07,29.294793332476864,29.08447265625
2010-09-08,29.054424748219155,29.144561767578125
2010-09-09,29.414976156240677,29.234699249267578
2010-09-10,29.32484653257233,29.445030212402344
2010-09-13,29.535155132026286,29.74547576904297
2010-09-14,29.50511557539316,29.835622787475586
2010-09-15,29.445019852507176,29.775524139404297
2010-09-16,29.294794537298756,29.384931564331055
2010-09-17,29.384927281840273,29.294790267944336
2010-09-20,29.445019691751135,29.805570602416992
2010-09-21,29.565206065680552,29.475069046020508
2010-09-22,29.56520848380007,29.384931564331055
2010-09-23,29.20465912743007,29.26474952697754
2010-09-24,29.53515845802095,29.65534210205078
2010-09-27,29.775523976843857,29.805570602416992
2010-09-28,29.895711732104107,29.925758361816406
2010-09-29,30.075992584228512,30.075992584228516
2010-09-30,29.895718654024336,29.715444564819336
2010-10-01,29.715433753333887,29.775524139404297
2010-10-04,29.32484408545025,29.204660415649414
2010-10-05,29.865654503480336,30.13606834411621
2010-10-06,30.346407209574096,30.466590881347656
2010-10-07,30.736998434620464,30.58677101135254
2010-10-08,30.55672734748017,30.737001419067383
2010-10-11,30.737000801243624,30.676910400390625
2010-10-12,30.316347604966378,30.406484603881836
2010-10-13,30.34640989042563,30.49663734436035
2010-10-14,30.73699681253148,30.706953048706055
2010-10-15,30.646864956305617,30.466590881347656
2010-10-18,30.676910400390625,30.676910400390625
2010-10-19,30.466577846761165,30.406484603881836
2010-10-20,30.40649092465524,30.64685821533203
2010-10-21,30.436536814552596,30.25625991821289
2010-10-22,30.466593572816414,30.49663734436035
2010-10-25,30.64687323365266,30.526689529418945
2010-10-26,30.136075484045122,30.226215362548828
2010-10-27,30.10602459047035,30.13606834411621
2010-10-28,30.226215362548828,30.226215362548828
2010-10-29,30.13608663381801,30.106042861938477
2010-11-01,29.95580086487875,29.805570602416992
2010-11-02,29.985843497017143,30.01589012145996
2010-11-03,30.015902950084737,30.106042861938477
2010-11-04,30.496639408126455,30.797100067138672
2010-11-05,30.91727839406594,31.067508697509766
2010-11-08,31.067508697509766,31.067508697509766
2010-11-09,31.39801428009406,30.857189178466797
2010-11-10,31.247780964505704,31.217737197875977
2010-11-11,31.037458419799805,31.037458419799805
2010-11-12,30.947330396644777,30.797100067138672
2010-11-15,31.037467448186362,30.797100067138672
2010-11-16,30.58676708393501,30.25625991821289
2010-11-17,30.706953048706055,30.706953048706055
2010-11-18,31.458105875023698,31.488149642944336
2010-11-19,31.36796580554696,31.51819610595703
2010-11-22,31.30786735851308,31.428050994873047
2010-11-23,30.857183622923667,30.827136993408203
2010-11-24,31.15763931395049,31.36795997619629
2010-11-26,30.887232947987055,30.857189178466797
2010-11-29,30.887222600707478,31.00740623474121
2010-11-30,30.676912234321165,30.857189178466797
2010-12-01,31.217738539230584,31.488149642944336
2010-12-02,31.367956774667633,31.78860092163086
2010-12-03,31.788608497120396,31.96888542175293
2010-12-06,31.848702824245095,32.11911392211914
2010-12-07,32.08906658074492,31.728515625
2010-12-08,31.72851608280373,31.818653106689453
2010-12-09,31.878747940063477,31.878747940063477
2010-12-10,31.81864754614334,31.78860092163086
2010-12-13,32.179208584524964,32.20925521850586
2010-12-14,32.32943344116211,32.32943344116211
2010-12-15,32.14916055479557,32.11911392211914
2010-12-16,32.08906062066739,32.299381256103516
2010-12-17,32.089071547987004,32.20925521850586
2010-12-20,32.29938157817552,32.239288330078125
2010-12-21,32.46013924833678,32.42988967895508
2010-12-22,32.490383168587,32.55088806152344
2010-12-23,32.520633697509766,32.520633697509766
2010-12-27,32.5508909615589,32.611392974853516
2010-12-28,32.944162341299126,32.8534049987793
2010-12-29,33.155921936035156,33.155921936035156
2010-12-30,33.00466244610491,32.8836555480957
2010-12-31,32.91390711024609,33.004661560058594
2011-01-03,33.21642497151991,33.30718231201172
2011-01-04,33.33743667602539,33.33743667602539
2011-01-05,32.853403225777335,33.09541702270508
2011-01-06,33.3676832655068,33.09541702270508
2011-01-07,33.27693556809287,33.2164306640625
2011-01-10,33.095423741034374,33.2164306640625
2011-01-11,33.4282016739735,33.45845413208008
2011-01-12,33.57944311438425,33.76095199584961
2011-01-13,33.85170833597694,33.7307014465332
2011-01-14,33.54919255488351,33.7307014465332
2011-01-18,33.70045382746905,33.82146072387695
2011-01-19,34.00296576115787,33.76095199584961
2011-01-20,33.48870370515346,33.45845413208008
2011-01-21,33.155916197982314,33.12566375732422
2011-01-24,33.065170408956625,33.33743667602539
2011-01-25,33.5189467000513,33.63995361328125
2011-01-26,33.579444885253906,33.579444885253906
2011-01-27,33.458450375179524,33.60970687866211
2011-01-28,33.48869108452741,33.034915924072266
2011-01-31,33.155920923265484,33.06516647338867
2011-02-01,33.42818566543978,33.7307014465332
2011-02-02,33.94246965882458,34.0634765625
2011-02-03,33.94246979070824,34.33574295043945
2011-02-04,34.244985608556135,34.33574295043945
2011-02-07,34.184477887799545,34.305484771728516
2011-02-08,34.36599071749659,34.517250061035156
2011-02-09,34.1844873849045,34.27524185180664
2011-02-10,34.002973666220974,34.24498748779297
2011-02-11,34.00297556606774,34.27524185180664
2011-02-14,34.42649942874084,34.5777587890625
2011-02-15,34.426497407290604,34.33574295043945
2011-02-16,34.63825521815996,34.819766998291016
2011-02-17,34.940782624468945,35.122291564941406
2011-02-18,35.031524689446464,35.0920295715332
2011-02-22,34.39623621812693,34.12397003173828
2011-02-23,34.18449020385742,34.18449020385742
2011-02-24,34.09373092651367,34.09373092651367
2011-02-25,34.396245073111366,34.54750442504883
2011-02-28,34.910528176344634,34.88027572631836
2011-03-01,35.092033225971655,34.819766998291016
2011-03-02,34.48699761532104,34.517250061035156
2011-03-03,34.57775511962543,34.85002136230469
2011-03-04,34.60799789428711,34.60799789428711
2011-03-07,34.54750508480924,33.94247055053711
2011-03-08,34.00297357988038,34.09373092651367
2011-03-09,34.09373092651367,34.09373092651367
2011-03-10,33.518939803994854,33.246673583984375
2011-03-11,32.64164735029973,32.702152252197266
2011-03-14,29.828228289976128,30.403013229370117
2011-03-15,28.19463190408622,30.342506408691406
2011-03-16,29.979493848137928,29.22319984436035
2011-03-17,30.675280509554632,30.55427360534668
2011-03-18,30.76604005539643,31.371074676513672
2011-03-21,31.794590314822305,32.27861785888672
2011-03-22,32.06685740120295,32.15761184692383
2011-03-23,31.703844147729747,31.976110458374023
2011-03-24,31.673577614161523,32.036598205566406
2011-03-25,31.461828146591955,31.25006675720215
2011-03-28,31.340822149714686,31.189565658569336
2011-03-29,30.94754133196277,31.129053115844727
2011-03-30,31.552575165844395,31.61307716369629
2011-03-31,31.340817391403867,31.219810485839844
2011-04-01,31.00803864103079,31.159297943115234
2011-04-04,30.887057309203364,30.735797882080078
2011-04-05,30.161008833897778,30.130756378173828
2011-04-06,29.8887348087765,29.858482360839844
2011-04-07,29.949238629227292,29.616470336914062
2011-04-08,30.28200527577812,30.191247940063477
2011-04-11,30.191247811153474,29.9794864654541
2011-04-12,29.9794883920265,30.039993286132812
2011-04-13,30.372766413366804,30.1610050201416
2011-04-14,30.342508326424767,30.372760772705078
2011-04-15,30.403011297427952,30.342506408691406
2011-04-18,30.00974473763854,30.251758575439453
2011-04-19,30.312256849355023,30.342506408691406
2011-04-20,30.735780738158354,30.79628562927246
2011-04-21,30.947545019323865,30.917295455932617
2011-04-25,30.85678292893024,30.887035369873047
2011-04-26,30.76603609884728,30.917295455932617
2011-04-27,30.856791549368786,30.977798461914062
2011-04-28,31.461828336282085,31.794599533081055
2011-04-29,31.73408231348703,31.85508918762207
2011-05-02,32.036612468707546,31.945858001708984
2011-05-03,32.036612468707546,31.945858001708984
2011-05-04,31.915594084094742,31.88534164428711
2011-05-05,31.73408979815561,31.643335342407227
2011-05-06,32.036601860206446,31.824840545654297
2011-05-09,31.76434618267938,31.945858001708984
2011-05-10,32.06685737506599,32.09710693359375
2011-05-11,31.673582949247457,31.552576065063477
2011-05-12,31.552580886658845,31.643335342407227
2011-05-13,31.431576547733115,30.977798461914062
2011-05-16,30.88704008091162,30.79628562927246
2011-05-17,30.64503675007859,30.82654571533203
2011-05-18,30.947538434567996,31.06854820251465
2011-05-19,30.645029059622757,30.614776611328125
2011-05-20,30.463521886754165,30.282012939453125
2011-05-23,29.858484261385716,29.828231811523438
2011-05-24,30.10049348938081,30.191247940063477
2011-05-25,29.979492286655294,30.251758575439453
2011-05-26,30.433270495166884,30.524024963378906
2011-05-27,30.49377251229739,30.524024963378906
2011-05-31,31.008043318541322,31.06854820251465
2011-06-01,31.008057513142884,30.675289154052734
2011-06-02,30.735794069396427,30.705541610717773
2011-06-03,30.433269500732422,30.433269500732422
2011-06-06,30.342517798175532,30.130756378173828
2011-06-07,30.524020119074574,30.372760772705078
2011-06-08,30.463513301132608,30.342506408691406
2011-06-09,30.524021158036646,30.55427360534668
2011-06-10,30.46351996225712,30.251758575439453
2011-06-13,30.282011026422694,30.251758575439453
2011-06-14,30.61476537107389,30.856779098510742
2011-06-15,30.46351996225712,30.251758575439453
2011-06-16,30.100500116344342,30.1610050201416
2011-06-17,30.31226347740594,30.251758575439453
2011-06-20,30.191255580769905,30.282012939453125
2011-06-21,30.493766943765927,30.79628562927246
2011-06-22,30.85120842897874,30.759662628173828
2011-06-23,30.51554057737109,30.69863510131836
2011-06-24,31.06483133884621,30.881736755371094
2011-06-27,30.637604958238533,30.729150772094727
2011-06-28,30.85120712671588,31.0953311920166
2011-06-29,31.400500696196616,31.583595275878906
2011-06-30,31.644616573622436,31.82771110534668
2011-07-01,31.705645972615894,32.10234832763672
2011-07-05,32.01079758758307,32.16337585449219
2011-07-06,32.28544502421179,32.34647750854492
2011-07-07,32.40751079321475,32.560089111328125
2011-07-08,32.19390034744115,32.28544616699219
2011-07-11,32.071840825392734,31.88874626159668
2011-07-12,32.041316212573285,31.980283737182617
2011-07-13,32.49905034076536,32.590599060058594
2011-07-14,32.56008653583442,32.28544616699219
2011-07-15,32.52956771850586,32.52956771850586
2011-07-18,32.193902210484346,32.132869720458984
2011-07-19,32.46853814703085,32.52956771850586
2011-07-20,32.68215125491933,32.8652458190918
2011-07-21,32.86525123717702,33.139888763427734
2011-07-22,33.23143635467211,33.20092010498047
2011-07-25,32.98731158463519,33.078857421875
2011-07-26,33.17040501418554,33.139888763427734
2011-07-27,32.926268966900714,32.590599060058594
2011-07-28,32.65162977164478,32.52956771850586
2011-07-29,32.43802385876375,32.68214797973633
2011-08-01,32.956788240107535,32.376991271972656
2011-08-02,32.43801820795192,32.10234832763672
2011-08-03,32.10234629384157,32.16337585449219
2011-08-04,30.881736833153102,30.21039390563965
2011-08-05,30.668114179829946,30.48501968383789
2011-08-08,29.966270848062848,29.02029037475586
2011-08-09,29.966266025068762,30.515546798706055
2011-08-10,29.813686851308013,29.111827850341797
2011-08-11,29.50853763929488,30.21039390563965
2011-08-12,30.11884260181687,29.93575096130371
2011-08-15,30.17987503973137,30.301937103271484
2011-08-16,29.966259207459057,30.05780792236328
2011-08-17,30.240905720379356,30.088327407836914
2011-08-18,29.32543393398583,29.050796508789062
2011-08-19,28.989771008948964,28.77616310119629
2011-08-22,29.203372970739984,28.837186813354492
2011-08-23,28.989764589013415,29.38646697998047
2011-08-24,28.89821822133167,29.050796508789062
2011-08-25,29.172861079496574,28.654096603393555
2011-08-26,28.959245835212183,29.264402389526367
2011-08-29,29.539051662317707,29.661113739013672
2011-08-30,29.47801475690295,29.539047241210938
2011-08-31,29.996775445760463,30.05780792236328
2011-09-01,29.90524424679727,29.78318214416504
2011-09-02,29.325437114998955,29.294923782348633
2011-09-06,28.318423759921586,28.654096603393555
2011-09-07,28.95924885052749,29.203372955322266
2011-09-08,28.989765106479002,28.837186813354492
2011-09-09,28.440493937909174,28.16585350036621
2011-09-12,28.10481884665362,28.440488815307617
2011-09-13,28.77615653912723,28.92873191833496
2011-09-14,28.837185742273206,29.050796508789062
2011-09-15,29.233888689579473,29.38646697998047
2011-09-16,29.60008357261844,29.69162940979004
2011-09-19,29.111824112369273,29.264402389526367
2011-09-20,29.26440677548998,29.233890533447266
2011-09-21,29.386464982775298,28.867700576782227
2011-09-22,28.47100272009231,28.40997314453125
2011-09-23,28.318418021746275,28.50151252746582
2011-09-26,28.47100206057348,28.654096603393555
2011-09-27,29.29492238847745,29.111827850341797
2011-09-28,29.56955983039749,29.111827850341797
2011-09-29,29.63058853149414,29.63058853149414
2011-09-30,29.172857136844726,28.867700576782227
2011-10-03,28.867705146901066,28.40997314453125
2011-10-04,28.22688229818715,28.77616310119629
2011-10-05,28.34894000208977,28.654096603393555
2011-10-06,28.654101023881978,28.77616310119629
2011-10-07,28.867705054457875,28.623580932617188
2011-10-10,29.020277620884656,29.355947494506836
2011-10-11,29.111827850341797,29.111827850341797
2011-10-12,29.294923782348633,29.294923782348633
2011-10-13,29.294923782348633,29.294923782348633
2011-10-14,29.264401694462336,29.355947494506836
2011-10-17,29.325436349386393,29.233890533447266
2011-10-18,29.142351039101385,29.50853729248047
2011-10-19,29.23388812558691,29.050796508789062
2011-10-20,28.959253311157223,28.959253311157227
2011-10-21,29.2949186269955,29.264402389526367
2011-10-24,29.447500843905832,29.569562911987305
2011-10-25,29.3559552289281,29.14234733581543
2011-10-26,29.44749706011704,29.203372955322266
2011-10-27,30.271419385647192,30.332448959350586
2011-10-28,30.271423799159738,30.45451545715332
2011-10-31,28.989763117435665,28.684606552124023
2011-11-01,28.31841468811035,28.31841468811035
2011-11-02,28.37945690165617,28.40997314453125
2011-11-03,28.654097175394543,28.623580932617188
2011-11-04,28.593063925677615,28.56254768371582
2011-11-07,28.593067060501745,28.80667495727539
2011-11-08,28.562544508037107,28.684606552124023
2011-11-09,28.348948095458137,28.16585350036621
2011-11-10,28.22687409668582,28.13532829284668
2011-11-11,28.287913408767196,28.440488815307617
2011-11-14,28.348930920502653,28.31841468811035
2011-11-15,28.287901365906148,28.31841468811035
2011-11-16,28.10482019176565,27.799663543701172
2011-11-17,28.104813831499232,27.83017349243164
2011-11-18,28.074298227868276,27.95223617553711
2011-11-21,27.55553238682103,27.4029541015625
2011-11-22,27.647078125450133,27.616561889648438
2011-11-23,27.31141228859517,26.97574234008789
2011-11-25,27.067288160555485,26.97574234008789
2011-11-28,27.677592099720147,27.738624572753906
2011-11-29,27.830178639671516,27.860694885253906
2011-11-30,28.593068530130083,28.77616310119629
2011-12-01,28.471009034540433,28.37946319580078
2011-12-02,28.745646794364358,28.471006393432617
2011-12-05,28.745639029261827,28.684606552124023
2011-12-06,28.379461865888867,28.34894561767578
2011-12-07,28.471008912536732,28.745649337768555
2011-12-08,28.623582090686046,28.043785095214844
2011-12-09,28.31842041986327,28.684606552124023
2011-12-12,28.287904527109717,28.19635581970215
2011-12-13,28.409969762582843,28.074296951293945
2011-12-14,27.98275384048107,27.769145965576172
2011-12-15,27.860696766747246,27.708118438720703
2011-12-16,27.616561889648434,27.616561889648438
2011-12-19,27.55553960094466,27.21986961364746
2011-12-20,27.67075229572433,27.91781234741211
2011-12-21,27.670758661850527,27.639875411987305
2011-12-22,27.578108530892163,27.82516860961914
2011-12-23,27.88692851627226,28.04134178161621
2011-12-27,27.794278315753797,27.701631546020508
2011-12-28,27.701631035161626,27.361921310424805
2011-12-29,27.578105512638448,27.91781234741211
2011-12-30,28.010457408508138,28.133987426757812
2012-01-03,28.53546328342879,28.689876556396484
2012-01-04,28.62809913242458,28.658979415893555
2012-01-05,28.350163861647733,28.31928062438965
2012-01-06,28.16486741915591,28.010454177856445
2012-01-09,28.133983929528156,28.103103637695312
2012-01-10,28.47370284233149,28.442819595336914
2012-01-11,28.226633857803,28.31928062438965
2012-01-12,28.22664015638091,28.195756912231445
2012-01-13,28.25751304626465,28.25751304626465
2012-01-17,28.350162754420428,28.25751304626465
2012-01-18,28.41192491231611,28.59722137451172
2012-01-19,28.813405990600586,28.813405990600586
2012-01-20,29.091343712477507,29.183990478515625
2012-01-23,29.245762094942872,29.307525634765625
2012-01-24,28.9369304891569,29.029577255249023
2012-01-25,29.15310642803761,29.400169372558594
2012-01-26,29.49282077665645,29.338407516479492
2012-01-27,29.40017396183105,29.492820739746094
2012-01-30,29.307525634765625,29.307525634765625
2012-01-31,29.52370398078043,29.492820739746094
2012-02-01,29.585461456397812,29.67810821533203
2012-02-02,29.7707576751709,29.7707576751709
2012-02-03,29.77076607274835,29.863412857055664
2012-02-06,29.739874440717113,29.7707576751709
2012-02-07,29.92518416244355,30.07959747314453
2012-02-08,30.172238980404845,30.2031192779541
2012-02-09,30.23399791772121,30.1104679107666
2012-02-10,29.708994462966455,29.739877700805664
2012-02-13,30.017827662480258,30.048707962036133
2012-02-14,30.11047368414326,29.9560604095459
2012-02-15,30.6045894918407,30.450176239013672
2012-02-16,30.41929211356342,30.75899887084961
2012-02-17,30.882533249705887,30.789886474609375
2012-02-21,30.728115635136103,30.75899887084961
2012-02-22,30.820761281395658,30.85164451599121
2012-02-23,30.820756145317834,31.036935806274414
2012-02-24,31.160481318191444,31.09871482849121
2012-02-27,30.728119416915042,30.913415908813477
2012-02-28,31.314884977380142,31.40753173828125
2012-02-29,31.314884199362425,30.85164451599121
2012-03-01,30.820756145317834,31.036935806274414
2012-03-02,30.759002135475694,30.728118896484375
2012-03-05,30.635468645419536,30.542821884155273
2012-03-06,30.233996542485457,30.29576301574707
2012-03-07,30.51193944967356,30.481056213378906
2012-03-08,30.944298022361533,31.006061553955078
2012-03-09,31.09870012851266,31.12958335876465
2012-03-12,30.82076644897461,30.82076644897461
2012-03-13,30.85165476006694,31.09871482849121
2012-03-14,30.975175630469238,30.75899887084961
2012-03-15,31.03694479234571,31.006061553955078
2012-03-16,31.22225222466773,31.19137191772461
2012-03-19,31.129590967610344,31.28400421142578
2012-03-20,30.91341613794249,30.97517967224121
2012-03-21,30.697236435068035,30.82076644897461
2012-03-22,30.75899775739191,30.85164451599121
2012-03-23,30.697231288200804,30.85164451599121
2012-03-26,30.944297219561424,31.067827224731445
2012-03-27,31.407536683325045,31.314889907836914
2012-03-28,31.40753500248858,31.376651763916016
2012-03-29,31.284008251161612,31.34577178955078
2012-03-30,31.50018478725716,31.43842124938965
2012-04-02,31.25312063715595,31.469297409057617
2012-04-03,31.253120759892663,31.067827224731445
2012-04-04,30.38841001604504,30.357526779174805
2012-04-05,30.357526779174805,30.357526779174805
2012-04-09,30.079578165433816,30.17222785949707
2012-04-10,30.07958664172081,29.80164337158203
2012-04-11,30.141355737667457,30.2031192779541
2012-04-12,30.110466774588062,30.357526779174805
2012-04-13,30.203121567766768,30.0178279876709
2012-04-16,30.141363975500497,30.07959747314453
2012-04-17,30.203112754550396,30.26487922668457
2012-04-18,30.141355737667457,30.2031192779541
2012-04-19,30.17224126787636,30.0178279876709
2012-04-20,30.0178339159775,30.07959747314453
2012-04-23,29.708994462966455,29.739877700805664
2012-04-24,29.925172805786133,29.925172805786133
2012-04-25,30.0178339159775,30.07959747314453
2012-04-26,30.079589795727564,30.2340030670166
2012-04-27,30.141357421875,30.141357421875
2012-04-30,30.07959747314453,30.07959747314453
2012-05-01,29.647227682543107,29.7707576751709
2012-05-02,29.554581789730285,29.616348266601562
2012-05-03,29.461939998667088,29.369293212890625
2012-05-04,29.276640521088776,29.15311050415039
2012-05-07,29.214872597059045,29.276636123657227
2012-05-08,28.998696963343377,29.029577255249023
2012-05-09,28.689875419504062,28.782522201538086
2012-05-10,29.029581657661208,28.906051635742188
2012-05-11,28.56633813994789,28.59722137451172
2012-05-14,28.38104360010659,28.28839683532715
2012-05-15,28.072225616014006,27.91781234741211
2012-05-16,27.732519758893726,27.608989715576172
2012-05-17,27.886930790769984,27.856050491333008
2012-05-18,27.73250721845694,27.454566955566406
2012-05-21,27.485451507144845,27.732511520385742
2012-05-22,27.701631546020508,27.701631546020508
2012-05-23,27.39281158220844,27.485458374023438
2012-05-24,27.485451316187014,27.361921310424805
2012-05-25,27.33103999564882,27.207509994506836
2012-05-29,27.516340800051935,27.547224044799805
2012-05-30,27.3310394400296,27.176626205444336
2012-05-31,27.485447243540545,27.454566955566406
2012-06-01,27.022220722803578,26.713394165039062
2012-06-04,26.991331651379006,27.022214889526367
2012-06-05,27.20751101211278,27.361921310424805
2012-06-06,27.392807704574402,27.794281005859375
2012-06-07,27.825169500273304,27.608989715576172
2012-06-08,27.145744536637846,27.361921310424805
2012-06-11,27.547222227648298,27.23839569091797
2012-06-12,27.423694010996645,27.547224044799805
2012-06-13,27.48544995557713,27.392803192138672
2012-06-14,27.45457937032064,27.608989715576172
2012-06-15,27.825160644447177,28.010454177856445
2012-06-18,28.041332801719122,28.072216033935547
2012-06-19,28.164868502277894,28.226634979248047
2012-06-20,28.411927373178774,28.47369384765625
2012-06-21,28.560996279193205,28.062114715576172
2012-06-22,28.21801425962393,28.249195098876953
2012-06-25,27.968578634782048,27.81267738342285
2012-06-26,28.030940562845874,28.124483108520508
2012-06-27,28.218016803190103,28.342737197875977
2012-06-28,28.561001010492042,28.748083114624023
2012-06-29,29.184596746503097,29.340497970581055
2012-07-02,29.21578837198175,29.24696922302246
2012-07-03,29.3716796764263,29.62112045288086
2012-07-05,29.21578837198175,29.24696922302246
2012-07-06,29.059880286396616,29.122241973876953
2012-07-09,28.841628212581295,28.96634864807129
2012-07-10,28.93515691126253,28.6545352935791
2012-07-11,28.74807689666829,28.716896057128906
2012-07-12,28.21802343116642,28.28038215637207
2012-07-13,28.124484629526904,28.561004638671875
2012-07-16,28.436277389526367,28.436277389526367
2012-07-17,28.280376926154467,28.31155776977539
2012-07-18,28.249197790097035,28.40509605407715
2012-07-19,28.59217693191437,28.62335777282715
2012-07-20,27.999759541032272,27.937400817871094
2012-07-23,27.46969667631819,27.563236236572266
2012-07-24,27.50087612833331,27.313796997070312
2012-07-25,27.344977843470538,27.313796997070312
2012-07-26,27.687952537089615,27.719133377075195
2012-07-27,27.968576781903003,28.218017578125
2012-07-30,28.03093387445794,28.062114715576172
2012-07-31,28.18683844531378,28.03093719482422
2012-08-01,28.155660809289273,27.937400817871094
2012-08-02,27.81267738342285,27.81267738342285
2012-08-03,27.93740099074062,28.124483108520508
2012-08-06,28.40509605407715,28.40509605407715
2012-08-07,28.81044183362191,28.748083114624023
2012-08-08,28.561001935470085,28.68572235107422
2012-08-09,28.779260987338382,28.748083114624023
2012-08-10,28.623364250019737,28.77926254272461
2012-08-13,28.841616441717917,28.716896057128906
2012-08-14,28.716903198367568,28.68572235107422
2012-08-15,28.529823303222656,28.529823303222656
2012-08-16,28.81043963077727,28.903982162475586
2012-08-17,29.18460068778836,29.122241973876953
2012-08-20,29.05988121032715,29.05988121032715
2012-08-21,29.184601615684254,29.05988121032715
2012-08-22,28.84162917272188,29.028711318969727
2012-08-23,29.091070052005783,29.028711318969727
2012-08-24,28.872796251937366,28.997516632080078
2012-08-27,28.997521720604965,28.903982162475586
2012-08-28,28.59217658607646,28.6545352935791
2012-08-29,28.779260987338382,28.748083114624023
2012-08-30,28.436277531427034,28.218017578125
2012-08-31,28.249195098876957,28.249195098876953
2012-09-04,27.84386217848163,27.87504005432129
2012-09-05,27.59441850089554,27.53205680847168
2012-09-06,27.68796138724416,27.906221389770508
2012-09-07,28.21802343116642,28.28038215637207
2012-09-10,28.373924704534744,28.28038215637207
2012-09-11,28.373918185422394,28.40509605407715
2012-09-12,28.74807689666829,28.716896057128906
2012-09-13,28.841622352904135,29.184602737426758
2012-09-14,29.46522570786563,29.49640655517578
2012-09-17,29.309327465574835,29.215787887573242
2012-09-18,29.215775532356275,29.27813720703125
2012-09-19,29.340497970581055,29.340497970581055
2012-09-20,29.091070052005783,29.028711318969727
2012-09-21,29.27814527521676,29.184602737426758
2012-09-24,28.966340728745042,29.122241973876953
2012-09-25,29.309321089180106,29.122241973876953
2012-09-26,28.872799840734853,28.81043815612793
2012-09-27,29.1222424650601,29.153423309326172
2012-09-28,28.68572363928389,28.59218406677246
2012-10-01,28.561000686062975,28.498641967773438
2012-10-02,28.52981871704524,28.373920440673828
2012-10-03,28.280372964561483,28.249195098876953
2012-10-04,28.52982236938524,28.59218406677246
2012-10-05,28.68572363928389,28.59218406677246
2012-10-08,28.46745823229073,28.436277389526367
2012-10-09,28.09329874367593,27.968578338623047
2012-10-10,27.750322341918945,27.750322341918945
2012-10-11,27.87504053981831,27.906221389770508
2012-10-12,27.875039121140546,27.937400817871094
2012-10-15,28.093302259962297,28.124483108520508
2012-10-16,28.436283727649492,28.529823303222656
2012-10-17,28.716903198367568,28.68572235107422
2012-10-18,28.779254494582226,28.8727970123291
2012-10-19,28.748082788069862,28.498641967773438
2012-10-22,28.872801318576148,28.903982162475586
2012-10-23,28.249199056102455,28.31155776977539
2012-10-24,28.43627915650859,28.373920440673828
2012-10-25,28.68572363928389,28.59218406677246
2012-10-26,28.373918677566472,28.436277389526367
2012-10-31,28.37391548232056,28.249195098876953
2012-11-01,28.280382452647885,28.529823303222656
2012-11-02,28.498639857932016,28.31155776977539
2012-11-05,28.249199056102455,28.31155776977539
2012-11-06,28.34273959597194,28.373920440673828
2012-11-07,28.18683844531378,28.03093719482422
2012-11-08,27.937402239722708,27.906221389770508
2012-11-09,27.87504053981831,27.906221389770508
2012-11-12,27.65677784704122,27.62559700012207
2012-11-13,27.53205412176626,27.656774520874023
2012-11-14,27.56323782113376,27.313796997070312
2012-11-15,27.687963610576684,27.750322341918945
2012-11-16,28.31155380381451,28.249195098876953
2012-11-19,28.68571613411473,28.6545352935791
2012-11-20,28.49864449426103,28.59218406677246
2012-11-21,28.56099609100159,28.62335777282715
2012-11-23,28.935167795806358,28.96634864807129
2012-11-26,28.935167795806358,28.96634864807129
2012-11-27,28.903980683038313,28.81043815612793
2012-11-28,28.529818897077348,28.84162139892578
2012-11-29,29.059882327275883,29.184602737426758
2012-11-30,28.99752298357294,29.091062545776367
2012-12-03,29.12224993582622,28.96634864807129
2012-12-04,29.059875335367224,28.997516632080078
2012-12-05,29.028697470507858,28.997516632080078
2012-12-06,29.09106162079403,29.153423309326172
2012-12-07,29.15342964346995,29.24696922302246
2012-12-10,29.153423309326172,29.153423309326172
2012-12-11,29.122241973876953,29.122241973876953
2012-12-12,29.24696922302246,29.24696922302246
2012-12-13,29.122241973876953,29.122241973876953
2012-12-14,29.184594695018784,29.27813720703125
2012-12-17,29.371682483245404,29.558761596679688
2012-12-18,29.877076803886027,30.003143310546875
2012-12-19,30.381325192220498,30.475872039794922
2012-12-20,30.60194028494653,30.885583877563477
2012-12-21,30.38133210198403,30.696489334106445
2012-12-24,30.633459089918272,30.696489334106445
2012-12-26,30.696490839081143,30.664974212646484
2012-12-27,30.6019424650288,30.696489334106445
2012-12-28,30.50738865751643,30.475872039794922
2012-12-31,30.44435707713591,30.72800064086914
2013-01-02,31.20073338475435,31.484376907348633
2013-01-03,31.326808128202384,31.20074462890625
2013-01-04,31.011648179661854,31.074678421020508
2013-01-07,30.69648864065112,30.791038513183594
2013-01-08,30.538913346742024,30.381336212158203
2013-01-09,30.664972016473623,30.791038513183594
2013-01-10,31.043170928955075,31.043170928955078
2013-01-11,31.137706756591797,31.137706756591797
2013-01-14,31.32680892944336,31.32680892944336
2013-01-15,31.137718586571097,31.23226547241211
2013-01-16,30.759521889161274,30.854068756103516
2013-01-17,30.91710090876118,30.980131149291992
2013-01-18,31.13770634587099,31.106189727783203
2013-01-22,30.759521889006102,30.791038513183594
2013-01-23,30.63345978893531,30.538909912109375
2013-01-24,30.728003769932887,30.885583877563477
2013-01-25,31.169222963958774,31.106189727783203
2013-01-28,30.72801169997446,30.633464813232422
2013-01-29,31.074684553057736,31.043170928955078
2013-01-30,31.35832405090332,31.35832405090332
2013-01-31,31.452858364422237,31.421344757080078
2013-02-01,31.263778680978632,31.32680892944336
2013-02-04,31.48438754737123,31.35832405090332
2013-02-05,31.232260154064136,31.263776779174805
2013-02-06,31.42135212877413,31.673479080200195
2013-02-07,31.768030166625977,31.768030166625977
2013-02-08,31.515908076054195,31.641971588134766
2013-02-11,31.894092965619354,31.98863983154297
2013-02-12,31.73651354210258,31.768030166625977
2013-02-13,31.641971588134762,31.641971588134766
2013-02-14,31.358325556471215,31.32680892944336
2013-02-15,31.32681235825312,31.23226547241211
2013-02-19,31.547414113070943,31.704994201660156
2013-02-20,32.05166649376049,31.79953956604004
2013-02-21,31.547408203217636,31.421344757080078
2013-02-22,31.736524227498045,31.925621032714844
2013-02-25,32.02014733767343,31.484376907348633
2013-02-26,32.02015766790564,32.08319091796875
2013-02-27,31.831063527900042,32.051673889160156
2013-02-28,32.177734375,32.177734375
2013-03-01,32.36682594321364,32.492889404296875
2013-03-04,32.52441145849017,32.68199157714844
2013-03-05,32.61895833783556,32.74502182006836
2013-03-06,33.02865765139873,33.15472412109375
2013-03-07,32.87108189578929,32.83956527709961
2013-03-08,32.83956271617837,32.99714279174805
2013-03-11,33.15473134589873,33.18624496459961
2013-03-12,32.90259550888878,32.83956527709961
2013-03-13,32.83957749334828,33.02867126464844
2013-03-14,33.217750549316406,33.217750549316406
2013-03-15,33.37534072615551,33.532920837402344
2013-03-18,33.312317686100464,33.37535095214844
2013-03-19,33.53292424523146,33.56443786621094
2013-03-20,33.72201958869231,33.816566467285156
2013-03-21,33.87959972340777,33.816566467285156
2013-03-22,33.722021181262676,33.94263458251953
2013-03-25,33.91111171169186,33.62746810913086
2013-03-26,33.7535378108124,33.94263458251953
2013-03-27,33.974144782567684,34.1002082824707
2013-03-28,33.87959031918154,34.03717041015625
2013-04-01,32.96563559668731,32.71350860595703
2013-04-02,32.8710877385278,33.12321472167969
2013-04-03,33.3753331697613,32.99714279174805
2013-04-04,34.2262733777657,34.35233688354492
2013-04-05,34.28930443163332,34.54143142700195
2013-04-08,34.54142585905848,34.888099670410156
2013-04-09,34.50990718951552,34.604454040527344
2013-04-10,35.140233687491715,35.32933044433594
2013-04-11,35.581452636904295,35.73903274536133
2013-04-12,35.77054937105976,35.80206298828125
2013-04-15,35.676002102154,35.51842498779297
2013-04-16,35.70751693386103,35.86509704589844
2013-04-17,35.77055238125205,35.612972259521484
2013-04-18,35.42387772241471,35.36084747314453
2013-04-19,35.42387252844726,35.73903274536133
2013-04-22,35.4869053705756,35.707515716552734
2013-04-23,35.73903436376046,36.05419158935547
2013-04-24,36.14872827217099,36.2747917175293
2013-04-25,36.43238789868176,36.46390151977539
2013-04-26,36.36935043334961,36.36935043334961
2013-04-29,36.43238869462887,36.5899658203125
2013-04-30,36.74754033616314,36.87360382080078
2013-05-01,36.62148164760734,36.46390151977539
2013-05-02,36.558444983011555,36.62147521972656
2013-05-03,36.93663868940252,37.125732421875
2013-05-06,37.031180517140285,36.96814727783203
2013-05-07,36.96814428654405,37.03117752075195
2013-05-08,37.094220814810214,37.34634780883789
2013-05-09,36.96815230712975,37.06270217895508
2013-05-10,36.90512206483689,37.06270217895508
2013-05-13,37.47240448865572,37.53543472290039
2013-05-14,37.40937666171127,37.787567138671875
2013-05-15,38.008179522411496,38.13424301147461
2013-05-16,37.72453950881842,37.566959381103516
2013-05-17,37.913629250128324,38.16575622558594
2013-05-20,38.38637120758746,38.417884826660156
2013-05-21,38.512440516221034,38.63850402832031
2013-05-22,38.89062047847765,38.22878646850586
2013-05-23,35.581450766410356,36.62147521972656
2013-05-24,35.58145762239161,35.95964813232422
2013-05-28,35.86509623100884,35.73903274536133
2013-05-29,35.20326533745433,35.14023208618164
2013-05-30,34.69901055459239,34.95113754272461
2013-05-31,34.257793041099355,34.163246154785156
2013-06-03,33.62746891723261,33.75353240966797
2013-06-04,34.888099246357854,34.73052215576172
2013-06-05,33.785058564950795,33.40686798095703
2013-06-06,33.24928742564404,33.37535095214844
2013-06-07,33.72201797021526,34.66749572753906
2013-06-10,35.2662959908923,35.10871887207031
2013-06-11,34.572943414127984,34.41536331176758
2013-06-12,35.10871825939447,34.50991439819336
2013-06-13,34.82507643353933,35.32933044433594
2013-06-14,34.57294561670768,34.22626876831055
2013-06-17,35.45539233136343,35.14023208618164
2013-06-18,35.73903274536133,35.73903274536133
2013-06-19,35.89661730072637,35.297813415527344
2013-06-20,34.57295092213057,33.84808349609375
2013-06-21,35.077205657958984,35.077205657958984
2013-06-24,34.068694661688134,34.1002082824707
2013-06-25,34.25778780581452,34.54143142700195
2013-06-26,34.22626997967948,34.38385009765625
2013-06-27,35.00740469582602,35.22896957397461
2013-06-28,35.35558539928972,35.51384735107422
2013-07-01,35.925316434166845,35.956966400146484
2013-07-02,36.43175772690431,36.21018981933594
2013-07-03,35.98862628925973,36.241844177246094
2013-07-05,36.71662521362305,36.71662521362305
2013-07-08,36.30514370263323,36.46340560913086
2013-07-09,36.6849732999628,36.6533203125
2013-07-10,36.59001648366995,36.526710510253906
2013-07-11,37.22305943250861,37.60288619995117
2013-07-12,37.381318606549435,37.53957748413086
2013-07-15,37.72949824152027,37.887760162353516
2013-07-16,37.697844587448465,37.57123565673828
2013-07-17,37.95104460452335,37.91939163208008
2013-07-18,37.98271267273961,38.10932159423828
2013-07-19,37.69784252275733,37.8244514465332
2013-07-22,37.69782686216439,37.91939163208008
2013-07-23,38.046022083186756,37.887760162353516
2013-07-24,37.82445351815865,37.57123565673828
2013-07-25,36.68496607947999,36.8748779296875
2013-07-26,36.241836149531245,36.02027130126953
2013-07-29,35.4505344521232,35.22896957397461
2013-07-30,35.79871114859891,35.54549026489258
2013-07-31,35.45054136292216,35.51384735107422
2013-08-01,36.77992698482279,36.49505615234375
2013-08-02,36.81157482151387,37.06479263305664
2013-08-05,37.03314297495781,37.159751892089844
2013-08-06,37.28635836227152,37.191402435302734
2013-08-07,36.71662403238013,36.49505615234375
2013-08-08,36.305152893066406,36.305152893066406
2013-08-09,36.3367919921875,36.3367919921875
2013-08-12,36.17854393953696,36.305152893066406
2013-08-13,36.495057028071614,36.621665954589844
2013-08-14,36.526695710183304,36.431739807128906
2013-08-15,36.11522388927615,35.92531204223633
2013-08-16,35.98861498505148,35.92531204223633
2013-08-19,36.08357827272524,35.830360412597656
2013-08-20,35.45054136292216,35.51384735107422
2013-08-21,35.197320051028555,35.007408142089844
2013-08-22,35.32392551909614,35.22896957397461
2013-08-23,35.735404469698565,35.830360412597656
2013-08-26,35.48218261515192,35.41887664794922
2013-08-27,35.29226121134928,35.03904342651367
2013-08-28,35.07069672945393,35.134002685546875
2013-08-29,35.10235595703125,35.10235595703125
2013-08-30,34.62755919307066,34.4059944152832
2013-09-03,35.38722521304195,35.260616302490234
2013-09-04,35.48218604000865,35.798709869384766
2013-09-05,35.57713408104065,35.70374298095703
2013-09-06,35.70375148253387,35.830360412597656
2013-09-09,36.36844896822981,36.74827575683594
2013-09-10,36.90653317573775,37.03314208984375
2013-09-11,36.52670845780298,36.77992630004883
2013-09-12,36.621666451783014,36.526710510253906
2013-09-13,36.6216662540118,36.71662521362305
2013-09-16,37.191402435302734,37.191402435302734
2013-09-17,36.6849683307009,37.03314208984375
2013-09-18,37.15975213314002,38.17262649536133
2013-09-19,38.14097369484443,37.98271179199219
2013-09-20,37.85609833605844,37.66618347167969
2013-09-23,37.7295055632541,37.792808532714844
2013-09-24,37.85610443212589,37.8244514465332
2013-09-25,37.697843016190276,37.729496002197266
2013-09-26,38.20426651174668,38.330875396728516
2013-09-27,37.95106535326366,38.046024322509766
2013-09-30,37.5395811047502,37.729496002197266
2013-10-01,37.4129737387018,37.57123565673828
2013-10-02,37.223066644351185,37.38132858276367
2013-10-03,37.2230673845873,37.096458435058594
2013-10-04,36.8748810738941,37.159751892089844
2013-10-07,36.368446654075406,36.46340560913086
2013-10-08,36.52670687493943,36.3367919921875
2013-10-09,37.00148756277068,37.191402435302734
2013-10-10,37.5079311373381,37.729496002197266
2013-10-11,37.57124361170877,37.792808532714844
2013-10-14,37.5079320060868,37.85610580444336
2013-10-15,37.60288345003911,37.53957748413086
2013-10-16,37.57123632068702,37.887760162353516
2013-10-17,37.88774868201696,38.20426940917969
2013-10-18,38.235931396484375,38.235931396484375
2013-10-21,38.23592895596513,38.267581939697266
2013-10-22,38.299241548914715,38.45750045776367
2013-10-23,37.66618347167969,37.66618347167969
2013-10-24,38.014371332761066,38.046024322509766
2013-10-25,37.602889144798496,37.476280212402344
2013-10-28,37.72949512243202,37.60288619995117
2013-10-29,37.79280119869652,37.887760162353516
2013-10-30,37.982716107415435,37.887760162353516
2013-10-31,37.666177224949266,37.69783020019531
2013-11-01,37.191413368846504,37.28636932373047
2013-11-04,37.223056308306724,37.31801223754883
2013-11-05,37.06479369593186,37.001487731933594
2013-11-06,37.47627395845234,37.50792694091797
2013-11-07,37.22305656426641,36.81157684326172
2013-11-08,36.77993455193908,37.096458435058594
2013-11-11,37.03314208984375,37.03314208984375
2013-11-12,37.41296799352108,37.50792694091797
2013-11-13,37.44463465419164,37.792808532714844
2013-11-14,38.01436565776298,38.10932159423828
2013-11-15,38.584109183066445,38.64741516113281
2013-11-18,38.615755614273034,38.584102630615234
2013-11-19,38.33088440070394,38.3625373840332
2013-11-20,38.45749331542637,38.3625373840332
2013-11-21,38.48914855900139,38.52080154418945
2013-11-22,38.36253826863738,38.4891471862793
2013-11-25,38.299228344063245,38.20426940917969
2013-11-26,38.046024322509766,38.046024322509766
2013-11-27,38.17261944947932,38.20426940917969
2013-11-29,38.299235413314655,38.17262649536133
2013-12-02,38.140977025131754,38.07767105102539
2013-12-03,37.82443573334387,37.91939163208008
2013-12-04,37.349665931418336,37.63453674316406
2013-12-05,37.38131820277327,37.31801223754883
2013-12-06,37.7295055632541,37.792808532714844
2013-12-09,37.82446152674304,37.792808532714844
2013-12-10,37.63454093445236,37.85610580444336
2013-12-11,37.69783879852264,37.50792694091797
2013-12-12,37.602883759949066,37.63453674316406
2013-12-13,37.34966522016105,37.31801223754883
2013-12-16,37.096458435058594,37.096458435058594
2013-12-17,37.12809371948242,37.12809371948242
2013-12-18,37.63198878946958,37.855228424072266
2013-12-19,37.600093547469605,37.536312103271484
2013-12-20,37.56821027267184,37.66388702392578
2013-12-23,37.855232197951835,38.01469039916992
2013-12-24,37.536313478103864,37.50442123413086
2013-12-26,38.07847457048852,38.11036682128906
2013-12-27,38.42928180784433,38.30171585083008
2013-12-30,38.684407655982746,38.65251541137695
2013-12-31,38.716304779052734,38.716304779052734
2014-01-02,38.524954495893425,38.07847213745117
2014-01-03,38.20603910201015,38.30171585083008
2014-01-06,38.20603394876614,38.17414474487305
2014-01-07,38.1741485190922,38.3336067199707
2014-01-08,38.461165313569744,38.39738082885742
2014-01-09,38.301709596694,38.26981735229492
2014-01-10,38.36549374301331,38.52495193481445
2014-01-13,38.301709596694,38.26981735229492
2014-01-14,38.04657880506493,38.17414474487305
2014-01-15,38.33360425232464,38.4611701965332
2014-01-16,38.23792997459628,38.3336067199707
2014-01-17,38.493060781076714,38.42927932739258
2014-01-21,38.4930534362793,38.4930534362793
2014-01-22,38.4930493295203,38.58872604370117
2014-01-23,38.14225393717807,37.82333755493164
2014-01-24,37.376860232321135,37.24929428100586
2014-01-27,37.0898285042515,36.770912170410156
2014-01-28,36.83470042924909,37.0898323059082
2014-01-29,36.8665902478751,37.05793762207031
2014-01-30,36.994157241447084,37.12172317504883
2014-01-31,36.101191101133864,36.13308334350586
2014-02-03,35.87794953843024,35.39957809448242
2014-02-04,34.984989739271896,35.43146896362305
2014-02-05,35.49525833129883,35.49525833129883
2014-02-06,35.495249650857026,35.90983963012695
2014-02-07,36.2287624537906,36.48389434814453
2014-02-10,36.38822909953206,36.32444763183594
2014-02-11,36.45199616144872,36.834693908691406
2014-02-12,36.739022970155276,36.770912170410156
2014-02-13,36.00551739557976,36.45199966430664
2014-02-14,35.97363272545001,36.29254913330078
2014-02-18,36.89848187770793,37.0898323059082
2014-02-19,36.83470294983926,36.64335250854492
2014-02-20,36.35631669201945,36.420101165771484
2014-02-21,36.8984662940119,36.70711898803711
2014-02-24,36.994157241447084,37.12172317504883
2014-02-25,37.05793732754332,36.99415588378906
2014-02-26,37.0579335008968,36.834693908691406
2014-02-27,36.67523575365412,36.834693908691406
2014-02-28,36.89848461981734,37.02605056762695
2014-03-03,36.260651719506946,36.16497802734375
2014-03-04,36.994158612514006,37.0898323059082
2014-03-05,36.739020226861136,36.675235748291016
2014-03-06,37.31308088180265,37.37686538696289
2014-03-07,37.2173968648972,37.12172317504883
2014-03-10,36.898480527112426,36.96226501464844
2014-03-11,36.80281809147714,36.5795783996582
2014-03-12,36.03741237976353,36.228759765625
2014-03-13,36.164977795666054,35.62282180786133
2014-03-14,35.08067074057217,35.20823669433594
2014-03-17,35.43147654997403,35.59093475341797
2014-03-18,35.39958112087566,35.55903625488281
2014-03-19,35.52714539331174,35.3676872253418
2014-03-20,34.729855954930024,34.857421875
2014-03-21,35.01688084382782,34.697967529296875
2014-03-24,35.04876293611817,34.825523376464844
2014-03-25,35.11255509132952,34.984989166259766
2014-03-26,35.49526330333063,35.24013137817383
2014-03-27,35.55904625591304,35.750396728515625
2014-03-28,36.101191101133864,36.13308334350586
2014-03-31,36.324433756326194,36.13308334350586
2014-04-01,36.1011938279134,36.228759765625
2014-04-02,36.32443645605333,36.54767608642578
2014-04-03,36.4838891712635,36.3563232421875
2014-04-04,36.5476783003621,36.19687271118164
2014-04-07,36.037415967563966,35.846065521240234
2014-04-08,35.20823152340745,35.080665588378906
2014-04-09,35.24012913897111,35.59093475341797
2014-04-10,35.08067556739222,34.570411682128906
2014-04-11,34.60229494454028,34.44283676147461
2014-04-14,35.01688111894831,34.921207427978516
2014-04-15,34.79363905986102,34.889312744140625
2014-04-16,35.4952548095623,35.55903625488281
2014-04-17,35.52715054710007,35.65471649169922
2014-04-21,35.55903975219084,35.65471649169922
2014-04-22,35.335793613203265,35.39957809448242
2014-04-23,35.55903978294756,35.49525833129883
2014-04-24,35.33579498346549,35.3676872253418
2014-04-25,35.36768693513938,35.144447326660156
2014-04-28,35.240118863898324,35.335792541503906
2014-04-29,35.43146896362305,35.43146896362305
2014-04-30,35.176334384553684,35.335792541503906
2014-05-01,35.718503095450174,35.78228759765625
2014-05-02,35.90984483398775,35.7184944152832
2014-05-05,35.55903731921992,35.62282180786133
2014-05-06,35.559038404321456,35.52714920043945
2014-05-07,35.24012129924816,35.3676872253418
2014-05-08,35.208239127176114,35.24013137817383
2014-05-09,35.463364709851625,35.52714920043945
2014-05-12,35.39958112087566,35.55903625488281
2014-05-13,35.877956358682475,36.03741455078125
2014-05-14,35.973631471652,35.846065521240234
2014-05-15,35.846063918896895,35.49525833129883
2014-05-16,35.590928498248935,35.55903625488281
2014-05-19,35.24012400024831,35.62282180786133
2014-05-20,35.30391039930571,35.20823669433594
2014-05-21,35.495255871990324,35.62282180786133
2014-05-22,35.87794769282251,35.9736213684082
2014-05-23,36.069315678225855,36.32444763183594
2014-05-27,36.45199888447226,36.611454010009766
2014-05-28,36.483888865249426,36.45199966430664
2014-05-29,36.707141821511605,36.866600036621094
2014-05-30,36.86659269700948,36.93037414550781
2014-06-02,37.37686538696289,37.37686538696289
2014-06-03,37.24929075567468,37.313072204589844
2014-06-04,37.34496713772039,37.568206787109375
2014-06-05,37.50442881324828,37.66388702392578
2014-06-06,37.631994773507806,37.66388702392578
2014-06-09,37.440630505464725,37.631980895996094
2014-06-10,37.217398510511146,37.313072204589844
2014-06-11,37.40874099731445,37.40874099731445
2014-06-12,37.791443962887314,37.536312103271484
2014-06-13,37.7276611328125,37.7276611328125
2014-06-16,37.66387968581557,37.7276611328125
2014-06-17,37.695776232931365,37.66388702392578
2014-06-18,37.95090206914992,38.17414474487305
2014-06-19,38.68440626503437,38.84386444091797
2014-06-20,38.875755310058594,38.875755310058594
2014-06-23,38.5249467469099,38.55683898925781
2014-06-24,38.652512674889934,38.55683898925781
2014-06-25,38.40272720361631,38.69171142578125
2014-06-26,38.595372968468574,38.563262939453125
2014-06-27,38.37059576041722,38.466922760009766
2014-06-30,38.659584045410156,38.659584045410156
2014-07-01,39.10912870032219,39.333892822265625
2014-07-02,39.205450241536546,39.2375602722168
2014-07-03,38.980682367210875,39.1091194152832
2014-07-07,38.91646404873343,38.82013702392578
2014-07-08,38.85225855611531,38.69171142578125
2014-07-09,38.82013321027852,38.948570251464844
2014-07-10,38.04952025139509,38.27428436279297
2014-07-11,38.40271722217984,38.338497161865234
2014-07-14,38.75591487507988,38.78802490234375
2014-07-15,38.91646957397461,38.91646957397461
2014-07-16,38.980682373046875,38.980682373046875
2014-07-17,38.852249164054264,38.723812103271484
2014-07-18,38.723815497006875,38.91646957397461
2014-07-21,38.755911442852664,38.85224151611328
2014-07-22,38.980682373046875,38.980682373046875
2014-07-23,38.948577493186164,39.012794494628906
2014-07-24,38.884354019737245,38.82013702392578
2014-07-25,39.07700729265117,38.948570251464844
2014-07-28,39.14123362494105,39.173343658447266
2014-07-29,39.26967282490798,39.07701873779297
2014-07-30,39.14122638066571,39.1091194152832
2014-07-31,38.788021071553885,38.53114700317383
2014-08-01,38.53115253969281,38.49904251098633
2014-08-04,38.43482588557224,38.563262939453125
2014-08-05,38.177957021653114,37.953189849853516
2014-08-06,37.535761435565874,37.760528564453125
2014-08-07,37.95319415040656,37.632102966308594
2014-08-08,37.407320232101775,37.69630432128906
2014-08-11,38.017404741453056,38.04951477050781
2014-08-12,38.0174043707827,37.985294342041016
2014-08-13,38.306392669677734,38.306392669677734
2014-08-14,38.33849925153978,38.370609283447266
2014-08-15,38.466940499828894,38.43483352661133
2014-08-18,38.46693285240678,38.563262939453125
2014-08-19,38.53115499952237,38.595375061035156
2014-08-20,38.210062186091015,38.370609283447266
2014-08-21,38.49904288142223,38.563262939453125
2014-08-22,38.27428436279297,38.27428436279297
2014-08-25,38.338501337719805,38.4027214050293
2014-08-26,38.177953151639,38.210060119628906
2014-08-27,38.14584179549117,38.04951477050781
2014-08-28,37.888972845183154,37.953189849853516
2014-08-29,37.953186420254184,37.88896942138672
2014-09-02,38.43483146901203,38.27428436279297
2014-09-03,38.402719704194354,38.306392669677734
2014-09-04,38.177947998046875,38.177947998046875
2014-09-05,37.92107943427612,38.01740646362305
2014-09-08,37.985294342041016,37.985294342041016
2014-09-09,37.72842370718994,37.66420364379883
2014-09-10,38.01740607920432,38.08162307739258
2014-09-11,37.888967317996844,37.985294342041016
2014-09-12,37.95318814827949,37.85686111450195
2014-09-15,37.8247493603382,37.88896942138672
2014-09-16,37.7605357736611,37.953189849853516
2014-09-17,37.66420994119122,37.632102966308594
2014-09-18,37.79264411271066,37.85686111450195
2014-09-19,37.985302366534505,37.921085357666016
2014-09-22,37.953186420254184,37.88896942138672
2014-09-23,37.856866659003515,37.82475662231445
2014-09-24,37.953184683343544,38.04951477050781
2014-09-25,38.24217402632348,37.953189849853516
2014-09-26,38.17794762295507,38.242164611816406
2014-09-29,37.888969403766794,38.01740646362305
2014-09-30,37.7605344684165,37.79264450073242
2014-10-01,37.43943789964265,37.18256378173828
2014-10-02,36.57248440741736,36.47615432739258
2014-10-03,36.86146963664088,36.925689697265625
2014-10-06,36.92569563555574,36.829368591308594
2014-10-07,36.82935465603765,36.60458755493164
2014-10-08,36.411947316662264,36.829368591308594
2014-10-09,36.28349682674153,35.89818572998047
2014-10-10,35.80185947845124,35.38444137573242
2014-10-13,35.577098911827214,35.063350677490234
2014-10-14,35.38444272515644,35.28811264038086
2014-10-15,34.99912129007783,35.09545135498047
2014-10-16,34.485384461476926,34.96702575683594
2014-10-17,34.99913023408112,35.127567291259766
2014-10-20,35.57710260179464,35.83397674560547
2014-10-21,35.51287841061115,35.769752502441406
2014-10-22,35.99451408128609,35.801856994628906
2014-10-23,35.99452037119394,36.02663040161133
2014-10-24,36.05873354810791,36.15506362915039
2014-10-27,36.090846999554685,36.21928405761719
2014-10-28,36.28350446901436,36.41194152832031
2014-10-29,36.7651346093844,36.60458755493164
2014-10-30,36.54038022698858,36.89358139038086
2014-10-31,38.595375042488705,38.723812103271484
2014-11-03,38.69169824929568,38.980682373046875
2014-11-04,37.728425740235245,37.953189849853516
2014-11-05,37.92107563874952,37.760528564453125
2014-11-06,37.27888870239258,37.27888870239258
2014-11-07,37.02201840994317,37.150455474853516
2014-11-10,37.24678380904521,37.43943786621094
2014-11-11,37.66420364379883,37.66420364379883
2014-11-12,37.27889285769381,37.47154998779297
2014-11-13,37.82475147086712,37.79264450073242
2014-11-14,37.69631440378466,37.79264450073242
2014-11-17,37.08623675306941,37.18256378173828
2014-11-18,37.53575726483164,37.69630432128906
2014-11-19,37.407329923699514,37.47154998779297
2014-11-20,36.957794191858916,37.08623123168945
2014-11-21,37.66420234116336,37.375221252441406
2014-11-24,37.471547896465566,37.43943786621094
2014-11-25,37.50365963202898,37.5357666015625
2014-11-26,37.4073278359563,37.43943786621094
2014-11-28,37.375220884512444,37.31100082397461
2014-12-01,37.59998532420568,37.503658294677734
2014-12-02,37.79264964780703,37.82475662231445
2014-12-03,37.69631440378466,37.79264450073242
2014-12-04,37.69630432128906,37.69630432128906
2014-12-05,37.760530286328,37.72842025756836
2014-12-08,37.27889502788331,37.118350982666016
2014-12-09,37.05412670618533,37.31100082397461
2014-12-10,37.11834260755513,36.733028411865234
2014-12-11,36.989915706508185,36.829368591308594
2014-12-12,36.7972484697805,36.47615432739258
2014-12-15,36.31561071312588,35.769752502441406
2014-12-16,35.86607704424147,35.801856994628906
2014-12-17,36.176554803816245,36.40266036987305
2014-12-18,36.88716538742918,36.984066009521484
2014-12-19,37.1778564453125,37.1778564453125
2014-12-22,37.113264365888696,37.080963134765625
2014-12-23,37.1132638023264,37.145565032958984
2014-12-24,37.080963134765625,37.080963134765625
2014-12-26,37.274772071964215,37.33937454223633
2014-12-29,36.9194650007402,36.95176315307617
2014-12-30,36.499549865722656,36.499549865722656
2014-12-31,36.531857336303645,36.30575180053711
2015-01-02,36.62876122276097,36.370357513427734
2015-01-05,36.144244469464894,35.950443267822266
2015-01-06,35.788940527952136,35.36903381347656
2015-01-07,35.95045528948071,35.8858528137207
2015-01-08,36.11195219151624,36.33805465698242
2015-01-09,36.273446297364835,35.950443267822266
2015-01-12,35.853552151150446,35.821250915527344
2015-01-13,36.338044694738926,36.111942291259766
2015-01-14,35.95045121491634,36.0473518371582
2015-01-15,36.69335732988913,36.30575180053711
2015-01-16,36.467254404886184,36.62875747680664
2015-01-20,37.04865830271072,36.919456481933594
2015-01-21,36.7579635311677,36.984066009521484
2015-01-22,36.82255888746295,37.145565032958984
2015-01-23,37.21016552972101,37.016361236572266
2015-01-26,37.27476478907335,37.4362678527832
2015-01-27,37.46856778898336,37.5008659362793
2015-01-28,37.856174586262924,37.4362678527832
2015-01-29,37.50086605269805,37.75926971435547
2015-01-30,37.33936770062191,37.11326217651367
2015-02-02,37.53316716398985,37.5008659362793
2015-02-03,37.21016541183825,37.4362678527832
2015-02-04,37.59776396083651,37.630062103271484
2015-02-05,37.72696538275712,37.953067779541016
2015-02-06,37.66236332612061,37.630062103271484
2015-02-09,37.3393712939979,37.2747688293457
2015-02-10,37.63006788352676,37.75926971435547
2015-02-11,37.5977729739283,37.823875427246094
2015-02-12,37.823875520773,38.082279205322266
2015-02-13,38.46989002244702,38.53449249267578
2015-02-17,38.53448705208705,38.5021858215332
2015-02-18,39.18048858642578,39.18048858642578
2015-02-19,39.40659276958495,39.471195220947266
2015-02-20,39.600401310359416,39.82650375366211
2015-02-23,39.568105413214006,39.600406646728516
2015-02-24,39.63269711962595,39.79419708251953
2015-02-25,39.664991106522024,39.69729232788086
2015-02-26,40.02030652777305,40.05260467529297
2015-02-27,39.98801390549262,39.89111328125
2015-03-02,39.82649592873974,39.987998962402344
2015-03-03,39.82649830726398,39.79419708251953
2015-03-04,39.5358041796995,39.600406646728516
2015-03-05,39.891106211985594,39.82650375366211
2015-03-06,39.92341332078537,39.76191329956055
2015-03-09,39.56810322502019,39.63270568847656
2015-03-10,39.115891796818204,39.051292419433594
2015-03-11,39.30970033539851,39.40660095214844
2015-03-12,40.11720635548563,40.278709411621094
2015-03-13,40.214115460757434,40.31101608276367
2015-03-16,40.472511291503906,40.472511291503906
2015-03-17,40.47250855444805,40.56941223144531
2015-03-18,40.730914413893714,41.215423583984375
2015-03-19,40.82781875340692,40.73091506958008
2015-03-20,41.11852726626785,41.37693405151367
2015-03-23,41.57073211669922,41.57073211669922
2015-03-24,41.57073561141217,41.47383499145508
2015-03-25,41.60303652313673,41.37693405151367
2015-03-26,40.957027435302734,40.957027435302734
2015-03-27,40.95702265698973,41.11852264404297
2015-03-30,41.24773114490799,41.280029296875
2015-03-31,40.537113747204316,40.472511291503906
2015-04-01,40.47251107167947,40.63401412963867
2015-04-02,40.957024511729124,40.989322662353516
2015-04-06,41.31233190458315,41.47383499145508
2015-04-07,41.667633056640625,41.667633056640625
2015-04-08,41.86143679665888,41.732234954833984
2015-04-09,41.667632493714095,41.732234954833984
2015-04-10,41.603024227796034,41.79682540893555
2015-04-13,41.53843600220557,41.50613784790039
2015-04-14,41.76452726568845,41.79682540893555
2015-04-15,41.95834131404039,41.99064254760742
2015-04-16,42.02294410033931,42.08754348754883
2015-04-17,41.7322403912088,41.76454162597656
2015-04-20,41.79682268421009,41.89372634887695
2015-04-21,42.57204274232975,42.53974151611328
2015-04-22,42.830449778309195,42.86275100708008
2015-04-23,42.60435022736426,42.8304557800293
2015-04-24,42.95964976139085,42.99195098876953
2015-04-27,42.95965632815781,42.89505386352539
2015-04-28,42.99195188288178,43.02425003051758
2015-04-29,42.668947500117284,42.63664627075195
2015-04-30,41.86143539420212,41.538429260253906
2015-05-01,41.73224206072897,42.05524826049805
2015-05-04,42.05524128759014,42.24904251098633
2015-05-05,41.99064076062031,41.441532135009766
2015-05-06,41.538438775050295,41.409236907958984
2015-05-07,41.344633138040564,41.47383499145508
2015-05-08,42.11983826310264,42.44284439086914
2015-05-11,41.95834287375255,41.76454162597656
2015-05-12,41.69993915644103,41.76454162597656
2015-05-13,42.2813491217379,42.022945404052734
2015-05-14,42.022940056885815,42.24904251098633
2015-05-15,42.37824193314995,42.44284439086914
2015-05-18,42.798152923583984,42.798152923583984
2015-05-19,42.895055166208486,42.8304557800293
2015-05-20,42.76585331343495,42.8304557800293
2015-05-21,42.765845477533354,42.99195098876953
2015-05-22,42.7658520146756,42.89505386352539
2015-05-26,42.60433946178492,42.3459358215332
2015-05-27,42.57204689243607,42.63664627075195
2015-05-28,42.31363909342696,42.53974151611328
2015-05-29,42.184442801497724,42.15214157104492
2015-06-01,42.539740091929175,42.3459358215332
2015-06-02,42.184443129992566,42.24904251098633
2015-06-03,42.281339704358544,42.41054153442383
2015-06-04,42.11983871459961,42.11983871459961
2015-06-05,41.76453432956433,41.86143493652344
2015-06-08,41.570735363060955,41.635337829589844
2015-06-09,41.24772481140667,41.215423583984375
2015-06-10,41.764524543068504,41.89372634887695
2015-06-11,42.11984472136119,42.08754348754883
2015-06-12,41.76453432956433,41.86143493652344
2015-06-15,41.73223883990151,41.99064254760742
2015-06-16,41.53842178047337,41.79682540893555
2015-06-17,41.312330286655225,41.441532135009766
2015-06-18,41.247732518083474,41.47383499145508
2015-06-19,41.53843600220557,41.50613784790039
2015-06-22,42.11984034059213,42.15214157104492
2015-06-23,42.50744443370541,42.63664627075195
2015-06-24,42.21673876115512,42.18444061279297
2015-06-25,42.46363783072734,42.26885223388672
2015-06-26,42.43116538357891,42.46363067626953
2015-06-29,41.716950222607885,41.392303466796875
2015-06-30,41.81434423133526,41.587093353271484
2015-07-01,41.94420305355745,41.8792724609375
2015-07-02,41.78187966806864,41.8792724609375
2015-07-06,41.52216276178983,41.587093353271484
2015-07-07,41.65202871668122,41.68449401855469
2015-07-08,40.54823092247968,39.963871002197266
2015-07-09,40.613155747965756,40.45083236694336
2015-07-10,41.00273537089309,41.100128173828125
2015-07-13,41.58709962491476,41.65202713012695
2015-07-14,41.684488458684875,41.911739349365234
2015-07-15,41.81434496437861,41.8792724609375
2015-07-16,42.1389882509557,42.041595458984375
2015-07-17,42.17144615579928,42.138980865478516
2015-07-20,42.138980865478516,42.138980865478516
2015-07-21,42.00912094116211,42.00912094116211
2015-07-22,41.71695351746542,41.81434631347656
2015-07-23,41.91174516657905,41.78188705444336
2015-07-24,41.716950222607885,41.392303466796875
2015-07-27,41.067657089348984,41.22998046875
2015-07-28,41.19750879144985,41.42476272583008
2015-07-29,41.294911883726044,41.587093353271484
2015-07-30,41.48970372300425,41.65202713012695
2015-07-31,41.94420782621663,41.9766731262207
2015-08-03,41.74941571876169,41.81434631347656
2015-08-04,41.61955065031834,41.74940872192383
2015-08-05,42.07405151893016,42.00912094116211
2015-08-06,41.94420305355745,41.8792724609375
2015-08-07,41.944193459454404,42.00912094116211
2015-08-10,42.36623373570859,42.62594985961914
2015-08-11,41.846810260688585,41.8792724609375
2015-08-12,41.327378739237396,41.61956024169922
2015-08-13,41.61955565699784,41.9442024230957
2015-08-14,41.74941374422478,41.9442024230957
2015-08-17,41.84680987504174,42.041595458984375
2015-08-18,41.684481234151406,41.74940872192383
2015-08-19,41.359837924044605,41.2949104309082
2015-08-20,40.54822729608276,40.06126022338867
2015-08-21,39.76907624642112,38.69774627685547
2015-08-24,36.749873197227515,37.33423614501953
2015-08-25,38.92500461466625,37.561492919921875
2015-08-26,38.60035736862853,39.05485916137695
2015-08-27,39.31457998806151,39.76908493041992
2015-08-28,39.801547598094935,39.963871002197266
2015-08-31,39.47689253124873,39.3470344543457
2015-09-01,37.626423522558056,37.561492919921875
2015-09-02,38.27571328649454,38.243247985839844
2015-09-03,38.50296560636171,38.535430908203125
2015-09-04,37.366703667606195,37.30177307128906
2015-09-08,37.951056445803765,38.17831039428711
2015-09-09,38.73020860742928,38.113380432128906
2015-09-10,38.08091735839844,38.08091735839844
2015-09-11,37.886129575997565,38.113380432128906
2015-09-14,37.886133124405575,38.0159912109375
2015-09-15,37.983527356621344,38.30817413330078
2015-09-16,38.405569229735214,38.63282012939453
2015-09-17,38.40556456771739,38.6003532409668
2015-09-18,37.46408818092902,37.366695404052734
2015-09-21,37.56149069425795,37.593955993652344
2015-09-22,36.94466423852046,37.042057037353516
2015-09-23,37.10698763394972,37.042057037353516
2015-09-24,36.68494439956373,36.7823371887207
2015-09-25,37.88613006223093,37.691341400146484
2015-09-28,37.301769525639116,36.7823371887207
2015-09-29,36.32783126831055,36.32783126831055
2015-09-30,36.78233265155843,37.10697937011719
2015-10-01,37.2692995311159,37.366695404052734
2015-10-02,37.00958006988612,37.82119369506836
2015-10-05,38.56789064817836,38.76267623901367
2015-10-06,38.50296537955322,38.43803787231445
2015-10-07,39.02239695908153,39.05485916137695
2015-10-08,38.924999089439986,39.184715270996094
2015-10-09,39.31457432302443,39.28211212158203
2015-10-12,39.31456916110476,39.3470344543457
2015-10-13,38.98992600966583,38.92499542236328
2015-10-14,38.600355221489764,38.470497131347656
2015-10-15,39.184718913927455,39.444435119628906
2015-10-16,39.574286787810465,39.639217376708984
2015-10-19,39.24964951338351,39.444435119628906
2015-10-20,39.18471304985703,39.21717834472656
2015-10-21,39.898937620078854,39.73661422729492
2015-10-22,39.93139795525119,40.22357940673828
2015-10-23,40.48330108310906,40.6131591796875
2015-10-26,40.5806884765625,40.5806884765625
2015-10-27,40.19111879619268,40.256046295166016
2015-10-28,40.38589918809168,40.6456184387207
2015-10-29,40.093719737032785,40.19111251831055
2015-10-30,40.25603493184267,39.99631881713867
2015-11-02,39.89893510837611,40.288509368896484
2015-11-03,40.19111879619268,40.256046295166016
2015-11-04,40.12618772158602,40.06126022338867
2015-11-05,40.38590916574471,40.35344696044922
2015-11-06,40.28851159268327,40.256046295166016
2015-11-09,40.3534471464439,40.09373092651367
2015-11-10,40.38590423558756,40.51576232910156
2015-11-11,40.77547357072752,40.678077697753906
2015-11-12,40.38590216001133,40.288509368896484
2015-11-13,40.28851654343057,40.09373092651367
2015-11-16,40.22358307393987,40.483299255371094
2015-11-17,40.54822318272665,40.5806884765625
2015-11-18,40.515755310243854,40.775474548339844
2015-11-19,40.84040203581837,40.775474548339844
2015-11-20,40.90534074912912,40.97026824951172
2015-11-23,40.90533261935752,40.775474548339844
2015-11-24,40.807944854463344,40.97026824951172
2015-11-25,40.710540771484375,40.710540771484375
2015-11-27,40.61315822128294,40.51576232910156
2015-11-30,40.28850529958831,40.19111251831055
2015-12-01,40.64562495089857,40.807945251464844
2015-12-02,40.743015436802324,40.483299255371094
2015-12-03,40.41837465339568,40.09373092651367
2015-12-04,39.83401295507967,40.320980072021484
2015-12-07,40.25604160441177,40.22357940673828
2015-12-08,39.54182704864746,39.70414733886719
2015-12-09,39.54181902053185,39.249637603759766
2015-12-10,39.76908151859661,39.60675811767578
2015-12-11,39.08732581630491,38.989933013916016
2015-12-14,39.3470344543457,39.3470344543457
2015-12-15,39.184715270996094,39.184715270996094
2015-12-16,39.83400957422362,40.158653259277344
2015-12-17,40.223589872778334,39.76908493041992
2015-12-18,39.24964682407846,39.28211212158203
2015-12-21,39.471782856510046,39.40637969970703
2015-12-22,39.50448695457186,39.70070266723633
2015-12-23,39.92961969964883,40.12583541870117
2015-12-24,39.60258891823312,39.635292053222656
2015-12-28,39.70069858808859,39.66799545288086
2015-12-29,40.22394206272458,40.25664520263672
2015-12-30,40.06042454090788,40.0277214050293
2015-12-31,39.79880460942774,39.635292053222656
2016-01-04,38.88314472099499,39.013954162597656
2016-01-05,39.40638359440941,39.50448989868164
2016-01-06,38.68692433880371,38.81773376464844
2016-01-07,38.294494098531246,38.229087829589844
2016-01-08,38.163686067486495,37.411529541015625
2016-01-11,37.836662370545426,37.673152923583984
2016-01-12,37.6731558729845,37.4769401550293
2016-01-13,37.902062593104766,37.149906158447266
2016-01-14,37.28071721590316,37.60774230957031
2016-01-15,36.528568530190164,36.56127166748047
2016-01-19,37.14991352213539,36.855594635009766
2016-01-20,35.64560300018931,35.44939041137695
2016-01-21,34.92614479035928,35.318572998046875
2016-01-22,36.29965359139465,36.920997619628906
2016-01-25,36.46316092071811,36.136138916015625
2016-01-26,36.266953277047975,36.626678466796875
2016-01-27,36.85559759235972,36.65938186645508
2016-01-28,36.85559741353806,36.72478485107422
2016-01-29,36.95369524097844,37.60774230957031
2016-02-01,37.60774183277676,37.37882614135742
2016-02-02,37.280719463804,36.98640060424805
2016-02-03,36.79018328476168,36.528564453125
2016-02-04,36.26694551984737,36.430458068847656
2016-02-05,36.2342439470439,35.809112548828125
2016-02-08,35.90721900227167,35.743709564208984
2016-02-09,34.76263906646988,35.05696105957031
2016-02-10,34.72993754635135,34.43561553955078
2016-02-11,33.84697262913465,33.748863220214844
2016-02-12,33.487252834330505,34.04319381713867
2016-02-16,35.15506779793594,35.2858772277832
2016-02-17,35.48209389993625,35.5802001953125
2016-02-18,36.005331633600086,35.5802001953125
2016-02-19,35.31859213042916,35.41669845581055
2016-02-22,35.93992286054484,36.00532913208008
2016-02-23,35.74372369874032,35.41669845581055
2016-02-24,35.318573972246426,35.776405334472656
2016-02-25,36.00532932247685,36.201541900634766
2016-02-26,36.46316118642798,36.16884231567383
2016-02-29,35.93992177181509,35.61289978027344
2016-03-01,36.10344035623028,36.49586868286133
2016-03-02,36.82288382397995,37.01909637451172
2016-03-03,37.24801974047836,37.28071975708008
2016-03-04,37.7712592155094,37.673152923583984
2016-03-07,37.117210317843586,37.28071975708008
2016-03-08,37.01910391487792,36.920997619628906
2016-03-09,36.98639980842372,36.88829040527344
2016-03-10,37.31342890718892,36.72478485107422
2016-03-11,37.444237442150204,37.70585632324219
2016-03-14,37.771259399734745,37.86936569213867
2016-03-15,37.31341987595624,37.37882614135742
2016-03-16,37.08451158015323,37.444236755371094
2016-03-17,37.313423872468356,37.575042724609375
2016-03-18,37.34613045644677,37.444236755371094
2016-03-21,37.44422976273674,37.60774230957031
2016-03-22,37.77126675378601,37.836669921875
2016-03-23,37.57504226956194,37.346126556396484
2016-03-24,36.920994694488265,37.117210388183594
2016-03-28,37.640449786694575,37.673152923583984
2016-03-29,37.60774770235367,38.065582275390625
2016-03-30,37.93476867675781,37.93476867675781
2016-03-31,37.44423640837008,37.31342697143555
2016-04-01,36.23424591894482,36.39775848388672
2016-04-04,36.49586477535475,36.39775848388672
2016-04-05,35.547493510719555,35.61289978027344
2016-04-06,35.809113625576224,36.201541900634766
2016-04-07,36.33235113352822,36.00532913208008
2016-04-08,37.11721368017812,37.05180740356445
2016-04-11,37.084506259411775,36.8228874206543
2016-04-12,37.54234037602637,37.673152923583984
2016-04-13,38.58881415303611,38.71962356567383
2016-04-14,38.94854753951608,38.88314437866211
2016-04-15,38.7196226561405,38.523406982421875
2016-04-18,38.42530548711427,38.81773376464844
2016-04-19,39.471782856510046,39.40637969970703
2016-04-20,39.53718576699664,39.635292053222656
2016-04-21,39.700698323201735,39.635292053222656
2016-04-22,39.89691188495149,39.92961502075195
2016-04-25,39.56988916600027,39.66799545288086
2016-04-26,39.373680453404276,39.50448989868164
2016-04-27,39.24287454354791,39.4717903137207
2016-04-28,38.16368750195389,37.673152923583984
2016-04-29,37.57504226956194,37.346126556396484
2016-05-02,38.0001757381529,38.03287887573242
2016-05-03,37.80396235239881,37.673152923583984
2016-05-04,37.47693598088284,37.346126556396484
2016-05-05,37.54233932495117,37.54233932495117
2016-05-06,37.54234020649554,37.738555908203125
2016-05-09,38.00017834415644,37.70585632324219
2016-05-10,38.26179230983119,38.65422058105469
2016-05-11,38.29449379687418,37.93476867675781
2016-05-12,38.45800665214219,38.229087829589844
2016-05-13,37.738559463064455,37.70585632324219
2016-05-16,37.96746899130936,38.229087829589844
2016-05-17,38.26178638454557,37.967464447021484
2016-05-18,38.06558175078218,38.00017547607422
2016-05-19,37.673152753462446,37.738555908203125
2016-05-20,37.93477232010909,38.00017547607422
2016-05-23,37.9347793521236,37.836669921875
2016-05-24,37.90206953389679,38.130985260009766
2016-05-25,38.26178779019689,38.39259719848633
2016-05-26,38.26179513286397,38.359901428222656
2016-05-27,38.19639569494906,38.26179885864258
2016-05-31,38.68691979255288,38.55611038208008
2016-06-01,38.523406982421875,38.523406982421875
2016-06-02,38.06557882401343,38.196388244628906
2016-06-03,38.29449827089783,38.359901428222656
2016-06-06,38.68691689093283,38.752323150634766
2016-06-07,38.981251022511216,39.013954162597656
2016-06-08,39.24286651611328,39.24286651611328
2016-06-09,38.785030364990234,38.785030364990234
2016-06-10,38.22909511913188,38.09828567504883
2016-06-13,37.50963894799617,37.411529541015625
2016-06-14,37.18262151667005,37.24802780151367
2016-06-15,37.54233604333991,37.60774230957031
2016-06-16,37.11721471937568,37.444236755371094
2016-06-17,37.28071674325565,37.37882614135742
2016-06-20,38.32719723300195,38.229087829589844
2016-06-21,38.68692762290753,38.49071502685547
2016-06-22,38.365472693468966,38.13475036621094
2016-06-23,38.826913702092774,38.99171447753906
2016-06-24,37.24482705489341,37.37666702270508
2016-06-27,37.376659340392465,37.178897857666016
2016-06-28,37.7062627047738,37.73922348022461
2016-06-29,38.1017835536563,38.23362350463867
2016-06-30,37.772174662396026,37.904014587402344
2016-07-01,37.80513899177905,37.838096618652344
2016-07-05,37.969939699393734,37.838096618652344
2016-07-06,37.640338284164365,37.838096618652344
2016-07-07,37.871055603027344,37.871055603027344
2016-07-08,37.77219119953851,38.13475036621094
2016-07-11,38.85986331454809,39.05762481689453
2016-07-12,39.35425992338361,39.2883415222168
2016-07-13,39.22241973876953,39.22241973876953
2016-07-14,39.25538074997727,39.2883415222168
2016-07-15,39.15650177001953,39.15650177001953
2016-07-18,39.15650335993206,39.2553825378418
2016-07-19,39.05763604504292,38.99171447753906
2016-07-20,39.25539039001602,39.321311950683594
2016-07-21,38.95874047268965,39.024662017822266
2016-07-22,39.090576171875,39.090576171875
2016-07-25,39.05763402460743,38.9587516784668
2016-07-26,39.123554469233426,38.99171447753906
2016-07-27,39.25538317592852,39.05762481689453
2016-07-28,38.85986331454809,39.05762481689453
2016-07-29,39.71682941336759,39.74979019165039
2016-08-01,39.881622314453125,39.881622314453125
2016-08-02,39.519066068488,39.38722610473633
2016-08-03,39.024663841869604,39.1894645690918
2016-08-04,39.61795022183201,39.74979019165039
2016-08-05,39.78273999906058,39.881622314453125
2016-08-08,40.112346417513606,40.046424865722656
2016-08-09,40.277133777363304,40.408973693847656
2016-08-10,40.70562561742308,40.54082489013672
2016-08-11,40.77154183420464,40.83746337890625
2016-08-12,40.70562720877565,40.639705657958984
2016-08-15,40.804503959705926,40.87042236328125
2016-08-16,40.50786590576172,40.50786590576172
2016-08-17,40.705623432815294,40.83746337890625
2016-08-18,40.50786569963821,40.639705657958984
2016-08-19,40.40898493697011,40.54082489013672
2016-08-22,40.6067446772603,40.77154541015625
2016-08-23,40.80450439453125,40.80450439453125
2016-08-24,40.837466960639645,40.77154541015625
2016-08-25,40.60674913945706,40.57379150390625
2016-08-26,40.44194611467315,40.27714538574219
2016-08-29,40.3430521639497,40.408973693847656
2016-08-30,40.408973693847656,40.408973693847656
2016-08-31,40.47489929199219,40.47489929199219
2016-09-01,40.73858463491455,40.77154541015625
2016-09-02,41.002262351976626,41.06818389892578
2016-09-06,41.03522450888391,41.29890441894531
2016-09-07,41.694424315629504,41.496665954589844
2016-09-08,41.39778674270269,41.29890441894531
2016-09-09,40.936346350008876,40.639705657958984
2016-09-12,40.54082629730864,40.96930694580078
2016-09-13,40.54083094079058,40.24419021606445
2016-09-14,39.98050308227539,39.98050308227539
2016-09-15,39.88162706633465,40.17826461791992
2016-09-16,39.91457791231013,39.84865951538086
2016-09-19,40.14530380452845,39.98050308227539
2016-09-20,40.60674329506381,40.54082489013672
2016-09-21,41.661471875184404,41.72739028930664
2016-09-22,42.35362780857079,42.25474548339844
2016-09-23,41.661460876464844,41.661460876464844
2016-09-26,41.2329860130862,41.29890441894531
2016-09-27,41.628513110443194,41.760353088378906
2016-09-28,41.66146604474478,41.69442367553711
2016-09-29,41.52963279053502,41.39779281616211
2016-09-30,41.20001965147082,41.33185958862305
2016-10-03,41.13410591308493,41.20002746582031
2016-10-04,41.26594763655015,40.96930694580078
2016-10-05,41.167064900324895,41.23298645019531
2016-10-06,40.93634573312837,41.03522491455078
2016-10-07,41.03522491455078,41.03522491455078
2016-10-10,41.13410389199985,41.16706466674805
2016-10-11,41.002262750676955,40.80450439453125
2016-10-12,40.77153956690458,40.73857879638672
2016-10-13,40.474906938054204,40.67266845703125
2016-10-14,40.73858686781512,40.67266845703125
2016-10-17,40.73858125590452,40.705623626708984
2016-10-18,40.936344146728516,40.936344146728516
2016-10-19,41.13410230256257,41.06818389892578
2016-10-20,41.36482957423407,41.430747985839844
2016-10-21,41.232989607709776,41.430747985839844
2016-10-24,41.496665954589844,41.496665954589844
2016-10-25,41.397788792104656,41.52962875366211
2016-10-26,41.39778856145969,41.463706970214844
2016-10-27,41.52962875366211,41.52962875366211
2016-10-28,41.43074598638188,41.59554672241211
2016-10-31,41.59554112066017,41.628501892089844
2016-11-01,41.62850770707164,41.463706970214844
2016-11-02,41.33186742797843,41.20002746582031
2016-11-03,41.33186519353111,41.29890441894531
2016-11-04,40.83746516832633,40.80450439453125
2016-11-07,40.99402395954264,41.09290313720703
2016-11-08,40.87042217252817,41.04346466064453
2016-11-09,40.58203192219655,40.697391510009766
2016-11-10,40.788030285748064,40.730350494384766
2016-11-11,40.73035273719885,40.78803253173828
2016-11-14,40.75506144802924,40.83746337890625
2016-11-15,40.755064817823424,40.903385162353516
2016-11-16,40.83746357342794,40.705623626708984
2016-11-17,41.002259060190106,41.31538009643555
2016-11-18,40.755071303916374,40.697391510009766
2016-11-21,40.853953417096534,41.02699279785156
2016-11-22,41.13410837390503,41.12586975097656
2016-11-23,40.85395118795738,41.12586975097656
2016-11-25,40.730340185763374,40.779781341552734
2016-11-28,41.02698787474782,41.13410568237305
2016-11-29,41.12586325314412,41.1753044128418
2016-11-30,41.2824258031238,41.1093864440918
2016-12-01,40.88690002657838,40.763301849365234
2016-12-02,40.779780254385045,40.886898040771484
2016-12-05,40.796260841811616,40.83746337890625
2016-12-06,40.90338585096723,41.01874542236328
2016-12-07,41.21650167915544,41.628501892089844
2016-12-08,41.99106666661125,42.10642623901367
2016-12-09,42.139385685856205,42.23002624511719
2016-12-12,41.97459029666609,41.818031311035156
2016-12-13,42.188829322675076,42.31242752075195
2016-12-14,42.056980686718724,41.661460876464844
2016-12-15,41.57082033057733,41.661460876464844
2016-12-16,41.34010381552132,41.29890441894531
2016-12-19,41.56258058009211,41.653221130371094
2016-12-20,41.6449856576924,41.69442367553711
2016-12-21,41.46352813932483,41.47186279296875
2016-12-22,41.29680404983398,41.40517044067383
2016-12-23,41.46352478585721,41.480194091796875
2016-12-27,41.238447539425266,41.22177505493164
2016-12-28,41.25511870266193,41.163421630859375
2016-12-29,40.788299799278064,40.746620178222656
2016-12-30,40.838315691036094,40.72994613647461
2017-01-03,40.89666273783428,41.06338119506836
2017-01-04,41.66358285578343,41.88865661621094
2017-01-05,42.10538748406643,42.13039779663086
2017-01-06,42.022033454234254,42.06371307373047
2017-01-09,42.088719339123955,42.10538864135742
2017-01-10,41.9470100402832,41.9470100402832
2017-01-11,41.98868392178683,42.22209548950195
2017-01-12,42.1470837424459,42.155418395996094
2017-01-13,42.26378488618527,42.42216873168945
2017-01-17,41.955347872386305,41.9470100402832
2017-01-18,41.92200244268624,41.93867492675781
2017-01-19,41.9136651522161,41.82196807861328
2017-01-20,42.14707815066606,42.08872604370117
2017-01-23,41.988689343286524,42.113731384277344
2017-01-24,42.022028885739104,42.22209548950195
2017-01-25,42.422163666296306,42.663909912109375
2017-01-26,42.8973196520294,42.72226333618164
2017-01-27,42.49719310903006,42.372154235839844
2017-01-30,42.27210460885251,42.25543212890625
2017-01-31,42.16375622949805,42.155418395996094
2017-02-01,42.480505790190165,42.38047409057617
2017-02-02,42.255445743026506,42.36381530761719
2017-02-03,42.405485209282695,42.55553436279297
2017-02-06,42.34714273435492,42.48885726928711
2017-02-07,42.44717562827391,42.46384811401367
2017-02-08,42.60556256138757,42.588890075683594
2017-02-09,42.38047986238537,42.5305290222168
2017-02-10,42.76393751245917,42.83062744140625
2017-02-13,42.93066647447733,42.99735641479492
2017-02-14,42.58888353377863,42.68891525268555
2017-02-15,42.46383793643343,42.64723205566406
2017-02-16,42.580546171590186,42.69725036621094
2017-02-17,42.48885406126799,42.672245025634766
2017-02-21,42.92232668408172,43.03069305419922
2017-02-22,43.01402523987005,43.08071517944336
2017-02-23,43.114052746887786,43.03902816772461
2017-02-24,42.82229605861849,42.94733810424805
2017-02-27,42.7305986060503,42.813961029052734
2017-02-28,42.78895553533463,42.70559310913086
2017-03-01,43.08904974708973,43.20575714111328
2017-03-02,42.96401247685007,42.79729080200195
2017-03-03,42.75560557465257,42.82229232788086
2017-03-06,42.70559085182215,42.72226333618164
2017-03-07,42.68892110624754,42.62223434448242
2017-03-08,42.5722165157521,42.48885726928711
2017-03-09,42.397160190204765,42.48885726928711
2017-03-10,42.75561117827779,42.79729080200195
2017-03-13,42.99735352314146,43.01402282714844
2017-03-14,42.7806111587698,42.713924407958984
2017-03-15,42.79728349222102,43.147396087646484
2017-03-16,43.39747293090153,43.064029693603516
2017-03-17,43.18074682384685,43.20575714111328
2017-03-20,43.27243672260084,43.21408462524414
2017-03-21,43.33913110682392,42.880645751953125
2017-03-22,42.83062899279019,42.938995361328125
2017-03-23,42.88064256596579,42.97233963012695
2017-03-24,43.23075531509381,43.23908996582031
2017-03-27,43.055705471690075,43.26410675048828
2017-03-28,43.430823274758275,43.630889892578125
2017-03-29,43.50584653794054,43.57253646850586
2017-03-30,43.32245682180625,43.33079147338867
2017-03-31,42.78061868653133,42.930667877197266
2017-04-03,42.980677621225354,43.147396087646484
2017-04-04,42.91399398939793,42.99735641479492
2017-04-05,42.88897914022372,42.69725036621094
2017-04-06,42.38048280618153,42.48051452636719
2017-04-07,42.58888088664772,42.572208404541016
2017-04-10,42.43049217297273,42.472171783447266
2017-04-11,42.60555601692162,42.68891525268555
2017-04-12,42.48885477357382,42.54720687866211
2017-04-13,42.28877911051529,42.18874740600586
2017-04-17,42.572214633348885,42.6389045715332
2017-04-18,42.48050955486062,42.50551986694336
2017-04-19,42.60555656156255,42.48051452636719
2017-04-20,42.67224362931678,42.73893356323242
2017-04-21,42.88898132751343,42.897315979003906
2017-04-24,43.19741439819336,43.19741439819336
2017-04-25,43.38914941407899,43.355804443359375
2017-04-26,43.42249142343175,43.405818939208984
2017-04-27,43.45583187580065,43.43915939331055
2017-04-28,43.27244592050787,43.23076629638672
2017-05-01,43.38914217972089,43.39748001098633
2017-05-02,43.61422014188827,43.530860900878906
2017-05-03,43.47250653276508,43.639225006103516
2017-05-04,43.58086747879485,43.747589111328125
2017-05-05,43.79761294344352,43.989341735839844
2017-05-08,44.081036545628976,44.006011962890625
2017-05-09,43.88097607402626,43.86430358886719
2017-05-10,43.73926256561881,43.66423797607422
2017-05-11,43.61422170182937,43.54753494262695
2017-05-12,43.64756439586753,43.65589904785156
2017-05-15,43.780941009521484,43.780941009521484
2017-05-16,43.88097203286376,43.81428527832031
2017-05-17,43.84762081886784,43.747589111328125
2017-05-18,43.6975819172279,43.86430358886719
2017-05-19,44.07270243927275,44.22275161743164
2017-05-22,44.18106997868532,44.1977424621582
2017-05-23,44.29777168789218,44.2560920715332
2017-05-24,44.0977172606,44.18941116333008
2017-05-25,44.25609674389541,44.306114196777344
2017-05-26,44.206081304127245,44.33112335205078
2017-05-30,44.38113379945114,44.422813415527344
2017-05-31,44.50617264767974,44.422813415527344
2017-06-01,44.764592541070705,44.82294464111328
2017-06-02,45.523173049281795,45.76491928100586
2017-06-05,45.581524357473114,45.58985900878906
2017-06-06,45.61487244039954,45.623207092285156
2017-06-07,45.69823776263621,45.60654067993164
2017-06-08,45.523179898105205,45.498172760009766
2017-06-09,45.139716240961036,45.089698791503906
2017-06-12,45.173058878067835,45.23141098022461
2017-06-13,45.423142801598466,45.48149490356445
2017-06-14,45.54817517463545,45.456478118896484
2017-06-15,44.89797854546082,45.01468276977539
2017-06-16,45.06469763785021,45.19807434082031
2017-06-19,45.29809928295692,45.339778900146484
2017-06-20,45.35488510131836,45.35488510131836
2017-06-21,45.28776550292969,45.28776550292969
2017-06-22,45.34649097036616,45.38005065917969
2017-06-23,45.31293307719057,45.346492767333984
2017-06-26,45.40521778794128,45.220645904541016
2017-06-27,45.212259585013626,45.1115837097168
2017-06-28,45.11158692523968,45.31293869018555
2017-06-29,45.11158125891334,44.85988998413086
2017-06-30,45.06124255511064,45.01090621948242
2017-07-03,44.96056563492245,44.79277038574219
2017-07-05,44.71726349340304,44.80116271972656
2017-07-06,44.549464759343195,44.47395706176758
2017-07-07,44.306171425034705,44.448795318603516
2017-07-10,44.331336975097656,44.331336975097656
2017-07-11,44.50751839701023,44.633365631103516
2017-07-12,44.876666631436755,44.943782806396484
2017-07-13,44.826327687971485,44.88505554199219
2017-07-14,45.061245366075354,44.9941291809082
2017-07-17,44.994129779467094,44.935401916503906
2017-07-18,45.119971436922945,45.170310974121094
2017-07-19,45.304545565202844,45.35488510131836
2017-07-20,45.50589791655914,45.522674560546875
2017-07-21,45.505895337149575,45.606571197509766
2017-07-24,45.5142936706543,45.5142936706543
2017-07-25,45.413612959905656,45.35488510131836
2017-07-26,45.388446221782154,45.50590515136719
2017-07-27,45.715640998074036,45.65690994262695
2017-07-28,45.64852586406272,45.79115295410156
2017-07-31,45.87504919123143,45.94216537475586
2017-08-01,46.31971562357026,46.21065139770508
2017-08-02,46.244194625099745,46.18546676635742
2017-08-03,46.19386090911537,46.30292510986328
2017-08-04,46.26935877625194,46.26096725463867
2017-08-07,46.135122226199925,46.24418640136719
2017-08-08,46.1938591003418,46.1938591003418
2017-08-09,45.950551678204114,45.90860366821289
2017-08-10,45.79114805171383,45.430389404296875
2017-08-11,45.447169647400386,45.36327362060547
2017-08-14,45.640136124499165,45.6988639831543
2017-08-15,45.71564442377949,45.64013671875
2017-08-16,45.64852586406272,45.79115295410156
2017-08-17,45.74920310586913,45.48073196411133
2017-08-18,45.623347652937035,45.68207550048828
2017-08-21,45.58140563964844,45.58140563964844
2017-08-22,45.58979858040198,45.6736946105957
2017-08-23,45.69047164916992,45.69047164916992
2017-08-24,45.52267495467172,45.45555877685547
2017-08-25,45.56462318906201,45.606571197509766
2017-08-28,45.70724947568385,45.65690994262695
2017-08-29,45.62335264034815,45.56462478637695
2017-08-30,45.47234685324664,45.53946304321289
2017-08-31,45.72403537523416,45.90021896362305
2017-09-01,45.833100556325554,45.71564483642578
2017-09-05,45.505905347290685,45.5142936706543
2017-09-06,45.72403616400258,45.70725631713867
2017-09-07,46.00089081802671,45.9757194519043
2017-09-08,46.11835479736328,46.11835479736328
2017-09-11,46.41198668861023,46.32809066772461
2017-09-12,46.437160081734966,46.36165237426758
2017-09-13,46.30292370930969,46.26936721801758
2017-09-14,46.0763969884555,46.27775192260742
2017-09-15,46.27775214248385,46.344871520996094
2017-09-18,46.35326385498047,46.35326385498047
2017-09-19,46.63012232694412,46.62173080444336
2017-09-20,46.722407681968285,46.638511657714844
2017-09-21,46.54622125709799,46.45393371582031
2017-09-22,46.49588475292058,46.504276275634766
2017-09-25,46.53783758396267,46.60495376586914
2017-09-26,46.638513457036524,46.60495376586914
2017-09-27,46.53784280124056,46.69724655151367
2017-09-28,46.60494577917049,46.73079299926758
2017-09-29,46.73080845342949,46.73919677734375
2017-10-02,46.630132564314344,46.73919677734375
2017-10-03,46.77275307936054,47.016056060791016
2017-10-04,46.94892925115587,47.024436950683594
2017-10-05,46.94053972449153,46.999267578125
2017-10-06,46.82309041913351,46.97410583496094
2017-10-09,47.09155714082201,47.03282928466797
2017-10-10,47.36003132454885,47.3684196472168
2017-10-11,47.511041361352916,47.611717224121094
2017-10-12,47.6033294919383,47.5529899597168
2017-10-13,48.05637101534259,48.1402702331543
2017-10-16,48.366805220348766,48.35841369628906
2017-10-17,48.21578358626733,48.30807113647461
2017-10-18,48.2073966646563,48.25773620605469
2017-10-19,47.98087111936341,48.14866638183594
2017-10-20,48.14866879990581,48.25773620605469
2017-10-23,48.52620232827577,48.375186920166016
2017-10-24,48.67722100241818,48.777896881103516
2017-10-25,48.50103053372464,48.38357162475586
2017-10-26,48.6436653137207,48.6436653137207
2017-10-27,48.895346413694945,49.01280212402344
2017-10-30,48.95407768601962,48.996028900146484
2017-10-31,49.071536835180225,49.205772399902344
2017-11-01,49.52457969710203,49.48263168334961
2017-11-02,49.398731258907574,49.54135513305664
2017-11-03,49.53296943982824,49.6588134765625
2017-11-06,49.474245187450485,49.650428771972656
2017-11-07,49.960843360863414,50.044742584228516
2017-11-08,50.39711158724054,50.35516357421875
2017-11-09,49.80143720959689,49.935672760009766
2017-11-10,49.56653594970703,49.56653594970703
2017-11-13,48.996017781557924,49.348384857177734
2017-11-14,49.147041297791795,49.08831024169922
2017-11-15,48.31645991764131,48.72755813598633
2017-11-16,49.247720245993406,49.48263168334961
2017-11-17,49.34839386817487,49.23932647705078
2017-11-20,49.45746351518382,49.48263168334961
2017-11-21,49.82660537516556,49.935672760009766
2017-11-22,49.994402633138236,49.969234466552734
2017-11-24,50.34677325538604,50.380332946777344
2017-11-27,50.279656646178445,50.162200927734375
2017-11-28,50.23770945707138,50.31321716308594
2017-11-29,50.41389462872137,50.21253967285156
2017-11-30,50.45583801805497,50.262874603271484
2017-12-01,50.06991757355756,50.03635787963867
2017-12-04,49.801447397498436,49.50780487060547
2017-12-05,49.73432379346707,49.63364791870117
2017-12-06,49.39034211986113,49.44906997680664
2017-12-07,49.67559574907601,49.76788330078125
2017-12-08,49.98601952724009,50.0027961730957
2017-12-11,50.06990976669342,50.17058563232422
2017-12-12,50.18736690179724,50.262874603271484
2017-12-13,50.27125916825342,50.46422576904297
2017-12-14,50.32999960629042,50.22932052612305
2017-12-15,50.22093020662657,50.25448989868164
2017-12-18,50.76625585205474,50.858543395996094
2017-12-19,50.53677883751767,50.34253692626953
2017-12-20,50.55366727681897,50.41009521484375
2017-12-21,50.50299895440531,50.44388198852539
2017-12-22,50.6296776009291,50.68034744262695
2017-12-26,50.67189880810409,50.70568084716797
2017-12-27,50.68035231931335,50.638126373291016
2017-12-28,50.65500713502805,50.51988220214844
2017-12-29,50.68879332167224,50.61278533935547
2018-01-02,50.73945822568483,50.91680908203125
2018-01-03,51.153294528560465,51.6177864074707
2018-01-04,52.11604998478733,52.25117492675781
2018-01-05,52.27651856848144,52.394752502441406
2018-01-08,52.62277207695227,52.69878005981445
2018-01-09,52.6734422416933,52.73255920410156
2018-01-10,53.05348632760478,53.070377349853516
2018-01-11,53.07881765245899,53.42507553100586
2018-01-12,53.16328050076517,53.593990325927734
2018-01-16,53.91491333037501,53.593990325927734
2018-01-17,53.855789358048156,54.024696350097656
2018-01-18,53.46730638380014,53.56864929199219
2018-01-19,53.99091551013654,53.906463623046875
2018-01-22,53.83889851655287,54.134483337402344
2018-01-23,54.387847162338396,54.46385192871094
2018-01-24,54.55674435070047,54.48073959350586
2018-01-25,54.3625122175867,54.218936920166016
2018-01-26,54.37939215545929,54.61585998535156
2018-01-29,54.22738339702877,54.1513786315918
2018-01-30,53.585539539625195,53.458858489990234
2018-01-31,53.30684309045811,53.15482711791992
2018-02-01,53.273057144827284,53.4166259765625
2018-02-02,53.137931862174426,52.6312141418457
2018-02-05,51.60932947055605,50.13984298706055
2018-02-06,50.44388402902045,51.355979919433594
2018-02-07,51.12795683790549,50.899932861328125
2018-02-08,50.94215652437128,49.38821792602539
2018-02-09,50.258074989570304,49.88648223876953
2018-02-12,50.37631375479457,50.857696533203125
2018-02-13,49.87804813738746,50.232749938964844
2018-02-14,49.86958839438944,50.99281692504883
2018-02-15,51.28841644608474,51.23774337768555
2018-02-16,51.75290910137181,52.02315902709961
2018-02-20,51.73601607090217,51.60089111328125
2018-02-21,51.59244546010546,51.08572769165039
2018-02-22,51.355975187832534,51.32219314575195
2018-02-23,51.71912405941718,52.07382583618164
2018-02-26,52.369410763641916,52.74945068359375
2018-02-27,52.51298763560895,52.0316047668457
2018-02-28,52.08226780497533,51.5755500793457
2018-03-01,50.925266038718156,50.08073425292969
2018-03-02,49.878044561716585,50.646568298339844
2018-03-05,50.23274968773173,50.874595642089844
2018-03-06,51.33064161307482,51.18707275390625
2018-03-07,50.68879442302433,50.75635528564453
2018-03-08,50.90837311700014,51.0688362121582
2018-03-09,50.8070270545974,51.19551086425781
2018-03-12,51.33908430789488,51.246185302734375
2018-03-13,51.550219370829154,51.16173553466797
2018-03-14,51.541773201449544,51.38131332397461
2018-03-15,51.61777569760325,51.48265075683594
2018-03-16,51.20396500996025,51.254634857177734
2018-03-19,50.81547541322184,50.384765625
2018-03-20,50.64657059574189,50.671905517578125
2018-03-21,50.62122666728507,50.739463806152344
2018-03-22,50.75635767020163,50.27497482299805
2018-03-23,49.945616343615804,49.21931838989258
2018-03-26,49.72602710917555,49.92026901245117
2018-03-27,50.82392032948944,50.03850555419922
2018-03-28,50.64656876331921,50.604339599609375
2018-03-29,50.916818445625566,51.246185302734375
2018-04-02,50.731027210399674,50.21586227416992
2018-04-03,50.68879854216036,50.84925842285156
2018-04-04,50.12296191651268,50.899932861328125
2018-04-05,51.06883028854846,51.153282165527344
2018-04-06,50.73101875913064,50.35097885131836
2018-04-09,50.88303586728583,50.798583984375
2018-04-10,51.09416534227668,51.077274322509766
2018-04-11,50.90837050755441,50.950599670410156
2018-04-12,50.78169420267481,50.866146087646484
2018-04-13,50.95060119425107,50.866146087646484
2018-04-16,51.13639385611801,51.00971603393555
2018-04-17,51.060388347314344,51.20396041870117
2018-04-18,51.516434633001005,51.55021667480469
2018-04-19,51.339088896837076,51.355979919433594
2018-04-20,51.381315918487886,51.254634857177734
2018-04-23,51.21240767690467,51.18707275390625
2018-04-24,51.33908811238909,51.00127410888672
2018-04-25,51.16173553466797,51.16173553466797
2018-04-26,51.41509567960221,51.474212646484375
2018-04-27,51.482654858677115,51.33063888549805
2018-04-30,51.40663659198878,51.21239471435547
2018-05-01,51.136403041807924,51.17018508911133
2018-05-02,50.95060119425107,50.866146087646484
2018-05-03,50.815462974148495,50.91680908203125
2018-05-04,50.781692451149034,51.28841018676758
2018-05-07,51.28841720982472,51.3475341796875
2018-05-08,51.38131454753869,51.50799560546875
2018-05-09,50.916820238657394,51.0688362121582
2018-05-10,51.296857168648124,51.364418029785156
2018-05-11,51.761350105968454,51.75290298461914
2018-05-14,51.980922105081,52.0400390625
2018-05-15,51.60933851883292,51.50799560546875
2018-05-16,51.60089050989084,51.66000747680664
2018-05-17,51.63467071545284,51.65156173706055
2018-05-18,51.63467330540424,51.52488327026367
2018-05-21,51.507991649195745,51.58399963378906
2018-05-22,51.60088804161831,51.465763092041016
2018-05-23,51.15328675499757,51.26307678222656
2018-05-24,51.02660443163176,50.950599670410156
2018-05-25,50.823926081695426,50.781700134277344
2018-05-29,50.48610793249204,50.44388198852539
2018-05-30,50.553669013647635,50.798583984375
2018-05-31,50.66345683329323,50.45232391357422
2018-06-01,50.78169296346627,50.798583984375
2018-06-04,51.2377403091175,51.10261535644531
2018-06-05,51.03505095404549,51.00971603393555
2018-06-06,51.09416507275501,51.22929000854492
2018-06-07,51.4319790230461,51.22929000854492
2018-06-08,51.237741246963935,51.38131332397461
2018-06-11,51.54176712036133,51.54176712036133
2018-06-12,51.330646351805086,51.22085952758789
2018-06-13,51.38131070925798,51.26307678222656
2018-06-14,51.2799587874274,51.21239471435547
2018-06-15,50.975939790438616,50.94215774536133
2018-06-18,50.443887018551784,50.5705680847168
2018-06-19,49.97481487532089,50.03438949584961
2018-06-20,50.20459965577687,50.05140686035156
2018-06-21,49.90671527101858,49.86416244506836
2018-06-22,50.315239711990635,50.110984802246094
2018-06-25,49.77055209783285,49.43012619018555
2018-06-26,49.75353361826609,49.71949005126953
2018-06-27,49.67693323060102,49.387569427490234
2018-06-28,49.3194926695062,49.44715118408203
2018-06-29,49.32800282064237,49.28544998168945
2018-07-02,48.2386315150611,48.502464294433594
2018-07-03,48.65565378011678,48.44288635253906
2018-07-05,48.37479649900692,48.36628723144531
2018-07-06,48.510972089554414,48.68118667602539
2018-07-09,49.21735986840544,49.35353088378906
2018-07-10,49.10671948209254,49.16629409790039
2018-07-11,48.681184931664085,48.48543930053711
2018-07-12,48.510967973933504,48.5364990234375
2018-07-13,48.910975315610386,48.987571716308594
2018-07-16,49.089698563424506,49.00459289550781
2018-07-17,49.25140421555112,49.43864059448242
2018-07-18,49.327994094921706,49.362037658691406
2018-07-19,49.17480262123334,49.370548248291016
2018-07-20,49.29395347646524,49.52374267578125
2018-07-23,49.73650239893472,49.770545959472656
2018-07-24,50.11949566377222,49.974815368652344
2018-07-25,50.06843560959615,50.298221588134766
2018-07-26,50.510989925828525,50.42588424682617
2018-07-27,50.74076928751246,50.57906723022461
2018-07-30,50.50247247282245,50.19608688354492
2018-07-31,49.813106536865234,49.813106536865234
2018-08-01,50.19608737188976,50.136512756347656
2018-08-02,49.71948903435947,49.85566329956055
2018-08-03,49.55778508582595,49.84714889526367
2018-08-06,49.39608274063406,49.472679138183594
2018-08-07,49.93226613018853,49.889713287353516
2018-08-08,49.88119495546574,49.83864212036133
2018-08-09,49.76204147887904,49.65140151977539
2018-08-10,49.04714814972072,48.93650817871094
2018-08-13,48.72373690040897,48.64714050292969
2018-08-14,48.8428840637207,48.8428840637207
2018-08-15,48.3067135949084,48.24713897705078
2018-08-16,48.41734907908157,48.51096725463867
2018-08-17,48.56203555440426,48.672672271728516
2018-08-20,48.808845029123255,48.8684196472168
2018-08-21,48.81736003530081,48.85991287231445
2018-08-22,49.07268392150028,49.06417465209961
2018-08-23,48.783316467060544,48.85991287231445
2018-08-24,48.902466718754454,49.030128479003906
2018-08-27,49.549269309121314,49.770545959472656
2018-08-28,49.71949043127121,49.61736297607422
2018-08-29,49.728001471744726,49.796085357666016
2018-08-30,49.498216537856436,49.44715118408203
2018-08-31,49.54928207397461,49.54928207397461
2018-09-04,48.90246461123512,48.93650817871094
2018-09-05,48.434376367283384,48.417354583740234
2018-09-06,48.36629018241547,48.527992248535156
2018-09-07,48.298201111357926,48.2301139831543
2018-09-10,48.417355681738364,48.34075927734375
2018-09-11,48.24714070875636,48.44288635253906
2018-09-12,48.41734979698828,48.5364990234375
2018-09-13,49.14927488560555,48.91097640991211
2018-09-14,49.472681063405766,49.464168548583984
2018-09-17,49.728002608109854,49.48970413208008
2018-09-18,50.33225837329689,50.67268753051758
2018-09-19,50.83438813008142,50.851409912109375
2018-09-20,51.0131142112768,50.98758316040039
2018-09-21,50.94503183694672,51.09822463989258
2018-09-24,50.93652261164656,50.868438720703125
2018-09-25,51.387586266532445,51.25141525268555
2018-09-26,51.49822998046875,51.49822998046875
2018-09-27,51.20035845548166,51.362060546875
2018-09-28,51.191845766523414,51.25992965698242
2018-10-01,51.47269281438707,51.608863830566406
2018-10-02,51.31098792131476,51.48971176147461
2018-10-03,51.13226869834875,51.03865051269531
2018-10-04,50.66418001697197,50.34928512573242
2018-10-05,50.493969992491934,50.35779571533203
2018-10-08,50.23012881965501,50.57906723022461
2018-10-09,49.91524526849948,50.28971481323242
2018-10-10,50.12799826487259,49.05564880371094
2018-10-11,48.6982053651476,48.17053985595703
2018-10-12,48.255654097278544,48.281185150146484
2018-10-15,47.93223936611551,48.136497497558594
2018-10-16,48.63863717587995,49.030128479003906
2018-10-17,49.03012205569396,48.99607849121094
2018-10-18,48.66416229360127,48.110965728759766
2018-10-19,48.383311778314166,48.21310043334961
2018-10-22,48.23012087919975,47.915225982666016
2018-10-23,46.919469617350394,47.36202621459961
2018-10-24,46.94499893929995,45.84711837768555
2018-10-25,46.25563495689114,46.527976989746094
2018-10-26,45.736493862146254,45.9322395324707
2018-10-29,46.119462728231895,45.50669479370117
2018-10-30,45.80457397027037,46.22159957885742
2018-10-31,46.67266082763672,46.67266082763672
2018-11-01,46.374782435162125,46.562015533447266
2018-11-02,47.140742454194296,46.82584762573242
2018-11-05,46.689679397371194,46.655635833740234
2018-11-06,47.089688891475085,47.18330383300781
2018-11-07,47.35351447073544,47.67692184448242
2018-11-08,47.50670781895451,47.37053680419922
2018-11-09,46.87691762130491,46.89393615722656
2018-11-12,46.83435806877617,46.25563049316406
2018-11-13,46.02584790052191,46.08542251586914
2018-11-14,46.49393852463008,46.247127532958984
2018-11-15,46.14500071124148,46.51947021484375
2018-11-16,46.162025078638706,46.55351638793945
2018-11-19,46.70670172259503,46.34925079345703
2018-11-20,45.813078481377026,45.4981803894043
2018-11-21,46.145001889268954,46.19606399536133
2018-11-23,45.991812447128595,46.025856018066406
2018-11-26,46.57053646829493,46.647132873535156
2018-11-27,46.562019463239665,46.60457229614258
2018-11-28,46.82585112862448,47.217342376708984
2018-11-29,47.05564498901367,47.05564498901367
2018-11-30,47.06414674551399,47.09819030761719
2018-12-03,47.83011797318857,47.73649978637695
2018-12-04,47.038618056156395,45.97478103637695
2018-12-06,45.47265599983763,45.906700134277344
2018-12-07,45.97478965286207,45.56627655029297
2018-12-10,45.259887583637166,45.21733474731445
2018-12-11,45.37052876963513,45.183292388916016
2018-12-12,45.85563951514038,45.72797775268555
2018-12-13,45.74498965823246,45.591796875
2018-12-14,45.03860734196179,45.07265090942383
2018-12-17,45.07264235292275,44.71519470214844
2018-12-18,44.985372760281805,44.83956527709961
2018-12-19,44.66803083824712,44.17914962768555
2018-12-20,44.024773676925044,43.94758224487305
2018-12-21,42.926940495370694,42.592445373535156
2018-12-24,42.317986240931205,42.129295349121094
2018-12-26,42.583866636716266,42.926937103271484
2018-12-27,42.85832232374825,43.501583099365234
2018-12-28,43.750309617504165,43.553043365478516
2018-12-31,43.79318963796831,43.47584533691406
2019-01-02,43.0041286605161,43.77604293823242
2019-01-03,43.8103457095223,43.52730941772461
2019-01-04,44.101961356236885,45.00252914428711
2019-01-07,44.99395028395084,45.1140251159668
2019-01-08,45.474252924859734,45.32844543457031
2019-01-09,45.55144194067646,45.577171325683594
2019-01-10,45.41421146155465,45.851627349853516
2019-01-11,45.3713320395764,45.31986999511719
2019-01-14,45.07114367943569,45.15691375732422
2019-01-15,45.68009314829391,45.70582580566406
2019-01-16,45.83447231378351,45.92881774902344
2019-01-17,45.474251982042745,45.834476470947266
2019-01-18,46.37481960635461,46.44343566894531
2019-01-22,45.911667786232215,45.611480712890625
2019-01-23,45.76586255732852,45.482826232910156
2019-01-24,45.70582341997333,45.74870681762695
2019-01-25,46.2290078587905,46.246158599853516
2019-01-28,45.86021572043946,45.91167449951172
2019-01-29,46.16039331418693,45.954551696777344
2019-01-30,46.12608445406453,46.46915817260742
2019-01-31,46.48631123200562,46.55492401123047
2019-02-01,46.42627505071244,46.36623764038086
2019-02-04,46.314775326442465,46.46915817260742
2019-02-05,46.683589191941174,46.657859802246094
2019-02-06,46.409129034519864,46.27190017700195
2019-02-07,45.83447320743059,45.628631591796875
2019-02-08,45.028254840010234,45.225521087646484
2019-02-11,45.268402099609375,45.268402099609375
2019-02-12,46.0231642710063,46.06604766845703
2019-02-13,46.32335931506882,46.177555084228516
2019-02-14,46.13466269704469,46.14323806762695
2019-02-15,46.49489344460773,46.73504638671875
2019-02-19,46.66642929513444,46.81223678588867
2019-02-20,46.95803485630795,46.86368942260742
2019-02-21,46.84654086444541,46.795082092285156
2019-02-22,46.923728193646,46.89799880981445
2019-02-25,47.301108222975586,47.16387939453125
2019-02-26,47.18102816779859,47.32683563232422
2019-02-27,47.14672579192638,47.07810974121094
2019-02-28,46.752192981128424,46.62354278564453
2019-03-01,46.7521940621047,46.760772705078125
2019-03-04,46.80365057840942,46.614959716796875
2019-03-05,46.666435174879716,46.657859802246094
2019-03-06,46.54635821036023,46.383399963378906
2019-03-07,46.16897484580769,45.834476470947266
2019-03-08,45.41420423135063,45.75727462768555
2019-03-11,45.90308876527938,46.254737854003906
2019-03-12,46.40912103750435,46.36623764038086
2019-03-13,46.33193211747765,46.54635238647461
2019-03-14,46.02316359112187,46.048892974853516
2019-03-15,46.434854285177245,46.58066177368164
2019-03-18,46.67500440935373,46.709312438964844
2019-03-19,46.84654196615781,46.72646713256836
2019-03-20,46.61496841479001,46.752197265625
2019-03-21,46.62354674038416,47.06096267700195
2019-03-22,46.932305748244005,46.55492401123047
2019-03-25,46.30620408310204,46.58066177368164
2019-03-26,47.29253067578343,47.09526443481445
2019-03-27,47.17245401031195,46.93230438232422
2019-03-28,46.87227153225662,46.958038330078125
2019-03-29,46.98376314729685,46.93230438232422
2019-04-01,47.36115445969615,47.524112701416016
2019-04-02,47.20677124013268,47.19819259643555
2019-04-03,47.59271969043463,47.48122024536133
2019-04-04,47.343994474728596,47.45549392700195
2019-04-05,47.429765896773844,47.489803314208984
2019-04-08,47.37830352783203,47.37830352783203
2019-04-09,47.24107648468759,47.12099838256836
2019-04-10,47.155303206258296,47.129573822021484
2019-04-11,47.00950493711237,46.98377227783203
2019-04-12,47.22391891479492,47.22391891479492
2019-04-15,47.3011173692724,47.21534729003906
2019-04-16,47.558412689835436,47.404029846191406
2019-04-17,47.566988060351925,47.404029846191406
2019-04-18,47.515527657697,47.47264099121094
2019-04-22,47.172455852921324,47.301109313964844
2019-04-23,47.30111845583026,47.56699752807617
2019-04-24,47.07811772767409,46.98377227783203
2019-04-25,47.18103115863101,47.08668899536133
2019-04-26,47.37830460445203,47.515533447265625
2019-04-29,47.58414118766124,47.70421600341797
2019-04-30,47.70422502659326,47.53268814086914
2019-05-01,47.57556533519092,47.369720458984375
2019-05-02,47.36114576961466,47.38687515258789
2019-05-03,47.60987719495632,47.99583435058594
2019-05-06,47.026654885342694,47.506954193115234
2019-05-07,47.0781095346658,46.64069366455078
2019-05-08,46.26331295072752,46.35765838623047
2019-05-09,45.73155251963608,46.057472229003906
2019-05-10,45.96313035844275,46.37481689453125
2019-05-13,45.62005714335537,45.32844543457031
2019-05-14,45.8773565332349,45.9631233215332
2019-05-15,45.62005178866265,46.03173828125
2019-05-16,46.15181949731192,46.22043228149414
2019-05-17,46.151817053367004,46.048892974853516
2019-05-20,45.80874245422137,45.800167083740234
2019-05-21,46.01459093647268,46.11751174926758
2019-05-22,45.74869911814939,45.7401237487793
2019-05-23,45.46567700067586,45.397064208984375
2019-05-24,46.06604902797357,46.10035705566406
2019-05-28,46.160399654519225,45.71440505981445
2019-05-29,45.61148038371889,45.49998092651367
2019-05-30,45.61148036282545,45.70582580566406
2019-05-31,45.105438585884635,45.21693801879883
2019-06-03,45.431367462502195,45.482826232910156
2019-06-04,45.5514458208414,46.00601577758789
2019-06-05,46.220429150608396,46.03173828125
2019-06-06,46.07462699116122,46.08320236206055
2019-06-07,46.39196538948863,46.64069366455078
2019-06-10,46.846539154942064,46.85511779785156
2019-06-11,47.13814878806426,47.009498596191406
2019-06-12,46.74361652298795,46.48631286621094
2019-06-13,46.554927426394606,46.434852600097656
2019-06-14,46.34050294235176,46.31477355957031
2019-06-17,46.43334625371136,46.450653076171875
2019-06-18,46.39873336555836,46.72761917114258
2019-06-19,46.94398584821867,47.14304733276367
2019-06-20,47.670993733412416,47.60175323486328
2019-06-21,47.160358623515734,47.13439178466797
2019-06-24,47.117081659292396,47.13439178466797
2019-06-25,47.229596649304646,46.92667770385742
2019-06-26,47.02188550479646,46.85744094848633
2019-06-27,47.04784393310547,47.04784393310547
2019-06-28,47.33345146599759,47.238250732421875
2019-07-01,48.103738152346885,47.913330078125
2019-07-02,48.01718547691514,48.06045913696289
2019-07-03,48.12970307638529,48.19894027709961
2019-07-05,47.913332280669266,47.99122619628906
2019-07-08,47.71427536010742,47.71427536010742
2019-07-09,47.26422048129622,47.290184020996094
2019-07-10,47.627721297248655,47.5757942199707
2019-07-11,47.714272450948606,47.6623420715332
2019-07-12,47.61041266042918,47.67965316772461
2019-07-15,47.783512568647005,47.71427536010742
2019-07-16,47.394033908548806,47.35941696166992
2019-07-17,47.37673012534306,47.31614303588867
2019-07-18,46.73627380530646,47.19498062133789
2019-07-19,47.46327745044562,47.31614303588867
2019-07-22,47.376734008062385,47.3853874206543
2019-07-23,47.75755142057189,47.766204833984375
2019-07-24,47.73158529260299,47.826786041259766
2019-07-25,47.62771868876802,47.31614303588867
2019-07-26,47.36807638884257,47.43731689453125
2019-07-29,47.40269922752092,47.37673568725586
2019-07-30,47.17766038754398,47.07380294799805
2019-07-31,47.23824551706779,47.039180755615234
2019-08-01,47.23825103324001,47.03053283691406
2019-08-02,46.94398438181453,46.7881965637207
2019-08-05,46.208315119416916,45.628440856933594
2019-08-06,46.09581026116688,46.20832443237305
2019-08-07,46.139082940666036,46.52854919433594
2019-08-08,46.398734136819435,46.85744094848633
2019-08-09,46.61509706779286,46.364105224609375
2019-08-12,46.21697977132707,45.92271423339844
2019-08-13,46.04387838042714,46.44200134277344
2019-08-14,45.68037437206857,45.316871643066406
2019-08-15,45.8361658626954,45.74961853027344
2019-08-16,45.95732972260182,46.22563171386719
2019-08-19,46.31217689868911,46.216976165771484
2019-08-20,46.28621782797103,46.12177658081055
2019-08-21,46.34680220680888,46.277565002441406
2019-08-22,46.29487506467357,46.20832443237305
2019-08-23,46.078499249646605,45.689029693603516
2019-08-26,46.467975819693926,46.355464935302734
2019-08-27,46.407385934310696,46.20832443237305
2019-08-28,46.14773967172438,46.19101333618164
2019-08-29,46.597791374795314,46.5198974609375
2019-08-30,46.779540679629854,46.66702651977539
2019-09-03,46.623760283575876,46.69300079345703
2019-09-04,46.86609701559587,46.95264434814453
2019-09-05,47.22960022731695,47.290184020996094
2019-09-06,47.37673026257992,47.45462417602539
2019-09-09,47.8008250907731,47.766204833984375
2019-09-10,47.7835031480991,47.90467071533203
2019-09-11,48.32876205444336,48.32876205444336
2019-09-12,48.63168050660235,48.648990631103516
2019-09-13,49.081737139995795,49.22021484375
2019-09-16,49.06442109957129,48.96056365966797
2019-09-17,48.85671371136222,49.1423225402832
2019-09-18,48.908639300516484,49.0384635925293
2019-09-19,49.37600307017666,49.40196990966797
2019-09-20,49.376006562090254,49.289459228515625
2019-09-23,49.064431782730914,49.23752975463867
2019-09-24,49.61834601421058,49.30677032470703
2019-09-25,49.280796719380604,49.50582504272461
2019-09-26,49.71354429297943,49.592376708984375
2019-09-27,49.09039337529023,48.88267517089844
2019-09-30,48.744201911865396,49.10770797729492
2019-10-01,49.142315444511176,48.891326904296875
2019-10-02,48.59707144650927,48.28549575805664
2019-10-03,48.25087659117507,48.52783203125
2019-10-04,48.64033593130518,49.090389251708984
2019-10-07,48.85671013470587,48.77881622314453
2019-10-08,48.70092423037373,48.49320602416992
2019-10-09,48.874023698606464,48.91729736328125
2019-10-10,48.66630805948509,48.85671615600586
2019-10-11,49.246179508035596,49.46255111694336
2019-10-14,49.21156123684342,49.24618148803711
2019-10-15,49.65296005811043,49.98184585571289
2019-10-16,49.774126152935516,49.877986907958984
2019-10-17,49.791438796612134,49.748165130615234
2019-10-18,49.56641820588447,49.6529655456543
2019-10-21,50.016465399141865,50.007808685302734
2019-10-22,50.15494433995045,50.06839370727539
2019-10-23,50.154944019381624,50.2761116027832
2019-10-24,50.28476049280821,50.30207061767578
2019-10-25,50.10301364010851,50.2761116027832
2019-10-28,50.25880322192906,50.42324447631836
2019-10-29,50.535756648755545,50.63961410522461
2019-10-30,50.63960991826791,50.7780876159668
2019-10-31,50.700192034878015,50.786739349365234
2019-11-01,51.280073394622974,51.288726806640625
2019-11-04,51.58299165146732,51.63492202758789
2019-11-05,51.712816009570076,51.70416259765625
2019-11-06,51.60895822709188,51.59164810180664
2019-11-07,51.998430153400534,51.894569396972656
2019-11-08,51.652231142104206,51.86860275268555
2019-11-11,51.522409354265164,51.7387809753418
2019-11-12,51.85129165649414,51.85129165649414
2019-11-13,51.39258501247453,51.66954040527344
2019-11-14,51.24545373388316,51.444515228271484
2019-11-15,51.565688959502666,51.747440338134766
2019-11-18,51.65222894171134,51.790706634521484
2019-11-19,51.71281762230213,51.62627029418945
2019-11-20,51.50509500520277,51.47047805786133
2019-11-21,51.505101219891834,51.52241134643555
2019-11-22,51.539719598207036,51.557029724121094
2019-11-25,51.78205569239909,51.9118766784668
2019-11-26,51.764752660851386,51.82533645629883
2019-11-27,51.868603986379945,51.9291877746582
2019-11-29,51.40123561787652,51.435855865478516
2019-12-02,51.53971562423682,51.332000732421875
2019-12-03,51.141597310032544,51.53106689453125
2019-12-04,51.96381171618464,52.11094284057617
2019-12-05,52.02439252327722,51.90322494506836
2019-12-06,52.37058388386746,52.50040817260742
2019-12-09,52.37924037593595,52.20614242553711
2019-12-10,52.19748590541597,52.18017578125
2019-12-11,52.0936363880352,52.29269790649414
2019-12-12,52.05035641833351,52.422515869140625
2019-12-13,52.28404158149198,52.560997009277344
2019-12-16,52.610039360271195,52.80271911621094
2019-12-17,52.653828557074824,52.68886184692383
2019-12-18,52.40860116085638,52.47866439819336
2019-12-19,52.35605417581519,52.42612075805664
2019-12-20,52.40860703960511,52.391090393066406
2019-12-23,52.2684782426496,52.3473014831543
2019-12-24,52.1721373275044,52.13710403442383
2019-12-26,52.20716987957132,52.2772331237793
2019-12-27,52.32103041382845,52.18090057373047
2019-12-30,52.145858579965534,51.71670913696289
2019-12-31,51.690437917186564,51.88311767578125
2020-01-02,52.37357082137555,52.42612075805664
2020-01-03,51.78677690867527,51.84808349609375
2020-01-06,51.78677895071499,52.032005310058594
2020-01-07,52.28599724169484,52.119590759277344
2020-01-08,52.02324514802728,52.12834167480469
2020-01-09,52.42612967892397,52.496192932128906
2020-01-10,52.35605137298213,52.12834167480469
2020-01-13,52.137101117748436,52.42612075805664
2020-01-14,52.29475563758956,52.44364547729492
2020-01-15,52.17213425470422,52.25095748901367
2020-01-16,52.20716462410556,52.285987854003906
2020-01-17,52.28598874403838,52.321022033691406
2020-01-21,52.25971692405923,52.04076385498047
2020-01-22,52.38233300152926,52.2772331237793
2020-01-23,52.28598490447817,52.338531494140625
2020-01-24,52.478670289562636,52.13710403442383
2020-01-27,51.32259486596339,51.199981689453125
2020-01-28,51.39265635019568,51.655399322509766
2020-01-29,51.67291816744516,51.48899841308594
2020-01-30,51.00731197130993,51.418941497802734
2020-01-31,50.85841515966292,50.578155517578125
2020-02-03,50.94599577515313,50.9635124206543
2020-02-04,51.71670576854012,51.734222412109375
2020-02-05,52.18089672879696,52.19841003417969
2020-02-06,52.54873172590056,52.59252166748047
2020-02-07,52.277233006448334,52.084556579589844
2020-02-10,51.87436075547508,52.023250579833984
2020-02-11,52.42611766927227,52.285987854003906
2020-02-12,52.08455524747161,52.032005310058594
2020-02-13,51.62912998247895,51.57658004760742
2020-02-14,51.35762625779145,51.19122314453125
2020-02-18,50.516847766576404,50.42926788330078
2020-02-19,50.56939929802017,50.3416862487793
2020-02-20,50.035155806431334,50.01763916015625
2020-02-21,49.68482032212609,49.59724044799805
2020-02-24,47.84562287192913,47.92444610595703
2020-02-25,48.52875548602231,47.84562301635742
2020-02-26,48.230974932605825,48.082088470458984
2020-02-27,47.057387979079785,46.43556213378906
2020-02-28,45.61229857438978,46.38301086425781
2020-03-02,46.33922085227489,46.96980667114258
2020-03-03,46.899747434961874,46.365501403808594
2020-03-04,46.89974506449921,47.372684478759766
2020-03-05,46.53190950009941,46.5143928527832
2020-03-06,45.84001260900417,46.06772232055664
2020-03-09,43.387740466766374,43.72054672241211
2020-03-10,45.11309641588175,45.025516510009766
2020-03-11,44.14969323212134,43.501590728759766
2020-03-12,40.2698439943452,39.236385345458984
2020-03-13,40.99677365725092,40.523834228515625
2020-03-16,37.423458240777386,37.85260772705078
2020-03-17,38.8685450024993,39.70932388305664
2020-03-18,38.37808950807136,38.86854553222656
2020-03-19,39.560435083385606,39.41154861450195
2020-03-20,40.45376813669577,39.50789260864258
2020-03-23,39.674296048263095,39.09626007080078
2020-03-24,42.00395189240971,41.811275482177734
2020-03-25,41.82879067948176,42.59950637817383
2020-03-26,42.93231670642945,44.00080871582031
2020-03-27,43.81688808026132,43.94826126098633
2020-03-30,44.00956637280204,44.482505798339844
2020-03-31,42.739637365769354,43.25636672973633
2020-04-01,41.26827491709284,41.198211669921875
2020-04-02,41.01428808390517,41.72369384765625
2020-04-03,41.04932599694961,40.786582946777344
2020-04-06,42.415588347105654,43.19506072998047
2020-04-07,45.27073544784191,43.65924072265625
2020-04-08,43.48407494830485,43.55413818359375
2020-04-09,43.9482614021529,44.1234245300293
2020-04-13,43.913225603020265,43.93949890136719
2020-04-14,44.71897740191642,44.7452507019043
2020-04-15,44.23727405488752,44.298583984375
2020-04-16,43.84315858231656,43.92198181152344
2020-04-17,44.54380709201946,44.50877380371094
2020-04-20,44.08838461394988,43.82564163208008
2020-04-21,43.773095797331635,43.41401290893555
2020-04-22,44.079629741405476,44.16720962524414
2020-04-23,44.4649853173754,44.228515625
2020-04-24,44.47374754526379,44.57008743286133
2020-04-27,45.10432420593627,45.18314743041992
2020-04-28,46.199090627629936,45.84000778198242
2020-04-29,46.70706951451312,46.64575958251953
2020-04-30,45.524718636230595,45.33203887939453
2020-05-01,44.710216377961665,44.53505325317383
2020-05-04,43.957010597033786,44.31609344482422
2020-05-05,44.850347242814614,44.7452507019043
2020-05-06,45.09557520311535,44.403682708740234
2020-05-07,45.086814436522964,45.069297790527344
2020-05-08,45.7086346239092,45.84000778198242
2020-05-11,46.120273295832966,46.27791976928711
2020-05-12,46.199100565365185,45.673614501953125
2020-05-13,46.181586846523196,45.89257049560547
2020-05-14,44.77151698226562,45.20942306518555
2020-05-15,45.2094229264631,45.288246154785156
2020-05-18,45.910079927216636,46.418052673339844
2020-05-19,46.05896937376422,45.87504959106445
2020-05-20,46.672032546827715,46.566932678222656
2020-05-21,46.347981969063625,46.06772232055664
2020-05-22,46.041452241587564,46.129032135009766
2020-05-26,47.609151683844736,47.69673156738281
2020-05-27,48.362349127314396,48.30979919433594
2020-05-28,49.15058844958359,48.94039535522461
2020-05-29,48.52000997779866,48.52876663208008
2020-06-01,48.71267220906292,49.264434814453125
2020-06-02,49.465877976003505,49.483394622802734
2020-06-03,49.53594249355446,49.82495880126953
2020-06-04,49.535937791286656,49.264434814453125
2020-06-05,50.01763637831978,49.973846435546875
2020-06-08,50.15776345854433,50.70952606201172
2020-06-09,50.14025201771662,50.44678497314453
2020-06-10,50.42926933153307,50.420509338378906
2020-06-11,49.26444044444992,48.301048278808594
2020-06-12,49.35202204661019,49.1681022644043
2020-06-15,47.854542606337034,48.63137435913086
2020-06-16,49.72600564943483,49.567108154296875
2020-06-17,49.93786782419116,49.78779983520508
2020-06-18,49.54945973287956,49.699527740478516
2020-06-19,50.04380089444719,49.461177825927734
2020-06-22,49.52296569358079,49.79662322998047
2020-06-23,50.282141915842,49.929039001464844
2020-06-24,49.372893447199544,48.88737487792969
2020-06-25,48.99330469869782,49.443511962890625
2020-06-26,49.33758595380686,48.966827392578125
2020-06-29,48.82559042247202,48.97565841674805
2020-06-30,48.5342749381496,48.48130798339844
2020-07-01,48.25178916706959,48.38420486450195
2020-07-02,48.799104066449445,48.70199966430664
2020-07-06,49.31111021632313,49.328765869140625
2020-07-07,49.06392800333803,48.88737487792969
2020-07-08,48.64020160538326,48.85206604003906
2020-07-09,48.84324002561504,48.61371994018555
2020-07-10,48.88738470471268,49.24931716918945
2020-07-13,49.40821223819905,48.99331283569336
2020-07-14,49.04627803834413,49.3817253112793
2020-07-15,50.202693125533465,50.008487701416016
2020-07-16,49.55828358083814,49.496490478515625
2020-07-17,49.54062406020715,49.57593536376953
2020-07-20,49.505313663708996,49.611244201660156
2020-07-21,49.63772201538086,49.63772201538086
2020-07-22,49.417031810503886,49.50531005859375
2020-07-23,49.48765679447011,49.33758544921875
2020-07-24,49.24048138218174,49.28462219238281
2020-07-27,50.21152463310716,50.264488220214844
2020-07-28,49.990839566233255,49.955528259277344
2020-07-29,49.717181821359596,49.98200988769531
2020-07-30,48.84324469591188,49.231658935546875
2020-07-31,48.29592700226206,47.960479736328125
2020-08-03,48.45482334555876,48.94034194946289
2020-08-04,49.0815824232784,49.48765563964844
2020-08-05,49.72600050425399,49.45234298706055
2020-08-06,49.30228171663445,49.41704177856445
2020-08-07,49.2581430375958,49.434696197509766
2020-08-10,49.50531484628089,49.673038482666016
2020-08-11,50.758840492060315,50.0791130065918
2020-08-12,51.103112616991105,51.138423919677734
2020-08-13,51.111948575208274,51.076637268066406
2020-08-14,50.92656058284033,51.06780242919922
2020-08-17,51.09428380771704,51.2796630859375
2020-08-18,51.412085086447355,51.45622253417969
2020-08-19,51.53567393135472,51.18256759643555
2020-08-20,50.811805455788736,50.99718475341797
2020-08-21,50.69704427303269,50.85594177246094
2020-08-24,51.40325041607975,51.42090606689453
2020-08-25,51.49153361118511,51.35028839111328
2020-08-26,51.36794942096429,51.491539001464844
2020-08-27,51.39442726831563,51.01483917236328
2020-08-28,51.22669720138327,51.288490295410156
2020-08-31,51.23553208696815,51.21787643432617
2020-09-01,51.200221905489144,51.3591194152832
2020-09-02,51.6592593491432,51.87112045288086
2020-09-03,51.588636447831895,50.961875915527344
2020-09-04,51.20021680360696,51.244354248046875
2020-09-08,50.626412721604716,50.820621490478516
2020-09-09,50.97952910114785,50.99718475341797
2020-09-10,51.394424500941035,51.02366256713867
2020-09-11,51.67690765354522,51.685733795166016
2020-09-14,52.162433848108954,52.05650329589844
2020-09-15,52.33015351745468,52.29484558105469
2020-09-16,52.42725384298916,52.480220794677734
2020-09-17,52.23304623505552,52.542015075683594
2020-09-18,52.54201245418865,52.31249237060547
2020-09-21,51.42091117616759,51.53567123413086
2020-09-22,51.438559131900206,51.69456100463867
2020-09-23,52.2595332390264,51.99470520019531
2020-09-24,51.60628484300512,51.791664123535156
2020-09-25,51.465050531157395,51.87112045288086
2020-09-28,52.44491460124958,52.59498596191406
2020-09-29,52.665602335005296,52.55084228515625
2020-09-30,51.977047942261486,52.144771575927734
2020-10-01,52.03001303923295,52.153602600097656
2020-10-02,51.509184471785396,51.89760208129883
2020-10-05,52.13594411476121,52.32132339477539
2020-10-06,52.42725644873157,52.206565856933594
2020-10-07,52.42725384298916,52.480220794677734
2020-10-08,52.630295187169224,52.49788284301758
2020-10-09,52.43608441885526,52.48904800415039
2020-10-12,52.52436044474943,52.63029098510742
2020-10-13,52.46257019042969,52.46257019042969
2020-10-14,52.57732637760756,52.542015075683594
2020-10-15,51.88877487707073,52.10063934326172
2020-10-16,51.932912103383764,51.99470520019531
2020-10-19,52.294849563975745,52.05650329589844
2020-10-20,51.94173288042132,52.0653190612793
2020-10-21,52.44491560470777,52.471397399902344
2020-10-22,52.29484160262223,52.32132339477539
2020-10-23,52.383120141538285,52.347808837890625
2020-10-26,51.94173941192771,51.844635009765625
2020-10-27,52.09181095519673,52.0300178527832
2020-10-28,51.703394874192114,51.32380676269531
2020-10-29,51.826979740498125,51.712223052978516
2020-10-30,51.279663162796794,51.412078857421875
2020-11-02,51.98587664195073,51.950565338134766
2020-11-03,52.71857157359605,53.04519271850586
2020-11-04,52.68325546322645,52.956912994384766
2020-11-05,54.13981865117187,54.263404846191406
2020-11-06,54.386993461081076,54.30754470825195
2020-11-09,56.823415768369415,55.90534210205078
2020-11-10,55.53458393965055,55.6934814453125
2020-11-11,55.99361554753942,56.028926849365234
2020-11-12,55.322720128834305,55.16382598876953
2020-11-13,55.287406393262415,55.94947814941406
2020-11-16,56.6821720512442,56.74396514892578
2020-11-17,56.39968727502498,56.52327346801758
2020-11-18,56.40851962016862,56.1436882019043
2020-11-19,56.2231364157026,56.51444625854492
2020-11-20,56.83224085553717,57.1500358581543
2020-11-23,57.573766130864705,57.18534851074219
2020-11-24,57.918041294448855,58.05045700073242
2020-11-25,57.37955717260649,57.63555908203125
2020-11-27,58.36824671125956,58.46535110473633
2020-11-30,57.65320415981033,56.841064453125
2020-12-01,57.882723326958,58.006309509277344
2020-12-02,57.78562401190265,57.909210205078125
2020-12-03,58.121072873800074,58.05045700073242
2020-12-04,58.12990542448621,58.315284729003906
2020-12-07,57.55610403362797,57.45899963378906
2020-12-08,57.379550520591586,57.59141159057617
2020-12-09,58.15638743866043,57.99748992919922
2020-12-10,57.7150087256285,58.09459686279297
2020-12-11,58.06811360812084,58.21818161010742
2020-12-14,58.765859429468165,58.411373138427734
2020-12-15,58.55317100681508,58.82789993286133
2020-12-16,58.703820452854075,58.819034576416016
2020-12-17,59.20897644433724,59.164669036865234
2020-12-18,59.244442931078844,58.996299743652344
2020-12-21,57.83533179412627,58.35820388793945
2020-12-22,58.22526549207611,58.33161544799805
2020-12-23,58.42023994935972,58.5443115234375
2020-12-24,58.34933705995503,58.33161544799805
2020-12-28,58.89880253716716,58.92538833618164
2020-12-29,59.86480453749374,59.66096878051758
2020-12-30,59.89138533099191,59.68754959106445
2020-12-31,59.935685377974195,59.87364959716797
2021-01-04,59.92682676386954,59.164669036865234
2021-01-05,59.37736568704014,59.71413040161133
2021-01-06,59.652092840891235,60.42311477661133
2021-01-07,60.14837678103608,60.299034118652344
2021-01-08,61.27389027847938,61.40682601928711
2021-01-11,60.62695487384003,60.83078384399414
2021-01-12,60.76875473509047,61.14983367919922
2021-01-13,61.21186094743383,61.32706832885742
2021-01-14,61.7790453937182,61.965152740478516
2021-01-15,61.00803082657138,60.90168762207031
2021-01-19,61.176404216831216,61.256168365478516
2021-01-20,61.158684372994664,61.566349029541016
2021-01-21,61.380246687616534,61.32706832885742
2021-01-22,61.043486588175135,61.36252975463867
2021-01-25,61.08778062435378,61.6017951965332
2021-01-26,61.45113139217105,61.610652923583984
2021-01-27,60.857359916096726,60.263587951660156
2021-01-28,60.13951933169479,60.653533935546875
2021-01-29,59.76730316302916,59.36849594116211
2021-02-01,59.873658374408244,59.98887252807617
2021-02-02,60.18383699981835,60.467430114746094
2021-02-03,60.75103289797393,60.82192611694336
2021-02-04,60.54718954179853,60.892818450927734
2021-02-05,61.36251948013169,61.37138366699219
2021-02-08,62.50574493206471,62.47029495239258
2021-02-09,62.674132134512334,62.80706787109375
2021-02-10,62.948879004130006,62.691871643066406
2021-02-11,62.94000360615782,63.01976776123047
2021-02-12,62.993181072270616,63.40970993041992
2021-02-16,63.84396216369594,63.68444061279297
2021-02-17,63.46287420288349,63.59580993652344
2021-02-18,62.61210279578371,62.83366012573242
2021-02-19,63.081801494238896,63.223594665527344
2021-02-22,62.89569766207029,63.072940826416016
2021-02-23,62.824798572119064,62.931148529052734
2021-02-24,61.92086482330978,62.408287048339844
2021-02-25,62.35509105357564,61.3359260559082
2021-02-26,60.88395488330142,60.45856857299805
2021-03-01,60.999159048775525,61.45999526977539
2021-03-02,60.97257114746039,60.857357025146484
2021-03-03,60.777607849419894,60.494014739990234
2021-03-04,60.27245417872453,59.91796112060547
2021-03-05,60.299045552122266,60.4053955078125
2021-03-08,59.85592121799341,59.731849670410156
2021-03-09,60.157250880833196,60.387672424316406
2021-03-10,60.520603473867574,60.60036087036133
2021-03-11,60.39651986920217,60.299034118652344
2021-03-12,60.724439105334476,61.09666061401367
2021-03-15,61.140967395496006,61.424560546875
2021-03-16,61.70814484414988,61.628387451171875
2021-03-17,61.522033128891856,62.027183532714844
2021-03-18,62.23102951615667,62.195579528808594
2021-03-19,62.60324594389014,62.647560119628906
2021-03-22,62.03605415805254,62.23102569580078
2021-03-23,61.54862684459468,61.30048370361328
2021-03-24,60.55605315421177,60.626953125
2021-03-25,60.71557815339107,61.318214416503906
2021-03-26,61.504319071560936,62.133541107177734
2021-03-29,61.69041824449985,61.76131820678711
2021-03-30,61.18527368022354,61.30934524536133
2021-03-31,60.556051111029326,60.724430084228516
2021-04-01,60.86623437303304,61.27389907836914
2021-04-05,61.592944156824935,62.01833724975586
2021-04-06,61.03461486317369,61.078922271728516
2021-04-07,60.99029688517765,61.256168365478516
2021-04-08,61.34480021670989,61.318214416503906
2021-04-09,61.424544437096095,61.743587493896484
2021-04-12,61.45115135390196,61.36252975463867
2021-04-13,61.43342117245677,61.752464294433594
2021-04-14,61.522042474615496,61.63725662231445
2021-04-15,61.92084533374759,61.92970275878906
2021-04-16,61.974024550382566,62.0006103515625
2021-04-19,61.82335485183474,61.40682601928711
2021-04-20,60.30790180916386,60.07748031616211
2021-04-21,59.909106528605385,60.59150695800781
2021-04-22,61.08779620971068,60.697853088378906
2021-04-23,60.910537168999106,61.23843765258789
2021-04-26,61.087786461982354,61.00802230834961
2021-04-27,60.25472376612443,60.263587951660156
2021-04-28,60.21927993823434,60.245872497558594
2021-04-29,60.378791499251996,60.299034118652344
2021-04-30,59.988869921067895,59.74958419799805
2021-05-03,60.18383963253572,60.45856857299805
2021-05-04,59.96228264938848,59.6964111328125
2021-05-05,60.14838468848967,60.414249420166016
2021-05-06,60.41425873012715,60.90168762207031
2021-05-07,60.857358816566965,61.20298767089844
2021-05-10,61.6195226904058,61.078922271728516
2021-05-11,59.66095907607621,60.04203796386719
2021-05-12,58.94311797029385,57.98598861694336
2021-05-13,57.94167875852155,58.46455764770508
2021-05-14,59.10262975504661,59.38622283935547
2021-05-17,58.86334492952559,58.889930725097656
2021-05-18,59.89137619833574,59.634368896484375
2021-05-19,59.16468221413782,59.33306121826172
2021-05-20,59.62550647394307,59.87364959716797
2021-05-21,60.21041753043442,60.20155334472656
2021-05-24,60.361080161125734,60.467430114746094
2021-05-25,60.52946590878419,60.32563018798828
2021-05-26,60.440840199255874,60.45856857299805
2021-05-27,60.51173283814061,60.50286865234375
2021-05-28,60.883938688612105,60.77759552001953
2021-06-01,60.7598806604996,60.39653015136719
2021-06-02,60.937135259623474,60.954856872558594
2021-06-03,60.9459912099025,60.97258377075195
2021-06-04,61.50432086187377,61.63725662231445
2021-06-07,61.83222695977171,61.87654113769531
2021-06-08,61.77018297807414,61.575218200683594
2021-06-09,61.397968015091834,61.140960693359375
2021-06-10,61.43111304810779,61.40433120727539
2021-06-11,61.41325723479765,61.49360275268555
2021-06-14,61.395405260411714,61.47575759887695
2021-06-15,61.70787724838694,61.77037048339844
2021-06-16,61.83285895297553,61.67216110229492
2021-06-17,61.3953958356924,61.44003677368164
2021-06-18,60.172314748961696,60.03839874267578
2021-06-21,60.100891684162995,60.67226028442383
2021-06-22,60.7079638476144,60.743675231933594
2021-06-23,60.31514940547102,60.27943801879883
2021-06-24,60.64547358558765,60.80617141723633
2021-06-25,61.08293151855469,61.08293151855469
2021-06-28,60.94010003119727,60.83296585083008
2021-06-29,61.02936227597479,60.877593994140625
2021-06-30,60.23480901691495,60.29730224609375
2021-07-01,60.01160788849623,60.25265121459961
2021-07-02,60.51156079805643,60.62762451171875
2021-07-06,60.67226706346435,60.404441833496094
2021-07-07,60.422295271787334,60.43122482299805
2021-07-08,59.395611751281436,59.49381637573242
2021-07-09,60.69903567032151,61.091854095458984
2021-07-12,60.993665282138444,61.27042007446289
2021-07-13,61.27041136590766,61.07400894165039
2021-07-14,61.422189159159636,61.37754821777344
2021-07-15,60.574054024162756,60.62762451171875
2021-07-16,60.440134949635464,60.01161193847656
2021-07-19,59.52952711068099,59.15456771850586
2021-07-20,59.395606780047956,59.85984802246094
2021-07-21,59.77950044416057,60.28837585449219
2021-07-22,60.404426298257285,60.25265121459961
2021-07-23,60.5115589926068,60.59191131591797
2021-07-26,60.10981080224757,60.37763595581055
2021-07-27,60.09195544232476,60.04732131958008
2021-07-28,60.208030780012834,60.36872863769531
2021-07-29,60.62762902425811,60.574058532714844
2021-07-30,59.94912157460902,59.91341018676758
2021-08-02,60.80618336898979,60.493717193603516
2021-08-03,60.699040015399035,60.94009017944336
2021-08-04,60.55620137905448,60.31515121459961
2021-08-05,60.65440799558798,60.67226028442383
2021-08-06,60.565131648376244,60.547279357910156
2021-08-09,60.42228728086736,60.51156234741211
2021-08-10,60.35087010652513,60.547279357910156
2021-08-11,61.252554498472975,61.29719543457031
2021-08-12,60.940085817110514,61.091854095458984
2021-08-13,61.1632857413035,61.27934265136719
2021-08-16,60.66332817109016,60.859737396240234
2021-08-17,60.12768093993529,60.35087203979492
2021-08-18,60.26158981606863,60.03839874267578
2021-08-19,59.29740598159095,59.46703338623047
2021-08-20,59.13670678184369,59.51167297363281
2021-08-23,60.14553394826683,60.29730224609375
2021-08-24,60.68119753708212,60.83296585083008
2021-08-25,60.56512476947058,60.71689987182617
2021-08-26,60.5115692009827,60.404441833496094
2021-08-27,60.279452600430204,60.824039459228516
2021-08-30,60.81509800057199,60.743675231933594
2021-08-31,61.24363652036962,61.065086364746094
2021-09-01,61.93997801182715,62.0560417175293
2021-09-02,62.332810103395104,62.341739654541016
2021-09-03,63.42197996799167,64.10940551757812
2021-09-07,64.270108623391,64.77898406982422
2021-09-08,64.92182814024363,64.50222778320312
2021-09-09,64.89504299356445,65.07359313964844
2021-09-10,65.69850639261418,65.00215148925781
2021-09-13,65.8235272563798,65.89494323730469
2021-09-14,65.93957090189649,65.52890014648438
2021-09-15,65.72530974772552,66.17169189453125
2021-09-16,65.68960190186843,66.0199203491211
2021-09-17,65.58246879157036,65.5556869506836
2021-09-20,64.5022331817821,64.60936737060547
2021-09-21,65.44855397465786,65.18965148925781
2021-09-22,64.62720899949484,64.71648406982422
2021-09-23,64.85932530647219,65.09144592285156
2021-09-24,64.74325473545038,64.86824798583984
2021-09-27,64.6718584964505,64.814697265625
2021-09-28,63.895137491130896,63.41304397583008
2021-09-29,63.4844764031157,63.377342224121094
2021-09-30,63.002366693716105,62.71668243408203
2021-10-01,62.28815421679897,62.430999755859375
2021-10-04,61.42219471391682,60.69905090332031
2021-10-05,60.77940088658011,61.03830337524414
2021-10-06,59.779495903743616,60.51156234741211
2021-10-07,60.68118727042236,60.859737396240234
2021-10-08,60.841883553314155,60.58298110961914
2021-10-11,61.46682137623214,60.8508186340332
2021-10-12,60.600827459772646,60.45798873901367
2021-10-13,60.37764986050262,60.42229080200195
2021-10-14,61.07400084713431,60.993648529052734
2021-10-15,61.63644790649414,61.63644790649414
2021-10-18,61.0918652508179,61.332908630371094
2021-10-19,61.6542998323063,61.716793060302734
2021-10-20,61.57394755223991,61.654293060302734
2021-10-21,60.609762946682324,60.58298110961914
2021-10-22,61.10079061878139,61.08293151855469
2021-10-25,60.9579500147511,61.109718322753906
2021-10-26,61.520388906546785,61.1186408996582
2021-10-27,60.96687413459766,60.67226028442383
2021-10-28,60.97579635416725,61.15434646606445
2021-10-29,60.743690635622286,61.065086364746094
2021-11-01,61.93998582969191,61.98462677001953
2021-11-02,61.84177379226391,61.9131965637207
2021-11-03,61.86857252077924,62.28816604614258
2021-11-04,62.53814042688099,62.73454284667969
2021-11-05,62.70775384726327,62.81488800048828
2021-11-08,62.60063135497024,62.68097686767578
2021-11-09,62.38637067008441,62.28816604614258
2021-11-10,61.87749878546004,61.315059661865234
2021-11-11,61.82392940259015,61.67216110229492
2021-11-12,62.27030468913811,62.564918518066406
2021-11-15,62.5917125061504,62.51136016845703
2021-11-16,62.4220791877546,62.38636779785156
2021-11-17,61.93998841219031,62.12746810913086
2021-11-18,62.13639774050574,62.28816604614258
2021-11-19,62.35958030173265,62.413150787353516
2021-11-22,62.36851730839591,62.09176254272461
2021-11-23,61.993553095867256,62.16317367553711
2021-11-24,61.10971733561611,61.40433120727539
2021-11-26,60.35087153461005,59.779502868652344
2021-11-29,60.10088785267886,59.949119567871094
2021-11-30,59.31526471105026,59.21706008911133
2021-12-01,60.2258779361054,58.90459060668945
2021-12-02,59.24383490513141,59.788421630859375
2021-12-03,60.20803090762323,60.1366081237793
2021-12-06,59.958044568421,60.172306060791016
2021-12-07,61.13649914364708,61.573951721191406
2021-12-08,61.38646843538239,61.502525329589844
2021-12-09,61.02044628545538,61.002593994140625
2021-12-10,61.02043132520667,61.091854095458984
2021-12-13,60.69206933608128,60.50212478637695
2021-12-14,60.34835813376867,60.42975997924805
2021-12-15,60.891063376761785,61.46994400024414
2021-12-16,61.76842279146755,61.54229736328125
2021-12-17,61.01769804840418,60.79157257080078
2021-12-20,60.04987932103421,60.276004791259766
2021-12-21,60.420725917212245,60.62875747680664
2021-12-22,60.26695454462936,60.72825241088867
2021-12-23,60.72824467478197,60.963417053222656
2021-12-27,60.6739836655941,60.909149169921875
2021-12-28,60.90915217178306,60.98151397705078
2021-12-29,60.719203957467634,60.69207000732422
2021-12-30,60.69207236806492,60.52022171020508
2021-12-31,60.43881142866252,60.5654411315918
2022-01-03,60.75538718285577,60.62875747680664
2022-01-04,61.27999716327195,61.424720764160156
2022-01-05,61.84079556325385,61.144325256347656
2022-01-06,60.710163907953934,60.69207000732422
2022-01-07,60.167450652294825,60.30312728881836
2022-01-10,60.1131888976529,60.158416748046875
2022-01-11,60.1403256531308,60.62875747680664
2022-01-12,61.28905018570578,61.4970817565918
2022-01-13,61.49707674121988,60.882015228271484
2022-01-14,60.664938258150585,60.809661865234375
2022-01-18,59.968476958623114,59.850887298583984
2022-01-19,59.443863884765356,59.109195709228516
2022-01-20,59.290096537614374,58.846885681152344
2022-01-21,59.244870347375844,58.62076187133789
2022-01-24,58.32227935545863,58.36750030517578
2022-01-25,57.942384199793985,58.15946960449219
2022-01-26,58.421770669238235,57.354461669921875
2022-01-27,56.75748722082484,56.5404052734375
2022-01-28,56.18765114760096,56.75748825073242
2022-01-31,57.01979323903949,57.96047592163086
2022-02-01,57.860982463886295,57.97856521606445
2022-02-02,58.95543141066649,58.86498260498047
2022-02-03,58.096158884214105,57.63486099243164
2022-02-04,57.76149119459173,58.08711242675781
2022-02-07,58.22278677153559,58.123291015625
2022-02-08,58.159466438533876,58.45794677734375
2022-02-09,59.063970113217316,59.26295471191406
2022-02-10,58.240868321510554,58.3222770690918
2022-02-11,58.349411260697956,57.851932525634766
2022-02-14,57.924294323607754,57.851932525634766
2022-02-15,58.15042477682174,58.49413299560547
2022-02-16,58.14137932793751,58.50318145751953
2022-02-17,58.05996760901755,57.64389419555664
2022-02-18,57.68912856398229,57.5534553527832
2022-02-22,57.20069816216733,57.09215545654297
2022-02-23,57.34540973534228,56.50422286987305
2022-02-24,55.34646072352495,56.17860412597656
2022-02-25,56.757489772499376,57.4810905456543
2022-02-28,56.88411596396932,56.92934036254883
2022-03-01,56.83889385617823,56.15147399902344
2022-03-02,56.088156363990066,56.3414192199707
2022-03-03,56.350464025354704,56.0610237121582
2022-03-04,55.12033566333705,55.33741760253906
2022-03-07,54.306290941548355,53.39274215698242
2022-03-08,52.850045914052316,52.62392044067383
2022-03-09,53.745496204257336,54.043983459472656
2022-03-10,53.944489355593284,53.8178596496582
2022-03-11,53.90831282212543,52.94954299926758
2022-03-14,53.28420272136709,53.02189636230469
2022-03-15,53.302293072926,53.890220642089844
2022-03-16,54.68618178473784,55.09320831298828
2022-03-17,55.21079271346314,55.60877227783203
2022-03-18,55.708268399018266,56.32332992553711
2022-03-21,56.41377224379297,56.305233001708984
2022-03-22,56.223833335904345,56.47709274291992
2022-03-23,56.45899978180176,56.142425537109375
2022-03-24,56.531362799534286,56.75748825073242
2022-03-25,56.58563300591264,56.748443603515625
2022-03-28,55.744444973670156,55.89820861816406
2022-03-29,56.96552045646804,57.00170135498047
2022-03-30,56.56754234749076,56.40473175048828
2022-03-31,56.20574520421678,55.72636032104492
2022-04-01,55.78062806020679,56.01580047607422
2022-04-04,56.07911204260142,56.468048095703125
2022-04-05,55.5997314301249,54.99371337890625
2022-04-06,54.22488750395376,54.170616149902344
2022-04-07,53.8088168188196,53.98067092895508
2022-04-08,53.63695710202472,53.75454330444336
2022-04-11,53.10330133622614,52.91335678100586
2022-04-12,52.696277126661855,52.21689224243164
2022-04-13,52.53346801406133,52.967628479003906
2022-04-14,53.29324439373455,52.822906494140625
2022-04-18,52.27115978600019,52.189754486083984
2022-04-19,51.69227654536344,52.198795318603516
2022-04-20,52.77767413389737,52.687225341796875
2022-04-21,53.12139175498666,52.25307083129883
2022-04-22,52.189754082067225,51.475196838378906
2022-04-25,51.448062739426774,51.791770935058594
2022-04-26,51.484238408801275,50.697322845458984
2022-04-27,51.02295005201717,50.89632034301758
2022-04-28,51.420926831563584,51.82795333862305
2022-04-29,52.00885704404884,51.212894439697266
2022-05-02,51.05912812860519,51.194801330566406
2022-05-03,51.39379831797948,51.60183334350586
2022-05-04,51.60182827193394,52.515377044677734
2022-05-05,51.92744366292205,51.077213287353516
2022-05-06,51.22193525857254,51.27620315551758
2022-05-09,50.29029676242365,49.829002380371094
2022-05-10,50.362665079671615,49.9013671875
2022-05-11,49.65715273171795,49.358665466308594
2022-05-12,49.82900653105594,49.9104118347168
2022-05-13,50.6159147825637,50.94153594970703
2022-05-16,50.65210226793352,50.67019271850586
2022-05-17,50.86918440772799,51.041038513183594
2022-05-18,51.09530782151135,50.55260467529297
2022-05-19,50.74255470526315,50.98677062988281
2022-05-20,51.78272826826977,51.63800811767578
2022-05-23,51.927447789777396,52.13548278808594
2022-05-24,51.90031165733633,51.93648910522461
2022-05-25,51.64704951548486,52.0450325012207
2022-05-26,52.0540814864825,52.452064514160156
2022-05-27,52.53346584789589,52.76863479614258
2022-05-31,52.289252206448076,52.09930419921875
2022-06-01,52.786724021070135,52.12643814086914
2022-06-02,52.24402933906766,52.66010284423828
2022-06-03,51.764638629329404,51.56564712524414
2022-06-06,52.21689207311457,51.846046447753906
2022-06-07,51.40283935774098,52.008853912353516
2022-06-08,51.448061048367066,51.330474853515625
2022-06-09,51.600812503183185,50.961509704589844
2022-06-10,50.495733557386615,50.03908920288086
2022-06-13,49.18972945534993,48.641754150390625
2022-06-14,48.67828640756379,48.31297302246094
2022-06-15,48.3495026960935,48.85181427001953
2022-06-16,47.96591827453511,48.07551193237305
2022-06-17,47.60060961052879,47.545814514160156
2022-06-21,47.88372879293829,48.03898620605469
2022-06-22,47.60060430923565,47.80152893066406
2022-06-23,48.04811678153171,48.093780517578125
2022-06-24,48.42256541905459,49.043601989746094
2022-06-27,48.76961788498525,48.614356994628906
2022-06-28,49.24452717637459,48.541297912597656
2022-06-29,48.42256772303615,48.322105407714844
2022-06-30,47.77412820340357,48.24903869628906
2022-07-01,47.801532268492174,48.44996643066406
2022-07-05,47.67367055720123,48.13944625854492
2022-07-06,48.15771523555769,48.13031768798828
2022-07-07,48.523028813794646,48.81528091430664
2022-07-08,48.84267595415546,49.061866760253906
2022-07-11,48.71481794635443,48.39516830444336
2022-07-12,48.25817946870552,48.41343688964844
2022-07-13,47.728468021081135,48.15771484375
2022-07-14,47.30835586497032,47.682804107666016
2022-07-15,47.92025712110476,48.18510818481445
2022-07-18,48.55042557103855,48.27643966674805
2022-07-19,48.71481557722777,48.97053527832031
2022-07-20,49.23539015554305,49.18059158325195
2022-07-21,49.235393906357444,49.801631927490234
2022-07-22,50.23088367705011,49.9568977355957
2022-07-25,49.938626366877116,49.947757720947266
2022-07-26,49.71942988831725,49.3997802734375
2022-07-27,49.8472994687858,50.39527130126953
2022-07-28,50.62359308848597,50.806251525878906
2022-07-29,50.660125662848436,51.28116226196289
2022-08-01,51.76520473059351,51.93872833251953
2022-08-02,51.50034143335663,50.952369689941406
2022-08-03,50.77885494549005,50.8427848815918
2022-08-04,50.632726826634844,50.824520111083984
2022-08-05,50.38613659273125,50.513999938964844
2022-08-08,50.85191721890834,50.49573516845703
2022-08-09,50.194348430812234,49.99342727661133
2022-08-10,51.21723587118071,51.42729187011719
2022-08-11,51.673877851913524,51.40902328491211
2022-08-12,51.82913440149318,52.08485412597656
2022-08-15,52.13965682458731,52.29491424560547
2022-08-16,51.71040525728517,52.04832458496094
2022-08-17,51.783479317860724,51.883941650390625
2022-08-18,51.82913473489034,51.70127487182617
2022-08-19,50.924976548852385,50.806251525878906
2022-08-22,50.57793097919937,50.28567886352539
2022-08-23,50.21261388962285,50.40440368652344
2022-08-24,50.28567627241687,50.38613510131836
2022-08-25,50.56879527762193,50.961509704589844
2022-08-26,50.76058871244291,49.71943664550781
2022-08-29,49.22625977648733,49.217124938964844
2022-08-30,49.765101008433966,49.162330627441406
2022-08-31,49.281053942242735,48.943138122558594
2022-09-01,48.36776630235006,48.35863494873047
2022-09-02,48.33123415198779,47.82892608642578
2022-09-06,47.41795203823479,47.08003616333008
2022-09-07,46.42246525441187,47.0069694519043
2022-09-08,47.153088333236255,47.57320022583008
2022-09-09,48.148581548612846,48.468231201171875
2022-09-12,48.51389351711862,48.48649597167969
2022-09-13,47.60973970514392,46.888240814208984
2022-09-14,47.67367295804682,47.56407928466797
2022-09-15,47.29922576079927,47.18962860107422
2022-09-16,47.08916531685255,47.15309524536133
2022-09-19,46.77864402376276,47.308349609375
2022-09-20,46.86997649449743,46.81517791748047
2022-09-21,46.64164969799321,46.27633285522461
2022-09-22,46.897370861131094,46.64165115356445
2022-09-23,45.89275566590022,45.700965881347656
2022-09-26,45.10733058875101,44.961204528808594
2022-09-27,44.979468263078154,44.586753845214844
2022-09-28,44.71461154760553,45.426979064941406
2022-09-29,45.02513025242288,44.98859786987305
2022-09-30,44.623282023370436,44.6141471862793
2022-10-03,45.03426331509419,45.417842864990234
2022-10-04,46.27633322573191,46.869972229003906
2022-10-05,46.22153932355661,46.37679672241211
2022-10-06,46.239804845322936,45.95668411254883
2022-10-07,45.911025375349396,45.49091339111328
2022-10-10,45.39045036661776,45.30825424194336
2022-10-11,45.02513050627526,44.842472076416016
2022-10-12,44.550223665039354,44.513694763183594
2022-10-13,43.55473946351356,44.90640640258789
2022-10-14,44.997737871171914,44.257972717285156
2022-10-17,44.586753976622056,44.705482482910156
2022-10-18,45.00686482738998,44.55022048950195
2022-10-19,44.35842979158213,44.2762336730957
2022-10-20,44.43149357891144,44.23970031738281
2022-10-21,43.64606955037657,45.0160026550293
2022-10-24,44.54108502364451,44.7237434387207
2022-10-25,45.20778737430405,45.74662780761719
2022-10-26,45.774025243541686,46.01148223876953
2022-10-27,45.8288297056947,45.43611526489258
2022-10-28,45.37218274688651,45.9201545715332
2022-10-31,45.545702996373706,45.65530014038086
2022-11-01,46.44072415096186,46.00234603881836
2022-11-02,46.33113380941457,45.700965881347656
2022-11-03,45.46350771238548,45.57310485839844
2022-11-04,46.10281377872285,46.4589958190918
2022-11-07,46.769513988946464,46.72385025024414
2022-11-08,47.20788783203593,47.399681091308594
2022-11-09,46.879106136591204,46.595985412597656
2022-11-10,48.37689869663922,49.198856353759766
2022-11-11,49.80162679092758,50.17607498168945
2022-11-14,49.45458666824489,49.49111557006836
2022-11-15,50.23087729996353,49.81989669799805
2022-11-16,49.77423360795972,49.6463737487793
2022-11-17,49.14406514779107,49.5550422668457
2022-11-18,49.746837296891115,49.536781311035156
2022-11-21,49.19885958504883,49.13492965698242
2022-11-22,49.755968190477326,50.18521499633789
2022-11-23,50.340470350306695,50.76058578491211
2022-11-25,50.988914279720035,51.10763931274414
2022-11-28,50.934110863347854,50.71492004394531
2022-11-29,50.41353852480633,50.40440368652344
2022-11-30,50.294809359344775,50.961509704589844
2022-12-01,51.372489347977385,51.30855941772461
2022-12-02,50.568795405334825,51.080238342285156
2022-12-05,50.42266884875309,50.011688232421875
2022-12-06,50.139546967320605,49.85642623901367
2022-12-07,50.04821576676667,50.0025520324707
2022-12-08,50.0847538379478,50.31307601928711
2022-12-09,50.55966516227502,50.46833419799805
2022-12-12,50.386137042815136,50.45920181274414
2022-12-13,51.82672258472252,51.18598175048828
2022-12-14,51.405667158227416,51.14021682739258
2022-12-15,50.49947386220112,49.895347595214844
2022-12-16,49.63905536473116,49.93196487426758
2022-12-19,49.86789009636394,49.611595153808594
2022-12-20,50.362176520200144,50.316410064697266
2022-12-21,50.325564156190765,50.24318313598633
2022-12-22,50.26148749469536,50.09672546386719
2022-12-23,49.959425006932044,50.133338928222656
2022-12-27,49.95942852687988,49.90450668334961
2022-12-28,49.996039495347546,49.309532165527344
2022-12-29,49.99603682472823,50.22487258911133
2022-12-30,49.95942307950839,49.83127212524414
2023-01-03,50.3896359548774,50.06926727294922
2023-01-04,50.05096051598137,49.574981689453125
2023-01-05,48.88847296260888,48.90678024291992
2023-01-06,49.30037689803017,50.133338928222656
2023-01-09,50.34387143754251,50.24318313598633
2023-01-10,50.06926149624023,50.12417984008789
2023-01-11,50.4903248303771,50.526939392089844
2023-01-12,51.32328582835903,51.74434280395508
2023-01-13,51.59788498590896,51.96402359008789
2023-01-17,52.27523987318574,52.458309173583984
2023-01-18,53.07158953122484,52.38508224487305
2023-01-19,52.34846485388454,52.35762023925781
2023-01-20,52.28439474061531,52.95259475708008
2023-01-23,52.513227600573984,52.80613708496094
2023-01-24,52.91598105095988,53.163124084472656
2023-01-25,53.410261946561015,53.80385971069336
2023-01-26,53.77640414643157,53.69402313232422
2023-01-27,53.63910040486956,53.840476989746094
2023-01-30,53.62079938161412,53.520111083984375
2023-01-31,53.3919651015024,53.70317840576172
2023-02-01,53.39196312187507,53.88624572753906
2023-02-02,54.00524165259728,53.75809860229492
2023-02-03,53.22720218492454,53.14482116699219
2023-02-06,52.60476869136054,52.65968704223633
2023-02-07,52.668836921385456,53.42856979370117
2023-02-08,53.034975568334616,52.84275436401367
2023-02-09,53.60248911290849,52.897674560546875
2023-02-10,53.30042584388079,53.199737548828125
2023-02-13,52.65968597895977,53.172279357910156
2023-02-14,52.623075711182345,52.906829833984375
2023-02-15,52.15624648275578,52.38508224487305
2023-02-16,52.00063790752488,52.21116638183594
2023-02-17,52.018945732123335,52.1928596496582
2023-02-21,51.76264869087039,51.552120208740234
2023-02-22,51.451432949003646,51.16767883300781
2023-02-23,51.34159138600066,51.680267333984375
2023-02-24,50.85646241813932,50.911380767822266
2023-02-27,51.44228134782952,51.396514892578125
2023-02-28,51.14021855902761,51.20429229736328
2023-03-01,51.30497796507893,51.28667068481445
2023-03-02,51.039522212038925,51.34158706665039
2023-03-03,52.028094784847234,52.52238082885742
2023-03-06,52.53153272222516,52.52238082885742
2023-03-07,52.723757245310736,52.05555725097656
2023-03-08,52.58646031537084,52.6963005065918
2023-03-09,53.14481939149347,52.604766845703125
2023-03-10,52.47662034994748,51.97317886352539
2023-03-13,51.70772903635778,51.4788932800293
2023-03-14,51.03037454299139,51.33243942260742
2023-03-15,50.37132525582655,50.288944244384766
2023-03-16,50.691699136477844,51.31413269042969
2023-03-17,51.29582402998445,50.99375915527344
2023-03-20,51.56127741689733,51.735191345214844
2023-03-21,51.936565170883966,52.05555725097656
2023-03-22,52.037250861543015,51.90910339355469
2023-03-23,52.366775216341054,52.137939453125
2023-03-24,52.165404923073595,52.29355239868164
2023-03-27,52.3667707075551,52.52238082885742
2023-03-28,52.604762484466164,52.623069763183594
2023-03-29,52.796984644435675,52.82444381713867
2023-03-30,53.053279329914616,53.07158660888672
2023-03-31,53.27296140982839,53.72147750854492
2023-04-03,53.7214772810898,53.96862030029297
2023-04-04,53.84047719598481,53.9503173828125
2023-04-05,53.28212053570825,53.14482116699219
2023-04-06,52.934292388169546,52.915985107421875
2023-04-10,52.403387416868,52.80613708496094
2023-04-11,52.98006057739258,52.98006057739258
2023-04-12,53.41026757197316,53.15397262573242
2023-04-13,53.584184217150096,53.89540100097656
2023-04-14,53.7306402378461,53.49264907836914
2023-04-17,53.50180345683109,53.648258209228516
2023-04-18,54.023542135145775,53.96862030029297
2023-04-19,53.48349597481123,53.53841781616211
2023-04-20,53.52010866413083,53.71232986450195
2023-04-21,53.89540076812594,54.0143928527832
2023-04-24,53.77640237178708,53.98693084716797
2023-04-25,53.95946841944706,53.611637115478516
2023-04-26,53.72148354719047,53.4194221496582
2023-04-27,53.91371092696888,54.28900146484375
2023-04-28,53.575026127187556,53.85878372192383
2023-05-01,53.7764047864357,53.79471206665039
2023-05-02,53.23634741198525,53.346187591552734
2023-05-03,53.70317219301435,53.666561126708984
2023-05-04,53.6116437369394,53.76725387573242
2023-05-05,54.06016283666699,54.49037170410156
2023-05-08,54.3805317466384,54.37137985229492
2023-05-09,54.77412598121953,54.95719528198242
2023-05-10,54.86566011241582,54.682594299316406
2023-05-11,54.7924369748217,54.83820343017578
2023-05-12,55.29587415883258,55.10365295410156
2023-05-15,55.131109262918685,55.43317413330078
2023-05-16,55.49724733108666,55.32332992553711
2023-05-17,55.588783468008465,55.69862365722656
2023-05-18,55.8176191196603,55.70777893066406
2023-05-19,55.524710369482946,55.799312591552734
2023-05-22,55.95492247361392,56.04645538330078
2023-05-23,55.204336657739866,55.24094772338867
2023-05-24,54.84735732294334,54.65513610839844
2023-05-25,55.01212082835903,54.96635437011719
2023-05-26,54.938893198222594,55.14942169189453
2023-05-30,54.984655891916816,54.79243469238281
2023-05-31,54.24322672221523,54.31645584106445
2023-06-01,55.204341923347066,55.680320739746094
2023-06-02,56.75126647949219,56.75126647949219
2023-06-05,56.92518293579544,56.54989242553711
2023-06-06,57.24555646161992,57.70322799682617
2023-06-07,56.51522080858427,56.22029495239258
2023-06-08,56.17422128368602,56.69955825805664
2023-06-09,57.40922612550922,57.34471130371094
2023-06-12,57.57512151192691,57.70415115356445
2023-06-13,58.690311736797916,58.53363037109375
2023-06-14,58.83776993465065,58.8009033203125
2023-06-15,58.19261958187701,58.71795654296875
2023-06-16,58.77325760032748,58.15575408935547
2023-06-20,57.501386743511425,57.35392379760742
2023-06-21,57.88848293684435,58.035945892333984
2023-06-22,57.60276409478701,57.55668258666992
2023-06-23,56.174222421305736,56.13735580444336
2023-06-26,56.15578911287455,56.13735580444336
2023-06-27,56.19265306156512,56.34933090209961
2023-06-28,56.83780327685677,56.976051330566406
2023-06-29,56.635045539031644,56.69034194946289
2023-06-30,56.82858562725693,57.049781799316406
2023-07-03,57.30784360601333,57.22489547729492
2023-07-05,56.84702295164074,56.754859924316406
2023-07-06,56.063623592266886,56.008323669433594
2023-07-07,56.28482077205336,56.810157775878906
2023-07-10,56.45071079493644,56.727203369140625
2023-07-11,56.681125430726965,56.976051330566406
2023-07-12,57.11429334397851,57.372352600097656
2023-07-13,58.1834030483196,58.22948455810547
2023-07-14,57.64884840044234,57.52903366088867
2023-07-17,57.35391973200229,57.55668258666992
2023-07-18,58.2018412460365,58.34930419921875
2023-07-19,58.38616489701301,58.358516693115234
2023-07-20,57.64885014675613,57.58433532714844
2023-07-21,57.611984191547236,57.51982116699219
2023-07-24,57.51981981786433,57.60276794433594
2023-07-25,57.45530224782218,57.67649841308594
2023-07-26,57.759443487394755,57.90690994262695
2023-07-27,58.5428455633146,58.376949310302734
2023-07-28,58.865418071445546,58.708740234375
2023-07-31,58.358516755432404,58.450679779052734
2023-08-01,57.989856259832955,57.75944519042969
2023-08-02,57.06821314519476,56.67190933227539
2023-08-03,56.10048655559415,56.39541244506836
2023-08-04,56.95761558892083,56.93918228149414
2023-08-07,57.400000836790355,57.418434143066406
2023-08-08,56.819370335543454,56.91153335571289
2023-08-09,56.69955605234738,56.41384506225586
2023-08-10,57.07743609605109,56.653480529785156
2023-08-11,56.662691250173516,56.561309814453125
2023-08-14,55.82399793984064,56.05440902709961
2023-08-15,55.72261139022356,55.4553337097168
2023-08-16,55.040595206071444,54.76409912109375
2023-08-17,55.01294301471804,54.533687591552734
2023-08-18,54.441528773778344,54.671939849853516
2023-08-21,54.67193606925533,54.718017578125
2023-08-22,55.298657355719115,54.98529815673828
2023-08-23,55.44611649570771,55.71339416503906
2023-08-24,55.41847209774548,54.98529815673828
2023-08-25,55.2064927207412,55.2710075378418
2023-08-28,55.75948063538221,55.925376892089844
2023-08-29,55.492202798240235,56.31246566772461
2023-08-30,56.20186786153416,56.21108627319336
2023-08-31,56.67191323138462,56.810157775878906
2023-09-01,57.62119893777882,57.178810119628906
2023-09-05,57.344707090989836,57.206459045410156
2023-09-06,57.54746825489506,57.35392379760742
2023-09-07,57.37235710531967,57.35392379760742
2023-09-08,56.837805260876486,56.782508850097656
2023-09-11,57.28019273676912,57.43687057495117
2023-09-12,57.326276644676085,57.42765808105469
2023-09-13,57.39079044461196,57.40000534057617
2023-09-14,58.238701260861525,58.376949310302734
2023-09-15,58.27556735299169,58.05437469482422
2023-09-18,58.05437479109502,58.19261932373047
2023-09-19,58.53362511004667,58.478328704833984
2023-09-20,58.09123835543047,57.69493103027344
2023-09-21,56.966830077512455,56.800933837890625
2023-09-22,57.1235111477175,56.95761489868164
2023-09-25,56.69956248081323,56.88389205932617
2023-09-26,56.31246445553188,56.008323669433594
2023-09-27,56.58895859820024,56.247947692871094
2023-09-28,55.95302149118344,56.35854721069336
2023-09-29,56.05440355983097,55.56593322753906
2023-10-02,55.29865913743167,55.0866813659668
2023-10-03,54.17425152586174,54.128170013427734
2023-10-04,53.381641075115866,53.53832244873047
2023-10-05,54.44153012080479,54.588993072509766
2023-10-06,54.3032748803428,54.72723388671875
2023-10-09,54.40466329208353,54.88391876220703
2023-10-10,55.427683806914246,55.60279846191406
2023-10-11,55.59358347149846,55.46455383300781
2023-10-12,56.04518727342972,55.60279846191406
2023-10-13,55.25257508591158,54.91156768798828
2023-10-16,54.72724064410055,55.0866813659668
2023-10-17,54.76409933431709,55.19727325439453
2023-10-18,54.8839177952366,54.3309326171875
2023-10-19,54.31249389122191,53.93461990356445
2023-10-20,53.888543069431414,53.5751838684082
2023-10-23,53.234174261055635,53.4461555480957
2023-10-24,53.59361831842088,53.78716278076172
2023-10-25,53.94383947703941,53.5751838684082
2023-10-26,53.14200993871115,52.847084045410156
2023-10-27,53.65812594073519,53.289466857910156
2023-10-30,53.50145001147645,53.6857795715332
2023-10-31,54.12816355185996,54.34014129638672
2023-11-01,54.773318792385346,55.2710075378418
2023-11-02,55.79634701476398,56.17422103881836
2023-11-03,56.8193670030887,57.14194107055664
2023-11-06,56.62582523428021,56.404632568359375
2023-11-07,55.69496719203559,55.888511657714844
2023-11-08,55.17884713625714,54.96686935424805
2023-11-09,55.75947680620726,55.19727325439453
2023-11-10,55.39082347416315,55.731834411621094
2023-11-13,55.42768907712985,55.70418167114258
2023-11-14,56.25717256631334,56.810157775878906
2023-11-15,56.561307280277056,56.38619613647461
2023-11-16,56.50601652633929,56.57974624633789
2023-11-17,57.24332684218821,57.46451950073242
2023-11-20,57.22489144072412,57.47373580932617
2023-11-21,57.519818961628054,57.234107971191406
2023-11-22,57.51060351130516,57.59355163574219
2023-11-24,57.565903099927624,57.70415115356445
2023-11-27,57.565903069621655,57.6580696105957
2023-11-28,57.3631382124598,57.64884567260742
2023-11-29,57.584333224252596,57.59355163574219
2023-11-30,57.75023266617872,57.70415115356445
2023-12-01,57.48294839217259,58.25712966918945
2023-12-04,57.43686741412745,57.372352600097656
2023-12-05,57.20646664788857,57.16038513183594
2023-12-06,58.155752511066815,57.75944519042969
2023-12-07,57.84239142255478,58.20183563232422
2023-12-08,57.58433581104553,57.8608283996582
2023-12-11,58.04515637944298,58.19261932373047
2023-12-12,57.86082436455377,58.10966873168945
2023-12-13,58.02672035339865,58.994449615478516
2023-12-14,58.54285090348586,58.72718048095703
2023-12-15,58.6903088073688,58.22026824951172
2023-12-18,58.229483467523764,58.10966873168945
2023-12-19,58.376953067425596,58.2847900390625
2023-12-20,58.62590605892294,57.990394592285156
2023-12-21,58.62590904875006,58.99974060058594
2023-12-22,59.16796120412606,59.18665313720703
2023-12-26,58.981045355181315,59.16796112060547
2023-12-27,59.25207197194166,59.495059967041016
2023-12-28,59.868889021015,59.85020065307617
2023-12-29,59.91562461719124,59.943660736083984
2024-01-02,59.41095169779961,59.401607513427734
2024-01-03,59.158612953187664,59.074501037597656
2024-01-04,58.92497079319606,58.93431854248047
2024-01-05,59.401609172667925,59.37356948852539
2024-01-08,59.51375021315893,60.24271774291992
2024-01-09,59.85020256005527,59.878238677978516
2024-01-10,60.96235449454887,60.953006744384766
2024-01-11,61.48570458897698,61.495052337646484
2024-01-12,62.1866394521422,62.08383560180664
2024-01-16,62.15860023238181,61.625892639160156
2024-01-17,60.70065583045691,60.85953903198242
2024-01-18,61.11187100771373,61.429630279541016
2024-01-19,61.270753117507844,61.5885124206543
2024-01-22,62.20531896697557,62.31747055053711
2024-01-23,61.5885106845255,61.766075134277344
2024-01-24,61.99037101685529,61.84083557128906
2024-01-25,61.88757222603465,61.60719680786133
2024-01-26,61.12122519074367,61.11187744140625
2024-01-29,61.56046730621612,61.84083557128906
2024-01-30,61.70065498099704,61.616546630859375
2024-01-31,62.19598653065475,61.87822723388672
2024-02-01,62.186646303564395,62.54178237915039
2024-02-02,61.952992164359934,62.158599853515625
2024-02-05,61.924959015280336,61.85953903198242
2024-02-06,61.50439759923524,61.85019302368164
2024-02-07,62.16794221486014,62.205326080322266
2024-02-08,61.962347026395726,62.04645538330078
2024-02-09,62.00907200037851,62.270751953125
2024-02-12,62.42028096331335,62.588504791259766
2024-02-13,62.75672585331526,62.3735466003418
2024-02-14,62.42027906320882,62.616539001464844
2024-02-15,62.8034566790625,63.21467208862305
2024-02-16,63.15859396889473,63.205318450927734
2024-02-20,63.53243031578679,63.48569869995117
2024-02-21,63.345518277539725,63.35486602783203
2024-02-22,64.2800832077077,64.3922348022461
2024-02-23,64.4856931444569,64.49504089355469
2024-02-26,64.73801941651028,64.48568725585938
2024-02-27,64.56046692566409,64.65392303466797
2024-02-28,64.17728424072266,64.17728424072266
2024-02-29,64.71933920637744,64.59784698486328
2024-03-01,65.39222819825318,65.72867584228516
2024-03-04,65.42026485958836,65.34549713134766
2024-03-05,65.99971691715987,65.70065307617188
2024-03-06,66.67259457062222,66.70063781738281
2024-03-07,66.58848381657113,66.67259216308594
2024-03-08,66.99035126415278,66.52306365966797
2024-03-11,65.24270008390572,65.04644012451172
2024-03-12,65.0277492749055,65.40158081054688
2024-03-13,64.6726063468382,64.83148956298828
2024-03-14,65.11185476818137,64.54176330566406
2024-03-15,64.89690987980701,65.01840209960938
2024-03-18,65.88756038317378,66.02774810791016
2024-03-19,65.9716635292302,66.28007507324219
2024-03-20,66.37352715545606,66.7940902709961
2024-03-21,66.99035123310063,67.13053894042969
2024-03-22,67.32680827694172,67.12120056152344
2024-03-25,66.28942489622506,66.34549713134766
2024-03-26,66.80343958338317,66.63521575927734
2024-03-27,66.81278279004414,66.92493438720703
2024-03-28,66.41091051150732,66.68193817138672
2024-04-01,65.67259805204488,65.68194580078125
2024-04-02,65.3081132672273,65.34549713134766
2024-04-03,65.29877416720394,65.79409790039062
2024-04-04,66.15858912959891,65.11186218261719
2024-04-05,65.15859461991816,65.29878234863281
2024-04-08,65.69129736483904,65.6258773803711
2024-04-09,66.18661812546667,65.86886596679688
2024-04-10,64.94362414779015,64.8408203125
2024-04-11,65.38288307303276,65.41091918945312
2024-04-12,65.00905092213772,64.54176330566406
2024-04-15,65.08381200140781,64.2707290649414
2024-04-16,63.50438656735755,63.3735466003418
2024-04-17,62.93430072867428,62.70065689086914
2024-04-18,62.78476056664301,62.51373291015625
2024-04-19,62.35485945888149,62.1399040222168
2024-04-22,62.457665167945514,62.77541732788086
2024-04-23,62.55111987166299,62.91560363769531
2024-04-24,63.345513971365335,63.18663787841797
2024-04-25,61.68196622433905,62.205326080322266
2024-04-26,62.42028493096942,62.738037109375
2024-04-29,63.19598388511963,63.308128356933594
2024-04-30,63.53243214974007,62.86887741088867
2024-05-01,62.93429723337677,62.7193489074707
2024-05-02,63.87821629360147,63.9903678894043
2024-05-03,64.66325586804918,64.72867584228516
2024-05-06,64.92494996684087,65.11186218261719
2024-05-07,64.50438516486412,64.4015884399414
2024-05-08,63.29878493023493,63.5885009765625
2024-05-09,63.289441464323566,63.868873596191406
2024-05-10,63.775410755478816,63.5043830871582
2024-05-13,63.382892269851716,63.252052307128906
2024-05-14,63.523087032431846,63.74738311767578
2024-05-15,64.12121678570894,64.4576644897461
2024-05-16,64.42027464839778,63.80345153808594
2024-05-17,64.27074465987567,64.23336791992188
2024-05-20,64.57915545863645,64.6913070678711
2024-05-21,64.38288671641729,64.31746673583984
2024-05-22,63.64457669544438,63.56980895996094
2024-05-23,64.18663545189604,63.28944396972656
2024-05-24,63.8782142228138,63.98101806640625
2024-05-28,64.56046020629852,64.34550476074219
2024-05-29,63.34551364256852,63.0557975769043
2024-05-30,63.607189178466804,63.6071891784668
2024-05-31,64.43896898938613,64.4576644897461
2024-06-03,64.89690382192492,64.8595199584961
2024-06-04,64.99971564076515,64.93429565429688
2024-06-05,64.49504329519206,64.74737548828125
2024-06-06,64.70065083589984,64.70999145507812
2024-06-07,64.27074465987567,64.23336791992188
2024-06-10,64.5043801162261,64.8034439086914
2024-06-11,64.19054137574628,64.07756042480469
2024-06-12,64.76484824282852,64.38825225830078
2024-06-13,63.48442879625797,63.2208137512207
2024-06-14,63.14549370434803,63.20198059082031
2024-06-17,62.2699102137911,62.71240997314453
2024-06-18,62.50528559974646,62.759490966796875
2024-06-20,62.561768600291046,62.59001922607422
2024-06-21,62.251086055788996,62.14752197265625
2024-06-24,62.740650070109815,62.61825942993164
2024-06-25,63.493841573536805,63.606815338134766
2024-06-26,63.39027463601357,63.37144088745117
2024-06-27,63.60682132349762,63.691558837890625
2024-06-28,64.21879634785829,64.24703979492188
2024-07-01,64.16230377321033,63.823368072509766
2024-07-02,64.49182144646494,64.83075714111328
2024-07-03,65.17910786327334,65.42388916015625
2024-07-05,65.90404673080549,65.86638641357422
2024-07-08,65.73458194855392,65.5462875366211
2024-07-09,65.96995649979051,65.904052734375
2024-07-10,66.86435765505885,67.10914611816406
2024-07-11,67.25037250742746,66.85494995117188
2024-07-12,66.93968103100408,67.22212982177734
2024-07-15,67.31627964255007,66.90202331542969
2024-07-16,67.14680727802683,67.69287109375
2024-07-17,67.30686452677665,67.29745483398438
2024-07-18,67.11856191483024,66.2806396484375
2024-07-19,66.11117488409197,65.86638641357422
2024-07-22,66.13942335345627,66.1865005493164
2024-07-23,66.02644080079516,66.1300048828125
2024-07-24,65.70633982179291,64.83075714111328
2024-07-25,63.738625135852494,63.81394577026367
2024-07-26,64.31293066096566,64.67070007324219
2024-07-29,64.86841203033839,64.82133483886719
2024-07-30,65.00963860225932,64.90607452392578
2024-07-31,66.84552706999864,66.8172836303711
2024-08-01,64.60480619137138,63.597415924072266
2024-08-02,61.309595695458476,60.867095947265625
2024-08-05,57.21412562220927,59.71847915649414
2024-08-06,58.805239603883756,59.42662048339844
2024-08-07,61.83683057757352,60.415184020996094
2024-08-08,61.44140804940953,61.69560623168945
2024-08-09,61.074224458270216,61.54496765136719
2024-08-12,61.57321127116532,61.88390350341797
2024-08-13,63.07958905086541,63.65389633178711
2024-08-14,63.559748654146176,63.748043060302734
2024-08-15,64.59538124448767,64.97197723388672
2024-08-16,65.12261910663159,65.31092071533203
2024-08-19,65.78166222747913,66.24298858642578
2024-08-20,66.00761196167846,65.9228744506836
2024-08-21,66.73255585175785,66.68548583984375
2024-08-22,67.08090712212848,66.19590759277344
2024-08-23,67.02442475826649,67.72112274169922
2024-08-26,67.20329044045788,66.87377166748047
2024-08-27,67.39159726072279,67.53282165527344
2024-08-28,67.70229269033699,67.24095916748047
2024-08-29,67.59873136432716,67.35394287109375
2024-08-30,67.99414539136703,67.75877380371094
2024-09-03,67.5798885177757,66.7419662475586
2024-09-04,65.7910652813755,66.0546875
2024-09-05,66.25240010844594,66.45011138916016
2024-09-06,65.46154713496794,64.10580444335938
2024-09-09,65.21676032562736,65.27325439453125
2024-09-10,65.10378485602399,65.09436798095703
2024-09-11,65.02847311969946,65.48979949951172
2024-09-12,65.41448573442756,66.1394271850586
2024-09-13,65.79106404974235,65.78165435791016
2024-09-16,66.1111773317207,66.4124526977539
2024-09-17,65.85696667347726,65.63101196289062
2024-09-18,65.470966831932,65.32974243164062
2024-09-19,66.91143910933884,67.06208038330078
2024-09-20,67.3162764741983,67.0997314453125
2024-09-23,67.33510978326622,67.50457763671875
2024-09-24,66.97733954457752,66.92085266113281
2024-09-25,67.13738994847868,66.79845428466797
2024-09-26,68.59670267128404,68.7190933227539
2024-09-27,67.48574304449265,66.92085266113281
2024-09-30,67.63638450208148,67.35394287109375
2024-10-01,67.96590233921096,67.44808197021484
2024-10-02,66.93968255246388,67.06208038330078
2024-10-03,66.42186548751906,66.79845428466797
2024-10-04,67.27861917284697,67.67404174804688
2024-10-07,67.00558461448773,66.88319396972656
2024-10-08,67.01500376422848,67.09032440185547
2024-10-09,66.41244746426604,66.7419662475586
2024-10-10,66.27122846483876,66.75138854980469
2024-10-11,66.48777680433743,66.89261627197266
2024-10-14,66.7325528014779,67.00558471679688
2024-10-15,66.61015861939369,65.63101196289062
2024-10-16,65.91346970227346,66.02644348144531
2024-10-17,66.15823816130312,65.67808532714844
2024-10-18,65.89463595043034,66.02644348144531
2024-10-21,65.38622799469744,64.93431854248047
2024-10-22,64.1246376167731,64.07756042480469
2024-10-23,62.70299805874641,62.76890182495117
2024-10-24,63.0984186762221,63.286720275878906
2024-10-25,63.540913586489324,63.3055419921875
2024-10-28,63.635060497096234,63.738624572753906
2024-10-29,64.24703490651041,64.36001586914062
2024-10-30,64.72718850559538,64.41649627685547
2024-10-31,64.21879025615937,64.08698272705078
2024-11-01,63.738628437292874,64.00225067138672
2024-11-04,64.12464247245968,64.0587387084961
2024-11-05,64.2564391725614,65.02845764160156
2024-11-06,65.24500668073799,65.32032012939453
2024-11-07,65.63101803066053,65.88522338867188
2024-11-08,65.33915768028609,65.36740112304688
2024-11-11,65.40505991808618,65.52745056152344
2024-11-12,65.0378774554438,64.49181365966797
2024-11-13,64.01166250893993,63.77629089355469
2024-11-14,64.03049299348334,63.85160827636719
2024-11-15,63.55032950303576,63.54091262817383
2024-11-18,63.56916062387472,63.90809631347656
2024-11-19,63.62565136720677,63.81394577026367
2024-11-20,63.23022691832968,63.34320068359375
2024-11-21,63.49385128109488,63.5220947265625
2024-11-22,63.653893294566906,63.973995208740234
2024-11-25,64.444739718928,64.41649627685547
2024-11-26,64.01166208671113,64.08698272705078
2024-11-27,64.23762231051326,63.90809631347656
2024-11-29,64.92490200640667,65.61219024658203
2024-12-02,66.16766421817339,66.4124526977539
2024-12-03,67.29744615864256,67.36334991455078
2024-12-04,67.18446664302685,66.98675537109375
2024-12-05,66.97734558407151,66.86436462402344
2024-12-06,67.01499986119762,66.92085266113281
2024-12-09,66.78904429627832,66.33712768554688
2024-12-10,66.20532484702838,65.9793701171875
2024-12-11,66.66665711516322,66.91144561767578
2024-12-12,66.39362047866697,66.25240325927734
2024-12-13,65.67809067348435,65.47096252441406
2024-12-16,65.0378794729571,65.13202667236328
2024-12-17,64.82987456148072,64.90636444091797
2024-12-18,64.91592677920154,63.28083801269531
2024-12-19,63.892803060805825,63.48163986206055
2024-12-20,62.85055228949123,63.30952072143555
2024-12-23,63.2234723864232,63.5772590637207
2024-12-24,63.52945241869418,63.53900909423828
2024-12-26,64.10316120166176,64.27527618408203
2024-12-27,64.86811394615505,64.762939453125
2024-12-30,64.17009820941357,64.21791076660156
2024-12-31,64.08404054214449,64.16053771972656
2025-01-02,64.2370291658934,64.07447814941406
2025-01-03,63.902365396957116,64.33264923095703
2025-01-06,64.47607421875,64.47607421875
2025-01-07,64.90636781981877,64.32308959960938
2025-01-08,63.90236886435255,64.16053771972656
2025-01-10,62.79317457764006,62.38201141357422
2025-01-13,61.85611390298258,62.55413055419922
2025-01-14,62.334210823053226,62.42982864379883
2025-01-15,63.38601789379504,63.36688995361328
2025-01-16,63.089599793899474,62.96529006958008
2025-01-17,63.185220194424026,63.28083801269531
2025-01-21,64.15097112313092,64.38046264648438
2025-01-22,64.51432628063036,64.30396270751953
2025-01-23,64.3804589936644,64.84899139404297
2025-01-24,65.02110394258524,65.4800796508789
2025-01-27,64.7438144673215,64.77249908447266
2025-01-28,65.17410468727114,65.3175277709961
2025-01-29,65.25058850275065,65.1167221069336
2025-01-30,65.93905429607129,66.09204864501953
2025-01-31,65.95818249071341,65.3175277709961
2025-02-03,64.5334484585284,64.69600677490234
2025-02-04,64.69600313736672,65.2792739868164
2025-02-05,65.67132148058394,66.09204864501953
2025-02-06,66.24503359983467,66.35977935791016
2025-02-07,66.07291445909279,65.4800796508789
2025-02-10,65.82430457715283,65.73825073242188
2025-02-11,65.42270969654722,65.72869110107422
2025-02-12,64.60038199322894,65.04022979736328
2025-02-13,65.63307185145955,66.22591400146484
2025-02-14,66.39803367139187,66.33110046386719
2025-02-18,66.88568339060689,67.02911376953125
2025-02-19,66.41714269340669,66.57013702392578
2025-02-20,66.73269376607469,66.65619659423828
2025-02-21,66.55101484395233,66.0633544921875
2025-02-24,65.97730848533332,65.7669448852539
2025-02-25,66.73269342675073,66.42671203613281
2025-02-26,66.50320677524275,66.46495819091797
2025-02-27,66.75181637719895,65.97730255126953
2025-02-28,65.12629003929374,65.47052001953125
2025-03-03,66.81874798954084,66.1781005859375
2025-03-04,65.70000510227227,65.63307189941406
2025-03-05,66.3693465472042,67.0769271850586
2025-03-06,66.98130453375543,66.56057739257812
2025-03-07,66.71356787201096,67.0960464477539
2025-03-10,66.14942211189738,65.67132568359375
2025-03-11,65.48008556620285,65.26972198486328
2025-03-12,66.23546963098204,66.47451782226562
2025-03-13,66.33109579090403,66.22591400146484
2025-03-14,66.79962555792486,67.26815795898438
2025-03-17,67.56458264970576,67.97573852539062
2025-03-18,67.57414416593123,67.78450775146484
2025-03-19,67.89925292332723,68.55902099609375
2025-03-20,67.66976211670821,68.19567108154297
2025-03-21,68.04268730719436,68.20523834228516
2025-03-24,67.99486923195772,68.05223846435547
2025-03-25,68.1669795287622,68.5398941040039
2025-03-26,68.06179792597204,67.650634765625
2025-03-27,67.63151273063603,67.55501556396484
2025-03-28,66.3215266123916,66.18766021728516
2025-03-31,65.24103390038472,65.55657196044922
2025-04-01,64.85855466718297,65.21234130859375
2025-04-02,64.39002147334449,65.23147583007812
2025-04-03,63.20433895587593,62.54457092285156
2025-04-04,60.326200724067924,58.81541442871094
2025-04-07,57.543680313853976,58.63373947143555
2025-04-08,61.52144107865677,58.94928741455078
2025-04-09,58.652866124552176,63.4338264465332
2025-04-10,62.047351386295375,61.40670394897461
2025-04-11,61.71268179158317,62.936607360839844
2025-04-14,63.711119377675615,63.969295501708984
2025-04-15,64.284841877148,64.48564147949219
2025-04-16,64.25615628150949,63.854557037353516
2025-04-17,65.15497641668135,65.08804321289062
2025-04-21,65.2984045436408,64.94461059570312
2025-04-22,66.02511733971794,66.2354736328125
2025-04-23,66.89524775794818,66.436279296875
2025-04-24,66.48408071849661,67.20122528076172
2025-04-25,67.13429602091304,67.66976165771484
2025-04-28,68.01398897863885,68.5972671508789
2025-04-29,68.53990342751786,68.86500549316406
2025-04-30,67.72713571106736,68.30084991455078
2025-05-01,68.27216601383343,68.05223846435547
2025-05-02,68.48253092209357,68.7406997680664
2025-05-05,69.15186257259182,69.21879577636719
2025-05-06,69.13273949855578,69.25704193115234
2025-05-07,68.77894678143231,68.8267593383789
2025-05-08,68.88412632250439,68.6833267211914
2025-05-09,69.15186329661478,68.8554458618164
2025-05-12,69.28573049318996,69.61083984375
2025-05-13,68.75982077319536,69.08492279052734
2025-05-14,69.19967205296486,68.3199691772461
2025-05-15,68.89369563034072,69.13274383544922
2025-05-16,69.13274330425793,69.31441497802734
2025-05-19,68.84588528363696,69.39091491699219
2025-05-20,69.64908060614906,69.79251098632812
2025-05-21,69.56302298440906,69.14229583740234
2025-05-22,69.04668216188578,69.19967651367188
2025-05-23,69.14229717637782,69.83075714111328
2025-05-27,71.25548566077629,71.6666488647461
2025-05-28,70.55746808540054,70.3853530883789
2025-05-29,70.78694915771484,70.78694915771484
2025-05-30,70.86344475795053,70.87300872802734
2025-06-02,71.16943024468338,71.7527084350586
2025-06-03,70.95906553283669,70.882568359375
2025-06-04,70.6817682274508,70.83476257324219
2025-06-05,70.31841816951899,70.17498779296875
2025-06-06,70.6626482967165,70.58615112304688
2025-06-09,70.75826315642281,70.69132995605469
2025-06-10,70.76783390763978,70.64352416992188
2025-06-11,70.70089463499036,70.44271850585938
2025-06-12,70.89213509274526,70.95906829833984
2025-06-13,70.28017562949503,70.37579345703125
2025-06-16,70.70448715791545,70.51170349121094
2025-06-17,70.07793056477868,69.67308044433594
2025-06-18,70.5502637621948,70.41531372070312
2025-06-20,69.8369456482487,69.17183685302734
2025-06-23,68.58383778949788,69.42245483398438
2025-06-24,69.85622691697854,70.11648559570312
2025-06-25,69.91406673335851,69.82731628417969
2025-06-26,70.97439057891319,71.30213165283203
2025-06-27,72.3817307343452,72.56488037109375
2025-06-30,72.26605987548828,72.26605987548828
2025-07-01,71.97687650339013,71.73589324951172
2025-07-02,71.55275173193293,71.77445220947266
2025-07-03,71.72625866925894,71.9094009399414
2025-07-07,70.95511149796366,70.193603515625
2025-07-08,70.31891322357752,70.55026245117188
2025-07-09,70.49242156803031,70.65629577636719
2025-07-10,70.097213943684,70.30928039550781
2025-07-11,69.8080319957944,69.75019836425781
2025-07-14,69.64416043685524,69.79839324951172
2025-07-15,69.62488721564245,69.10436248779297
2025-07-16,69.10436251757166,69.42245483398438
2025-07-17,69.53813050403232,69.77911376953125
2025-07-18,69.54777280786445,69.22003173828125
2025-07-21,69.82731356392833,69.99118041992188
2025-07-22,70.38639020691785,70.34783935546875
2025-07-23,73.52881425431087,73.73123931884766
2025-07-24,73.99150281634198,73.78907775878906
2025-07-25,72.79622189136197,72.95045471191406
2025-07-28,71.89012519643994,71.59130096435547
2025-07-29,71.52382845611966,71.21537017822266
2025-07-30,71.62022584829128,71.311767578125
2025-07-31,71.57202735762739,70.96475219726562
2025-08-01,71.42743823844889,71.39852142333984
2025-08-04,72.10219876632718,72.57452392578125
2025-08-05,72.43957293335019,72.32389831542969
2025-08-06,73.03720189300468,73.28782653808594
2025-08-07,74.18428582738089,73.85655212402344
2025-08-08,74.89759301094202,75.11930084228516
2025-08-11,75.17713577824888,74.9843521118164
2025-08-12,75.85189651825713,76.37242126464844
2025-08-13,76.46881358132701,76.41097259521484
2025-08-14,75.8808074835903,75.95792388916016
2025-08-15,77.48093969072481,77.25923919677734
2025-08-18,77.40382385253906,77.40382385253906
2025-08-19,77.3459852080605,77.13391876220703
2025-08-20,76.79654071483043,76.76762390136719
2025-08-21,76.08323432192915,75.86152648925781
2025-08-22,76.12179348094115,77.13391876220703
2025-08-25,76.54593007435581,76.19891357421875
2025-08-26,75.68801845590593,76.07359313964844
2025-08-27,75.28316879060262,75.79405212402344
2025-08-28,76.44952750024987,76.43025207519531
2025-08-29,75.57235491493012,75.45668029785156
2025-09-02,74.79155999695641,75.33136749267578
2025-09-03,74.82048395824582,75.11930084228516
2025-09-04,75.35064203453084,75.89044952392578
2025-09-05,76.76762706791833,76.32421875
2025-09-08,77.63516607218786,78.0400161743164
2025-09-09,76.94113584907377,77.17247772216797
2025-09-10,77.70264556059938,77.46166229248047
2025-09-11,78.05930546149038,78.38703918457031
2025-09-12,77.90507026403039,77.84723663330078
2025-09-15,78.13641311412708,78.41595458984375
2025-09-16,78.42559597982729,78.41595458984375
2025-09-17,78.43523792933142,78.24244689941406
2025-09-18,78.35811964921716,78.5509033203125
2025-09-19,77.95326844763446,77.87615203857422
2025-09-22,78.0400157340795,78.3195571899414
2025-09-23,78.41595363643683,78.16532897949219
2025-09-24,78.2038829168432,77.9339828491211
2025-09-25,77.55805206298828,77.55805206298828
2025-09-26,77.44238101989802,77.53878021240234
2025-09-29,77.63517139345288,77.60625457763672
2025-09-30,77.21103678218425,77.31707000732422
2025-10-01,77.61588690314105,77.31707000732422
2025-10-02,77.43274744840949,77.25923919677734
2025-10-03,78.7340525009467,78.8304443359375
2025-10-06,80.12211667247817,80.2667007446289
2025-10-07,79.52447675673653,79.00395202636719
2025-10-08,78.7629707251328,78.80152893066406
2025-10-09,79.19674149855298,78.6087417602539
2025-10-10,76.95078104982566,75.53379821777344
2025-10-13,76.16998603449298,76.43025207519531
2025-10-14,76.47844829197562,77.15320587158203
2025-10-15,78.37739157446082,78.35811614990234
2025-10-16,78.8593590537196,78.6087417602539
2025-10-17,78.83044453627407,79.04251098632812
2025-10-20,80.28598664109255,80.52696990966797
2025-10-21,79.7365408872728,79.59194946289062
2025-10-22,79.42808512532694,79.21601867675781
2025-10-23,79.06178661153427,79.25457763671875
2025-10-24,79.44735869012322,79.52447509765625
2025-10-27,80.59444276386544,80.51732635498047
2025-10-28,80.54624282191712,80.90290069580078
2025-10-29,80.50768352136228,80.2281494140625
2025-10-30,80.141394913299,80.20886993408203
2025-10-31,80.69083308211414,80.4402084350586
2025-11-03,80.56552605055198,80.62335968017578
2025-11-04,80.00644192421744,79.84257507324219
2025-11-05,79.51483542089795,79.81365966796875
2025-11-06,80.30526298744653,79.96788787841797
2025-11-07,79.85221355147952,80.2859878540039
2025-11-10,80.31490215069269,80.66191864013672
2025-11-11,80.4884097426685,80.7293930053711
2025-11-12,81.19208509092574,81.29811096191406
2025-11-13,80.95109897809465,80.01608276367188
2025-11-14,80.62336213939113,80.95110321044922
2025-11-17,80.02571845656192,79.49555969238281
2025-11-18,77.78939207697061,77.86650848388672
2025-11-19,77.7701187133789,77.7701187133789
2025-11-20,78.21353031454979,76.62303924560547
2025-11-21,77.89542711511051,78.26172637939453
2025-11-24,78.15569338775391,78.79188537597656
2025-11-25,78.3870347118259,78.96539306640625
2025-11-26,79.7461814984996,80.25706481933594
2025-11-28,79.85220855959777,80.01608276367188
2025-12-01,79.51483229984609,79.55339050292969
2025-12-02,79.7461843441946,79.49555969238281
2025-12-03,79.1389005169719,79.63050842285156
2025-12-04,81.17280482404624,80.60408782958984
2025-12-05,80.6619150662634,80.68119049072266
2025-12-08,80.47876594816842,80.18959045410156
2025-12-09,80.56552574536214,80.30525970458984
2025-12-10,80.23778808783285,80.88362884521484
2025-12-11,80.91254163721453,81.18244171142578
2025-12-12,81.3559497464566,80.97037506103516
2025-12-15,82.20420682216897,81.80899810791016
2025-12-16,81.11000061035156,80.8499984741211
2025-12-17,80.43000030517578,79.73999786376953
2025-12-18,80.29000091552734,79.97000122070312
2025-12-19,80.45999908447266,80.58000183105469
2025-12-22,80.25,80.45999908447266
2025-12-23,81.3499984741211,81.13999938964844
2025-12-24,80.86000061035156,81.0
2025-12-26,80.94999694824219,80.97000122070312
2025-12-29,80.97000122070312,81.08999633789062
2025-12-30,81.23999786376953,80.9800033569336
2025-12-31,80.7300033569336,80.73999786376953
2026-01-02,81.51000213623047,81.33000183105469
2026-01-05,82.36000061035156,83.12999725341797
2026-01-06,83.13999938964844,83.06999969482422
2026-01-07,83.12000274658203,82.91999816894531
2026-01-08,82.56999969482422,82.86000061035156
2026-01-09,84.13999938964844,84.61000061035156
2026-01-12,84.94999694824219,85.29000091552734
2026-01-13,84.69999694824219,84.44999694824219
2026-01-14,85.08000183105469,85.04000091552734
2026-01-15,85.9000015258789,85.41999816894531
2026-01-16,85.54000091552734,85.4800033569336
2026-01-20,83.83000183105469,83.72000122070312
2026-01-21,84.20999908447266,84.77999877929688
2026-01-22,84.8499984741211,84.86000061035156
2026-01-23,84.06999969482422,84.55999755859375
2026-01-26,85.12000274658203,84.62999725341797
2026-01-27,85.47000122070312,85.83999633789062
2026-01-28,85.05999755859375,85.20999908447266
2026-01-29,86.12999725341797,86.08999633789062
2026-01-30,85.97000122070312,85.72000122070312
2026-02-02,85.33000183105469,85.88999938964844
2026-02-03,86.31999969482422,86.68000030517578
2026-02-04,87.66999816894531,87.48999786376953
2026-02-05,86.33000183105469,86.0999984741211
2026-02-06,88.7699966430664,89.4000015258789
2026-02-09,90.30000305175781,91.29000091552734
2026-02-10,93.19999694824219,93.0999984741211
2026-02-11,93.91000366210938,93.97000122070312
2026-02-12,94.0,93.37000274658203
2026-02-13,93.66000366210938,93.8499984741211
2026-02-17,91.41000366210938,91.87000274658203
2026-02-18,91.55000305175781,91.37999725341797
2026-02-19,90.83000183105469,91.19999694824219
2026-02-20,90.4000015258789,91.47000122070312
2026-02-23,91.63999938964844,91.38999938964844
2026-02-24,90.5199966430664,91.2300033569336
2026-02-25,92.0199966430664,92.44000244140625
2026-02-26,92.5999984741211,92.4800033569336
2026-02-27,92.66999816894531,92.37000274658203
2026-03-02,89.41000366210938,90.19999694824219
2026-03-03,84.77999877929688,86.83000183105469
2026-03-04,87.55000305175781,88.58999633789062
2026-03-05,86.44999694824219,85.88999938964844
2026-03-06,84.37999725341797,84.7699966430664
2026-03-09,83.77999877929688,85.63999938964844
2026-03-10,86.5,86.45999908447266
2026-03-11,85.30000305175781,85.7300033569336
2026-03-12,84.81999969482422,84.19000244140625
2026-03-13,84.52999877929688,83.36000061035156
2026-03-16,84.58000183105469,85.06999969482422
2026-03-17,85.56999969482422,85.08000183105469
2026-03-18,84.69999694824219,84.1500015258789
2026-03-19,82.26000213623047,84.08000183105469
2026-03-20,83.87000274658203,81.19999694824219
2026-03-23,83.56999969482422,83.55000305175781
2026-03-24,82.9000015258789,83.27999877929688
2026-03-25,84.97000122070312,84.75
2026-03-26,83.63999938964844,82.70999908447266
2026-03-27,82.19000244140625,81.43000030517578
2026-03-30,82.6500015258789,81.5199966430664
2026-03-31,82.44999694824219,84.44000244140625
2026-04-01,86.66000366210938,86.4800033569336
2026-04-02,83.9800033569336,85.29000091552734
2026-04-06,85.05000305175781,85.56999969482422
2026-04-07,84.87999725341797,85.51000213623047
2026-04-08,89.81999969482422,89.41000366210938
2026-04-09,87.29000091552734,88.22000122070312
2026-04-10,88.18000030517578,88.12999725341797
2026-04-13,86.77999877929688,88.3499984741211
2026-04-14,88.69000244140625,89.41000366210938
2026-04-15,88.91000366210938,89.06999969482422
2026-04-16,89.63999938964844,89.41000366210938
2026-04-17,90.02999877929688,90.19000244140625
2026-04-20,89.2699966430664,89.33000183105469
2026-04-21,88.18000030517578,87.13999938964844
2026-04-22,87.69999694824219,87.76000213623047
2026-04-23,87.48999786376953,87.06999969482422
2026-04-24,86.93000030517578,87.31999969482422
2026-04-27,88.02999877929688,87.68000030517578
2026-04-28,87.91999816894531,87.55999755859375
2026-04-29,87.16000366210938,86.80999755859375
2026-04-30,88.3499984741211,89.0999984741211
2026-05-01,88.20999908447266,88.30000305175781
2026-05-04,88.55999755859375,88.12000274658203
2026-05-05,88.5999984741211,89.26000213623047
2026-05-06,91.41000366210938,91.68000030517578
2026-05-07,91.77999877929688,90.98999786376953
2026-05-08,92.19999694824219,92.22000122070312
2026-05-11,92.08000183105469,92.26000213623047
2026-05-12,92.0199966430664,92.05999755859375
2026-05-13,92.69000244140625,93.08999633789062
2026-05-14,92.37000274658203,92.05999755859375
2026-05-15,91.08999633789062,91.06999969482422
2026-05-18,91.02999877929688,90.91999816894531
2026-05-19,89.98999786376953,90.29000091552734
2026-05-20,89.66999816894531,91.20999908447266
2026-05-21,90.18000030517578,91.37000274658203
2026-05-22,91.41999816894531,91.61000061035156
