Date,Close
1996-03-18,38.66300582885742
1996-03-19,38.5025749206543
1996-03-20,38.5025749206543
1996-03-21,39.46514129638672
1996-03-22,39.30470657348633
1996-03-25,39.62555694580078
1996-03-26,39.62555694580078
1996-03-27,39.9464225769043
1996-03-28,39.9464225769043
1996-03-29,40.26728057861328
1996-04-01,40.26728057861328
1996-04-02,40.588134765625
1996-04-03,40.26728057861328
1996-04-04,40.427696228027344
1996-04-08,39.78598403930664
1996-04-09,40.427696228027344
1996-04-10,40.106842041015625
1996-04-11,40.106842041015625
1996-04-12,40.26728057861328
1996-04-15,40.427696228027344
1996-04-16,40.427696228027344
1996-04-17,40.26728057861328
1996-04-18,40.427696228027344
1996-04-19,40.90897750854492
1996-04-22,42.19240951538086
1996-04-23,41.87154006958008
1996-04-24,42.35284423828125
1996-04-25,42.19240951538086
1996-04-26,42.35284423828125
1996-04-29,42.0319709777832
1996-04-30,42.19240951538086
1996-05-01,42.19240951538086
1996-05-02,41.71111297607422
1996-05-03,41.71111297607422
1996-05-06,41.55069351196289
1996-05-07,41.55069351196289
1996-05-08,41.71111297607422
1996-05-09,41.55069351196289
1996-05-10,41.229835510253906
1996-05-13,40.588134765625
1996-05-14,40.90897750854492
1996-05-15,41.229835510253906
1996-05-16,41.390262603759766
1996-05-17,41.06940841674805
1996-05-20,40.90897750854492
1996-05-21,40.748565673828125
1996-05-22,40.588134765625
1996-05-23,40.26728057861328
1996-05-24,40.106842041015625
1996-05-28,40.106842041015625
1996-05-29,40.106842041015625
1996-05-30,40.26728057861328
1996-05-31,40.26728057861328
1996-06-03,39.62555694580078
1996-06-04,39.9464225769043
1996-06-05,39.78598403930664
1996-06-06,39.78598403930664
1996-06-07,39.46514129638672
1996-06-10,39.46514129638672
1996-06-11,39.62555694580078
1996-06-12,40.106842041015625
1996-06-13,40.26728057861328
1996-06-14,40.427696228027344
1996-06-17,40.26728057861328
1996-06-18,40.748565673828125
1996-06-19,40.90897750854492
1996-06-20,41.06940841674805
1996-06-21,41.390262603759766
1996-06-24,40.748565673828125
1996-06-25,40.588134765625
1996-06-26,40.748565673828125
1996-06-27,40.748565673828125
1996-06-28,40.748565673828125
1996-07-01,40.588134765625
1996-07-02,40.106842041015625
1996-07-03,40.106842041015625
1996-07-05,39.30470657348633
1996-07-08,38.98385238647461
1996-07-09,39.144287109375
1996-07-10,38.98385238647461
1996-07-11,38.5025749206543
1996-07-12,38.66300582885742
1996-07-15,38.3421516418457
1996-07-16,38.5025749206543
1996-07-17,38.66300582885742
1996-07-18,39.30470657348633
1996-07-19,38.82342529296875
1996-07-22,38.3421516418457
1996-07-23,38.66300582885742
1996-07-24,37.540016174316406
1996-07-25,38.02128219604492
1996-07-26,38.3421516418457
1996-07-29,38.02128219604492
1996-07-30,38.3421516418457
1996-07-31,38.82342529296875
1996-08-01,38.82342529296875
1996-08-02,38.82342529296875
1996-08-05,38.98385238647461
1996-08-06,38.3421516418457
1996-08-07,38.02128219604492
1996-08-08,37.860862731933594
1996-08-09,37.70043182373047
1996-08-12,37.860862731933594
1996-08-13,38.02128219604492
1996-08-14,38.18170928955078
1996-08-15,38.18170928955078
1996-08-16,37.860862731933594
1996-08-19,38.18170928955078
1996-08-20,37.860862731933594
1996-08-21,38.3421516418457
1996-08-22,38.5025749206543
1996-08-23,38.3421516418457
1996-08-26,38.02128219604492
1996-08-27,37.70043182373047
1996-08-28,37.540016174316406
1996-08-29,37.21916580200195
1996-08-30,36.73787307739258
1996-09-03,36.25658416748047
1996-09-04,36.57745361328125
1996-09-05,36.73787307739258
1996-09-06,36.73787307739258
1996-09-09,36.73787307739258
1996-09-10,36.898292541503906
1996-09-11,36.73787307739258
1996-09-12,36.73787307739258
1996-09-13,37.05873489379883
1996-09-16,37.379573822021484
1996-09-17,37.860862731933594
1996-09-18,37.540016174316406
1996-09-19,37.860862731933594
1996-09-20,37.540016174316406
1996-09-23,37.21916580200195
1996-09-24,37.70043182373047
1996-09-25,37.860862731933594
1996-09-26,37.860862731933594
1996-09-27,38.18170928955078
1996-09-30,38.02128219604492
1996-10-01,38.02128219604492
1996-10-02,37.70043182373047
1996-10-03,37.540016174316406
1996-10-04,37.379573822021484
1996-10-07,37.21916580200195
1996-10-08,36.57745361328125
1996-10-09,36.417015075683594
1996-10-10,36.73787307739258
1996-10-11,36.898292541503906
1996-10-14,36.898292541503906
1996-10-15,37.540016174316406
1996-10-16,37.379573822021484
1996-10-17,37.540016174316406
1996-10-18,37.860862731933594
1996-10-21,36.417015075683594
1996-10-22,36.57745361328125
1996-10-23,36.25658416748047
1996-10-24,36.57745361328125
1996-10-25,36.096153259277344
1996-10-28,35.93573760986328
1996-10-29,35.77530288696289
1996-10-30,35.61488342285156
1996-10-31,35.45444869995117
1996-11-01,35.77530288696289
1996-11-04,35.77530288696289
1996-11-05,35.45444869995117
1996-11-06,36.25658416748047
1996-11-07,36.25658416748047
1996-11-08,36.73787307739258
1996-11-11,36.73787307739258
1996-11-12,36.73787307739258
1996-11-13,36.417015075683594
1996-11-14,36.57745361328125
1996-11-15,36.73787307739258
1996-11-18,36.25658416748047
1996-11-19,36.25658416748047
1996-11-20,36.57745361328125
1996-11-21,36.57745361328125
1996-11-22,37.05873489379883
1996-11-25,37.05873489379883
1996-11-26,36.898292541503906
1996-11-27,36.73787307739258
1996-11-29,36.25658416748047
1996-12-02,35.45444869995117
1996-12-03,35.45444869995117
1996-12-04,35.61488342285156
1996-12-05,36.57745361328125
1996-12-06,35.45444869995117
1996-12-09,35.77530288696289
1996-12-10,35.61488342285156
1996-12-11,34.65231704711914
1996-12-12,34.973167419433594
1996-12-13,34.8127555847168
1996-12-16,34.65231704711914
1996-12-17,34.65231704711914
1996-12-18,34.491886138916016
1996-12-19,34.01060485839844
1996-12-20,34.17103576660156
1996-12-23,34.01060485839844
1996-12-24,33.20846939086914
1996-12-26,33.68976593017578
1996-12-27,33.368892669677734
1996-12-30,33.529335021972656
1996-12-31,33.529335021972656
1997-01-02,33.529335021972656
1997-01-03,33.529335021972656
1997-01-06,34.01060485839844
1997-01-07,33.368892669677734
1997-01-08,32.887611389160156
1997-01-09,31.925052642822266
1997-01-10,30.481201171875
1997-01-13,31.122913360595703
1997-01-14,31.122913360595703
1997-01-15,31.283357620239258
1997-01-16,31.44377326965332
1997-01-17,31.283357620239258
1997-01-20,30.32076644897461
1997-01-21,30.802059173583984
1997-01-22,30.802059173583984
1997-01-23,30.160354614257812
1997-01-24,29.839492797851562
1997-01-27,29.037355422973633
1997-01-28,29.839492797851562
1997-01-29,29.51863670349121
1997-01-30,29.35820960998535
1997-01-31,30.160354614257812
1997-02-03,30.160354614257812
1997-02-04,29.99992561340332
1997-02-05,29.51863670349121
1997-02-06,29.197786331176758
1997-02-07,29.51863670349121
1997-02-10,29.679061889648438
1997-02-11,29.51863670349121
1997-02-12,29.679061889648438
1997-02-13,30.160354614257812
1997-02-14,29.99992561340332
1997-02-18,29.839492797851562
1997-02-19,29.99992561340332
1997-02-20,30.962491989135742
1997-02-21,31.44377326965332
1997-02-24,31.283357620239258
1997-02-25,31.44377326965332
1997-02-26,30.481201171875
1997-02-27,31.122913360595703
1997-02-28,30.802059173583984
1997-03-03,30.641632080078125
1997-03-04,30.641632080078125
1997-03-05,30.32076644897461
1997-03-06,29.679061889648438
1997-03-07,29.839492797851562
1997-03-10,29.839492797851562
1997-03-11,30.160354614257812
1997-03-12,29.679061889648438
1997-03-13,28.87693214416504
1997-03-14,29.037355422973633
1997-03-17,29.197786331176758
1997-03-18,29.839492797851562
1997-03-19,30.160354614257812
1997-03-20,29.839492797851562
1997-03-21,30.481201171875
1997-03-24,29.839492797851562
1997-03-25,30.32076644897461
1997-03-26,30.481201171875
1997-03-27,30.481201171875
1997-03-31,29.51863670349121
1997-04-01,30.160354614257812
1997-04-02,30.160354614257812
1997-04-03,30.32076644897461
1997-04-04,29.679061889648438
1997-04-07,29.35820960998535
1997-04-08,29.35820960998535
1997-04-09,29.037355422973633
1997-04-10,28.87693214416504
1997-04-11,28.55608367919922
1997-04-14,28.55608367919922
1997-04-15,29.037355422973633
1997-04-16,29.51863670349121
1997-04-17,29.51863670349121
1997-04-18,29.839492797851562
1997-04-21,30.481201171875
1997-04-22,30.481201171875
1997-04-23,30.481201171875
1997-04-24,30.160354614257812
1997-04-25,30.160354614257812
1997-04-28,30.32076644897461
1997-04-29,30.32076644897461
1997-04-30,31.283357620239258
1997-05-01,31.283357620239258
1997-05-02,31.764629364013672
1997-05-05,31.925052642822266
1997-05-06,32.7271842956543
1997-05-07,32.40633773803711
1997-05-08,32.887611389160156
1997-05-09,33.20846939086914
1997-05-12,34.491886138916016
1997-05-13,34.331459045410156
1997-05-14,34.973167419433594
1997-05-15,34.8127555847168
1997-05-16,35.29401397705078
1997-05-19,35.77530288696289
1997-05-20,36.096153259277344
1997-05-21,35.45444869995117
1997-05-22,34.491886138916016
1997-05-23,35.13359832763672
1997-05-27,34.65231704711914
1997-05-28,35.29401397705078
1997-05-29,34.973167419433594
1997-05-30,34.331459045410156
1997-06-02,34.973167419433594
1997-06-03,34.973167419433594
1997-06-04,35.29401397705078
1997-06-05,35.45444869995117
1997-06-06,35.77530288696289
1997-06-09,35.93573760986328
1997-06-10,36.417015075683594
1997-06-11,36.898292541503906
1997-06-12,36.25658416748047
1997-06-13,36.25658416748047
1997-06-16,36.898292541503906
1997-06-17,36.57745361328125
1997-06-18,36.096153259277344
1997-06-19,36.417015075683594
1997-06-20,36.096153259277344
1997-06-23,35.61488342285156
1997-06-24,35.93573760986328
1997-06-25,37.21916580200195
1997-06-26,37.379573822021484
1997-06-27,36.73787307739258
1997-06-30,36.25658416748047
1997-07-01,36.25658416748047
1997-07-02,36.25658416748047
1997-07-03,36.73787307739258
1997-07-07,36.096153259277344
1997-07-08,35.93573760986328
1997-07-09,35.93573760986328
1997-07-10,35.77530288696289
1997-07-11,35.61488342285156
1997-07-14,36.417015075683594
1997-07-15,35.93573760986328
1997-07-16,36.417015075683594
1997-07-17,36.73787307739258
1997-07-18,36.25658416748047
1997-07-21,35.93573760986328
1997-07-22,36.25658416748047
1997-07-23,36.25658416748047
1997-07-24,35.93573760986328
1997-07-25,36.25658416748047
1997-07-28,35.93573760986328
1997-07-29,35.61488342285156
1997-07-30,35.61488342285156
1997-07-31,35.77530288696289
1997-08-01,34.65231704711914
1997-08-04,34.65231704711914
1997-08-05,33.68976593017578
1997-08-06,34.65231704711914
1997-08-07,34.331459045410156
1997-08-08,35.29401397705078
1997-08-11,34.331459045410156
1997-08-12,34.491886138916016
1997-08-13,34.8127555847168
1997-08-14,35.13359832763672
1997-08-15,34.491886138916016
1997-08-18,34.65231704711914
1997-08-19,34.331459045410156
1997-08-20,34.8127555847168
1997-08-21,34.491886138916016
1997-08-22,33.368892669677734
1997-08-25,33.22125244140625
1997-08-26,33.702728271484375
1997-08-27,33.060768127441406
1997-08-28,32.2583122253418
1997-08-29,32.2583122253418
1997-09-02,31.776851654052734
1997-09-03,32.41881561279297
1997-09-04,32.41881561279297
1997-09-05,32.739784240722656
1997-09-08,32.41881561279297
1997-09-09,33.060768127441406
1997-09-10,32.57929611206055
1997-09-11,31.937328338623047
1997-09-12,31.776851654052734
1997-09-15,31.937328338623047
1997-09-16,31.776851654052734
1997-09-17,31.455875396728516
1997-09-18,31.616357803344727
1997-09-19,31.295391082763672
1997-09-22,31.616357803344727
1997-09-23,31.455875396728516
1997-09-24,32.41881561279297
1997-09-25,32.41881561279297
1997-09-26,31.455875396728516
1997-09-29,31.776851654052734
1997-09-30,31.937328338623047
1997-10-01,32.2583122253418
1997-10-02,31.295391082763672
1997-10-03,31.295391082763672
1997-10-06,32.09782409667969
1997-10-07,31.616357803344727
1997-10-08,31.616357803344727
1997-10-09,31.1348934173584
1997-10-10,31.295391082763672
1997-10-13,31.295391082763672
1997-10-14,30.813913345336914
1997-10-15,30.813913345336914
1997-10-16,31.455875396728516
1997-10-17,31.455875396728516
1997-10-20,31.295391082763672
1997-10-21,31.1348934173584
1997-10-22,31.295391082763672
1997-10-23,29.69048500061035
1997-10-24,29.850976943969727
1997-10-27,28.246089935302734
1997-10-28,29.69048500061035
1997-10-29,29.04853057861328
1997-10-30,28.888044357299805
1997-10-31,28.888044357299805
1997-11-03,29.52999496459961
1997-11-04,28.56707191467285
1997-11-05,28.40657615661621
1997-11-06,28.246089935302734
1997-11-07,26.4807071685791
1997-11-10,26.4807071685791
1997-11-11,26.4807071685791
1997-11-12,25.357282638549805
1997-11-13,25.838756561279297
1997-11-14,26.4807071685791
1997-11-17,27.604127883911133
1997-11-18,27.122661590576172
1997-11-19,26.4807071685791
1997-11-20,27.764623641967773
1997-11-21,27.28314971923828
1997-11-24,26.801687240600586
1997-11-25,26.962173461914062
1997-11-26,27.122661590576172
1997-11-28,26.962173461914062
1997-12-01,27.604127883911133
1997-12-02,27.28314971923828
1997-12-03,27.28314971923828
1997-12-04,26.801687240600586
1997-12-05,26.4807071685791
1997-12-08,26.4807071685791
1997-12-09,26.801687240600586
1997-12-10,26.801687240600586
1997-12-11,26.159725189208984
1997-12-12,25.999242782592773
1997-12-15,26.4807071685791
1997-12-16,25.838756561279297
1997-12-17,26.962173461914062
1997-12-18,26.159725189208984
1997-12-19,25.357282638549805
1997-12-22,25.036300659179688
1997-12-23,24.71786117553711
1997-12-24,25.19937515258789
1997-12-26,25.038875579833984
1997-12-29,25.359882354736328
1997-12-30,25.359882354736328
1997-12-31,25.359882354736328
1998-01-02,25.359882354736328
1998-01-05,24.71786117553711
1998-01-06,24.71786117553711
1998-01-07,25.52039337158203
1998-01-08,25.038875579833984
1998-01-09,24.396852493286133
1998-01-12,24.23634147644043
1998-01-13,24.71786117553711
1998-01-14,25.19937515258789
1998-01-15,25.038875579833984
1998-01-16,27.28594970703125
1998-01-20,27.767467498779297
1998-01-21,27.28594970703125
1998-01-22,27.606962203979492
1998-01-23,28.570003509521484
1998-01-26,29.051511764526367
1998-01-27,29.212013244628906
1998-01-28,29.533035278320312
1998-01-29,29.051511764526367
1998-01-30,28.40949821472168
1998-02-02,29.051511764526367
1998-02-03,28.891006469726562
1998-02-04,28.891006469726562
1998-02-05,29.212013244628906
1998-02-06,29.372522354125977
1998-02-09,29.693531036376953
1998-02-10,29.693531036376953
1998-02-11,29.693531036376953
1998-02-12,29.212013244628906
1998-02-13,28.570003509521484
1998-02-17,28.40949821472168
1998-02-18,27.92797088623047
1998-02-19,27.446460723876953
1998-02-20,27.125442504882812
1998-02-23,26.96493911743164
1998-02-24,26.483427047729492
1998-02-25,26.804431915283203
1998-02-26,28.088472366333008
1998-02-27,28.73050308227539
1998-03-02,28.891006469726562
1998-03-03,28.891006469726562
1998-03-04,28.248977661132812
1998-03-05,27.92797088623047
1998-03-06,28.73050308227539
1998-03-09,27.767467498779297
1998-03-10,27.767467498779297
1998-03-11,27.28594970703125
1998-03-12,27.125442504882812
1998-03-13,27.767467498779297
1998-03-16,27.446460723876953
1998-03-17,27.28594970703125
1998-03-18,26.96493911743164
1998-03-19,26.64393424987793
1998-03-20,27.125442504882812
1998-03-23,26.804431915283203
1998-03-24,26.483427047729492
1998-03-25,26.804431915283203
1998-03-26,27.767467498779297
1998-03-27,27.28594970703125
1998-03-30,26.483427047729492
1998-03-31,25.52039337158203
1998-04-01,25.680891036987305
1998-04-02,24.878360748291016
1998-04-03,25.038875579833984
1998-04-06,25.52039337158203
1998-04-07,25.680891036987305
1998-04-08,26.804431915283203
1998-04-09,27.125442504882812
1998-04-13,27.125442504882812
1998-04-14,27.28594970703125
1998-04-15,26.96493911743164
1998-04-16,26.001909255981445
1998-04-17,26.16240692138672
1998-04-20,26.16240692138672
1998-04-21,26.32290267944336
1998-04-22,26.483427047729492
1998-04-23,26.64393424987793
1998-04-24,26.804431915283203
1998-04-27,25.038875579833984
1998-04-28,25.841400146484375
1998-04-29,26.001909255981445
1998-04-30,26.483427047729492
1998-05-01,26.32290267944336
1998-05-04,26.16240692138672
1998-05-05,26.32290267944336
1998-05-06,25.52039337158203
1998-05-07,25.359882354736328
1998-05-08,25.359882354736328
1998-05-11,25.680891036987305
1998-05-12,25.359882354736328
1998-05-13,25.038875579833984
1998-05-14,25.359882354736328
1998-05-15,25.19937515258789
1998-05-18,25.038875579833984
1998-05-19,25.359882354736328
1998-05-20,25.359882354736328
1998-05-21,25.680891036987305
1998-05-22,25.359882354736328
1998-05-26,25.038875579833984
1998-05-27,25.038875579833984
1998-05-28,25.038875579833984
1998-05-29,24.878360748291016
1998-06-01,24.07583236694336
1998-06-02,24.396852493286133
1998-06-03,24.396852493286133
1998-06-04,24.557357788085938
1998-06-05,24.23634147644043
1998-06-08,23.915332794189453
1998-06-09,24.07583236694336
1998-06-10,23.594324111938477
1998-06-11,22.79178810119629
1998-06-12,22.79178810119629
1998-06-15,21.828758239746094
1998-06-16,22.631282806396484
1998-06-17,25.038875579833984
1998-06-18,24.557357788085938
1998-06-19,25.359882354736328
1998-06-22,24.396852493286133
1998-06-23,23.75482749938965
1998-06-24,23.75482749938965
1998-06-25,23.43381690979004
1998-06-26,23.594324111938477
1998-06-29,23.75482749938965
1998-06-30,25.19937515258789
1998-07-01,26.483427047729492
1998-07-02,25.19937515258789
1998-07-06,24.878360748291016
1998-07-07,25.359882354736328
1998-07-08,25.52039337158203
1998-07-09,24.71786117553711
1998-07-10,24.878360748291016
1998-07-13,25.038875579833984
1998-07-14,25.680891036987305
1998-07-15,25.52039337158203
1998-07-16,26.32290267944336
1998-07-17,26.32290267944336
1998-07-20,26.32290267944336
1998-07-21,25.680891036987305
1998-07-22,24.878360748291016
1998-07-23,24.396852493286133
1998-07-24,24.878360748291016
1998-07-27,24.07583236694336
1998-07-28,24.07583236694336
1998-07-29,24.23634147644043
1998-07-30,24.396852493286133
1998-07-31,24.23634147644043
1998-08-03,23.273311614990234
1998-08-04,22.952299118041992
1998-08-05,24.07583236694336
1998-08-06,23.915332794189453
1998-08-07,23.11280632019043
1998-08-10,22.79178810119629
1998-08-11,21.9892635345459
1998-08-12,22.310274124145508
1998-08-13,22.470787048339844
1998-08-14,21.828758239746094
1998-08-17,21.828758239746094
1998-08-18,22.631282806396484
1998-08-19,22.79178810119629
1998-08-20,22.631282806396484
1998-08-21,22.470787048339844
1998-08-24,22.149770736694336
1998-08-25,22.17805290222168
1998-08-26,21.856643676757812
1998-08-27,20.892372131347656
1998-08-28,20.41023826599121
1998-08-31,20.249526977539062
1998-09-01,22.338768005371094
1998-09-02,22.338768005371094
1998-09-03,22.660188674926758
1998-09-04,22.17805290222168
1998-09-08,23.94586944580078
1998-09-09,22.660188674926758
1998-09-10,22.660188674926758
1998-09-11,22.660188674926758
1998-09-14,22.660188674926758
1998-09-15,22.499479293823242
1998-09-16,21.856643676757812
1998-09-17,22.017349243164062
1998-09-18,22.17805290222168
1998-09-21,21.53522300720215
1998-09-22,21.213790893554688
1998-09-23,21.856643676757812
1998-09-24,21.856643676757812
1998-09-25,21.53522300720215
1998-09-28,21.53522300720215
1998-09-29,21.856643676757812
1998-09-30,20.570953369140625
1998-10-01,19.767393112182617
1998-10-02,20.731657028198242
1998-10-05,19.9281063079834
1998-10-06,20.892372131347656
1998-10-07,23.624448776245117
1998-10-08,22.338768005371094
1998-10-09,23.4637393951416
1998-10-12,24.1065731048584
1998-10-13,23.4637393951416
1998-10-14,23.303028106689453
1998-10-15,24.427997589111328
1998-10-16,23.94586944580078
1998-10-19,24.91013526916504
1998-10-20,25.392269134521484
1998-10-21,26.195825576782227
1998-10-22,25.87439727783203
1998-10-23,25.070844650268555
1998-10-26,24.91013526916504
1998-10-27,24.588714599609375
1998-10-28,24.427997589111328
1998-10-29,24.74942970275879
1998-10-30,24.91013526916504
1998-11-02,26.838672637939453
1998-11-03,26.838672637939453
1998-11-04,27.160078048706055
1998-11-05,26.677955627441406
1998-11-06,26.195825576782227
1998-11-09,25.070844650268555
1998-11-10,24.91013526916504
1998-11-11,25.392269134521484
1998-11-12,25.070844650268555
1998-11-13,25.23155975341797
1998-11-16,25.87439727783203
1998-11-17,25.713685989379883
1998-11-18,25.23155975341797
1998-11-19,26.356523513793945
1998-11-20,26.677955627441406
1998-11-23,27.160078048706055
1998-11-24,26.677955627441406
1998-11-25,26.677955627441406
1998-11-27,26.677955627441406
1998-11-30,25.713685989379883
1998-12-01,26.195825576782227
1998-12-02,26.195825576782227
1998-12-03,26.035112380981445
1998-12-04,26.356523513793945
1998-12-07,26.035112380981445
1998-12-08,26.035112380981445
1998-12-09,26.999370574951172
1998-12-10,26.677955627441406
1998-12-11,26.517244338989258
1998-12-14,25.87439727783203
1998-12-15,26.035112380981445
1998-12-16,26.035112380981445
1998-12-17,26.356523513793945
1998-12-18,26.677955627441406
1998-12-21,26.517244338989258
1998-12-22,25.577781677246094
1998-12-23,25.577781677246094
1998-12-24,25.25604820251465
1998-12-28,25.577781677246094
1998-12-29,25.899517059326172
1998-12-30,26.060382843017578
1998-12-31,26.382108688354492
1999-01-04,26.22125244140625
1999-01-05,26.060382843017578
1999-01-06,26.382108688354492
1999-01-07,26.542980194091797
1999-01-08,26.542980194091797
1999-01-11,26.22125244140625
1999-01-12,25.577781677246094
1999-01-13,25.416919708251953
1999-01-14,25.577781677246094
1999-01-15,26.22125244140625
1999-01-19,25.899517059326172
1999-01-20,26.542980194091797
1999-01-21,26.703842163085938
1999-01-22,26.22125244140625
1999-01-25,26.542980194091797
1999-01-26,27.186437606811523
1999-01-27,26.703842163085938
1999-01-28,26.703842163085938
1999-01-29,27.02558135986328
1999-02-01,26.864713668823242
1999-02-02,27.186437606811523
1999-02-03,27.02558135986328
1999-02-04,26.864713668823242
1999-02-05,26.382108688354492
1999-02-08,26.382108688354492
1999-02-09,26.060382843017578
1999-02-10,26.060382843017578
1999-02-11,26.060382843017578
1999-02-12,26.382108688354492
1999-02-16,26.22125244140625
1999-02-17,25.577781677246094
1999-02-18,25.577781677246094
1999-02-19,25.25604820251465
1999-02-22,25.73863983154297
1999-02-23,25.73863983154297
1999-02-24,25.25604820251465
1999-02-25,26.060382843017578
1999-02-26,26.060382843017578
1999-03-01,25.73863983154297
1999-03-02,25.095176696777344
1999-03-03,25.095176696777344
1999-03-04,25.095176696777344
1999-03-05,26.22125244140625
1999-03-08,26.542980194091797
1999-03-09,27.186437606811523
1999-03-10,27.829912185668945
1999-03-11,28.47337532043457
1999-03-12,28.47337532043457
1999-03-15,28.955982208251953
1999-03-16,29.599449157714844
1999-03-17,30.24291229248047
1999-03-18,30.082035064697266
1999-03-19,30.24291229248047
1999-03-22,30.24291229248047
1999-03-23,29.2777099609375
1999-03-24,29.599449157714844
1999-03-25,30.403783798217773
1999-03-26,29.599449157714844
1999-03-29,30.082035064697266
1999-03-30,29.76031494140625
1999-03-31,29.599449157714844
1999-04-01,30.56464195251465
1999-04-05,30.403783798217773
1999-04-06,31.047252655029297
1999-04-07,30.886377334594727
1999-04-08,31.368982315063477
1999-04-09,31.047252655029297
1999-04-12,30.886377334594727
1999-04-13,31.047252655029297
1999-04-14,31.851572036743164
1999-04-15,31.690698623657227
1999-04-16,31.851572036743164
1999-04-19,31.208114624023438
1999-04-20,31.52985191345215
1999-04-21,31.047252655029297
1999-04-22,31.047252655029297
1999-04-23,31.368982315063477
1999-04-26,31.52985191345215
1999-04-27,31.851572036743164
1999-04-28,31.690698623657227
1999-04-29,31.690698623657227
1999-04-30,30.886377334594727
1999-05-03,31.368982315063477
1999-05-04,31.368982315063477
1999-05-05,31.208114624023438
1999-05-06,31.851572036743164
1999-05-07,31.52985191345215
1999-05-10,31.690698623657227
1999-05-11,31.368982315063477
1999-05-12,31.047252655029297
1999-05-13,30.56464195251465
1999-05-14,30.24291229248047
1999-05-17,29.116846084594727
1999-05-18,29.2777099609375
1999-05-19,28.955982208251953
1999-05-20,28.955982208251953
1999-05-21,28.63424301147461
1999-05-24,28.795108795166016
1999-05-25,28.955982208251953
1999-05-26,29.599449157714844
1999-05-27,28.63424301147461
1999-05-28,29.116846084594727
1999-06-01,30.082035064697266
1999-06-02,30.082035064697266
1999-06-03,29.599449157714844
1999-06-04,29.599449157714844
1999-06-07,30.082035064697266
1999-06-08,30.403783798217773
1999-06-09,30.56464195251465
1999-06-10,31.368982315063477
1999-06-11,32.33418655395508
1999-06-14,31.690698623657227
1999-06-15,32.0124397277832
1999-06-16,32.0124397277832
1999-06-17,32.49504470825195
1999-06-18,32.0124397277832
1999-06-21,32.0124397277832
1999-06-22,32.0124397277832
1999-06-23,31.368982315063477
1999-06-24,31.52985191345215
1999-06-25,31.52985191345215
1999-06-28,31.690698623657227
1999-06-29,32.173309326171875
1999-06-30,32.173309326171875
1999-07-01,32.8167839050293
1999-07-02,32.97764205932617
1999-07-06,32.8167839050293
1999-07-07,32.97764205932617
1999-07-08,32.65591812133789
1999-07-09,32.33418655395508
1999-07-12,32.97764205932617
1999-07-13,32.97764205932617
1999-07-14,33.62110900878906
1999-07-15,33.942848205566406
1999-07-16,33.942848205566406
1999-07-19,34.42544174194336
1999-07-20,33.78197479248047
1999-07-21,34.10371398925781
1999-07-22,32.97764205932617
1999-07-23,32.8167839050293
1999-07-26,32.65591812133789
1999-07-27,33.460243225097656
1999-07-28,33.62110900878906
1999-07-29,33.78197479248047
1999-07-30,34.586299896240234
1999-08-02,34.42544174194336
1999-08-03,34.42544174194336
1999-08-04,33.942848205566406
1999-08-05,33.78197479248047
1999-08-06,32.97764205932617
1999-08-09,32.97764205932617
1999-08-10,32.8167839050293
1999-08-11,33.13850784301758
1999-08-12,33.460243225097656
1999-08-13,33.942848205566406
1999-08-16,34.26456832885742
1999-08-17,34.747161865234375
1999-08-18,34.586299896240234
1999-08-19,35.22977066040039
1999-08-20,36.67757797241211
1999-08-23,36.51671600341797
1999-08-24,36.03411102294922
1999-08-25,35.678932189941406
1999-08-26,35.194602966308594
1999-08-27,35.03315353393555
1999-08-30,35.517486572265625
1999-08-31,34.5488395690918
1999-09-01,36.00181198120117
1999-09-02,34.87171173095703
1999-09-03,35.678932189941406
1999-09-07,34.87171173095703
1999-09-08,35.194602966308594
1999-09-09,36.324710845947266
1999-09-10,36.16326904296875
1999-09-13,36.97047424316406
1999-09-14,36.48615264892578
1999-09-15,36.97047424316406
1999-09-16,36.48615264892578
1999-09-17,36.48615264892578
1999-09-20,36.80904006958008
1999-09-21,36.324710845947266
1999-09-22,36.16326904296875
1999-09-23,35.84038543701172
1999-09-24,35.03315353393555
1999-09-27,35.194602966308594
1999-09-28,35.678932189941406
1999-09-29,35.356040954589844
1999-09-30,36.00181198120117
1999-10-01,36.80904006958008
1999-10-04,36.97047424316406
1999-10-05,36.16326904296875
1999-10-06,36.64760208129883
1999-10-07,36.48615264892578
1999-10-08,36.80904006958008
1999-10-11,36.97047424316406
1999-10-12,37.131919860839844
1999-10-13,36.00181198120117
1999-10-14,37.131919860839844
1999-10-15,36.324710845947266
1999-10-18,35.678932189941406
1999-10-19,36.16326904296875
1999-10-20,36.64760208129883
1999-10-21,36.48615264892578
1999-10-22,36.97047424316406
1999-10-25,36.97047424316406
1999-10-26,37.61625671386719
1999-10-27,37.45479965209961
1999-10-28,37.61625671386719
1999-10-29,38.262020111083984
1999-11-01,37.77769470214844
1999-11-02,37.93913269042969
1999-11-03,38.423458099365234
1999-11-04,38.58489990234375
1999-11-05,38.423458099365234
1999-11-08,38.262020111083984
1999-11-09,38.262020111083984
1999-11-10,38.90778732299805
1999-11-11,38.58489990234375
1999-11-12,38.746360778808594
1999-11-15,38.58489990234375
1999-11-16,38.423458099365234
1999-11-17,38.58489990234375
1999-11-18,39.23067855834961
1999-11-19,39.392127990722656
1999-11-22,40.037899017333984
1999-11-23,39.87645721435547
1999-11-24,39.87645721435547
1999-11-26,40.683677673339844
1999-11-29,40.360782623291016
1999-11-30,39.392127990722656
1999-12-01,39.392127990722656
1999-12-02,39.55356216430664
1999-12-03,40.19932556152344
1999-12-06,39.392127990722656
1999-12-07,39.715003967285156
1999-12-08,39.069236755371094
1999-12-09,39.55356216430664
1999-12-10,39.715003967285156
1999-12-13,39.069236755371094
1999-12-14,38.58489990234375
1999-12-15,38.746360778808594
1999-12-16,39.23067855834961
1999-12-17,39.392127990722656
1999-12-20,39.715003967285156
1999-12-21,39.51337814331055
1999-12-22,40.489013671875
1999-12-23,40.81422424316406
1999-12-27,40.489013671875
1999-12-28,41.464656829833984
1999-12-29,42.11508560180664
1999-12-30,42.11508560180664
1999-12-31,42.44029998779297
2000-01-03,42.11508560180664
2000-01-04,40.97684097290039
2000-01-05,39.83858871459961
2000-01-06,38.21253967285156
2000-01-07,39.025550842285156
2000-01-10,39.67597961425781
2000-01-11,39.35076904296875
2000-01-12,39.025550842285156
2000-01-13,39.67597961425781
2000-01-14,40.0012092590332
2000-01-18,39.67597961425781
2000-01-19,39.35076904296875
2000-01-20,39.025550842285156
2000-01-21,38.86295700073242
2000-01-24,38.70035171508789
2000-01-25,39.18816375732422
2000-01-26,39.67597961425781
2000-01-27,39.35076904296875
2000-01-28,39.025550842285156
2000-01-31,40.0012092590332
2000-02-01,40.0012092590332
2000-02-02,40.32639694213867
2000-02-03,40.97684097290039
2000-02-04,41.62726593017578
2000-02-07,40.97684097290039
2000-02-08,40.32639694213867
2000-02-09,40.32639694213867
2000-02-10,40.32639694213867
2000-02-11,40.0012092590332
2000-02-14,40.65162658691406
2000-02-15,39.35076904296875
2000-02-16,39.18816375732422
2000-02-17,39.51337814331055
2000-02-18,38.86295700073242
2000-02-22,38.21253967285156
2000-02-23,37.88731384277344
2000-02-24,38.049922943115234
2000-02-25,38.53774642944336
2000-02-28,39.18816375732422
2000-02-29,39.51337814331055
2000-03-01,40.32639694213867
2000-03-02,39.51337814331055
2000-03-03,39.83858871459961
2000-03-06,38.37513732910156
2000-03-07,38.86295700073242
2000-03-08,39.51337814331055
2000-03-09,39.18816375732422
2000-03-10,38.86295700073242
2000-03-13,36.91167068481445
2000-03-14,37.562095642089844
2000-03-15,38.049922943115234
2000-03-16,39.51337814331055
2000-03-17,39.025550842285156
2000-03-20,39.35076904296875
2000-03-21,39.18816375732422
2000-03-22,38.86295700073242
2000-03-23,38.86295700073242
2000-03-24,38.86295700073242
2000-03-27,39.35076904296875
2000-03-28,40.32639694213867
2000-03-29,41.62726593017578
2000-03-30,41.30205535888672
2000-03-31,42.92811584472656
2000-04-03,42.44029998779297
2000-04-04,41.30205535888672
2000-04-05,41.464656829833984
2000-04-06,41.30205535888672
2000-04-07,41.464656829833984
2000-04-10,41.30205535888672
2000-04-11,40.97684097290039
2000-04-12,41.30205535888672
2000-04-13,40.65162658691406
2000-04-14,39.35076904296875
2000-04-17,39.35076904296875
2000-04-18,39.51337814331055
2000-04-19,39.18816375732422
2000-04-20,39.83858871459961
2000-04-24,39.67597961425781
2000-04-25,40.81422424316406
2000-04-26,40.0012092590332
2000-04-27,39.51337814331055
2000-04-28,39.67597961425781
2000-05-01,40.489013671875
2000-05-02,40.0012092590332
2000-05-03,39.51337814331055
2000-05-04,40.0012092590332
2000-05-05,40.0012092590332
2000-05-08,39.67597961425781
2000-05-09,39.18816375732422
2000-05-10,38.86295700073242
2000-05-11,38.41579055786133
2000-05-12,39.025550842285156
2000-05-15,38.86295700073242
2000-05-16,39.025550842285156
2000-05-17,38.049922943115234
2000-05-18,38.21253967285156
2000-05-19,37.72470474243164
2000-05-22,36.74906921386719
2000-05-23,36.74906921386719
2000-05-24,37.39948654174805
2000-05-25,37.07429122924805
2000-05-26,37.39948654174805
2000-05-30,38.37513732910156
2000-05-31,37.39948654174805
2000-06-01,37.88731384277344
2000-06-02,39.025550842285156
2000-06-05,39.025550842285156
2000-06-06,39.18816375732422
2000-06-07,39.35076904296875
2000-06-08,39.025550842285156
2000-06-09,38.70035171508789
2000-06-12,38.53774642944336
2000-06-13,38.53774642944336
2000-06-14,38.049922943115234
2000-06-15,37.39948654174805
2000-06-16,37.23688507080078
2000-06-19,38.37513732910156
2000-06-20,38.86295700073242
2000-06-21,39.025550842285156
2000-06-22,39.35076904296875
2000-06-23,38.70035171508789
2000-06-26,38.70035171508789
2000-06-27,39.18816375732422
2000-06-28,39.67597961425781
2000-06-29,42.11508560180664
2000-06-30,39.51337814331055
2000-07-03,39.83858871459961
2000-07-05,38.86295700073242
2000-07-06,39.18816375732422
2000-07-07,39.35076904296875
2000-07-10,39.51337814331055
2000-07-11,39.51337814331055
2000-07-12,39.18816375732422
2000-07-13,38.37513732910156
2000-07-14,38.37513732910156
2000-07-17,38.21253967285156
2000-07-18,37.07429122924805
2000-07-19,36.74906921386719
2000-07-20,37.562095642089844
2000-07-21,36.42384338378906
2000-07-24,35.77342987060547
2000-07-25,36.26124954223633
2000-07-26,35.93602752685547
2000-07-27,35.285606384277344
2000-07-28,34.309974670410156
2000-07-31,35.12300109863281
2000-08-01,35.448211669921875
2000-08-02,35.448211669921875
2000-08-03,35.285606384277344
2000-08-04,35.448211669921875
2000-08-07,35.61081314086914
2000-08-08,35.448211669921875
2000-08-09,35.77342987060547
2000-08-10,35.61081314086914
2000-08-11,36.09864044189453
2000-08-14,35.93602752685547
2000-08-15,36.26124954223633
2000-08-16,35.77342987060547
2000-08-17,35.77342987060547
2000-08-18,35.93602752685547
2000-08-21,35.77342987060547
2000-08-22,35.93602752685547
2000-08-23,36.586456298828125
2000-08-24,37.29472732543945
2000-08-25,37.630699157714844
2000-08-28,38.13469314575195
2000-08-29,37.96670150756836
2000-08-30,37.1267204284668
2000-08-31,37.46272277832031
2000-09-01,37.79869842529297
2000-09-05,36.62274169921875
2000-09-06,36.62274169921875
2000-09-07,36.958736419677734
2000-09-08,36.790733337402344
2000-09-11,36.28675842285156
2000-09-12,35.950775146484375
2000-09-13,35.78276443481445
2000-09-14,35.78276443481445
2000-09-15,35.44679641723633
2000-09-18,35.61477279663086
2000-09-19,36.28675842285156
2000-09-20,36.454750061035156
2000-09-21,36.1187744140625
2000-09-22,35.78276443481445
2000-09-25,35.44679641723633
2000-09-26,35.61477279663086
2000-09-27,35.11079025268555
2000-09-28,35.61477279663086
2000-09-29,35.61477279663086
2000-10-02,35.61477279663086
2000-10-03,36.1187744140625
2000-10-04,36.28675842285156
2000-10-05,36.1187744140625
2000-10-06,35.61477279663086
2000-10-09,35.61477279663086
2000-10-10,35.61477279663086
2000-10-11,34.774810791015625
2000-10-12,34.27083206176758
2000-10-13,35.11079025268555
2000-10-16,34.774810791015625
2000-10-17,34.102840423583984
2000-10-18,33.598854064941406
2000-10-19,34.4388313293457
2000-10-20,34.102840423583984
2000-10-23,34.27083206176758
2000-10-24,34.102840423583984
2000-10-25,33.598854064941406
2000-10-26,33.76685333251953
2000-10-27,34.27083206176758
2000-10-30,33.43085861206055
2000-10-31,34.102840423583984
2000-11-01,33.93484115600586
2000-11-02,34.60681915283203
2000-11-03,35.11079025268555
2000-11-06,35.278785705566406
2000-11-07,35.11079025268555
2000-11-08,34.774810791015625
2000-11-09,34.27083206176758
2000-11-10,33.598854064941406
2000-11-13,33.43085861206055
2000-11-14,34.102840423583984
2000-11-15,33.598854064941406
2000-11-16,32.59088134765625
2000-11-17,32.92687225341797
2000-11-20,32.25490188598633
2000-11-21,31.91891098022461
2000-11-22,31.414941787719727
2000-11-24,31.58292007446289
2000-11-27,32.0869026184082
2000-11-28,31.91891098022461
2000-11-29,31.750913619995117
2000-11-30,31.58292007446289
2000-12-01,32.59088134765625
2000-12-04,32.0869026184082
2000-12-05,32.0869026184082
2000-12-06,32.0869026184082
2000-12-07,31.750913619995117
2000-12-08,31.750913619995117
2000-12-11,32.758880615234375
2000-12-12,32.25490188598633
2000-12-13,31.91891098022461
2000-12-14,31.91891098022461
2000-12-15,31.078933715820312
2000-12-18,31.246929168701172
2000-12-19,30.40696144104004
2000-12-20,30.93012809753418
2000-12-21,30.75338363647461
2000-12-22,31.283605575561523
2000-12-26,31.106861114501953
2000-12-27,31.460351943969727
2000-12-28,31.460351943969727
2000-12-29,31.283605575561523
2001-01-02,31.106861114501953
2001-01-03,32.520809173583984
2001-01-04,30.93012809753418
2001-01-05,30.75338363647461
2001-01-08,30.93012809753418
2001-01-09,30.75338363647461
2001-01-10,30.576635360717773
2001-01-11,29.69291114807129
2001-01-12,29.69291114807129
2001-01-16,30.22315216064453
2001-01-17,30.75338363647461
2001-01-18,31.637096405029297
2001-01-19,31.106861114501953
2001-01-22,31.283605575561523
2001-01-23,31.283605575561523
2001-01-24,30.93012809753418
2001-01-25,30.93012809753418
2001-01-26,30.576635360717773
2001-01-29,31.191696166992188
2001-01-30,31.304813385009766
2001-01-31,31.106861114501953
2001-02-01,31.219980239868164
2001-02-02,30.795801162719727
2001-02-05,30.626115798950195
2001-02-06,30.59783172607422
2001-02-07,30.117097854614258
2001-02-08,30.06053924560547
2001-02-09,30.117097854614258
2001-02-12,30.06053924560547
2001-02-13,30.20194435119629
2001-02-14,29.947425842285156
2001-02-15,30.399885177612305
2001-02-16,29.69291114807129
2001-02-20,29.834312438964844
2001-02-21,29.494966506958008
2001-02-22,29.579805374145508
2001-02-23,30.17365074157715
2001-02-26,30.315059661865234
2001-02-27,29.975704193115234
2001-02-28,29.777759552001953
2001-03-01,29.381855010986328
2001-03-02,28.278968811035156
2001-03-05,28.2224063873291
2001-03-06,29.09906005859375
2001-03-07,29.070772171020508
2001-03-08,29.09906005859375
2001-03-09,28.448650360107422
2001-03-12,27.543716430664062
2001-03-13,27.769947052001953
2001-03-14,25.90353775024414
2001-03-15,27.260927200317383
2001-03-16,27.147815704345703
2001-03-19,27.487159729003906
2001-03-20,27.289199829101562
2001-03-21,28.618309020996094
2001-03-22,28.278968811035156
2001-03-23,29.6363525390625
2001-03-26,30.399885177612305
2001-03-27,31.16342544555664
2001-03-28,30.20194435119629
2001-03-29,29.297014236450195
2001-03-30,28.957664489746094
2001-04-02,28.448650360107422
2001-04-03,28.759708404541016
2001-04-04,29.5515193939209
2001-04-05,30.541288375854492
2001-04-06,29.919147491455078
2001-04-09,28.901098251342773
2001-04-10,29.297014236450195
2001-04-11,29.12734603881836
2001-04-12,29.74947738647461
2001-04-16,29.155620574951172
2001-04-17,29.26873016357422
2001-04-18,31.361377716064453
2001-04-19,30.880630493164062
2001-04-20,30.51300811767578
2001-04-23,30.456453323364258
2001-04-24,30.484724044799805
2001-04-25,30.824087142944336
2001-04-26,30.824087142944336
2001-04-27,31.361377716064453
2001-04-30,31.7289981842041
2001-05-01,32.49252700805664
2001-05-02,32.60563659667969
2001-05-03,32.379432678222656
2001-05-04,32.464256286621094
2001-05-07,33.11467742919922
2001-05-08,32.464256286621094
2001-05-09,31.700719833374023
2001-05-10,31.58760643005371
2001-05-11,31.446212768554688
2001-05-14,30.93717384338379
2001-05-15,31.219980239868164
2001-05-16,31.135149002075195
2001-05-17,31.304813385009766
2001-05-18,31.078588485717773
2001-05-21,31.785564422607422
2001-05-22,31.304813385009766
2001-05-23,31.672449111938477
2001-05-24,31.672449111938477
2001-05-25,31.446212768554688
2001-05-29,30.90890884399414
2001-05-30,30.68267250061035
2001-05-31,30.795801162719727
2001-06-01,30.59783172607422
2001-06-04,30.710960388183594
2001-06-05,30.626115798950195
2001-06-06,30.20194435119629
2001-06-07,30.399885177612305
2001-06-08,30.371618270874023
2001-06-11,29.69291114807129
2001-06-12,29.297014236450195
2001-06-13,29.26873016357422
2001-06-14,28.957664489746094
2001-06-15,28.590036392211914
2001-06-18,28.646587371826172
2001-06-19,28.476932525634766
2001-06-20,28.505205154418945
2001-06-21,29.12734603881836
2001-06-22,28.98594093322754
2001-06-25,28.788000106811523
2001-06-26,28.872821807861328
2001-06-27,28.731430053710938
2001-06-28,28.844552993774414
2001-06-29,28.92937660217285
2001-07-02,28.872821807861328
2001-07-03,28.788000106811523
2001-07-05,27.883071899414062
2001-07-06,27.176076889038086
2001-07-09,27.543716430664062
2001-07-10,27.289199829101562
2001-07-11,27.402320861816406
2001-07-12,28.165851593017578
2001-07-13,27.685110092163086
2001-07-16,27.289199829101562
2001-07-17,27.204374313354492
2001-07-18,26.751895904541016
2001-07-19,27.006418228149414
2001-07-20,27.034698486328125
2001-07-23,26.016647338867188
2001-07-24,26.073209762573242
2001-07-25,26.80845832824707
2001-07-26,26.4691162109375
2001-07-27,26.978124618530273
2001-07-30,26.101486206054688
2001-07-31,26.58222770690918
2001-08-01,27.062973022460938
2001-08-02,27.685110092163086
2001-08-03,27.289199829101562
2001-08-06,27.119524002075195
2001-08-07,27.374052047729492
2001-08-08,27.119524002075195
2001-08-09,27.034698486328125
2001-08-10,26.865028381347656
2001-08-13,26.69534683227539
2001-08-14,27.23264503479004
2001-08-15,27.23264503479004
2001-08-16,27.31749153137207
2001-08-17,26.4691162109375
2001-08-20,26.58222770690918
2001-08-21,26.72362518310547
2001-08-22,26.978124618530273
2001-08-23,26.4691162109375
2001-08-24,26.865028381347656
2001-08-27,26.6387882232666
2001-08-28,26.327716827392578
2001-08-29,25.90353775024414
2001-08-30,25.451072692871094
2001-08-31,25.846982955932617
2001-09-04,25.33795928955078
2001-09-05,24.857208251953125
2001-09-06,24.517868041992188
2001-09-07,24.461313247680664
2001-09-10,24.319915771484375
2001-09-17,23.443267822265625
2001-09-18,23.49982452392578
2001-09-19,23.92400550842285
2001-09-20,23.1321964263916
2001-09-21,22.905969619750977
2001-09-24,23.754329681396484
2001-09-25,23.61294174194336
2001-09-26,23.273590087890625
2001-09-27,23.019088745117188
2001-09-28,23.754329681396484
2001-10-01,23.61294174194336
2001-10-02,24.178524017333984
2001-10-03,24.404747009277344
2001-10-04,24.319915771484375
2001-10-05,24.037128448486328
2001-10-08,24.12195587158203
2001-10-09,23.669498443603516
2001-10-10,23.952289581298828
2001-10-11,24.461313247680664
2001-10-12,24.461313247680664
2001-10-15,24.23507308959961
2001-10-16,24.43303108215332
2001-10-17,24.348188400268555
2001-10-18,24.178524017333984
2001-10-19,24.206796646118164
2001-10-22,24.43303108215332
2001-10-23,24.461313247680664
2001-10-24,24.517868041992188
2001-10-25,24.97032928466797
2001-10-26,24.7158145904541
2001-10-29,24.12195587158203
2001-10-30,23.528095245361328
2001-10-31,23.726055145263672
2001-11-01,24.037128448486328
2001-11-02,23.952289581298828
2001-11-05,24.12195587158203
2001-11-06,24.517868041992188
2001-11-07,23.697776794433594
2001-11-08,23.952289581298828
2001-11-09,23.49982452392578
2001-11-12,23.301870346069336
2001-11-13,23.471542358398438
2001-11-14,23.2170352935791
2001-11-15,23.64121437072754
2001-11-16,23.61294174194336
2001-11-19,23.782617568969727
2001-11-20,23.782617568969727
2001-11-21,23.98056983947754
2001-11-23,23.98056983947754
2001-11-26,24.376474380493164
2001-11-27,24.178524017333984
2001-11-28,23.61294174194336
2001-11-29,23.584657669067383
2001-11-30,23.697776794433594
2001-12-03,23.18876075744629
2001-12-04,23.273590087890625
2001-12-05,23.92400550842285
2001-12-06,23.726055145263672
2001-12-07,23.2170352935791
2001-12-10,22.396940231323242
2001-12-11,22.594900131225586
2001-12-12,22.877687454223633
2001-12-13,22.28382682800293
2001-12-14,22.368663787841797
2001-12-17,22.029315948486328
2001-12-18,22.198991775512695
2001-12-19,22.085874557495117
2001-12-20,22.057598114013672
2001-12-21,22.085874557495117
2001-12-24,21.85964012145996
2001-12-26,21.548582077026367
2001-12-27,21.689966201782227
2001-12-28,22.198991775512695
2001-12-31,21.803085327148438
2002-01-02,21.916196823120117
2002-01-03,22.453500747680664
2002-01-04,22.821128845214844
2002-01-07,22.42521858215332
2002-01-08,21.944477081298828
2002-01-09,21.831363677978516
2002-01-10,21.605133056640625
2002-01-11,21.350616455078125
2002-01-14,21.067834854125977
2002-01-15,21.2092227935791
2002-01-16,20.9547176361084
2002-01-17,21.15266990661621
2002-01-18,21.237504959106445
2002-01-22,20.700204849243164
2002-01-23,20.58709144592285
2002-01-24,20.360857009887695
2002-01-25,20.558813095092773
2002-01-28,20.7850399017334
2002-01-29,20.219459533691406
2002-01-30,20.360857009887695
2002-01-31,20.19117546081543
2002-02-01,19.936676025390625
2002-02-04,19.569046020507812
2002-02-05,19.088306427001953
2002-02-06,18.975191116333008
2002-02-07,19.5407657623291
2002-02-08,20.04979133605957
2002-02-11,20.219459533691406
2002-02-12,20.360857009887695
2002-02-13,20.728490829467773
2002-02-14,20.700204849243164
2002-02-15,20.558813095092773
2002-02-19,19.766996383666992
2002-02-20,20.04979133605957
2002-02-21,20.389141082763672
2002-02-22,20.728490829467773
2002-02-25,20.89815902709961
2002-02-26,20.558813095092773
2002-02-27,21.067834854125977
2002-02-28,21.1243896484375
2002-03-01,22.057598114013672
2002-03-04,23.330150604248047
2002-03-05,22.905969619750977
2002-03-06,23.584657669067383
2002-03-07,24.319915771484375
2002-03-08,24.206796646118164
2002-03-11,24.517868041992188
2002-03-12,23.86745262145996
2002-03-13,23.18876075744629
2002-03-14,23.471542358398438
2002-03-15,24.093679428100586
2002-03-18,23.245315551757812
2002-03-19,23.86745262145996
2002-03-20,23.2170352935791
2002-03-21,23.273590087890625
2002-03-22,22.7080135345459
2002-03-25,22.48177719116211
2002-03-26,22.594900131225586
2002-03-27,22.7080135345459
2002-03-28,23.019088745117188
2002-04-01,22.25554847717285
2002-04-02,22.25554847717285
2002-04-03,22.679737091064453
2002-04-04,23.047353744506836
2002-04-05,23.273590087890625
2002-04-08,22.962520599365234
2002-04-09,22.792856216430664
2002-04-10,23.245315551757812
2002-04-11,22.566619873046875
2002-04-12,22.6231746673584
2002-04-15,22.566619873046875
2002-04-16,23.330150604248047
2002-04-17,23.358428955078125
2002-04-18,23.556379318237305
2002-04-19,23.528095245361328
2002-04-22,23.669498443603516
2002-04-23,23.839174270629883
2002-04-24,23.669498443603516
2002-04-25,23.98056983947754
2002-04-26,23.86745262145996
2002-04-29,23.726055145263672
2002-04-30,23.86745262145996
2002-05-01,24.037128448486328
2002-05-02,24.093679428100586
2002-05-03,24.12195587158203
2002-05-06,23.86745262145996
2002-05-07,23.528095245361328
2002-05-08,24.178524017333984
2002-05-09,23.782617568969727
2002-05-10,23.726055145263672
2002-05-13,23.952289581298828
2002-05-14,23.952289581298828
2002-05-15,23.92400550842285
2002-05-16,24.517868041992188
2002-05-17,25.08344078063965
2002-05-20,25.253124237060547
2002-05-21,25.168277740478516
2002-05-22,25.705577850341797
2002-05-23,25.705577850341797
2002-05-24,25.64902114868164
2002-05-28,25.451072692871094
2002-05-29,25.28139877319336
2002-05-30,25.451072692871094
2002-05-31,25.33795928955078
2002-06-03,25.451072692871094
2002-06-04,25.28139877319336
2002-06-05,25.196563720703125
2002-06-06,24.57442283630371
2002-06-07,24.828933715820312
2002-06-10,24.57442283630371
2002-06-11,24.461313247680664
2002-06-12,24.206796646118164
2002-06-13,23.810894012451172
2002-06-14,23.556379318237305
2002-06-17,23.556379318237305
2002-06-18,23.245315551757812
2002-06-19,22.48177719116211
2002-06-20,22.736289978027344
2002-06-21,22.53833770751953
2002-06-24,22.905969619750977
2002-06-25,22.990800857543945
2002-06-26,22.84940528869629
2002-06-27,23.386707305908203
2002-06-28,23.839174270629883
2002-07-01,23.556379318237305
2002-07-02,23.528095245361328
2002-07-03,24.206796646118164
2002-07-05,24.57442283630371
2002-07-08,24.319915771484375
2002-07-09,24.517868041992188
2002-07-10,24.178524017333984
2002-07-11,24.037128448486328
2002-07-12,24.06540298461914
2002-07-15,23.839174270629883
2002-07-16,23.330150604248047
2002-07-17,23.810894012451172
2002-07-18,23.810894012451172
2002-07-19,23.18876075744629
2002-07-22,23.18876075744629
2002-07-23,22.990800857543945
2002-07-24,23.64121437072754
2002-07-25,22.7080135345459
2002-07-26,22.114152908325195
2002-07-29,22.679737091064453
2002-07-30,22.594900131225586
2002-07-31,22.227272033691406
2002-08-01,21.689966201782227
2002-08-02,21.916196823120117
2002-08-05,21.633405685424805
2002-08-06,21.74652671813965
2002-08-07,22.31209945678711
2002-08-08,22.28382682800293
2002-08-09,22.510061264038086
2002-08-12,22.142433166503906
2002-08-13,22.00104331970215
2002-08-14,22.792856216430664
2002-08-15,22.905969619750977
2002-08-16,22.6231746673584
2002-08-19,22.340389251708984
2002-08-20,21.831363677978516
2002-08-21,22.057598114013672
2002-08-22,22.31209945678711
2002-08-23,22.114152908325195
2002-08-26,22.679737091064453
2002-08-27,22.566619873046875
2002-08-28,22.142433166503906
2002-08-29,21.97276496887207
2002-08-30,22.085874557495117
2002-09-03,20.982994079589844
2002-09-04,21.096105575561523
2002-09-05,20.841594696044922
2002-09-06,21.2092227935791
2002-09-09,21.1243896484375
2002-09-10,21.039554595947266
2002-09-11,21.096105575561523
2002-09-12,20.9547176361084
2002-09-13,20.558813095092773
2002-09-16,20.417417526245117
2002-09-17,20.756765365600586
2002-09-18,21.71824836730957
2002-09-19,21.294069290161133
2002-09-20,21.011274337768555
2002-09-23,20.502254486083984
2002-09-24,20.16289710998535
2002-09-25,20.445695877075195
2002-09-26,20.841594696044922
2002-09-27,20.89815902709961
2002-09-30,20.728490829467773
2002-10-01,20.869882583618164
2002-10-02,20.021512985229492
2002-10-03,19.880115509033203
2002-10-04,19.795284271240234
2002-10-07,19.031742095947266
2002-10-08,19.28626251220703
2002-10-09,18.579282760620117
2002-10-10,18.9469051361084
2002-10-11,19.371091842651367
2002-10-14,19.25798225402832
2002-10-15,20.19117546081543
2002-10-16,19.484207153320312
2002-10-17,19.964950561523438
2002-10-18,19.71044158935547
2002-10-21,19.936676025390625
2002-10-22,19.06002426147461
2002-10-23,19.371091842651367
2002-10-24,19.06002426147461
2002-10-25,19.484207153320312
2002-10-28,19.484207153320312
2002-10-29,19.427654266357422
2002-10-30,19.795284271240234
2002-10-31,19.5407657623291
2002-11-01,19.908395767211914
2002-11-04,19.993223190307617
2002-11-05,20.360857009887695
2002-11-06,20.389141082763672
2002-11-07,19.964950561523438
2002-11-08,19.766996383666992
2002-11-11,19.314538955688477
2002-11-12,19.484207153320312
2002-11-13,19.342819213867188
2002-11-14,19.371091842651367
2002-11-15,19.65388298034668
2002-11-18,19.06002426147461
2002-11-19,18.777238845825195
2002-11-20,19.25798225402832
2002-11-21,19.597326278686523
2002-11-22,19.5407657623291
2002-11-25,19.908395767211914
2002-11-26,19.65388298034668
2002-11-27,20.106348037719727
2002-11-29,20.247737884521484
2002-12-02,20.078067779541016
2002-12-03,19.880115509033203
2002-12-04,19.512493133544922
2002-12-05,19.314538955688477
2002-12-06,19.484207153320312
2002-12-09,19.25798225402832
2002-12-10,19.399370193481445
2002-12-11,19.28626251220703
2002-12-12,19.371091842651367
2002-12-13,19.25798225402832
2002-12-16,19.371091842651367
2002-12-17,19.22969627380371
2002-12-18,18.692398071289062
2002-12-19,18.975191116333008
2002-12-20,19.173137664794922
2002-12-23,19.088306427001953
2002-12-24,19.22969627380371
2002-12-26,19.512493133544922
2002-12-27,19.427654266357422
2002-12-30,19.738719940185547
2002-12-31,19.65388298034668
2003-01-02,20.021512985229492
2003-01-03,19.993223190307617
2003-01-06,20.360857009887695
2003-01-07,19.71044158935547
2003-01-08,19.455930709838867
2003-01-09,19.766996383666992
2003-01-10,19.569046020507812
2003-01-13,19.569046020507812
2003-01-14,19.936676025390625
2003-01-15,20.106348037719727
2003-01-16,20.304298400878906
2003-01-17,20.19117546081543
2003-01-21,20.134624481201172
2003-01-22,20.078067779541016
2003-01-23,20.502254486083984
2003-01-24,20.247737884521484
2003-01-27,19.851829528808594
2003-01-28,19.766996383666992
2003-01-29,19.484207153320312
2003-01-30,19.173137664794922
2003-01-31,19.14486312866211
2003-02-03,19.399370193481445
2003-02-04,19.427654266357422
2003-02-05,19.512493133544922
2003-02-06,19.371091842651367
2003-02-07,19.22969627380371
2003-02-10,19.22969627380371
2003-02-11,19.371091842651367
2003-02-12,19.484207153320312
2003-02-13,19.65388298034668
2003-02-14,19.851829528808594
2003-02-18,20.106348037719727
2003-02-19,19.766996383666992
2003-02-20,19.766996383666992
2003-02-21,19.795284271240234
2003-02-24,19.738719940185547
2003-02-25,19.455930709838867
2003-02-26,19.314538955688477
2003-02-27,19.399370193481445
2003-02-28,19.342819213867188
2003-03-03,19.427654266357422
2003-03-04,19.342819213867188
2003-03-05,19.314538955688477
2003-03-06,19.11658477783203
2003-03-07,18.805513381958008
2003-03-10,18.381328582763672
2003-03-11,18.211658477783203
2003-03-12,18.437891006469727
2003-03-13,18.692398071289062
2003-03-14,18.437891006469727
2003-03-17,18.551006317138672
2003-03-18,18.35304832458496
2003-03-19,18.268213272094727
2003-03-20,18.66412353515625
2003-03-21,18.975191116333008
2003-03-24,18.83379364013672
2003-03-25,18.918630599975586
2003-03-26,19.06002426147461
2003-03-27,18.890344619750977
2003-03-28,18.890344619750977
2003-03-31,18.268213272094727
2003-04-01,18.494447708129883
2003-04-02,18.720670700073242
2003-04-03,18.324777603149414
2003-04-04,18.381328582763672
2003-04-07,18.635839462280273
2003-04-08,18.324777603149414
2003-04-09,18.296493530273438
2003-04-10,18.155101776123047
2003-04-11,17.844030380249023
2003-04-14,17.759185791015625
2003-04-15,17.78746795654297
2003-04-16,17.8723087310791
2003-04-17,18.013702392578125
2003-04-21,18.098539352416992
2003-04-22,18.098539352416992
2003-04-23,17.98542594909668
2003-04-24,17.8723087310791
2003-04-25,17.64607810974121
2003-04-28,17.702634811401367
2003-04-29,17.78746795654297
2003-04-30,18.126815795898438
2003-05-01,18.183378219604492
2003-05-02,18.579282760620117
2003-05-05,18.720670700073242
2003-05-06,19.06002426147461
2003-05-07,19.2014217376709
2003-05-08,18.918630599975586
2003-05-09,19.11658477783203
2003-05-12,19.342819213867188
2003-05-13,19.25798225402832
2003-05-14,19.371091842651367
2003-05-15,19.2014217376709
2003-05-16,19.173137664794922
2003-05-19,18.635839462280273
2003-05-20,18.862071990966797
2003-05-21,18.692398071289062
2003-05-22,19.031742095947266
2003-05-23,19.22969627380371
2003-05-27,19.173137664794922
2003-05-28,19.003467559814453
2003-05-29,19.088306427001953
2003-05-30,19.2014217376709
2003-06-02,19.399370193481445
2003-06-03,19.569046020507812
2003-06-04,19.738719940185547
2003-06-05,19.880115509033203
2003-06-06,19.993223190307617
2003-06-09,20.021512985229492
2003-06-10,20.19117546081543
2003-06-11,20.530532836914062
2003-06-12,20.502254486083984
2003-06-13,20.332582473754883
2003-06-16,20.389141082763672
2003-06-17,20.58709144592285
2003-06-18,20.728490829467773
2003-06-19,20.558813095092773
2003-06-20,20.671924591064453
2003-06-23,20.841594696044922
2003-06-24,20.417417526245117
2003-06-25,20.276020050048828
2003-06-26,20.502254486083984
2003-06-27,20.473968505859375
2003-06-30,20.558813095092773
2003-07-01,21.096105575561523
2003-07-02,22.142433166503906
2003-07-03,21.916196823120117
2003-07-07,22.93424415588379
2003-07-08,22.905969619750977
2003-07-09,22.84940528869629
2003-07-10,22.510061264038086
2003-07-11,22.17070960998535
2003-07-14,22.396940231323242
2003-07-15,22.28382682800293
2003-07-16,21.803085327148438
2003-07-17,21.237504959106445
2003-07-18,21.605133056640625
2003-07-21,21.3789005279541
2003-07-22,21.49201774597168
2003-07-23,21.66169548034668
2003-07-24,21.605133056640625
2003-07-25,22.00104331970215
2003-07-28,22.057598114013672
2003-07-29,21.77480697631836
2003-07-30,21.32234001159668
2003-07-31,21.49201774597168
2003-08-01,21.237504959106445
2003-08-04,21.1243896484375
2003-08-05,20.869882583618164
2003-08-06,20.9547176361084
2003-08-07,21.15266990661621
2003-08-08,21.1243896484375
2003-08-11,21.49201774597168
2003-08-12,21.605133056640625
2003-08-13,21.803085327148438
2003-08-14,22.198991775512695
2003-08-15,22.28382682800293
2003-08-18,22.679737091064453
2003-08-19,23.075634002685547
2003-08-20,23.075634002685547
2003-08-21,23.443267822265625
2003-08-22,23.330150604248047
2003-08-25,23.1321964263916
2003-08-26,23.471542358398438
2003-08-27,23.443267822265625
2003-08-28,23.301870346069336
2003-08-29,23.471542358398438
2003-09-02,24.602706909179688
2003-09-03,24.630983352661133
2003-09-04,24.319915771484375
2003-09-05,24.008840560913086
2003-09-08,24.376474380493164
2003-09-09,24.602706909179688
2003-09-10,24.206796646118164
2003-09-11,24.26335334777832
2003-09-12,24.630983352661133
2003-09-15,24.489591598510742
2003-09-16,25.64902114868164
2003-09-17,25.394512176513672
2003-09-18,25.93182373046875
2003-09-19,25.620742797851562
2003-09-22,25.168277740478516
2003-09-23,25.366233825683594
2003-09-24,24.942052841186523
2003-09-25,24.57442283630371
2003-09-26,24.857208251953125
2003-09-29,25.111726760864258
2003-09-30,24.77237319946289
2003-10-01,25.790424346923828
2003-10-02,26.2994384765625
2003-10-03,26.780189514160156
2003-10-06,26.6387882232666
2003-10-07,26.72362518310547
2003-10-08,26.27116584777832
2003-10-09,26.440834045410156
2003-10-10,26.949853897094727
2003-10-13,27.062973022460938
2003-10-14,27.374052047729492
2003-10-15,26.865028381347656
2003-10-16,27.091249465942383
2003-10-17,27.006418228149414
2003-10-20,27.260927200317383
2003-10-21,27.402320861816406
2003-10-22,26.497390747070312
2003-10-23,25.620742797851562
2003-10-24,25.592479705810547
2003-10-27,26.016647338867188
2003-10-28,26.58222770690918
2003-10-29,26.69534683227539
2003-10-30,26.6387882232666
2003-10-31,26.1297664642334
2003-11-03,26.3842830657959
2003-11-04,26.780189514160156
2003-11-05,26.61050796508789
2003-11-06,25.93182373046875
2003-11-07,26.186325073242188
2003-11-10,25.96009063720703
2003-11-11,25.33795928955078
2003-11-12,25.8752498626709
2003-11-13,25.8752498626709
2003-11-14,25.366233825683594
2003-11-17,24.602706909179688
2003-11-18,24.489591598510742
2003-11-19,24.546144485473633
2003-11-20,24.319915771484375
2003-11-21,24.57442283630371
2003-11-24,25.08344078063965
2003-11-25,24.99860954284668
2003-11-26,25.253124237060547
2003-11-28,25.33795928955078
2003-12-01,26.101486206054688
2003-12-02,25.8752498626709
2003-12-03,26.073209762573242
2003-12-04,26.1297664642334
2003-12-05,25.93182373046875
2003-12-08,25.818702697753906
2003-12-09,25.535907745361328
2003-12-10,25.1400089263916
2003-12-11,25.535907745361328
2003-12-12,25.818702697753906
2003-12-15,25.73386001586914
2003-12-16,25.93182373046875
2003-12-17,25.64902114868164
2003-12-18,26.044925689697266
2003-12-19,25.93182373046875
2003-12-22,26.276884078979492
2003-12-23,26.418325424194336
2003-12-24,26.050607681274414
2003-12-26,26.61631965637207
2003-12-29,26.84259033203125
2003-12-30,27.153728485107422
2003-12-31,27.266876220703125
2004-01-02,27.436580657958984
2004-01-05,28.002290725708008
2004-01-06,27.747726440429688
2004-01-07,27.521434783935547
2004-01-08,27.747726440429688
2004-01-09,27.521434783935547
2004-01-12,27.719436645507812
2004-01-13,27.295150756835938
2004-01-14,27.49315643310547
2004-01-15,27.295150756835938
2004-01-16,27.719436645507812
2004-01-20,27.832576751708984
2004-01-21,27.860862731933594
2004-01-22,28.087148666381836
2004-01-23,27.63457679748535
2004-01-26,28.087148666381836
2004-01-27,27.69114875793457
2004-01-28,27.153728485107422
2004-01-29,27.32343292236328
2004-01-30,27.32343292236328
2004-02-02,27.49315643310547
2004-02-03,27.351722717285156
2004-02-04,26.55974769592285
2004-02-05,26.814308166503906
2004-02-06,27.12544822692871
2004-02-09,26.814308166503906
2004-02-10,27.040597915649414
2004-02-11,27.210308074951172
2004-02-12,26.95573616027832
2004-02-13,27.153728485107422
2004-02-17,27.60628890991211
2004-02-18,27.32343292236328
2004-02-19,27.210308074951172
2004-02-20,26.899166107177734
2004-02-23,27.068878173828125
2004-02-24,26.75774383544922
2004-02-25,26.672883987426758
2004-02-26,26.786027908325195
2004-02-27,27.464874267578125
2004-03-01,28.313426971435547
2004-03-02,28.002290725708008
2004-03-03,27.917428970336914
2004-03-04,27.860862731933594
2004-03-05,27.945716857910156
2004-03-08,27.860862731933594
2004-03-09,27.832576751708984
2004-03-10,27.54973030090332
2004-03-11,26.984025955200195
2004-03-12,27.578014373779297
2004-03-15,27.521434783935547
2004-03-16,28.03057098388672
2004-03-17,29.07712173461914
2004-03-18,29.331687927246094
2004-03-19,28.82255744934082
2004-03-22,28.3699893951416
2004-03-23,28.85083770751953
2004-03-24,29.473108291625977
2004-03-25,30.321674346923828
2004-03-26,30.632801055908203
2004-03-29,30.85909080505371
2004-03-30,30.57623291015625
2004-03-31,30.74594497680664
2004-04-01,31.085365295410156
2004-04-02,31.339929580688477
2004-04-05,31.453079223632812
2004-04-06,31.3116455078125
2004-04-07,31.028789520263672
2004-04-08,30.887372970581055
2004-04-12,31.537931442260742
2004-04-13,30.943937301635742
2004-04-14,30.378231048583984
2004-04-15,29.953962326049805
2004-04-16,30.349950790405273
2004-04-19,29.81252670288086
2004-04-20,29.98225212097168
2004-04-21,30.20852279663086
2004-04-22,30.547962188720703
2004-04-23,30.349950790405273
2004-04-26,30.321674346923828
2004-04-27,30.067096710205078
2004-04-28,29.161983489990234
2004-04-29,29.07712173461914
2004-04-30,28.681127548217773
2004-05-03,28.65284538269043
2004-05-04,29.10540199279785
2004-05-05,29.501399993896484
2004-05-06,28.567996978759766
2004-05-07,27.719436645507812
2004-05-10,25.965761184692383
2004-05-11,26.503177642822266
2004-05-12,26.870880126953125
2004-05-13,26.333459854125977
2004-05-14,25.965761184692383
2004-05-17,25.28691291809082
2004-05-18,25.994033813476562
2004-05-19,26.61631965637207
2004-05-20,26.786027908325195
2004-05-21,27.23859214782715
2004-05-24,27.210308074951172
2004-05-25,27.719436645507812
2004-05-26,27.521434783935547
2004-05-27,28.03057098388672
2004-05-28,28.256855010986328
2004-06-01,28.087148666381836
2004-06-02,28.285140991210938
2004-06-03,27.464874267578125
2004-06-04,27.804290771484375
2004-06-07,28.935697555541992
2004-06-08,28.82255744934082
2004-06-09,28.200279235839844
2004-06-10,28.935697555541992
2004-06-14,28.256855010986328
2004-06-15,28.963985443115234
2004-06-16,28.935697555541992
2004-06-17,28.90740966796875
2004-06-18,28.90740966796875
2004-06-21,29.13368797302246
2004-06-22,29.24683380126953
2004-06-23,29.359962463378906
2004-06-24,29.72768211364746
2004-06-25,29.72768211364746
2004-06-28,29.897388458251953
2004-06-29,29.897388458251953
2004-06-30,30.038818359375
2004-07-01,29.501399993896484
2004-07-02,29.331687927246094
2004-07-06,28.3699893951416
2004-07-07,28.62455940246582
2004-07-08,28.143714904785156
2004-07-09,28.85083770751953
2004-07-12,28.879121780395508
2004-07-13,29.473108291625977
2004-07-14,28.765995025634766
2004-07-15,28.4548397064209
2004-07-16,28.62455940246582
2004-07-19,28.737695693969727
2004-07-20,28.794267654418945
2004-07-21,28.058856964111328
2004-07-22,28.3699893951416
2004-07-23,27.69114875793457
2004-07-26,27.832576751708984
2004-07-27,27.804290771484375
2004-07-28,27.60628890991211
2004-07-29,27.521434783935547
2004-07-30,27.832576751708984
2004-08-02,28.002290725708008
2004-08-03,27.77600860595703
2004-08-04,27.521434783935547
2004-08-05,26.870880126953125
2004-08-06,26.72946548461914
2004-08-09,26.984025955200195
2004-08-10,27.210308074951172
2004-08-11,27.436580657958984
2004-08-12,27.012306213378906
2004-08-13,26.701168060302734
2004-08-16,26.984025955200195
2004-08-17,26.95573616027832
2004-08-18,27.351722717285156
2004-08-19,27.380020141601562
2004-08-20,27.917428970336914
2004-08-23,27.54973030090332
2004-08-24,27.974000930786133
2004-08-25,28.200279235839844
2004-08-26,28.087148666381836
2004-08-27,28.17198944091797
2004-08-30,28.03057098388672
2004-08-31,28.228574752807617
2004-09-01,28.17198944091797
2004-09-02,28.398277282714844
2004-09-03,27.60628890991211
2004-09-07,28.65284538269043
2004-09-08,28.398277282714844
2004-09-09,28.087148666381836
2004-09-10,28.058856964111328
2004-09-13,28.143714904785156
2004-09-14,28.398277282714844
2004-09-15,27.747726440429688
2004-09-16,27.860862731933594
2004-09-17,27.747726440429688
2004-09-20,27.69114875793457
2004-09-21,27.860862731933594
2004-09-22,27.23859214782715
2004-09-23,27.153728485107422
2004-09-24,27.097158432006836
2004-09-27,26.814308166503906
2004-09-28,26.984025955200195
2004-09-29,27.040597915649414
2004-09-30,27.436580657958984
2004-10-01,28.058856964111328
2004-10-04,28.228574752807617
2004-10-05,28.087148666381836
2004-10-06,28.341712951660156
2004-10-07,27.974000930786133
2004-10-08,28.17198944091797
2004-10-11,28.3699893951416
2004-10-12,28.03057098388672
2004-10-13,27.77600860595703
2004-10-14,27.436580657958984
2004-10-15,27.60628890991211
2004-10-18,27.804290771484375
2004-10-19,27.832576751708984
2004-10-20,27.66286277770996
2004-10-21,27.88914680480957
2004-10-22,27.521434783935547
2004-10-25,27.63457679748535
2004-10-26,27.66286277770996
2004-10-27,28.087148666381836
2004-10-28,28.058856964111328
2004-10-29,28.087148666381836
2004-11-01,28.002290725708008
2004-11-02,28.341712951660156
2004-11-03,28.567996978759766
2004-11-04,28.963985443115234
2004-11-05,29.020551681518555
2004-11-08,28.794267654418945
2004-11-09,28.681127548217773
2004-11-10,28.313426971435547
2004-11-11,28.4548397064209
2004-11-12,28.90740966796875
2004-11-15,29.359962463378906
2004-11-16,29.190263748168945
2004-11-17,29.586254119873047
2004-11-18,29.473108291625977
2004-11-19,29.161983489990234
2004-11-22,29.07712173461914
2004-11-23,28.992263793945312
2004-11-24,29.10540199279785
2004-11-26,29.331687927246094
2004-11-29,29.38825798034668
2004-11-30,29.161983489990234
2004-12-01,29.557971954345703
2004-12-02,29.67110824584961
2004-12-03,29.755962371826172
2004-12-06,29.444822311401367
2004-12-07,28.963985443115234
2004-12-08,29.190263748168945
2004-12-09,28.737695693969727
2004-12-10,28.483135223388672
2004-12-13,28.737695693969727
2004-12-14,28.85083770751953
2004-12-15,28.992263793945312
2004-12-16,28.935697555541992
2004-12-17,29.190263748168945
2004-12-20,29.38825798034668
2004-12-21,29.69939422607422
2004-12-22,29.784252166748047
2004-12-23,29.991573333740234
2004-12-27,30.133577346801758
2004-12-28,30.73000717163086
2004-12-29,30.360795974731445
2004-12-30,30.64480209350586
2004-12-31,31.014020919799805
2005-01-03,30.64480209350586
2005-01-04,30.133577346801758
2005-01-05,30.105192184448242
2005-01-06,30.105192184448242
2005-01-07,29.934764862060547
2005-01-10,30.161985397338867
2005-01-11,30.588001251220703
2005-01-12,30.758405685424805
2005-01-13,30.502796173095703
2005-01-14,30.815214157104492
2005-01-18,30.872011184692383
2005-01-19,30.303993225097656
2005-01-20,29.76436424255371
2005-01-21,30.076784133911133
2005-01-24,30.105192184448242
2005-01-25,29.877971649169922
2005-01-26,30.360795974731445
2005-01-27,30.161985397338867
2005-01-28,30.076784133911133
2005-01-31,30.076784133911133
2005-02-01,30.24718475341797
2005-02-02,30.360795974731445
2005-02-03,29.934764862060547
2005-02-04,30.04836654663086
2005-02-07,29.96317481994629
2005-02-08,29.79276466369629
2005-02-09,29.622365951538086
2005-02-10,29.877971649169922
2005-02-11,30.105192184448242
2005-02-14,30.389196395874023
2005-02-15,30.531190872192383
2005-02-16,30.105192184448242
2005-02-17,29.934764862060547
2005-02-18,30.24718475341797
2005-02-22,30.19038200378418
2005-02-23,29.96317481994629
2005-02-24,30.04836654663086
2005-02-25,30.389196395874023
2005-02-28,30.70160675048828
2005-03-01,30.9288330078125
2005-03-02,30.78680419921875
2005-03-03,30.70160675048828
2005-03-04,31.184431076049805
2005-03-07,31.12763023376465
2005-03-08,30.985618591308594
2005-03-09,31.09922218322754
2005-03-10,31.326431274414062
2005-03-11,31.383230209350586
2005-03-14,31.014020919799805
2005-03-15,30.872011184692383
2005-03-16,30.872011184692383
2005-03-17,30.90041732788086
2005-03-18,31.04241371154785
2005-03-21,30.9288330078125
2005-03-22,30.73000717163086
2005-03-23,30.502796173095703
2005-03-24,30.417593002319336
2005-03-28,30.417593002319336
2005-03-29,29.508758544921875
2005-03-30,29.73596954345703
2005-03-31,29.79276466369629
2005-04-01,29.707565307617188
2005-04-04,29.67916488647461
2005-04-05,30.019975662231445
2005-04-06,30.019975662231445
2005-04-07,30.133577346801758
2005-04-08,30.04836654663086
2005-04-11,29.96317481994629
2005-04-12,29.96317481994629
2005-04-13,29.622365951538086
2005-04-14,29.196346282958984
2005-04-15,28.599929809570312
2005-04-18,28.230710983276367
2005-04-19,28.798728942871094
2005-04-20,28.372718811035156
2005-04-21,28.969133377075195
2005-04-22,28.770328521728516
2005-04-25,29.196346282958984
2005-04-26,28.741928100585938
2005-04-27,28.912334442138672
2005-04-28,28.599929809570312
2005-04-29,29.11114501953125
2005-05-02,29.281557083129883
2005-05-03,29.224746704101562
2005-05-04,29.650758743286133
2005-05-05,29.67916488647461
2005-05-06,29.73596954345703
2005-05-09,29.67916488647461
2005-05-10,29.30994987487793
2005-05-11,29.45195770263672
2005-05-12,28.85552978515625
2005-05-13,28.599929809570312
2005-05-16,28.65672492980957
2005-05-17,28.543123245239258
2005-05-18,28.741928100585938
2005-05-19,28.85552978515625
2005-05-20,28.571516036987305
2005-05-23,28.969133377075195
2005-05-24,28.85552978515625
2005-05-25,28.486318588256836
2005-05-26,28.685138702392578
2005-05-27,28.85552978515625
2005-05-31,28.741928100585938
2005-06-01,28.912334442138672
2005-06-02,29.11114501953125
2005-06-03,28.883941650390625
2005-06-06,29.167943954467773
2005-06-07,29.25314712524414
2005-06-08,29.224746704101562
2005-06-09,29.054340362548828
2005-06-10,28.912334442138672
2005-06-13,28.685138702392578
2005-06-14,28.798728942871094
2005-06-15,28.912334442138672
2005-06-16,29.196346282958984
2005-06-17,29.395158767700195
2005-06-20,29.054340362548828
2005-06-21,29.395158767700195
2005-06-22,29.281557083129883
2005-06-23,29.082746505737305
2005-06-24,29.025941848754883
2005-06-27,28.912334442138672
2005-06-28,29.11114501953125
2005-06-29,28.94073486328125
2005-06-30,28.798728942871094
2005-07-01,28.798728942871094
2005-07-05,28.969133377075195
2005-07-06,28.65672492980957
2005-07-07,28.65672492980957
2005-07-08,29.054340362548828
2005-07-11,29.11114501953125
2005-07-12,29.224746704101562
2005-07-13,28.883941650390625
2005-07-14,28.94073486328125
2005-07-15,29.025941848754883
2005-07-18,28.997541427612305
2005-07-19,29.054340362548828
2005-07-20,28.969133377075195
2005-07-21,29.508758544921875
2005-07-22,29.139545440673828
2005-07-25,28.969133377075195
2005-07-26,28.798728942871094
2005-07-27,29.139545440673828
2005-07-28,29.30994987487793
2005-07-29,29.11114501953125
2005-08-01,29.36675262451172
2005-08-02,29.73596954345703
2005-08-03,29.650758743286133
2005-08-04,29.338354110717773
2005-08-05,28.883941650390625
2005-08-08,28.94073486328125
2005-08-09,29.45195770263672
2005-08-10,30.33238410949707
2005-08-11,31.156017303466797
2005-08-12,31.09922218322754
2005-08-15,31.468433380126953
2005-08-16,30.985618591308594
2005-08-17,31.269624710083008
2005-08-18,30.95720672607422
2005-08-19,31.014020919799805
2005-08-22,31.894451141357422
2005-08-23,31.63884735107422
2005-08-24,31.440034866333008
2005-08-25,31.525249481201172
2005-08-26,31.41163444519043
2005-08-29,31.383230209350586
2005-08-30,31.212825775146484
2005-08-31,31.610429763793945
2005-09-01,31.894451141357422
2005-09-02,32.121646881103516
2005-09-06,32.40568161010742
2005-09-07,32.15007019042969
2005-09-08,31.780851364135742
2005-09-09,32.831695556640625
2005-09-12,32.86009216308594
2005-09-13,32.576080322265625
2005-09-14,32.46247482299805
2005-09-15,33.00209045410156
2005-09-16,33.17250442504883
2005-09-19,32.831695556640625
2005-09-20,33.11570358276367
2005-09-21,33.342918395996094
2005-09-22,33.399715423583984
2005-09-23,33.286109924316406
2005-09-26,33.825740814208984
2005-09-27,33.626922607421875
2005-09-28,34.1949577331543
2005-09-29,35.1889762878418
2005-09-30,34.62095260620117
2005-10-03,34.4505500793457
2005-10-04,34.308555603027344
2005-10-05,33.712127685546875
2005-10-06,33.00209045410156
2005-10-07,33.399715423583984
2005-10-10,33.286109924316406
2005-10-11,33.93932342529297
2005-10-12,33.74052810668945
2005-10-13,33.93932342529297
2005-10-14,34.1949577331543
2005-10-17,33.626922607421875
2005-10-18,33.14410400390625
2005-10-19,33.4281120300293
2005-10-20,32.66128158569336
2005-10-21,33.08729934692383
2005-10-24,33.342918395996094
2005-10-25,33.45652389526367
2005-10-26,33.598514556884766
2005-10-27,33.54172134399414
2005-10-28,33.96772766113281
2005-10-31,34.39375305175781
2005-11-01,34.73456573486328
2005-11-02,34.9617805480957
2005-11-03,35.1037712097168
2005-11-04,34.81977081298828
2005-11-07,35.160579681396484
2005-11-08,35.07539749145508
2005-11-09,34.87657165527344
2005-11-10,34.706172943115234
2005-11-11,35.04697799682617
2005-11-14,34.592552185058594
2005-11-15,34.166542053222656
2005-11-16,34.56416320800781
2005-11-17,35.4445915222168
2005-11-18,35.64339828491211
2005-11-21,35.87061309814453
2005-11-22,35.75699996948242
2005-11-23,36.01261520385742
2005-11-25,35.558197021484375
2005-11-28,35.72859191894531
2005-11-29,35.75699996948242
2005-11-30,35.387794494628906
2005-12-01,36.21142578125
2005-12-02,36.183021545410156
2005-12-05,36.41022872924805
2005-12-06,36.694244384765625
2005-12-07,36.55222702026367
2005-12-08,35.955810546875
2005-12-09,36.7226448059082
2005-12-12,37.3758659362793
2005-12-13,37.68827819824219
2005-12-14,37.489471435546875
2005-12-15,37.20545959472656
2005-12-16,37.716678619384766
2005-12-19,37.60307693481445
2005-12-20,37.9723014831543
2005-12-21,38.51190948486328
2005-12-22,38.85272979736328
2005-12-23,38.932594299316406
2005-12-27,38.105445861816406
2005-12-28,38.789981842041016
2005-12-29,38.81849670410156
2005-12-30,38.561798095703125
2006-01-03,39.78824996948242
2006-01-04,40.15903091430664
2006-01-05,39.873809814453125
2006-01-06,40.472782135009766
2006-01-09,40.672428131103516
2006-01-10,39.93086242675781
2006-01-11,40.35868835449219
2006-01-12,40.0734748840332
2006-01-13,40.13051223754883
2006-01-17,38.90406036376953
2006-01-18,37.763187408447266
2006-01-19,38.789981842041016
2006-01-20,37.67762756347656
2006-01-23,38.248046875
2006-01-24,38.90406036376953
2006-01-25,38.561798095703125
2006-01-26,39.44598388671875
2006-01-27,40.33017349243164
2006-01-30,40.13051223754883
2006-01-31,39.9879035949707
2006-02-01,39.873809814453125
2006-02-02,39.27484893798828
2006-02-03,39.61710739135742
2006-02-06,39.531558990478516
2006-02-07,39.24633026123047
2006-02-08,39.01815414428711
2006-02-09,38.90406036376953
2006-02-10,38.73292541503906
2006-02-13,37.905784606933594
2006-02-14,38.81849670410156
2006-02-15,38.333621978759766
2006-02-16,38.76144027709961
2006-02-17,37.9343147277832
2006-02-21,38.01988220214844
2006-02-22,38.27657699584961
2006-02-23,38.67588806152344
2006-02-24,39.41746139526367
2006-02-27,39.9023323059082
2006-02-28,39.36042022705078
2006-03-01,39.73121643066406
2006-03-02,39.13224792480469
2006-03-03,38.5903205871582
2006-03-06,38.333621978759766
2006-03-07,37.905784606933594
2006-03-08,38.16249465942383
2006-03-09,38.561798095703125
2006-03-10,39.01815414428711
2006-03-13,39.41746139526367
2006-03-14,39.816776275634766
2006-03-15,39.70268630981445
2006-03-16,39.33190155029297
2006-03-17,39.873809814453125
2006-03-20,40.35868835449219
2006-03-21,39.873809814453125
2006-03-22,40.3871955871582
2006-03-23,39.70268630981445
2006-03-24,40.13051223754883
2006-03-27,40.27311706542969
2006-03-28,39.78824996948242
2006-03-29,40.90060806274414
2006-03-30,41.214359283447266
2006-03-31,41.071739196777344
2006-04-03,41.75627136230469
2006-04-04,41.75627136230469
2006-04-05,41.95591735839844
2006-04-06,42.15557861328125
2006-04-07,41.870357513427734
2006-04-10,42.098533630371094
2006-04-11,41.6136589050293
2006-04-12,41.29991912841797
2006-04-13,41.29991912841797
2006-04-17,40.87209701538086
2006-04-18,42.21262741088867
2006-04-19,42.15557861328125
2006-04-20,41.89887619018555
2006-04-21,42.15557861328125
2006-04-24,41.89887619018555
2006-04-25,41.98444366455078
2006-04-26,42.412261962890625
2006-04-27,42.38373947143555
2006-04-28,42.21262741088867
2006-05-01,42.35523986816406
2006-05-02,43.03976058959961
2006-05-03,42.92568588256836
2006-05-04,43.15385818481445
2006-05-05,43.95246124267578
2006-05-08,44.18064498901367
2006-05-09,44.35177993774414
2006-05-10,43.72428894042969
2006-05-11,42.868621826171875
2006-05-12,42.326717376708984
2006-05-15,42.72601318359375
2006-05-16,42.26966857910156
2006-05-17,40.929134368896484
2006-05-18,40.957664489746094
2006-05-19,41.29991912841797
2006-05-22,40.21608352661133
2006-05-23,39.6456298828125
2006-05-24,39.73121643066406
2006-05-25,40.21608352661133
2006-05-26,40.7294807434082
2006-05-30,39.6456298828125
2006-05-31,39.93086242675781
2006-06-01,40.101985931396484
2006-06-02,40.55834197998047
2006-06-05,39.531558990478516
2006-06-06,38.90406036376953
2006-06-07,38.04841613769531
2006-06-08,36.82195281982422
2006-06-09,36.65082931518555
2006-06-12,36.308555603027344
2006-06-13,35.0535888671875
2006-06-14,35.93777084350586
2006-06-15,37.22126007080078
2006-06-16,36.879005432128906
2006-06-19,36.67932891845703
2006-06-20,36.7649040222168
2006-06-21,37.24979019165039
2006-06-22,37.078651428222656
2006-06-23,36.90752029418945
2006-06-26,37.22126007080078
2006-06-27,36.56526184082031
2006-06-28,37.0215950012207
2006-06-29,38.5903205871582
2006-06-30,38.90406036376953
2006-07-03,39.58859634399414
2006-07-05,38.27657699584961
2006-07-06,38.618839263916016
2006-07-07,38.44770431518555
2006-07-10,39.01815414428711
2006-07-11,39.01815414428711
2006-07-12,37.9343147277832
2006-07-13,36.964561462402344
2006-07-14,36.65082931518555
2006-07-17,36.19446563720703
2006-07-18,35.85220718383789
2006-07-19,36.59377670288086
2006-07-20,36.394126892089844
2006-07-21,36.42263412475586
2006-07-24,37.107177734375
2006-07-25,37.39240646362305
2006-07-26,37.19274139404297
2006-07-27,37.70613098144531
2006-07-28,38.73292541503906
2006-07-31,38.704402923583984
2006-08-01,38.105445861816406
2006-08-02,38.98963165283203
2006-08-03,38.67588806152344
2006-08-04,38.81849670410156
2006-08-07,37.96284103393555
2006-08-08,38.16249465942383
2006-08-09,38.30510330200195
2006-08-10,38.73292541503906
2006-08-11,38.362144470214844
2006-08-14,38.5903205871582
2006-08-15,39.474510192871094
2006-08-16,39.9023323059082
2006-08-17,39.816776275634766
2006-08-18,40.016422271728516
2006-08-21,39.674163818359375
2006-08-22,39.78824996948242
2006-08-23,39.503028869628906
2006-08-24,39.189292907714844
2006-08-25,38.98963165283203
2006-08-28,38.90406036376953
2006-08-29,39.21781921386719
2006-08-30,38.96110916137695
2006-08-31,39.10371017456055
2006-09-01,39.44598388671875
2006-09-05,39.9879035949707
2006-09-06,39.388954162597656
2006-09-07,39.0751953125
2006-09-08,39.0751953125
2006-09-11,38.476234436035156
2006-09-12,38.789981842041016
2006-09-13,38.30510330200195
2006-09-14,38.27657699584961
2006-09-15,38.248046875
2006-09-18,38.362144470214844
2006-09-19,38.04841613769531
2006-09-20,38.19101333618164
2006-09-21,38.19101333618164
2006-09-22,37.649105072021484
2006-09-25,37.87726974487305
2006-09-26,37.905784606933594
2006-09-27,38.476234436035156
2006-09-28,38.67588806152344
2006-09-29,38.618839263916016
2006-10-02,39.01815414428711
2006-10-03,38.87554931640625
2006-10-04,39.189292907714844
2006-10-05,39.531558990478516
2006-10-06,39.0751953125
2006-10-09,38.704402923583984
2006-10-10,39.01815414428711
2006-10-11,38.647361755371094
2006-10-12,39.04667663574219
2006-10-13,38.932594299316406
2006-10-16,39.36042022705078
2006-10-17,39.13224792480469
2006-10-18,39.36042022705078
2006-10-19,39.36042022705078
2006-10-20,39.33190155029297
2006-10-23,39.75971603393555
2006-10-24,39.78824996948242
2006-10-25,39.9023323059082
2006-10-26,40.15903091430664
2006-10-27,39.70268630981445
2006-10-30,39.474510192871094
2006-10-31,39.388954162597656
2006-11-01,39.21781921386719
2006-11-02,39.303367614746094
2006-11-03,39.10371017456055
2006-11-06,39.36042022705078
2006-11-07,39.303367614746094
2006-11-08,38.87554931640625
2006-11-09,38.39067459106445
2006-11-10,38.333621978759766
2006-11-13,37.9343147277832
2006-11-14,39.04667663574219
2006-11-15,38.90406036376953
2006-11-16,38.5903205871582
2006-11-17,38.248046875
2006-11-20,37.44944763183594
2006-11-21,37.477970123291016
2006-11-22,37.82022476196289
2006-11-24,37.67762756347656
2006-11-27,37.649105072021484
2006-11-28,38.27657699584961
2006-11-29,39.01815414428711
2006-11-30,39.388954162597656
2006-12-01,39.44598388671875
2006-12-04,39.9023323059082
2006-12-05,39.93086242675781
2006-12-06,40.18755340576172
2006-12-07,40.21608352661133
2006-12-08,40.04494094848633
2006-12-11,40.101985931396484
2006-12-12,40.15903091430664
2006-12-13,39.95937728881836
2006-12-14,40.35868835449219
2006-12-15,40.35868835449219
2006-12-18,40.101985931396484
2006-12-19,39.93086242675781
2006-12-20,40.21523666381836
2006-12-21,40.445045471191406
2006-12-22,40.58865737915039
2006-12-26,40.559932708740234
2006-12-27,40.732295989990234
2006-12-28,40.76101303100586
2006-12-29,40.818477630615234
2007-01-03,40.78974914550781
2007-01-04,41.220619201660156
2007-01-05,40.15779113769531
2007-01-08,40.3875846862793
2007-01-09,40.646114349365234
2007-01-10,40.042884826660156
2007-01-11,39.84180450439453
2007-01-12,40.3588752746582
2007-01-16,40.50249481201172
2007-01-17,40.50249481201172
2007-01-18,40.47376251220703
2007-01-19,40.76101303100586
2007-01-22,40.76101303100586
2007-01-23,40.99081802368164
2007-01-24,41.53659439086914
2007-01-25,40.84719467163086
2007-01-26,40.875911712646484
2007-01-29,41.0195426940918
2007-01-30,41.278072357177734
2007-01-31,41.10572814941406
2007-02-01,41.6515007019043
2007-02-02,41.3929557800293
2007-02-05,41.07699203491211
2007-02-06,41.42169189453125
2007-02-07,41.3929557800293
2007-02-08,40.875911712646484
2007-02-09,40.99081802368164
2007-02-12,40.96208572387695
2007-02-13,41.8238525390625
2007-02-14,42.51325607299805
2007-02-15,42.85795974731445
2007-02-16,42.829219818115234
2007-02-20,42.68559265136719
2007-02-21,42.71430969238281
2007-02-22,42.829219818115234
2007-02-23,43.20265579223633
2007-02-26,43.48991775512695
2007-02-27,42.45580291748047
2007-02-28,42.398353576660156
2007-03-01,42.197265625
2007-03-02,41.50787353515625
2007-03-05,40.904659271240234
2007-03-06,41.88130187988281
2007-03-07,41.79512405395508
2007-03-08,42.168548583984375
2007-03-09,42.197265625
2007-03-12,42.54197692871094
2007-03-13,41.76640319824219
2007-03-14,41.3929557800293
2007-03-15,41.42169189453125
2007-03-16,41.3929557800293
2007-03-19,41.85257339477539
2007-03-20,42.22600173950195
2007-03-21,42.68559265136719
2007-03-22,42.74306106567383
2007-03-23,42.800498962402344
2007-03-26,42.57070541381836
2007-03-27,42.398353576660156
2007-03-28,42.082366943359375
2007-03-29,42.13981628417969
2007-03-30,41.85257339477539
2007-04-02,41.622779846191406
2007-04-03,41.96748352050781
2007-04-04,42.283447265625
2007-04-05,42.168548583984375
2007-04-09,42.11110305786133
2007-04-10,42.254722595214844
2007-04-11,42.082366943359375
2007-04-12,42.02492141723633
2007-04-13,41.68022155761719
2007-04-16,42.283447265625
2007-04-17,42.02492141723633
2007-04-18,42.082366943359375
2007-04-19,41.88130187988281
2007-04-20,42.053653717041016
2007-04-23,41.59404754638672
2007-04-24,41.53659439086914
2007-04-25,41.76640319824219
2007-04-26,41.56532287597656
2007-04-27,41.335514068603516
2007-04-30,41.0195426940918
2007-05-01,41.0195426940918
2007-05-02,41.249351501464844
2007-05-03,41.306800842285156
2007-05-04,41.4504280090332
2007-05-07,41.6515007019043
2007-05-08,41.56532287597656
2007-05-09,42.082366943359375
2007-05-10,41.4504280090332
2007-05-11,41.76640319824219
2007-05-14,41.6515007019043
2007-05-15,41.306800842285156
2007-05-16,41.3929557800293
2007-05-17,41.04825973510742
2007-05-18,40.93336868286133
2007-05-21,40.93336868286133
2007-05-22,41.335514068603516
2007-05-23,41.3929557800293
2007-05-24,41.19188690185547
2007-05-25,41.0195426940918
2007-05-29,41.4504280090332
2007-05-30,41.53659439086914
2007-05-31,41.938751220703125
2007-06-01,42.168548583984375
2007-06-04,42.31217956542969
2007-06-05,42.254722595214844
2007-06-06,42.082366943359375
2007-06-07,41.91002655029297
2007-06-08,42.11110305786133
2007-06-11,42.053653717041016
2007-06-12,41.50787353515625
2007-06-13,41.622779846191406
2007-06-14,41.68022155761719
2007-06-15,42.053653717041016
2007-06-18,41.96748352050781
2007-06-19,41.938751220703125
2007-06-20,41.6515007019043
2007-06-21,41.85257339477539
2007-06-22,41.4504280090332
2007-06-25,41.220619201660156
2007-06-26,41.278072357177734
2007-06-27,41.3642463684082
2007-06-28,41.278072357177734
2007-06-29,41.68022155761719
2007-07-02,42.427085876464844
2007-07-03,42.340904235839844
2007-07-05,42.22600173950195
2007-07-06,42.02492141723633
2007-07-09,42.02492141723633
2007-07-10,42.11110305786133
2007-07-11,41.96748352050781
2007-07-12,42.254722595214844
2007-07-13,42.45580291748047
2007-07-16,42.369625091552734
2007-07-17,42.13981628417969
2007-07-18,41.938751220703125
2007-07-19,42.13981628417969
2007-07-20,41.96748352050781
2007-07-23,42.22600173950195
2007-07-24,42.082366943359375
2007-07-25,42.11110305786133
2007-07-26,41.3642463684082
2007-07-27,40.96208572387695
2007-07-30,41.6515007019043
2007-07-31,41.4504280090332
2007-08-01,41.134437561035156
2007-08-02,40.93336868286133
2007-08-03,40.3588752746582
2007-08-06,40.96208572387695
2007-08-07,40.875911712646484
2007-08-08,41.220619201660156
2007-08-09,40.559932708740234
2007-08-10,39.98544692993164
2007-08-13,40.042884826660156
2007-08-14,39.927978515625
2007-08-15,39.267295837402344
2007-08-16,39.353477478027344
2007-08-17,39.06623458862305
2007-08-20,38.635353088378906
2007-08-21,39.12369155883789
2007-08-22,39.6407356262207
2007-08-23,39.927978515625
2007-08-24,40.12904739379883
2007-08-27,39.81309127807617
2007-08-28,39.43965530395508
2007-08-29,39.81309127807617
2007-08-30,39.5545539855957
2007-08-31,40.416316986083984
2007-09-04,40.1865119934082
2007-09-05,39.41093826293945
2007-09-06,39.43965530395508
2007-09-07,39.238582611083984
2007-09-10,38.89387893676758
2007-09-11,39.2960319519043
2007-09-12,39.18112564086914
2007-09-13,38.89387893676758
2007-09-14,39.00877380371094
2007-09-17,38.807708740234375
2007-09-18,39.20985412597656
2007-09-19,39.6407356262207
2007-09-20,39.49711608886719
2007-09-21,39.58327865600586
2007-09-24,39.72690200805664
2007-09-25,39.95671844482422
2007-09-26,40.30141067504883
2007-09-27,41.220619201660156
2007-09-28,41.19188690185547
2007-10-01,41.6515007019043
2007-10-02,41.53659439086914
2007-10-03,41.56532287597656
2007-10-04,41.53659439086914
2007-10-05,42.082366943359375
2007-10-08,41.85257339477539
2007-10-09,41.73767852783203
2007-10-10,41.6515007019043
2007-10-11,41.70893859863281
2007-10-12,41.70893859863281
2007-10-15,41.220619201660156
2007-10-16,40.47376251220703
2007-10-17,40.531219482421875
2007-10-18,40.70356369018555
2007-10-19,39.899253845214844
2007-10-22,40.12904739379883
2007-10-23,40.24396514892578
2007-10-24,40.07161331176758
2007-10-25,39.927978515625
2007-10-26,40.61739730834961
2007-10-29,41.163177490234375
2007-10-30,40.96208572387695
2007-10-31,41.249351501464844
2007-11-01,40.732295989990234
2007-11-02,40.61739730834961
2007-11-05,39.927978515625
2007-11-06,40.3875846862793
2007-11-07,39.6407356262207
2007-11-08,39.00877380371094
2007-11-09,38.49172592163086
2007-11-12,38.52044677734375
2007-11-13,39.18112564086914
2007-11-14,39.2960319519043
2007-11-15,38.951332092285156
2007-11-16,38.66408157348633
2007-11-19,38.003395080566406
2007-11-20,39.00877380371094
2007-11-21,38.319374084472656
2007-11-23,39.18112564086914
2007-11-26,39.18112564086914
2007-11-27,39.81309127807617
2007-11-28,40.1865119934082
2007-11-29,40.33013153076172
2007-11-30,40.416316986083984
2007-12-03,40.47376251220703
2007-12-04,40.042884826660156
2007-12-05,40.78974914550781
2007-12-06,41.306800842285156
2007-12-07,40.93336868286133
2007-12-10,41.04825973510742
2007-12-11,40.15779113769531
2007-12-12,40.47376251220703
2007-12-13,39.6407356262207
2007-12-14,38.08958053588867
2007-12-17,37.428897857666016
2007-12-18,38.08958053588867
2007-12-19,37.8310432434082
2007-12-20,37.97467041015625
2007-12-21,38.54917526245117
2007-12-24,38.485328674316406
2007-12-26,38.65946578979492
2007-12-27,38.04997634887695
2007-12-28,38.485328674316406
2007-12-31,38.5723991394043
2008-01-02,38.398250579833984
2008-01-03,38.54338073730469
2008-01-04,37.55656814575195
2008-01-07,37.32438278198242
2008-01-08,37.2373161315918
2008-01-09,38.04997634887695
2008-01-10,37.730712890625
2008-01-11,37.092185974121094
2008-01-14,37.55656814575195
2008-01-15,36.51171112060547
2008-01-16,35.84417724609375
2008-01-17,35.35076904296875
2008-01-18,36.279537200927734
2008-01-22,34.944427490234375
2008-01-23,35.060546875
2008-01-24,35.64100646972656
2008-01-25,36.19245910644531
2008-01-28,35.98929214477539
2008-01-29,36.598785400390625
2008-01-30,36.42464828491211
2008-01-31,36.918052673339844
2008-02-01,37.2373161315918
2008-02-04,37.1212043762207
2008-02-05,35.87319564819336
2008-02-06,35.408817291259766
2008-02-07,35.61198806762695
2008-02-08,34.712257385253906
2008-02-11,35.060546875
2008-02-12,35.58296203613281
2008-02-13,35.3217658996582
2008-02-14,35.6700325012207
2008-02-15,36.105384826660156
2008-02-19,36.453678131103516
2008-02-20,35.699066162109375
2008-02-21,35.96027374267578
2008-02-22,36.25050735473633
2008-02-25,37.00511932373047
2008-02-26,37.41145706176758
2008-02-27,37.20829391479492
2008-02-28,36.80194854736328
2008-02-29,36.366607666015625
2008-03-03,36.33757400512695
2008-03-04,35.49589157104492
2008-03-05,35.699066162109375
2008-03-06,35.37980270385742
2008-03-07,34.85737609863281
2008-03-10,34.712257385253906
2008-03-11,35.72808074951172
2008-03-12,35.72808074951172
2008-03-13,35.84417724609375
2008-03-14,33.46425247192383
2008-03-17,34.42201614379883
2008-03-18,35.408817291259766
2008-03-19,34.33495330810547
2008-03-20,34.97346496582031
2008-03-24,36.04734802246094
2008-03-25,36.42464828491211
2008-03-26,36.1344108581543
2008-03-27,36.01832580566406
2008-03-28,36.1634407043457
2008-03-31,35.902217864990234
2008-04-01,36.94707489013672
2008-04-02,36.88903045654297
2008-04-03,37.06315994262695
2008-04-04,37.092185974121094
2008-04-07,37.35340881347656
2008-04-08,36.80194854736328
2008-04-09,36.25050735473633
2008-04-10,36.1344108581543
2008-04-11,36.366607666015625
2008-04-14,36.1344108581543
2008-04-15,36.3956184387207
2008-04-16,37.55656814575195
2008-04-17,37.00511932373047
2008-04-18,38.02094268798828
2008-04-21,37.904850006103516
2008-04-22,37.17926025390625
2008-04-23,37.58558654785156
2008-04-24,37.29536056518555
2008-04-25,38.02094268798828
2008-04-28,38.717525482177734
2008-04-29,38.369232177734375
2008-04-30,38.54338073730469
2008-05-01,38.891658782958984
2008-05-02,38.804588317871094
2008-05-05,38.862632751464844
2008-05-06,39.03676986694336
2008-05-07,38.54338073730469
2008-05-08,38.717525482177734
2008-05-09,38.10801696777344
2008-05-12,38.253143310546875
2008-05-13,38.28215789794922
2008-05-14,38.630435943603516
2008-05-15,39.38505172729492
2008-05-16,39.53018569946289
2008-05-19,39.472137451171875
2008-05-20,39.12384033203125
2008-05-21,38.42726516723633
2008-05-22,38.978736877441406
2008-05-23,38.65946578979492
2008-05-27,38.775569915771484
2008-05-28,38.34021759033203
2008-05-29,38.775569915771484
2008-05-30,39.29800033569336
2008-06-02,39.38505172729492
2008-06-03,39.356040954589844
2008-06-04,39.82040023803711
2008-06-05,40.139671325683594
2008-06-06,38.717525482177734
2008-06-09,38.775569915771484
2008-06-10,37.933876037597656
2008-06-11,37.3824348449707
2008-06-12,37.29536056518555
2008-06-13,37.67265701293945
2008-06-16,38.02094268798828
2008-06-17,38.28215789794922
2008-06-18,37.87583541870117
2008-06-19,37.75973892211914
2008-06-20,36.51171112060547
2008-06-23,36.77293395996094
2008-06-24,36.48269271850586
2008-06-25,37.03679656982422
2008-06-26,36.10357666015625
2008-06-27,36.30772018432617
2008-06-30,36.366050720214844
2008-07-01,36.5118522644043
2008-07-02,35.724456787109375
2008-07-03,35.841102600097656
2008-07-07,35.841102600097656
2008-07-08,35.6953010559082
2008-07-09,35.11204147338867
2008-07-10,35.43283462524414
2008-07-11,34.96623992919922
2008-07-14,35.19952392578125
2008-07-15,34.61627960205078
2008-07-16,35.49116134643555
2008-07-17,35.316184997558594
2008-07-18,35.17036819458008
2008-07-21,35.17036819458008
2008-07-22,35.63697814941406
2008-07-23,35.87028884887695
2008-07-24,35.841102600097656
2008-07-25,35.43283462524414
2008-07-28,35.02456283569336
2008-07-29,35.22869110107422
2008-07-30,35.549476623535156
2008-07-31,34.99539566040039
2008-08-01,34.49961853027344
2008-08-04,33.62473678588867
2008-08-05,34.38296127319336
2008-08-06,34.178836822509766
2008-08-07,33.42060089111328
2008-08-08,33.916358947753906
2008-08-11,34.12049865722656
2008-08-12,33.887203216552734
2008-08-13,33.303951263427734
2008-08-14,33.09981155395508
2008-08-15,32.866512298583984
2008-08-18,33.158138275146484
2008-08-19,32.63319778442383
2008-08-20,32.983158111572266
2008-08-21,33.18730545043945
2008-08-22,32.9539909362793
2008-08-25,32.66236877441406
2008-08-26,32.83734893798828
2008-08-27,32.983158111572266
2008-08-28,33.24561309814453
2008-08-29,33.274776458740234
2008-09-02,32.83734893798828
2008-09-03,32.983158111572266
2008-09-04,31.93329429626465
2008-09-05,31.93329429626465
2008-09-08,32.7206916809082
2008-09-09,31.816646575927734
2008-09-10,32.22492218017578
2008-09-11,32.049949645996094
2008-09-12,32.254085540771484
2008-09-15,31.35003089904785
2008-09-16,31.058412551879883
2008-09-17,29.95022964477539
2008-09-18,31.291711807250977
2008-09-19,32.983158111572266
2008-09-22,31.84581756591797
2008-09-23,31.554168701171875
2008-09-24,31.99163055419922
2008-09-25,32.545711517333984
2008-09-26,32.37073516845703
2008-09-29,29.862733840942383
2008-09-30,31.087568283081055
2008-10-01,30.708454132080078
2008-10-02,29.3961238861084
2008-10-03,28.812875747680664
2008-10-06,27.879663467407227
2008-10-07,26.858959197998047
2008-10-08,25.867427825927734
2008-10-09,24.6717472076416
2008-10-10,23.592723846435547
2008-10-13,27.3255672454834
2008-10-14,27.17976188659668
2008-10-15,24.350954055786133
2008-10-16,25.8382568359375
2008-10-17,25.488304138183594
2008-10-20,27.50054931640625
2008-10-21,26.509004592895508
2008-10-22,24.905057907104492
2008-10-23,25.750778198242188
2008-10-24,24.205142974853516
2008-10-27,22.74700355529785
2008-10-28,25.51746940612793
2008-10-29,24.93421173095703
2008-10-30,26.275707244873047
2008-10-31,26.24654197692871
2008-11-03,26.421524047851562
2008-11-04,27.879663467407227
2008-11-05,27.296401977539062
2008-11-06,24.93421173095703
2008-11-07,26.39235496520996
2008-11-10,26.625659942626953
2008-11-11,25.51746940612793
2008-11-12,24.817567825317383
2008-11-13,26.509004592895508
2008-11-14,25.080036163330078
2008-11-17,25.02170181274414
2008-11-18,25.02170181274414
2008-11-19,23.417749404907227
2008-11-20,22.74700355529785
2008-11-21,24.14681625366211
2008-11-24,25.284168243408203
2008-11-25,25.167524337768555
2008-11-26,25.63412094116211
2008-11-28,25.2550106048584
2008-12-01,23.796863555908203
2008-12-02,24.992536544799805
2008-12-03,25.225849151611328
2008-12-04,24.234312057495117
2008-12-05,24.61342430114746
2008-12-08,25.72161293029785
2008-12-09,25.546634674072266
2008-12-10,26.100727081298828
2008-12-11,26.01323699951172
2008-12-12,26.59649658203125
2008-12-15,26.450687408447266
2008-12-16,27.792177200317383
2008-12-17,27.73385238647461
2008-12-18,26.77147102355957
2008-12-19,26.654823303222656
2008-12-22,26.59649658203125
2008-12-23,26.14073371887207
2008-12-24,26.464176177978516
2008-12-26,26.964059829711914
2008-12-29,27.169885635375977
2008-12-30,27.93440818786621
2008-12-31,28.169649124145508
2009-01-02,28.31667709350586
2009-01-05,27.6109619140625
2009-01-06,27.34632110595703
2009-01-07,27.0816707611084
2009-01-08,27.46393394470215
2009-01-09,26.993457794189453
2009-01-12,26.670013427734375
2009-01-13,26.170137405395508
2009-01-14,25.405616760253906
2009-01-15,25.72905731201172
2009-01-16,25.905488967895508
2009-01-20,24.788114547729492
2009-01-21,25.876083374023438
2009-01-22,25.22917938232422
2009-01-23,25.17037582397461
2009-01-26,25.14096450805664
2009-01-27,25.93489646911621
2009-01-28,26.40537452697754
2009-01-29,25.405616760253906
2009-01-30,24.788114547729492
2009-02-02,24.788114547729492
2009-02-03,25.258586883544922
2009-02-04,25.493824005126953
2009-02-05,25.405616760253906
2009-02-06,25.55263900756836
2009-02-09,25.082164764404297
2009-02-10,24.200023651123047
2009-02-11,24.317644119262695
2009-02-12,24.288230895996094
2009-02-13,23.64133071899414
2009-02-17,22.847410202026367
2009-02-18,23.023839950561523
2009-02-19,22.70038414001465
2009-02-20,22.40633773803711
2009-02-23,21.46538543701172
2009-02-24,22.3475284576416
2009-02-25,21.759441375732422
2009-02-26,21.494796752929688
2009-02-27,21.671218872070312
2009-03-02,20.906700134277344
2009-03-03,20.84789276123047
2009-03-04,21.40658187866211
2009-03-05,20.994916915893555
2009-03-06,20.93610382080078
2009-03-09,20.20098876953125
2009-03-10,21.230154037475586
2009-03-11,21.318361282348633
2009-03-12,21.288959503173828
2009-03-13,21.494796752929688
2009-03-16,21.877056121826172
2009-03-17,22.64157485961914
2009-03-18,23.170860290527344
2009-03-19,23.053237915039062
2009-03-20,22.553359985351562
2009-03-23,24.317644119262695
2009-03-24,23.64133071899414
2009-03-25,24.34703826904297
2009-03-26,24.611684799194336
2009-03-27,24.200023651123047
2009-03-30,23.259071350097656
2009-03-31,23.229665756225586
2009-04-01,23.905973434448242
2009-04-02,24.758710861206055
2009-04-03,24.552873611450195
2009-04-06,24.023595809936523
2009-04-07,23.876571655273438
2009-04-08,24.053001403808594
2009-04-09,24.935134887695312
2009-04-13,24.993947982788086
2009-04-14,24.758710861206055
2009-04-15,24.876323699951172
2009-04-16,24.964540481567383
2009-04-17,25.082164764404297
2009-04-20,24.523473739624023
2009-04-21,24.817516326904297
2009-04-22,24.90573501586914
2009-04-23,25.05275535583496
2009-04-24,25.435020446777344
2009-04-27,25.376211166381836
2009-04-28,24.964540481567383
2009-04-29,25.17037582397461
2009-04-30,25.023353576660156
2009-05-01,25.405616760253906
2009-05-04,26.08191680908203
2009-05-05,25.993701934814453
2009-05-06,26.611196517944336
2009-05-07,25.993701934814453
2009-05-08,27.05225944519043
2009-05-11,26.78763771057129
2009-05-12,26.934646606445312
2009-05-13,26.43476676940918
2009-05-14,26.464176177978516
2009-05-15,26.72881507873535
2009-05-18,26.964059829711914
2009-05-19,26.78763771057129
2009-05-20,27.14047622680664
2009-05-21,26.78763771057129
2009-05-22,26.875843048095703
2009-05-26,27.757984161376953
2009-05-27,27.22869873046875
2009-05-28,27.05225944519043
2009-05-29,27.552146911621094
2009-06-01,27.993228912353516
2009-06-02,28.022626876831055
2009-06-03,27.405132293701172
2009-06-04,27.6109619140625
2009-06-05,27.287506103515625
2009-06-08,27.43453025817871
2009-06-09,27.66976547241211
2009-06-10,27.699172973632812
2009-06-11,28.169649124145508
2009-06-12,28.140247344970703
2009-06-15,27.64036750793457
2009-06-16,27.34632110595703
2009-06-17,27.66976547241211
2009-06-18,27.43453025817871
2009-06-19,27.875600814819336
2009-06-22,27.25810432434082
2009-06-23,27.43548583984375
2009-06-24,27.49462127685547
2009-06-25,28.145034790039062
2009-06-26,28.233718872070312
2009-06-29,28.085899353027344
2009-06-30,27.878950119018555
2009-07-01,28.204160690307617
2009-07-02,27.583314895629883
2009-07-06,27.760696411132812
2009-07-07,27.465049743652344
2009-07-08,27.465049743652344
2009-07-09,27.465049743652344
2009-07-10,27.169404983520508
2009-07-13,27.228532791137695
2009-07-14,27.228532791137695
2009-07-15,27.524181365966797
2009-07-16,27.40592384338379
2009-07-17,27.40592384338379
2009-07-20,27.760696411132812
2009-07-21,27.997211456298828
2009-07-22,28.322412490844727
2009-07-23,28.440673828125
2009-07-24,28.588483810424805
2009-07-27,28.529356002807617
2009-07-28,28.49980354309082
2009-07-29,28.706745147705078
2009-07-30,29.031949996948242
2009-07-31,29.179773330688477
2009-08-03,29.682357788085938
2009-08-04,29.652795791625977
2009-08-05,29.44584846496582
2009-08-06,29.416290283203125
2009-08-07,29.298032760620117
2009-08-10,29.298032760620117
2009-08-11,29.298032760620117
2009-08-12,29.44584846496582
2009-08-13,29.711931228637695
2009-08-14,29.83018684387207
2009-08-17,29.002391815185547
2009-08-18,29.2388916015625
2009-08-19,29.327592849731445
2009-08-20,29.682357788085938
2009-08-21,30.00756072998047
2009-08-24,29.94843101501465
2009-08-25,30.184946060180664
2009-08-26,30.214509963989258
2009-08-27,30.303207397460938
2009-08-28,30.273643493652344
2009-08-31,30.214509963989258
2009-09-01,29.771053314208984
2009-09-02,29.859750747680664
2009-09-03,29.771053314208984
2009-09-04,29.711931228637695
2009-09-08,29.978002548217773
2009-09-09,30.096250534057617
2009-09-10,30.451025009155273
2009-09-11,30.421464920043945
2009-09-14,30.303207397460938
2009-09-15,30.06669044494629
2009-09-16,30.214509963989258
2009-09-17,29.91887092590332
2009-09-18,30.06669044494629
2009-09-21,29.771053314208984
2009-09-22,30.15538787841797
2009-09-23,29.83018684387207
2009-09-24,29.859750747680664
2009-09-25,29.62324333190918
2009-09-28,29.859750747680664
2009-09-29,29.2388916015625
2009-09-30,29.386709213256836
2009-10-01,28.647615432739258
2009-10-02,28.26328468322754
2009-10-05,28.49980354309082
2009-10-06,28.824996948242188
2009-10-07,29.091081619262695
2009-10-08,29.416290283203125
2009-10-09,29.416290283203125
2009-10-12,29.475404739379883
2009-10-13,29.327592849731445
2009-10-14,29.652795791625977
2009-10-15,29.504980087280273
2009-10-16,28.97282600402832
2009-10-19,29.44584846496582
2009-10-20,29.357152938842773
2009-10-21,29.268457412719727
2009-10-22,29.327592849731445
2009-10-23,28.647615432739258
2009-10-26,28.558923721313477
2009-10-27,28.440673828125
2009-10-28,28.145034790039062
2009-10-29,28.588483810424805
2009-10-30,28.233718872070312
2009-11-02,28.49980354309082
2009-11-03,28.470233917236328
2009-11-04,28.411104202270508
2009-11-05,28.618053436279297
2009-11-06,28.440673828125
2009-11-09,28.765871047973633
2009-11-10,28.558923721313477
2009-11-11,28.529356002807617
2009-11-12,28.056325912475586
2009-11-13,28.322412490844727
2009-11-16,28.588483810424805
2009-11-17,28.26328468322754
2009-11-18,27.96763801574707
2009-11-19,27.31722640991211
2009-11-20,27.524181365966797
2009-11-23,27.8198184967041
2009-11-24,27.465049743652344
2009-11-25,27.938074111938477
2009-11-27,27.701568603515625
2009-11-30,28.26328468322754
2009-12-01,29.2388916015625
2009-12-02,29.120643615722656
2009-12-03,29.53453826904297
2009-12-04,29.53453826904297
2009-12-07,29.298032760620117
2009-12-08,29.386709213256836
2009-12-09,29.475404739379883
2009-12-10,29.2388916015625
2009-12-11,29.416290283203125
2009-12-14,29.44584846496582
2009-12-15,29.209335327148438
2009-12-16,29.652795791625977
2009-12-17,29.2388916015625
2009-12-18,29.179773330688477
2009-12-21,29.091081619262695
2009-12-22,29.32375717163086
2009-12-23,29.413251876831055
2009-12-24,29.622066497802734
2009-12-28,29.50273895263672
2009-12-29,29.622066497802734
2009-12-30,29.293928146362305
2009-12-31,29.055280685424805
2010-01-04,29.80105209350586
2010-01-05,29.980045318603516
2010-01-06,30.099369049072266
2010-01-07,29.83088493347168
2010-01-08,30.188852310180664
2010-01-11,30.45732879638672
2010-01-12,30.66615104675293
2010-01-13,30.845136642456055
2010-01-14,31.292593002319336
2010-01-15,31.232940673828125
2010-01-19,31.203100204467773
2010-01-20,30.516990661621094
2010-01-21,30.66615104675293
2010-01-22,30.33800506591797
2010-01-25,30.576656341552734
2010-01-26,30.248517990112305
2010-01-27,30.06954002380371
2010-01-28,29.77122688293457
2010-01-29,29.353593826293945
2010-02-01,29.65188980102539
2010-02-02,30.218679428100586
2010-02-03,29.92037582397461
2010-02-04,29.353593826293945
2010-02-05,29.293928146362305
2010-02-08,29.085107803344727
2010-02-09,29.264102935791016
2010-02-10,29.264102935791016
2010-02-11,29.413251876831055
2010-02-12,29.234270095825195
2010-02-16,29.532567977905273
2010-02-17,29.532567977905273
2010-02-18,29.59223747253418
2010-02-19,29.114940643310547
2010-02-22,29.472915649414062
2010-02-23,29.353593826293945
2010-02-24,29.413251876831055
2010-02-25,29.472915649414062
2010-02-26,29.65188980102539
2010-03-01,29.950204849243164
2010-03-02,30.03969955444336
2010-03-03,30.248517990112305
2010-03-04,29.950204849243164
2010-03-05,30.248517990112305
2010-03-08,30.45732879638672
2010-03-09,30.33800506591797
2010-03-10,30.12919807434082
2010-03-11,30.42750358581543
2010-03-12,30.725807189941406
2010-03-15,30.576656341552734
2010-03-16,30.874967575073242
2010-03-17,30.994281768798828
2010-03-18,30.785463333129883
2010-03-19,30.725807189941406
2010-03-22,30.874967575073242
2010-03-23,31.17327117919922
2010-03-24,30.66615104675293
2010-03-25,30.487159729003906
2010-03-26,30.964448928833008
2010-03-29,31.352262496948242
2010-03-30,31.5312442779541
2010-03-31,31.14344596862793
2010-04-01,31.620731353759766
2010-04-05,31.5312442779541
2010-04-06,31.620731353759766
2010-04-07,31.620731353759766
2010-04-08,31.650562286376953
2010-04-09,31.740066528320312
2010-04-12,31.680387496948242
2010-04-13,31.620731353759766
2010-04-14,31.7698917388916
2010-04-15,31.919044494628906
2010-04-16,31.322431564331055
2010-04-19,31.26276397705078
2010-04-20,31.14344596862793
2010-04-21,31.26276397705078
2010-04-22,30.994281768798828
2010-04-23,31.203100204467773
2010-04-26,31.41191864013672
2010-04-27,30.845136642456055
2010-04-28,30.725807189941406
2010-04-29,31.083770751953125
2010-04-30,30.994281768798828
2010-05-03,31.083770751953125
2010-05-04,30.12919807434082
2010-05-05,30.099369049072266
2010-05-06,29.92037582397461
2010-05-07,29.65188980102539
2010-05-10,30.487159729003906
2010-05-11,29.80105209350586
2010-05-12,30.06954002380371
2010-05-13,29.83088493347168
2010-05-14,29.622066497802734
2010-05-17,29.562410354614258
2010-05-18,29.055280685424805
2010-05-19,29.264102935791016
2010-05-20,28.816633224487305
2010-05-21,29.085107803344727
2010-05-24,28.697315216064453
2010-05-25,28.518325805664062
2010-05-26,28.16035270690918
2010-05-27,28.846458435058594
2010-05-28,28.369176864624023
2010-06-01,28.279680252075195
2010-06-02,28.428836822509766
2010-06-03,28.369176864624023
2010-06-04,27.83222007751465
2010-06-07,27.384754180908203
2010-06-08,27.653226852416992
2010-06-09,27.68305778503418
2010-06-10,28.16035270690918
2010-06-11,28.100685119628906
2010-06-14,28.279680252075195
2010-06-15,28.78679847717285
2010-06-16,28.906126022338867
2010-06-17,28.846458435058594
2010-06-18,28.906126022338867
2010-06-21,29.114940643310547
2010-06-22,28.75697898864746
2010-06-23,28.63377571105957
2010-06-24,28.54364776611328
2010-06-25,28.663827896118164
2010-06-28,28.333324432373047
2010-06-29,27.64226531982422
2010-06-30,27.64226531982422
2010-07-01,27.73240089416504
2010-07-02,27.852588653564453
2010-07-06,28.423460006713867
2010-07-07,28.964290618896484
2010-07-08,29.02437400817871
2010-07-09,28.84410285949707
2010-07-12,28.69388771057129
2010-07-13,28.84410285949707
2010-07-14,29.05443000793457
2010-07-15,28.814058303833008
2010-07-16,28.092954635620117
2010-07-19,28.183088302612305
2010-07-20,28.363370895385742
2010-07-21,27.852588653564453
2010-07-22,28.363370895385742
2010-07-23,28.784011840820312
2010-07-26,28.814058303833008
2010-07-27,28.663827896118164
2010-07-28,28.99432945251465
2010-07-29,29.174612045288086
2010-07-30,28.93424415588379
2010-08-02,29.56520652770996
2010-08-03,29.445022583007812
2010-08-04,29.384929656982422
2010-08-05,29.354881286621094
2010-08-06,29.625293731689453
2010-08-09,29.655344009399414
2010-08-10,29.475072860717773
2010-08-11,28.483551025390625
2010-08-12,28.39341163635254
2010-08-13,28.363370895385742
2010-08-16,28.573692321777344
2010-08-17,28.723918914794922
2010-08-18,28.90420150756836
2010-08-19,28.84410285949707
2010-08-20,28.573692321777344
2010-08-23,28.39341163635254
2010-08-24,28.363370895385742
2010-08-25,28.273237228393555
2010-08-26,28.243186950683594
2010-08-27,28.603734970092773
2010-08-30,28.513599395751953
2010-08-31,28.183088302612305
2010-09-01,28.964290618896484
2010-09-02,28.874141693115234
2010-09-03,29.08447265625
2010-09-07,29.08447265625
2010-09-08,29.144563674926758
2010-09-09,29.234703063964844
2010-09-10,29.445022583007812
2010-09-13,29.74547576904297
2010-09-14,29.83562469482422
2010-09-15,29.775524139404297
2010-09-16,29.384929656982422
2010-09-17,29.29478645324707
2010-09-20,29.805578231811523
2010-09-21,29.475072860717773
2010-09-22,29.384929656982422
2010-09-23,29.264741897583008
2010-09-24,29.655344009399414
2010-09-27,29.805578231811523
2010-09-28,29.925756454467773
2010-09-29,30.075984954833984
2010-09-30,29.715444564819336
2010-10-01,29.775524139404297
2010-10-04,29.204662322998047
2010-10-05,30.136072158813477
2010-10-06,30.466581344604492
2010-10-07,30.586780548095703
2010-10-08,30.73700714111328
2010-10-11,30.676908493041992
2010-10-12,30.406490325927734
2010-10-13,30.49662971496582
2010-10-14,30.706947326660156
2010-10-15,30.466581344604492
2010-10-18,30.676908493041992
2010-10-19,30.406490325927734
2010-10-20,30.646860122680664
2010-10-21,30.25626564025879
2010-10-22,30.49662971496582
2010-10-25,30.526670455932617
2010-10-26,30.226221084594727
2010-10-27,30.136072158813477
2010-10-28,30.226221084594727
2010-10-29,30.106037139892578
2010-11-01,29.805578231811523
2010-11-02,30.015899658203125
2010-11-03,30.106037139892578
2010-11-04,30.79709243774414
2010-11-05,31.0675106048584
2010-11-08,31.0675106048584
2010-11-09,30.857187271118164
2010-11-10,31.217729568481445
2010-11-11,31.037452697753906
2010-11-12,30.79709243774414
2010-11-15,30.79709243774414
2010-11-16,30.25626564025879
2010-11-17,30.706947326660156
2010-11-18,31.48813819885254
2010-11-19,31.518186569213867
2010-11-22,31.428049087524414
2010-11-23,30.82714080810547
2010-11-24,31.367965698242188
2010-11-26,30.857187271118164
2010-11-29,31.007413864135742
2010-11-30,30.857187271118164
2010-12-01,31.48813819885254
2010-12-02,31.788610458374023
2010-12-03,31.9688777923584
2010-12-06,32.119117736816406
2010-12-07,31.728511810302734
2010-12-08,31.81865882873535
2010-12-09,31.878742218017578
2010-12-10,31.788610458374023
2010-12-13,32.20924377441406
2010-12-14,32.32943344116211
2010-12-15,32.119117736816406
2010-12-16,32.29939270019531
2010-12-17,32.20924377441406
2010-12-20,32.23929977416992
2010-12-21,32.42987823486328
2010-12-22,32.55089569091797
2010-12-23,32.52063751220703
2010-12-27,32.611392974853516
2010-12-28,32.8534049987793
2010-12-29,33.155914306640625
2010-12-30,32.88365936279297
2010-12-31,33.004661560058594
2011-01-03,33.307186126708984
2011-01-04,33.33743667602539
2011-01-05,33.09542465209961
2011-01-06,33.09542465209961
2011-01-07,33.216434478759766
2011-01-10,33.216434478759766
2011-01-11,33.458438873291016
2011-01-12,33.76095199584961
2011-01-13,33.730709075927734
2011-01-14,33.730709075927734
2011-01-18,33.82146453857422
2011-01-19,33.76095199584961
2011-01-20,33.458438873291016
2011-01-21,33.125675201416016
2011-01-24,33.33743667602539
2011-01-25,33.63994598388672
2011-01-26,33.57944869995117
2011-01-27,33.609703063964844
2011-01-28,33.034912109375
2011-01-31,33.06517791748047
2011-02-01,33.730709075927734
2011-02-02,34.06346893310547
2011-02-03,34.33573913574219
2011-02-04,34.33573913574219
2011-02-07,34.30549240112305
2011-02-08,34.51725387573242
2011-02-09,34.275238037109375
2011-02-10,34.24498748779297
2011-02-11,34.275238037109375
2011-02-14,34.577754974365234
2011-02-15,34.33573913574219
2011-02-16,34.81977462768555
2011-02-17,35.122291564941406
2011-02-18,35.09202575683594
2011-02-22,34.123985290527344
2011-02-23,34.18449020385742
2011-02-24,34.09372329711914
2011-02-25,34.54750061035156
2011-02-28,34.88026809692383
2011-03-01,34.81977462768555
2011-03-02,34.51725387573242
2011-03-03,34.85001754760742
2011-03-04,34.608009338378906
2011-03-07,33.942481994628906
2011-03-08,34.09372329711914
2011-03-09,34.09372329711914
2011-03-10,33.246681213378906
2011-03-11,32.702144622802734
2011-03-14,30.403017044067383
2011-03-15,30.342500686645508
2011-03-16,29.22319221496582
2011-03-17,30.55427360534668
2011-03-18,31.371078491210938
2011-03-21,32.278621673583984
2011-03-22,32.157623291015625
2011-03-23,31.976102828979492
2011-03-24,32.0366096496582
2011-03-25,31.25006103515625
2011-03-28,31.189558029174805
2011-03-29,31.129058837890625
2011-03-30,31.613075256347656
2011-03-31,31.21980857849121
2011-04-01,31.15930938720703
2011-04-04,30.73577308654785
2011-04-05,30.1307430267334
2011-04-06,29.858478546142578
2011-04-07,29.616477966308594
2011-04-08,30.191253662109375
2011-04-11,29.9794864654541
2011-04-12,30.03999900817871
2011-04-13,30.160995483398438
2011-04-14,30.372758865356445
2011-04-15,30.342500686645508
2011-04-18,30.25176239013672
2011-04-19,30.342500686645508
2011-04-20,30.79629898071289
2011-04-21,30.91728973388672
2011-04-25,30.887041091918945
2011-04-26,30.91728973388672
2011-04-27,30.977798461914062
2011-04-28,31.794599533081055
2011-04-29,31.855100631713867
2011-05-02,31.945850372314453
2011-05-03,31.945850372314453
2011-05-04,31.885353088378906
2011-05-05,31.64333724975586
2011-05-06,31.82484245300293
2011-05-09,31.945850372314453
2011-05-10,32.09710693359375
2011-05-11,31.552583694458008
2011-05-12,31.64333724975586
2011-05-13,30.977798461914062
2011-05-16,30.79629898071289
2011-05-17,30.826534271240234
2011-05-18,31.068552017211914
2011-05-19,30.61477279663086
2011-05-20,30.282001495361328
2011-05-23,29.828224182128906
2011-05-24,30.191253662109375
2011-05-25,30.25176239013672
2011-05-26,30.524023056030273
2011-05-27,30.524023056030273
2011-05-31,31.068552017211914
2011-06-01,30.675273895263672
2011-06-02,30.70553207397461
2011-06-03,30.433269500732422
2011-06-06,30.1307430267334
2011-06-07,30.372758865356445
2011-06-08,30.342500686645508
2011-06-09,30.55427360534668
2011-06-10,30.25176239013672
2011-06-13,30.25176239013672
2011-06-14,30.856792449951172
2011-06-15,30.25176239013672
2011-06-16,30.160995483398438
2011-06-17,30.25176239013672
2011-06-20,30.282001495361328
2011-06-21,30.79629898071289
2011-06-22,30.75967025756836
2011-06-23,30.698637008666992
2011-06-24,30.881731033325195
2011-06-27,30.729162216186523
2011-06-28,31.0953369140625
2011-06-29,31.58359146118164
2011-06-30,31.827714920043945
2011-07-01,32.102352142333984
2011-07-05,32.163387298583984
2011-07-06,32.34648513793945
2011-07-07,32.5600700378418
2011-07-08,32.28544998168945
2011-07-11,31.88874053955078
2011-07-12,31.98029327392578
2011-07-13,32.59059143066406
2011-07-14,32.28544998168945
2011-07-15,32.529571533203125
2011-07-18,32.13286590576172
2011-07-19,32.529571533203125
2011-07-20,32.865230560302734
2011-07-21,33.1398811340332
2011-07-22,33.20090866088867
2011-07-25,33.078853607177734
2011-07-26,33.1398811340332
2011-07-27,32.59059143066406
2011-07-28,32.529571533203125
2011-07-29,32.6821403503418
2011-08-01,32.37700271606445
2011-08-02,32.102352142333984
2011-08-03,32.163387298583984
2011-08-04,30.210386276245117
2011-08-05,30.485017776489258
2011-08-08,29.020280838012695
2011-08-09,30.515546798706055
2011-08-10,29.111827850341797
2011-08-11,30.210386276245117
2011-08-12,29.93575096130371
2011-08-15,30.30193519592285
2011-08-16,30.057811737060547
2011-08-17,30.088327407836914
2011-08-18,29.050796508789062
2011-08-19,28.776159286499023
2011-08-22,28.83718490600586
2011-08-23,29.386472702026367
2011-08-24,29.050796508789062
2011-08-25,28.654102325439453
2011-08-26,29.2644100189209
2011-08-29,29.661109924316406
2011-08-30,29.539051055908203
2011-08-31,30.057811737060547
2011-09-01,29.783170700073242
2011-09-02,29.294923782348633
2011-09-06,28.654102325439453
2011-09-07,29.203380584716797
2011-09-08,28.83718490600586
2011-09-09,28.165843963623047
2011-09-12,28.44047737121582
2011-09-13,28.928741455078125
2011-09-14,29.050796508789062
2011-09-15,29.386472702026367
2011-09-16,29.691633224487305
2011-09-19,29.2644100189209
2011-09-20,29.233890533447266
2011-09-21,28.86771011352539
2011-09-22,28.40996551513672
2011-09-23,28.501514434814453
2011-09-26,28.654102325439453
2011-09-27,29.111827850341797
2011-09-28,29.111827850341797
2011-09-29,29.63059425354004
2011-09-30,28.86771011352539
2011-10-03,28.40996551513672
2011-10-04,28.776159286499023
2011-10-05,28.654102325439453
2011-10-06,28.776159286499023
2011-10-07,28.623580932617188
2011-10-10,29.355955123901367
2011-10-11,29.111827850341797
2011-10-12,29.294923782348633
2011-10-13,29.294923782348633
2011-10-14,29.355955123901367
2011-10-17,29.233890533447266
2011-10-18,29.508529663085938
2011-10-19,29.050796508789062
2011-10-20,28.959243774414062
2011-10-21,29.2644100189209
2011-10-24,29.569561004638672
2011-10-25,29.14234733581543
2011-10-26,29.203380584716797
2011-10-27,30.332448959350586
2011-10-28,30.454511642456055
2011-10-31,28.684614181518555
2011-11-01,28.31842613220215
2011-11-02,28.40996551513672
2011-11-03,28.623580932617188
2011-11-04,28.562545776367188
2011-11-07,28.806682586669922
2011-11-08,28.684614181518555
2011-11-09,28.165843963623047
2011-11-10,28.13532257080078
2011-11-11,28.44047737121582
2011-11-14,28.31842613220215
2011-11-15,28.31842613220215
2011-11-16,27.79966163635254
2011-11-17,27.830171585083008
2011-11-18,27.952232360839844
2011-11-21,27.4029598236084
2011-11-22,27.61656379699707
2011-11-23,26.975740432739258
2011-11-25,26.975740432739258
2011-11-28,27.738624572753906
2011-11-29,27.860689163208008
2011-11-30,28.776159286499023
2011-12-01,28.379453659057617
2011-12-02,28.47100067138672
2011-12-05,28.684614181518555
2011-12-06,28.348939895629883
2011-12-07,28.745634078979492
2011-12-08,28.043790817260742
2011-12-09,28.684614181518555
2011-12-12,28.196361541748047
2011-12-13,28.074296951293945
2011-12-14,27.769142150878906
2011-12-15,27.708114624023438
2011-12-16,27.61656379699707
2011-12-19,27.219863891601562
2011-12-20,27.91780662536621
2011-12-21,27.63986587524414
2011-12-22,27.825157165527344
2011-12-23,28.041343688964844
2011-12-27,27.701629638671875
2011-12-28,27.36191749572754
2011-12-29,27.91780662536621
2011-12-30,28.13398551940918
2012-01-03,28.68987464904785
2012-01-04,28.65898895263672
2012-01-05,28.319284439086914
2012-01-06,28.01045799255371
2012-01-09,28.103113174438477
2012-01-10,28.442813873291016
2012-01-11,28.319284439086914
2012-01-12,28.19574737548828
2012-01-13,28.257522583007812
2012-01-17,28.257522583007812
2012-01-18,28.597225189208984
2012-01-19,28.813405990600586
2012-01-20,29.183998107910156
2012-01-23,29.30752182006836
2012-01-24,29.029584884643555
2012-01-25,29.40018081665039
2012-01-26,29.338411331176758
2012-01-27,29.492815017700195
2012-01-30,29.30752182006836
2012-01-31,29.492815017700195
2012-02-01,29.678112030029297
2012-02-02,29.770761489868164
2012-02-03,29.86341094970703
2012-02-06,29.770761489868164
2012-02-07,30.079586029052734
2012-02-08,30.20311164855957
2012-02-09,30.110469818115234
2012-02-10,29.739877700805664
2012-02-13,30.0487060546875
2012-02-14,29.95606231689453
2012-02-15,30.45016860961914
2012-02-16,30.75899887084961
2012-02-17,30.789886474609375
2012-02-21,30.75899887084961
2012-02-22,30.851655960083008
2012-02-23,31.03694725036621
2012-02-24,31.098709106445312
2012-02-27,30.913414001464844
2012-02-28,31.407550811767578
2012-02-29,30.851655960083008
2012-03-01,31.03694725036621
2012-03-02,30.72812271118164
2012-03-05,30.54281997680664
2012-03-06,30.295766830444336
2012-03-07,30.481056213378906
2012-03-08,31.00606346130371
2012-03-09,31.129596710205078
2012-03-12,30.82076072692871
2012-03-13,31.098709106445312
2012-03-14,30.75899887084961
2012-03-15,31.00606346130371
2012-03-16,31.191368103027344
2012-03-19,31.284011840820312
2012-03-20,30.975181579589844
2012-03-21,30.82076072692871
2012-03-22,30.851655960083008
2012-03-23,30.851655960083008
2012-03-26,31.067825317382812
2012-03-27,31.314884185791016
2012-03-28,31.37664794921875
2012-03-29,31.345766067504883
2012-03-30,31.438419342041016
2012-04-02,31.469301223754883
2012-04-03,31.067825317382812
2012-04-04,30.35753059387207
2012-04-05,30.35753059387207
2012-04-09,30.172250747680664
2012-04-10,29.801639556884766
2012-04-11,30.20311164855957
2012-04-12,30.35753059387207
2012-04-13,30.017826080322266
2012-04-16,30.079586029052734
2012-04-17,30.2648868560791
2012-04-18,30.20311164855957
2012-04-19,30.017826080322266
2012-04-20,30.079586029052734
2012-04-23,29.739877700805664
2012-04-24,29.9251708984375
2012-04-25,30.079586029052734
2012-04-26,30.233993530273438
2012-04-27,30.14134979248047
2012-04-30,30.079586029052734
2012-05-01,29.770761489868164
2012-05-02,29.616352081298828
2012-05-03,29.369291305541992
2012-05-04,29.153114318847656
2012-05-07,29.276636123657227
2012-05-08,29.029584884643555
2012-05-09,28.78251838684082
2012-05-10,28.906044006347656
2012-05-11,28.597225189208984
2012-05-14,28.28839111328125
2012-05-15,27.91780662536621
2012-05-16,27.60898780822754
2012-05-17,27.856042861938477
2012-05-18,27.45457649230957
2012-05-21,27.732513427734375
2012-05-22,27.701629638671875
2012-05-23,27.485450744628906
2012-05-24,27.36191749572754
2012-05-25,27.20750617980957
2012-05-29,27.547222137451172
2012-05-30,27.17662239074707
2012-05-31,27.45457649230957
2012-06-01,26.713388442993164
2012-06-04,27.022220611572266
2012-06-05,27.36191749572754
2012-06-06,27.794282913208008
2012-06-07,27.60898780822754
2012-06-08,27.36191749572754
2012-06-11,27.238399505615234
2012-06-12,27.547222137451172
2012-06-13,27.392807006835938
2012-06-14,27.60898780822754
2012-06-15,28.01045799255371
2012-06-18,28.072219848632812
2012-06-19,28.226640701293945
2012-06-20,28.473703384399414
2012-06-21,28.062122344970703
2012-06-22,28.24919891357422
2012-06-25,27.81267547607422
2012-06-26,28.124475479125977
2012-06-27,28.34273338317871
2012-06-28,28.748088836669922
2012-06-29,29.34050178527832
2012-07-02,29.246965408325195
2012-07-03,29.62112808227539
2012-07-05,29.246965408325195
2012-07-06,29.122236251831055
2012-07-09,28.96634292602539
2012-07-10,28.654542922973633
2012-07-11,28.716901779174805
2012-07-12,28.280378341674805
2012-07-13,28.560998916625977
2012-07-16,28.436277389526367
2012-07-17,28.311565399169922
2012-07-18,28.405101776123047
2012-07-19,28.623353958129883
2012-07-20,27.93739891052246
2012-07-23,27.563236236572266
2012-07-24,27.313798904418945
2012-07-25,27.313798904418945
2012-07-26,27.719141006469727
2012-07-27,28.2180233001709
2012-07-30,28.062122344970703
2012-07-31,28.030941009521484
2012-08-01,27.93739891052246
2012-08-02,27.81267547607422
2012-08-03,28.124475479125977
2012-08-06,28.405101776123047
2012-08-07,28.748088836669922
2012-08-08,28.68572425842285
2012-08-09,28.748088836669922
2012-08-10,28.779258728027344
2012-08-13,28.716901779174805
2012-08-14,28.68572425842285
2012-08-15,28.529823303222656
2012-08-16,28.903980255126953
2012-08-17,29.122236251831055
2012-08-20,29.05988121032715
2012-08-21,29.05988121032715
2012-08-22,29.028705596923828
2012-08-23,29.028705596923828
2012-08-24,28.997522354125977
2012-08-27,28.903980255126953
2012-08-28,28.654542922973633
2012-08-29,28.748088836669922
2012-08-30,28.2180233001709
2012-08-31,28.24919891357422
2012-09-04,27.875036239624023
2012-09-05,27.532054901123047
2012-09-06,27.906221389770508
2012-09-07,28.280378341674805
2012-09-10,28.280378341674805
2012-09-11,28.405101776123047
2012-09-12,28.716901779174805
2012-09-13,29.184598922729492
2012-09-14,29.49639892578125
2012-09-17,29.215784072875977
2012-09-18,29.278148651123047
2012-09-19,29.34050178527832
2012-09-20,29.028705596923828
2012-09-21,29.184598922729492
2012-09-24,29.122236251831055
2012-09-25,29.122236251831055
2012-09-26,28.810440063476562
2012-09-27,29.15342140197754
2012-09-28,28.592182159423828
2012-10-01,28.498647689819336
2012-10-02,28.373920440673828
2012-10-03,28.24919891357422
2012-10-04,28.592182159423828
2012-10-05,28.592182159423828
2012-10-08,28.436277389526367
2012-10-09,27.96857261657715
2012-10-10,27.750314712524414
2012-10-11,27.906221389770508
2012-10-12,27.93739891052246
2012-10-15,28.124475479125977
2012-10-16,28.529823303222656
2012-10-17,28.68572425842285
2012-10-18,28.872806549072266
2012-10-19,28.498647689819336
2012-10-22,28.903980255126953
2012-10-23,28.311565399169922
2012-10-24,28.373920440673828
2012-10-25,28.592182159423828
2012-10-26,28.436277389526367
2012-10-31,28.24919891357422
2012-11-01,28.529823303222656
2012-11-02,28.311565399169922
2012-11-05,28.311565399169922
2012-11-06,28.373920440673828
2012-11-07,28.030941009521484
2012-11-08,27.906221389770508
2012-11-09,27.906221389770508
2012-11-12,27.625591278076172
2012-11-13,27.656774520874023
2012-11-14,27.313798904418945
2012-11-15,27.750314712524414
2012-11-16,28.24919891357422
2012-11-19,28.654542922973633
2012-11-20,28.592182159423828
2012-11-21,28.623353958129883
2012-11-23,28.96634292602539
2012-11-26,28.96634292602539
2012-11-27,28.810440063476562
2012-11-28,28.841623306274414
2012-11-29,29.184598922729492
2012-11-30,29.091068267822266
2012-12-03,28.96634292602539
2012-12-04,28.997522354125977
2012-12-05,28.997522354125977
2012-12-06,29.15342140197754
2012-12-07,29.246965408325195
2012-12-10,29.15342140197754
2012-12-11,29.122236251831055
2012-12-12,29.246965408325195
2012-12-13,29.122236251831055
2012-12-14,29.278148651123047
2012-12-17,29.55876350402832
2012-12-18,30.003141403198242
2012-12-19,30.475879669189453
2012-12-20,30.88558578491211
2012-12-21,30.696491241455078
2012-12-24,30.696491241455078
2012-12-26,30.664976119995117
2012-12-27,30.696491241455078
2012-12-28,30.475879669189453
2012-12-31,30.728002548217773
2013-01-02,31.48439598083496
2013-01-03,31.20074462890625
2013-01-04,31.074676513671875
2013-01-07,30.791044235229492
2013-01-08,30.381330490112305
2013-01-09,30.791044235229492
2013-01-10,31.04316520690918
2013-01-11,31.13770866394043
2013-01-14,31.326810836791992
2013-01-15,31.232255935668945
2013-01-16,30.85406494140625
2013-01-17,30.980127334594727
2013-01-18,31.10618782043457
2013-01-22,30.791044235229492
2013-01-23,30.53890609741211
2013-01-24,30.88558578491211
2013-01-25,31.10618782043457
2013-01-28,30.633460998535156
2013-01-29,31.04316520690918
2013-01-30,31.358327865600586
2013-01-31,31.42136001586914
2013-02-01,31.326810836791992
2013-02-04,31.358327865600586
2013-02-05,31.263776779174805
2013-02-06,31.673486709594727
2013-02-07,31.768035888671875
2013-02-08,31.6419677734375
2013-02-11,31.988637924194336
2013-02-12,31.768035888671875
2013-02-13,31.6419677734375
2013-02-14,31.326810836791992
2013-02-15,31.232255935668945
2013-02-19,31.70500373840332
2013-02-20,31.799545288085938
2013-02-21,31.42136001586914
2013-02-22,31.925617218017578
2013-02-25,31.48439598083496
2013-02-26,32.08319091796875
2013-02-27,32.05168151855469
2013-02-28,32.17774200439453
2013-03-01,32.49290466308594
2013-03-04,32.68199157714844
2013-03-05,32.74502944946289
2013-03-06,33.15473556518555
2013-03-07,32.83957290649414
2013-03-08,32.99714279174805
2013-03-11,33.18624496459961
2013-03-12,32.83957290649414
2013-03-13,33.0286750793457
2013-03-14,33.2177619934082
2013-03-15,33.53292465209961
2013-03-18,33.37533187866211
2013-03-19,33.56443786621094
2013-03-20,33.81656265258789
2013-03-21,33.81656265258789
2013-03-22,33.942626953125
2013-03-25,33.62746810913086
2013-03-26,33.942626953125
2013-03-27,34.10020446777344
2013-03-28,34.037174224853516
2013-04-01,32.71351623535156
2013-04-02,33.12321472167969
2013-04-03,32.99714279174805
2013-04-04,34.35234069824219
2013-04-05,34.54142761230469
2013-04-08,34.888099670410156
2013-04-09,34.60446548461914
2013-04-10,35.32932662963867
2013-04-11,35.73903274536133
2013-04-12,35.802059173583984
2013-04-15,35.51842498779297
2013-04-16,35.8651008605957
2013-04-17,35.61296463012695
2013-04-18,35.36084747314453
2013-04-19,35.73903274536133
2013-04-22,35.70751953125
2013-04-23,36.054195404052734
2013-04-24,36.274810791015625
2013-04-25,36.463897705078125
2013-04-26,36.369354248046875
2013-04-29,36.589962005615234
2013-04-30,36.87361526489258
2013-05-01,36.463897705078125
2013-05-02,36.62147903442383
2013-05-03,37.125732421875
2013-05-06,36.968143463134766
2013-05-07,37.03118896484375
2013-05-08,37.34633255004883
2013-05-09,37.062705993652344
2013-05-10,37.062705993652344
2013-05-13,37.53544235229492
2013-05-14,37.787567138671875
2013-05-15,38.134254455566406
2013-05-16,37.566951751708984
2013-05-17,38.16575241088867
2013-05-20,38.417877197265625
2013-05-21,38.63850402832031
2013-05-22,38.228790283203125
2013-05-23,36.62147903442383
2013-05-24,35.95964431762695
2013-05-28,35.73903274536133
2013-05-29,35.14022445678711
2013-05-30,34.95113754272461
2013-05-31,34.16324234008789
2013-06-03,33.7535285949707
2013-06-04,34.73052978515625
2013-06-05,33.406864166259766
2013-06-06,33.37533187866211
2013-06-07,34.66749572753906
2013-06-10,35.10871124267578
2013-06-11,34.41536331176758
2013-06-12,34.50991439819336
2013-06-13,35.32932662963867
2013-06-14,34.22626495361328
2013-06-17,35.14022445678711
2013-06-18,35.73903274536133
2013-06-19,35.29780960083008
2013-06-20,33.84808349609375
2013-06-21,35.07719421386719
2013-06-24,34.10020446777344
2013-06-25,34.54142761230469
2013-06-26,34.383853912353516
2013-06-27,35.228965759277344
2013-06-28,35.51383972167969
2013-07-01,35.956966400146484
2013-07-02,36.21018981933594
2013-07-03,36.241844177246094
2013-07-05,36.71662521362305
2013-07-08,36.463401794433594
2013-07-09,36.65331268310547
2013-07-10,36.52671432495117
2013-07-11,37.60287857055664
2013-07-12,37.53957748413086
2013-07-15,37.88775634765625
2013-07-16,37.571231842041016
2013-07-17,37.91941452026367
2013-07-18,38.10931396484375
2013-07-19,37.82444763183594
2013-07-22,37.91941452026367
2013-07-23,37.88775634765625
2013-07-24,37.571231842041016
2013-07-25,36.874881744384766
2013-07-26,36.0202751159668
2013-07-29,35.228965759277344
2013-07-30,35.54548263549805
2013-07-31,35.51383972167969
2013-08-01,36.49505615234375
2013-08-02,37.06479263305664
2013-08-05,37.159751892089844
2013-08-06,37.191410064697266
2013-08-07,36.49505615234375
2013-08-08,36.305137634277344
2013-08-09,36.3367919921875
2013-08-12,36.305137634277344
2013-08-13,36.62166213989258
2013-08-14,36.431758880615234
2013-08-15,35.92531967163086
2013-08-16,35.92531967163086
2013-08-19,35.83034896850586
2013-08-20,35.51383972167969
2013-08-21,35.00740432739258
2013-08-22,35.228965759277344
2013-08-23,35.83034896850586
2013-08-26,35.418880462646484
2013-08-27,35.0390510559082
2013-08-28,35.13401794433594
2013-08-29,35.10235595703125
2013-08-30,34.406002044677734
2013-09-03,35.26061248779297
2013-09-04,35.798709869384766
2013-09-05,35.70375061035156
2013-09-06,35.83034896850586
2013-09-09,36.74827575683594
2013-09-10,37.03314971923828
2013-09-11,36.77992248535156
2013-09-12,36.52671432495117
2013-09-13,36.71662521362305
2013-09-16,37.191410064697266
2013-09-17,37.03314971923828
2013-09-18,38.1726188659668
2013-09-19,37.98271179199219
2013-09-20,37.666194915771484
2013-09-23,37.792781829833984
2013-09-24,37.82444763183594
2013-09-25,37.729488372802734
2013-09-26,38.33088302612305
2013-09-27,38.04601287841797
2013-09-30,37.729488372802734
2013-10-01,37.571231842041016
2013-10-02,37.38132095336914
2013-10-03,37.09645462036133
2013-10-04,37.159751892089844
2013-10-07,36.463401794433594
2013-10-08,36.3367919921875
2013-10-09,37.191410064697266
2013-10-10,37.729488372802734
2013-10-11,37.792781829833984
2013-10-14,37.856109619140625
2013-10-15,37.53957748413086
2013-10-16,37.88775634765625
2013-10-17,38.20428466796875
2013-10-18,38.23592758178711
2013-10-21,38.2675895690918
2013-10-22,38.45749282836914
2013-10-23,37.666194915771484
2013-10-24,38.04601287841797
2013-10-25,37.47627258300781
2013-10-28,37.60287857055664
2013-10-29,37.88775634765625
2013-10-30,37.88775634765625
2013-10-31,37.697845458984375
2013-11-01,37.28636169433594
2013-11-04,37.318016052246094
2013-11-05,37.00149154663086
2013-11-06,37.50791549682617
2013-11-07,36.81157684326172
2013-11-08,37.09645462036133
2013-11-11,37.03314971923828
2013-11-12,37.50791549682617
2013-11-13,37.792781829833984
2013-11-14,38.10931396484375
2013-11-15,38.64741134643555
2013-11-18,38.584102630615234
2013-11-19,38.3625373840332
2013-11-20,38.3625373840332
2013-11-21,38.52080154418945
2013-11-22,38.4891471862793
2013-11-25,38.20428466796875
2013-11-26,38.04601287841797
2013-11-27,38.20428466796875
2013-11-29,38.1726188659668
2013-12-02,38.07767105102539
2013-12-03,37.91941452026367
2013-12-04,37.63454055786133
2013-12-05,37.318016052246094
2013-12-06,37.792781829833984
2013-12-09,37.792781829833984
2013-12-10,37.856109619140625
2013-12-11,37.50791549682617
2013-12-12,37.63454055786133
2013-12-13,37.318016052246094
2013-12-16,37.09645462036133
2013-12-17,37.12809371948242
2013-12-18,37.85523223876953
2013-12-19,37.53631591796875
2013-12-20,37.663883209228516
2013-12-23,38.01469039916992
2013-12-24,37.50442886352539
2013-12-26,38.11035919189453
2013-12-27,38.30170440673828
2013-12-30,38.65251922607422
2013-12-31,38.716304779052734
2014-01-02,38.07847213745117
2014-01-03,38.30170440673828
2014-01-06,38.17414474487305
2014-01-07,38.33359909057617
2014-01-08,38.39738464355469
2014-01-09,38.269813537597656
2014-01-10,38.52494430541992
2014-01-13,38.269813537597656
2014-01-14,38.17414474487305
2014-01-15,38.46116256713867
2014-01-16,38.33359909057617
2014-01-17,38.42927932739258
2014-01-21,38.493064880371094
2014-01-22,38.58873748779297
2014-01-23,37.823341369628906
2014-01-24,37.24929428100586
2014-01-27,36.77091979980469
2014-01-28,37.08982849121094
2014-01-29,37.05793380737305
2014-01-30,37.121734619140625
2014-01-31,36.13308334350586
2014-02-03,35.39958572387695
2014-02-04,35.43146896362305
2014-02-05,35.495262145996094
2014-02-06,35.909847259521484
2014-02-07,36.48388671875
2014-02-10,36.32443618774414
2014-02-11,36.83469772338867
2014-02-12,36.77091979980469
2014-02-13,36.451995849609375
2014-02-14,36.29254913330078
2014-02-18,37.08982849121094
2014-02-19,36.643348693847656
2014-02-20,36.420101165771484
2014-02-21,36.707130432128906
2014-02-24,37.121734619140625
2014-02-25,36.994163513183594
2014-02-26,36.83469772338867
2014-02-27,36.83469772338867
2014-02-28,37.02605056762695
2014-03-03,36.16497802734375
2014-03-04,37.08982849121094
2014-03-05,36.67524719238281
2014-03-06,37.376853942871094
2014-03-07,37.121734619140625
2014-03-10,36.96227264404297
2014-03-11,36.57956314086914
2014-03-12,36.228755950927734
2014-03-13,35.62282943725586
2014-03-14,35.20822525024414
2014-03-17,35.590919494628906
2014-03-18,35.55904006958008
2014-03-19,35.367698669433594
2014-03-20,34.857421875
2014-03-21,34.69796371459961
2014-03-24,34.825523376464844
2014-03-25,34.98499298095703
2014-03-26,35.2401237487793
2014-03-27,35.75038528442383
2014-03-28,36.13308334350586
2014-03-31,36.13308334350586
2014-04-01,36.228755950927734
2014-04-02,36.54767608642578
2014-04-03,36.3563232421875
2014-04-04,36.196876525878906
2014-04-07,35.84606170654297
2014-04-08,35.080657958984375
2014-04-09,35.590919494628906
2014-04-10,34.57040786743164
2014-04-11,34.442848205566406
2014-04-14,34.921207427978516
2014-04-15,34.88931655883789
2014-04-16,35.55904006958008
2014-04-17,35.65472412109375
2014-04-21,35.65472412109375
2014-04-22,35.39958572387695
2014-04-23,35.495262145996094
2014-04-24,35.367698669433594
2014-04-25,35.144447326660156
2014-04-28,35.33578872680664
2014-04-29,35.43146896362305
2014-04-30,35.33578872680664
2014-05-01,35.78227996826172
2014-05-02,35.71849822998047
2014-05-05,35.62282943725586
2014-05-06,35.52714920043945
2014-05-07,35.367698669433594
2014-05-08,35.2401237487793
2014-05-09,35.52714920043945
2014-05-12,35.55904006958008
2014-05-13,36.03741455078125
2014-05-14,35.84606170654297
2014-05-15,35.495262145996094
2014-05-16,35.55904006958008
2014-05-19,35.62282943725586
2014-05-20,35.20822525024414
2014-05-21,35.62282943725586
2014-05-22,35.973628997802734
2014-05-23,36.32443618774414
2014-05-27,36.611454010009766
2014-05-28,36.451995849609375
2014-05-29,36.8665885925293
2014-05-30,36.93037414550781
2014-06-02,37.376853942871094
2014-06-03,37.313072204589844
2014-06-04,37.56821060180664
2014-06-05,37.663883209228516
2014-06-06,37.663883209228516
2014-06-09,37.63198471069336
2014-06-10,37.313072204589844
2014-06-11,37.408748626708984
2014-06-12,37.53631591796875
2014-06-13,37.7276611328125
2014-06-16,37.7276611328125
2014-06-17,37.663883209228516
2014-06-18,38.17414474487305
2014-06-19,38.843868255615234
2014-06-20,38.87575912475586
2014-06-23,38.55684280395508
2014-06-24,38.55684280395508
2014-06-25,38.69170379638672
2014-06-26,38.56325912475586
2014-06-27,38.46693420410156
2014-06-30,38.65959167480469
2014-07-01,39.333885192871094
2014-07-02,39.23755645751953
2014-07-03,39.10912322998047
2014-07-07,38.82014083862305
2014-07-08,38.69170379638672
2014-07-09,38.94857406616211
2014-07-10,38.27428436279297
2014-07-11,38.3385009765625
2014-07-14,38.78802490234375
2014-07-15,38.91646957397461
2014-07-16,38.980690002441406
2014-07-17,38.72380447387695
2014-07-18,38.91646957397461
2014-07-21,38.85225296020508
2014-07-22,38.980690002441406
2014-07-23,39.01279067993164
2014-07-24,38.82014083862305
2014-07-25,38.94857406616211
2014-07-28,39.173343658447266
2014-07-29,39.07700729370117
2014-07-30,39.10912322998047
2014-07-31,38.531150817871094
2014-08-01,38.499053955078125
2014-08-04,38.56325912475586
2014-08-05,37.95318603515625
2014-08-06,37.76054000854492
2014-08-07,37.6320915222168
2014-08-08,37.696311950683594
2014-08-11,38.04951477050781
2014-08-12,37.985294342041016
2014-08-13,38.30638885498047
2014-08-14,38.37060546875
2014-08-15,38.43482971191406
2014-08-18,38.56325912475586
2014-08-19,38.59537124633789
2014-08-20,38.37060546875
2014-08-21,38.56325912475586
2014-08-22,38.27428436279297
2014-08-25,38.40271759033203
2014-08-26,38.210060119628906
2014-08-27,38.04951477050781
2014-08-28,37.95318603515625
2014-08-29,37.88896560668945
2014-09-02,38.27428436279297
2014-09-03,38.30638885498047
2014-09-04,38.17795944213867
2014-09-05,38.01740264892578
2014-09-08,37.985294342041016
2014-09-09,37.66420364379883
2014-09-10,38.08163070678711
2014-09-11,37.985294342041016
2014-09-12,37.85686111450195
2014-09-15,37.88896560668945
2014-09-16,37.95318603515625
2014-09-17,37.6320915222168
2014-09-18,37.85686111450195
2014-09-19,37.92108154296875
2014-09-22,37.88896560668945
2014-09-23,37.82475662231445
2014-09-24,38.04951477050781
2014-09-25,37.95318603515625
2014-09-26,38.2421760559082
2014-09-29,38.01740264892578
2014-09-30,37.79264450073242
2014-10-01,37.18256378173828
2014-10-02,36.47615432739258
2014-10-03,36.92569351196289
2014-10-06,36.8293571472168
2014-10-07,36.604591369628906
2014-10-08,36.8293571472168
2014-10-09,35.89820098876953
2014-10-10,35.38444137573242
2014-10-13,35.06333923339844
2014-10-14,35.28811264038086
2014-10-15,35.095455169677734
2014-10-16,34.96703338623047
2014-10-17,35.127567291259766
2014-10-20,35.833961486816406
2014-10-21,35.76975631713867
2014-10-22,35.80186462402344
2014-10-23,36.02663040161133
2014-10-24,36.155067443847656
2014-10-27,36.21928405761719
2014-10-28,36.41194152832031
2014-10-29,36.604591369628906
2014-10-30,36.893577575683594
2014-10-31,38.72380447387695
2014-11-03,38.980690002441406
2014-11-04,37.95318603515625
2014-11-05,37.76054000854492
2014-11-06,37.278892517089844
2014-11-07,37.150455474853516
2014-11-10,37.4394416809082
2014-11-11,37.66420364379883
2014-11-12,37.47154998779297
2014-11-13,37.79264450073242
2014-11-14,37.79264450073242
2014-11-17,37.18256378173828
2014-11-18,37.696311950683594
2014-11-19,37.47154998779297
2014-11-20,37.08623504638672
2014-11-21,37.3752326965332
2014-11-24,37.4394416809082
2014-11-25,37.535762786865234
2014-11-26,37.4394416809082
2014-11-28,37.31099319458008
2014-12-01,37.503662109375
2014-12-02,37.82475662231445
2014-12-03,37.79264450073242
2014-12-04,37.696311950683594
2014-12-05,37.72842025756836
2014-12-08,37.118343353271484
2014-12-09,37.31099319458008
2014-12-10,36.733028411865234
2014-12-11,36.8293571472168
2014-12-12,36.47615432739258
2014-12-15,35.76975631713867
2014-12-16,35.80186462402344
2014-12-17,36.40266036987305
2014-12-18,36.98405838012695
2014-12-19,37.177860260009766
2014-12-22,37.080955505371094
2014-12-23,37.145565032958984
2014-12-24,37.080955505371094
2014-12-26,37.3393669128418
2014-12-29,36.951751708984375
2014-12-30,36.49955749511719
2014-12-31,36.305755615234375
2015-01-02,36.370357513427734
2015-01-05,35.9504508972168
2015-01-06,35.36903762817383
2015-01-07,35.885841369628906
2015-01-08,36.338050842285156
2015-01-09,35.9504508972168
2015-01-12,35.821250915527344
2015-01-13,36.11195755004883
2015-01-14,36.047340393066406
2015-01-15,36.305755615234375
2015-01-16,36.62875747680664
2015-01-20,36.919456481933594
2015-01-21,36.98405838012695
2015-01-22,37.145565032958984
2015-01-23,37.016361236572266
2015-01-26,37.436275482177734
2015-01-27,37.50086975097656
2015-01-28,37.436275482177734
2015-01-29,37.75926971435547
2015-01-30,37.11326217651367
2015-02-02,37.50086975097656
2015-02-03,37.436275482177734
2015-02-04,37.63007736206055
2015-02-05,37.95307540893555
2015-02-06,37.63007736206055
2015-02-09,37.27476119995117
2015-02-10,37.75926971435547
2015-02-11,37.82387161254883
2015-02-12,38.08228302001953
2015-02-13,38.534488677978516
2015-02-17,38.50218963623047
2015-02-18,39.18050003051758
2015-02-19,39.47119903564453
2015-02-20,39.82651138305664
2015-02-23,39.600399017333984
2015-02-24,39.7942008972168
2015-02-25,39.697296142578125
2015-02-26,40.05260467529297
2015-02-27,39.891109466552734
2015-03-02,39.988014221191406
2015-03-03,39.7942008972168
2015-03-04,39.600399017333984
2015-03-05,39.82651138305664
2015-03-06,39.76190948486328
2015-03-09,39.6327018737793
2015-03-10,39.051300048828125
2015-03-11,39.40660095214844
2015-03-12,40.278709411621094
2015-03-13,40.31100845336914
2015-03-16,40.4725227355957
2015-03-17,40.569419860839844
2015-03-18,41.215431213378906
2015-03-19,40.73091506958008
2015-03-20,41.376930236816406
2015-03-23,41.57072448730469
2015-03-24,41.473819732666016
2015-03-25,41.376930236816406
2015-03-26,40.957027435302734
2015-03-27,41.11852264404297
2015-03-30,41.280029296875
2015-03-31,40.4725227355957
2015-04-01,40.63401794433594
2015-04-02,40.989322662353516
2015-04-06,41.473819732666016
2015-04-07,41.66762924194336
2015-04-08,41.732234954833984
2015-04-09,41.732234954833984
2015-04-10,41.796836853027344
2015-04-13,41.506126403808594
2015-04-14,41.796836853027344
2015-04-15,41.99063491821289
2015-04-16,42.0875358581543
2015-04-17,41.76453399658203
2015-04-20,41.89373779296875
2015-04-21,42.53974914550781
2015-04-22,42.86274719238281
2015-04-23,42.830448150634766
2015-04-24,42.99195098876953
2015-04-27,42.895050048828125
2015-04-28,43.024253845214844
2015-04-29,42.63664627075195
2015-04-30,41.53843307495117
2015-05-01,42.055233001708984
2015-05-04,42.24904251098633
2015-05-05,41.4415283203125
2015-05-06,41.40922164916992
2015-05-07,41.473819732666016
2015-05-08,42.44285202026367
2015-05-11,41.76453399658203
2015-05-12,41.76453399658203
2015-05-13,42.0229377746582
2015-05-14,42.24904251098633
2015-05-15,42.44285202026367
2015-05-18,42.79814529418945
2015-05-19,42.830448150634766
2015-05-20,42.830448150634766
2015-05-21,42.99195098876953
2015-05-22,42.895050048828125
2015-05-26,42.345947265625
2015-05-27,42.63664627075195
2015-05-28,42.53974914550781
2015-05-29,42.15213394165039
2015-06-01,42.345947265625
2015-06-02,42.24904251098633
2015-06-03,42.41053771972656
2015-06-04,42.119834899902344
2015-06-05,41.8614387512207
2015-06-08,41.63533401489258
2015-06-09,41.215431213378906
2015-06-10,41.89373779296875
2015-06-11,42.0875358581543
2015-06-12,41.8614387512207
2015-06-15,41.99063491821289
2015-06-16,41.796836853027344
2015-06-17,41.4415283203125
2015-06-18,41.473819732666016
2015-06-19,41.506126403808594
2015-06-22,42.15213394165039
2015-06-23,42.63664627075195
2015-06-24,42.1844482421875
2015-06-25,42.26884078979492
2015-06-26,42.4636344909668
2015-06-29,41.39230728149414
2015-06-30,41.587093353271484
2015-07-01,41.879268646240234
2015-07-02,41.879268646240234
2015-07-06,41.587093353271484
2015-07-07,41.68447494506836
2015-07-08,39.963871002197266
2015-07-09,40.450828552246094
2015-07-10,41.10012435913086
2015-07-13,41.65201950073242
2015-07-14,41.91173553466797
2015-07-15,41.879268646240234
2015-07-16,42.041595458984375
2015-07-17,42.13898468017578
2015-07-20,42.13898468017578
2015-07-21,42.009132385253906
2015-07-22,41.814353942871094
2015-07-23,41.7818717956543
2015-07-24,41.39230728149414
2015-07-27,41.22998809814453
2015-07-28,41.424774169921875
2015-07-29,41.587093353271484
2015-07-30,41.65201950073242
2015-07-31,41.97666549682617
2015-08-03,41.814353942871094
2015-08-04,41.74941635131836
2015-08-05,42.009132385253906
2015-08-06,41.879268646240234
2015-08-07,42.009132385253906
2015-08-10,42.62594985961914
2015-08-11,41.879268646240234
2015-08-12,41.61954879760742
2015-08-13,41.9442024230957
2015-08-14,41.9442024230957
2015-08-17,42.041595458984375
2015-08-18,41.74941635131836
2015-08-19,41.29491424560547
2015-08-20,40.06126022338867
2015-08-21,38.697750091552734
2015-08-24,37.33423614501953
2015-08-25,37.561485290527344
2015-08-26,39.05485153198242
2015-08-27,39.76907730102539
2015-08-28,39.963871002197266
2015-08-31,39.34703826904297
2015-09-01,37.561485290527344
2015-09-02,38.243247985839844
2015-09-03,38.535430908203125
2015-09-04,37.3017692565918
2015-09-08,38.17831802368164
2015-09-09,38.113380432128906
2015-09-10,38.08092498779297
2015-09-11,38.113380432128906
2015-09-14,38.015987396240234
2015-09-15,38.308170318603516
2015-09-16,38.632816314697266
2015-09-17,38.60036087036133
2015-09-18,37.366695404052734
2015-09-21,37.59395217895508
2015-09-22,37.04205322265625
2015-09-23,37.04205322265625
2015-09-24,36.78234100341797
2015-09-25,37.69134521484375
2015-09-28,36.78234100341797
2015-09-29,36.32783889770508
2015-09-30,37.10697937011719
2015-10-01,37.366695404052734
2015-10-02,37.82120895385742
2015-10-05,38.76267623901367
2015-10-06,38.43803024291992
2015-10-07,39.05485153198242
2015-10-08,39.184715270996094
2015-10-09,39.28211212158203
2015-10-12,39.34703826904297
2015-10-13,38.92500686645508
2015-10-14,38.47049331665039
2015-10-15,39.444427490234375
2015-10-16,39.639217376708984
2015-10-19,39.444427490234375
2015-10-20,39.21717834472656
2015-10-21,39.73659896850586
2015-10-22,40.22358703613281
2015-10-23,40.61315155029297
2015-10-26,40.580692291259766
2015-10-27,40.25604248046875
2015-10-28,40.645626068115234
2015-10-29,40.191123962402344
2015-10-30,39.9963264465332
2015-11-02,40.288509368896484
2015-11-03,40.25604248046875
2015-11-04,40.06126022338867
2015-11-05,40.35343551635742
2015-11-06,40.25604248046875
2015-11-09,40.093727111816406
2015-11-10,40.5157585144043
2015-11-11,40.67809295654297
2015-11-12,40.288509368896484
2015-11-13,40.093727111816406
2015-11-16,40.48329544067383
2015-11-17,40.580692291259766
2015-11-18,40.775482177734375
2015-11-19,40.775482177734375
2015-11-20,40.97026062011719
2015-11-23,40.775482177734375
2015-11-24,40.97026062011719
2015-11-25,40.71055221557617
2015-11-27,40.5157585144043
2015-11-30,40.191123962402344
2015-12-01,40.80794143676758
2015-12-02,40.48329544067383
2015-12-03,40.093727111816406
2015-12-04,40.320980072021484
2015-12-07,40.22358703613281
2015-12-08,39.70414352416992
2015-12-09,39.24965286254883
2015-12-10,39.60675811767578
2015-12-11,38.989925384521484
2015-12-14,39.34703826904297
2015-12-15,39.184715270996094
2015-12-16,40.158653259277344
2015-12-17,39.76907730102539
2015-12-18,39.28211212158203
2015-12-21,39.406375885009766
2015-12-22,39.70070266723633
2015-12-23,40.125831604003906
2015-12-24,39.63529968261719
2015-12-28,39.667991638183594
2015-12-29,40.256649017333984
2015-12-30,40.02771759033203
2015-12-31,39.63529968261719
2016-01-04,39.013954162597656
2016-01-05,39.504486083984375
2016-01-06,38.81773376464844
2016-01-07,38.22909164428711
2016-01-08,37.41153335571289
2016-01-11,37.673152923583984
2016-01-12,37.47694778442383
2016-01-13,37.14990997314453
2016-01-14,37.607749938964844
2016-01-15,36.5612678527832
2016-01-19,36.855594635009766
2016-01-20,35.44939041137695
2016-01-21,35.31857681274414
2016-01-22,36.92099380493164
2016-01-25,36.13614273071289
2016-01-26,36.62667465209961
2016-01-27,36.65937423706055
2016-01-28,36.72478103637695
2016-01-29,37.607749938964844
2016-02-01,37.378822326660156
2016-02-02,36.98640060424805
2016-02-03,36.528564453125
2016-02-04,36.43046188354492
2016-02-05,35.809112548828125
2016-02-08,35.74370574951172
2016-02-09,35.05696487426758
2016-02-10,34.43561553955078
2016-02-11,33.748870849609375
2016-02-12,34.043182373046875
2016-02-16,35.28588104248047
2016-02-17,35.580196380615234
2016-02-18,35.580196380615234
2016-02-19,35.416690826416016
2016-02-22,36.00532913208008
2016-02-23,35.416690826416016
2016-02-24,35.77640914916992
2016-02-25,36.201541900634766
2016-02-26,36.168853759765625
2016-02-29,35.61289978027344
2016-03-01,36.4958610534668
2016-03-02,37.019107818603516
2016-03-03,37.28071594238281
2016-03-04,37.673152923583984
2016-03-07,37.28071594238281
2016-03-08,36.92099380493164
2016-03-09,36.88829040527344
2016-03-10,36.72478103637695
2016-03-11,37.70586013793945
2016-03-14,37.86936950683594
2016-03-15,37.378822326660156
2016-03-16,37.44423294067383
2016-03-17,37.57503890991211
2016-03-18,37.44423294067383
2016-03-21,37.607749938964844
2016-03-22,37.83666229248047
2016-03-23,37.346126556396484
2016-03-24,37.11721420288086
2016-03-28,37.673152923583984
2016-03-29,38.06558609008789
2016-03-30,37.93477249145508
2016-03-31,37.31342315673828
2016-04-01,36.39775085449219
2016-04-04,36.39775085449219
2016-04-05,35.61289978027344
2016-04-06,36.201541900634766
2016-04-07,36.00532913208008
2016-04-08,37.05179977416992
2016-04-11,36.82289123535156
2016-04-12,37.673152923583984
2016-04-13,38.719635009765625
2016-04-14,38.883140563964844
2016-04-15,38.52341842651367
2016-04-18,38.81773376464844
2016-04-19,39.406375885009766
2016-04-20,39.63529968261719
2016-04-21,39.63529968261719
2016-04-22,39.92961502075195
2016-04-25,39.667991638183594
2016-04-26,39.504486083984375
2016-04-27,39.471778869628906
2016-04-28,37.673152923583984
2016-04-29,37.346126556396484
2016-05-02,38.032875061035156
2016-05-03,37.673152923583984
2016-05-04,37.346126556396484
2016-05-05,37.54233932495117
2016-05-06,37.738555908203125
2016-05-09,37.70586013793945
2016-05-10,38.65422439575195
2016-05-11,37.93477249145508
2016-05-12,38.22909164428711
2016-05-13,37.70586013793945
2016-05-16,38.22909164428711
2016-05-17,37.96747589111328
2016-05-18,38.000179290771484
2016-05-19,37.738555908203125
2016-05-20,38.000179290771484
2016-05-23,37.83666229248047
2016-05-24,38.13098907470703
2016-05-25,38.39261245727539
2016-05-26,38.35989761352539
2016-05-27,38.26179122924805
2016-05-31,38.556114196777344
2016-06-01,38.52341842651367
2016-06-02,38.1963996887207
2016-06-03,38.35989761352539
2016-06-06,38.75233459472656
2016-06-07,39.013954162597656
2016-06-08,39.24287414550781
2016-06-09,38.78502655029297
2016-06-10,38.09828567504883
2016-06-13,37.41153335571289
2016-06-14,37.248016357421875
2016-06-15,37.607749938964844
2016-06-16,37.44423294067383
2016-06-17,37.378822326660156
2016-06-20,38.22909164428711
2016-06-21,38.49071502685547
2016-06-22,38.13474655151367
2016-06-23,38.9917106628418
2016-06-24,37.37665939331055
2016-06-27,37.178897857666016
2016-06-28,37.73922348022461
2016-06-29,38.23362350463867
2016-06-30,37.904022216796875
2016-07-01,37.83808898925781
2016-07-05,37.83808898925781
2016-07-06,37.83808898925781
2016-07-07,37.87105941772461
2016-07-08,38.13474655151367
2016-07-11,39.05762481689453
2016-07-12,39.28834533691406
2016-07-13,39.22241973876953
2016-07-14,39.28834533691406
2016-07-15,39.15650177001953
2016-07-18,39.25539016723633
2016-07-19,38.9917106628418
2016-07-20,39.32130813598633
2016-07-21,39.024662017822266
2016-07-22,39.090579986572266
2016-07-25,38.95874786376953
2016-07-26,38.9917106628418
2016-07-27,39.05762481689453
2016-07-28,39.05762481689453
2016-07-29,39.74978256225586
2016-08-01,39.88162612915039
2016-08-02,39.38722610473633
2016-08-03,39.18946838378906
2016-08-04,39.74978256225586
2016-08-05,39.88162612915039
2016-08-08,40.04641342163086
2016-08-09,40.40898132324219
2016-08-10,40.54081726074219
2016-08-11,40.83747100830078
2016-08-12,40.63970947265625
2016-08-15,40.87042999267578
2016-08-16,40.50786209106445
2016-08-17,40.83747100830078
2016-08-18,40.63970947265625
2016-08-19,40.54081726074219
2016-08-22,40.771541595458984
2016-08-23,40.80451202392578
2016-08-24,40.771541595458984
2016-08-25,40.57378387451172
2016-08-26,40.27714157104492
2016-08-29,40.40898132324219
2016-08-30,40.40898132324219
2016-08-31,40.47490310668945
2016-09-01,40.771541595458984
2016-09-02,41.06818771362305
2016-09-06,41.29890441894531
2016-09-07,41.49666213989258
2016-09-08,41.29890441894531
2016-09-09,40.63970947265625
2016-09-12,40.96930694580078
2016-09-13,40.24418258666992
2016-09-14,39.980506896972656
2016-09-15,40.17826843261719
2016-09-16,39.84866714477539
2016-09-19,39.980506896972656
2016-09-20,40.54081726074219
2016-09-21,41.727386474609375
2016-09-22,42.25474166870117
2016-09-23,41.66147232055664
2016-09-26,41.29890441894531
2016-09-27,41.760345458984375
2016-09-28,41.694427490234375
2016-09-29,41.39778137207031
2016-09-30,41.33185958862305
2016-10-03,41.20001983642578
2016-10-04,40.96930694580078
2016-10-05,41.23298645019531
2016-10-06,41.03521728515625
2016-10-07,41.03521728515625
2016-10-10,41.16706466674805
2016-10-11,40.80451202392578
2016-10-12,40.73858642578125
2016-10-13,40.672672271728516
2016-10-14,40.672672271728516
2016-10-17,40.705623626708984
2016-10-18,40.936344146728516
2016-10-19,41.06818771362305
2016-10-20,41.43074035644531
2016-10-21,41.43074035644531
2016-10-24,41.49666213989258
2016-10-25,41.529624938964844
2016-10-26,41.46370315551758
2016-10-27,41.529624938964844
2016-10-28,41.59553909301758
2016-10-31,41.628501892089844
2016-11-01,41.46370315551758
2016-11-02,41.20001983642578
2016-11-03,41.29890441894531
2016-11-04,40.80451202392578
2016-11-07,41.09290313720703
2016-11-08,41.04346466064453
2016-11-09,40.697383880615234
2016-11-10,40.7303466796875
2016-11-11,40.78802490234375
2016-11-14,40.83747100830078
2016-11-15,40.903385162353516
2016-11-16,40.705623626708984
2016-11-17,41.31538009643555
2016-11-18,40.697383880615234
2016-11-21,41.02698516845703
2016-11-22,41.12586212158203
2016-11-23,41.12586212158203
2016-11-25,40.77979278564453
2016-11-28,41.13410186767578
2016-11-29,41.175296783447266
2016-11-30,41.10938262939453
2016-12-01,40.7633056640625
2016-12-02,40.886905670166016
2016-12-05,40.83747100830078
2016-12-06,41.01874542236328
2016-12-07,41.628501892089844
2016-12-08,42.106422424316406
2016-12-09,42.23002624511719
2016-12-12,41.818023681640625
2016-12-13,42.31242370605469
2016-12-14,41.66147232055664
2016-12-15,41.66147232055664
2016-12-16,41.29890441894531
2016-12-19,41.653228759765625
2016-12-20,41.694427490234375
2016-12-21,41.47185516357422
2016-12-22,41.4051628112793
2016-12-23,41.480186462402344
2016-12-27,41.221778869628906
2016-12-28,41.16342544555664
2016-12-29,40.746612548828125
2016-12-30,40.729942321777344
2017-01-03,41.063392639160156
2017-01-04,41.88865661621094
2017-01-05,42.130401611328125
2017-01-06,42.06371307373047
2017-01-09,42.10539627075195
2017-01-10,41.94700622558594
2017-01-11,42.22210693359375
2017-01-12,42.1554069519043
2017-01-13,42.42217254638672
2017-01-17,41.94700622558594
2017-01-18,41.93867111206055
2017-01-19,41.821964263916016
2017-01-20,42.08872985839844
2017-01-23,42.11372375488281
2017-01-24,42.22210693359375
2017-01-25,42.663909912109375
2017-01-26,42.72225570678711
2017-01-27,42.37214660644531
2017-01-30,42.25543975830078
2017-01-31,42.1554069519043
2017-02-01,42.3804817199707
2017-02-02,42.36381149291992
2017-02-03,42.555538177490234
2017-02-06,42.48885726928711
2017-02-07,42.463844299316406
2017-02-08,42.58888626098633
2017-02-09,42.53053283691406
2017-02-10,42.83061981201172
2017-02-13,42.99735641479492
2017-02-14,42.68891525268555
2017-02-15,42.64723587036133
2017-02-16,42.69724655151367
2017-02-17,42.67224884033203
2017-02-21,43.03069305419922
2017-02-22,43.08071517944336
2017-02-23,43.03903579711914
2017-02-24,42.947330474853516
2017-02-27,42.81395721435547
2017-02-28,42.70558547973633
2017-03-01,43.205753326416016
2017-03-02,42.79729461669922
2017-03-03,42.822296142578125
2017-03-06,42.72225570678711
2017-03-07,42.62222671508789
2017-03-08,42.48885726928711
2017-03-09,42.48885726928711
2017-03-10,42.79729461669922
2017-03-13,43.01402282714844
2017-03-14,42.71392822265625
2017-03-15,43.147396087646484
2017-03-16,43.06404113769531
2017-03-17,43.205753326416016
2017-03-20,43.21409606933594
2017-03-21,42.88064193725586
2017-03-22,42.93899917602539
2017-03-23,42.97234344482422
2017-03-24,43.23910140991211
2017-03-27,43.264102935791016
2017-03-28,43.63089370727539
2017-03-29,43.57253646850586
2017-03-30,43.33079147338867
2017-03-31,42.930660247802734
2017-04-03,43.147396087646484
2017-04-04,42.99735641479492
2017-04-05,42.69724655151367
2017-04-06,42.48051834106445
2017-04-07,42.57220458984375
2017-04-10,42.4721794128418
2017-04-11,42.68891525268555
2017-04-12,42.54720687866211
2017-04-13,42.188758850097656
2017-04-17,42.6389045715332
2017-04-18,42.505523681640625
2017-04-19,42.48051834106445
2017-04-20,42.73893737792969
2017-04-21,42.89731216430664
2017-04-24,43.197418212890625
2017-04-25,43.355796813964844
2017-04-26,43.405818939208984
2017-04-27,43.43916320800781
2017-04-28,43.23075866699219
2017-05-01,43.397491455078125
2017-05-02,43.530853271484375
2017-05-03,43.63922882080078
2017-05-04,43.747596740722656
2017-05-05,43.98933792114258
2017-05-08,44.00602722167969
2017-05-09,43.864295959472656
2017-05-10,43.66423797607422
2017-05-11,43.54753875732422
2017-05-12,43.655887603759766
2017-05-15,43.78093338012695
2017-05-16,43.81428146362305
2017-05-17,43.747596740722656
2017-05-18,43.864295959472656
2017-05-19,44.22275161743164
2017-05-22,44.19774627685547
2017-05-23,44.25609588623047
2017-05-24,44.18940734863281
2017-05-25,44.306114196777344
2017-05-26,44.331119537353516
2017-05-30,44.422813415527344
2017-05-31,44.422813415527344
2017-06-01,44.82294464111328
2017-06-02,45.76491165161133
2017-06-05,45.58986282348633
2017-06-06,45.62321090698242
2017-06-07,45.606529235839844
2017-06-08,45.498172760009766
2017-06-09,45.08970642089844
2017-06-12,45.231414794921875
2017-06-13,45.48149108886719
2017-06-14,45.45648193359375
2017-06-15,45.014678955078125
2017-06-16,45.198062896728516
2017-06-19,45.339778900146484
2017-06-20,45.35488510131836
2017-06-21,45.28776931762695
2017-06-22,45.38005065917969
2017-06-23,45.34650421142578
2017-06-26,45.22065353393555
2017-06-27,45.1115837097168
2017-06-28,45.312931060791016
2017-06-29,44.859893798828125
2017-06-30,45.010902404785156
2017-07-03,44.792781829833984
2017-07-05,44.8011589050293
2017-07-06,44.47395706176758
2017-07-07,44.44879150390625
2017-07-10,44.331336975097656
2017-07-11,44.63337326049805
2017-07-12,44.94378662109375
2017-07-13,44.88505554199219
2017-07-14,44.99412536621094
2017-07-17,44.935401916503906
2017-07-18,45.17030715942383
2017-07-19,45.35488510131836
2017-07-20,45.52267837524414
2017-07-21,45.60657501220703
2017-07-24,45.51428985595703
2017-07-25,45.35488510131836
2017-07-26,45.50590133666992
2017-07-27,45.65690612792969
2017-07-28,45.7911491394043
2017-07-31,45.942161560058594
2017-08-01,46.21063995361328
2017-08-02,46.18546676635742
2017-08-03,46.302921295166016
2017-08-04,46.26096725463867
2017-08-07,46.24419021606445
2017-08-08,46.19385528564453
2017-08-09,45.90861129760742
2017-08-10,45.430397033691406
2017-08-11,45.36326599121094
2017-08-14,45.6988639831543
2017-08-15,45.640132904052734
2017-08-16,45.7911491394043
2017-08-17,45.48073196411133
2017-08-18,45.68207931518555
2017-08-21,45.581417083740234
2017-08-22,45.67369079589844
2017-08-23,45.69047164916992
2017-08-24,45.45556640625
2017-08-25,45.60657501220703
2017-08-28,45.65690612792969
2017-08-29,45.56462860107422
2017-08-30,45.53945541381836
2017-08-31,45.90020751953125
2017-09-01,45.71564483642578
2017-09-05,45.51428985595703
2017-09-06,45.707252502441406
2017-09-07,45.97572326660156
2017-09-08,46.11836242675781
2017-09-11,46.328086853027344
2017-09-12,46.36165237426758
2017-09-13,46.269371032714844
2017-09-14,46.27775955200195
2017-09-15,46.344879150390625
2017-09-18,46.3532600402832
2017-09-19,46.62173080444336
2017-09-20,46.63851547241211
2017-09-21,46.45393753051758
2017-09-22,46.504276275634766
2017-09-25,46.60495376586914
2017-09-26,46.60495376586914
2017-09-27,46.697242736816406
2017-09-28,46.730804443359375
2017-09-29,46.73918533325195
2017-10-02,46.73918533325195
2017-10-03,47.016056060791016
2017-10-04,47.024444580078125
2017-10-05,46.9992790222168
2017-10-06,46.974098205566406
2017-10-09,47.03282928466797
2017-10-10,47.36842346191406
2017-10-11,47.611724853515625
2017-10-12,47.55299377441406
2017-10-13,48.14027404785156
2017-10-16,48.358402252197266
2017-10-17,48.30806350708008
2017-10-18,48.25772476196289
2017-10-19,48.14866638183594
2017-10-20,48.25772476196289
2017-10-23,48.375186920166016
2017-10-24,48.777889251708984
2017-10-25,48.38357925415039
2017-10-26,48.643653869628906
2017-10-27,49.01280975341797
2017-10-30,48.996028900146484
2017-10-31,49.20576858520508
2017-11-01,49.48263168334961
2017-11-02,49.54135513305664
2017-11-03,49.6588134765625
2017-11-06,49.65042495727539
2017-11-07,50.044742584228516
2017-11-08,50.355159759521484
2017-11-09,49.93567657470703
2017-11-10,49.56653594970703
2017-11-13,49.34840393066406
2017-11-14,49.088321685791016
2017-11-15,48.72755432128906
2017-11-16,49.48263168334961
2017-11-17,49.23933410644531
2017-11-20,49.48263168334961
2017-11-21,49.93567657470703
2017-11-22,49.969234466552734
2017-11-24,50.38033676147461
2017-11-27,50.162200927734375
2017-11-28,50.3132209777832
2017-11-29,50.21253204345703
2017-11-30,50.262874603271484
2017-12-01,50.03636169433594
2017-12-04,49.5078010559082
2017-12-05,49.63364028930664
2017-12-06,49.44906997680664
2017-12-07,49.76788330078125
2017-12-08,50.0027961730957
2017-12-11,50.17059326171875
2017-12-12,50.262874603271484
2017-12-13,50.4642333984375
2017-12-14,50.22931671142578
2017-12-15,50.25448989868164
2017-12-18,50.858543395996094
2017-12-19,50.3425407409668
2017-12-20,50.41009521484375
2017-12-21,50.443885803222656
2017-12-22,50.68033981323242
2017-12-26,50.705684661865234
2017-12-27,50.63812255859375
2017-12-28,50.51988983154297
2017-12-29,50.612789154052734
2018-01-02,50.91681671142578
2018-01-03,51.61777877807617
2018-01-04,52.251182556152344
2018-01-05,52.39474868774414
2018-01-08,52.69878387451172
2018-01-09,52.732566833496094
2018-01-10,53.07037353515625
2018-01-11,53.425079345703125
2018-01-12,53.59398651123047
2018-01-16,53.59398651123047
2018-01-17,54.02470016479492
2018-01-18,53.56864929199219
2018-01-19,53.906455993652344
2018-01-22,54.13448715209961
2018-01-23,54.463844299316406
2018-01-24,54.480751037597656
2018-01-25,54.218936920166016
2018-01-26,54.61586380004883
2018-01-29,54.15138244628906
2018-01-30,53.45885467529297
2018-01-31,53.15483093261719
2018-02-01,53.4166259765625
2018-02-02,52.6312141418457
2018-02-05,50.13984680175781
2018-02-06,51.35597229003906
2018-02-07,50.899925231933594
2018-02-08,49.38821792602539
2018-02-09,49.8864860534668
2018-02-12,50.857704162597656
2018-02-13,50.23275375366211
2018-02-14,50.992828369140625
2018-02-15,51.23774337768555
2018-02-16,52.02314758300781
2018-02-20,51.60089111328125
2018-02-21,51.085723876953125
2018-02-22,51.322200775146484
2018-02-23,52.07381820678711
2018-02-26,52.749454498291016
2018-02-27,52.0316047668457
2018-02-28,51.57555389404297
2018-03-01,50.08073806762695
2018-03-02,50.64657211303711
2018-03-05,50.87459945678711
2018-03-06,51.187068939208984
2018-03-07,50.756351470947266
2018-03-08,51.06883239746094
2018-03-09,51.19551086425781
2018-03-12,51.246185302734375
2018-03-13,51.1617317199707
2018-03-14,51.381317138671875
2018-03-15,51.48265075683594
2018-03-16,51.25463104248047
2018-03-19,50.384761810302734
2018-03-20,50.671905517578125
2018-03-21,50.73946762084961
2018-03-22,50.27497482299805
2018-03-23,49.21931838989258
2018-03-26,49.92027282714844
2018-03-27,50.03850555419922
2018-03-28,50.60434341430664
2018-03-29,51.246185302734375
2018-04-02,50.21585464477539
2018-04-03,50.8492546081543
2018-04-04,50.899925231933594
2018-04-05,51.153289794921875
2018-04-06,50.35098648071289
2018-04-09,50.798587799072266
2018-04-10,51.07727813720703
2018-04-11,50.95060729980469
2018-04-12,50.86614227294922
2018-04-13,50.86614227294922
2018-04-16,51.009727478027344
2018-04-17,51.203956604003906
2018-04-18,51.55021286010742
2018-04-19,51.35597229003906
2018-04-20,51.25463104248047
2018-04-23,51.187068939208984
2018-04-24,51.00127410888672
2018-04-25,51.1617317199707
2018-04-26,51.47420883178711
2018-04-27,51.33064270019531
2018-04-30,51.212406158447266
2018-05-01,51.1701774597168
2018-05-02,50.86614227294922
2018-05-03,50.91681671142578
2018-05-04,51.28841018676758
2018-05-07,51.347530364990234
2018-05-08,51.50798797607422
2018-05-09,51.06883239746094
2018-05-10,51.36442565917969
2018-05-11,51.75291061401367
2018-05-14,52.040042877197266
2018-05-15,51.50798797607422
2018-05-16,51.660003662109375
2018-05-17,51.65155792236328
2018-05-18,51.524879455566406
2018-05-21,51.58399963378906
2018-05-22,51.46576690673828
2018-05-23,51.26306915283203
2018-05-24,50.95060729980469
2018-05-25,50.78169250488281
2018-05-29,50.443885803222656
2018-05-30,50.798587799072266
2018-05-31,50.45233154296875
2018-06-01,50.798587799072266
2018-06-04,51.10261535644531
2018-06-05,51.009727478027344
2018-06-06,51.22929382324219
2018-06-07,51.22929382324219
2018-06-08,51.381317138671875
2018-06-11,51.54177474975586
2018-06-12,51.220848083496094
2018-06-13,51.26306915283203
2018-06-14,51.212406158447266
2018-06-15,50.94215774536133
2018-06-18,50.570560455322266
2018-06-19,50.03438949584961
2018-06-20,50.05140686035156
2018-06-21,49.864173889160156
2018-06-22,50.110984802246094
2018-06-25,49.43013000488281
2018-06-26,49.71949005126953
2018-06-27,49.38758087158203
2018-06-28,49.447147369384766
2018-06-29,49.28544235229492
2018-07-02,48.502464294433594
2018-07-03,48.4428825378418
2018-07-05,48.36628723144531
2018-07-06,48.68118667602539
2018-07-09,49.353538513183594
2018-07-10,49.16629409790039
2018-07-11,48.48543930053711
2018-07-12,48.536502838134766
2018-07-13,48.98756790161133
2018-07-16,49.00459289550781
2018-07-17,49.43864059448242
2018-07-18,49.362037658691406
2018-07-19,49.370548248291016
2018-07-20,49.52374267578125
2018-07-23,49.77055740356445
2018-07-24,49.97481155395508
2018-07-25,50.298221588134766
2018-07-26,50.425880432128906
2018-07-27,50.579071044921875
2018-07-30,50.196083068847656
2018-07-31,49.813106536865234
2018-08-01,50.136512756347656
2018-08-02,49.85566329956055
2018-08-03,49.84715270996094
2018-08-06,49.47267532348633
2018-08-07,49.88970184326172
2018-08-08,49.83864212036133
2018-08-09,49.651405334472656
2018-08-10,48.93650817871094
2018-08-13,48.64714431762695
2018-08-14,48.84288787841797
2018-08-15,48.247135162353516
2018-08-16,48.51097106933594
2018-08-17,48.67267990112305
2018-08-20,48.86841583251953
2018-08-21,48.85990524291992
2018-08-22,49.064170837402344
2018-08-23,48.85990524291992
2018-08-24,49.030120849609375
2018-08-27,49.77055740356445
2018-08-28,49.61735916137695
2018-08-29,49.796085357666016
2018-08-30,49.447147369384766
2018-08-31,49.549278259277344
2018-09-04,48.93650817871094
2018-09-05,48.4173469543457
2018-09-06,48.527992248535156
2018-09-07,48.23011779785156
2018-09-10,48.340755462646484
2018-09-11,48.4428825378418
2018-09-12,48.536502838134766
2018-09-13,48.910972595214844
2018-09-14,49.46417236328125
2018-09-17,49.489707946777344
2018-09-18,50.67268753051758
2018-09-19,50.851409912109375
2018-09-20,50.987579345703125
2018-09-21,51.098228454589844
2018-09-24,50.868438720703125
2018-09-25,51.25141525268555
2018-09-26,51.498226165771484
2018-09-27,51.3620491027832
2018-09-28,51.259918212890625
2018-10-01,51.60886764526367
2018-10-02,51.489715576171875
2018-10-03,51.03864669799805
2018-10-04,50.34928512573242
2018-10-05,50.3577995300293
2018-10-08,50.579071044921875
2018-10-09,50.289703369140625
2018-10-10,49.055660247802734
2018-10-11,48.1705436706543
2018-10-12,48.281185150146484
2018-10-15,48.13650894165039
2018-10-16,49.030120849609375
2018-10-17,48.99607849121094
2018-10-18,48.11096954345703
2018-10-19,48.213096618652344
2018-10-22,47.91521453857422
2018-10-23,47.36203384399414
2018-10-24,45.84712219238281
2018-10-25,46.5279655456543
2018-10-26,45.9322395324707
2018-10-29,45.50669479370117
2018-10-30,46.22159194946289
2018-10-31,46.67265701293945
2018-11-01,46.56201934814453
2018-11-02,46.82585525512695
2018-11-05,46.655643463134766
2018-11-06,47.18330383300781
2018-11-07,47.67692947387695
2018-11-08,47.370540618896484
2018-11-09,46.89393615722656
2018-11-12,46.25563049316406
2018-11-13,46.085418701171875
2018-11-14,46.24712371826172
2018-11-15,46.51947021484375
2018-11-16,46.55350875854492
2018-11-19,46.3492546081543
2018-11-20,45.49818801879883
2018-11-21,46.1960563659668
2018-11-23,46.025848388671875
2018-11-26,46.647125244140625
2018-11-27,46.60457229614258
2018-11-28,47.217350006103516
2018-11-29,47.05564498901367
2018-11-30,47.09819793701172
2018-12-03,47.73649597167969
2018-12-04,45.97478485107422
2018-12-06,45.90669631958008
2018-12-07,45.56626510620117
2018-12-10,45.21733856201172
2018-12-11,45.183284759521484
2018-12-12,45.727970123291016
2018-12-13,45.59180450439453
2018-12-14,45.0726432800293
2018-12-17,44.7151985168457
2018-12-18,44.83956527709961
2018-12-19,44.17914962768555
2018-12-20,43.947574615478516
2018-12-21,42.592445373535156
2018-12-24,42.12928771972656
2018-12-26,42.926944732666016
2018-12-27,43.501583099365234
2018-12-28,43.553043365478516
2018-12-31,43.47584915161133
2019-01-02,43.77604293823242
2019-01-03,43.527313232421875
2019-01-04,45.002525329589844
2019-01-07,45.1140251159668
2019-01-08,45.32844543457031
2019-01-09,45.57716369628906
2019-01-10,45.85163116455078
2019-01-11,45.31986999511719
2019-01-14,45.15690612792969
2019-01-15,45.70582580566406
2019-01-16,45.9288215637207
2019-01-17,45.83447265625
2019-01-18,46.443424224853516
2019-01-22,45.611480712890625
2019-01-23,45.48283004760742
2019-01-24,45.74869918823242
2019-01-25,46.24616241455078
2019-01-28,45.91166305541992
2019-01-29,45.95454788208008
2019-01-30,46.46916198730469
2019-01-31,46.55492401123047
2019-02-01,46.36624526977539
2019-02-04,46.46916198730469
2019-02-05,46.65785217285156
2019-02-06,46.27189636230469
2019-02-07,45.628631591796875
2019-02-08,45.225528717041016
2019-02-11,45.268402099609375
2019-02-12,46.06604766845703
2019-02-13,46.17755126953125
2019-02-14,46.14323806762695
2019-02-15,46.735042572021484
2019-02-19,46.812232971191406
2019-02-20,46.86369705200195
2019-02-21,46.79507827758789
2019-02-22,46.89800262451172
2019-02-25,47.163883209228516
2019-02-26,47.326847076416016
2019-02-27,47.07811737060547
2019-02-28,46.6235466003418
2019-03-01,46.76076889038086
2019-03-04,46.61495590209961
2019-03-05,46.65785217285156
2019-03-06,46.38338851928711
2019-03-07,45.83447265625
2019-03-08,45.757286071777344
2019-03-11,46.25474166870117
2019-03-12,46.36624526977539
2019-03-13,46.546348571777344
2019-03-14,46.048885345458984
2019-03-15,46.58065414428711
2019-03-18,46.70930862426758
2019-03-19,46.72645950317383
2019-03-20,46.7521858215332
2019-03-21,47.06095504760742
2019-03-22,46.55492401123047
2019-03-25,46.58065414428711
2019-03-26,47.09526443481445
2019-03-27,46.932308197021484
2019-03-28,46.95803451538086
2019-03-29,46.932308197021484
2019-04-01,47.52410888671875
2019-04-02,47.198184967041016
2019-04-03,47.48122787475586
2019-04-04,47.45549774169922
2019-04-05,47.489803314208984
2019-04-08,47.37831115722656
2019-04-09,47.12099838256836
2019-04-10,47.129573822021484
2019-04-11,46.983768463134766
2019-04-12,47.22392272949219
2019-04-15,47.21533966064453
2019-04-16,47.40403747558594
2019-04-17,47.40403747558594
2019-04-18,47.47264099121094
2019-04-22,47.301109313964844
2019-04-23,47.56698989868164
2019-04-24,46.983768463134766
2019-04-25,47.08668899536133
2019-04-26,47.515533447265625
2019-04-29,47.7042236328125
2019-04-30,47.53268814086914
2019-05-01,47.36972427368164
2019-05-02,47.38687515258789
2019-05-03,47.99583435058594
2019-05-06,47.5069580078125
2019-05-07,46.64070129394531
2019-05-08,46.357669830322266
2019-05-09,46.05747985839844
2019-05-10,46.374813079833984
2019-05-13,45.32844543457031
2019-05-14,45.963130950927734
2019-05-15,46.03174591064453
2019-05-16,46.22043228149414
2019-05-17,46.048885345458984
2019-05-20,45.800167083740234
2019-05-21,46.11751174926758
2019-05-22,45.74013137817383
2019-05-23,45.397056579589844
2019-05-24,46.10034942626953
2019-05-28,45.714393615722656
2019-05-29,45.49998474121094
2019-05-30,45.70582580566406
2019-05-31,45.21694564819336
2019-06-03,45.48283004760742
2019-06-04,46.006011962890625
2019-06-05,46.03174591064453
2019-06-06,46.08319854736328
2019-06-07,46.64070129394531
2019-06-10,46.8551139831543
2019-06-11,47.00949478149414
2019-06-12,46.48632049560547
2019-06-13,46.434852600097656
2019-06-14,46.314781188964844
2019-06-17,46.45065689086914
2019-06-18,46.72760772705078
2019-06-19,47.143043518066406
2019-06-20,47.60176086425781
2019-06-21,47.1343879699707
2019-06-24,47.1343879699707
2019-06-25,46.92667770385742
2019-06-26,46.85743713378906
2019-06-27,47.04784393310547
2019-06-28,47.238258361816406
2019-07-01,47.913330078125
2019-07-02,48.06046676635742
2019-07-03,48.198944091796875
2019-07-05,47.991233825683594
2019-07-08,47.71427917480469
2019-07-09,47.29018783569336
2019-07-10,47.575801849365234
2019-07-11,47.6623420715332
2019-07-12,47.679649353027344
2019-07-15,47.71427917480469
2019-07-16,47.35942459106445
2019-07-17,47.316139221191406
2019-07-18,47.194976806640625
2019-07-19,47.316139221191406
2019-07-22,47.385379791259766
2019-07-23,47.76619338989258
2019-07-24,47.8267822265625
2019-07-25,47.316139221191406
2019-07-26,47.43730926513672
2019-07-29,47.37673568725586
2019-07-30,47.07380294799805
2019-07-31,47.039180755615234
2019-08-01,47.030540466308594
2019-08-02,46.788204193115234
2019-08-05,45.628448486328125
2019-08-06,46.20832824707031
2019-08-07,46.52854537963867
2019-08-08,46.85743713378906
2019-08-09,46.364112854003906
2019-08-12,45.92271423339844
2019-08-13,46.4420051574707
2019-08-14,45.31686782836914
2019-08-15,45.74961471557617
2019-08-16,46.22562789916992
2019-08-19,46.216976165771484
2019-08-20,46.12177658081055
2019-08-21,46.27756118774414
2019-08-22,46.20832824707031
2019-08-23,45.68903732299805
2019-08-26,46.3554573059082
2019-08-27,46.20832824707031
2019-08-28,46.191009521484375
2019-08-29,46.519893646240234
2019-08-30,46.667030334472656
2019-09-03,46.692996978759766
2019-09-04,46.95264434814453
2019-09-05,47.29018783569336
2019-09-06,47.45462417602539
2019-09-09,47.76619338989258
2019-09-10,47.90467071533203
2019-09-11,48.328765869140625
2019-09-12,48.64899444580078
2019-09-13,49.220218658447266
2019-09-16,48.960567474365234
2019-09-17,49.1423225402832
2019-09-18,49.03846740722656
2019-09-19,49.401973724365234
2019-09-20,49.28945541381836
2019-09-23,49.23752212524414
2019-09-24,49.306766510009766
2019-09-25,49.505828857421875
2019-09-26,49.59237289428711
2019-09-27,48.88267517089844
2019-09-30,49.107704162597656
2019-10-01,48.89133071899414
2019-10-02,48.285484313964844
2019-10-03,48.527828216552734
2019-10-04,49.09039306640625
2019-10-07,48.7788200378418
2019-10-08,48.493202209472656
2019-10-09,48.91729736328125
2019-10-10,48.856712341308594
2019-10-11,49.462554931640625
2019-10-14,49.246177673339844
2019-10-15,49.981849670410156
2019-10-16,49.87799072265625
2019-10-17,49.74816131591797
2019-10-18,49.6529541015625
2019-10-21,50.007808685302734
2019-10-22,50.068389892578125
2019-10-23,50.2761116027832
2019-10-24,50.30208206176758
2019-10-25,50.2761116027832
2019-10-28,50.423240661621094
2019-10-29,50.639617919921875
2019-10-30,50.77809524536133
2019-10-31,50.786746978759766
2019-11-01,51.288726806640625
2019-11-04,51.634918212890625
2019-11-05,51.70416259765625
2019-11-06,51.59165954589844
2019-11-07,51.894569396972656
2019-11-08,51.86860275268555
2019-11-11,51.73877716064453
2019-11-12,51.851295471191406
2019-11-13,51.6695442199707
2019-11-14,51.444515228271484
2019-11-15,51.74742889404297
2019-11-18,51.790714263916016
2019-11-19,51.62626647949219
2019-11-20,51.470481872558594
2019-11-21,51.52240753173828
2019-11-22,51.55702590942383
2019-11-25,51.91188049316406
2019-11-26,51.82533645629883
2019-11-27,51.9291877746582
2019-11-29,51.43585968017578
2019-12-02,51.33200454711914
2019-12-03,51.53105926513672
2019-12-04,52.110939025878906
2019-12-05,51.903228759765625
2019-12-06,52.50041198730469
2019-12-09,52.20614242553711
2019-12-10,52.18018341064453
2019-12-11,52.292686462402344
2019-12-12,52.42251205444336
2019-12-13,52.56098937988281
2019-12-16,52.8027229309082
2019-12-17,52.688865661621094
2019-12-18,52.478668212890625
2019-12-19,52.426116943359375
2019-12-20,52.391082763671875
2019-12-23,52.3473014831543
2019-12-24,52.13710021972656
2019-12-26,52.2772331237793
2019-12-27,52.1808967590332
2019-12-30,51.71670913696289
2019-12-31,51.88311767578125
2020-01-02,52.426116943359375
2020-01-03,51.848087310791016
2020-01-06,52.032005310058594
2020-01-07,52.11958694458008
2020-01-08,52.12835693359375
2020-01-09,52.496177673339844
2020-01-10,52.12835693359375
2020-01-13,52.426116943359375
2020-01-14,52.44363784790039
2020-01-15,52.250953674316406
2020-01-16,52.28599166870117
2020-01-17,52.32102584838867
2020-01-21,52.04076385498047
2020-01-22,52.2772331237793
2020-01-23,52.33854293823242
2020-01-24,52.13710021972656
2020-01-27,51.19997787475586
2020-01-28,51.6554069519043
2020-01-29,51.48900604248047
2020-01-30,51.41893005371094
2020-01-31,50.578155517578125
2020-02-03,50.96351623535156
2020-02-04,51.734222412109375
2020-02-05,52.19841384887695
2020-02-06,52.592525482177734
2020-02-07,52.08454895019531
2020-02-10,52.02324295043945
2020-02-11,52.28599166870117
2020-02-12,52.032005310058594
2020-02-13,51.57658767700195
2020-02-14,51.191226959228516
2020-02-18,50.429264068603516
2020-02-19,50.3416862487793
2020-02-20,50.01763916015625
2020-02-21,49.59724807739258
2020-02-24,47.924442291259766
2020-02-25,47.845619201660156
2020-02-26,48.08209228515625
2020-02-27,46.43556213378906
2020-02-28,46.38301086425781
2020-03-02,46.969810485839844
2020-03-03,46.36550521850586
2020-03-04,47.37268829345703
2020-03-05,46.5143928527832
2020-03-06,46.067726135253906
2020-03-09,43.72054672241211
2020-03-10,45.02550506591797
2020-03-11,43.50159454345703
2020-03-12,39.236385345458984
2020-03-13,40.52383041381836
2020-03-16,37.852603912353516
2020-03-17,39.70933532714844
2020-03-18,38.86854934692383
2020-03-19,39.41154861450195
2020-03-20,39.50789260864258
2020-03-23,39.096256256103516
2020-03-24,41.81127166748047
2020-03-25,42.59950637817383
2020-03-26,44.00080490112305
2020-03-27,43.94826889038086
2020-03-30,44.482505798339844
2020-03-31,43.25636291503906
2020-04-01,41.19820785522461
2020-04-02,41.72369384765625
2020-04-03,40.78657531738281
2020-04-06,43.195064544677734
2020-04-07,43.659236907958984
2020-04-08,43.55414581298828
2020-04-09,44.12342071533203
2020-04-13,43.93949508666992
2020-04-14,44.74524688720703
2020-04-15,44.298583984375
2020-04-16,43.9219856262207
2020-04-17,44.50877380371094
2020-04-20,43.82563781738281
2020-04-21,43.41401672363281
2020-04-22,44.16721725463867
2020-04-23,44.228519439697266
2020-04-24,44.57008743286133
2020-04-27,45.18314743041992
2020-04-28,45.84001159667969
2020-04-29,46.6457633972168
2020-04-30,45.3320426940918
2020-05-01,44.535057067871094
2020-05-04,44.31610107421875
2020-05-05,44.74524688720703
2020-05-06,44.4036750793457
2020-05-07,45.069297790527344
2020-05-08,45.84001159667969
2020-05-11,46.27791976928711
2020-05-12,45.67361068725586
2020-05-13,45.89256286621094
2020-05-14,45.209434509277344
2020-05-15,45.28825378417969
2020-05-18,46.41804504394531
2020-05-19,45.87504959106445
2020-05-20,46.56693649291992
2020-05-21,46.067726135253906
2020-05-22,46.129032135009766
2020-05-26,47.69672775268555
2020-05-27,48.30979919433594
2020-05-28,48.94038772583008
2020-05-29,48.52876281738281
2020-06-01,49.26443099975586
2020-06-02,49.48339080810547
2020-06-03,49.824951171875
2020-06-04,49.26443099975586
2020-06-05,49.973846435546875
2020-06-08,50.70952606201172
2020-06-09,50.44678497314453
2020-06-10,50.42051315307617
2020-06-11,48.301048278808594
2020-06-12,49.16809844970703
2020-06-15,48.63137435913086
2020-06-16,49.56711196899414
2020-06-17,49.78779983520508
2020-06-18,49.699520111083984
2020-06-19,49.46117401123047
2020-06-22,49.79662322998047
2020-06-23,49.929046630859375
2020-06-24,48.88738250732422
2020-06-25,49.44351577758789
2020-06-26,48.96682357788086
2020-06-29,48.97565460205078
2020-06-30,48.48130798339844
2020-07-01,48.38420104980469
2020-07-02,48.701995849609375
2020-07-06,49.32876205444336
2020-07-07,48.88738250732422
2020-07-08,48.85206604003906
2020-07-09,48.61372375488281
2020-07-10,49.24930953979492
2020-07-13,48.993309020996094
2020-07-14,49.38172912597656
2020-07-15,50.008487701416016
2020-07-16,49.49648666381836
2020-07-17,49.575931549072266
2020-07-20,49.611244201660156
2020-07-21,49.63772964477539
2020-07-22,49.50531768798828
2020-07-23,49.337589263916016
2020-07-24,49.284629821777344
2020-07-27,50.26449203491211
2020-07-28,49.95552444458008
2020-07-29,49.981998443603516
2020-07-30,49.23165512084961
2020-07-31,47.960479736328125
2020-08-03,48.94034194946289
2020-08-04,49.48766326904297
2020-08-05,49.45235061645508
2020-08-06,49.41703796386719
2020-08-07,49.434696197509766
2020-08-10,49.67303466796875
2020-08-11,50.07910919189453
2020-08-12,51.138423919677734
2020-08-13,51.076629638671875
2020-08-14,51.067806243896484
2020-08-17,51.2796745300293
2020-08-18,51.45621871948242
2020-08-19,51.18255615234375
2020-08-20,50.9971809387207
2020-08-21,50.85594177246094
2020-08-24,51.4209098815918
2020-08-25,51.350284576416016
2020-08-26,51.49152755737305
2020-08-27,51.014835357666016
2020-08-28,51.28849792480469
2020-08-31,51.217872619628906
2020-09-01,51.35911560058594
2020-09-02,51.87112045288086
2020-09-03,50.96186828613281
2020-09-04,51.244354248046875
2020-09-08,50.82062911987305
2020-09-09,50.9971809387207
2020-09-10,51.02366256713867
2020-09-11,51.68573760986328
2020-09-14,52.05649948120117
2020-09-15,52.29484939575195
2020-09-16,52.480228424072266
2020-09-17,52.542015075683594
2020-09-18,52.3125
2020-09-21,51.53567123413086
2020-09-22,51.6945686340332
2020-09-23,51.99470520019531
2020-09-24,51.79166793823242
2020-09-25,51.87112045288086
2020-09-28,52.59498596191406
2020-09-29,52.55084228515625
2020-09-30,52.144771575927734
2020-10-01,52.153602600097656
2020-10-02,51.89760208129883
2020-10-05,52.32133102416992
2020-10-06,52.20656967163086
2020-10-07,52.480228424072266
2020-10-08,52.49787902832031
2020-10-09,52.489051818847656
2020-10-12,52.63029479980469
2020-10-13,52.46257400512695
2020-10-14,52.542015075683594
2020-10-15,52.10063552856445
2020-10-16,51.99470520019531
2020-10-19,52.05649948120117
2020-10-20,52.06532669067383
2020-10-21,52.47139358520508
2020-10-22,52.32133102416992
2020-10-23,52.34781265258789
2020-10-26,51.844635009765625
2020-10-27,52.03001022338867
2020-10-28,51.32380294799805
2020-10-29,51.71222686767578
2020-10-30,51.41208267211914
2020-11-02,51.95056915283203
2020-11-03,53.045188903808594
2020-11-04,52.9569206237793
2020-11-05,54.263404846191406
2020-11-06,54.30754089355469
2020-11-09,55.90534210205078
2020-11-10,55.6934814453125
2020-11-11,56.028926849365234
2020-11-12,55.163822174072266
2020-11-13,55.94947814941406
2020-11-16,56.743961334228516
2020-11-17,56.52326965332031
2020-11-18,56.1436882019043
2020-11-19,56.51444625854492
2020-11-20,57.15003204345703
2020-11-23,57.18534851074219
2020-11-24,58.05046081542969
2020-11-25,57.63555145263672
2020-11-27,58.465362548828125
2020-11-30,56.841068267822266
2020-12-01,58.00631332397461
2020-12-02,57.90921401977539
2020-12-03,58.05046081542969
2020-12-04,58.31527328491211
2020-12-07,57.45900344848633
2020-12-08,57.59141540527344
2020-12-09,57.997493743896484
2020-12-10,58.09458541870117
2020-12-11,58.218177795410156
2020-12-14,58.41138458251953
2020-12-15,58.82789993286133
2020-12-16,58.81904602050781
2020-12-17,59.1646614074707
2020-12-18,58.99628829956055
2020-12-21,58.35820388793945
2020-12-22,58.33161163330078
2020-12-23,58.54430389404297
2020-12-24,58.33161163330078
2020-12-28,58.925384521484375
2020-12-29,59.66094970703125
2020-12-30,59.68755340576172
2020-12-31,59.87364959716797
2021-01-04,59.1646614074707
2021-01-05,59.71413040161133
2021-01-06,60.42312240600586
2021-01-07,60.29905700683594
2021-01-08,61.40684127807617
2021-01-11,60.830780029296875
2021-01-12,61.149818420410156
2021-01-13,61.32706832885742
2021-01-14,61.96515655517578
2021-01-15,60.90167999267578
2021-01-19,61.25618362426758
2021-01-20,61.56635665893555
2021-01-21,61.32706832885742
2021-01-22,61.362525939941406
2021-01-25,61.60179901123047
2021-01-26,61.61066818237305
2021-01-27,60.26359939575195
2021-01-28,60.653533935546875
2021-01-29,59.368507385253906
2021-02-01,59.988868713378906
2021-02-02,60.467430114746094
2021-02-03,60.82191467285156
2021-02-04,60.892822265625
2021-02-05,61.37137985229492
2021-02-08,62.47031021118164
2021-02-09,62.80707550048828
2021-02-10,62.69185256958008
2021-02-11,63.0197639465332
2021-02-12,63.40970993041992
2021-02-16,63.6844367980957
2021-02-17,63.595821380615234
2021-02-18,62.83366394042969
2021-02-19,63.22359848022461
2021-02-22,63.072940826416016
2021-02-23,62.93114471435547
2021-02-24,62.40827178955078
2021-02-25,61.3359375
2021-02-26,60.458560943603516
2021-03-01,61.46000289916992
2021-03-02,60.85737228393555
2021-03-03,60.4940185546875
2021-03-04,59.917964935302734
2021-03-05,60.405391693115234
2021-03-08,59.73185729980469
2021-03-09,60.38766098022461
2021-03-10,60.600345611572266
2021-03-11,60.29905700683594
2021-03-12,61.09665298461914
2021-03-15,61.424556732177734
2021-03-16,61.62838363647461
2021-03-17,62.02719497680664
2021-03-18,62.19557571411133
2021-03-19,62.64756393432617
2021-03-22,62.23102569580078
2021-03-23,61.30048751831055
2021-03-24,60.626949310302734
2021-03-25,61.318206787109375
2021-03-26,62.133544921875
2021-03-29,61.761322021484375
2021-03-30,61.309349060058594
2021-03-31,60.72443389892578
2021-04-01,61.273887634277344
2021-04-05,62.0183219909668
2021-04-06,61.078922271728516
2021-04-07,61.25618362426758
2021-04-08,61.318206787109375
2021-04-09,61.743595123291016
2021-04-12,61.362525939941406
2021-04-13,61.75246047973633
2021-04-14,61.63725280761719
2021-04-15,61.9296989440918
2021-04-16,62.0005989074707
2021-04-19,61.40684127807617
2021-04-20,60.07748794555664
2021-04-21,60.591495513916016
2021-04-22,60.697837829589844
2021-04-23,61.23844528198242
2021-04-26,61.008026123046875
2021-04-27,60.26359939575195
2021-04-28,60.245880126953125
2021-04-29,60.29905700683594
2021-04-30,59.74959182739258
2021-05-03,60.458560943603516
2021-05-04,59.696414947509766
2021-05-05,60.41424560546875
2021-05-06,60.90167999267578
2021-05-07,61.202999114990234
2021-05-10,61.078922271728516
2021-05-11,60.04203796386719
2021-05-12,57.98598098754883
2021-05-13,58.46455764770508
2021-05-14,59.38623046875
2021-05-17,58.88994216918945
2021-05-18,59.63437271118164
2021-05-19,59.33305740356445
2021-05-20,59.87364959716797
2021-05-21,60.2015495300293
2021-05-24,60.467430114746094
2021-05-25,60.32563400268555
2021-05-26,60.458560943603516
2021-05-27,60.50287628173828
2021-05-28,60.77760696411133
2021-06-01,60.39653396606445
2021-06-02,60.95484924316406
2021-06-03,60.97259521484375
2021-06-04,61.63725280761719
2021-06-07,61.87652587890625
2021-06-08,61.57521438598633
2021-06-09,61.14096450805664
2021-06-10,61.40432357788086
2021-06-11,61.49360275268555
2021-06-14,61.47574996948242
2021-06-15,61.77035903930664
2021-06-16,61.67216491699219
2021-06-17,61.440040588378906
2021-06-18,60.03839874267578
2021-06-21,60.67225646972656
2021-06-22,60.74369430541992
2021-06-23,60.279441833496094
2021-06-24,60.80617904663086
2021-06-25,61.08293914794922
2021-06-28,60.83296203613281
2021-06-29,60.877593994140625
2021-06-30,60.297298431396484
2021-07-01,60.252655029296875
2021-07-02,60.62763214111328
2021-07-06,60.404441833496094
2021-07-07,60.43122482299805
2021-07-08,59.49381637573242
2021-07-09,61.09185791015625
2021-07-12,61.27040100097656
2021-07-13,61.07401657104492
2021-07-14,61.37754440307617
2021-07-15,60.62763214111328
2021-07-16,60.011627197265625
2021-07-19,59.154563903808594
2021-07-20,59.85984802246094
2021-07-21,60.28837203979492
2021-07-22,60.252655029296875
2021-07-23,60.5919075012207
2021-07-26,60.37765121459961
2021-07-27,60.04732131958008
2021-07-28,60.36872100830078
2021-07-29,60.574058532714844
2021-07-30,59.91341018676758
2021-08-02,60.493717193603516
2021-08-03,60.940093994140625
2021-08-04,60.31515121459961
2021-08-05,60.67225646972656
2021-08-06,60.547264099121094
2021-08-09,60.511573791503906
2021-08-10,60.547264099121094
2021-08-11,61.29719161987305
2021-08-12,61.09185791015625
2021-08-13,61.27933883666992
2021-08-16,60.859737396240234
2021-08-17,60.35087203979492
2021-08-18,60.03839874267578
2021-08-19,59.46703338623047
2021-08-20,59.51167678833008
2021-08-23,60.297298431396484
2021-08-24,60.83296203613281
2021-08-25,60.71690368652344
2021-08-26,60.404441833496094
2021-08-27,60.82403564453125
2021-08-30,60.74369430541992
2021-08-31,61.06507873535156
2021-09-01,62.05604553222656
2021-09-02,62.34172439575195
2021-09-03,64.10940551757812
2021-09-07,64.77897644042969
2021-09-08,64.5022201538086
2021-09-09,65.0735855102539
2021-09-10,65.00216674804688
2021-09-13,65.89493560791016
2021-09-14,65.52890014648438
2021-09-15,66.17169952392578
2021-09-16,66.01991271972656
2021-09-17,65.55567932128906
2021-09-20,64.60935974121094
2021-09-21,65.18964385986328
2021-09-22,64.71647644042969
2021-09-23,65.0914535522461
2021-09-24,64.86825561523438
2021-09-27,64.81468963623047
2021-09-28,63.413047790527344
2021-09-29,63.377342224121094
2021-09-30,62.71670150756836
2021-10-01,62.43101501464844
2021-10-04,60.69904708862305
2021-10-05,61.038291931152344
2021-10-06,60.511573791503906
2021-10-07,60.859737396240234
2021-10-08,60.58299255371094
2021-10-11,60.85081481933594
2021-10-12,60.45800018310547
2021-10-13,60.42228698730469
2021-10-14,60.99365997314453
2021-10-15,61.636444091796875
2021-10-18,61.33290481567383
2021-10-19,61.71678924560547
2021-10-20,61.65430450439453
2021-10-21,60.58299255371094
2021-10-22,61.08293914794922
2021-10-25,61.10972213745117
2021-10-26,61.11864471435547
2021-10-27,60.67225646972656
2021-10-28,61.154354095458984
2021-10-29,61.06507873535156
2021-11-01,61.98463439941406
2021-11-02,61.91320037841797
2021-11-03,62.28815460205078
2021-11-04,62.73453903198242
2021-11-05,62.81489944458008
2021-11-08,62.68098068237305
2021-11-09,62.28815460205078
2021-11-10,61.3150634765625
2021-11-11,61.67216491699219
2021-11-12,62.56492614746094
2021-11-15,62.51136016845703
2021-11-16,62.38636779785156
2021-11-17,62.12746810913086
2021-11-18,62.28815460205078
2021-11-19,62.41316223144531
2021-11-22,62.091758728027344
2021-11-23,62.16317367553711
2021-11-24,61.40432357788086
2021-11-26,59.77949523925781
2021-11-29,59.949127197265625
2021-11-30,59.21706008911133
2021-12-01,58.90458679199219
2021-12-02,59.78842544555664
2021-12-03,60.1366081237793
2021-12-06,60.17232131958008
2021-12-07,61.57395935058594
2021-12-08,61.50252914428711
2021-12-09,61.00259017944336
2021-12-10,61.09185791015625
2021-12-13,60.50212478637695
2021-12-14,60.42976379394531
2021-12-15,61.469932556152344
2021-12-16,61.54231262207031
2021-12-17,60.791568756103516
2021-12-20,60.276004791259766
2021-12-21,60.62874984741211
2021-12-22,60.72825241088867
2021-12-23,60.96342468261719
2021-12-27,60.90915298461914
2021-12-28,60.98151779174805
2021-12-29,60.692073822021484
2021-12-30,60.52021789550781
2021-12-31,60.5654411315918
2022-01-03,60.62874984741211
2022-01-04,61.42472457885742
2022-01-05,61.144325256347656
2022-01-06,60.692073822021484
2022-01-07,60.30314254760742
2022-01-10,60.158416748046875
2022-01-11,60.62874984741211
2022-01-12,61.49707794189453
2022-01-13,60.882015228271484
2022-01-14,60.809661865234375
2022-01-18,59.85087966918945
2022-01-19,59.109195709228516
2022-01-20,58.84688186645508
2022-01-21,58.62076187133789
2022-01-24,58.36750411987305
2022-01-25,58.159461975097656
2022-01-26,57.35445785522461
2022-01-27,56.5404052734375
2022-01-28,56.75749206542969
2022-01-31,57.96047592163086
2022-02-01,57.97856903076172
2022-02-02,58.8649787902832
2022-02-03,57.634857177734375
2022-02-04,58.08711242675781
2022-02-07,58.123291015625
2022-02-08,58.457950592041016
2022-02-09,59.26295852661133
2022-02-10,58.3222770690918
2022-02-11,57.85193634033203
2022-02-14,57.85193634033203
2022-02-15,58.49412536621094
2022-02-16,58.503177642822266
2022-02-17,57.64390182495117
2022-02-18,57.5534553527832
2022-02-22,57.09215545654297
2022-02-23,56.50422668457031
2022-02-24,56.17860794067383
2022-02-25,57.481082916259766
2022-02-28,56.929344177246094
2022-03-01,56.15147018432617
2022-03-02,56.3414192199707
2022-03-03,56.0610237121582
2022-03-04,55.33742141723633
2022-03-07,53.392738342285156
2022-03-08,52.62392044067383
2022-03-09,54.043983459472656
2022-03-10,53.81785583496094
2022-03-11,52.94953536987305
2022-03-14,53.02189254760742
2022-03-15,53.89022445678711
2022-03-16,55.09321212768555
2022-03-17,55.608768463134766
2022-03-18,56.32332992553711
2022-03-21,56.30523681640625
2022-03-22,56.47709274291992
2022-03-23,56.142425537109375
2022-03-24,56.75749206542969
2022-03-25,56.74844741821289
2022-03-28,55.89821243286133
2022-03-29,57.001705169677734
2022-03-30,56.40473175048828
2022-03-31,55.72636032104492
2022-04-01,56.01580047607422
2022-04-04,56.46805191040039
2022-04-05,54.99370574951172
2022-04-06,54.17061233520508
2022-04-07,53.98066711425781
2022-04-08,53.75454330444336
2022-04-11,52.913352966308594
2022-04-12,52.21688461303711
2022-04-13,52.967628479003906
2022-04-14,52.82291030883789
2022-04-18,52.18975067138672
2022-04-19,52.19880294799805
2022-04-20,52.687232971191406
2022-04-21,52.25307083129883
2022-04-22,51.47520065307617
2022-04-25,51.79177474975586
2022-04-26,50.697322845458984
2022-04-27,50.89631652832031
2022-04-28,51.82795333862305
2022-04-29,51.212890625
2022-05-02,51.194801330566406
2022-05-03,51.601829528808594
2022-05-04,52.515377044677734
2022-05-05,51.07722473144531
2022-05-06,51.276206970214844
2022-05-09,49.82899856567383
2022-05-10,49.901363372802734
2022-05-11,49.358665466308594
2022-05-12,49.9104118347168
2022-05-13,50.94154357910156
2022-05-16,50.670196533203125
2022-05-17,51.041038513183594
2022-05-18,50.552608489990234
2022-05-19,50.98676681518555
2022-05-20,51.63801193237305
2022-05-23,52.13548278808594
2022-05-24,51.936492919921875
2022-05-25,52.04503631591797
2022-05-26,52.45206832885742
2022-05-27,52.768638610839844
2022-05-31,52.09930419921875
2022-06-01,52.126441955566406
2022-06-02,52.66009521484375
2022-06-03,51.56564712524414
2022-06-06,51.846046447753906
2022-06-07,52.00885772705078
2022-06-08,51.330482482910156
2022-06-09,50.96151351928711
2022-06-10,50.03908920288086
2022-06-13,48.641754150390625
2022-06-14,48.31297302246094
2022-06-15,48.8518180847168
2022-06-16,48.07551193237305
2022-06-17,47.54581069946289
2022-06-21,48.03898620605469
2022-06-22,47.80153274536133
2022-06-23,48.09378433227539
2022-06-24,49.043609619140625
2022-06-27,48.614356994628906
2022-06-28,48.54129409790039
2022-06-29,48.32210922241211
2022-06-30,48.249046325683594
2022-07-01,48.4499626159668
2022-07-05,48.139442443847656
2022-07-06,48.13031005859375
2022-07-07,48.815284729003906
2022-07-08,49.06187057495117
2022-07-11,48.39516830444336
2022-07-12,48.41343307495117
2022-07-13,48.15771484375
2022-07-14,47.68280029296875
2022-07-15,48.185115814208984
2022-07-18,48.27643585205078
2022-07-19,48.97053909301758
2022-07-20,49.18059539794922
2022-07-21,49.80162811279297
2022-07-22,49.95689392089844
2022-07-25,49.947757720947266
2022-07-26,49.39978790283203
2022-07-27,50.3952751159668
2022-07-28,50.806251525878906
2022-07-29,51.281166076660156
2022-08-01,51.93872833251953
2022-08-02,50.95237731933594
2022-08-03,50.84278106689453
2022-08-04,50.82452392578125
2022-08-05,50.51399612426758
2022-08-08,50.495731353759766
2022-08-09,49.99342346191406
2022-08-10,51.42728805541992
2022-08-11,51.409019470214844
2022-08-12,52.08485412597656
2022-08-15,52.2949104309082
2022-08-16,52.04832077026367
2022-08-17,51.883934020996094
2022-08-18,51.701271057128906
2022-08-19,50.806251525878906
2022-08-22,50.28567123413086
2022-08-23,50.404396057128906
2022-08-24,50.38613510131836
2022-08-25,50.96151351928711
2022-08-26,49.71943664550781
2022-08-29,49.217132568359375
2022-08-30,49.16233444213867
2022-08-31,48.94314193725586
2022-09-01,48.358638763427734
2022-09-02,47.82892990112305
2022-09-06,47.08003234863281
2022-09-07,47.00697326660156
2022-09-08,47.57320785522461
2022-09-09,48.468231201171875
2022-09-12,48.48649215698242
2022-09-13,46.888240814208984
2022-09-14,47.5640754699707
2022-09-15,47.18962097167969
2022-09-16,47.15309143066406
2022-09-19,47.308349609375
2022-09-20,46.81517791748047
2022-09-21,46.276336669921875
2022-09-22,46.64165115356445
2022-09-23,45.70096206665039
2022-09-26,44.96120071411133
2022-09-27,44.586753845214844
2022-09-28,45.426979064941406
2022-09-29,44.98860168457031
2022-09-30,44.61415100097656
2022-10-03,45.4178466796875
2022-10-04,46.86997604370117
2022-10-05,46.37680435180664
2022-10-06,45.95668411254883
2022-10-07,45.490909576416016
2022-10-10,45.308258056640625
2022-10-11,44.84247589111328
2022-10-12,44.51368713378906
2022-10-13,44.906410217285156
2022-10-14,44.257965087890625
2022-10-17,44.705482482910156
2022-10-18,44.55022430419922
2022-10-19,44.27623748779297
2022-10-20,44.23970413208008
2022-10-21,45.01599884033203
2022-10-24,44.72374725341797
2022-10-25,45.74663162231445
2022-10-26,46.0114860534668
2022-10-27,45.43611145019531
2022-10-28,45.92015075683594
2022-10-31,45.655303955078125
2022-11-01,46.00235366821289
2022-11-02,45.70096206665039
2022-11-03,45.5731086730957
2022-11-04,46.45899200439453
2022-11-07,46.72385025024414
2022-11-08,47.39968490600586
2022-11-09,46.59599304199219
2022-11-10,49.19886016845703
2022-11-11,50.17607879638672
2022-11-14,49.49111557006836
2022-11-15,49.81989669799805
2022-11-16,49.6463737487793
2022-11-17,49.55504608154297
2022-11-18,49.536781311035156
2022-11-21,49.13492965698242
2022-11-22,50.185218811035156
2022-11-23,50.760589599609375
2022-11-25,51.107635498046875
2022-11-28,50.71491622924805
2022-11-29,50.404396057128906
2022-11-30,50.96151351928711
2022-12-01,51.30855941772461
2022-12-02,51.080238342285156
2022-12-05,50.01168441772461
2022-12-06,49.85643005371094
2022-12-07,50.002559661865234
2022-12-08,50.31306838989258
2022-12-09,50.46833419799805
2022-12-12,50.459197998046875
2022-12-13,51.185977935791016
2022-12-14,51.14021682739258
2022-12-15,49.89535140991211
2022-12-16,49.93196487426758
2022-12-19,49.611595153808594
2022-12-20,50.316410064697266
2022-12-21,50.24318313598633
2022-12-22,50.09672546386719
2022-12-23,50.133338928222656
2022-12-27,49.904502868652344
2022-12-28,49.30952835083008
2022-12-29,50.22486877441406
2022-12-30,49.831275939941406
2023-01-03,50.06926345825195
2023-01-04,49.574981689453125
2023-01-05,48.90678024291992
2023-01-06,50.133338928222656
2023-01-09,50.24318313598633
2023-01-10,50.124183654785156
2023-01-11,50.52694320678711
2023-01-12,51.74434280395508
2023-01-13,51.964027404785156
2023-01-17,52.45831298828125
2023-01-18,52.38508224487305
2023-01-19,52.35762023925781
2023-01-20,52.952598571777344
2023-01-23,52.8061408996582
2023-01-24,53.163124084472656
2023-01-25,53.803863525390625
2023-01-26,53.694026947021484
2023-01-27,53.84048080444336
2023-01-30,53.52010726928711
2023-01-31,53.70317459106445
2023-02-01,53.88624572753906
2023-02-02,53.75809860229492
2023-02-03,53.14482116699219
2023-02-06,52.65968704223633
2023-02-07,53.4285774230957
2023-02-08,52.84274673461914
2023-02-09,52.89767837524414
2023-02-10,53.199737548828125
2023-02-13,53.172279357910156
2023-02-14,52.906829833984375
2023-02-15,52.38508224487305
2023-02-16,52.2111701965332
2023-02-17,52.19286346435547
2023-02-21,51.552120208740234
2023-02-22,51.16767883300781
2023-02-23,51.680267333984375
2023-02-24,50.911380767822266
2023-02-27,51.39651870727539
2023-02-28,51.204288482666016
2023-03-01,51.28667068481445
2023-03-02,51.34159469604492
2023-03-03,52.52238464355469
2023-03-06,52.52238464355469
2023-03-07,52.05555725097656
2023-03-08,52.6963005065918
2023-03-09,52.604766845703125
2023-03-10,51.97317886352539
2023-03-13,51.47889709472656
2023-03-14,51.332435607910156
2023-03-15,50.288944244384766
2023-03-16,51.31413269042969
2023-03-17,50.99375915527344
2023-03-20,51.73518753051758
2023-03-21,52.05555725097656
2023-03-22,51.90910339355469
2023-03-23,52.137939453125
2023-03-24,52.29355239868164
2023-03-27,52.52238464355469
2023-03-28,52.62307357788086
2023-03-29,52.8244514465332
2023-03-30,53.071590423583984
2023-03-31,53.72148513793945
2023-04-03,53.968624114990234
2023-04-04,53.950321197509766
2023-04-05,53.14482116699219
2023-04-06,52.915985107421875
2023-04-10,52.8061408996582
2023-04-11,52.98005676269531
2023-04-12,53.15397262573242
2023-04-13,53.8953971862793
2023-04-14,53.49264907836914
2023-04-17,53.64825439453125
2023-04-18,53.968624114990234
2023-04-19,53.53841018676758
2023-04-20,53.71233367919922
2023-04-21,54.0143928527832
2023-04-24,53.986934661865234
2023-04-25,53.61164093017578
2023-04-26,53.41941452026367
2023-04-27,54.288997650146484
2023-04-28,53.85878372192383
2023-05-01,53.79471206665039
2023-05-02,53.34619140625
2023-05-03,53.66656494140625
2023-05-04,53.76724624633789
2023-05-05,54.4903678894043
2023-05-08,54.371376037597656
2023-05-09,54.95719909667969
2023-05-10,54.68259811401367
2023-05-11,54.83820343017578
2023-05-12,55.10365295410156
2023-05-15,55.43317413330078
2023-05-16,55.32332992553711
2023-05-17,55.69862747192383
2023-05-18,55.70777893066406
2023-05-19,55.79930877685547
2023-05-22,56.04645538330078
2023-05-23,55.24094772338867
2023-05-24,54.655128479003906
2023-05-25,54.96635437011719
2023-05-26,55.149417877197266
2023-05-30,54.79243469238281
2023-05-31,54.31645202636719
2023-06-01,55.680320739746094
2023-06-02,56.75126647949219
2023-06-05,56.549896240234375
2023-06-06,57.70323181152344
2023-06-07,56.220298767089844
2023-06-08,56.69955825805664
2023-06-09,57.34470748901367
2023-06-12,57.70414352416992
2023-06-13,58.53363037109375
2023-06-14,58.800907135009766
2023-06-15,58.71795654296875
2023-06-16,58.15575408935547
2023-06-20,57.353919982910156
2023-06-21,58.035945892333984
2023-06-22,57.55668640136719
2023-06-23,56.13735580444336
2023-06-26,56.13735580444336
2023-06-27,56.34933090209961
2023-06-28,56.97604751586914
2023-06-29,56.69034194946289
2023-06-30,57.04978561401367
2023-07-03,57.224891662597656
2023-07-05,56.754859924316406
2023-07-06,56.00832748413086
2023-07-07,56.810150146484375
2023-07-10,56.72720718383789
2023-07-11,56.97604751586914
2023-07-12,57.37235641479492
2023-07-13,58.229488372802734
2023-07-14,57.52903366088867
2023-07-17,57.55668640136719
2023-07-18,58.34929656982422
2023-07-19,58.3585205078125
2023-07-20,57.58433532714844
2023-07-21,57.51982498168945
2023-07-24,57.6027717590332
2023-07-25,57.67649841308594
2023-07-26,57.90690994262695
2023-07-27,58.376949310302734
2023-07-28,58.70874786376953
2023-07-31,58.450679779052734
2023-08-01,57.75944519042969
2023-08-02,56.67190933227539
2023-08-03,56.39541244506836
2023-08-04,56.939186096191406
2023-08-07,57.41843795776367
2023-08-08,56.911537170410156
2023-08-09,56.41384506225586
2023-08-10,56.653472900390625
2023-08-11,56.56131362915039
2023-08-14,56.054405212402344
2023-08-15,55.45532989501953
2023-08-16,54.764102935791016
2023-08-17,54.533695220947266
2023-08-18,54.67194366455078
2023-08-21,54.718017578125
2023-08-22,54.98529815673828
2023-08-23,55.71339797973633
2023-08-24,54.98529815673828
2023-08-25,55.27101135253906
2023-08-28,55.925376892089844
2023-08-29,56.31246566772461
2023-08-30,56.211090087890625
2023-08-31,56.810150146484375
2023-09-01,57.178810119628906
2023-09-05,57.20646286010742
2023-09-06,57.353919982910156
2023-09-07,57.353919982910156
2023-09-08,56.78250503540039
2023-09-11,57.43687057495117
2023-09-12,57.42765808105469
2023-09-13,57.40000915527344
2023-09-14,58.376949310302734
2023-09-15,58.05437088012695
2023-09-18,58.19261932373047
2023-09-19,58.478328704833984
2023-09-20,57.6949348449707
2023-09-21,56.800933837890625
2023-09-22,56.957618713378906
2023-09-25,56.883888244628906
2023-09-26,56.00832748413086
2023-09-27,56.247947692871094
2023-09-28,56.358551025390625
2023-09-29,55.56593704223633
2023-10-02,55.08668518066406
2023-10-03,54.128170013427734
2023-10-04,53.5383186340332
2023-10-05,54.588993072509766
2023-10-06,54.727237701416016
2023-10-09,54.88391876220703
2023-10-10,55.60280227661133
2023-10-11,55.46455764770508
2023-10-12,55.60280227661133
2023-10-13,54.91156768798828
2023-10-16,55.08668518066406
2023-10-17,55.19727325439453
2023-10-18,54.330928802490234
2023-10-19,53.93461990356445
2023-10-20,53.5751838684082
2023-10-23,53.4461555480957
2023-10-24,53.78715515136719
2023-10-25,53.5751838684082
2023-10-26,52.847084045410156
2023-10-27,53.28947067260742
2023-10-30,53.6857795715332
2023-10-31,54.340145111083984
2023-11-01,55.27101135253906
2023-11-02,56.17422103881836
2023-11-03,57.141944885253906
2023-11-06,56.404632568359375
2023-11-07,55.88850784301758
2023-11-08,54.96686553955078
2023-11-09,55.19727325439453
2023-11-10,55.73183059692383
2023-11-13,55.70417785644531
2023-11-14,56.810150146484375
2023-11-15,56.38619613647461
2023-11-16,56.57973861694336
2023-11-17,57.46451950073242
2023-11-20,57.47373580932617
2023-11-21,57.234107971191406
2023-11-22,57.59355163574219
2023-11-24,57.70414352416992
2023-11-27,57.6580696105957
2023-11-28,57.64884948730469
2023-11-29,57.59355163574219
2023-11-30,57.70414352416992
2023-12-01,58.257137298583984
2023-12-04,57.37235641479492
2023-12-05,57.160377502441406
2023-12-06,57.75944519042969
2023-12-07,58.20183563232422
2023-12-08,57.8608283996582
2023-12-11,58.19261932373047
2023-12-12,58.10967254638672
2023-12-13,58.99445343017578
2023-12-14,58.727176666259766
2023-12-15,58.22026443481445
2023-12-18,58.10967254638672
2023-12-19,58.28478240966797
2023-12-20,57.990394592285156
2023-12-21,58.99974060058594
2023-12-22,59.18665313720703
2023-12-26,59.16796112060547
2023-12-27,59.495059967041016
2023-12-28,59.850196838378906
2023-12-29,59.94365692138672
2024-01-02,59.40160369873047
2024-01-03,59.074501037597656
2024-01-04,58.93431854248047
2024-01-05,59.373565673828125
2024-01-08,60.24272155761719
2024-01-09,59.878238677978516
2024-01-10,60.9530029296875
2024-01-11,61.495052337646484
2024-01-12,62.08383560180664
2024-01-16,61.625892639160156
2024-01-17,60.85954284667969
2024-01-18,61.429630279541016
2024-01-19,61.5885124206543
2024-01-22,62.317474365234375
2024-01-23,61.766075134277344
2024-01-24,61.84083557128906
2024-01-25,61.60719299316406
2024-01-26,61.11187744140625
2024-01-29,61.84083557128906
2024-01-30,61.616546630859375
2024-01-31,61.87822723388672
2024-02-01,62.541778564453125
2024-02-02,62.158599853515625
2024-02-05,61.859535217285156
2024-02-06,61.850189208984375
2024-02-07,62.205326080322266
2024-02-08,62.046451568603516
2024-02-09,62.270748138427734
2024-02-12,62.588504791259766
2024-02-13,62.3735466003418
2024-02-14,62.616539001464844
2024-02-15,63.21467208862305
2024-02-16,63.205318450927734
2024-02-20,63.485694885253906
2024-02-21,63.354862213134766
2024-02-22,64.3922348022461
2024-02-23,64.49504089355469
2024-02-26,64.48568725585938
2024-02-27,64.65391540527344
2024-02-28,64.17728424072266
2024-02-29,64.59785461425781
2024-03-01,65.72867584228516
2024-03-04,65.34550476074219
2024-03-05,65.70064544677734
2024-03-06,66.70064544677734
2024-03-07,66.67259216308594
2024-03-08,66.52306365966797
2024-03-11,65.04644012451172
2024-03-12,65.40158081054688
2024-03-13,64.83148956298828
2024-03-14,64.54176330566406
2024-03-15,65.01839447021484
2024-03-18,66.02774047851562
2024-03-19,66.28007507324219
2024-03-20,66.79409790039062
2024-03-21,67.13053894042969
2024-03-22,67.12120056152344
2024-03-25,66.34549713134766
2024-03-26,66.63521575927734
2024-03-27,66.92494201660156
2024-03-28,66.68194580078125
2024-04-01,65.68195343017578
2024-04-02,65.34550476074219
2024-04-03,65.79409790039062
2024-04-04,65.11186218261719
2024-04-05,65.29877471923828
2024-04-08,65.6258773803711
2024-04-09,65.86886596679688
2024-04-10,64.8408203125
2024-04-11,65.41091918945312
2024-04-12,64.54176330566406
2024-04-15,64.27073669433594
2024-04-16,63.3735466003418
2024-04-17,62.700653076171875
2024-04-18,62.513736724853516
2024-04-19,62.1399040222168
2024-04-22,62.775421142578125
2024-04-23,62.91560745239258
2024-04-24,63.1866340637207
2024-04-25,62.205326080322266
2024-04-26,62.738033294677734
2024-04-29,63.30813217163086
2024-04-30,62.868873596191406
2024-05-01,62.71935272216797
2024-05-02,63.9903678894043
2024-05-03,64.72868347167969
2024-05-06,65.11186218261719
2024-05-07,64.4015884399414
2024-05-08,63.58850860595703
2024-05-09,63.86887741088867
2024-05-10,63.50438690185547
2024-05-13,63.252052307128906
2024-05-14,63.747379302978516
2024-05-15,64.4576644897461
2024-05-16,63.80345153808594
2024-05-17,64.23336791992188
2024-05-20,64.6913070678711
2024-05-21,64.31746673583984
2024-05-22,63.56980514526367
2024-05-23,63.2894401550293
2024-05-24,63.981021881103516
2024-05-28,64.34550476074219
2024-05-29,63.0557975769043
2024-05-30,63.60718536376953
2024-05-31,64.4576644897461
2024-06-03,64.8595199584961
2024-06-04,64.93429565429688
2024-06-05,64.74736785888672
2024-06-06,64.70999145507812
2024-06-07,64.23336791992188
2024-06-10,64.8034439086914
2024-06-11,64.07756042480469
2024-06-12,64.38825225830078
2024-06-13,63.2208137512207
2024-06-14,63.20197677612305
2024-06-17,62.712406158447266
2024-06-18,62.759490966796875
2024-06-20,62.59001922607422
2024-06-21,62.147518157958984
2024-06-24,62.618263244628906
2024-06-25,63.606815338134766
2024-06-26,63.37144470214844
2024-06-27,63.69155502319336
2024-06-28,64.24703216552734
2024-07-01,63.823368072509766
2024-07-02,64.83075714111328
2024-07-03,65.42388916015625
2024-07-05,65.86638641357422
2024-07-08,65.54629516601562
2024-07-09,65.904052734375
2024-07-10,67.10914611816406
2024-07-11,66.85494995117188
2024-07-12,67.22212982177734
2024-07-15,66.90202331542969
2024-07-16,67.69287109375
2024-07-17,67.29745483398438
2024-07-18,66.2806396484375
2024-07-19,65.86638641357422
2024-07-22,66.18649291992188
2024-07-23,66.1300048828125
2024-07-24,64.83075714111328
2024-07-25,63.81394577026367
2024-07-26,64.67070007324219
2024-07-29,64.82134246826172
2024-07-30,64.90607452392578
2024-07-31,66.81729125976562
2024-08-01,63.597415924072266
2024-08-02,60.86709976196289
2024-08-05,59.718482971191406
2024-08-06,59.42662048339844
2024-08-07,60.415184020996094
2024-08-08,61.69560241699219
2024-08-09,61.54496765136719
2024-08-12,61.8838996887207
2024-08-13,63.65389633178711
2024-08-14,63.748043060302734
2024-08-15,64.97197723388672
2024-08-16,65.3109130859375
2024-08-19,66.24298095703125
2024-08-20,65.9228744506836
2024-08-21,66.68547821044922
2024-08-22,66.19590759277344
2024-08-23,67.72111511230469
2024-08-26,66.873779296875
2024-08-27,67.53282165527344
2024-08-28,67.24095916748047
2024-08-29,67.35394287109375
2024-08-30,67.75877380371094
2024-09-03,66.7419662475586
2024-09-04,66.0546875
2024-09-05,66.45011138916016
2024-09-06,64.10580444335938
2024-09-09,65.27324676513672
2024-09-10,65.09436798095703
2024-09-11,65.48979949951172
2024-09-12,66.13941955566406
2024-09-13,65.78166198730469
2024-09-16,66.4124526977539
2024-09-17,65.63101959228516
2024-09-18,65.3297348022461
2024-09-19,67.06208038330078
2024-09-20,67.09972381591797
2024-09-23,67.50457763671875
2024-09-24,66.92085266113281
2024-09-25,66.79845428466797
2024-09-26,68.71908569335938
2024-09-27,66.92085266113281
2024-09-30,67.35394287109375
2024-10-01,67.44808197021484
2024-10-02,67.06208038330078
2024-10-03,66.79845428466797
2024-10-04,67.67404174804688
2024-10-07,66.88319396972656
2024-10-08,67.09032440185547
2024-10-09,66.7419662475586
2024-10-10,66.75138854980469
2024-10-11,66.89260864257812
2024-10-14,67.00558471679688
2024-10-15,65.63101959228516
2024-10-16,66.02644348144531
2024-10-17,65.67809295654297
2024-10-18,66.02644348144531
2024-10-21,64.93431854248047
2024-10-22,64.07756042480469
2024-10-23,62.76890182495117
2024-10-24,63.286720275878906
2024-10-25,63.305538177490234
2024-10-28,63.73862838745117
2024-10-29,64.3600082397461
2024-10-30,64.41649627685547
2024-10-31,64.08697509765625
2024-11-01,64.00225067138672
2024-11-04,64.0587387084961
2024-11-05,65.0284652709961
2024-11-06,65.32032012939453
2024-11-07,65.88522338867188
2024-11-08,65.36740112304688
2024-11-11,65.52745819091797
2024-11-12,64.49181365966797
2024-11-13,63.77628707885742
2024-11-14,63.85160446166992
2024-11-15,63.54091262817383
2024-11-18,63.9080924987793
2024-11-19,63.81394577026367
2024-11-20,63.343204498291016
2024-11-21,63.522090911865234
2024-11-22,63.9739990234375
2024-11-25,64.41649627685547
2024-11-26,64.08697509765625
2024-11-27,63.9080924987793
2024-11-29,65.61219024658203
2024-12-02,66.4124526977539
2024-12-03,67.36335754394531
2024-12-04,66.98675537109375
2024-12-05,66.8643569946289
2024-12-06,66.92085266113281
2024-12-09,66.3371353149414
2024-12-10,65.97936248779297
2024-12-11,66.91143798828125
2024-12-12,66.25240325927734
2024-12-13,65.4709701538086
2024-12-16,65.13203430175781
2024-12-17,64.90636444091797
2024-12-18,63.28084182739258
2024-12-19,63.48163604736328
2024-12-20,63.30952453613281
2024-12-23,63.57725524902344
2024-12-24,63.539005279541016
2024-12-26,64.27527618408203
2024-12-27,64.762939453125
2024-12-30,64.21791076660156
2024-12-31,64.16053771972656
2025-01-02,64.07447814941406
2025-01-03,64.33264923095703
2025-01-06,64.47608184814453
2025-01-07,64.32308197021484
2025-01-08,64.16053771972656
2025-01-10,62.382015228271484
2025-01-13,62.55413055419922
2025-01-14,62.42982482910156
2025-01-15,63.36689376831055
2025-01-16,62.965293884277344
2025-01-17,63.28084182739258
2025-01-21,64.38046264648438
2025-01-22,64.30397033691406
2025-01-23,64.84899139404297
2025-01-24,65.48008728027344
2025-01-27,64.77249908447266
2025-01-28,65.3175277709961
2025-01-29,65.1167221069336
2025-01-30,66.09204864501953
2025-01-31,65.3175277709961
2025-02-03,64.69600677490234
2025-02-04,65.27928161621094
2025-02-05,66.09204864501953
2025-02-06,66.35977935791016
2025-02-07,65.48008728027344
2025-02-10,65.7382583618164
2025-02-11,65.72869110107422
2025-02-12,65.04022979736328
2025-02-13,66.22592163085938
2025-02-14,66.33110046386719
2025-02-18,67.02911376953125
2025-02-19,66.57014465332031
2025-02-20,66.65619659423828
2025-02-21,66.0633544921875
2025-02-24,65.76693725585938
2025-02-25,66.42671203613281
2025-02-26,66.4649658203125
2025-02-27,65.97730255126953
2025-02-28,65.47052001953125
2025-03-03,66.1781005859375
2025-03-04,65.6330795288086
2025-03-05,67.0769271850586
2025-03-06,66.56057739257812
2025-03-07,67.0960464477539
2025-03-10,65.67131805419922
2025-03-11,65.26972198486328
2025-03-12,66.47451782226562
2025-03-13,66.22592163085938
2025-03-14,67.2681655883789
2025-03-17,67.97573852539062
2025-03-18,67.78450775146484
2025-03-19,68.55902099609375
2025-03-20,68.19567108154297
2025-03-21,68.20523071289062
2025-03-24,68.05223846435547
2025-03-25,68.5398941040039
2025-03-26,67.65064239501953
2025-03-27,67.55502319335938
2025-03-28,66.18766784667969
2025-03-31,65.55657958984375
2025-04-01,65.21234893798828
2025-04-02,65.23147583007812
2025-04-03,62.54457473754883
2025-04-04,58.81541442871094
2025-04-07,58.63374328613281
2025-04-08,58.94928741455078
2025-04-09,63.4338264465332
2025-04-10,61.40670394897461
2025-04-11,62.936607360839844
2025-04-14,63.96929931640625
2025-04-15,64.48564147949219
2025-04-16,63.854549407958984
2025-04-17,65.08804321289062
2025-04-21,64.94461059570312
2025-04-22,66.23546600341797
2025-04-23,66.436279296875
2025-04-24,67.20123291015625
2025-04-25,67.66976165771484
2025-04-28,68.5972671508789
2025-04-29,68.86499786376953
2025-04-30,68.30084991455078
2025-05-01,68.05223846435547
2025-05-02,68.7406997680664
2025-05-05,69.21879577636719
2025-05-06,69.25704193115234
2025-05-07,68.8267593383789
2025-05-08,68.6833267211914
2025-05-09,68.8554458618164
2025-05-12,69.61083984375
2025-05-13,69.08493041992188
2025-05-14,68.31997680664062
2025-05-15,69.13273620605469
2025-05-16,69.31441497802734
2025-05-19,69.39090728759766
2025-05-20,69.7925033569336
2025-05-21,69.14229583740234
2025-05-22,69.19966888427734
2025-05-23,69.83075714111328
2025-05-27,71.6666488647461
2025-05-28,70.38534545898438
2025-05-29,70.78694915771484
2025-05-30,70.87301635742188
2025-06-02,71.7527084350586
2025-06-03,70.882568359375
2025-06-04,70.83476257324219
2025-06-05,70.17498779296875
2025-06-06,70.58615112304688
2025-06-09,70.69133758544922
2025-06-10,70.64351654052734
2025-06-11,70.44271850585938
2025-06-12,70.95906829833984
2025-06-13,70.37578582763672
2025-06-16,70.51170349121094
2025-06-17,69.67308044433594
2025-06-18,70.41531372070312
2025-06-20,69.17183685302734
2025-06-23,69.42245483398438
2025-06-24,70.11648559570312
2025-06-25,69.82731628417969
2025-06-26,71.30213165283203
2025-06-27,72.56488037109375
2025-06-30,72.26605987548828
2025-07-01,71.73589324951172
2025-07-02,71.77445220947266
2025-07-03,71.9094009399414
2025-07-07,70.193603515625
2025-07-08,70.55026245117188
2025-07-09,70.65629577636719
2025-07-10,70.30928039550781
2025-07-11,69.75019836425781
2025-07-14,69.79839324951172
2025-07-15,69.10436248779297
2025-07-16,69.42245483398438
2025-07-17,69.77911376953125
2025-07-18,69.22003173828125
2025-07-21,69.99118041992188
2025-07-22,70.34783935546875
2025-07-23,73.73123931884766
2025-07-24,73.78907775878906
2025-07-25,72.95045471191406
2025-07-28,71.59130096435547
2025-07-29,71.21537017822266
2025-07-30,71.311767578125
2025-07-31,70.96475219726562
2025-08-01,71.39852142333984
2025-08-04,72.57452392578125
2025-08-05,72.32389831542969
2025-08-06,73.28782653808594
2025-08-07,73.85655212402344
2025-08-08,75.11930084228516
2025-08-11,74.9843521118164
2025-08-12,76.37242126464844
2025-08-13,76.41097259521484
2025-08-14,75.95792388916016
2025-08-15,77.25923919677734
2025-08-18,77.40382385253906
2025-08-19,77.13391876220703
2025-08-20,76.76762390136719
2025-08-21,75.86152648925781
2025-08-22,77.13391876220703
2025-08-25,76.19891357421875
2025-08-26,76.07359313964844
2025-08-27,75.79405212402344
2025-08-28,76.43025207519531
2025-08-29,75.45668029785156
2025-09-02,75.33136749267578
2025-09-03,75.11930084228516
2025-09-04,75.89044952392578
2025-09-05,76.32421875
2025-09-08,78.0400161743164
2025-09-09,77.17247772216797
2025-09-10,77.46166229248047
2025-09-11,78.38703918457031
2025-09-12,77.84723663330078
2025-09-15,78.41595458984375
2025-09-16,78.41595458984375
2025-09-17,78.24244689941406
2025-09-18,78.5509033203125
2025-09-19,77.87615203857422
2025-09-22,78.3195571899414
2025-09-23,78.16532897949219
2025-09-24,77.9339828491211
2025-09-25,77.55805206298828
2025-09-26,77.53878021240234
2025-09-29,77.60625457763672
2025-09-30,77.31707000732422
2025-10-01,77.31707000732422
2025-10-02,77.25923919677734
2025-10-03,78.8304443359375
2025-10-06,80.2667007446289
2025-10-07,79.00395202636719
2025-10-08,78.80152893066406
2025-10-09,78.6087417602539
2025-10-10,75.53379821777344
2025-10-13,76.43025207519531
2025-10-14,77.15320587158203
2025-10-15,78.35811614990234
2025-10-16,78.6087417602539
2025-10-17,79.04251098632812
2025-10-20,80.52696990966797
2025-10-21,79.59194946289062
2025-10-22,79.21601867675781
2025-10-23,79.25457763671875
2025-10-24,79.52447509765625
2025-10-27,80.51732635498047
2025-10-28,80.90290069580078
2025-10-29,80.2281494140625
2025-10-30,80.20886993408203
2025-10-31,80.4402084350586
2025-11-03,80.62335968017578
2025-11-04,79.84257507324219
2025-11-05,79.81365966796875
2025-11-06,79.96788787841797
2025-11-07,80.2859878540039
2025-11-10,80.66191864013672
2025-11-11,80.7293930053711
2025-11-12,81.29811096191406
2025-11-13,80.01608276367188
2025-11-14,80.95110321044922
2025-11-17,79.49555969238281
2025-11-18,77.86650848388672
2025-11-19,77.7701187133789
2025-11-20,76.62303924560547
2025-11-21,78.26172637939453
2025-11-24,78.79188537597656
2025-11-25,78.96539306640625
2025-11-26,80.25706481933594
2025-11-28,80.01608276367188
2025-12-01,79.55339050292969
2025-12-02,79.49555969238281
2025-12-03,79.63050842285156
2025-12-04,80.60408782958984
2025-12-05,80.68119049072266
2025-12-08,80.18959045410156
2025-12-09,80.30525970458984
2025-12-10,80.88362884521484
2025-12-11,81.18244171142578
2025-12-12,80.97037506103516
2025-12-15,81.80899810791016
2025-12-16,80.8499984741211
2025-12-17,79.73999786376953
2025-12-18,79.97000122070312
2025-12-19,80.58000183105469
2025-12-22,80.45999908447266
2025-12-23,81.13999938964844
2025-12-24,81.0
2025-12-26,80.97000122070312
2025-12-29,81.08999633789062
2025-12-30,80.9800033569336
2025-12-31,80.73999786376953
2026-01-02,81.33000183105469
2026-01-05,83.12999725341797
2026-01-06,83.06999969482422
2026-01-07,82.91999816894531
2026-01-08,82.86000061035156
2026-01-09,84.61000061035156
2026-01-12,85.29000091552734
2026-01-13,84.44999694824219
2026-01-14,85.04000091552734
2026-01-15,85.41999816894531
2026-01-16,85.4800033569336
2026-01-20,83.72000122070312
2026-01-21,84.77999877929688
2026-01-22,84.86000061035156
2026-01-23,84.55999755859375
2026-01-26,84.62999725341797
2026-01-27,85.83999633789062
2026-01-28,85.20999908447266
2026-01-29,86.08999633789062
2026-01-30,85.72000122070312
2026-02-02,85.88999938964844
2026-02-03,86.68000030517578
2026-02-04,87.48999786376953
2026-02-05,86.0999984741211
2026-02-06,89.4000015258789
2026-02-09,91.29000091552734
2026-02-10,93.0999984741211
2026-02-11,93.97000122070312
2026-02-12,93.37000274658203
2026-02-13,93.8499984741211
2026-02-17,91.87000274658203
2026-02-18,91.37999725341797
2026-02-19,91.19999694824219
2026-02-20,91.47000122070312
2026-02-23,91.38999938964844
2026-02-24,91.2300033569336
2026-02-25,92.44000244140625
2026-02-26,92.4800033569336
2026-02-27,92.37000274658203
2026-03-02,90.19999694824219
2026-03-03,86.83000183105469
2026-03-04,88.58999633789062
2026-03-05,85.88999938964844
2026-03-06,84.7699966430664
2026-03-09,85.63999938964844
2026-03-10,86.45999908447266
2026-03-11,85.7300033569336
2026-03-12,84.19000244140625
2026-03-13,83.36000061035156
2026-03-16,85.06999969482422
2026-03-17,85.08000183105469
2026-03-18,84.1500015258789
2026-03-19,84.08000183105469
2026-03-20,81.19999694824219
2026-03-23,83.55000305175781
2026-03-24,83.27999877929688
2026-03-25,84.75
2026-03-26,82.70999908447266
2026-03-27,81.43000030517578
2026-03-30,81.5199966430664
2026-03-31,84.44000244140625
2026-04-01,86.4800033569336
2026-04-02,85.29000091552734
2026-04-06,85.56999969482422
2026-04-07,85.51000213623047
2026-04-08,89.41000366210938
2026-04-09,88.22000122070312
2026-04-10,88.12999725341797
2026-04-13,88.3499984741211
2026-04-14,89.41000366210938
2026-04-15,89.06999969482422
2026-04-16,89.41000366210938
2026-04-17,90.19000244140625
2026-04-20,89.33000183105469
2026-04-21,87.13999938964844
2026-04-22,87.76000213623047
2026-04-23,87.06999969482422
2026-04-24,87.31999969482422
2026-04-27,87.68000030517578
2026-04-28,87.55999755859375
2026-04-29,86.80999755859375
2026-04-30,89.0999984741211
2026-05-01,88.30000305175781
2026-05-04,88.12000274658203
2026-05-05,89.26000213623047
2026-05-06,91.68000030517578
2026-05-07,90.98999786376953
2026-05-08,92.22000122070312
2026-05-11,92.26000213623047
2026-05-12,92.05999755859375
2026-05-13,93.08999633789062
2026-05-14,92.05999755859375
2026-05-15,91.06999969482422
2026-05-18,90.91999816894531
2026-05-19,90.29000091552734
2026-05-20,91.20999908447266
2026-05-21,91.37000274658203
2026-05-22,91.61000061035156
