Date,Close
2000-06-19,12.820971488952637
2000-06-20,12.8753023147583
2000-06-21,12.938207626342773
2000-06-22,12.94392204284668
2000-06-23,12.94392204284668
2000-06-26,12.763795852661133
2000-06-27,12.94678020477295
2000-06-28,12.94678020477295
2000-06-29,12.94678020477295
2000-06-30,12.94678020477295
2000-07-03,13.021124839782715
2000-07-05,13.141217231750488
2000-07-06,13.181242942810059
2000-07-07,13.278465270996094
2000-07-10,13.2670259475708
2000-07-11,13.26130485534668
2000-07-12,13.198404312133789
2000-07-13,13.186956405639648
2000-07-14,13.158370018005371
2000-07-17,13.215559959411621
2000-07-18,13.255587577819824
2000-07-19,13.209441184997559
2000-07-20,13.226743698120117
2000-07-21,13.417095184326172
2000-07-24,13.526700019836426
2000-07-25,13.520930290222168
2000-07-26,13.714166641235352
2000-07-27,13.867025375366211
2000-07-28,13.864143371582031
2000-07-31,13.768964767456055
2000-08-01,14.060261726379395
2000-08-02,14.086226463317871
2000-08-03,13.98238754272461
2000-08-04,13.76319694519043
2000-08-07,13.76319694519043
2000-08-08,13.786266326904297
2000-08-09,13.79780387878418
2000-08-10,13.867025375366211
2000-08-11,13.89010238647461
2000-08-14,13.924715042114258
2000-08-15,13.843955039978027
2000-08-16,13.89010238647461
2000-08-17,13.910282135009766
2000-08-18,13.786266326904297
2000-08-21,13.734358787536621
2000-08-22,13.774739265441895
2000-08-23,13.624762535095215
2000-08-24,13.529581069946289
2000-08-25,13.509387016296387
2000-08-28,13.529581069946289
2000-08-29,13.405567169189453
2000-08-30,13.474783897399902
2000-08-31,13.561305046081543
2000-09-01,13.480546951293945
2000-09-05,13.567073822021484
2000-09-06,13.673791885375977
2000-09-07,13.659370422363281
2000-09-08,13.918941497802734
2000-09-11,13.999692916870117
2000-09-12,14.063148498535156
2000-09-13,14.028541564941406
2000-09-14,14.005468368530273
2000-09-15,14.017007827758789
2000-09-18,13.826651573181152
2000-09-19,13.869902610778809
2000-09-20,13.843955039978027
2000-09-21,13.832418441772461
2000-09-22,13.832418441772461
2000-09-25,13.816264152526855
2000-09-26,13.871638298034668
2000-09-27,13.954702377319336
2000-09-28,14.010079383850098
2000-09-29,13.98238754272461
2000-10-02,13.85318660736084
2000-10-03,13.677827835083008
2000-10-04,13.484009742736816
2000-10-05,13.548616409301758
2000-10-06,13.520930290222168
2000-10-09,13.511702537536621
2000-10-10,13.520930290222168
2000-10-11,13.419402122497559
2000-10-12,13.207130432128906
2000-10-13,13.234818458557129
2000-10-16,13.400951385498047
2000-10-17,13.216358184814453
2000-10-18,13.154834747314453
2000-10-19,13.257683753967285
2000-10-20,13.21094036102295
2000-10-23,13.10809326171875
2000-10-24,12.995894432067871
2000-10-25,12.949152946472168
2000-10-26,12.986547470092773
2000-10-27,13.145495414733887
2000-10-30,13.21094036102295
2000-10-31,13.192239761352539
2000-11-01,13.248334884643555
2000-11-02,13.295083045959473
2000-11-03,13.257683753967285
2000-11-06,13.295083045959473
2000-11-07,13.313783645629883
2000-11-08,13.369879722595215
2000-11-09,13.267030715942383
2000-11-10,13.164192199707031
2000-11-13,13.173542976379395
2000-11-14,13.304434776306152
2000-11-15,13.332478523254395
2000-11-16,13.369879722595215
2000-11-17,13.310041427612305
2000-11-20,13.295083045959473
2000-11-21,13.313783645629883
2000-11-22,13.257683753967285
2000-11-24,13.257683753967285
2000-11-27,13.27638053894043
2000-11-28,13.323126792907715
2000-11-29,13.341835975646973
2000-11-30,13.463374137878418
2000-12-01,13.472731590270996
2000-12-04,13.519474983215332
2000-12-05,13.519474983215332
2000-12-06,13.799958229064941
2000-12-07,13.743863105773926
2000-12-08,13.874753952026367
2000-12-11,13.977598190307617
2000-12-12,14.043050765991211
2000-12-13,14.024348258972168
2000-12-14,13.949553489685059
2000-12-15,14.015003204345703
2000-12-18,14.258090019226074
2000-12-19,14.267440795898438
2000-12-20,14.166234970092773
2000-12-21,14.204137802124023
2000-12-22,14.14728832244873
2000-12-26,14.137810707092285
2000-12-27,14.308375358581543
2000-12-28,14.516846656799316
2000-12-29,14.393654823303223
2001-01-02,14.270476341247559
2001-01-03,14.441039085388184
2001-01-04,14.34627914428711
2001-01-05,14.185185432434082
2001-01-08,14.166234970092773
2001-01-09,14.23257064819336
2001-01-10,14.166234970092773
2001-01-11,14.185185432434082
2001-01-12,14.204137802124023
2001-01-16,14.213617324829102
2001-01-17,14.274260520935059
2001-01-18,14.23257064819336
2001-01-19,14.289424896240234
2001-01-22,14.270476341247559
2001-01-23,14.403132438659668
2001-01-24,14.450508117675781
2001-01-25,14.469463348388672
2001-01-26,14.45998764038086
2001-01-29,14.469463348388672
2001-01-30,14.52631664276123
2001-01-31,14.45998764038086
2001-02-01,14.469463348388672
2001-02-02,14.412610054016113
2001-02-05,14.42208480834961
2001-02-06,14.384177207946777
2001-02-07,14.298895835876465
2001-02-08,14.289424896240234
2001-02-09,14.152974128723145
2001-02-12,14.145391464233398
2001-02-13,14.160553932189941
2001-02-14,14.202245712280273
2001-02-15,14.253413200378418
2001-02-16,14.22309398651123
2001-02-20,14.207932472229004
2001-02-21,14.098011016845703
2001-02-22,13.92934513092041
2001-02-23,13.988089561462402
2001-02-26,14.05252742767334
2001-02-27,14.202245712280273
2001-02-28,14.260995864868164
2001-03-01,14.281848907470703
2001-03-02,14.442924499511719
2001-03-05,14.42208480834961
2001-03-06,14.372806549072266
2001-03-07,14.478940963745117
2001-03-08,14.507366180419922
2001-03-09,14.478853225708008
2001-03-12,14.28879451751709
2001-03-13,14.305896759033203
2001-03-14,14.170950889587402
2001-03-15,14.140544891357422
2001-03-16,14.045515060424805
2001-03-19,14.169058799743652
2001-03-20,14.302099227905273
2001-03-21,14.043623924255371
2001-03-22,13.914374351501465
2001-03-23,13.958089828491211
2001-03-26,14.201369285583496
2001-03-27,14.197566986083984
2001-03-28,14.15005111694336
2001-03-29,14.197566986083984
2001-03-30,14.243182182312012
2001-04-02,14.311601638793945
2001-04-03,14.159557342529297
2001-04-04,14.146251678466797
2001-04-05,14.368621826171875
2001-04-06,14.226079940795898
2001-04-09,14.256484985351562
2001-04-10,14.311601638793945
2001-04-11,14.028412818908691
2001-04-12,14.005608558654785
2001-04-16,14.138644218444824
2001-04-17,14.18996524810791
2001-04-18,14.368621826171875
2001-04-19,14.429441452026367
2001-04-20,14.372424125671387
2001-04-23,14.254587173461914
2001-04-24,14.32680892944336
2001-04-25,14.338212013244629
2001-04-26,14.543477058410645
2001-04-27,14.743040084838867
2001-04-30,14.703120231628418
2001-05-01,14.722134590148926
2001-05-02,14.691725730895996
2001-05-03,14.701220512390137
2001-05-04,14.632804870605469
2001-05-07,14.606207847595215
2001-05-08,14.501664161682129
2001-05-09,14.560582160949707
2001-05-10,14.585286140441895
2001-05-11,14.573891639709473
2001-05-14,14.568184852600098
2001-05-15,14.686025619506836
2001-05-16,14.720236778259277
2001-05-17,14.8247652053833
2001-05-18,14.919795036315918
2001-05-21,14.963512420654297
2001-05-22,15.033830642700195
2001-05-23,15.11935806274414
2001-05-24,15.170683860778809
2001-05-25,15.128866195678711
2001-05-29,15.081350326538086
2001-05-30,14.976815223693848
2001-05-31,15.039536476135254
2001-06-01,15.052839279174805
2001-06-04,15.096556663513184
2001-06-05,15.18588638305664
2001-06-06,15.242904663085938
2001-06-07,15.263803482055664
2001-06-08,15.237706184387207
2001-06-11,15.368219375610352
2001-06-12,15.498741149902344
2001-06-13,15.537126541137695
2001-06-14,15.491058349609375
2001-06-15,15.43923568725586
2001-06-18,15.523682594299316
2001-06-19,15.508339881896973
2001-06-20,15.654205322265625
2001-06-21,15.713699340820312
2001-06-22,15.64268684387207
2001-06-25,15.550559043884277
2001-06-26,15.729063034057617
2001-06-27,15.652290344238281
2001-06-28,15.786640167236328
2001-06-29,15.801993370056152
2001-07-02,15.920991897583008
2001-07-03,15.940191268920898
2001-07-05,15.882606506347656
2001-07-06,15.85957145690918
2001-07-09,15.575512886047363
2001-07-10,15.596636772155762
2001-07-11,15.46994686126709
2001-07-12,15.621575355529785
2001-07-13,15.684913635253906
2001-07-16,15.667641639709473
2001-07-17,15.675315856933594
2001-07-18,15.775118827819824
2001-07-19,15.702183723449707
2001-07-20,15.661880493164062
2001-07-23,15.64268684387207
2001-07-24,15.517930030822754
2001-07-25,15.498741149902344
2001-07-26,15.602381706237793
2001-07-27,15.621575355529785
2001-07-30,15.489137649536133
2001-07-31,15.529441833496094
2001-08-01,15.594701766967773
2001-08-02,15.688746452331543
2001-08-03,15.767450332641602
2001-08-06,15.80583381652832
2001-08-07,15.81735897064209
2001-08-08,15.85957145690918
2001-08-09,15.930591583251953
2001-08-10,16.026554107666016
2001-08-13,16.032316207885742
2001-08-14,16.109088897705078
2001-08-15,16.185861587524414
2001-08-16,16.279918670654297
2001-08-17,16.30486297607422
2001-08-20,16.35284423828125
2001-08-21,16.512165069580078
2001-08-22,16.487197875976562
2001-08-23,16.439218521118164
2001-08-24,16.28566551208496
2001-08-27,16.373952865600586
2001-08-28,16.295263290405273
2001-08-29,16.099491119384766
2001-08-30,15.990092277526855
2001-08-31,15.949784278869629
2001-09-04,15.959378242492676
2001-09-05,15.828866958618164
2001-09-06,15.686833381652832
2001-09-07,15.585105895996094
2001-09-10,15.514093399047852
2001-09-17,14.913336753845215
2001-09-18,15.128304481506348
2001-09-19,14.951719284057617
2001-09-20,14.610078811645508
2001-09-21,14.212772369384766
2001-09-24,14.452692985534668
2001-09-25,14.61966609954834
2001-09-26,14.932525634765625
2001-09-27,14.970917701721191
2001-09-28,15.212753295898438
2001-10-01,14.881712913513184
2001-10-02,14.781621932983398
2001-10-03,14.49869441986084
2001-10-04,14.687302589416504
2001-10-05,14.589154243469238
2001-10-08,14.589154243469238
2001-10-09,14.623796463012695
2001-10-10,14.822036743164062
2001-10-11,14.935600280761719
2001-10-12,14.954840660095215
2001-10-15,14.974088668823242
2001-10-16,14.839366912841797
2001-10-17,14.745052337646484
2001-10-18,14.627649307250977
2001-10-19,14.500629425048828
2001-10-22,14.375513076782227
2001-10-23,14.383212089538574
2001-10-24,14.175342559814453
2001-10-25,14.28120231628418
2001-10-26,14.233085632324219
2001-10-29,14.31007194519043
2001-10-30,14.246560096740723
2001-10-31,14.32354736328125
2001-11-01,14.602638244628906
2001-11-02,14.473673820495605
2001-11-05,14.483294486999512
2001-11-06,14.712334632873535
2001-11-07,14.70848560333252
2001-11-08,14.706565856933594
2001-11-09,14.654589653015137
2001-11-12,14.723883628845215
2001-11-13,14.812419891357422
2001-11-14,14.981789588928223
2001-11-15,15.02221393585205
2001-11-16,15.128064155578613
2001-11-19,15.091504096984863
2001-11-20,15.079943656921387
2001-11-21,15.079943656921387
2001-11-23,15.166560173034668
2001-11-26,15.174257278442383
2001-11-27,15.11844253540039
2001-11-28,15.176183700561523
2001-11-29,15.195430755615234
2001-11-30,15.262799263000488
2001-12-03,15.237772941589355
2001-12-04,15.378276824951172
2001-12-05,15.44755744934082
2001-12-06,15.480290412902832
2001-12-07,15.55920124053955
2001-12-10,15.414847373962402
2001-12-11,15.484131813049316
2001-12-12,15.368656158447266
2001-12-13,15.226223945617676
2001-12-14,15.299307823181152
2001-12-17,15.512287139892578
2001-12-18,15.484925270080566
2001-12-19,15.479061126708984
2001-12-20,15.352056503295898
2001-12-21,15.426309585571289
2001-12-24,15.533772468566895
2001-12-26,15.553317070007324
2001-12-27,15.59239673614502
2001-12-28,15.680317878723145
2001-12-31,15.59239673614502
2002-01-02,15.680317878723145
2002-01-03,15.729164123535156
2002-01-04,15.727219581604004
2002-01-07,15.686182022094727
2002-01-08,15.66077995300293
2002-01-09,15.649060249328613
2002-01-10,15.609984397888184
2002-01-11,15.609984397888184
2002-01-14,15.662744522094727
2002-01-15,15.66077995300293
2002-01-16,15.631468772888184
2002-01-17,15.670549392700195
2002-01-18,15.611929893493652
2002-01-22,15.639289855957031
2002-01-23,15.611929893493652
2002-01-24,15.543534278869629
2002-01-25,15.566997528076172
2002-01-28,15.572853088378906
2002-01-29,15.467344284057617
2002-01-30,15.6197509765625
2002-01-31,15.609984397888184
2002-02-01,15.670549392700195
2002-02-04,15.668601036071777
2002-02-05,15.631468772888184
2002-02-06,15.533772468566895
2002-02-07,15.543534278869629
2002-02-08,15.533772468566895
2002-02-11,15.680317878723145
2002-02-12,15.631468772888184
2002-02-13,15.678367614746094
2002-02-14,15.748705863952637
2002-02-15,15.836631774902344
2002-02-19,15.774106979370117
2002-02-20,15.836631774902344
2002-02-21,15.729164123535156
2002-02-22,15.914793014526367
2002-02-25,15.942152976989746
2002-02-26,15.957775115966797
2002-02-27,15.924559593200684
2002-02-28,15.918696403503418
2002-03-01,16.080881118774414
2002-03-04,16.254783630371094
2002-03-05,16.465797424316406
2002-03-06,16.581085205078125
2002-03-07,16.588899612426758
2002-03-08,16.59544563293457
2002-03-11,16.464656829833984
2002-03-12,16.403223037719727
2002-03-13,16.482492446899414
2002-03-14,16.575626373291016
2002-03-15,16.664793014526367
2002-03-18,16.654888153076172
2002-03-19,16.734146118164062
2002-03-20,16.70442771911621
2002-03-21,16.763866424560547
2002-03-22,16.84115219116211
2002-03-25,16.664793014526367
2002-03-26,16.80548858642578
2002-03-27,16.930313110351562
2002-03-28,16.882753372192383
2002-04-01,16.902578353881836
2002-04-02,16.932292938232422
2002-04-03,16.926355361938477
2002-04-04,16.962026596069336
2002-04-05,17.118566513061523
2002-04-08,17.273130416870117
2002-04-09,17.407873153686523
2002-04-10,17.606029510498047
2002-04-11,17.5247859954834
2002-04-12,17.71302032470703
2002-04-15,17.623855590820312
2002-04-16,17.338518142700195
2002-04-17,17.11459732055664
2002-04-18,17.189897537231445
2002-04-19,17.0987491607666
2002-04-22,16.89861297607422
2002-04-23,16.644969940185547
2002-04-24,16.751983642578125
2002-04-25,16.829259872436523
2002-04-26,16.77180290222168
2002-04-29,16.674697875976562
2002-04-30,16.932292938232422
2002-05-01,17.074970245361328
2002-05-02,17.286996841430664
2002-05-03,17.286996841430664
2002-05-06,17.14432716369629
2002-05-07,17.051198959350586
2002-05-08,16.99175453186035
2002-05-09,16.79360008239746
2002-05-10,16.644969940185547
2002-05-13,16.748014450073242
2002-05-14,16.833215713500977
2002-05-15,16.930313110351562
2002-05-16,16.85898208618164
2002-05-17,16.9461727142334
2002-05-20,16.82331657409668
2002-05-21,16.763866424560547
2002-05-22,16.684606552124023
2002-05-23,17.059120178222656
2002-05-24,17.071014404296875
2002-05-28,17.14037322998047
2002-05-29,17.288978576660156
2002-05-30,17.199810028076172
2002-05-31,17.259254455566406
2002-06-03,17.239439010620117
2002-06-04,17.259254455566406
2002-06-05,17.2691650390625
2002-06-06,17.199810028076172
2002-06-07,17.150266647338867
2002-06-10,17.239439010620117
2002-06-11,17.279075622558594
2002-06-12,17.24142837524414
2002-06-13,17.24934959411621
2002-06-14,17.178369522094727
2002-06-17,17.262826919555664
2002-06-18,17.216571807861328
2002-06-19,17.24271583557129
2002-06-20,17.307065963745117
2002-06-21,17.46188735961914
2002-06-24,17.39754867553711
2002-06-25,17.494060516357422
2002-06-26,17.43374252319336
2002-06-27,17.502107620239258
2002-06-28,17.53428077697754
2002-07-01,17.421669006347656
2002-07-02,17.24271583557129
2002-07-03,17.011465072631836
2002-07-05,17.081836700439453
2002-07-08,16.981307983398438
2002-07-09,16.81240463256836
2002-07-10,16.599252700805664
2002-07-11,16.29763412475586
2002-07-12,16.2372989654541
2002-07-15,16.114648818969727
2002-07-16,16.126710891723633
2002-07-17,16.14682388305664
2002-07-18,15.726551055908203
2002-07-19,15.441027641296387
2002-07-22,15.201740264892578
2002-07-23,14.668871879577637
2002-07-24,14.759361267089844
2002-07-25,15.151463508605957
2002-07-26,15.68432903289795
2002-07-29,16.378063201904297
2002-07-30,16.62941551208496
2002-07-31,16.70783805847168
2002-08-01,16.47658920288086
2002-08-02,16.114648818969727
2002-08-05,15.83715534210205
2002-08-06,15.877372741699219
2002-08-07,16.2071475982666
2002-08-08,16.211164474487305
2002-08-09,16.008075714111328
2002-08-12,16.195079803466797
2002-08-13,16.014116287231445
2002-08-14,16.13072967529297
2002-08-15,16.227251052856445
2002-08-16,16.408222198486328
2002-08-19,16.384096145629883
2002-08-20,16.3177433013916
2002-08-21,16.398168563842773
2002-08-22,16.44643211364746
2002-08-23,16.438390731811523
2002-08-26,16.55300521850586
2002-08-27,16.62941551208496
2002-08-28,16.768156051635742
2002-08-29,16.68974494934082
2002-08-30,16.768156051635742
2002-09-03,16.593217849731445
2002-09-04,16.635440826416016
2002-09-05,16.579143524169922
2002-09-06,16.583168029785156
2002-09-09,16.6113224029541
2002-09-10,16.583168029785156
2002-09-11,16.60930824279785
2002-09-12,16.488656997680664
2002-09-13,16.552709579467773
2002-09-16,16.532304763793945
2002-09-17,16.37116813659668
2002-09-18,16.369131088256836
2002-09-19,16.246736526489258
2002-09-20,16.31812858581543
2002-09-23,16.271221160888672
2002-09-24,16.09172248840332
2002-09-25,16.05092430114746
2002-09-26,16.238588333129883
2002-09-27,16.124361038208008
2002-09-30,15.940779685974121
2002-10-01,15.89589786529541
2002-10-02,15.716399192810059
2002-10-03,15.787796020507812
2002-10-04,15.449198722839355
2002-10-07,14.992286682128906
2002-10-08,14.808703422546387
2002-10-09,14.457866668701172
2002-10-10,14.808703422546387
2002-10-11,15.135065078735352
2002-10-14,14.945375442504883
2002-10-15,15.23705768585205
2002-10-16,15.155463218688965
2002-10-17,15.298250198364258
2002-10-18,15.3492431640625
2002-10-21,15.277848243713379
2002-10-22,14.975969314575195
2002-10-23,14.98208999633789
2002-10-24,15.165666580200195
2002-10-25,15.394120216369629
2002-10-28,15.288049697875977
2002-10-29,15.196259498596191
2002-10-30,15.190145492553711
2002-10-31,15.296217918395996
2002-11-01,15.385954856872559
2002-11-04,15.624616622924805
2002-11-05,15.63277530670166
2002-11-06,15.797987937927246
2002-11-07,15.724565505981445
2002-11-08,15.591974258422852
2002-11-11,15.49202823638916
2002-11-12,15.594013214111328
2002-11-13,15.44715404510498
2002-11-14,15.763317108154297
2002-11-15,15.775555610656738
2002-11-18,15.647058486938477
2002-11-19,15.706205368041992
2002-11-20,15.755158424377441
2002-11-21,15.818390846252441
2002-11-22,15.8938570022583
2002-11-25,15.912220001220703
2002-11-26,15.887743949890137
2002-11-27,16.01217269897461
2002-11-29,16.03664779663086
2002-12-02,16.073368072509766
2002-12-03,16.114158630371094
2002-12-04,15.97137451171875
2002-12-05,15.981581687927246
2002-12-06,15.999932289123535
2002-12-09,16.04072380065918
2002-12-10,15.981581687927246
2002-12-11,15.969328880310059
2002-12-12,15.989736557006836
2002-12-13,15.948416709899902
2002-12-16,15.998497009277344
2002-12-17,15.942159652709961
2002-12-18,15.877472877502441
2002-12-19,15.79399585723877
2002-12-20,15.900416374206543
2002-12-23,15.889989852905273
2002-12-24,16.025623321533203
2002-12-26,15.98388671875
2002-12-27,15.97346019744873
2002-12-30,16.01309585571289
2002-12-31,16.12995719909668
2003-01-02,16.12995719909668
2003-01-03,16.33444595336914
2003-01-06,16.463823318481445
2003-01-07,16.276020050048828
2003-01-08,16.02979278564453
2003-01-09,16.09657096862793
2003-01-10,16.004751205444336
2003-01-13,15.902509689331055
2003-01-14,15.86077880859375
2003-01-15,15.858688354492188
2003-01-16,15.718886375427246
2003-01-17,15.510212898254395
2003-01-21,15.476827621459961
2003-01-22,15.493522644042969
2003-01-23,15.533173561096191
2003-01-24,15.391271591186523
2003-01-27,15.25355339050293
2003-01-28,15.309887886047363
2003-01-29,15.405888557434082
2003-01-30,15.368326187133789
2003-01-31,15.53525447845459
2003-02-03,15.545690536499023
2003-02-04,15.5060396194458
2003-02-05,15.581160545349121
2003-02-06,15.581160545349121
2003-02-07,15.462220191955566
2003-02-10,15.566553115844727
2003-02-11,15.439268112182617
2003-02-12,15.318244934082031
2003-02-13,15.311986923217773
2003-02-14,15.278593063354492
2003-02-18,15.460135459899902
2003-02-19,15.566553115844727
2003-02-20,15.57698917388916
2003-02-21,15.77104663848877
2003-02-24,15.616634368896484
2003-02-25,15.75435733795166
2003-02-26,15.681318283081055
2003-02-27,15.806517601013184
2003-02-28,15.835736274719238
2003-03-03,15.819040298461914
2003-03-04,15.723053932189941
2003-03-05,15.733487129211426
2003-03-06,15.641678810119629
2003-03-07,15.690326690673828
2003-03-10,15.460765838623047
2003-03-11,15.441808700561523
2003-03-12,15.374409675598145
2003-03-13,15.612401962280273
2003-03-14,15.538681983947754
2003-03-17,15.848281860351562
2003-03-18,15.903042793273926
2003-03-19,16.10943603515625
2003-03-20,16.244224548339844
2003-03-21,16.511701583862305
2003-03-24,16.10943603515625
2003-03-25,16.284242630004883
2003-03-26,16.381128311157227
2003-03-27,16.288455963134766
2003-03-28,16.22948455810547
2003-03-31,16.143129348754883
2003-04-01,16.416919708251953
2003-04-02,16.591724395751953
2003-04-03,16.469581604003906
2003-04-04,16.43798828125
2003-04-07,16.574878692626953
2003-04-08,16.532758712768555
2003-04-09,16.450618743896484
2003-04-10,16.501171112060547
2003-04-11,16.410600662231445
2003-04-14,16.62752914428711
2003-04-15,16.699134826660156
2003-04-16,16.74336051940918
2003-04-17,16.899211883544922
2003-04-21,16.951866149902344
2003-04-22,17.183544158935547
2003-04-23,17.189855575561523
2003-04-24,17.048751831054688
2003-04-25,16.909748077392578
2003-04-28,16.85077476501465
2003-04-29,16.890790939331055
2003-04-30,16.724416732788086
2003-05-01,16.869728088378906
2003-05-02,17.01926612854004
2003-05-05,17.217233657836914
2003-05-06,17.31412124633789
2003-05-07,17.265670776367188
2003-05-08,17.330963134765625
2003-05-09,17.45943832397461
2003-05-12,17.596330642700195
2003-05-13,17.62582015991211
2003-05-14,17.549999237060547
2003-05-15,17.54789161682129
2003-05-16,17.663724899291992
2003-05-19,17.577373504638672
2003-05-20,17.74165916442871
2003-05-21,17.785879135131836
2003-05-22,17.964893341064453
2003-05-23,18.04703712463379
2003-05-27,18.023874282836914
2003-05-28,17.743755340576172
2003-05-29,17.40468406677246
2003-05-30,17.764829635620117
2003-06-02,17.855377197265625
2003-06-03,17.846956253051758
2003-06-04,18.146024703979492
2003-06-05,18.1439151763916
2003-06-06,18.322927474975586
2003-06-09,18.202884674072266
2003-06-10,18.375579833984375
2003-06-11,18.552490234375
2003-06-12,18.375579833984375
2003-06-13,18.092283248901367
2003-06-16,18.282426834106445
2003-06-17,18.154239654541016
2003-06-18,17.925628662109375
2003-06-19,17.95126724243164
2003-06-20,17.946992874145508
2003-06-23,17.70556640625
2003-06-24,17.835893630981445
2003-06-25,17.93417739868164
2003-06-26,18.152103424072266
2003-06-27,18.143556594848633
2003-06-30,18.075183868408203
2003-07-01,18.28883934020996
2003-07-02,18.53453826904297
2003-07-03,18.630691528320312
2003-07-07,18.78023910522461
2003-07-08,18.852886199951172
2003-07-09,18.73750877380371
2003-07-10,18.485401153564453
2003-07-11,18.645647048950195
2003-07-14,18.820837020874023
2003-07-15,18.784517288208008
2003-07-16,18.79947853088379
2003-07-17,18.564453125
2003-07-18,18.61785888671875
2003-07-21,18.609317779541016
2003-07-22,18.679828643798828
2003-07-23,18.649919509887695
2003-07-24,18.699060440063477
2003-07-25,18.844343185424805
2003-07-28,18.758886337280273
2003-07-29,18.882797241210938
2003-07-30,19.119956970214844
2003-07-31,19.068679809570312
2003-08-01,18.99388885498047
2003-08-04,18.857166290283203
2003-08-05,18.79947853088379
2003-08-06,18.844343185424805
2003-08-07,18.89989471435547
2003-08-08,18.959712982177734
2003-08-11,18.931936264038086
2003-08-12,18.92552947998047
2003-08-13,18.812288284301758
2003-08-14,18.92552947998047
2003-08-15,18.857166290283203
2003-08-18,18.961854934692383
2003-08-19,19.025949478149414
2003-08-20,19.079357147216797
2003-08-21,19.113554000854492
2003-08-22,18.970399856567383
2003-08-25,18.767427444458008
2003-08-26,18.961854934692383
2003-08-27,19.128498077392578
2003-08-28,19.119956970214844
2003-08-29,19.22892189025879
2003-09-02,19.45966339111328
2003-09-03,19.604963302612305
2003-09-04,19.694686889648438
2003-09-05,19.60922622680664
2003-09-08,19.66263771057129
2003-09-09,19.592130661010742
2003-09-10,19.250272750854492
2003-09-11,19.419076919555664
2003-09-12,19.4862117767334
2003-09-15,19.445068359375
2003-09-16,19.438554763793945
2003-09-17,19.367103576660156
2003-09-18,19.475379943847656
2003-09-19,19.62481117248535
2003-09-22,19.555505752563477
2003-09-23,19.687606811523438
2003-09-24,19.579320907592773
2003-09-25,19.559843063354492
2003-09-26,19.579320907592773
2003-09-29,19.674612045288086
2003-09-30,19.795881271362305
2003-10-01,19.934499740600586
2003-10-02,20.08608055114746
2003-10-03,20.30048370361328
2003-10-06,20.540863037109375
2003-10-07,20.44341278076172
2003-10-08,20.456396102905273
2003-10-09,20.484556198120117
2003-10-10,20.51920509338379
2003-10-13,20.595006942749023
2003-10-14,20.610166549682617
2003-10-15,20.562522888183594
2003-10-16,20.5885066986084
2003-10-17,20.404422760009766
2003-10-20,20.35895347595215
2003-10-21,20.378435134887695
2003-10-22,20.235506057739258
2003-10-23,20.031940460205078
2003-10-24,19.86952018737793
2003-10-27,20.103408813476562
2003-10-28,19.966968536376953
2003-10-29,20.166202545166016
2003-10-30,20.216018676757812
2003-10-31,20.140220642089844
2003-11-03,20.41741943359375
2003-11-04,20.475900650024414
2003-11-05,20.44341278076172
2003-11-06,20.595006942749023
2003-11-07,20.68813133239746
2003-11-10,20.644819259643555
2003-11-11,20.51920509338379
2003-11-12,20.828889846801758
2003-11-13,20.874370574951172
2003-11-14,20.984813690185547
2003-11-17,20.833213806152344
2003-11-18,20.863542556762695
2003-11-19,20.822391510009766
2003-11-20,20.556018829345703
2003-11-21,20.40009117126465
2003-11-24,20.642648696899414
2003-11-25,20.876537322998047
2003-11-26,20.95449447631836
2003-11-28,21.01513671875
2003-12-01,21.287996292114258
2003-12-02,21.277175903320312
2003-12-03,21.225202560424805
2003-12-04,21.136404037475586
2003-12-05,21.138574600219727
2003-12-08,21.303157806396484
2003-12-09,21.287996292114258
2003-12-10,21.20353889465332
2003-12-11,21.404949188232422
2003-12-12,21.43155288696289
2003-12-15,21.33259391784668
2003-12-16,21.475542068481445
2003-12-17,21.488737106323242
2003-12-18,21.54591941833496
2003-12-19,21.611892700195312
2003-12-22,21.704256057739258
2003-12-23,21.647085189819336
2003-12-24,21.754838943481445
2003-12-26,21.78782081604004
2003-12-29,21.895587921142578
2003-12-30,21.98356056213379
2003-12-31,21.831815719604492
2004-01-02,21.768037796020508
2004-01-05,21.776830673217773
2004-01-06,21.81641387939453
2004-01-07,21.71965789794922
2004-01-08,21.76363754272461
2004-01-09,21.783428192138672
2004-01-12,21.8054256439209
2004-01-13,21.82742691040039
2004-01-14,21.99234962463379
2004-01-15,21.965961456298828
2004-01-16,21.8054256439209
2004-01-20,21.81641387939453
2004-01-21,21.856006622314453
2004-01-22,21.957176208496094
2004-01-23,22.102317810058594
2004-01-26,22.392616271972656
2004-01-27,22.610349655151367
2004-01-28,22.52677345275879
2004-01-29,22.57516098022461
2004-01-30,22.720304489135742
2004-02-02,23.00400733947754
2004-02-03,22.96661949157715
2004-02-04,22.581764221191406
2004-02-05,22.610349655151367
2004-02-06,23.113969802856445
2004-02-09,23.08757972717285
2004-02-10,23.24591636657715
2004-02-11,23.39987564086914
2004-02-12,23.109569549560547
2004-02-13,22.971023559570312
2004-02-17,23.00400733947754
2004-02-18,23.015010833740234
2004-02-19,22.971023559570312
2004-02-20,22.975412368774414
2004-02-23,22.984216690063477
2004-02-24,23.0304012298584
2004-02-25,23.1733455657959
2004-02-26,23.11615753173828
2004-02-27,23.129356384277344
2004-03-01,23.531824111938477
2004-03-02,23.68137550354004
2004-03-03,23.795734405517578
2004-03-04,23.861703872680664
2004-03-05,24.004657745361328
2004-03-08,24.009057998657227
2004-03-09,23.9716796875
2004-03-10,23.663774490356445
2004-03-11,23.388872146606445
2004-03-12,23.630783081054688
2004-03-15,23.479049682617188
2004-03-16,23.54281997680664
2004-03-17,23.88370132446289
2004-03-18,24.009057998657227
2004-03-19,24.10582160949707
2004-03-22,23.94968605041504
2004-03-23,23.982664108276367
2004-03-24,23.855119705200195
2004-03-25,24.070640563964844
2004-03-26,23.888442993164062
2004-03-29,23.944128036499023
2004-03-30,24.25371742248535
2004-03-31,24.378463745117188
2004-04-01,24.65911293029785
2004-04-02,24.37177848815918
2004-04-05,23.414016723632812
2004-04-06,22.518613815307617
2004-04-07,22.830442428588867
2004-04-08,22.384967803955078
2004-04-12,21.293561935424805
2004-04-13,21.115385055541992
2004-04-14,20.9327335357666
2004-04-15,21.38265609741211
2004-04-16,21.605396270751953
2004-04-19,21.683366775512695
2004-04-20,20.870359420776367
2004-04-21,20.970600128173828
2004-04-22,21.26015281677246
2004-04-23,21.048559188842773
2004-04-26,21.213375091552734
2004-04-27,21.38265609741211
2004-04-28,21.115385055541992
2004-04-29,20.803550720214844
2004-04-30,20.73672103881836
2004-05-03,21.048559188842773
2004-05-04,21.081958770751953
2004-05-05,20.98395538330078
2004-05-06,20.981731414794922
2004-05-07,20.280109405517578
2004-05-10,20.01283073425293
2004-05-11,20.202157974243164
2004-05-12,20.157602310180664
2004-05-13,20.177650451660156
2004-05-14,20.447168350219727
2004-05-17,20.54517364501953
2004-05-18,20.937185287475586
2004-05-19,20.447168350219727
2004-05-20,20.926048278808594
2004-05-21,20.892635345458984
2004-05-24,21.030736923217773
2004-05-25,21.516298294067383
2004-05-26,21.837038040161133
2004-05-27,21.90385627746582
2004-05-28,22.14887809753418
2004-06-01,21.89494514465332
2004-06-02,22.20677947998047
2004-06-03,22.139957427978516
2004-06-04,22.162227630615234
2004-06-07,22.362699508666992
2004-06-08,22.340425491333008
2004-06-09,22.217920303344727
2004-06-10,22.117694854736328
2004-06-14,21.672218322753906
2004-06-15,22.10655975341797
2004-06-16,22.217920303344727
2004-06-17,22.407249450683594
2004-06-18,22.440658569335938
2004-06-21,22.707935333251953
2004-06-22,22.674530029296875
2004-06-23,22.785892486572266
2004-06-24,22.828208923339844
2004-06-25,22.875810623168945
2004-06-28,23.03373908996582
2004-06-29,22.559965133666992
2004-06-30,22.79234504699707
2004-07-01,22.83745765686035
2004-07-02,23.293182373046875
2004-07-06,23.146543502807617
2004-07-07,23.439809799194336
2004-07-08,23.101417541503906
2004-07-09,23.090139389038086
2004-07-12,23.2706241607666
2004-07-13,23.035991668701172
2004-07-14,23.191665649414062
2004-07-15,23.439809799194336
2004-07-16,23.394689559936523
2004-07-19,23.595474243164062
2004-07-20,23.597736358642578
2004-07-21,23.3270206451416
2004-07-22,22.902881622314453
2004-07-23,22.67502784729004
2004-07-26,22.503582000732422
2004-07-27,22.53516387939453
2004-07-28,22.69533920288086
2004-07-29,22.713388442993164
2004-07-30,22.853261947631836
2004-08-02,23.20293426513672
2004-08-03,23.30219078063965
2004-08-04,23.48719596862793
2004-08-05,23.135250091552734
2004-08-06,23.101417541503906
2004-08-09,23.04502296447754
2004-08-10,23.211957931518555
2004-08-11,23.18037986755371
2004-08-12,22.948015213012695
2004-08-13,22.954782485961914
2004-08-16,23.261594772338867
2004-08-17,23.50748634338379
2004-08-18,23.84589195251465
2004-08-19,23.496212005615234
2004-08-20,24.116619110107422
2004-08-23,24.139171600341797
2004-08-24,24.39862060546875
2004-08-25,24.274532318115234
2004-08-26,24.364776611328125
2004-08-27,24.3963565826416
2004-08-30,24.549762725830078
2004-08-31,24.73700523376465
2004-09-01,24.65354347229004
2004-09-02,24.793420791625977
2004-09-03,24.92877197265625
2004-09-07,25.18820571899414
2004-09-08,25.147600173950195
2004-09-09,24.739269256591797
2004-09-10,24.759572982788086
2004-09-13,24.55427360534668
2004-09-14,24.251983642578125
2004-09-15,24.38507843017578
2004-09-16,24.813722610473633
2004-09-17,24.69190216064453
2004-09-20,24.561052322387695
2004-09-21,24.572322845458984
2004-09-22,24.488861083984375
2004-09-23,24.35801887512207
2004-09-24,24.433303833007812
2004-09-27,24.371702194213867
2004-09-28,24.4903621673584
2004-09-29,24.48351287841797
2004-09-30,24.63640594482422
2004-10-01,25.190937042236328
2004-10-04,25.170398712158203
2004-10-05,25.247997283935547
2004-10-06,25.29134750366211
2004-10-07,24.99924659729004
2004-10-08,25.21832275390625
2004-10-11,25.101938247680664
2004-10-12,25.35524559020996
2004-10-13,25.238853454589844
2004-10-14,25.398601531982422
2004-10-15,25.615386962890625
2004-10-18,25.775123596191406
2004-10-19,25.537803649902344
2004-10-20,25.398601531982422
2004-10-21,25.71807861328125
2004-10-22,25.467060089111328
2004-10-25,25.407732009887695
2004-10-26,25.69525909423828
2004-10-27,25.914331436157227
2004-10-28,25.969085693359375
2004-10-29,25.902912139892578
2004-11-01,26.151655197143555
2004-11-02,25.969085693359375
2004-11-03,26.220117568969727
2004-11-04,26.697052001953125
2004-11-05,25.923458099365234
2004-11-08,26.07178497314453
2004-11-09,26.14708709716797
2004-11-10,26.30454444885254
2004-11-11,26.512205123901367
2004-11-12,27.12150001525879
2004-11-15,27.411327362060547
2004-11-16,27.15572166442871
2004-11-17,26.596637725830078
2004-11-18,26.63086700439453
2004-11-19,26.265762329101562
2004-11-22,26.46200942993164
2004-11-23,26.744966506958008
2004-11-24,27.110095977783203
2004-11-26,26.950353622436523
2004-11-29,26.881881713867188
2004-11-30,27.00284767150879
2004-12-01,27.5573673248291
2004-12-02,27.306350708007812
2004-12-03,27.780994415283203
2004-12-06,27.90879249572754
2004-12-07,27.525421142578125
2004-12-08,27.58018684387207
2004-12-09,27.77186393737793
2004-12-10,28.06624984741211
2004-12-13,28.000078201293945
2004-12-14,27.931610107421875
2004-12-15,28.07993507385254
2004-12-16,27.840316772460938
2004-12-17,28.054838180541992
2004-12-20,28.034305572509766
2004-12-21,28.26251220703125
2004-12-22,28.449617385864258
2004-12-23,28.04010009765625
2004-12-27,28.106964111328125
2004-12-28,28.203811645507812
2004-12-29,28.339859008789062
2004-12-30,28.485136032104492
2004-12-31,28.409040451049805
2005-01-03,28.056228637695312
2005-01-04,27.67115592956543
2005-01-05,26.635787963867188
2005-01-06,26.86406898498535
2005-01-07,26.861757278442383
2005-01-10,26.84561538696289
2005-01-11,26.515871047973633
2005-01-12,26.41440773010254
2005-01-13,26.541242599487305
2005-01-14,26.850231170654297
2005-01-18,27.14539337158203
2005-01-19,27.18920135498047
2005-01-20,27.0185489654541
2005-01-21,27.083133697509766
2005-01-24,26.817955017089844
2005-01-25,26.269132614135742
2005-01-26,26.310644149780273
2005-01-27,26.033931732177734
2005-01-28,26.153837203979492
2005-01-31,25.987812042236328
2005-02-01,26.377517700195312
2005-02-02,26.679582595825195
2005-02-03,26.598878860473633
2005-02-04,26.979360580444336
2005-02-07,26.919404983520508
2005-02-08,26.981672286987305
2005-02-09,27.140771865844727
2005-02-10,27.237632751464844
2005-02-11,27.348316192626953
2005-02-14,27.401344299316406
2005-02-15,27.484371185302734
2005-02-16,27.625024795532227
2005-02-17,27.608884811401367
2005-02-18,27.325246810913086
2005-02-22,26.58965301513672
2005-02-23,26.605804443359375
2005-02-24,26.518186569213867
2005-02-25,27.037015914916992
2005-02-28,26.85485076904297
2005-03-01,27.08542823791504
2005-03-02,26.979360580444336
2005-03-03,27.027788162231445
2005-03-04,27.590425491333008
2005-03-07,27.85561752319336
2005-03-08,27.578907012939453
2005-03-09,26.771833419799805
2005-03-10,26.979360580444336
2005-03-11,26.58965301513672
2005-03-14,27.009336471557617
2005-03-15,26.949382781982422
2005-03-16,26.615018844604492
2005-03-17,26.898662567138672
2005-03-18,26.71878433227539
2005-03-21,26.518186569213867
2005-03-22,26.056989669799805
2005-03-23,25.918638229370117
2005-03-24,25.988618850708008
2005-03-28,25.974632263183594
2005-03-29,25.937307357788086
2005-03-30,26.2708683013916
2005-03-31,26.172893524169922
2005-04-01,26.242870330810547
2005-04-04,26.114585876464844
2005-04-05,26.126249313354492
2005-04-06,26.35485076904297
2005-04-07,26.452821731567383
2005-04-08,26.021268844604492
2005-04-11,26.33619499206543
2005-04-12,26.83072280883789
2005-04-13,26.777070999145508
2005-04-14,26.616113662719727
2005-04-15,26.490150451660156
2005-04-18,26.59278106689453
2005-04-19,26.82604217529297
2005-04-20,26.686107635498047
2005-04-21,26.814380645751953
2005-04-22,26.809734344482422
2005-04-25,27.24593162536621
2005-04-26,27.227270126342773
2005-04-27,27.446565628051758
2005-04-28,27.313587188720703
2005-04-29,27.644834518432617
2005-05-02,27.612173080444336
2005-05-03,27.747472763061523
2005-05-04,27.82911491394043
2005-05-05,27.997079849243164
2005-05-06,27.812788009643555
2005-05-09,28.274667739868164
2005-05-10,28.225675582885742
2005-05-11,28.309640884399414
2005-05-12,28.062387466430664
2005-05-13,27.7824764251709
2005-05-16,28.118375778198242
2005-05-17,28.286327362060547
2005-05-18,28.612899780273438
2005-05-19,29.086437225341797
2005-05-20,29.077110290527344
2005-05-23,29.086437225341797
2005-05-24,28.762197494506836
2005-05-25,28.421634674072266
2005-05-26,28.314308166503906
2005-05-27,28.458955764770508
2005-05-31,28.68054962158203
2005-06-01,29.077110290527344
2005-06-02,28.995464324951172
2005-06-03,28.897499084472656
2005-06-06,29.18208885192871
2005-06-07,29.392032623291016
2005-06-08,29.545988082885742
2005-06-09,29.578628540039062
2005-06-10,29.550657272338867
2005-06-13,29.718599319458008
2005-06-14,29.942548751831055
2005-06-15,29.863239288330078
2005-06-16,29.98919105529785
2005-06-17,30.343772888183594
2005-06-20,30.288639068603516
2005-06-21,29.94938087463379
2005-06-22,29.968215942382812
2005-06-23,29.850435256958008
2005-06-24,29.600692749023438
2005-06-27,29.727914810180664
2005-06-28,29.87398338317871
2005-06-29,29.95880126953125
2005-06-30,29.968215942382812
2005-07-01,30.227399826049805
2005-07-05,30.55252456665039
2005-07-06,30.439434051513672
2005-07-07,30.55721092224121
2005-07-08,30.98129653930664
2005-07-11,31.367692947387695
2005-07-12,31.419519424438477
2005-07-13,31.14623260498047
2005-07-14,30.627904891967773
2005-07-15,30.769275665283203
2005-07-18,30.896482467651367
2005-07-19,31.103805541992188
2005-07-20,31.405378341674805
2005-07-21,30.89175796508789
2005-07-22,31.18863868713379
2005-07-25,31.263999938964844
2005-07-26,31.546741485595703
2005-07-27,31.58914566040039
2005-07-28,32.01792907714844
2005-07-29,31.9472599029541
2005-08-01,31.885995864868164
2005-08-02,32.2158317565918
2005-08-03,32.112186431884766
2005-08-04,31.66452980041504
2005-08-05,30.439434051513672
2005-08-08,29.426342010498047
2005-08-09,29.87398338317871
2005-08-10,29.808002471923828
2005-08-11,30.227399826049805
2005-08-12,30.17556381225586
2005-08-15,30.486536026000977
2005-08-16,30.561933517456055
2005-08-17,30.27449607849121
2005-08-18,30.06246566772461
2005-08-19,29.93052101135254
2005-08-22,30.0718936920166
2005-08-23,30.109586715698242
2005-08-24,30.189685821533203
2005-08-25,30.359315872192383
2005-08-26,30.04833221435547
2005-08-29,29.859846115112305
2005-08-30,30.029478073120117
2005-08-31,30.576078414916992
2005-09-01,30.816381454467773
2005-09-02,30.722143173217773
2005-09-06,31.410093307495117
2005-09-07,31.221601486206055
2005-09-08,31.051977157592773
2005-09-09,31.14623260498047
2005-09-12,31.117948532104492
2005-09-13,30.915311813354492
2005-09-14,30.896482467651367
2005-09-15,31.028430938720703
2005-09-16,30.83994483947754
2005-09-19,30.613773345947266
2005-09-20,30.4017391204834
2005-09-21,29.694929122924805
2005-09-22,29.90696907043457
2005-09-23,29.855539321899414
2005-09-26,30.046005249023438
2005-09-27,29.903146743774414
2005-09-28,29.741254806518555
2005-09-29,30.21742057800293
2005-09-30,30.603116989135742
2005-10-03,30.655494689941406
2005-10-04,30.13170051574707
2005-10-05,29.569833755493164
2005-10-06,29.35556983947754
2005-10-07,29.241283416748047
2005-10-10,28.946069717407227
2005-10-11,28.741313934326172
2005-10-12,28.188962936401367
2005-10-13,28.33181381225586
2005-10-14,28.85083770751953
2005-10-17,29.093679428100586
2005-10-18,28.693689346313477
2005-10-19,29.046056747436523
2005-10-20,28.61751365661621
2005-10-21,28.82225799560547
2005-10-24,29.27461814880371
2005-10-25,29.29841423034668
2005-10-26,29.02701759338379
2005-10-27,28.731788635253906
2005-10-28,29.546024322509766
2005-10-31,29.665071487426758
2005-11-01,29.165102005004883
2005-11-02,29.441272735595703
2005-11-03,29.23177146911621
2005-11-04,29.20319175720215
2005-11-07,29.36983871459961
2005-11-08,29.198427200317383
2005-11-09,29.450801849365234
2005-11-10,30.2078914642334
2005-11-11,30.484071731567383
2005-11-14,30.260276794433594
2005-11-15,30.255512237548828
2005-11-16,30.141244888305664
2005-11-17,30.607877731323242
2005-11-18,30.850732803344727
2005-11-21,30.96498680114746
2005-11-22,31.369735717773438
2005-11-23,31.52686882019043
2005-11-25,31.636396408081055
2005-11-28,31.293560028076172
2005-11-29,31.3507080078125
2005-11-30,31.06976890563965
2005-12-01,31.498310089111328
2005-12-02,31.47450828552246
2005-12-05,31.188796997070312
2005-12-06,31.165000915527344
2005-12-07,30.92215347290039
2005-12-08,31.188796997070312
2005-12-09,31.26021957397461
2005-12-12,31.236412048339844
2005-12-13,31.450702667236328
2005-12-14,31.59352684020996
2005-12-15,31.307846069335938
2005-12-16,31.445941925048828
2005-12-19,31.060232162475586
2005-12-20,30.974523544311523
2005-12-21,31.179285049438477
2005-12-22,31.42485809326172
2005-12-23,31.506898880004883
2005-12-27,31.4296932220459
2005-12-28,31.36215591430664
2005-12-29,31.188447952270508
2005-12-30,30.9520320892334
2006-01-03,31.796401977539062
2006-01-04,31.941133499145508
2006-01-05,32.167903900146484
2006-01-06,32.447757720947266
2006-01-09,32.761383056640625
2006-01-10,32.97849655151367
2006-01-11,33.01710891723633
2006-01-12,32.93025207519531
2006-01-13,32.399513244628906
2006-01-17,32.38984680175781
2006-01-18,32.33195495605469
2006-01-19,32.71311950683594
2006-01-20,32.28853225708008
2006-01-23,32.471893310546875
2006-01-24,32.78550338745117
2006-01-25,32.664878845214844
2006-01-26,32.761383056640625
2006-01-27,33.2535285949707
2006-01-30,33.13288497924805
2006-01-31,33.21010971069336
2006-02-01,33.38380432128906
2006-02-02,33.234214782714844
2006-02-03,32.80962371826172
2006-02-06,32.891658782958984
2006-02-07,32.63591766357422
2006-02-08,32.56354904174805
2006-02-09,32.688995361328125
2006-02-10,32.67453384399414
2006-02-13,32.71311950683594
2006-02-14,32.95438003540039
2006-02-15,33.21491622924805
2006-02-16,33.49959945678711
2006-02-17,33.740848541259766
2006-02-21,33.77945327758789
2006-02-22,34.22815704345703
2006-02-23,34.136497497558594
2006-02-24,33.938682556152344
2006-02-27,33.95795440673828
2006-02-28,33.798736572265625
2006-03-01,33.96278762817383
2006-03-02,33.88076400756836
2006-03-03,33.740848541259766
2006-03-06,34.35844039916992
2006-03-07,33.86146926879883
2006-03-08,33.92418670654297
2006-03-09,34.26676940917969
2006-03-10,34.643104553222656
2006-03-13,34.5128288269043
2006-03-14,34.78303146362305
2006-03-15,35.39097213745117
2006-03-16,35.77214050292969
2006-03-17,36.17744445800781
2006-03-20,35.608097076416016
2006-03-21,35.08699417114258
2006-03-22,35.18832778930664
2006-03-23,35.39580535888672
2006-03-24,35.293846130371094
2006-03-27,34.944313049316406
2006-03-28,35.3375358581543
2006-03-29,36.11915969848633
2006-03-30,35.56086349487305
2006-03-31,35.682220458984375
2006-04-03,34.905479431152344
2006-04-04,34.78895950317383
2006-04-05,35.12393569946289
2006-04-06,34.920047760009766
2006-04-07,34.40058517456055
2006-04-10,33.987937927246094
2006-04-11,33.910255432128906
2006-04-12,33.87142562866211
2006-04-13,33.48788833618164
2006-04-17,33.33739471435547
2006-04-18,34.13842010498047
2006-04-19,34.61418533325195
2006-04-20,34.648170471191406
2006-04-21,34.65303039550781
2006-04-24,34.47825241088867
2006-04-25,34.23551559448242
2006-04-26,34.080162048339844
2006-04-27,34.42001724243164
2006-04-28,34.51709747314453
2006-05-01,33.983055114746094
2006-05-02,33.711204528808594
2006-05-03,33.745201110839844
2006-05-04,34.14814376831055
2006-05-05,34.759822845458984
2006-05-08,34.87149429321289
2006-05-09,34.88119125366211
2006-05-10,34.91032409667969
2006-05-11,34.14814376831055
2006-05-12,33.633541107177734
2006-05-15,34.080162048339844
2006-05-16,34.012203216552734
2006-05-17,33.303401947021484
2006-05-18,33.2111701965332
2006-05-19,33.143211364746094
2006-05-22,32.92473602294922
2006-05-23,32.701419830322266
2006-05-24,32.75482177734375
2006-05-25,33.376216888427734
2006-05-26,33.691795349121094
2006-05-30,33.42478942871094
2006-05-31,33.376216888427734
2006-06-01,34.07530975341797
2006-06-02,34.444278717041016
2006-06-05,34.49281692504883
2006-06-06,34.14814376831055
2006-06-07,34.28406524658203
2006-06-08,34.128719329833984
2006-06-09,34.444278717041016
2006-06-12,33.93938064575195
2006-06-13,33.497615814208984
2006-06-14,33.4442024230957
2006-06-15,34.02676773071289
2006-06-16,34.119014739990234
2006-06-19,33.81316375732422
2006-06-20,33.604400634765625
2006-06-21,34.03162384033203
2006-06-22,33.78859329223633
2006-06-23,33.661190032958984
2006-06-26,33.999271392822266
2006-06-27,33.930694580078125
2006-06-28,34.04827880859375
2006-06-29,34.74404525756836
2006-06-30,34.9106330871582
2006-07-03,35.54269790649414
2006-07-05,35.513309478759766
2006-07-06,35.621097564697266
2006-07-07,35.47410202026367
2006-07-10,35.841575622558594
2006-07-11,35.8317756652832
2006-07-12,35.98856735229492
2006-07-13,35.43001174926758
2006-07-14,34.95473861694336
2006-07-17,34.93022155761719
2006-07-18,35.34671401977539
2006-07-19,36.18946838378906
2006-07-20,35.74358367919922
2006-07-21,35.07722091674805
2006-07-24,35.68968963623047
2006-07-25,35.93466567993164
2006-07-26,36.086578369140625
2006-07-27,35.81709289550781
2006-07-28,36.351173400878906
2006-07-31,36.184574127197266
2006-08-01,36.01306915283203
2006-08-02,36.01306915283203
2006-08-03,36.4001579284668
2006-08-04,36.94404220581055
2006-08-07,36.54225158691406
2006-08-08,35.9444694519043
2006-08-09,35.611297607421875
2006-08-10,35.68478775024414
2006-08-11,35.39080810546875
2006-08-14,35.719078063964844
2006-08-15,36.13554763793945
2006-08-16,36.23357391357422
2006-08-17,36.27276611328125
2006-08-18,36.28255081176758
2006-08-21,36.49324035644531
2006-08-22,36.821529388427734
2006-08-23,36.40996551513672
2006-08-24,36.581459045410156
2006-08-25,36.54225158691406
2006-08-28,36.99303436279297
2006-08-29,36.99303436279297
2006-08-30,37.26250076293945
2006-08-31,37.26250076293945
2006-09-01,37.076324462890625
2006-09-05,37.38990783691406
2006-09-06,37.19879913330078
2006-09-07,36.95872497558594
2006-09-08,37.33600616455078
2006-09-11,37.38990783691406
2006-09-12,37.87498092651367
2006-09-13,38.217952728271484
2006-09-14,38.217952728271484
2006-09-15,38.315956115722656
2006-09-18,38.0954704284668
2006-09-19,38.340450286865234
2006-09-20,38.217952728271484
2006-09-21,37.82597351074219
2006-09-22,38.02195739746094
2006-09-25,37.997467041015625
2006-09-26,38.00141906738281
2006-09-27,38.332733154296875
2006-09-28,38.19922637939453
2006-09-29,38.149784088134766
2006-10-02,38.139896392822266
2006-10-03,38.5107536315918
2006-10-04,38.94094467163086
2006-10-05,39.17831039428711
2006-10-06,38.89149856567383
2006-10-09,39.15359115600586
2006-10-10,39.16840744018555
2006-10-11,39.0645751953125
2006-10-12,39.4354362487793
2006-10-13,39.816200256347656
2006-10-16,39.98432159423828
2006-10-17,39.786537170410156
2006-10-18,40.0288200378418
2006-10-19,39.92992401123047
2006-10-20,39.880489349365234
2006-10-23,40.06839370727539
2006-10-24,39.95465850830078
2006-10-25,40.15739440917969
2006-10-26,40.54803466796875
2006-10-27,40.285972595214844
2006-10-30,40.67167282104492
2006-10-31,40.62221908569336
2006-11-01,40.27606964111328
2006-11-02,39.49971008300781
2006-11-03,39.114013671875
2006-11-06,39.45028305053711
2006-11-07,39.079410552978516
2006-11-08,39.16840744018555
2006-11-09,39.26732635498047
2006-11-10,39.4354362487793
2006-11-13,39.50465393066406
2006-11-14,39.91508483886719
2006-11-15,40.00410461425781
2006-11-16,40.2018928527832
2006-11-17,40.152442932128906
2006-11-20,41.423282623291016
2006-11-21,42.13039016723633
2006-11-22,42.24908447265625
2006-11-24,42.45180892944336
2006-11-27,41.29965591430664
2006-11-28,41.41339874267578
2006-11-29,42.031471252441406
2006-11-30,42.501258850097656
2006-12-01,42.40237045288086
2006-12-04,42.946311950683594
2006-12-05,42.63478088378906
2006-12-06,42.59027099609375
2006-12-07,42.13039016723633
2006-12-08,42.15018081665039
2006-12-11,42.37763977050781
2006-12-12,42.1848030090332
2006-12-13,41.952392578125
2006-12-14,42.031471252441406
2006-12-15,41.78425216674805
2006-12-18,41.66064453125
2006-12-19,41.33921432495117
2006-12-20,41.68288040161133
2006-12-21,41.282100677490234
2006-12-22,40.96147155761719
2006-12-26,41.37228775024414
2006-12-27,41.733009338378906
2006-12-28,41.85826873779297
2006-12-29,41.75804901123047
2007-01-03,42.0185546875
2007-01-04,42.0085563659668
2007-01-05,41.35725402832031
2007-01-08,41.347232818603516
2007-01-09,41.833213806152344
2007-01-10,42.49952697753906
2007-01-11,42.985496520996094
2007-01-12,43.13579559326172
2007-01-16,43.631771087646484
2007-01-17,43.76203918457031
2007-01-18,43.61172866821289
2007-01-19,43.997501373291016
2007-01-22,43.86224365234375
2007-01-23,43.98748016357422
2007-01-24,44.58867645263672
2007-01-25,44.85420227050781
2007-01-26,44.9894905090332
2007-01-29,45.119728088378906
2007-01-30,45.27505874633789
2007-01-31,45.79107666015625
2007-02-01,45.7660026550293
2007-02-02,46.09166717529297
2007-02-05,46.06163024902344
2007-02-06,46.69286346435547
2007-02-07,47.37922286987305
2007-02-08,47.018524169921875
2007-02-09,46.352195739746094
2007-02-12,45.575653076171875
2007-02-13,46.387264251708984
2007-02-14,46.1016845703125
2007-02-15,46.48245620727539
2007-02-16,46.322113037109375
2007-02-20,46.71290969848633
2007-02-21,46.4674186706543
2007-02-22,46.231937408447266
2007-02-23,45.575653076171875
2007-02-26,45.28004837036133
2007-02-27,43.812129974365234
2007-02-28,44.15280532836914
2007-03-01,43.87727737426758
2007-03-02,42.970455169677734
2007-03-05,41.44743347167969
2007-03-06,42.875282287597656
2007-03-07,42.26405334472656
2007-03-08,42.94041442871094
2007-03-09,43.46645736694336
2007-03-12,43.6869010925293
2007-03-13,42.53459167480469
2007-03-14,42.73499298095703
2007-03-15,43.0556526184082
2007-03-16,42.81515121459961
2007-03-19,43.24601364135742
2007-03-20,43.38629913330078
2007-03-21,43.997501373291016
2007-03-22,43.962425231933594
2007-03-23,43.9508171081543
2007-03-26,43.26919937133789
2007-03-27,42.91075897216797
2007-03-28,42.410911560058594
2007-03-29,42.638099670410156
2007-03-30,43.0369758605957
2007-04-02,43.54692077636719
2007-04-03,43.92559051513672
2007-04-04,43.637794494628906
2007-04-05,43.67315673828125
2007-04-09,43.64286422729492
2007-04-10,43.753910064697266
2007-04-11,43.16823196411133
2007-04-12,42.941036224365234
2007-04-13,43.410579681396484
2007-04-16,43.400489807128906
2007-04-17,44.02151107788086
2007-04-18,43.8650016784668
2007-04-19,43.4863166809082
2007-04-20,43.960914611816406
2007-04-23,44.33451461791992
2007-04-24,44.0316162109375
2007-04-25,44.092185974121094
2007-04-26,44.15277862548828
2007-04-27,44.00636291503906
2007-04-30,43.163185119628906
2007-05-01,42.93598937988281
2007-05-02,43.289432525634766
2007-05-03,43.46109390258789
2007-05-04,43.24397277832031
2007-05-07,43.284385681152344
2007-05-08,43.00163650512695
2007-05-09,43.501461029052734
2007-05-10,43.06725311279297
2007-05-11,43.54692077636719
2007-05-14,43.09251403808594
2007-05-15,42.511878967285156
2007-05-16,42.118064880371094
2007-05-17,41.36071014404297
2007-05-18,41.00225830078125
2007-05-21,41.28498840332031
2007-05-22,41.71416091918945
2007-05-23,41.38596725463867
2007-05-24,40.754844665527344
2007-05-25,41.012351989746094
2007-05-29,42.264488220214844
2007-05-30,43.344947814941406
2007-05-31,43.22883224487305
2007-06-01,43.20863342285156
2007-06-04,43.48126983642578
2007-06-05,42.72898483276367
2007-06-06,42.461395263671875
2007-06-07,41.1486701965332
2007-06-08,41.82522201538086
2007-06-11,41.20927047729492
2007-06-12,40.3408317565918
2007-06-13,41.20927047729492
2007-06-14,40.7851676940918
2007-06-15,41.401119232177734
2007-06-18,40.7851676940918
2007-06-19,40.82554244995117
2007-06-20,40.09850311279297
2007-06-21,39.936927795410156
2007-06-22,39.78546905517578
2007-06-25,38.8817024230957
2007-06-26,38.826175689697266
2007-06-27,39.669334411621094
2007-06-28,39.51438522338867
2007-06-29,39.46341323852539
2007-07-02,40.45738983154297
2007-07-03,40.26879119873047
2007-07-05,40.91614532470703
2007-07-06,40.8294792175293
2007-07-09,40.982398986816406
2007-07-10,39.73357009887695
2007-07-11,39.73357009887695
2007-07-12,40.23310470581055
2007-07-13,40.61539840698242
2007-07-16,40.391117095947266
2007-07-17,40.13117599487305
2007-07-18,39.911983489990234
2007-07-19,40.044517517089844
2007-07-20,39.402244567871094
2007-07-23,38.714111328125
2007-07-24,37.720123291015625
2007-07-25,37.77109909057617
2007-07-26,36.904563903808594
2007-07-27,35.88510513305664
2007-07-30,36.369346618652344
2007-07-31,35.88510513305664
2007-08-01,36.4457893371582
2007-08-02,36.981021881103516
2007-08-03,35.62003707885742
2007-08-06,36.547752380371094
2007-08-07,36.69556427001953
2007-08-08,38.025978088378906
2007-08-09,37.9597053527832
2007-08-10,36.70066452026367
2007-08-13,36.547752380371094
2007-08-14,35.171478271484375
2007-08-15,34.78916549682617
2007-08-16,35.686309814453125
2007-08-17,36.62419509887695
2007-08-20,37.23588562011719
2007-08-21,37.79659652709961
2007-08-22,38.1024284362793
2007-08-23,37.832275390625
2007-08-24,37.592689514160156
2007-08-27,37.08297348022461
2007-08-28,35.91058349609375
2007-08-29,36.853580474853516
2007-08-30,37.03199768066406
2007-08-31,37.77109909057617
2007-09-04,38.280826568603516
2007-09-05,37.363311767578125
2007-09-06,37.592689514160156
2007-09-07,36.889278411865234
2007-09-10,36.19094467163086
2007-09-11,36.8433837890625
2007-09-12,36.90966033935547
2007-09-13,37.58760070800781
2007-09-14,37.76600646972656
2007-09-17,37.69462966918945
2007-09-18,38.867027282714844
2007-09-19,39.65711212158203
2007-09-20,39.172874450683594
2007-09-21,39.18305206298828
2007-09-24,39.51948547363281
2007-09-25,38.86528396606445
2007-09-26,39.086463928222656
2007-09-27,39.45676040649414
2007-09-28,39.32815933227539
2007-10-01,40.3721809387207
2007-10-02,40.74248123168945
2007-10-03,40.7321891784668
2007-10-04,40.74762725830078
2007-10-05,41.5550651550293
2007-10-08,41.09218978881836
2007-10-09,41.328773498535156
2007-10-10,41.2722053527832
2007-10-11,40.99448013305664
2007-10-12,40.69618225097656
2007-10-15,39.857887268066406
2007-10-16,39.194461822509766
2007-10-17,39.086463928222656
2007-10-18,39.189300537109375
2007-10-19,37.92414093017578
2007-10-22,38.39215087890625
2007-10-23,38.7264518737793
2007-10-24,38.57217025756836
2007-10-25,38.46928787231445
2007-10-26,39.03502655029297
2007-10-29,38.75216293334961
2007-10-30,38.92702102661133
2007-10-31,39.62646484375
2007-11-01,38.21214294433594
2007-11-02,37.45613479614258
2007-11-05,36.9212646484375
2007-11-06,37.306976318359375
2007-11-07,36.046958923339844
2007-11-08,36.273250579833984
2007-11-09,36.149810791015625
2007-11-12,36.15494918823242
2007-11-13,37.45098876953125
2007-11-14,36.90067672729492
2007-11-15,36.694976806640625
2007-11-16,35.99553298950195
2007-11-19,35.30638122558594
2007-11-20,34.48351287841797
2007-11-21,34.22634506225586
2007-11-23,34.8795051574707
2007-11-26,33.56804656982422
2007-11-27,33.81492614746094
2007-11-28,35.398948669433594
2007-11-29,35.68180465698242
2007-11-30,36.01097106933594
2007-12-03,35.7486686706543
2007-12-04,34.812652587890625
2007-12-05,35.80524826049805
2007-12-06,37.090980529785156
2007-12-07,36.910980224609375
2007-12-10,37.83671951293945
2007-12-11,35.67152786254883
2007-12-12,35.78466796875
2007-12-13,35.16751480102539
2007-12-14,34.10292053222656
2007-12-17,33.48575973510742
2007-12-18,33.91777420043945
2007-12-19,34.200653076171875
2007-12-20,34.3292236328125
2007-12-21,34.91551208496094
2007-12-24,35.86697006225586
2007-12-26,35.27036666870117
2007-12-27,34.58422088623047
2007-12-28,34.07439041137695
2007-12-31,34.17842102050781
2008-01-02,33.89232635498047
2008-01-03,32.794647216796875
2008-01-04,31.754215240478516
2008-01-07,32.050750732421875
2008-01-08,30.88546371459961
2008-01-09,31.494102478027344
2008-01-10,31.910282135009766
2008-01-11,31.858251571655273
2008-01-14,31.769807815551758
2008-01-15,30.942672729492188
2008-01-16,31.343229293823242
2008-01-17,30.96346664428711
2008-01-18,30.7033748626709
2008-01-22,31.73860740661621
2008-01-23,34.33449172973633
2008-01-24,33.663421630859375
2008-01-25,33.19522476196289
2008-01-28,34.42815017700195
2008-01-29,34.22004699707031
2008-01-30,33.418907165527344
2008-01-31,34.21484375
2008-02-01,35.54661560058594
2008-02-04,34.99518966674805
2008-02-05,33.887107849121094
2008-02-06,33.23683166503906
2008-02-07,34.03798294067383
2008-02-08,32.981937408447266
2008-02-11,32.32125473022461
2008-02-12,33.34087371826172
2008-02-13,33.49694061279297
2008-02-14,33.24725341796875
2008-02-15,33.111976623535156
2008-02-19,32.534542083740234
2008-02-20,33.2940673828125
2008-02-21,32.53974151611328
2008-02-22,33.30446243286133
2008-02-25,34.33449172973633
2008-02-26,34.31368637084961
2008-02-27,34.069190979003906
2008-02-28,33.3616828918457
2008-02-29,32.779048919677734
2008-03-03,32.9559211730957
2008-03-04,32.69061279296875
2008-03-05,32.659393310546875
2008-03-06,31.161149978637695
2008-03-07,31.473295211791992
2008-03-10,30.96346664428711
2008-03-11,33.16399383544922
2008-03-12,32.45131301879883
2008-03-13,32.857078552246094
2008-03-14,32.32125473022461
2008-03-17,32.10276412963867
2008-03-18,33.74143981933594
2008-03-19,33.37208557128906
2008-03-20,34.76628112792969
2008-03-24,35.359344482421875
2008-03-25,35.63813018798828
2008-03-26,34.69654846191406
2008-03-27,34.549259185791016
2008-03-28,34.017982482910156
2008-03-31,34.24415588378906
2008-04-01,35.92743682861328
2008-04-02,36.079986572265625
2008-04-03,36.8164176940918
2008-04-04,36.21676254272461
2008-04-07,36.132591247558594
2008-04-08,35.680206298828125
2008-04-09,34.95429992675781
2008-04-10,34.88064193725586
2008-04-11,34.75440979003906
2008-04-14,34.565032958984375
2008-04-15,34.743892669677734
2008-04-16,36.24305725097656
2008-04-17,36.453468322753906
2008-04-18,36.49027633666992
2008-04-21,36.127323150634766
2008-04-22,35.95899963378906
2008-04-23,36.37456512451172
2008-04-24,37.2109375
2008-04-25,37.337181091308594
2008-04-28,37.42133712768555
2008-04-29,36.87953567504883
2008-04-30,36.2325439453125
2008-05-01,37.084693908691406
2008-05-02,37.14781951904297
2008-05-05,37.05837631225586
2008-05-06,37.352962493896484
2008-05-07,36.253578186035156
2008-05-08,36.23778533935547
2008-05-09,35.980045318603516
2008-05-12,36.7480354309082
2008-05-13,36.94268035888672
2008-05-14,37.18988800048828
2008-05-15,37.65280532836914
2008-05-16,37.40556335449219
2008-05-19,37.68962478637695
2008-05-20,36.911094665527344
2008-05-21,36.1115608215332
2008-05-22,35.869564056396484
2008-05-23,35.63813018798828
2008-05-27,36.14836502075195
2008-05-28,36.295654296875
2008-05-29,36.67438507080078
2008-05-30,36.527099609375
2008-06-02,36.0168571472168
2008-06-03,36.04316711425781
2008-06-04,36.24305725097656
2008-06-05,37.153072357177734
2008-06-06,35.680206298828125
2008-06-09,34.854347229003906
2008-06-10,34.991119384765625
2008-06-11,34.27047348022461
2008-06-12,34.480873107910156
2008-06-13,35.2015380859375
2008-06-16,35.70648956298828
2008-06-17,34.654449462890625
2008-06-18,34.138954162597656
2008-06-19,34.84382629394531
2008-06-20,33.98114776611328
2008-06-23,33.27626419067383
2008-06-24,33.29206466674805
2008-06-25,33.87974166870117
2008-06-26,32.66824722290039
2008-06-27,32.413185119628906
2008-06-30,32.306907653808594
2008-07-01,32.492881774902344
2008-07-02,31.818071365356445
2008-07-03,31.5629940032959
2008-07-07,30.91473388671875
2008-07-08,33.15177536010742
2008-07-09,30.71281623840332
2008-07-10,31.27074432373047
2008-07-11,31.281387329101562
2008-07-14,30.192075729370117
2008-07-15,29.90515899658203
2008-07-16,32.004024505615234
2008-07-17,32.51945877075195
2008-07-18,32.53007888793945
2008-07-21,32.6257209777832
2008-07-22,33.661888122558594
2008-07-23,34.379241943359375
2008-07-24,32.26441192626953
2008-07-25,32.75325012207031
2008-07-28,32.05717468261719
2008-07-29,33.661888122558594
2008-07-30,33.49716567993164
2008-07-31,33.10395431518555
2008-08-01,33.18366241455078
2008-08-04,32.716060638427734
2008-08-05,34.113548278808594
2008-08-06,33.95413589477539
2008-08-07,33.13051986694336
2008-08-08,34.20387268066406
2008-08-11,35.04343032836914
2008-08-12,34.267642974853516
2008-08-13,33.71501922607422
2008-08-14,34.272953033447266
2008-08-15,34.21982955932617
2008-08-18,33.50246047973633
2008-08-19,32.81169509887695
2008-08-20,32.89140701293945
2008-08-21,32.43975067138672
2008-08-22,33.18366241455078
2008-08-25,32.45036697387695
2008-08-26,32.700111389160156
2008-08-27,32.99238204956055
2008-08-28,34.08697509765625
2008-08-29,33.70439910888672
2008-09-02,34.118858337402344
2008-09-03,34.58645248413086
2008-09-04,33.5078010559082
2008-09-05,33.72032165527344
2008-09-08,35.176265716552734
2008-09-09,33.63531494140625
2008-09-10,33.81597137451172
2008-09-11,34.20387268066406
2008-09-12,34.56520080566406
2008-09-15,32.43975067138672
2008-09-16,33.438720703125
2008-09-17,31.881820678710938
2008-09-18,34.57583236694336
2008-09-19,35.70762634277344
2008-09-22,32.56196975708008
2008-09-23,32.769187927246094
2008-09-24,32.52701950073242
2008-09-25,33.12977981567383
2008-09-26,33.81863021850586
2008-09-29,31.795103073120117
2008-09-30,33.33966064453125
2008-10-01,32.828392028808594
2008-10-02,30.654178619384766
2008-10-03,29.018146514892578
2008-10-06,28.485361099243164
2008-10-07,26.07973861694336
2008-10-08,25.643829345703125
2008-10-09,23.808658599853516
2008-10-10,25.703027725219727
2008-10-13,27.624286651611328
2008-10-14,25.832170486450195
2008-10-15,22.17262840270996
2008-10-16,23.566486358642578
2008-10-17,23.324302673339844
2008-10-20,23.544950485229492
2008-10-21,22.73232078552246
2008-10-22,21.063997268676758
2008-10-23,20.735700607299805
2008-10-24,19.406435012817383
2008-10-27,18.394664764404297
2008-10-28,21.39765167236328
2008-10-29,20.547348022460938
2008-10-30,21.542953491210938
2008-10-31,22.89914894104004
2008-11-03,22.06498908996582
2008-11-04,23.292007446289062
2008-11-05,21.04245948791504
2008-11-06,20.08991050720215
2008-11-07,21.279253005981445
2008-11-10,19.454856872558594
2008-11-11,19.207305908203125
2008-11-12,17.791919708251953
2008-11-13,19.761615753173828
2008-11-14,17.81343650817871
2008-11-17,17.67351722717285
2008-11-18,16.963132858276367
2008-11-19,14.918083190917969
2008-11-20,13.615710258483887
2008-11-21,14.740490913391113
2008-11-24,16.87163734436035
2008-11-25,17.329092025756836
2008-11-26,18.120193481445312
2008-11-28,17.964130401611328
2008-12-01,14.261520385742188
2008-12-02,16.22584342956543
2008-12-03,16.963132858276367
2008-12-04,16.683286666870117
2008-12-05,18.292407989501953
2008-12-08,20.014562606811523
2008-12-09,18.577640533447266
2008-12-10,19.8100528717041
2008-12-11,16.952369689941406
2008-12-12,18.556119918823242
2008-12-15,18.028711318969727
2008-12-16,20.22444725036621
2008-12-17,20.735700607299805
2008-12-18,19.099674224853516
2008-12-19,20.046844482421875
2008-12-22,19.627077102661133
2008-12-23,19.478044509887695
2008-12-24,19.627073287963867
2008-12-26,19.886486053466797
2008-12-29,18.766042709350586
2008-12-30,19.61603355407715
2008-12-31,20.5488224029541
2009-01-02,19.985837936401367
2009-01-05,19.593961715698242
2009-01-06,20.56537628173828
2009-01-07,19.869930267333984
2009-01-08,19.781620025634766
2009-01-09,18.870914459228516
2009-01-12,17.772552490234375
2009-01-13,18.307931900024414
2009-01-14,17.35858726501465
2009-01-15,17.86086082458496
2009-01-16,18.517675399780273
2009-01-20,16.514116287231445
2009-01-21,18.158906936645508
2009-01-22,17.237157821655273
2009-01-23,17.783586502075195
2009-01-26,17.634559631347656
2009-01-27,17.954683303833008
2009-01-28,19.38422203063965
2009-01-29,17.866374969482422
2009-01-30,17.297876358032227
2009-02-02,17.408267974853516
2009-02-03,17.342029571533203
2009-02-04,16.933589935302734
2009-02-05,16.674184799194336
2009-02-06,17.816701889038086
2009-02-09,18.05955696105957
2009-02-10,16.50860595703125
2009-02-11,16.928081512451172
2009-02-12,16.679697036743164
2009-02-13,15.68068790435791
2009-02-17,14.692712783813477
2009-02-18,14.753422737121582
2009-02-19,14.184924125671387
2009-02-20,15.095626831054688
2009-02-23,13.947587013244629
2009-02-24,15.095626831054688
2009-02-25,14.714787483215332
2009-02-26,14.09109115600586
2009-02-27,13.875833511352539
2009-03-02,12.904417037963867
2009-03-03,12.95408821105957
2009-03-04,13.296293258666992
2009-03-05,12.440786361694336
2009-03-06,12.25864028930664
2009-03-09,12.518057823181152
2009-03-10,14.173884391784668
2009-03-11,13.9310302734375
2009-03-12,15.029389381408691
2009-03-13,14.709270477294922
2009-03-16,13.627456665039062
2009-03-17,14.643037796020508
2009-03-18,15.399191856384277
2009-03-19,14.521610260009766
2009-03-20,13.43979549407959
2009-03-23,15.454392433166504
2009-03-24,14.350502014160156
2009-03-25,14.549724578857422
2009-03-26,14.910933494567871
2009-03-27,14.312688827514648
2009-03-30,13.528197288513184
2009-03-31,14.369132041931152
2009-04-01,14.2393217086792
2009-04-02,15.181842803955078
2009-04-03,16.542001724243164
2009-04-06,16.276735305786133
2009-04-07,15.052027702331543
2009-04-08,15.368082046508789
2009-04-09,17.202314376831055
2009-04-13,17.422426223754883
2009-04-14,15.994550704956055
2009-04-15,17.303911209106445
2009-04-16,18.009382247924805
2009-04-17,18.189983367919922
2009-04-20,16.242876052856445
2009-04-21,17.727191925048828
2009-04-22,17.12894630432129
2009-04-23,17.84006690979004
2009-04-24,18.7825870513916
2009-04-27,17.721546173095703
2009-04-28,17.913440704345703
2009-04-29,18.624561309814453
2009-04-30,18.624561309814453
2009-05-01,17.99245262145996
2009-05-04,19.550142288208008
2009-05-05,18.895469665527344
2009-05-06,19.527559280395508
2009-05-07,18.39881134033203
2009-05-08,19.64609146118164
2009-05-11,19.070419311523438
2009-05-12,18.76565170288086
2009-05-13,17.490148544311523
2009-05-14,18.048887252807617
2009-05-15,17.4562931060791
2009-05-18,18.76565170288086
2009-05-19,18.466533660888672
2009-05-20,18.252071380615234
2009-05-21,18.285930633544922
2009-05-22,17.896499633789062
2009-05-26,18.822084426879883
2009-05-27,18.19563102722168
2009-05-28,18.539897918701172
2009-05-29,19.04783821105957
2009-06-01,19.849266052246094
2009-06-02,19.555784225463867
2009-06-03,19.510629653930664
2009-06-04,20.086299896240234
2009-06-05,19.83233642578125
2009-06-08,19.75897216796875
2009-06-09,19.781536102294922
2009-06-10,19.403406143188477
2009-06-11,19.04219627380371
2009-06-12,19.5783634185791
2009-06-15,18.697921752929688
2009-06-16,18.43266487121582
2009-06-17,18.17305564880371
2009-06-18,18.26335906982422
2009-06-19,18.460886001586914
2009-06-22,17.518375396728516
2009-06-23,17.67075538635254
2009-06-24,17.961231231689453
2009-06-25,18.247695922851562
2009-06-26,18.408113479614258
2009-06-29,18.45394515991211
2009-06-30,18.574260711669922
2009-07-01,18.757604598999023
2009-07-02,17.9039363861084
2009-07-06,18.27633285522461
2009-07-07,17.60028648376465
2009-07-08,17.428409576416016
2009-07-09,17.147676467895508
2009-07-10,17.1190242767334
2009-07-13,17.795080184936523
2009-07-14,18.001333236694336
2009-07-15,18.620098114013672
2009-07-16,18.860719680786133
2009-07-17,18.419574737548828
2009-07-20,19.015417098999023
2009-07-21,18.97530746459961
2009-07-22,18.992496490478516
2009-07-23,19.651355743408203
2009-07-24,19.823230743408203
2009-07-27,20.195636749267578
2009-07-28,20.115436553955078
2009-07-29,19.828968048095703
2009-07-30,20.522207260131836
2009-07-31,20.539392471313477
2009-08-03,20.946176528930664
2009-08-04,21.94305992126465
2009-08-05,22.831096649169922
2009-08-06,22.6878604888916
2009-08-07,23.742046356201172
2009-08-10,23.27225112915039
2009-08-11,22.58473777770996
2009-08-12,22.733699798583984
2009-08-13,22.84256362915039
2009-08-14,22.636301040649414
2009-08-17,21.50191307067871
2009-08-18,21.76544761657715
2009-08-19,21.605043411254883
2009-08-20,22.48161506652832
2009-08-21,22.980058670043945
2009-08-24,22.84828758239746
2009-08-25,23.100379943847656
2009-08-26,23.203506469726562
2009-08-27,23.3868350982666
2009-08-28,23.541532516479492
2009-08-31,23.24934196472168
2009-09-01,22.063377380371094
2009-09-02,21.62795639038086
2009-09-03,22.011816024780273
2009-09-04,22.275358200073242
2009-09-08,22.99151611328125
2009-09-09,23.455581665039062
2009-09-10,23.78788185119629
2009-09-11,23.71340560913086
2009-09-14,24.39518928527832
2009-09-15,24.824874877929688
2009-09-16,25.793119430541992
2009-09-17,25.667076110839844
2009-09-18,25.661354064941406
2009-09-21,25.254587173461914
2009-09-22,26.035520553588867
2009-09-23,25.162668228149414
2009-09-24,24.33027458190918
2009-09-25,24.312925338745117
2009-09-28,25.260934829711914
2009-09-29,24.838953018188477
2009-09-30,24.665536880493164
2009-10-01,23.6192626953125
2009-10-02,23.388032913208008
2009-10-05,24.018123626708984
2009-10-06,24.02390480041504
2009-10-07,23.948745727539062
2009-10-08,24.399639129638672
2009-10-09,24.63663673400879
2009-10-12,24.596174240112305
2009-10-13,24.22622299194336
2009-10-14,25.116416931152344
2009-10-15,24.925668716430664
2009-10-16,24.249343872070312
2009-10-19,24.810056686401367
2009-10-20,24.34759521484375
2009-10-21,24.15683937072754
2009-10-22,24.70022964477539
2009-10-23,24.42853355407715
2009-10-26,24.278244018554688
2009-10-27,23.908283233642578
2009-10-28,22.908262252807617
2009-10-29,23.896728515625
2009-10-30,23.440059661865234
2009-11-02,23.474748611450195
2009-11-03,23.810028076171875
2009-11-04,23.382265090942383
2009-11-05,23.86782455444336
2009-11-06,23.49786949157715
2009-11-09,24.601953506469727
2009-11-10,24.480562210083008
2009-11-11,24.931440353393555
2009-11-12,24.63663673400879
2009-11-13,24.96613883972168
2009-11-16,25.532615661621094
2009-11-17,25.1684513092041
2009-11-18,25.584653854370117
2009-11-19,25.075958251953125
2009-11-20,24.885196685791016
2009-11-23,25.1684513092041
2009-11-24,24.798490524291992
2009-11-25,24.896766662597656
2009-11-27,24.191539764404297
2009-11-30,25.09908676147461
2009-12-01,25.42279815673828
2009-12-02,25.798519134521484
2009-12-03,25.57886505126953
2009-12-04,26.266740798950195
2009-12-07,25.81008529663086
2009-12-08,25.654008865356445
2009-12-09,25.619321823120117
2009-12-10,25.544185638427734
2009-12-11,25.91413116455078
2009-12-14,26.41704750061035
2009-12-15,26.174266815185547
2009-12-16,26.3303279876709
2009-12-17,26.162696838378906
2009-12-18,26.36501693725586
2009-12-21,26.682947158813477
2009-12-22,26.966182708740234
2009-12-23,27.27062225341797
2009-12-24,27.615392684936523
2009-12-28,27.7147216796875
2009-12-29,27.3173828125
2009-12-30,27.36412811279297
2009-12-31,26.832374572753906
2010-01-04,26.768110275268555
2010-01-05,26.832374572753906
2010-01-06,26.82069969177246
2010-01-07,27.060266494750977
2010-01-08,26.879133224487305
2010-01-11,27.0076904296875
2010-01-12,26.551910400390625
2010-01-13,27.04857635498047
2010-01-14,26.95509147644043
2010-01-15,26.70966911315918
2010-01-19,27.241413116455078
2010-01-20,26.9609432220459
2010-01-21,26.195465087890625
2010-01-22,25.59360694885254
2010-01-25,25.78058433532715
2010-01-26,25.558549880981445
2010-01-27,25.79227638244629
2010-01-28,25.546855926513672
2010-01-29,25.37739372253418
2010-02-01,25.839021682739258
2010-02-02,26.26558494567871
2010-02-03,25.96173858642578
2010-02-04,24.991744995117188
2010-02-05,25.45920181274414
2010-02-08,24.880722045898438
2010-02-09,24.80476188659668
2010-02-10,24.822290420532227
2010-02-11,25.038490295410156
2010-02-12,25.266380310058594
2010-02-16,25.94420623779297
2010-02-17,26.189611434936523
2010-02-18,26.540218353271484
2010-02-19,26.53436851501465
2010-02-22,26.64539909362793
2010-02-23,26.435039520263672
2010-02-24,26.692136764526367
2010-02-25,26.826539993286133
2010-02-26,26.762264251708984
2010-03-01,27.03688621520996
2010-03-02,27.04857635498047
2010-03-03,26.990148544311523
2010-03-04,27.101177215576172
2010-03-05,27.720565795898438
2010-03-08,28.06531524658203
2010-03-09,28.158811569213867
2010-03-10,28.310741424560547
2010-03-11,28.450977325439453
2010-03-12,28.661340713500977
2010-03-15,28.579530715942383
2010-03-16,29.321622848510742
2010-03-17,29.678070068359375
2010-03-18,29.561203002929688
2010-03-19,29.3099365234375
2010-03-22,29.6137752532959
2010-03-23,29.531993865966797
2010-03-24,29.62547492980957
2010-03-25,29.672090530395508
2010-03-26,29.565879821777344
2010-03-29,29.6956844329834
2010-03-30,29.636674880981445
2010-03-31,29.371173858642578
2010-04-01,29.50688934326172
2010-04-05,30.120502471923828
2010-04-06,30.728208541870117
2010-04-07,30.067407608032227
2010-04-08,30.079193115234375
2010-04-09,30.557126998901367
2010-04-12,30.356515884399414
2010-04-13,31.04684066772461
2010-04-14,31.076335906982422
2010-04-15,30.303403854370117
2010-04-16,29.672090530395508
2010-04-19,29.784189224243164
2010-04-20,30.25031280517578
2010-04-21,30.816726684570312
2010-04-22,31.26513671875
2010-04-23,31.672250747680664
2010-04-26,31.872865676879883
2010-04-27,30.863929748535156
2010-04-28,30.970125198364258
2010-04-29,32.25048065185547
2010-04-30,31.247434616088867
2010-05-03,32.21506881713867
2010-05-04,31.459848403930664
2010-05-05,31.01732635498047
2010-05-06,29.77238655090332
2010-05-07,29.270877838134766
2010-05-10,31.200231552124023
2010-05-11,31.23563003540039
2010-05-12,31.74305534362793
2010-05-13,31.324132919311523
2010-05-14,30.356515884399414
2010-05-17,30.309303283691406
2010-05-18,29.536378860473633
2010-05-19,29.28856086730957
2010-05-20,27.872526168823242
2010-05-21,28.77525520324707
2010-05-24,28.19702911376953
2010-05-25,28.492053985595703
2010-05-26,28.37995147705078
2010-05-27,29.91990089416504
2010-05-28,29.47147560119629
2010-06-01,28.899168014526367
2010-06-02,29.536378860473633
2010-06-03,29.459680557250977
2010-06-04,27.86072540283203
2010-06-07,27.7191219329834
2010-06-08,28.202939987182617
2010-06-09,28.344539642333984
2010-06-10,29.53048324584961
2010-06-11,29.83728790283203
2010-06-14,30.191301345825195
2010-06-15,30.846223831176758
2010-06-16,30.622011184692383
2010-06-17,30.669219970703125
2010-06-18,30.580720901489258
2010-06-21,30.362403869628906
2010-06-22,29.50688934326172
2010-06-23,29.524572372436523
2010-06-24,28.91638946533203
2010-06-25,29.65430450439453
2010-06-28,29.31509017944336
2010-06-29,28.37483787536621
2010-06-30,28.095121383666992
2010-07-01,28.04156494140625
2010-07-02,27.505962371826172
2010-07-06,26.970359802246094
2010-07-07,28.255813598632812
2010-07-08,28.55931282043457
2010-07-09,28.934240341186523
2010-07-12,29.04135513305664
2010-07-13,29.678110122680664
2010-07-14,29.50554656982422
2010-07-15,29.440067291259766
2010-07-16,28.53551483154297
2010-07-19,28.862821578979492
2010-07-20,29.35675811767578
2010-07-21,28.791404724121094
2010-07-22,29.826902389526367
2010-07-23,30.17800521850586
2010-07-26,30.957609176635742
2010-07-27,30.951656341552734
2010-07-28,30.90403938293457
2010-07-29,30.630294799804688
2010-07-30,30.73741340637207
2010-08-02,31.671730041503906
2010-08-03,31.505094528198242
2010-08-04,31.60626983642578
2010-08-05,31.213510513305664
2010-08-06,31.112327575683594
2010-08-09,31.42178726196289
2010-08-10,31.177793502807617
2010-08-11,30.42795753479004
2010-08-12,30.076847076416016
2010-08-13,30.011383056640625
2010-08-16,30.041139602661133
2010-08-17,30.69576072692871
2010-08-18,30.70171546936035
2010-08-19,30.005420684814453
2010-08-20,29.916168212890625
2010-08-23,29.773338317871094
2010-08-24,29.642414093017578
2010-08-25,30.02923011779785
2010-08-26,29.862606048583984
2010-08-27,30.338693618774414
2010-08-30,30.058996200561523
2010-08-31,30.338693618774414
2010-09-01,31.296829223632812
2010-09-02,31.689584732055664
2010-09-03,32.10616683959961
2010-09-07,31.659841537475586
2010-09-08,31.677690505981445
2010-09-09,31.439645767211914
2010-09-10,31.564603805541992
2010-09-13,32.05856704711914
2010-09-14,31.963340759277344
2010-09-15,32.21329116821289
2010-09-16,32.04070281982422
2010-09-17,32.13591384887695
2010-09-20,32.856014251708984
2010-09-21,32.3382682800293
2010-09-22,32.00499725341797
2010-09-23,31.28704833984375
2010-09-24,32.139461517333984
2010-09-27,31.821311950683594
2010-09-28,31.905351638793945
2010-09-29,31.67122459411621
2010-09-30,31.743270874023438
2010-10-01,31.89934539794922
2010-10-04,32.169490814208984
2010-10-05,32.589683532714844
2010-10-06,32.49363327026367
2010-10-07,32.56566619873047
2010-10-08,32.607688903808594
2010-10-11,32.55966567993164
2010-10-12,32.84180450439453
2010-10-13,33.16595458984375
2010-10-14,33.06391525268555
2010-10-15,33.045902252197266
2010-10-18,32.877811431884766
2010-10-19,33.03990173339844
2010-10-20,33.7002067565918
2010-10-21,33.63418197631836
2010-10-22,33.64019012451172
2010-10-25,33.70621871948242
2010-10-26,33.50811767578125
2010-10-27,33.17196273803711
2010-10-28,32.967857360839844
2010-10-29,32.991878509521484
2010-11-01,33.231971740722656
2010-11-02,33.418087005615234
2010-11-03,33.3820686340332
2010-11-04,34.2464714050293
2010-11-05,34.58864212036133
2010-11-08,34.420570373535156
2010-11-09,33.1779670715332
2010-11-10,33.574161529541016
2010-11-11,33.30404281616211
2010-11-12,32.991878509521484
2010-11-15,32.6317138671875
2010-11-16,31.605209350585938
2010-11-17,31.881332397460938
2010-11-18,32.10344314575195
2010-11-19,32.25352096557617
2010-11-22,32.31956100463867
2010-11-23,32.0914306640625
2010-11-24,32.70973587036133
2010-11-26,32.61369323730469
2010-11-29,32.59568405151367
2010-11-30,32.469627380371094
2010-12-01,32.71574020385742
2010-12-02,33.159950256347656
2010-12-03,33.20798110961914
2010-12-06,33.225990295410156
2010-12-07,33.33404541015625
2010-12-08,32.83580780029297
2010-12-09,32.481624603271484
2010-12-10,32.817787170410156
2010-12-13,32.901832580566406
2010-12-14,32.56566619873047
2010-12-15,32.20549392700195
2010-12-16,32.28953552246094
2010-12-17,32.541664123535156
2010-12-20,32.913848876953125
2010-12-21,33.274009704589844
2010-12-22,33.50579833984375
2010-12-23,33.40266036987305
2010-12-27,33.669620513916016
2010-12-28,33.8031120300293
2010-12-29,33.95481872558594
2010-12-30,33.99728012084961
2010-12-31,33.95481872558594
2011-01-03,34.48269271850586
2011-01-04,33.86984634399414
2011-01-05,34.0093994140625
2011-01-06,33.827388763427734
2011-01-07,33.815250396728516
2011-01-10,33.8031120300293
2011-01-11,33.742431640625
2011-01-12,33.89411926269531
2011-01-13,33.9912109375
2011-01-14,34.22178268432617
2011-01-18,34.543373107910156
2011-01-19,34.13077163696289
2011-01-20,34.05794906616211
2011-01-21,34.191444396972656
2011-01-24,34.36134719848633
2011-01-25,34.725399017333984
2011-01-26,34.822486877441406
2011-01-27,35.307899475097656
2011-01-28,34.7557373046875
2011-01-31,35.1683349609375
2011-02-01,35.3321647644043
2011-02-02,35.33823013305664
2011-02-03,35.429256439208984
2011-02-04,35.1076774597168
2011-02-07,35.502071380615234
2011-02-08,35.59309387207031
2011-02-09,35.67802429199219
2011-02-10,35.793312072753906
2011-02-11,36.017822265625
2011-02-14,36.01175308227539
2011-02-15,35.89039611816406
2011-02-16,35.99354934692383
2011-02-17,36.04209518432617
2011-02-18,36.181644439697266
2011-02-22,35.85399627685547
2011-02-23,35.56881332397461
2011-02-24,35.3746337890625
2011-02-25,36.00568771362305
2011-02-28,36.758079528808594
2011-03-01,35.76904296875
2011-03-02,35.48386001586914
2011-03-03,35.99354934692383
2011-03-04,35.684104919433594
2011-03-07,35.45351791381836
2011-03-08,35.896480560302734
2011-03-09,35.9146728515625
2011-03-10,35.356449127197266
2011-03-11,35.756900787353516
2011-03-14,35.514198303222656
2011-03-15,35.22901916503906
2011-03-16,34.767879486083984
2011-03-17,35.059120178222656
2011-03-18,35.36858367919922
2011-03-21,35.756900787353516
2011-03-22,35.43532943725586
2011-03-23,35.1683349609375
2011-03-24,35.3321647644043
2011-03-25,35.511512756347656
2011-03-28,35.511512756347656
2011-03-29,35.67063522338867
2011-03-30,36.08683776855469
2011-03-31,36.356143951416016
2011-04-01,36.44182205200195
2011-04-04,36.411231994628906
2011-04-05,36.47242736816406
2011-04-06,36.42346954345703
2011-04-07,36.04398727416992
2011-04-08,35.77467346191406
2011-04-11,35.73796463012695
2011-04-12,35.664512634277344
2011-04-13,35.62166976928711
2011-04-14,36.10519790649414
2011-04-15,36.50303268432617
2011-04-18,36.14191818237305
2011-04-19,36.42346954345703
2011-04-20,36.84578323364258
2011-04-21,37.10896682739258
2011-04-25,37.29258346557617
2011-04-26,37.64145278930664
2011-04-27,37.812835693359375
2011-04-28,38.23516845703125
2011-04-29,38.05153274536133
2011-05-02,38.04541015625
2011-05-03,37.78836441040039
2011-05-04,37.58024978637695
2011-05-05,37.525169372558594
2011-05-06,37.32319259643555
2011-05-09,37.47008514404297
2011-05-10,37.990325927734375
2011-05-11,37.5679931640625
2011-05-12,37.5618896484375
2011-05-13,37.21913146972656
2011-05-16,37.30483627319336
2011-05-17,37.24974822998047
2011-05-18,37.66593551635742
2011-05-19,37.73938751220703
2011-05-20,37.353797912597656
2011-05-23,36.96207046508789
2011-05-24,37.07224655151367
2011-05-25,37.22526550292969
2011-05-26,37.70878219604492
2011-05-27,37.77611541748047
2011-05-31,38.43712615966797
2011-06-01,37.353797912597656
2011-06-02,37.13957977294922
2011-06-03,37.27421951293945
2011-06-06,36.74174499511719
2011-06-07,37.18241882324219
2011-06-08,37.004913330078125
2011-06-09,36.66216278076172
2011-06-10,35.79303741455078
2011-06-13,35.86037063598633
2011-06-14,36.42346954345703
2011-06-15,35.82364273071289
2011-06-16,36.074588775634766
2011-06-17,36.3806266784668
2011-06-20,36.7662239074707
2011-06-21,37.09059524536133
2011-06-22,37.011051177978516
2011-06-23,36.331668853759766
2011-06-24,36.292118072509766
2011-06-27,36.48359298706055
2011-06-28,36.786231994628906
2011-06-29,37.19388198852539
2011-06-30,37.24329376220703
2011-07-01,37.910316467285156
2011-07-05,38.1450309753418
2011-07-06,38.379737854003906
2011-07-07,38.86148452758789
2011-07-08,38.7255973815918
2011-07-11,37.99679183959961
2011-07-12,38.12651062011719
2011-07-13,37.80533218383789
2011-07-14,37.38533020019531
2011-07-15,37.79298782348633
2011-07-18,37.453277587890625
2011-07-19,38.10179901123047
2011-07-20,38.385902404785156
2011-07-21,38.63294982910156
2011-07-22,38.830604553222656
2011-07-25,38.39208221435547
2011-07-26,38.39208221435547
2011-07-27,37.36063003540039
2011-07-28,37.3050422668457
2011-07-29,37.323577880859375
2011-08-01,36.829471588134766
2011-08-02,35.74861526489258
2011-08-03,35.5262565612793
2011-08-04,33.80924606323242
2011-08-05,33.111331939697266
2011-08-08,30.294910430908203
2011-08-09,33.09897232055664
2011-08-10,32.32074737548828
2011-08-11,33.82777404785156
2011-08-12,33.77835464477539
2011-08-15,34.98275375366211
2011-08-16,34.85305404663086
2011-08-17,34.89628219604492
2011-08-18,33.395423889160156
2011-08-19,32.7283821105957
2011-08-22,32.79015350341797
2011-08-23,33.59926223754883
2011-08-24,33.97600555419922
2011-08-25,33.259552001953125
2011-08-26,33.75365447998047
2011-08-29,34.828346252441406
2011-08-30,34.96421432495117
2011-08-31,35.34095764160156
2011-09-01,34.7480354309082
2011-09-02,33.9080696105957
2011-09-06,33.83395004272461
2011-09-07,34.970394134521484
2011-09-08,34.7171630859375
2011-09-09,33.741310119628906
2011-09-12,33.84628677368164
2011-09-13,33.87718200683594
2011-09-14,34.06865692138672
2011-09-15,34.729522705078125
2011-09-16,35.01362609863281
2011-09-19,34.321868896484375
2011-09-20,34.22305679321289
2011-09-21,32.586334228515625
2011-09-22,31.764875411987305
2011-09-23,32.02021026611328
2011-09-26,32.42600631713867
2011-09-27,32.769378662109375
2011-09-28,31.95153045654297
2011-09-29,32.42600631713867
2011-09-30,31.570707321166992
2011-10-03,30.08489227294922
2011-10-04,31.22111701965332
2011-10-05,30.9838809967041
2011-10-06,31.83917236328125
2011-10-07,30.94017791748047
2011-10-10,32.43224334716797
2011-10-11,31.832929611206055
2011-10-12,32.351097106933594
2011-10-13,32.12633514404297
2011-10-14,32.8692626953125
2011-10-17,32.113868713378906
2011-10-18,33.17516326904297
2011-10-19,32.76313781738281
2011-10-20,32.96290588378906
2011-10-21,33.93680953979492
2011-10-24,34.83580017089844
2011-10-25,34.298892974853516
2011-10-26,34.6173095703125
2011-10-27,36.09687042236328
2011-10-28,36.20924377441406
2011-10-31,35.73478698730469
2011-11-01,34.52989196777344
2011-11-02,35.2291145324707
2011-11-03,35.62865447998047
2011-11-04,35.36019515991211
2011-11-07,35.44761276245117
2011-11-08,35.872135162353516
2011-11-09,34.26145553588867
2011-11-10,34.292667388916016
2011-11-11,35.17915725708008
2011-11-14,34.47370529174805
2011-11-15,34.77336883544922
2011-11-16,34.44248580932617
2011-11-17,33.82443618774414
2011-11-18,34.06790542602539
2011-11-21,33.1689338684082
2011-11-22,33.075279235839844
2011-11-23,32.10137176513672
2011-11-25,32.21373748779297
2011-11-28,33.0003662109375
2011-11-29,32.906715393066406
2011-11-30,34.42375564575195
2011-12-01,34.07415008544922
2011-12-02,34.130332946777344
2011-12-05,34.44874572753906
2011-12-06,34.42375564575195
2011-12-07,34.748390197753906
2011-12-08,33.91807556152344
2011-12-09,34.59231185913086
2011-12-12,33.974266052246094
2011-12-13,33.67460632324219
2011-12-14,33.86812973022461
2011-12-15,34.33011245727539
2011-12-16,34.6173095703125
2011-12-19,34.28016662597656
2011-12-20,35.316497802734375
2011-12-21,35.366451263427734
2011-12-22,35.850284576416016
2011-12-23,36.02693557739258
2011-12-27,36.10894775390625
2011-12-28,35.71781921386719
2011-12-29,36.01430892944336
2011-12-30,35.837669372558594
2012-01-03,36.058494567871094
2012-01-04,35.65473175048828
2012-01-05,35.91337966918945
2012-01-06,35.850284576416016
2012-01-09,35.749359130859375
2012-01-10,36.146785736083984
2012-01-11,36.46852111816406
2012-01-12,36.228797912597656
2012-01-13,36.392818450927734
2012-01-17,36.582061767578125
2012-01-18,36.81548309326172
2012-01-19,37.04887390136719
2012-01-20,37.22551345825195
2012-01-23,37.33906173706055
2012-01-24,37.5472297668457
2012-01-25,38.02668380737305
2012-01-26,38.24748611450195
2012-01-27,38.342098236083984
2012-01-30,38.00774383544922
2012-01-31,38.20330810546875
2012-02-01,38.4871826171875
2012-02-02,38.56919860839844
2012-02-03,39.12432861328125
2012-02-06,38.93507385253906
2012-02-07,38.903533935546875
2012-02-08,38.92876434326172
2012-02-09,38.64488983154297
2012-02-10,38.32315444946289
2012-02-13,38.75844955444336
2012-02-14,38.37363815307617
2012-02-15,38.18437957763672
2012-02-16,38.49980163574219
2012-02-17,38.56289291381836
2012-02-21,38.083438873291016
2012-02-22,37.774349212646484
2012-02-23,38.2159309387207
2012-02-24,38.32315444946289
2012-02-27,38.27900314331055
2012-02-28,37.988834381103516
2012-02-29,37.938350677490234
2012-03-01,38.14023208618164
2012-03-02,38.12761688232422
2012-03-05,38.43672180175781
2012-03-06,37.919429779052734
2012-03-07,38.083438873291016
2012-03-08,37.99513626098633
2012-03-09,38.171775817871094
2012-03-12,38.43672180175781
2012-03-13,39.12432861328125
2012-03-14,39.029701232910156
2012-03-15,39.00447082519531
2012-03-16,39.237884521484375
2012-03-19,39.471282958984375
2012-03-20,39.376651763916016
2012-03-21,39.28834533691406
2012-03-22,38.8215217590332
2012-03-23,38.97922897338867
2012-03-26,39.38201904296875
2012-03-27,39.362937927246094
2012-03-28,39.27384948730469
2012-03-29,39.31204605102539
2012-03-30,39.64291763305664
2012-04-02,39.8974494934082
2012-04-03,39.71291732788086
2012-04-04,39.31204605102539
2012-04-05,39.140220642089844
2012-04-09,38.76478958129883
2012-04-10,38.013938903808594
2012-04-11,38.46571731567383
2012-04-12,39.01297378540039
2012-04-13,38.809349060058594
2012-04-16,39.261138916015625
2012-04-17,39.59836959838867
2012-04-18,39.38839340209961
2012-04-19,39.369300842285156
2012-04-20,39.782901763916016
2012-04-23,39.413848876953125
2012-04-24,39.91653060913086
2012-04-25,40.35560607910156
2012-04-26,40.52740478515625
2012-04-27,40.724666595458984
2012-04-30,40.66740417480469
2012-05-01,41.02375030517578
2012-05-02,40.960113525390625
2012-05-03,40.82011795043945
2012-05-04,40.50831604003906
2012-05-07,40.737403869628906
2012-05-08,40.69921112060547
2012-05-09,40.6037712097168
2012-05-10,40.565589904785156
2012-05-11,40.737403869628906
2012-05-14,40.24106216430664
2012-05-15,40.04380416870117
2012-05-16,39.553836822509766
2012-05-17,38.45936584472656
2012-05-18,38.06483459472656
2012-05-21,38.847503662109375
2012-05-22,38.93022918701172
2012-05-23,39.09568786621094
2012-05-24,39.216583251953125
2012-05-25,39.1020393371582
2012-05-29,39.63655090332031
2012-05-30,38.71388244628906
2012-05-31,38.95570373535156
2012-06-01,37.969398498535156
2012-06-04,37.7021484375
2012-06-05,38.446632385253906
2012-06-06,39.267486572265625
2012-06-07,39.076595306396484
2012-06-08,39.566558837890625
2012-06-11,38.79024124145508
2012-06-12,39.1529541015625
2012-06-13,38.96841049194336
2012-06-14,39.496551513671875
2012-06-15,39.74473571777344
2012-06-18,40.05653381347656
2012-06-19,40.24334716796875
2012-06-20,40.191986083984375
2012-06-21,39.56287384033203
2012-06-22,39.59498596191406
2012-06-25,39.376708984375
2012-06-26,39.55004119873047
2012-06-27,39.80039978027344
2012-06-28,40.13420867919922
2012-06-29,41.04576873779297
2012-07-02,41.482276916503906
2012-07-03,41.71338653564453
2012-07-05,41.52079772949219
2012-07-06,41.57857131958008
2012-07-09,41.66202163696289
2012-07-10,41.167720794677734
2012-07-11,41.23192596435547
2012-07-12,41.41167068481445
2012-07-13,41.861019134521484
2012-07-16,42.021522521972656
2012-07-17,42.37458801269531
2012-07-18,42.04719543457031
2012-07-19,41.694129943847656
2012-07-20,41.55289077758789
2012-07-23,41.30253982543945
2012-07-24,41.135650634765625
2012-07-25,41.12921142578125
2012-07-26,41.46302795410156
2012-07-27,41.931644439697266
2012-07-30,42.04719543457031
2012-07-31,42.002254486083984
2012-08-01,41.88029479980469
2012-08-02,41.92522048950195
2012-08-03,42.23336410522461
2012-08-06,42.11138153076172
2012-08-07,41.67485427856445
2012-08-08,41.424503326416016
2012-08-09,41.30253982543945
2012-08-10,41.39241409301758
2012-08-13,41.37957763671875
2012-08-14,41.36030960083008
2012-08-15,41.47586441040039
2012-08-16,41.777584075927734
2012-08-17,41.75831985473633
2012-08-20,41.726219177246094
2012-08-21,41.726219177246094
2012-08-22,41.68770217895508
2012-08-23,41.57857131958008
2012-08-24,41.739070892333984
2012-08-27,41.828941345214844
2012-08-28,41.99583053588867
2012-08-29,42.0086669921875
2012-08-30,41.96373748779297
2012-08-31,42.130645751953125
2012-09-04,42.34248733520508
2012-09-05,42.316810607910156
2012-09-06,42.65061950683594
2012-09-07,42.7276496887207
2012-09-10,42.45161056518555
2012-09-11,42.6185302734375
2012-09-12,42.77900314331055
2012-09-13,43.298973083496094
2012-09-14,43.52366256713867
2012-09-17,43.31824493408203
2012-09-18,42.945919036865234
2012-09-19,42.74692153930664
2012-09-20,42.246192932128906
2012-09-21,42.23336410522461
2012-09-24,42.188419342041016
2012-09-25,41.56914520263672
2012-09-26,41.530330657958984
2012-09-27,41.756805419921875
2012-09-28,41.65973663330078
2012-10-01,41.362083435058594
2012-10-02,41.711517333984375
2012-10-03,41.83445739746094
2012-10-04,41.67916488647461
2012-10-05,41.86034393310547
2012-10-08,41.68562698364258
2012-10-09,41.50444030761719
2012-10-10,41.556217193603516
2012-10-11,41.56268310546875
2012-10-12,41.38148880004883
2012-10-15,41.65973663330078
2012-10-16,41.8538703918457
2012-10-17,41.918582916259766
2012-10-18,42.313316345214844
2012-10-19,41.918582916259766
2012-10-22,41.769752502441406
2012-10-23,41.349143981933594
2012-10-24,41.375030517578125
2012-10-25,41.1938362121582
2012-10-26,40.954402923583984
2012-10-31,41.41385269165039
2012-11-01,41.459144592285156
2012-11-02,41.73740005493164
2012-11-05,41.426795959472656
2012-11-06,41.51738739013672
2012-11-07,41.31031036376953
2012-11-08,40.88970184326172
2012-11-09,40.753814697265625
2012-11-12,40.689109802246094
2012-11-13,40.55968475341797
2012-11-14,39.77024459838867
2012-11-15,39.59553527832031
2012-11-16,40.04847717285156
2012-11-19,40.42380905151367
2012-11-20,40.676185607910156
2012-11-21,40.650291442871094
2012-11-23,40.98029708862305
2012-11-26,41.038551330566406
2012-11-27,40.81853103637695
2012-11-28,40.74735641479492
2012-11-29,41.01266098022461
2012-11-30,41.17443084716797
2012-12-03,41.29090881347656
2012-12-04,41.23912048339844
2012-12-05,41.12913131713867
2012-12-06,41.49149703979492
2012-12-07,41.65973663330078
2012-12-10,41.65973663330078
2012-12-11,41.711517333984375
2012-12-12,41.68562698364258
2012-12-13,41.407371520996094
2012-12-14,41.35560989379883
2012-12-17,41.614437103271484
2012-12-18,42.041534423828125
2012-12-19,41.982574462890625
2012-12-20,42.46075439453125
2012-12-21,42.32973861694336
2012-12-24,42.38870620727539
2012-12-26,42.1790885925293
2012-12-27,42.231502532958984
2012-12-28,41.97602844238281
2012-12-31,42.36251449584961
2013-01-02,43.05032730102539
2013-01-03,43.05032730102539
2013-01-04,43.312339782714844
2013-01-07,43.377838134765625
2013-01-08,43.29269027709961
2013-01-09,43.456443786621094
2013-01-10,43.56126022338867
2013-01-11,43.55471420288086
2013-01-14,43.62022018432617
2013-01-15,43.823280334472656
2013-01-16,43.777442932128906
2013-01-17,43.87568664550781
2013-01-18,44.13771438598633
2013-01-22,44.360435485839844
2013-01-23,44.36698913574219
2013-01-24,44.41938018798828
2013-01-25,44.60280227661133
2013-01-28,44.64865493774414
2013-01-29,44.73381423950195
2013-01-30,44.32112121582031
2013-01-31,44.065650939941406
2013-02-01,44.360435485839844
2013-02-04,44.26872634887695
2013-02-05,44.20977020263672
2013-02-06,44.288368225097656
2013-02-07,44.07875442504883
2013-02-08,44.51763916015625
2013-02-11,44.56350326538086
2013-02-12,44.825531005859375
2013-02-13,44.80587387084961
2013-02-14,44.62898635864258
2013-02-15,44.681396484375
2013-02-19,44.989280700683594
2013-02-20,44.60934829711914
2013-02-21,44.262168884277344
2013-02-22,44.64211654663086
2013-02-25,43.8887825012207
2013-02-26,44.275272369384766
2013-02-27,44.61592102050781
2013-02-28,44.62246322631836
2013-03-01,44.70760726928711
2013-03-04,45.04169464111328
2013-03-05,45.38886642456055
2013-03-06,45.21856689453125
2013-03-07,45.05479049682617
2013-03-08,45.08098220825195
2013-03-11,45.25785827636719
2013-03-12,45.094078063964844
2013-03-13,45.10720443725586
2013-03-14,45.349578857421875
2013-03-15,45.369224548339844
2013-03-18,45.2447509765625
2013-03-19,44.923797607421875
2013-03-20,45.1858024597168
2013-03-21,45.03513717651367
2013-03-22,45.310264587402344
2013-03-25,45.279869079589844
2013-03-26,45.616817474365234
2013-03-27,45.68946075439453
2013-03-28,45.900856018066406
2013-04-01,46.046199798583984
2013-04-02,46.16511917114258
2013-04-03,45.920684814453125
2013-04-04,46.59452438354492
2013-04-05,46.72004699707031
2013-04-08,47.156063079833984
2013-04-09,47.175880432128906
2013-04-10,47.45335006713867
2013-04-11,47.6845817565918
2013-04-12,47.96204376220703
2013-04-15,46.766300201416016
2013-04-16,47.50620651245117
2013-04-17,46.93144989013672
2013-04-18,46.93144989013672
2013-04-19,47.47317886352539
2013-04-22,47.53924560546875
2013-04-23,47.816707611083984
2013-04-24,47.9686393737793
2013-04-25,47.90919876098633
2013-04-26,47.691192626953125
2013-04-29,48.0611457824707
2013-04-30,48.53019332885742
2013-05-01,48.199867248535156
2013-05-02,48.384849548339844
2013-05-03,48.42449951171875
2013-05-06,48.61606216430664
2013-05-07,48.900142669677734
2013-05-08,49.019065856933594
2013-05-09,48.768028259277344
2013-05-10,48.781227111816406
2013-05-13,48.8538818359375
2013-05-14,49.11153793334961
2013-05-15,49.54755783081055
2013-05-16,49.38901901245117
2013-05-17,49.69951248168945
2013-05-20,49.673099517822266
2013-05-21,49.90431213378906
2013-05-22,48.668922424316406
2013-05-23,47.988468170166016
2013-05-24,47.803489685058594
2013-05-28,47.327842712402344
2013-05-29,46.383140563964844
2013-05-30,45.94050979614258
2013-05-31,45.378971099853516
2013-06-03,45.49128341674805
2013-06-04,44.96276092529297
2013-06-05,44.48051452636719
2013-06-06,45.312896728515625
2013-06-07,45.286476135253906
2013-06-10,44.89009475708008
2013-06-11,44.20304489135742
2013-06-12,43.55561065673828
2013-06-13,44.88350296020508
2013-06-14,44.99580383300781
2013-06-17,45.05522918701172
2013-06-18,45.1279296875
2013-06-19,43.77363586425781
2013-06-20,42.062583923339844
2013-06-21,42.55805206298828
2013-06-24,42.287200927734375
2013-06-25,43.066749572753906
2013-06-26,43.710914611816406
2013-06-27,44.4911003112793
2013-06-28,44.2977180480957
2013-07-01,44.0643310546875
2013-07-02,44.57778549194336
2013-07-03,44.384403228759766
2013-07-05,43.917625427246094
2013-07-08,44.09101104736328
2013-07-09,44.65114212036133
2013-07-10,44.65114212036133
2013-07-11,45.884761810302734
2013-07-12,45.5847053527832
2013-07-15,45.75141906738281
2013-07-16,45.678062438964844
2013-07-17,45.91813278198242
2013-07-18,46.20486068725586
2013-07-19,46.158180236816406
2013-07-22,46.29154586791992
2013-07-23,46.27153396606445
2013-07-24,45.37131881713867
2013-07-25,45.31797409057617
2013-07-26,45.43799591064453
2013-07-29,45.077903747558594
2013-07-30,45.0245475769043
2013-07-31,44.40441131591797
2013-08-01,44.157684326171875
2013-08-02,43.964298248291016
2013-08-05,43.937618255615234
2013-08-06,43.784263610839844
2013-08-07,43.60422897338867
2013-08-08,43.64422607421875
2013-08-09,44.057647705078125
2013-08-12,43.69757080078125
2013-08-13,43.097415924072266
2013-08-14,43.00406265258789
2013-08-15,42.19052505493164
2013-08-16,41.21696853637695
2013-08-19,40.65680694580078
2013-08-20,41.61038589477539
2013-08-21,41.523681640625
2013-08-22,41.757083892822266
2013-08-23,42.24386978149414
2013-08-26,42.083839416503906
2013-08-27,41.957130432128906
2013-08-28,41.757083892822266
2013-08-29,41.823768615722656
2013-08-30,41.50368881225586
2013-09-03,41.15694046020508
2013-09-04,41.45035934448242
2013-09-05,41.09693145751953
2013-09-06,41.85043716430664
2013-09-09,42.677310943603516
2013-09-10,42.62397003173828
2013-09-11,42.91737747192383
2013-09-12,42.64396286010742
2013-09-13,42.737335205078125
2013-09-16,43.157440185546875
2013-09-17,43.12409973144531
2013-09-18,44.631134033203125
2013-09-19,44.45777893066406
2013-09-20,43.69090270996094
2013-09-23,43.41084289550781
2013-09-24,43.124107360839844
2013-09-25,43.27217483520508
2013-09-26,43.53467559814453
2013-09-27,43.37314987182617
2013-09-30,42.93563461303711
2013-10-01,43.588531494140625
2013-10-02,43.615447998046875
2013-10-03,42.94237518310547
2013-10-04,42.787559509277344
2013-10-07,42.97601318359375
2013-10-08,42.48466873168945
2013-10-09,42.47121810913086
2013-10-10,43.48756790161133
2013-10-11,43.90488052368164
2013-10-14,43.891414642333984
2013-10-15,43.75007247924805
2013-10-16,44.54429244995117
2013-10-17,45.2308349609375
2013-10-18,45.14332580566406
2013-10-21,44.90776062011719
2013-10-22,45.38563919067383
2013-10-23,45.47987747192383
2013-10-24,45.44621276855469
2013-10-25,45.890464782714844
2013-10-28,45.57411575317383
2013-10-29,45.190433502197266
2013-10-30,44.86064910888672
2013-10-31,44.537567138671875
2013-11-01,44.82025146484375
2013-11-04,44.880836486816406
2013-11-05,44.20103073120117
2013-11-06,44.194297790527344
2013-11-07,43.65582275390625
2013-11-08,43.07024002075195
2013-11-11,43.03660202026367
2013-11-12,42.88851547241211
2013-11-13,43.19140625
2013-11-14,43.53467559814453
2013-11-15,43.64237594604492
2013-11-18,43.3394889831543
2013-11-19,43.00967025756836
2013-11-20,42.632755279541016
2013-11-21,42.86158752441406
2013-11-22,42.73371505737305
2013-11-25,42.55198287963867
2013-11-26,42.43082046508789
2013-11-27,42.86833190917969
2013-11-29,42.47121810913086
2013-12-02,42.24909591674805
2013-12-03,42.20198059082031
2013-12-04,42.29620361328125
2013-12-05,42.34332275390625
2013-12-06,42.67314529418945
2013-12-09,42.949100494384766
2013-12-10,42.949100494384766
2013-12-11,42.020259857177734
2013-12-12,41.7375602722168
2013-12-13,41.905826568603516
2013-12-16,41.95294189453125
2013-12-17,42.17507553100586
2013-12-18,42.915443420410156
2013-12-19,42.39044952392578
2013-12-20,42.72024917602539
2013-12-23,42.78071594238281
2013-12-24,42.85544967651367
2013-12-26,42.90301513671875
2013-12-27,42.957366943359375
2013-12-30,42.9913330078125
2013-12-31,42.85544967651367
2014-01-02,42.78752136230469
2014-01-03,43.03888702392578
2014-01-06,43.21552276611328
2014-01-07,43.364990234375
2014-01-08,43.297061920166016
2014-01-09,43.276676177978516
2014-01-10,43.792999267578125
2014-01-13,43.507659912109375
2014-01-14,43.7794189453125
2014-01-15,43.98322296142578
2014-01-16,44.08512496948242
2014-01-17,43.94246292114258
2014-01-21,44.248191833496094
2014-01-22,44.36367416381836
2014-01-23,44.34329605102539
2014-01-24,43.69108963012695
2014-01-27,43.42612838745117
2014-01-28,43.86772918701172
2014-01-29,43.66391372680664
2014-01-30,44.19383239746094
2014-01-31,44.329708099365234
2014-02-03,43.68429946899414
2014-02-04,44.13947677612305
2014-02-05,44.125885009765625
2014-02-06,44.45199966430664
2014-02-07,44.750938415527344
2014-02-10,45.15856170654297
2014-02-11,45.31481170654297
2014-02-12,45.34199523925781
2014-02-13,45.51863098144531
2014-02-14,45.70207214355469
2014-02-18,45.97380447387695
2014-02-19,45.96023178100586
2014-02-20,45.87870407104492
2014-02-21,45.95343017578125
2014-02-24,46.028160095214844
2014-02-25,46.04856872558594
2014-02-26,46.177635192871094
2014-02-27,46.13007354736328
2014-02-28,46.435787200927734
2014-03-03,46.46977615356445
2014-03-04,47.04045486450195
2014-03-05,46.97931671142578
2014-03-06,46.75511169433594
2014-03-07,46.22518539428711
2014-03-10,46.05535125732422
2014-03-11,46.30671310424805
2014-03-12,46.40861511230469
2014-03-13,46.259159088134766
2014-03-14,46.27275848388672
2014-03-17,46.347476959228516
2014-03-18,46.551300048828125
2014-03-19,45.7292366027832
2014-03-20,45.79039764404297
2014-03-21,46.16404342651367
2014-03-24,45.892303466796875
2014-03-25,46.22832489013672
2014-03-26,45.712928771972656
2014-03-27,45.93283462524414
2014-03-28,46.235206604003906
2014-03-31,46.50321578979492
2014-04-01,46.7987060546875
2014-04-02,46.80559539794922
2014-04-03,46.64065170288086
2014-04-04,46.82619857788086
2014-04-07,46.87431335449219
2014-04-08,47.135433197021484
2014-04-09,47.1010856628418
2014-04-10,46.681884765625
2014-04-11,46.400123596191406
2014-04-14,46.571937561035156
2014-04-15,47.06671905517578
2014-04-16,47.348480224609375
2014-04-17,47.217918395996094
2014-04-21,47.41718673706055
2014-04-22,47.575260162353516
2014-04-23,47.43095016479492
2014-04-24,47.5889892578125
2014-04-25,47.424072265625
2014-04-28,47.67147445678711
2014-04-29,47.69895935058594
2014-04-30,47.911991119384766
2014-05-01,48.2830810546875
2014-05-02,48.2624626159668
2014-05-05,48.43427276611328
2014-05-06,48.255592346191406
2014-05-07,48.819087982177734
2014-05-08,48.84658432006836
2014-05-09,48.839725494384766
2014-05-12,48.94279479980469
2014-05-13,48.6541748046875
2014-05-14,48.7778434753418
2014-05-15,48.69540023803711
2014-05-16,49.052738189697266
2014-05-19,48.874080657958984
2014-05-20,48.72288513183594
2014-05-21,48.53049087524414
2014-05-22,48.489253997802734
2014-05-23,48.85346221923828
2014-05-27,49.14895248413086
2014-05-28,48.94967269897461
2014-05-29,49.01150894165039
2014-05-30,49.25202941894531
2014-06-02,49.34138870239258
2014-06-03,49.279537200927734
2014-06-04,49.32762145996094
2014-06-05,50.09730529785156
2014-06-06,49.99422073364258
2014-06-09,49.45819854736328
2014-06-10,49.20393753051758
2014-06-11,49.004642486572266
2014-06-12,48.86033630371094
2014-06-13,48.98402404785156
2014-06-16,48.73662185668945
2014-06-17,48.7916145324707
2014-06-18,49.093971252441406
2014-06-19,49.47193908691406
2014-06-20,49.64374923706055
2014-06-23,49.52690887451172
2014-06-24,49.54978942871094
2014-06-25,49.54978942871094
2014-06-26,49.49435806274414
2014-06-27,49.7923469543457
2014-06-30,49.750762939453125
2014-07-01,49.8754997253418
2014-07-02,49.82005310058594
2014-07-03,49.58445358276367
2014-07-07,49.63294982910156
2014-07-08,49.78540802001953
2014-07-09,49.89628982543945
2014-07-10,50.055686950683594
2014-07-11,50.09033203125
2014-07-14,50.31901931762695
2014-07-15,50.30514907836914
2014-07-16,50.492286682128906
2014-07-17,50.19429397583008
2014-07-18,50.637794494628906
2014-07-21,50.492286682128906
2014-07-22,50.70711135864258
2014-07-23,50.817989349365234
2014-07-24,50.68631362915039
2014-07-25,50.402183532714844
2014-07-28,50.70711135864258
2014-07-29,50.47147750854492
2014-07-30,50.422977447509766
2014-07-31,49.69533157348633
2014-08-01,49.59830093383789
2014-08-04,49.89628982543945
2014-08-05,49.45277404785156
2014-08-06,49.542869567871094
2014-08-07,49.61909484863281
2014-08-08,49.99330520629883
2014-08-11,50.27052688598633
2014-08-12,50.12499237060547
2014-08-13,50.74868392944336
2014-08-14,50.734806060791016
2014-08-15,50.78334426879883
2014-08-18,51.25457763671875
2014-08-19,51.29615020751953
2014-08-20,51.545650482177734
2014-08-21,51.49712371826172
2014-08-22,51.150630950927734
2014-08-25,51.12982177734375
2014-08-26,51.12982177734375
2014-08-27,51.21299743652344
2014-08-28,51.16449737548828
2014-08-29,51.42089080810547
2014-09-02,51.44861602783203
2014-09-03,51.462486267089844
2014-09-04,51.36545944213867
2014-09-05,51.85055923461914
2014-09-08,51.76048278808594
2014-09-09,51.4832763671875
2014-09-10,50.76948547363281
2014-09-11,50.831844329833984
2014-09-12,49.36961364746094
2014-09-15,49.16862869262695
2014-09-16,49.53593444824219
2014-09-17,49.50126647949219
2014-09-18,49.14091491699219
2014-09-19,49.16862869262695
2014-09-22,48.7320556640625
2014-09-23,48.454837799072266
2014-09-24,48.405887603759766
2014-09-25,48.16812515258789
2014-09-26,48.6995964050293
2014-09-29,48.685638427734375
2014-09-30,48.39189910888672
2014-10-01,48.41987609863281
2014-10-02,48.34295654296875
2014-10-03,48.671634674072266
2014-10-06,48.73457336425781
2014-10-07,48.44784164428711
2014-10-08,49.37092590332031
2014-10-09,49.3079948425293
2014-10-10,49.23807907104492
2014-10-13,49.15414810180664
2014-10-14,49.89540481567383
2014-10-15,49.54574966430664
2014-10-16,49.67861557006836
2014-10-17,49.93039321899414
2014-10-20,50.643680572509766
2014-10-21,51.12618637084961
2014-10-22,51.1052131652832
2014-10-23,51.489837646484375
2014-10-24,51.51081085205078
2014-10-27,51.81850051879883
2014-10-28,51.986331939697266
2014-10-29,51.60171890258789
2014-10-30,52.04227066040039
2014-10-31,52.43387985229492
2014-11-03,52.8394775390625
2014-11-04,52.90242004394531
2014-11-05,52.90242004394531
2014-11-06,52.67866134643555
2014-11-07,52.63667297363281
2014-11-10,52.874446868896484
2014-11-11,52.7415885925293
2014-11-12,52.4688606262207
2014-11-13,52.67866134643555
2014-11-14,52.35697555541992
2014-11-17,52.55276107788086
2014-11-18,52.80452346801758
2014-11-19,52.47584533691406
2014-11-20,52.62269973754883
2014-11-21,53.00732421875
2014-11-24,53.16115951538086
2014-11-25,53.30803680419922
2014-11-26,53.70661544799805
2014-11-28,53.8604736328125
2014-12-01,53.664669036865234
2014-12-02,53.85346603393555
2014-12-03,53.804534912109375
2014-12-04,53.888427734375
2014-12-05,53.60871887207031
2014-12-08,53.84648895263672
2014-12-09,54.02830123901367
2014-12-10,53.90243911743164
2014-12-11,53.95137405395508
2014-12-12,53.461875915527344
2014-12-15,52.832496643066406
2014-12-16,52.58771514892578
2014-12-17,53.76255798339844
2014-12-18,54.24510192871094
2014-12-19,54.356971740722656
2014-12-22,55.2520866394043
2014-12-23,54.972373962402344
2014-12-24,54.74625778198242
2014-12-26,54.95823287963867
2014-12-29,55.198482513427734
2014-12-30,55.14194869995117
2014-12-31,54.294029235839844
2015-01-02,54.965301513671875
2015-01-05,55.14900207519531
2015-01-06,55.5517692565918
2015-01-07,56.27248764038086
2015-01-08,56.5904426574707
2015-01-09,56.61164474487305
2015-01-12,56.922542572021484
2015-01-13,56.77416229248047
2015-01-14,57.14865493774414
2015-01-15,57.226375579833984
2015-01-16,57.71391296386719
2015-01-20,57.26170349121094
2015-01-21,57.17691421508789
2015-01-22,58.293331146240234
2015-01-23,58.173187255859375
2015-01-26,58.74552536010742
2015-01-27,58.667823791503906
2015-01-28,58.250919342041016
2015-01-29,58.34986877441406
2015-01-30,57.39593505859375
2015-02-02,57.21224594116211
2015-02-03,57.7421989440918
2015-02-04,57.572608947753906
2015-02-05,58.173187255859375
2015-02-06,56.639930725097656
2015-02-09,56.37141799926758
2015-02-10,56.569252014160156
2015-02-11,56.44913101196289
2015-02-12,57.05680847167969
2015-02-13,56.74589538574219
2015-02-17,56.58338165283203
2015-02-18,57.063873291015625
2015-02-19,55.97572326660156
2015-02-20,56.491539001464844
2015-02-23,56.93668746948242
2015-02-24,55.862648010253906
2015-02-25,55.982757568359375
2015-02-26,55.50937271118164
2015-02-27,55.90506362915039
2015-03-02,56.12409591674805
2015-03-03,55.97572326660156
2015-03-04,55.50937271118164
2015-03-05,55.69308090209961
2015-03-06,53.99726867675781
2015-03-09,54.477760314941406
2015-03-10,54.209259033203125
2015-03-11,54.286991119384766
2015-03-12,55.184356689453125
2015-03-13,54.97943115234375
2015-03-16,55.580039978027344
2015-03-17,55.53056716918945
2015-03-18,56.62579345703125
2015-03-19,56.54100036621094
2015-03-20,57.911773681640625
2015-03-23,57.82698440551758
2015-03-24,57.360626220703125
2015-03-25,56.413185119628906
2015-03-26,56.092594146728516
2015-03-27,56.28494644165039
2015-03-30,56.918949127197266
2015-03-31,56.50577926635742
2015-04-01,56.4986572265625
2015-04-02,56.876197814941406
2015-04-06,57.446109771728516
2015-04-07,56.51289367675781
2015-04-08,56.66962432861328
2015-04-09,55.67229461669922
2015-04-10,55.636688232421875
2015-04-13,55.479942321777344
2015-04-14,55.593936920166016
2015-04-15,55.2662353515625
2015-04-16,55.49420166015625
2015-04-17,55.2021369934082
2015-04-20,55.27334976196289
2015-04-21,55.31611251831055
2015-04-22,55.479942321777344
2015-04-23,55.57966995239258
2015-04-24,55.67229461669922
2015-04-27,55.522705078125
2015-04-28,55.50845718383789
2015-04-29,54.41851806640625
2015-04-30,53.78449630737305
2015-05-01,54.06943893432617
2015-05-04,54.21192932128906
2015-05-05,53.02223587036133
2015-05-06,52.8797721862793
2015-05-07,53.57789993286133
2015-05-08,54.39714050292969
2015-05-11,53.60639190673828
2015-05-12,53.76313400268555
2015-05-13,53.314308166503906
2015-05-14,54.28314971923828
2015-05-15,54.731964111328125
2015-05-18,54.56810760498047
2015-05-19,54.496864318847656
2015-05-20,54.38288497924805
2015-05-21,54.13356018066406
2015-05-22,54.14780807495117
2015-05-26,53.82011032104492
2015-05-27,54.22616195678711
2015-05-28,54.190547943115234
2015-05-29,53.60639190673828
2015-06-01,54.126434326171875
2015-06-02,53.684776306152344
2015-06-03,53.03649139404297
2015-06-04,52.98663330078125
2015-06-05,52.34548568725586
2015-06-08,52.23863220214844
2015-06-09,51.861080169677734
2015-06-10,52.23151397705078
2015-06-11,52.64469909667969
2015-06-12,52.54496383666992
2015-06-15,52.27425003051758
2015-06-16,52.71592330932617
2015-06-17,53.04362487792969
2015-06-18,53.7773551940918
2015-06-19,53.42829132080078
2015-06-22,52.90114974975586
2015-06-23,52.64469909667969
2015-06-24,52.348548889160156
2015-06-25,51.85258865356445
2015-06-26,52.10417556762695
2015-06-29,51.2703971862793
2015-06-30,51.248844146728516
2015-07-01,52.03229522705078
2015-07-02,52.14730453491211
2015-07-06,52.38449478149414
2015-07-07,53.18952178955078
2015-07-08,52.90919876098633
2015-07-09,52.657630920410156
2015-07-10,53.02418899536133
2015-07-13,53.103267669677734
2015-07-14,53.247039794921875
2015-07-15,53.297340393066406
2015-07-16,53.67827606201172
2015-07-17,53.46983337402344
2015-07-20,53.56330108642578
2015-07-21,53.36921691894531
2015-07-22,53.52016830444336
2015-07-23,53.139225006103516
2015-07-24,53.153560638427734
2015-07-27,53.26858901977539
2015-07-28,53.36921691894531
2015-07-29,53.64234924316406
2015-07-30,53.44110107421875
2015-07-31,53.78611755371094
2015-08-03,54.05204391479492
2015-08-04,53.771728515625
2015-08-05,53.54173278808594
2015-08-06,53.54173278808594
2015-08-07,53.72861099243164
2015-08-10,53.73582077026367
2015-08-11,54.09519958496094
2015-08-12,54.17423629760742
2015-08-13,54.28205871582031
2015-08-14,54.59113311767578
2015-08-17,55.00083923339844
2015-08-18,55.04397201538086
2015-08-19,54.74208450317383
2015-08-20,54.31801223754883
2015-08-21,53.25420379638672
2015-08-24,50.76725387573242
2015-08-25,49.48783493041992
2015-08-26,50.72411346435547
2015-08-27,51.7447624206543
2015-08-28,51.687286376953125
2015-08-31,50.65943908691406
2015-09-01,49.69626235961914
2015-09-02,50.228172302246094
2015-09-03,50.32878875732422
2015-09-04,49.3728141784668
2015-09-08,50.12035369873047
2015-09-09,49.50936508178711
2015-09-10,49.56687927246094
2015-09-11,50.37910079956055
2015-09-14,50.35034942626953
2015-09-15,50.77443313598633
2015-09-16,51.42852783203125
2015-09-17,51.931678771972656
2015-09-18,51.7591552734375
2015-09-21,52.21197509765625
2015-09-22,51.521976470947266
2015-09-23,51.7591552734375
2015-09-24,51.28475570678711
2015-09-25,51.543060302734375
2015-09-28,50.614356994628906
2015-09-29,50.969886779785156
2015-09-30,51.47775650024414
2015-10-01,51.71718215942383
2015-10-02,52.167030334472656
2015-10-05,53.102996826171875
2015-10-06,52.97239685058594
2015-10-07,53.48753356933594
2015-10-08,53.93011474609375
2015-10-09,53.872074127197266
2015-10-12,54.162296295166016
2015-10-13,53.76324462890625
2015-10-14,53.41496658325195
2015-10-15,54.02444076538086
2015-10-16,54.45976638793945
2015-10-19,55.10549545288086
2015-10-20,55.170799255371094
2015-10-21,54.97490692138672
2015-10-22,55.577125549316406
2015-10-23,55.0692253112793
2015-10-26,55.06196594238281
2015-10-27,54.92411804199219
2015-10-28,55.13452911376953
2015-10-29,55.07648849487305
2015-10-30,54.67743682861328
2015-11-02,55.88909149169922
2015-11-03,55.33767318725586
2015-11-04,55.09825134277344
2015-11-05,55.257869720458984
2015-11-06,53.67616653442383
2015-11-09,52.95063400268555
2015-11-10,53.436737060546875
2015-11-11,53.50204849243164
2015-11-12,53.117496490478516
2015-11-13,52.5588264465332
2015-11-16,53.1755485534668
2015-11-17,53.2045783996582
2015-11-18,53.770511627197266
2015-11-19,53.92287063598633
2015-11-20,54.47427749633789
2015-11-23,54.5685920715332
2015-11-24,54.30013656616211
2015-11-25,54.481529235839844
2015-11-27,54.9168701171875
2015-11-30,54.5685920715332
2015-12-01,55.24336624145508
2015-12-02,54.19857406616211
2015-12-03,53.40046691894531
2015-12-04,54.29288864135742
2015-12-07,54.14776611328125
2015-12-08,54.01716995239258
2015-12-09,53.68342208862305
2015-12-10,53.37869644165039
2015-12-11,53.13199996948242
2015-12-14,53.298892974853516
2015-12-15,53.88658905029297
2015-12-16,54.94590377807617
2015-12-17,54.67743682861328
2015-12-18,53.98091125488281
2015-12-21,54.256614685058594
2015-12-22,54.481529235839844
2015-12-23,55.09825134277344
2015-12-24,55.112972259521484
2015-12-28,55.274600982666016
2015-12-29,55.84042739868164
2015-12-30,55.59060287475586
2015-12-31,55.17173767089844
2016-01-04,54.63528823852539
2016-01-05,55.531803131103516
2016-01-06,55.348114013671875
2016-01-07,54.113582611083984
2016-01-08,53.474239349365234
2016-01-11,53.687355041503906
2016-01-12,53.312591552734375
2016-01-13,52.5042724609375
2016-01-14,52.43079376220703
2016-01-15,51.8355598449707
2016-01-19,51.98987579345703
2016-01-20,50.60838317871094
2016-01-21,50.9464111328125
2016-01-22,52.3572998046875
2016-01-25,51.842918395996094
2016-01-26,52.95252227783203
2016-01-27,52.12950897216797
2016-01-28,51.78413391113281
2016-01-29,52.90843200683594
2016-02-01,52.915775299072266
2016-02-02,52.3572998046875
2016-02-03,52.61448287963867
2016-02-04,52.67328643798828
2016-02-05,51.49018478393555
2016-02-08,49.97641372680664
2016-02-09,49.168094635009766
2016-02-10,49.425296783447266
2016-02-11,48.69780731201172
2016-02-12,49.32976150512695
2016-02-16,50.27770233154297
2016-02-17,50.73329162597656
2016-02-18,51.218292236328125
2016-02-19,51.328529357910156
2016-02-22,51.92375564575195
2016-02-23,51.798824310302734
2016-02-24,51.820858001708984
2016-02-25,52.7614631652832
2016-02-26,52.59978485107422
2016-02-29,52.51161193847656
2016-03-01,53.878414154052734
2016-03-02,54.289920806884766
2016-03-03,54.56181335449219
2016-03-04,54.70878601074219
2016-03-07,54.81165313720703
2016-03-08,54.24583435058594
2016-03-09,54.46629333496094
2016-03-10,54.32669448852539
2016-03-11,55.612648010253906
2016-03-14,55.5391845703125
2016-03-15,55.52446365356445
2016-03-16,56.22991180419922
2016-03-17,57.01618194580078
2016-03-18,56.79573440551758
2016-03-21,56.428314208984375
2016-03-22,56.443031311035156
2016-03-23,56.04519271850586
2016-03-24,56.08979415893555
2016-03-28,56.521095275878906
2016-03-29,57.6439208984375
2016-03-30,57.554691314697266
2016-03-31,57.89674758911133
2016-04-01,57.93394088745117
2016-04-04,57.85212707519531
2016-04-05,57.52493667602539
2016-04-06,57.666236877441406
2016-04-07,57.35392761230469
2016-04-08,57.68110656738281
2016-04-11,57.60673904418945
2016-04-12,58.00084686279297
2016-04-13,57.86701583862305
2016-04-14,57.49519348144531
2016-04-15,57.87445831298828
2016-04-18,58.11983871459961
2016-04-19,58.179325103759766
2016-04-20,57.361351013183594
2016-04-21,56.387264251708984
2016-04-22,56.98957824707031
2016-04-25,57.34648895263672
2016-04-26,57.554691314697266
2016-04-27,57.539817810058594
2016-04-28,57.40595626831055
2016-04-29,56.93007278442383
2016-05-02,57.68855285644531
2016-05-03,57.562129974365234
2016-05-04,58.33546829223633
2016-05-05,58.558570861816406
2016-05-06,59.13112258911133
2016-05-09,59.60704040527344
2016-05-10,59.718570709228516
2016-05-11,58.65522003173828
2016-05-12,58.945213317871094
2016-05-13,58.46931838989258
2016-05-16,58.93034744262695
2016-05-17,58.03800964355469
2016-05-18,57.22752380371094
2016-05-19,56.61030960083008
2016-05-20,57.063907623291016
2016-05-23,57.11598205566406
2016-05-24,57.80008316040039
2016-05-25,57.889312744140625
2016-05-26,57.92649459838867
2016-05-27,58.179325103759766
2016-05-31,58.18674087524414
2016-06-01,58.22392272949219
2016-06-02,58.5362434387207
2016-06-03,58.71470260620117
2016-06-06,58.35036087036133
2016-06-07,58.70726776123047
2016-06-08,59.019588470458984
2016-06-09,59.108821868896484
2016-06-10,58.818817138671875
2016-06-13,58.774192810058594
2016-06-14,58.45445251464844
2016-06-15,58.98983383178711
2016-06-16,59.28728485107422
2016-06-17,59.198036193847656
2016-06-20,59.309574127197266
2016-06-21,59.55343246459961
2016-06-22,59.5234375
2016-06-23,59.921119689941406
2016-06-24,59.193294525146484
2016-06-27,59.08073425292969
2016-06-28,60.36381149291992
2016-06-29,61.13665008544922
2016-06-30,61.819419860839844
2016-07-01,61.77442932128906
2016-07-05,62.24711990356445
2016-07-06,62.02202606201172
2016-07-07,61.474300384521484
2016-07-08,62.38216781616211
2016-07-11,62.83237838745117
2016-07-12,62.907405853271484
2016-07-13,63.1700439453125
2016-07-14,62.70485305786133
2016-07-15,62.757354736328125
2016-07-18,62.91490936279297
2016-07-19,63.20001220703125
2016-07-20,63.185020446777344
2016-07-21,63.27508544921875
2016-07-22,63.80029296875
2016-07-25,63.74028015136719
2016-07-26,63.4476203918457
2016-07-27,62.99745559692383
2016-07-28,63.46266555786133
2016-07-29,64.07793426513672
2016-08-01,64.30301666259766
2016-08-02,63.32760238647461
2016-08-03,63.057456970214844
2016-08-04,62.907405853271484
2016-08-05,62.989933013916016
2016-08-08,63.04996871948242
2016-08-09,63.28255844116211
2016-08-10,63.20001220703125
2016-08-11,62.59976577758789
2016-08-12,62.772335052490234
2016-08-15,62.727325439453125
2016-08-16,61.99202346801758
2016-08-17,62.17207336425781
2016-08-18,61.99202346801758
2016-08-19,61.541812896728516
2016-08-22,61.85693359375
2016-08-23,61.99202346801758
2016-08-24,61.69187545776367
2016-08-25,61.91697311401367
2016-08-26,61.33921813964844
2016-08-29,61.91697311401367
2016-08-30,61.81194305419922
2016-08-31,61.931976318359375
2016-09-01,61.826934814453125
2016-09-02,62.32215118408203
2016-09-06,62.76484680175781
2016-09-07,63.12498092651367
2016-09-08,62.40468978881836
2016-09-09,59.921119689941406
2016-09-12,60.64891815185547
2016-09-13,59.170780181884766
2016-09-14,59.350860595703125
2016-09-15,59.62095642089844
2016-09-16,59.56095886230469
2016-09-19,60.123695373535156
2016-09-20,60.02617645263672
2016-09-21,60.716468811035156
2016-09-22,61.894500732421875
2016-09-23,62.05201721191406
2016-09-26,62.12467956542969
2016-09-27,61.64039993286133
2016-09-28,61.980899810791016
2016-09-29,61.31502914428711
2016-09-30,61.0199089050293
2016-10-03,59.91512680053711
2016-10-04,59.052467346191406
2016-10-05,57.90989303588867
2016-10-06,58.00825881958008
2016-10-07,57.9250373840332
2016-10-10,58.26552200317383
2016-10-11,57.6828727722168
2016-10-12,58.462257385253906
2016-10-13,58.787654876708984
2016-10-14,58.590919494628906
2016-10-17,58.666587829589844
2016-10-18,59.0676383972168
2016-10-19,59.317325592041016
2016-10-20,59.09033203125
2016-10-21,59.0146598815918
2016-10-24,59.173553466796875
2016-10-25,59.0600471496582
2016-10-26,58.37146759033203
2016-10-27,57.0321159362793
2016-10-28,57.1456184387207
2016-10-31,57.993125915527344
2016-11-01,56.71431350708008
2016-11-02,55.987884521484375
2016-11-03,55.662506103515625
2016-11-04,55.95762252807617
2016-11-07,56.87320327758789
2016-11-08,57.22129440307617
2016-11-09,56.16192626953125
2016-11-10,55.14037322998047
2016-11-11,55.43548583984375
2016-11-14,56.3737907409668
2016-11-15,56.16948699951172
2016-11-16,56.048423767089844
2016-11-17,55.58681869506836
2016-11-18,55.75331115722656
2016-11-21,55.760868072509766
2016-11-22,56.71431350708008
2016-11-23,56.404056549072266
2016-11-25,56.69159698486328
2016-11-28,56.88834762573242
2016-11-29,57.35749435424805
2016-11-30,56.638641357421875
2016-12-01,55.74573516845703
2016-12-02,56.3359489440918
2016-12-05,56.78242492675781
2016-12-06,57.1456184387207
2016-12-07,58.257972717285156
2016-12-08,58.553077697753906
2016-12-09,58.5076789855957
2016-12-12,58.87091064453125
2016-12-13,58.87091064453125
2016-12-14,57.781246185302734
2016-12-15,57.34991455078125
2016-12-16,58.11418533325195
2016-12-19,58.75738525390625
2016-12-20,58.86332321166992
2016-12-21,58.138980865478516
2016-12-22,58.03155517578125
2016-12-23,58.185028076171875
2016-12-27,58.254085540771484
2016-12-28,57.90878677368164
2016-12-29,58.484275817871094
2016-12-30,59.03672790527344
2017-01-03,59.27460861206055
2017-01-04,60.08795928955078
2017-01-05,60.295127868652344
2017-01-06,60.16468048095703
2017-01-09,59.765682220458984
2017-01-10,59.20552444458008
2017-01-11,58.95233154296875
2017-01-12,59.22087097167969
2017-01-13,59.159488677978516
2017-01-17,59.55849838256836
2017-01-18,59.65824508666992
2017-01-19,59.03672790527344
2017-01-20,59.4127197265625
2017-01-23,59.86541748046875
2017-01-24,60.003543853759766
2017-01-25,59.68125534057617
2017-01-26,59.61989212036133
2017-01-27,59.05976104736328
2017-01-30,58.653072357177734
2017-01-31,59.11346435546875
2017-02-01,58.41520690917969
2017-02-02,59.06742858886719
2017-02-03,59.46642303466797
2017-02-06,59.266910552978516
2017-02-07,59.18251419067383
2017-02-08,59.612205505371094
2017-02-09,59.79635238647461
2017-02-10,60.25676345825195
2017-02-13,60.45624923706055
2017-02-14,60.11863327026367
2017-02-15,60.06492233276367
2017-02-16,60.348838806152344
2017-02-17,60.44858169555664
2017-02-21,61.20822525024414
2017-02-22,61.054752349853516
2017-02-23,61.31563949584961
2017-02-24,61.62255859375
2017-02-27,61.944820404052734
2017-02-28,61.69929885864258
2017-03-01,61.507469177246094
2017-03-02,61.25425720214844
2017-03-03,61.10847091674805
2017-03-06,60.82456588745117
2017-03-07,60.56367874145508
2017-03-08,59.63523483276367
2017-03-09,58.875606536865234
2017-03-10,58.72981643676758
2017-03-13,58.82188415527344
2017-03-14,58.7681884765625
2017-03-15,59.8500862121582
2017-03-16,59.75032424926758
2017-03-17,60.003543853759766
2017-03-20,59.98051834106445
2017-03-21,59.78870391845703
2017-03-22,59.81939697265625
2017-03-23,60.26442337036133
2017-03-24,60.22182846069336
2017-03-27,59.81123733520508
2017-03-28,60.07463836669922
2017-03-29,60.33803176879883
2017-03-30,60.516197204589844
2017-03-31,60.80281066894531
2017-04-03,60.857051849365234
2017-04-04,60.80281066894531
2017-04-05,60.81831359863281
2017-04-06,61.23663330078125
2017-04-07,61.30634689331055
2017-04-10,61.7324104309082
2017-04-11,62.0732307434082
2017-04-12,61.933807373046875
2017-04-13,61.80988311767578
2017-04-17,62.58451461791992
2017-04-18,62.73170471191406
2017-04-19,62.6309814453125
2017-04-20,62.66975784301758
2017-04-21,62.421852111816406
2017-04-24,61.87957763671875
2017-04-25,62.05774688720703
2017-04-26,61.64717102050781
2017-04-27,61.71688461303711
2017-04-28,61.14365768432617
2017-05-01,61.515525817871094
2017-05-02,61.36057662963867
2017-05-03,60.624664306640625
2017-05-04,60.361270904541016
2017-05-05,60.94224166870117
2017-05-08,60.59366226196289
2017-05-09,60.268306732177734
2017-05-10,60.59366226196289
2017-05-11,60.268306732177734
2017-05-12,60.10561752319336
2017-05-15,60.3225212097168
2017-05-16,59.9816780090332
2017-05-17,60.299278259277344
2017-05-18,60.46195983886719
2017-05-19,60.81831359863281
2017-05-22,60.996463775634766
2017-05-23,61.13590621948242
2017-05-24,61.54648208618164
2017-05-25,61.67818069458008
2017-05-26,61.2985954284668
2017-05-30,61.05845260620117
2017-05-31,61.07395935058594
2017-06-01,61.321834564208984
2017-06-02,61.92606735229492
2017-06-05,61.7324104309082
2017-06-06,61.42253875732422
2017-06-07,61.67818069458008
2017-06-08,61.577457427978516
2017-06-09,61.97252655029297
2017-06-12,62.38310241699219
2017-06-13,62.514808654785156
2017-06-14,62.71620178222656
2017-06-15,62.9331169128418
2017-06-16,62.89437484741211
2017-06-19,63.00285339355469
2017-06-20,62.793678283691406
2017-06-21,62.5457763671875
2017-06-22,62.66975784301758
2017-06-23,62.917633056640625
2017-06-26,63.320438385009766
2017-06-27,62.946083068847656
2017-06-28,63.03205871582031
2017-06-29,62.34428024291992
2017-06-30,62.34428024291992
2017-07-03,63.00862121582031
2017-07-05,62.29739761352539
2017-07-06,61.2110481262207
2017-07-07,61.508026123046875
2017-07-10,61.05473327636719
2017-07-11,60.9843635559082
2017-07-12,61.75032043457031
2017-07-13,61.77375411987305
2017-07-14,62.398990631103516
2017-07-17,62.64908981323242
2017-07-18,62.492794036865234
2017-07-19,62.99297332763672
2017-07-20,62.74287033081055
2017-07-21,62.8757209777832
2017-07-24,62.711612701416016
2017-07-25,62.78977584838867
2017-07-26,63.1258430480957
2017-07-27,63.1805419921875
2017-07-28,63.04769515991211
2017-07-31,63.03986358642578
2017-08-01,63.32122039794922
2017-08-02,62.922637939453125
2017-08-03,62.70380783081055
2017-08-04,62.91483688354492
2017-08-07,62.961734771728516
2017-08-08,62.61785125732422
2017-08-09,62.50840377807617
2017-08-10,62.03168487548828
2017-08-11,61.734683990478516
2017-08-14,62.68034744262695
2017-08-15,62.5006217956543
2017-08-16,62.774147033691406
2017-08-17,62.34428024291992
2017-08-18,61.88317108154297
2017-08-21,62.43809127807617
2017-08-22,62.383384704589844
2017-08-23,62.8991813659668
2017-08-24,62.836673736572266
2017-08-25,63.13363265991211
2017-08-28,62.813201904296875
2017-08-29,62.719451904296875
2017-08-30,63.05549621582031
2017-08-31,63.461891174316406
2017-09-01,63.4697265625
2017-09-05,63.336856842041016
2017-09-06,63.461891174316406
2017-09-07,63.876129150390625
2017-09-08,63.837059020996094
2017-09-11,64.37631225585938
2017-09-12,63.72764587402344
2017-09-13,63.4931640625
2017-09-14,63.88394546508789
2017-09-15,64.1496810913086
2017-09-18,63.8057746887207
2017-09-19,63.313411712646484
2017-09-20,63.15708923339844
2017-09-21,62.95391845703125
2017-09-22,62.5787467956543
2017-09-25,62.91483688354492
2017-09-26,62.93216323852539
2017-09-27,62.42768478393555
2017-09-28,62.89274215698242
2017-09-29,62.96368408203125
2017-10-02,62.83757400512695
2017-10-03,62.88487243652344
2017-10-04,63.286869049072266
2017-10-05,63.483917236328125
2017-10-06,63.255348205566406
2017-10-09,63.38147735595703
2017-10-10,63.46815490722656
2017-10-11,63.73616027832031
2017-10-12,64.1539077758789
2017-10-13,64.29578399658203
2017-10-16,63.972633361816406
2017-10-17,64.0278091430664
2017-10-18,63.956851959228516
2017-10-19,63.90955352783203
2017-10-20,63.70460510253906
2017-10-23,63.40509033203125
2017-10-24,63.089813232421875
2017-10-25,62.845458984375
2017-10-26,62.4592170715332
2017-10-27,62.742984771728516
2017-10-30,62.876983642578125
2017-10-31,62.99523162841797
2017-11-01,63.042510986328125
2017-11-02,63.436614990234375
2017-11-03,63.397212982177734
2017-11-06,64.13027954101562
2017-11-07,64.58744049072266
2017-11-08,65.0209732055664
2017-11-09,64.99732208251953
2017-11-10,65.03672790527344
2017-11-13,65.273193359375
2017-11-14,65.17072296142578
2017-11-15,64.61107635498047
2017-11-16,65.04461669921875
2017-11-17,64.74508666992188
2017-11-20,64.61107635498047
2017-11-21,65.0761489868164
2017-11-22,64.89486694335938
2017-11-24,65.02884674072266
2017-11-27,64.76085662841797
2017-11-28,64.61894989013672
2017-11-29,64.54015350341797
2017-11-30,64.61107635498047
2017-12-01,64.72933959960938
2017-12-04,64.23272705078125
2017-12-05,63.85438537597656
2017-12-06,63.83074951171875
2017-12-07,64.09085083007812
2017-12-08,64.30365753173828
2017-12-11,64.3746109008789
2017-12-12,64.63471984863281
2017-12-13,64.76872253417969
2017-12-14,64.72933959960938
2017-12-15,64.99732208251953
2017-12-18,65.35991668701172
2017-12-19,64.10128784179688
2017-12-20,63.432159423828125
2017-12-21,63.20116424560547
2017-12-22,63.599449157714844
2017-12-26,63.910118103027344
2017-12-27,64.14114379882812
2017-12-28,64.51551818847656
2017-12-29,64.53146362304688
2018-01-02,64.20484161376953
2018-01-03,64.10128784179688
2018-01-04,63.09761047363281
2018-01-05,63.161354064941406
2018-01-08,63.519805908203125
2018-01-09,62.78694534301758
2018-01-10,62.02220916748047
2018-01-11,61.807132720947266
2018-01-12,61.30528259277344
2018-01-16,61.4725456237793
2018-01-17,61.91068649291992
2018-01-18,61.30528259277344
2018-01-19,61.703575134277344
2018-01-22,62.2054328918457
2018-01-23,63.06574249267578
2018-01-24,62.84268569946289
2018-01-25,62.723182678222656
2018-01-26,62.747093200683594
2018-01-29,61.94255828857422
2018-01-30,61.60797882080078
2018-01-31,62.57981872558594
2018-02-01,61.536277770996094
2018-02-02,60.906978607177734
2018-02-05,58.947391510009766
2018-02-06,59.15449523925781
2018-02-07,58.923492431640625
2018-02-08,57.18693923950195
2018-02-09,58.373844146728516
2018-02-12,58.549102783203125
2018-02-13,58.99518585205078
2018-02-14,58.70841598510742
2018-02-15,59.2899055480957
2018-02-16,59.791751861572266
2018-02-20,59.05093765258789
2018-02-21,58.071144104003906
2018-02-22,58.61282730102539
2018-02-23,59.608551025390625
2018-02-26,59.81566619873047
2018-02-27,58.55706024169922
2018-02-28,58.41367721557617
2018-03-01,58.2304573059082
2018-03-02,58.12690734863281
2018-03-05,58.78010559082031
2018-03-06,59.15449523925781
2018-03-07,59.45721435546875
2018-03-08,59.75989532470703
2018-03-09,60.13429641723633
2018-03-12,60.437007904052734
2018-03-13,60.5325813293457
2018-03-14,60.58038330078125
2018-03-15,60.5644645690918
2018-03-16,60.92291259765625
2018-03-19,60.35734939575195
2018-03-20,60.30953598022461
2018-03-21,59.84750747680664
2018-03-22,59.500553131103516
2018-03-23,58.55278396606445
2018-03-26,59.291717529296875
2018-03-27,59.45234680175781
2018-03-28,60.60092544555664
2018-03-29,60.61698913574219
2018-04-02,59.781646728515625
2018-04-03,60.17522048950195
2018-04-04,60.84993362426758
2018-04-05,60.9061279296875
2018-04-06,60.35995101928711
2018-04-09,60.25554656982422
2018-04-10,60.022621154785156
2018-04-11,60.15915298461914
2018-04-12,59.58887481689453
2018-04-13,59.797725677490234
2018-04-16,60.08687210083008
2018-04-17,60.86597442626953
2018-04-18,60.76156234741211
2018-04-19,59.894100189208984
2018-04-20,59.38007736206055
2018-04-23,59.42022705078125
2018-04-24,59.56481170654297
2018-04-25,59.4362907409668
2018-04-26,60.15915298461914
2018-04-27,60.93825912475586
2018-04-30,60.7535400390625
2018-05-01,61.179222106933594
2018-05-02,60.970401763916016
2018-05-03,60.99448776245117
2018-05-04,61.63701629638672
2018-05-07,61.974403381347656
2018-05-08,61.66915512084961
2018-05-09,62.04667282104492
2018-05-10,62.6169319152832
2018-05-11,62.359928131103516
2018-05-14,61.902103424072266
2018-05-15,60.9864501953125
2018-05-16,60.80974197387695
2018-05-17,60.49650573730469
2018-05-18,60.6330680847168
2018-05-21,61.283634185791016
2018-05-22,61.36394500732422
2018-05-23,61.88602828979492
2018-05-24,61.733421325683594
2018-05-25,61.9422607421875
2018-05-29,62.12698745727539
2018-05-30,62.91411209106445
2018-05-31,62.80167007446289
2018-06-01,63.01853561401367
2018-06-04,63.572750091552734
2018-06-05,63.49244689941406
2018-06-06,63.56472396850586
2018-06-07,63.6048698425293
2018-06-08,63.78958511352539
2018-06-11,63.80565643310547
2018-06-12,64.12693786621094
2018-06-13,62.83380889892578
2018-06-14,63.46030807495117
2018-06-15,63.5245475769043
2018-06-18,63.468318939208984
2018-06-19,63.46030807495117
2018-06-20,64.07875061035156
2018-06-21,64.40807342529297
2018-06-22,64.81770324707031
2018-06-25,64.59280395507812
2018-06-26,64.84827423095703
2018-06-27,64.49951934814453
2018-06-28,65.1888656616211
2018-06-29,65.35108184814453
2018-07-02,64.9618148803711
2018-07-03,65.44841003417969
2018-07-05,66.29998016357422
2018-07-06,66.57568359375
2018-07-09,65.9836654663086
2018-07-10,66.18640899658203
2018-07-11,65.9836654663086
2018-07-12,66.1783218383789
2018-07-13,65.95122528076172
2018-07-16,65.65115356445312
2018-07-17,65.30242919921875
2018-07-18,64.9942398071289
2018-07-19,65.65115356445312
2018-07-20,65.09967803955078
2018-07-23,64.93745422363281
2018-07-24,64.6211929321289
2018-07-25,65.14832305908203
2018-07-26,65.32676696777344
2018-07-27,64.69416046142578
2018-07-30,64.78337860107422
2018-07-31,65.89446258544922
2018-08-01,66.11343383789062
2018-08-02,65.89446258544922
2018-08-03,66.67302703857422
2018-08-06,66.63249969482422
2018-08-07,66.39728546142578
2018-08-08,65.99989318847656
2018-08-09,66.08098602294922
2018-08-10,65.48896026611328
2018-08-13,65.4565200805664
2018-08-14,65.81336975097656
2018-08-15,66.30807495117188
2018-08-16,66.84333038330078
2018-08-17,67.4434814453125
2018-08-20,67.5489273071289
2018-08-21,67.09476470947266
2018-08-22,66.7216796875
2018-08-23,66.57568359375
2018-08-24,66.91634368896484
2018-08-27,66.794677734375
2018-08-28,67.50834655761719
2018-08-29,67.4434814453125
2018-08-30,67.20829010009766
2018-08-31,67.459716796875
2018-09-04,66.74601745605469
2018-09-05,67.05419158935547
2018-09-06,67.31371307373047
2018-09-07,66.49459075927734
2018-09-10,66.91634368896484
2018-09-11,66.77845764160156
2018-09-12,66.83523559570312
2018-09-13,67.23262786865234
2018-09-14,66.68923950195312
2018-09-17,66.92443084716797
2018-09-18,66.68923950195312
2018-09-19,65.80524444580078
2018-09-20,66.46214294433594
2018-09-21,66.42972564697266
2018-09-24,65.26187896728516
2018-09-25,65.15645599365234
2018-09-26,64.56021118164062
2018-09-27,64.7322006225586
2018-09-28,65.53479766845703
2018-10-01,64.99430084228516
2018-10-02,64.90419006347656
2018-10-03,64.45377349853516
2018-10-04,63.80677795410156
2018-10-05,63.72486877441406
2018-10-08,64.56840515136719
2018-10-09,64.70763397216797
2018-10-10,63.73306655883789
2018-10-11,61.996822357177734
2018-10-12,61.87397766113281
2018-10-15,62.20973205566406
2018-10-16,63.56105422973633
2018-10-17,63.249855041503906
2018-10-18,63.1761360168457
2018-10-19,63.65934753417969
2018-10-22,62.8239860534668
2018-10-23,63.225303649902344
2018-10-24,63.68391799926758
2018-10-25,64.47013854980469
2018-10-26,62.95500564575195
2018-10-29,63.68391799926758
2018-10-30,64.64212799072266
2018-10-31,63.97055435180664
2018-11-01,64.20806121826172
2018-11-02,63.65934753417969
2018-11-05,64.59298706054688
2018-11-06,64.87142944335938
2018-11-07,65.69041442871094
2018-11-08,65.7149887084961
2018-11-09,65.80506896972656
2018-11-12,65.73139190673828
2018-11-13,65.78868865966797
2018-11-14,65.67405700683594
2018-11-15,65.26454162597656
2018-11-16,66.05078125
2018-11-19,66.05078125
2018-11-20,65.34642791748047
2018-11-21,65.43653869628906
2018-11-23,65.21540069580078
2018-11-26,65.44471740722656
2018-11-27,65.64946746826172
2018-11-28,66.23094940185547
2018-11-29,66.32102966308594
2018-11-30,66.97621154785156
2018-12-03,67.28742980957031
2018-12-04,66.24732208251953
2018-12-06,67.90984344482422
2018-12-07,66.95164489746094
2018-12-10,66.57492065429688
2018-12-11,66.62403106689453
2018-12-12,65.52664184570312
2018-12-13,65.91971588134766
2018-12-14,65.78868865966797
2018-12-17,63.36008071899414
2018-12-18,63.928504943847656
2018-12-19,63.228271484375
2018-12-20,62.30556869506836
2018-12-21,61.53118896484375
2018-12-24,59.315120697021484
2018-12-26,61.25933837890625
2018-12-27,61.358192443847656
2018-12-28,61.54766845703125
2018-12-31,61.737152099609375
2019-01-02,60.402565002441406
2019-01-03,60.78974914550781
2019-01-04,61.44057083129883
2019-01-07,62.05841827392578
2019-01-08,63.18707275390625
2019-01-09,63.104671478271484
2019-01-10,63.977928161621094
2019-01-11,64.20037841796875
2019-01-14,63.994415283203125
2019-01-15,64.62875366210938
2019-01-16,65.03242492675781
2019-01-17,65.37844848632812
2019-01-18,65.62557220458984
2019-01-22,65.43609619140625
2019-01-23,65.43609619140625
2019-01-24,65.66675567626953
2019-01-25,66.43290710449219
2019-01-28,67.0343017578125
2019-01-29,67.56979370117188
2019-01-30,68.10527038574219
2019-01-31,68.82199096679688
2019-02-01,68.35242462158203
2019-02-04,68.81376647949219
2019-02-05,69.2339096069336
2019-02-06,68.75608825683594
2019-02-07,69.28334045410156
2019-02-08,69.29981231689453
2019-02-11,69.49752044677734
2019-02-12,69.0938491821289
2019-02-13,69.41515350341797
2019-02-14,69.6375961303711
2019-02-15,70.06596374511719
2019-02-19,70.0824203491211
2019-02-20,69.5881576538086
2019-02-21,69.64582824707031
2019-02-22,70.01653289794922
2019-02-25,69.50575256347656
2019-02-26,69.3162841796875
2019-02-27,69.11856842041016
2019-02-28,69.32453918457031
2019-03-01,69.1762466430664
2019-03-04,69.46458435058594
2019-03-05,69.67877960205078
2019-03-06,69.34098815917969
2019-03-07,69.21741485595703
2019-03-08,69.28334045410156
2019-03-11,70.30487823486328
2019-03-12,70.59321594238281
2019-03-13,70.91452026367188
2019-03-14,71.02162170410156
2019-03-15,70.85685729980469
2019-03-18,70.46138763427734
2019-03-19,70.25543975830078
2019-03-20,70.4902572631836
2019-03-21,71.68501281738281
2019-03-22,71.2535629272461
2019-03-25,71.2701644897461
2019-03-26,71.80116271972656
2019-03-27,71.6518325805664
2019-03-28,72.27408599853516
2019-03-29,72.21599578857422
2019-04-01,72.19112396240234
2019-04-02,72.6557388305664
2019-04-03,72.58106231689453
2019-04-04,72.47319793701172
2019-04-05,72.97103118896484
2019-04-08,72.53959655761719
2019-04-09,72.19112396240234
2019-04-10,72.84656524658203
2019-04-11,72.77189636230469
2019-04-12,73.153564453125
2019-04-15,72.78020477294922
2019-04-16,71.22036743164062
2019-04-17,70.57321166992188
2019-04-18,71.05445098876953
2019-04-22,70.35749816894531
2019-04-23,71.19549560546875
2019-04-24,71.66012573242188
2019-04-25,71.51904296875
2019-04-26,72.0583724975586
2019-04-29,71.36972045898438
2019-04-30,72.18282318115234
2019-05-01,72.13304901123047
2019-05-02,72.15791320800781
2019-05-03,72.73041534423828
2019-05-06,72.48980712890625
2019-05-07,71.17058563232422
2019-05-08,71.16229248046875
2019-05-09,71.3282470703125
2019-05-10,72.08324432373047
2019-05-13,72.00028228759766
2019-05-14,72.29895782470703
2019-05-15,72.77189636230469
2019-05-16,73.20333099365234
2019-05-17,72.99592590332031
2019-05-20,71.91732025146484
2019-05-21,72.52299499511719
2019-05-22,72.78020477294922
2019-05-23,72.87975311279297
2019-05-24,73.12035369873047
2019-05-28,72.3487548828125
2019-05-29,71.48587036132812
2019-05-30,71.7762680053711
2019-05-31,72.074951171875
2019-06-03,72.35706329345703
2019-06-04,72.12474822998047
2019-06-05,73.63475799560547
2019-06-06,73.74261474609375
2019-06-07,73.96662902832031
2019-06-10,73.74261474609375
2019-06-11,73.86709594726562
2019-06-12,74.10768127441406
2019-06-13,74.3814926147461
2019-06-14,74.50595092773438
2019-06-17,75.30437469482422
2019-06-18,75.17062377929688
2019-06-19,75.63880920410156
2019-06-20,75.97323608398438
2019-06-21,75.01176452636719
2019-06-24,74.54357147216797
2019-06-25,73.59043884277344
2019-06-26,72.20258331298828
2019-06-27,73.03865051269531
2019-06-28,72.9968490600586
2019-07-01,73.24768829345703
2019-07-02,74.39306640625
2019-07-03,75.37962341308594
2019-07-05,75.0368423461914
2019-07-08,75.279296875
2019-07-09,75.64718627929688
2019-07-10,76.04847717285156
2019-07-11,75.19568634033203
2019-07-12,75.06192016601562
2019-07-15,75.06192016601562
2019-07-16,74.88636779785156
2019-07-17,74.58536529541016
2019-07-18,74.60209655761719
2019-07-19,73.5068359375
2019-07-22,73.3730697631836
2019-07-23,74.11717224121094
2019-07-24,74.3261947631836
2019-07-25,73.9833984375
2019-07-26,74.2342300415039
2019-07-29,74.45159912109375
2019-07-30,74.9866714477539
2019-07-31,74.73585510253906
2019-08-01,74.66060638427734
2019-08-02,74.99504089355469
2019-08-05,73.64897155761719
2019-08-06,74.42650604248047
2019-08-07,75.20406341552734
2019-08-08,76.46651458740234
2019-08-09,76.4581527709961
2019-08-12,76.16553497314453
2019-08-13,76.2491455078125
2019-08-14,75.01176452636719
2019-08-15,75.83946228027344
2019-08-16,76.49996185302734
2019-08-19,77.07683563232422
2019-08-20,76.49996185302734
2019-08-21,76.78423309326172
2019-08-22,77.21060943603516
2019-08-23,76.1488265991211
2019-08-26,76.70899200439453
2019-08-27,76.4163589477539
2019-08-28,76.59192657470703
2019-08-29,77.20226287841797
2019-08-30,77.30256652832031
2019-09-03,78.05502319335938
2019-09-04,78.66536712646484
2019-09-05,78.17207336425781
2019-09-06,78.32258605957031
2019-09-09,77.81256866455078
2019-09-10,76.98487854003906
2019-09-11,77.06011962890625
2019-09-12,77.43633270263672
2019-09-13,76.53338623046875
2019-09-16,77.31932067871094
2019-09-17,78.1637191772461
2019-09-18,77.8878402709961
2019-09-19,78.26406860351562
2019-09-20,78.23062133789062
2019-09-23,78.34764862060547
2019-09-24,78.25
2019-09-25,78.30892181396484
2019-09-26,78.94886016845703
2019-09-27,78.46891784667969
2019-09-30,78.76361846923828
2019-10-01,77.93000793457031
2019-10-02,77.62687683105469
2019-10-03,78.38471984863281
2019-10-04,78.80570983886719
2019-10-07,78.58678436279297
2019-10-08,78.18262481689453
2019-10-09,78.43523406982422
2019-10-10,78.58678436279297
2019-10-11,78.52784729003906
2019-10-14,78.54468536376953
2019-10-15,78.58678436279297
2019-10-16,78.64573669433594
2019-10-17,79.0835952758789
2019-10-18,79.7151107788086
2019-10-21,80.2961196899414
2019-10-22,80.03511047363281
2019-10-23,80.1445541381836
2019-10-24,80.04352569580078
2019-10-25,79.22673034667969
2019-10-28,78.79730987548828
2019-10-29,79.06676483154297
2019-10-30,79.50460052490234
2019-10-31,79.36988067626953
2019-11-01,79.3109359741211
2019-11-04,78.69624328613281
2019-11-05,77.4163589477539
2019-11-06,77.64370727539062
2019-11-07,76.9027328491211
2019-11-08,76.75958251953125
2019-11-11,76.93641662597656
2019-11-12,76.39752960205078
2019-11-13,77.02061462402344
2019-11-14,77.63529968261719
2019-11-15,78.04788970947266
2019-11-18,78.45206451416016
2019-11-19,78.55310821533203
2019-11-20,78.53627014160156
2019-11-21,77.45848083496094
2019-11-22,77.20587921142578
2019-11-25,77.5090103149414
2019-11-26,78.44367218017578
2019-11-27,78.69624328613281
2019-11-29,78.47731018066406
2019-12-02,77.31532287597656
2019-12-03,77.786865234375
2019-12-04,78.08999633789062
2019-12-05,78.15736389160156
2019-12-06,78.29207611083984
2019-12-09,78.45206451416016
2019-12-10,77.98053741455078
2019-12-11,77.22269439697266
2019-12-12,76.2122573852539
2019-12-13,76.28804779052734
2019-12-16,76.77786254882812
2019-12-17,76.12306213378906
2019-12-18,77.10948181152344
2019-12-19,77.74724578857422
2019-12-20,78.23194122314453
2019-12-23,77.78978729248047
2019-12-24,78.00235748291016
2019-12-26,78.41902923583984
2019-12-27,78.631591796875
2019-12-30,78.69111633300781
2019-12-31,79.15032196044922
2020-01-02,78.27446746826172
2020-01-03,78.83568572998047
2020-01-06,78.90371704101562
2020-01-07,78.1043930053711
2020-01-08,78.2914810180664
2020-01-09,78.33397674560547
2020-01-10,79.01426696777344
2020-01-13,79.8561019897461
2020-01-14,79.54996490478516
2020-01-15,80.25576782226562
2020-01-16,80.85102081298828
2020-01-17,80.94457244873047
2020-01-21,81.76939392089844
2020-01-22,81.30171203613281
2020-01-23,81.78640747070312
2020-01-24,81.59931945800781
2020-01-27,81.20814514160156
2020-01-28,81.55680847167969
2020-01-29,81.30171203613281
2020-01-30,81.40374755859375
2020-01-31,80.41732788085938
2020-02-03,80.66395568847656
2020-02-04,81.48877716064453
2020-02-05,81.50579071044922
2020-02-06,81.81190490722656
2020-02-07,81.77789306640625
2020-02-10,82.60273742675781
2020-02-11,83.27449035644531
2020-02-12,83.93775177001953
2020-02-13,84.50751495361328
2020-02-14,85.27281951904297
2020-02-18,85.21329498291016
2020-02-19,84.141845703125
2020-02-20,85.05171966552734
2020-02-21,85.21329498291016
2020-02-24,84.0738296508789
2020-02-25,81.8204116821289
2020-02-26,80.96157836914062
2020-02-27,76.71833038330078
2020-02-28,74.32035064697266
2020-03-02,77.90029907226562
2020-03-03,77.90882110595703
2020-03-04,80.88502502441406
2020-03-05,79.12481689453125
2020-03-06,77.78125
2020-03-09,72.01589965820312
2020-03-10,74.79653930664062
2020-03-11,70.44276428222656
2020-03-12,63.580467224121094
2020-03-13,69.00566101074219
2020-03-16,57.36442565917969
2020-03-17,60.060020446777344
2020-03-18,54.15011215209961
2020-03-19,54.17562484741211
2020-03-20,51.80315399169922
2020-03-23,49.18408203125
2020-03-24,53.12118911743164
2020-03-25,56.03768539428711
2020-03-26,60.193092346191406
2020-03-27,60.27035140991211
2020-03-30,61.47233963012695
2020-03-31,59.72945785522461
2020-04-01,55.78871154785156
2020-04-02,56.02910614013672
2020-04-03,55.15338897705078
2020-04-06,59.29160690307617
2020-04-07,59.86684036254883
2020-04-08,64.15100860595703
2020-04-09,67.72258758544922
2020-04-13,64.96663665771484
2020-04-14,66.6837387084961
2020-04-15,64.15959930419922
2020-04-16,63.438411712646484
2020-04-17,65.32722473144531
2020-04-20,62.957611083984375
2020-04-21,61.80717468261719
2020-04-22,62.79450607299805
2020-04-23,62.21928024291992
2020-04-24,62.476844787597656
2020-04-27,64.45150756835938
2020-04-28,65.03531646728516
2020-04-29,66.03125
2020-04-30,65.29287719726562
2020-05-01,63.07781982421875
2020-05-04,62.88895034790039
2020-05-05,63.18942642211914
2020-05-06,62.14201354980469
2020-05-07,62.96620559692383
2020-05-08,64.46866607666016
2020-05-11,63.55861282348633
2020-05-12,60.6395263671875
2020-05-13,59.205753326416016
2020-05-14,59.48047637939453
2020-05-15,59.205753326416016
2020-05-18,62.657142639160156
2020-05-19,61.953121185302734
2020-05-20,62.554100036621094
2020-05-21,62.4682502746582
2020-05-22,63.31821823120117
2020-05-26,65.62773895263672
2020-05-27,66.8897933959961
2020-05-28,67.1645278930664
2020-05-29,66.46910858154297
2020-06-01,68.00592041015625
2020-06-02,68.61549377441406
2020-06-03,70.6760025024414
2020-06-04,70.07501983642578
2020-06-05,72.62491607666016
2020-06-08,74.53948211669922
2020-06-09,73.33751678466797
2020-06-10,71.46588897705078
2020-06-11,66.94989776611328
2020-06-12,69.34525299072266
2020-06-15,70.1429672241211
2020-06-16,71.52576446533203
2020-06-17,70.55778503417969
2020-06-18,69.80590057373047
2020-06-19,68.92436981201172
2020-06-22,68.79472351074219
2020-06-23,68.58731079101562
2020-06-24,66.62542724609375
2020-06-25,67.44649505615234
2020-06-26,66.10688018798828
2020-06-29,67.34278106689453
2020-06-30,68.11196899414062
2020-07-01,69.6417007446289
2020-07-02,69.42562866210938
2020-07-06,69.43426513671875
2020-07-07,68.11196899414062
2020-07-08,68.04283142089844
2020-07-09,67.66255950927734
2020-07-10,67.85269165039062
2020-07-13,67.01434326171875
2020-07-14,67.5242691040039
2020-07-15,68.22432708740234
2020-07-16,67.48104858398438
2020-07-17,68.32801818847656
2020-07-20,67.51563262939453
2020-07-21,67.68849182128906
2020-07-22,68.72559356689453
2020-07-23,68.37122344970703
2020-07-24,67.85269165039062
2020-07-27,68.63917541503906
2020-07-28,69.86640930175781
2020-07-29,71.43070983886719
2020-07-30,71.06770324707031
2020-07-31,70.9207992553711
2020-08-03,69.99603271484375
2020-08-04,70.87757873535156
2020-08-05,70.60965728759766
2020-08-06,70.61829376220703
2020-08-07,71.5776138305664
2020-08-10,71.75047302246094
2020-08-11,70.7133560180664
2020-08-12,71.39613342285156
2020-08-13,70.58372497558594
2020-08-14,70.59236907958984
2020-08-17,71.14549255371094
2020-08-18,70.80843353271484
2020-08-19,69.5379867553711
2020-08-20,70.16889190673828
2020-08-21,70.27259063720703
2020-08-24,70.8257064819336
2020-08-25,70.99858093261719
2020-08-26,70.33309173583984
2020-08-27,71.33563995361328
2020-08-28,71.77640533447266
2020-08-31,71.0849838256836
2020-09-01,71.16278076171875
2020-09-02,72.45917510986328
2020-09-03,71.56034088134766
2020-09-04,71.23192596435547
2020-09-08,70.34175109863281
2020-09-09,70.98127746582031
2020-09-10,70.03060913085938
2020-09-11,69.6417007446289
2020-09-14,71.50847625732422
2020-09-15,72.33816528320312
2020-09-16,72.72708892822266
2020-09-17,71.36154174804688
2020-09-18,69.82318115234375
2020-09-21,67.87863159179688
2020-09-22,68.67374420166016
2020-09-23,66.6990966796875
2020-09-24,66.9947280883789
2020-09-25,68.35115051269531
2020-09-28,69.71624755859375
2020-09-29,69.19454956054688
2020-09-30,69.42062377929688
2020-10-01,70.7596435546875
2020-10-02,71.8899917602539
2020-10-05,72.28996276855469
2020-10-06,71.83781433105469
2020-10-07,71.91607666015625
2020-10-08,73.04643249511719
2020-10-09,72.7333984375
2020-10-12,73.16815948486328
2020-10-13,71.99433898925781
2020-10-14,71.15092468261719
2020-10-15,71.4465560913086
2020-10-16,71.00311279296875
2020-10-19,69.85536193847656
2020-10-20,70.3770751953125
2020-10-21,70.09883117675781
2020-10-22,70.01188659667969
2020-10-23,70.43793487548828
2020-10-26,69.54235076904297
2020-10-27,68.51634979248047
2020-10-28,66.8382339477539
2020-10-29,67.85553741455078
2020-10-30,67.39469909667969
2020-11-02,69.0902328491211
2020-11-03,70.42053985595703
2020-11-04,70.56836700439453
2020-11-05,70.7944107055664
2020-11-06,70.39443969726562
2020-11-09,72.4291000366211
2020-11-10,73.23770141601562
2020-11-11,73.70726776123047
2020-11-12,72.82036590576172
2020-11-13,74.72455596923828
2020-11-16,75.33318328857422
2020-11-17,75.39405822753906
2020-11-18,74.03765869140625
2020-11-19,74.18545532226562
2020-11-20,73.8376693725586
2020-11-23,73.77680969238281
2020-11-24,73.98548126220703
2020-11-25,74.04635620117188
2020-11-27,73.82027435302734
2020-11-30,73.17686462402344
2020-12-01,74.0115737915039
2020-12-02,73.35074615478516
2020-12-03,73.89851379394531
2020-12-04,74.98538970947266
2020-12-07,74.40283966064453
2020-12-08,74.03765869140625
2020-12-09,73.47247314453125
2020-12-10,73.04643249511719
2020-12-11,73.08121490478516
2020-12-14,72.74053955078125
2020-12-15,74.14175415039062
2020-12-16,74.25558471679688
2020-12-17,74.98248291015625
2020-12-18,73.63380432128906
2020-12-21,73.16090393066406
2020-12-22,73.73889923095703
2020-12-23,73.2397232055664
2020-12-24,73.81771850585938
2020-12-28,74.49205780029297
2020-12-29,73.8877944946289
2020-12-30,74.22057342529297
2020-12-31,75.00874328613281
2021-01-04,72.46028900146484
2021-01-05,72.4515380859375
2021-01-06,72.41649627685547
2021-01-07,72.40775299072266
2021-01-08,73.10836029052734
2021-01-11,72.07496643066406
2021-01-12,72.04867553710938
2021-01-13,72.9332046508789
2021-01-14,73.24847412109375
2021-01-15,74.08043670654297
2021-01-19,73.87901306152344
2021-01-20,75.3678207397461
2021-01-21,75.14012908935547
2021-01-22,75.28898620605469
2021-01-25,75.84947967529297
2021-01-26,76.40121459960938
2021-01-27,75.13135528564453
2021-01-28,75.45539093017578
2021-01-29,74.68470764160156
2021-02-01,76.48880004882812
2021-02-02,76.9003677368164
2021-02-03,76.69021606445312
2021-02-04,77.12809753417969
2021-02-05,77.27696990966797
2021-02-08,77.4871597290039
2021-02-09,77.82870483398438
2021-02-10,78.32788848876953
2021-02-11,78.31036376953125
2021-02-12,78.41546630859375
2021-02-16,77.64479064941406
2021-02-17,77.53970336914062
2021-02-18,77.32951354980469
2021-02-19,77.68859100341797
2021-02-22,78.15271759033203
2021-02-23,78.59062194824219
2021-02-24,79.010986328125
2021-02-25,77.67981719970703
2021-02-26,76.49754333496094
2021-03-01,76.69021606445312
2021-03-02,76.06842803955078
2021-03-03,75.4028549194336
2021-03-04,74.65846252441406
2021-03-05,75.6042709350586
2021-03-08,76.22605895996094
2021-03-09,76.70771789550781
2021-03-10,77.44334411621094
2021-03-11,78.27533721923828
2021-03-12,79.5802230834961
2021-03-15,80.6749038696289
2021-03-16,80.49977111816406
2021-03-17,80.53478240966797
2021-03-18,79.82544708251953
2021-03-19,78.85334014892578
2021-03-22,79.55393981933594
2021-03-23,79.56270599365234
2021-03-24,79.19486999511719
2021-03-25,79.84968566894531
2021-03-26,81.61860656738281
2021-03-29,81.31060791015625
2021-03-30,81.24897766113281
2021-03-31,80.91456604003906
2021-04-01,82.35787963867188
2021-04-05,82.68351745605469
2021-04-06,82.90352630615234
2021-04-07,82.90352630615234
2021-04-08,82.70111846923828
2021-04-09,82.69231414794922
2021-04-12,83.14116668701172
2021-04-13,83.6427993774414
2021-04-14,83.13236999511719
2021-04-15,84.60209655761719
2021-04-16,84.7693099975586
2021-04-19,84.97172546386719
2021-04-20,85.86060333251953
2021-04-21,86.25664520263672
2021-04-22,85.90460968017578
2021-04-23,86.4238510131836
2021-04-26,86.56466674804688
2021-04-27,86.59105682373047
2021-04-28,86.2302474975586
2021-04-29,86.9343032836914
2021-04-30,87.2951431274414
2021-05-03,87.15433502197266
2021-05-04,86.36222839355469
2021-05-05,85.1125259399414
2021-05-06,85.57017517089844
2021-05-07,86.76708984375
2021-05-10,86.80227661132812
2021-05-11,85.81659698486328
2021-05-12,83.69560241699219
2021-05-13,84.71651458740234
2021-05-14,85.65817260742188
2021-05-17,85.73738861083984
2021-05-18,85.851806640625
2021-05-19,85.61419677734375
2021-05-20,86.67027282714844
2021-05-21,86.52066802978516
2021-05-24,87.49755859375
2021-05-25,87.57674407958984
2021-05-26,87.86717987060547
2021-05-27,87.56796264648438
2021-05-28,88.17523956298828
2021-06-01,89.56573486328125
2021-06-02,90.63941955566406
2021-06-03,90.46342468261719
2021-06-04,90.47222137451172
2021-06-07,91.36109161376953
2021-06-08,91.95075225830078
2021-06-09,92.1531753540039
2021-06-10,92.84664154052734
2021-06-11,92.38667297363281
2021-06-14,92.79356384277344
2021-06-15,91.82058715820312
2021-06-16,90.99800872802734
2021-06-17,91.13953399658203
2021-06-18,89.69779205322266
2021-06-21,91.51985931396484
2021-06-22,91.07763671875
2021-06-23,90.83879852294922
2021-06-24,90.5380630493164
2021-06-25,91.3075942993164
2021-06-28,90.94493865966797
2021-06-29,90.6795654296875
2021-06-30,90.16657257080078
2021-07-01,90.52037811279297
2021-07-02,90.82111358642578
2021-07-06,91.51103210449219
2021-07-07,91.84712982177734
2021-07-08,91.88251495361328
2021-07-09,93.22697448730469
2021-07-12,93.90805053710938
2021-07-13,92.55474090576172
2021-07-14,93.30656433105469
2021-07-15,93.54541015625
2021-07-16,93.56305694580078
2021-07-19,91.92675018310547
2021-07-20,93.99649810791016
2021-07-21,93.84612274169922
2021-07-22,93.1473388671875
2021-07-23,93.97879791259766
2021-07-26,93.9168930053711
2021-07-27,94.60679626464844
2021-07-28,94.15567779541016
2021-07-29,94.15567779541016
2021-07-30,94.3945083618164
2021-08-02,94.18224334716797
2021-08-03,94.36798858642578
2021-08-04,93.99649810791016
2021-08-05,94.94291687011719
2021-08-06,94.71294403076172
2021-08-09,94.19992065429688
2021-08-10,93.2535171508789
2021-08-11,93.78421020507812
2021-08-12,94.14685821533203
2021-08-13,94.68641662597656
2021-08-16,94.56256866455078
2021-08-17,94.57141876220703
2021-08-18,93.65152740478516
2021-08-19,94.16454315185547
2021-08-20,94.64218139648438
2021-08-23,94.42990112304688
2021-08-24,94.00533294677734
2021-08-25,93.99649810791016
2021-08-26,93.88150024414062
2021-08-27,94.79253387451172
2021-08-30,95.77433776855469
2021-08-31,96.22544860839844
2021-09-01,97.9590835571289
2021-09-02,98.39248657226562
2021-09-03,98.41897583007812
2021-09-07,97.3222427368164
2021-09-08,97.86177825927734
2021-09-09,95.96009826660156
2021-09-10,94.68641662597656
2021-09-13,95.0667495727539
2021-09-14,94.82791137695312
2021-09-15,95.18170928955078
2021-09-16,95.3586196899414
2021-09-17,94.45643615722656
2021-09-20,93.96112823486328
2021-09-21,93.96112823486328
2021-09-22,94.8809814453125
2021-09-23,94.5537338256836
2021-09-24,93.47168731689453
2021-09-27,92.20339965820312
2021-09-28,91.5470962524414
2021-09-29,92.24774932861328
2021-09-30,90.81095886230469
2021-10-01,92.08810424804688
2021-10-04,91.90185546875
2021-10-05,91.37855529785156
2021-10-06,92.28323364257812
2021-10-07,92.45174407958984
2021-10-08,91.64466094970703
2021-10-11,91.89298248291016
2021-10-12,93.14352416992188
2021-10-13,93.79987335205078
2021-10-14,95.0681381225586
2021-10-15,95.05038452148438
2021-10-18,95.27210235595703
2021-10-19,95.48497772216797
2021-10-20,96.90403747558594
2021-10-21,97.05482482910156
2021-10-22,97.57808685302734
2021-10-25,97.88851165771484
2021-10-26,98.18119049072266
2021-10-27,97.28540802001953
2021-10-28,98.41179656982422
2021-10-29,97.41844940185547
2021-11-01,97.59583282470703
2021-11-02,97.97720336914062
2021-11-03,98.17233276367188
2021-11-04,97.31201934814453
2021-11-05,97.77320861816406
2021-11-08,97.57808685302734
2021-11-09,97.79095458984375
2021-11-10,97.34750366210938
2021-11-11,97.55149841308594
2021-11-12,97.59583282470703
2021-11-15,98.17233276367188
2021-11-16,97.59583282470703
2021-11-17,97.94172668457031
2021-11-18,97.89737701416016
2021-11-19,97.45391845703125
2021-11-22,96.79761505126953
2021-11-23,97.57808685302734
2021-11-24,98.7576675415039
2021-11-26,96.02599334716797
2021-11-29,97.0370864868164
2021-11-30,95.0681381225586
2021-12-01,93.6047134399414
2021-12-02,96.45171356201172
2021-12-03,96.01713562011719
2021-12-06,97.56035614013672
2021-12-07,99.02377319335938
2021-12-08,99.6357192993164
2021-12-09,98.36746215820312
2021-12-10,98.6069107055664
2021-12-13,99.68849182128906
2021-12-14,98.46981048583984
2021-12-15,99.82288360595703
2021-12-16,99.84976196289062
2021-12-17,99.65264892578125
2021-12-20,98.85514068603516
2021-12-21,99.84976196289062
2021-12-22,100.81753540039062
2021-12-23,100.7279281616211
2021-12-27,102.41255187988281
2021-12-28,102.76200866699219
2021-12-29,103.43407440185547
2021-12-30,103.90003967285156
2021-12-31,104.07030487060547
2022-01-03,103.28174591064453
2022-01-04,103.0846176147461
2022-01-05,100.02897644042969
2022-01-06,100.01106262207031
2022-01-07,99.3390121459961
2022-01-10,98.83720397949219
2022-01-11,99.08811950683594
2022-01-12,99.18668365478516
2022-01-13,98.87305450439453
2022-01-14,97.93216705322266
2022-01-18,97.05403137207031
2022-01-19,95.83534240722656
2022-01-20,94.6435775756836
2022-01-21,94.41956329345703
2022-01-24,94.57186889648438
2022-01-25,94.14176177978516
2022-01-26,92.61843872070312
2022-01-27,91.22952270507812
2022-01-28,94.070068359375
2022-01-31,95.50379943847656
2022-02-01,94.9751205444336
2022-02-02,96.29234313964844
2022-02-03,95.0826416015625
2022-02-04,94.20450592041016
2022-02-07,94.04319763183594
2022-02-08,93.55033874511719
2022-02-09,95.69197845458984
2022-02-10,93.2994613647461
2022-02-11,92.33169555664062
2022-02-14,91.47145080566406
2022-02-15,92.17041015625
2022-02-16,92.47505950927734
2022-02-17,91.43561553955078
2022-02-18,90.960693359375
2022-02-22,90.49473571777344
2022-02-23,88.89971923828125
2022-02-24,90.47682189941406
2022-02-25,92.654296875
2022-02-28,91.12198638916016
2022-03-01,90.88898468017578
2022-03-02,92.45713806152344
2022-03-03,93.21881103515625
2022-03-04,93.67581176757812
2022-03-07,91.7582015991211
2022-03-08,91.24745178222656
2022-03-09,92.70804595947266
2022-03-10,92.93205261230469
2022-03-11,92.1524887084961
2022-03-14,91.49834442138672
2022-03-15,92.13455963134766
2022-03-16,93.2905044555664
2022-03-17,94.65251922607422
2022-03-18,94.83174133300781
2022-03-21,94.32992553710938
2022-03-22,94.58979797363281
2022-03-23,93.56827545166016
2022-03-24,94.16485595703125
2022-03-25,95.26263427734375
2022-03-28,96.3423843383789
2022-03-29,99.0867919921875
2022-03-30,98.41193389892578
2022-03-31,97.37716674804688
2022-04-01,99.00582122802734
2022-04-04,98.64588928222656
2022-04-05,98.32196044921875
2022-04-06,99.47370147705078
2022-04-07,98.72687530517578
2022-04-08,98.8438491821289
2022-04-11,97.74609375
2022-04-12,97.5301284790039
2022-04-13,98.10601043701172
2022-04-14,97.62909698486328
2022-04-18,97.2781753540039
2022-04-19,99.32073974609375
2022-04-20,101.12034606933594
2022-04-21,100.31954193115234
2022-04-22,98.5829086303711
2022-04-25,98.2499771118164
2022-04-26,96.64832305908203
2022-04-27,96.07243347167969
2022-04-28,97.8630599975586
2022-04-29,93.35501098632812
2022-05-02,91.051513671875
2022-05-03,92.41922760009766
2022-05-04,93.43599700927734
2022-05-05,90.99752044677734
2022-05-06,89.82777404785156
2022-05-09,86.02157592773438
2022-05-10,84.35694885253906
2022-05-11,84.1769790649414
2022-05-12,84.77985382080078
2022-05-13,87.0743637084961
2022-05-16,86.49849700927734
2022-05-17,87.4612808227539
2022-05-18,84.93283081054688
2022-05-19,84.72586822509766
2022-05-20,85.37371063232422
2022-05-23,86.41749572753906
2022-05-24,87.2453384399414
2022-05-25,87.86619567871094
2022-05-26,87.94718170166016
2022-05-27,90.3046646118164
2022-05-31,89.2069091796875
2022-06-01,88.41506958007812
2022-06-02,89.69282531738281
2022-06-03,88.49606323242188
2022-06-06,88.19012451171875
2022-06-07,89.3688735961914
2022-06-08,87.31732177734375
2022-06-09,85.38033294677734
2022-06-10,83.50205993652344
2022-06-13,79.38429260253906
2022-06-14,78.7612075805664
2022-06-15,80.54017639160156
2022-06-16,78.51739501953125
2022-06-17,79.1585464477539
2022-06-21,80.39569091796875
2022-06-22,81.5515365600586
2022-06-23,83.1498794555664
2022-06-24,84.91979217529297
2022-06-27,84.73016357421875
2022-06-28,83.7278060913086
2022-06-29,83.22213745117188
2022-06-30,83.05958557128906
2022-07-01,84.62179565429688
2022-07-05,84.26962280273438
2022-07-06,84.2605972290039
2022-07-07,84.40509033203125
2022-07-08,83.98969268798828
2022-07-11,83.82714080810547
2022-07-12,83.40272521972656
2022-07-13,83.0505599975586
2022-07-14,82.23783874511719
2022-07-15,83.63751220703125
2022-07-18,82.96025848388672
2022-07-19,85.10041046142578
2022-07-20,84.8475570678711
2022-07-21,85.58802795410156
2022-07-22,86.10275268554688
2022-07-25,86.22919464111328
2022-07-26,86.28335571289062
2022-07-27,87.0057601928711
2022-07-28,89.89543914794922
2022-07-29,90.4191665649414
2022-08-01,89.66064453125
2022-08-02,88.5047836303711
2022-08-03,88.78472137451172
2022-08-04,88.73957061767578
2022-08-05,88.9924087524414
2022-08-08,89.70579528808594
2022-08-09,90.23858642578125
2022-08-10,91.58407592773438
2022-08-11,91.26802062988281
2022-08-12,92.73091125488281
2022-08-15,93.18241882324219
2022-08-16,92.83927917480469
2022-08-17,92.45097351074219
2022-08-18,91.73759460449219
2022-08-19,90.89778900146484
2022-08-22,89.0014419555664
2022-08-23,87.81847381591797
2022-08-24,88.34224700927734
2022-08-25,89.70579528808594
2022-08-26,87.50243377685547
2022-08-29,86.725830078125
2022-08-30,85.46161651611328
2022-08-31,85.11847686767578
2022-09-01,85.27198028564453
2022-09-02,84.17029571533203
2022-09-06,85.13652801513672
2022-09-07,86.79806518554688
2022-09-08,87.05091857910156
2022-09-09,87.88170623779297
2022-09-12,88.64025115966797
2022-09-13,85.36228942871094
2022-09-14,84.2425308227539
2022-09-15,82.69837951660156
2022-09-16,82.63516235351562
2022-09-19,82.52680969238281
2022-09-20,80.5130844116211
2022-09-21,79.29399108886719
2022-09-22,78.50838470458984
2022-09-23,77.47892761230469
2022-09-26,75.38289642333984
2022-09-27,74.30611419677734
2022-09-28,75.74789428710938
2022-09-29,73.5852279663086
2022-09-30,74.2969970703125
2022-10-03,75.68402099609375
2022-10-04,77.15316772460938
2022-10-05,75.61102294921875
2022-10-06,73.47571563720703
2022-10-07,71.7510757446289
2022-10-10,70.94806671142578
2022-10-11,71.73282623291016
2022-10-12,70.92068481445312
2022-10-13,72.07958221435547
2022-10-14,70.23631286621094
2022-10-17,72.82784271240234
2022-10-18,73.64910125732422
2022-10-19,71.81493377685547
2022-10-20,71.47732543945312
2022-10-21,71.97008514404297
2022-10-24,71.91532135009766
2022-10-25,74.78063201904297
2022-10-26,74.92662811279297
2022-10-27,75.06350708007812
2022-10-28,76.7333984375
2022-10-31,76.64216613769531
2022-11-01,76.49614715576172
2022-11-02,74.44300079345703
2022-11-03,74.38823699951172
2022-11-04,75.41939544677734
2022-11-07,75.46500396728516
2022-11-08,75.811767578125
2022-11-09,75.06350708007812
2022-11-10,80.52947235107422
2022-11-11,80.33785247802734
2022-11-14,78.49456787109375
2022-11-15,79.39795684814453
2022-11-16,78.67705535888672
2022-11-17,78.04742431640625
2022-11-18,79.01469421386719
2022-11-21,79.44357299804688
2022-11-22,79.8450698852539
2022-11-23,79.95459747314453
2022-11-25,80.48385620117188
2022-11-28,78.26642608642578
2022-11-29,79.57134246826172
2022-11-30,81.36898803710938
2022-12-01,81.26861572265625
2022-12-02,81.01309967041016
2022-12-05,79.56221008300781
2022-12-06,78.81393432617188
2022-12-07,78.96907043457031
2022-12-08,79.57134246826172
2022-12-09,79.47095489501953
2022-12-12,80.05497741699219
2022-12-13,81.55026245117188
2022-12-14,80.99779510498047
2022-12-15,79.83767700195312
2022-12-16,77.82123565673828
2022-12-19,76.9005126953125
2022-12-20,76.68872833251953
2022-12-21,77.48057556152344
2022-12-22,77.1675033569336
2022-12-23,77.83045196533203
2022-12-27,77.77519989013672
2022-12-28,76.45854949951172
2022-12-29,78.16191101074219
2022-12-30,77.51740264892578
2023-01-03,77.6554946899414
2023-01-04,79.3220443725586
2023-01-05,77.20433044433594
2023-01-06,79.37728881835938
2023-01-09,79.37728881835938
2023-01-10,79.55224609375
2023-01-11,82.4433822631836
2023-01-12,83.33650207519531
2023-01-13,82.87612915039062
2023-01-17,82.95899200439453
2023-01-18,81.80805206298828
2023-01-19,81.36610412597656
2023-01-20,82.37890625
2023-01-23,82.6827621459961
2023-01-24,82.9313735961914
2023-01-25,82.83929443359375
2023-01-26,83.7600326538086
2023-01-27,84.6163330078125
2023-01-30,83.60350799560547
2023-01-31,85.25164031982422
2023-02-01,85.80409240722656
2023-02-02,87.69159698486328
2023-02-03,85.9145736694336
2023-02-06,85.38976287841797
2023-02-07,85.24243927001953
2023-02-08,84.88335418701172
2023-02-09,83.89814758300781
2023-02-10,84.16516876220703
2023-02-13,84.96621704101562
2023-02-14,84.22042083740234
2023-02-15,84.58871459960938
2023-02-16,83.86132049560547
2023-02-17,83.47460174560547
2023-02-21,81.81727600097656
2023-02-22,80.97940063476562
2023-02-23,81.47659301757812
2023-02-24,80.08625793457031
2023-02-27,80.25200653076172
2023-02-28,80.16912078857422
2023-03-01,79.07345581054688
2023-03-02,80.01261138916016
2023-03-03,81.32006072998047
2023-03-06,80.99779510498047
2023-03-07,79.09188079833984
2023-03-08,80.0218276977539
2023-03-09,78.16191101074219
2023-03-10,75.5930404663086
2023-03-13,76.6426773071289
2023-03-14,77.40690612792969
2023-03-15,77.26879119873047
2023-03-16,77.28721618652344
2023-03-17,75.55620574951172
2023-03-20,76.41250610351562
2023-03-21,75.97974395751953
2023-03-22,73.33721923828125
2023-03-23,72.9029312133789
2023-03-24,74.7178726196289
2023-03-27,74.61601257324219
2023-03-28,74.3752670288086
2023-03-29,76.04203033447266
2023-03-30,76.99578857421875
2023-03-31,78.61627960205078
2023-04-03,77.99585723876953
2023-04-04,77.94029235839844
2023-04-05,77.51435089111328
2023-04-06,77.98661041259766
2023-04-10,78.36625671386719
2023-04-11,78.782958984375
2023-04-12,78.39403533935547
2023-04-13,78.17178344726562
2023-04-14,76.91246032714844
2023-04-17,78.57923126220703
2023-04-18,78.43107604980469
2023-04-19,78.81998443603516
2023-04-20,78.01438903808594
2023-04-21,78.17178344726562
2023-04-24,77.94956970214844
2023-04-25,77.12543487548828
2023-04-26,76.52354431152344
2023-04-27,78.4032974243164
2023-04-28,79.33853149414062
2023-05-01,78.63479614257812
2023-05-02,77.2921142578125
2023-05-03,76.92172241210938
2023-05-04,77.55139923095703
2023-05-05,78.83848571777344
2023-05-08,78.39403533935547
2023-05-09,78.03291320800781
2023-05-10,78.782958984375
2023-05-11,77.92178344726562
2023-05-12,77.94029235839844
2023-05-15,77.81065368652344
2023-05-16,75.91238403320312
2023-05-17,76.89393615722656
2023-05-18,76.55132293701172
2023-05-19,76.44945526123047
2023-05-22,76.93096923828125
2023-05-23,76.10685729980469
2023-05-24,74.55118560791016
2023-05-25,74.56045532226562
2023-05-26,75.42162322998047
2023-05-30,75.74571228027344
2023-05-31,76.14389038085938
2023-06-01,76.19019317626953
2023-06-02,77.89399719238281
2023-06-05,77.37544250488281
2023-06-06,78.04216003417969
2023-06-07,79.2665023803711
2023-06-08,78.85716247558594
2023-06-09,78.37336730957031
2023-06-12,78.46640014648438
2023-06-13,79.04322814941406
2023-06-14,79.44326782226562
2023-06-15,79.86192321777344
2023-06-16,79.83403015136719
2023-06-20,78.99669647216797
2023-06-21,78.6524658203125
2023-06-22,77.49883270263672
2023-06-23,76.51264953613281
2023-06-26,78.2524185180664
2023-06-27,79.19207763671875
2023-06-28,79.31304168701172
2023-06-29,80.1131362915039
2023-06-30,80.51319122314453
2023-07-03,81.20165252685547
2023-07-05,81.48075866699219
2023-07-06,80.82951354980469
2023-07-07,80.61552429199219
2023-07-10,80.9504623413086
2023-07-11,82.03898620605469
2023-07-12,82.48554992675781
2023-07-13,83.06237030029297
2023-07-14,82.9414291381836
2023-07-17,82.3832015991211
2023-07-18,81.8994140625
2023-07-19,82.80187225341797
2023-07-20,82.55068969726562
2023-07-21,82.93212127685547
2023-07-24,83.60198211669922
2023-07-25,83.01586151123047
2023-07-26,83.44381713867188
2023-07-27,81.61101531982422
2023-07-28,81.45283508300781
2023-07-31,81.91802215576172
2023-08-01,81.75988006591797
2023-08-02,81.28538513183594
2023-08-03,80.39225006103516
2023-08-04,79.77820587158203
2023-08-07,80.74578094482422
2023-08-08,80.20616149902344
2023-08-09,80.2433853149414
2023-08-10,79.93634796142578
2023-08-11,80.09453582763672
2023-08-14,79.53630065917969
2023-08-15,78.58735656738281
2023-08-16,77.69420623779297
2023-08-17,77.15460205078125
2023-08-18,77.34066772460938
2023-08-21,76.66151428222656
2023-08-22,76.91270446777344
2023-08-23,78.15008544921875
2023-08-24,77.81514739990234
2023-08-25,77.95471954345703
2023-08-28,78.60595703125
2023-08-29,79.554931640625
2023-08-30,79.85265350341797
2023-08-31,79.39675903320312
2023-09-01,79.44326782226562
2023-09-05,78.45711517333984
2023-09-06,78.29893493652344
2023-09-07,78.81062316894531
2023-09-08,78.41057586669922
2023-09-11,78.41057586669922
2023-09-12,78.50361633300781
2023-09-13,77.66629791259766
2023-09-14,79.10835266113281
2023-09-15,78.68968963623047
2023-09-18,78.07565307617188
2023-09-19,77.72211456298828
2023-09-20,77.80583953857422
2023-09-21,75.06128692626953
2023-09-22,74.60540771484375
2023-09-25,74.46585083007812
2023-09-26,73.09209442138672
2023-09-27,72.56517028808594
2023-09-28,73.2802734375
2023-09-29,73.52491760253906
2023-10-02,72.16996765136719
2023-10-03,70.76797485351562
2023-10-04,71.53953552246094
2023-10-05,72.08528900146484
2023-10-06,72.23583221435547
2023-10-09,73.15796661376953
2023-10-10,73.39319610595703
2023-10-11,74.74813842773438
2023-10-12,73.58136749267578
2023-10-13,73.506103515625
2023-10-16,74.35293579101562
2023-10-17,74.14594268798828
2023-10-18,72.52753448486328
2023-10-19,70.79619598388672
2023-10-20,70.33514404296875
2023-10-23,69.66706848144531
2023-10-24,70.49510192871094
2023-10-25,68.95197296142578
2023-10-26,70.31631469726562
2023-10-27,69.27188873291016
2023-10-30,69.59178924560547
2023-10-31,70.8808822631836
2023-11-01,71.36077117919922
2023-11-02,73.609619140625
2023-11-03,75.30328369140625
2023-11-06,74.30589294433594
2023-11-07,73.65666961669922
2023-11-08,74.01422119140625
2023-11-09,72.84745025634766
2023-11-10,73.57196807861328
2023-11-13,72.96977233886719
2023-11-14,76.89347076416016
2023-11-15,77.10989379882812
2023-11-16,77.02523040771484
2023-11-17,76.8746566772461
2023-11-20,77.47685241699219
2023-11-21,77.10049438476562
2023-11-22,77.3921890258789
2023-11-24,77.67447662353516
2023-11-27,77.95674896240234
2023-11-28,78.41779327392578
2023-11-29,78.99177551269531
2023-11-30,79.5939712524414
2023-12-01,81.45703125
2023-12-04,81.94630432128906
2023-12-05,81.44761657714844
2023-12-06,81.09007263183594
2023-12-07,81.36294555664062
2023-12-08,81.19357299804688
2023-12-11,81.38175964355469
2023-12-12,81.438232421875
2023-12-13,84.4774398803711
2023-12-14,86.81098175048828
2023-12-15,85.72889709472656
2023-12-18,85.59716796875
2023-12-19,86.171142578125
2023-12-20,85.04859924316406
2023-12-21,85.85516357421875
2023-12-22,86.13981628417969
2023-12-26,86.79454803466797
2023-12-27,87.25001525878906
2023-12-28,87.73394012451172
2023-12-29,86.73761749267578
2024-01-02,87.5062026977539
2024-01-03,85.41866302490234
2024-01-04,85.26683807373047
2024-01-05,85.07707214355469
2024-01-08,86.30113220214844
2024-01-09,85.70333862304688
2024-01-10,85.76976013183594
2024-01-11,85.01063537597656
2024-01-12,85.56099700927734
2024-01-16,84.96321105957031
2024-01-17,83.44498443603516
2024-01-18,82.88512420654297
2024-01-19,83.80555725097656
2024-01-22,84.2420425415039
2024-01-23,83.72965240478516
2024-01-24,82.50558471679688
2024-01-25,83.58731842041016
2024-01-26,83.3216323852539
2024-01-29,83.90045166015625
2024-01-30,83.09390258789062
2024-01-31,82.31580352783203
2024-02-01,83.79607391357422
2024-02-02,82.65741729736328
2024-02-05,80.9778823852539
2024-02-06,82.09756469726562
2024-02-07,82.07859802246094
2024-02-08,82.64791870117188
2024-02-09,82.69536590576172
2024-02-12,82.63842010498047
2024-02-13,80.95891571044922
2024-02-14,81.69905090332031
2024-02-15,83.53987884521484
2024-02-16,82.64791870117188
2024-02-20,82.51507568359375
2024-02-21,83.12236022949219
2024-02-22,83.17930603027344
2024-02-23,83.2836685180664
2024-02-26,82.34428405761719
2024-02-27,82.50558471679688
2024-02-28,83.33111572265625
2024-02-29,84.07125091552734
2024-03-01,84.98217010498047
2024-03-04,85.8077163696289
2024-03-05,84.8113784790039
2024-03-06,85.06758117675781
2024-03-07,85.24786376953125
2024-03-08,86.20623779296875
2024-03-11,85.79823303222656
2024-03-12,85.58946990966797
2024-03-13,85.15298461914062
2024-03-14,83.82453918457031
2024-03-15,83.72965240478516
2024-03-18,83.66322326660156
2024-03-19,83.7391357421875
2024-03-20,84.25154876708984
2024-03-21,84.83922576904297
2024-03-22,83.71527099609375
2024-03-25,83.33428192138672
2024-03-26,82.93423461914062
2024-03-27,85.02019500732422
2024-03-28,85.62980651855469
2024-04-01,84.22010040283203
2024-04-02,83.17235565185547
2024-04-03,83.27711486816406
2024-04-04,82.68656921386719
2024-04-05,83.04853057861328
2024-04-08,83.98197937011719
2024-04-09,84.99163818359375
2024-04-10,81.5435791015625
2024-04-11,81.63883209228516
2024-04-12,80.77205657958984
2024-04-15,79.45759582519531
2024-04-16,78.27650451660156
2024-04-17,77.75261688232422
2024-04-18,77.72405242919922
2024-04-19,78.09552764892578
2024-04-22,78.72417449951172
2024-04-23,79.39092254638672
2024-04-24,79.6385726928711
2024-04-25,79.16232299804688
2024-04-26,79.28614807128906
2024-04-29,80.12435150146484
2024-04-30,78.67654418945312
2024-05-01,78.79085540771484
2024-05-02,79.8386001586914
2024-05-03,80.44819641113281
2024-05-06,80.64822387695312
2024-05-07,81.36259460449219
2024-05-08,80.74347686767578
2024-05-09,82.2960433959961
2024-05-10,82.14364624023438
2024-05-13,82.32461547851562
2024-05-14,82.93423461914062
2024-05-15,84.2010498046875
2024-05-16,84.1343765258789
2024-05-17,84.1438980102539
2024-05-20,83.55335235595703
2024-05-21,83.5819320678711
2024-05-22,82.81040954589844
2024-05-23,81.03876495361328
2024-05-24,81.04827117919922
2024-05-28,80.55297088623047
2024-05-29,79.80049133300781
2024-05-30,80.96255493164062
2024-05-31,82.55322265625
2024-06-03,82.32461547851562
2024-06-04,83.05805969238281
2024-06-05,82.8580322265625
2024-06-06,82.99137115478516
2024-06-07,82.32461547851562
2024-06-10,82.55322265625
2024-06-11,82.3193359375
2024-06-12,83.0286636352539
2024-06-13,83.51750946044922
2024-06-14,83.45040893554688
2024-06-17,83.15326690673828
2024-06-18,83.39290618896484
2024-06-20,83.17243957519531
2024-06-21,83.51750946044922
2024-06-24,84.01596069335938
2024-06-25,82.9999008178711
2024-06-26,82.76026916503906
2024-06-27,83.46000671386719
2024-06-28,84.10221099853516
2024-07-01,83.3258056640625
2024-07-02,83.64212799072266
2024-07-03,83.60377502441406
2024-07-05,83.84341430664062
2024-07-08,84.14055633544922
2024-07-09,84.12139892578125
2024-07-10,84.77320861816406
2024-07-11,87.11203002929688
2024-07-12,87.84051513671875
2024-07-15,88.24311065673828
2024-07-16,89.32626342773438
2024-07-17,89.91097259521484
2024-07-18,89.239990234375
2024-07-19,89.05786895751953
2024-07-22,89.92054748535156
2024-07-23,89.8055419921875
2024-07-24,88.37731170654297
2024-07-25,88.08016967773438
2024-07-26,89.56591033935547
2024-07-29,90.14102935791016
2024-07-30,90.75448608398438
2024-07-31,90.51485443115234
2024-08-01,91.55965423583984
2024-08-02,91.64592742919922
2024-08-05,89.04828643798828
2024-08-06,90.90784454345703
2024-08-07,90.11226654052734
2024-08-08,91.07080841064453
2024-08-09,91.48297882080078
2024-08-12,90.85993194580078
2024-08-13,91.55965423583984
2024-08-14,91.92391204833984
2024-08-15,91.64592742919922
2024-08-16,91.6746826171875
2024-08-19,92.37442016601562
2024-08-20,92.3552474975586
2024-08-21,92.68115234375
2024-08-22,93.03581237792969
2024-08-23,95.0295639038086
2024-08-26,94.88579559326172
2024-08-27,95.09666442871094
2024-08-28,94.76117706298828
2024-08-29,94.44485473632812
2024-08-30,95.40339660644531
2024-09-03,95.40339660644531
2024-09-04,95.6717758178711
2024-09-05,95.36505126953125
2024-09-06,95.2787857055664
2024-09-09,96.43863677978516
2024-09-10,97.96270751953125
2024-09-11,97.61762237548828
2024-09-12,97.96270751953125
2024-09-13,98.86373901367188
2024-09-16,99.31426239013672
2024-09-17,98.49948120117188
2024-09-18,98.3173599243164
2024-09-19,98.21192169189453
2024-09-20,98.02980041503906
2024-09-23,98.89248657226562
2024-09-24,98.92123413085938
2024-09-25,98.34500885009766
2024-09-26,97.43770599365234
2024-09-27,97.6307601928711
2024-09-30,98.32569885253906
2024-10-01,97.73693084716797
2024-10-02,97.40875244140625
2024-10-03,96.44355010986328
2024-10-04,95.90303039550781
2024-10-07,95.07295989990234
2024-10-08,95.29496002197266
2024-10-09,95.3625259399414
2024-10-10,94.60000610351562
2024-10-11,95.66173553466797
2024-10-14,96.28911590576172
2024-10-15,97.42806243896484
2024-10-16,98.43187713623047
2024-10-17,97.66936492919922
2024-10-18,98.39326477050781
2024-10-21,96.42425537109375
2024-10-22,96.53040313720703
2024-10-23,97.39910888671875
2024-10-24,97.64041137695312
2024-10-25,96.71379852294922
2024-10-28,96.96475982666016
2024-10-29,96.0671157836914
2024-10-30,96.53040313720703
2024-10-31,94.88955688476562
2024-11-01,93.81818389892578
2024-11-04,94.83165740966797
2024-11-05,96.12503814697266
2024-11-06,93.70235443115234
2024-11-07,94.8606185913086
2024-11-08,96.41458892822266
2024-11-11,95.77754974365234
2024-11-12,94.48418426513672
2024-11-13,95.13086700439453
2024-11-14,94.2911376953125
2024-11-15,94.39730834960938
2024-11-18,95.16947937011719
2024-11-19,95.67139434814453
2024-11-20,95.46869659423828
2024-11-21,96.15398406982422
2024-11-22,96.86824035644531
2024-11-25,98.21953582763672
2024-11-26,98.52839660644531
2024-11-27,99.29090881347656
2024-11-29,98.75040435791016
2024-12-02,97.42806243896484
2024-12-03,96.86824035644531
2024-12-04,96.54972076416016
2024-12-05,96.2505111694336
2024-12-06,96.22154998779297
2024-12-09,96.49181365966797
2024-12-10,94.9667739868164
2024-12-11,94.79304504394531
2024-12-12,94.60964965820312
2024-12-13,94.21392059326172
2024-12-16,93.94366455078125
2024-12-17,93.48432159423828
2024-12-18,89.67916107177734
2024-12-19,88.30696105957031
2024-12-20,89.91272735595703
2024-12-23,90.302001953125
2024-12-24,90.9053726196289
2024-12-26,91.09027862548828
2024-12-27,90.18521881103516
2024-12-30,89.80567169189453
2024-12-31,90.56475830078125
2025-01-02,89.8154067993164
2025-01-03,90.92483520507812
2025-01-06,89.79594421386719
2025-01-07,89.02713012695312
2025-01-08,89.26068878173828
2025-01-10,87.0904769897461
2025-01-13,88.18045043945312
2025-01-14,89.00765991210938
2025-01-15,89.3774642944336
2025-01-16,91.44061279296875
2025-01-17,91.34329986572266
2025-01-21,93.08531188964844
2025-01-22,91.47956085205078
2025-01-23,92.14131927490234
2025-01-24,92.39435577392578
2025-01-27,93.46485137939453
2025-01-28,92.48193359375
2025-01-29,91.26545715332031
2025-01-30,92.48193359375
2025-01-31,92.27755737304688
2025-02-03,91.97587585449219
2025-02-04,92.1023941040039
2025-02-05,93.49404907226562
2025-02-06,93.71788024902344
2025-02-07,93.36753845214844
2025-02-10,93.49404907226562
2025-02-11,93.8833236694336
2025-02-12,92.91014099121094
2025-02-13,93.75680541992188
2025-02-14,93.3578109741211
2025-02-18,93.74708557128906
2025-02-19,93.78600311279297
2025-02-20,94.37965393066406
2025-02-21,93.68868255615234
2025-02-24,94.01956176757812
2025-02-25,95.09007263183594
2025-02-26,94.63267517089844
2025-02-27,95.03169250488281
2025-02-28,95.77130889892578
2025-03-03,96.2481689453125
2025-03-04,95.17766571044922
2025-03-05,96.3260269165039
2025-03-06,93.75680541992188
2025-03-07,94.36992645263672
2025-03-10,93.4745864868164
2025-03-11,92.34568786621094
2025-03-12,92.00507354736328
2025-03-13,90.25334167480469
2025-03-14,92.09265899658203
2025-03-17,93.54271697998047
2025-03-18,93.1802978515625
2025-03-19,93.31705474853516
2025-03-20,93.11192321777344
2025-03-21,92.2327651977539
2025-03-24,93.5026626586914
2025-03-25,92.46720886230469
2025-03-26,92.97515869140625
2025-03-27,92.68211364746094
2025-03-28,92.54535675048828
2025-03-31,93.5319595336914
2025-04-01,93.59056091308594
2025-04-02,93.99108123779297
2025-04-03,91.07034301757812
2025-04-04,87.0457763671875
2025-04-07,84.66230010986328
2025-04-08,82.52302551269531
2025-04-09,87.34860229492188
2025-04-10,85.2972412109375
2025-04-11,86.5475845336914
2025-04-14,88.364501953125
2025-04-15,88.60871124267578
2025-04-16,88.49148559570312
2025-04-17,89.80044555664062
2025-04-21,87.98353576660156
2025-04-22,89.7418441772461
2025-04-23,89.86882781982422
2025-04-24,90.1911849975586
2025-04-25,90.02513122558594
2025-04-28,90.60145568847656
2025-04-29,91.20709991455078
2025-04-30,91.51968383789062
2025-05-01,91.7736587524414
2025-05-02,92.76026916503906
2025-05-05,92.66258239746094
2025-05-06,91.97879791259766
2025-05-07,91.96902465820312
2025-05-08,91.56851959228516
2025-05-09,92.18392944335938
2025-05-12,92.46720886230469
2025-05-13,91.33407592773438
2025-05-14,90.5233154296875
2025-05-15,92.11555480957031
2025-05-16,93.2779769897461
2025-05-19,93.38542938232422
2025-05-20,92.88724517822266
2025-05-21,90.37677764892578
2025-05-22,90.00557708740234
2025-05-23,90.07396697998047
2025-05-27,91.55876159667969
2025-05-28,91.45130920410156
2025-05-29,92.25230407714844
2025-05-30,92.34999084472656
2025-06-02,92.3988265991211
2025-06-03,92.21324157714844
2025-06-04,92.45744323730469
2025-06-05,92.3792953491211
2025-06-06,92.76026916503906
2025-06-09,92.85794067382812
2025-06-10,93.6882553100586
2025-06-11,93.19983673095703
2025-06-12,93.6784896850586
2025-06-13,92.85794067382812
2025-06-16,92.88249206542969
2025-06-17,92.53881072998047
2025-06-18,92.84322357177734
2025-06-20,92.84322357177734
2025-06-23,94.13938903808594
2025-06-24,94.51252746582031
2025-06-25,92.37188720703125
2025-06-26,92.26386260986328
2025-06-27,92.43079376220703
2025-06-30,93.05924987792969
2025-07-01,93.71715545654297
2025-07-02,93.9822769165039
2025-07-03,94.0706558227539
2025-07-07,93.30472564697266
2025-07-08,93.20653533935547
2025-07-09,93.30472564697266
2025-07-10,93.80552673339844
2025-07-11,93.76624298095703
2025-07-14,94.32595825195312
2025-07-15,92.9905014038086
2025-07-16,93.91353607177734
2025-07-17,93.785888671875
2025-07-18,94.0706558227539
2025-07-21,94.33578491210938
2025-07-22,96.02472686767578
2025-07-23,96.24075317382812
2025-07-24,95.99527740478516
2025-07-25,95.97563171386719
2025-07-28,94.35540771484375
2025-07-29,95.95599365234375
2025-07-30,94.57144165039062
2025-07-31,93.16725158691406
2025-08-01,93.03960418701172
2025-08-04,93.9822769165039
2025-08-05,94.21793365478516
2025-08-06,93.55021667480469
2025-08-07,93.91353607177734
2025-08-08,93.08870697021484
2025-08-11,92.46025848388672
2025-08-12,92.80393981933594
2025-08-13,93.66805267333984
2025-08-14,92.97087097167969
2025-08-15,93.56985473632812
2025-08-18,92.65664672851562
2025-08-19,94.3161392211914
2025-08-20,94.66963958740234
2025-08-21,94.25721740722656
2025-08-22,95.95599365234375
2025-08-25,95.40609741210938
2025-08-26,95.08206176757812
2025-08-27,95.58284759521484
2025-08-28,95.34718322753906
2025-08-29,95.87743377685547
2025-09-02,94.23758697509766
2025-09-03,94.29650115966797
2025-09-04,94.96421813964844
2025-09-05,95.99527740478516
2025-09-08,95.43556213378906
2025-09-09,95.2588119506836
2025-09-10,95.121337890625
2025-09-11,96.68262481689453
2025-09-12,96.22112274169922
2025-09-15,96.06400299072266
2025-09-16,95.6045150756836
2025-09-17,95.49581909179688
2025-09-18,95.53533935546875
2025-09-19,94.99185180664062
2025-09-22,95.02149963378906
2025-09-23,95.66380310058594
2025-09-24,94.70528411865234
2025-09-25,94.44837188720703
2025-09-26,95.41675567626953
2025-09-29,95.50569915771484
2025-09-30,95.93061065673828
2025-10-01,95.98001098632812
2025-10-02,95.4760513305664
2025-10-03,95.89108276367188
2025-10-06,94.86339569091797
2025-10-07,94.59659576416016
2025-10-08,94.18156433105469
2025-10-09,93.6874771118164
2025-10-10,92.58074188232422
2025-10-13,93.14399719238281
2025-10-14,94.11239624023438
2025-10-15,95.46617126464844
2025-10-16,95.17960357666016
2025-10-17,95.80213928222656
2025-10-20,96.81007385253906
2025-10-21,96.4642105102539
2025-10-22,96.88912963867188
2025-10-23,96.78042602539062
2025-10-24,97.00770568847656
2025-10-27,97.33380126953125
2025-10-28,95.2883071899414
2025-10-29,92.87718963623047
2025-10-30,93.2625732421875
2025-10-31,93.53926086425781
2025-11-03,93.44043731689453
2025-11-04,93.64795684814453
2025-11-05,93.63807678222656
2025-11-06,93.14399719238281
2025-11-07,94.53730010986328
2025-11-10,94.35942840576172
2025-11-11,95.4760513305664
2025-11-12,94.69540405273438
2025-11-13,93.53926086425781
2025-11-14,93.75665283203125
2025-11-17,93.12422943115234
2025-11-18,93.55902099609375
2025-11-19,92.83766174316406
2025-11-20,92.52144622802734
2025-11-21,93.94440460205078
2025-11-24,94.07286071777344
2025-11-25,94.95232391357422
2025-11-26,95.37723541259766
2025-11-28,95.75274658203125
2025-12-01,94.6558837890625
2025-12-02,94.35942840576172
2025-12-03,94.63611602783203
2025-12-04,94.39895629882812
2025-12-05,94.33966827392578
2025-12-08,93.52938079833984
2025-12-09,93.04518127441406
2025-12-10,93.39103698730469
2025-12-11,93.76653289794922
2025-12-12,93.63807678222656
2025-12-15,93.95428466796875
2025-12-16,93.15851593017578
2025-12-17,93.58731842041016
2025-12-18,93.06877136230469
2025-12-19,92.75963592529297
2025-12-22,93.34799194335938
2025-12-23,93.27818298339844
2025-12-24,93.95628356933594
2025-12-26,94.05599975585938
2025-12-29,94.2354965209961
2025-12-30,94.44490814208984
2025-12-31,93.62720489501953
2026-01-02,93.72692108154297
2026-01-05,93.86653137207031
2026-01-06,94.52468872070312
2026-01-07,93.51750946044922
2026-01-08,94.31527709960938
2026-01-09,94.47482299804688
2026-01-12,94.62440490722656
2026-01-13,95.16289520263672
2026-01-14,96.08031463623047
2026-01-15,96.75841522216797
2026-01-16,98.03482818603516
2026-01-20,96.14015197753906
2026-01-21,96.37947845458984
2026-01-22,95.49197387695312
2026-01-23,95.77118682861328
2026-01-26,95.67147064208984
2026-01-27,95.76121520996094
2026-01-28,94.81387329101562
2026-01-29,96.00054168701172
2026-01-30,95.94071197509766
2026-02-02,94.96345520019531
2026-02-03,94.73410034179688
2026-02-04,96.09029388427734
2026-02-05,95.87090301513672
2026-02-06,97.38665771484375
2026-02-09,97.78553009033203
2026-02-10,99.04200744628906
2026-02-11,98.6530990600586
2026-02-12,98.59326934814453
2026-02-13,99.93949127197266
2026-02-17,100.92671203613281
2026-02-18,99.7300796508789
2026-02-19,99.55058288574219
2026-02-20,100.25859069824219
2026-02-23,100.22867584228516
2026-02-24,100.47797393798828
2026-02-25,100.08907318115234
2026-02-26,100.76716613769531
2026-02-27,100.99652099609375
2026-03-02,101.25579071044922
2026-03-03,100.67741394042969
2026-03-04,100.77713012695312
2026-03-05,99.89959716796875
2026-03-06,98.74284362792969
2026-03-09,98.95226287841797
2026-03-10,98.84256744384766
2026-03-11,97.73567199707031
2026-03-12,97.04759979248047
2026-03-13,97.22709655761719
2026-03-16,97.9749984741211
2026-03-17,98.37000274658203
2026-03-18,96.83999633789062
2026-03-19,96.47000122070312
2026-03-20,93.44999694824219
2026-03-23,94.11000061035156
2026-03-24,93.48999786376953
2026-03-25,93.48999786376953
2026-03-26,93.33999633789062
2026-03-27,92.61000061035156
2026-03-30,93.05999755859375
2026-03-31,94.55999755859375
2026-04-01,94.87999725341797
2026-04-02,96.25
2026-04-06,96.37000274658203
2026-04-07,96.45999908447266
2026-04-08,98.19000244140625
2026-04-09,98.9000015258789
2026-04-10,99.0199966430664
2026-04-13,99.44999694824219
2026-04-14,100.41999816894531
2026-04-15,100.47000122070312
2026-04-16,101.36000061035156
2026-04-17,102.9800033569336
2026-04-20,103.2300033569336
2026-04-21,101.44999694824219
2026-04-22,100.62999725341797
2026-04-23,101.66000366210938
2026-04-24,101.41000366210938
2026-04-27,100.83000183105469
2026-04-28,101.73999786376953
2026-04-29,100.9000015258789
2026-04-30,102.62999725341797
2026-05-01,102.36000061035156
2026-05-04,101.62999725341797
2026-05-05,101.94000244140625
2026-05-06,103.27999877929688
2026-05-07,102.55999755859375
2026-05-08,102.7699966430664
2026-05-11,102.83999633789062
2026-05-12,102.8499984741211
2026-05-13,102.01000213623047
2026-05-14,101.33000183105469
2026-05-15,99.80000305175781
2026-05-18,100.91000366210938
2026-05-19,101.26000213623047
2026-05-20,102.41000366210938
2026-05-21,102.55999755859375
2026-05-22,102.72000122070312
