Date,Close
1991-10-28,2.097599744796753
1991-10-29,2.1164770126342773
1991-10-30,2.118574380874634
1991-10-31,2.119621992111206
1991-11-01,2.119621992111206
1991-11-04,2.1154282093048096
1991-11-05,2.1133294105529785
1991-11-06,2.1154282093048096
1991-11-07,2.121722936630249
1991-11-08,2.123821258544922
1991-11-11,2.123821258544922
1991-11-12,2.1259193420410156
1991-11-13,2.121722936630249
1991-11-14,2.1301164627075195
1991-11-15,2.132215738296509
1991-11-18,2.132215738296509
1991-11-19,2.128016948699951
1991-11-20,2.128016948699951
1991-11-21,2.128016948699951
1991-11-22,2.123821258544922
1991-11-25,2.119621992111206
1991-11-26,2.123821258544922
1991-11-27,2.123821258544922
1991-11-29,2.1409053802490234
1991-12-02,2.15988826751709
1991-12-03,2.1556708812713623
1991-12-04,2.15988826751709
1991-12-05,2.1556708812713623
1991-12-06,2.15988826751709
1991-12-09,2.161997079849243
1991-12-10,2.161997079849243
1991-12-11,2.161997079849243
1991-12-12,2.164107084274292
1991-12-13,2.15988826751709
1991-12-16,2.15988826751709
1991-12-17,2.164107084274292
1991-12-18,2.161997079849243
1991-12-19,2.168325662612915
1991-12-20,2.1830902099609375
1991-12-23,2.1915290355682373
1991-12-24,2.1915290355682373
1991-12-26,2.1936373710632324
1991-12-27,2.195744752883911
1991-12-30,2.202073574066162
1991-12-31,2.2209556102752686
1992-01-02,2.2145893573760986
1992-01-03,2.2061047554016113
1992-01-06,2.2103466987609863
1992-01-07,2.2188305854797363
1992-01-08,2.216714382171631
1992-01-09,2.2124693393707275
1992-01-10,2.2018604278564453
1992-01-13,2.187013626098633
1992-01-14,2.180649757385254
1992-01-15,2.1785290241241455
1992-01-16,2.170044422149658
1992-01-17,2.1742846965789795
1992-01-20,2.1785290241241455
1992-01-21,2.184892177581787
1992-01-22,2.180649757385254
1992-01-23,2.170044422149658
1992-01-24,2.170044422149658
1992-01-27,2.165803909301758
1992-01-28,2.1764073371887207
1992-01-29,2.1679229736328125
1992-01-30,2.1594388484954834
1992-01-31,2.17330002784729
1992-02-03,2.166900873184204
1992-02-04,2.17330002784729
1992-02-05,2.1818323135375977
1992-02-06,2.1818323135375977
1992-02-07,2.1818323135375977
1992-02-10,2.1818323135375977
1992-02-11,2.179699182510376
1992-02-12,2.17330002784729
1992-02-13,2.1605024337768555
1992-02-14,2.158371925354004
1992-02-18,2.1541059017181396
1992-02-19,2.158371925354004
1992-02-20,2.1605024337768555
1992-02-21,2.151973247528076
1992-02-24,2.1477065086364746
1992-02-25,2.151973247528076
1992-02-26,2.16263484954834
1992-02-27,2.16263484954834
1992-02-28,2.184720516204834
1992-03-02,2.1697137355804443
1992-03-03,2.1654226779937744
1992-03-04,2.1654226779937744
1992-03-05,2.1547024250030518
1992-03-06,2.158992290496826
1992-03-09,2.1675682067871094
1992-03-10,2.163281202316284
1992-03-11,2.1568491458892822
1992-03-12,2.1439833641052246
1992-03-13,2.1311194896698
1992-03-16,2.133263349533081
1992-03-17,2.1396961212158203
1992-03-18,2.1418402194976807
1992-03-19,2.146127939224243
1992-03-20,2.1375532150268555
1992-03-23,2.1396961212158203
1992-03-24,2.152559280395508
1992-03-25,2.152559280395508
1992-03-26,2.148273468017578
1992-03-27,2.150416135787964
1992-03-30,2.152559280395508
1992-03-31,2.1648504734039307
1992-04-01,2.1756317615509033
1992-04-02,2.1734752655029297
1992-04-03,2.182100296020508
1992-04-06,2.182100296020508
1992-04-07,2.182100296020508
1992-04-08,2.179945468902588
1992-04-09,2.1928822994232178
1992-04-10,2.1907260417938232
1992-04-13,2.1950395107269287
1992-04-14,2.1950395107269287
1992-04-15,2.1907260417938232
1992-04-16,2.179945468902588
1992-04-20,2.1648504734039307
1992-04-21,2.1648504734039307
1992-04-22,2.167006015777588
1992-04-23,2.167006015777588
1992-04-24,2.171321153640747
1992-04-27,2.1648504734039307
1992-04-28,2.1691627502441406
1992-04-29,2.167006015777588
1992-04-30,2.177196979522705
1992-05-01,2.1837053298950195
1992-05-04,2.1815359592437744
1992-05-05,2.1858739852905273
1992-05-06,2.1923773288726807
1992-05-07,2.1902098655700684
1992-05-08,2.198883295059204
1992-05-11,2.2010529041290283
1992-05-12,2.2075586318969727
1992-05-13,2.2075586318969727
1992-05-14,2.2097275257110596
1992-05-15,2.216233253479004
1992-05-18,2.216233253479004
1992-05-19,2.227073907852173
1992-05-20,2.220569372177124
1992-05-21,2.2010529041290283
1992-05-22,2.2075586318969727
1992-05-26,2.1945462226867676
1992-05-27,2.198883295059204
1992-05-28,2.2075586318969727
1992-05-29,2.2247889041900635
1992-06-01,2.218245029449463
1992-06-02,2.222607135772705
1992-06-03,2.2247889041900635
1992-06-04,2.2247889041900635
1992-06-05,2.229151964187622
1992-06-08,2.229151964187622
1992-06-09,2.22697114944458
1992-06-10,2.2247889041900635
1992-06-11,2.22697114944458
1992-06-12,2.233513832092285
1992-06-15,2.2356960773468018
1992-06-16,2.240055799484253
1992-06-17,2.242239236831665
1992-06-18,2.2466022968292236
1992-06-19,2.242239236831665
1992-06-22,2.240055799484253
1992-06-23,2.2378764152526855
1992-06-24,2.244419813156128
1992-06-25,2.253143787384033
1992-06-26,2.2509610652923584
1992-06-29,2.2553257942199707
1992-06-30,2.2654123306274414
1992-07-01,2.269798517227173
1992-07-02,2.2917304039001465
1992-07-06,2.296116352081299
1992-07-07,2.3005030155181885
1992-07-08,2.3005030155181885
1992-07-09,2.2983100414276123
1992-07-10,2.2983100414276123
1992-07-13,2.2939226627349854
1992-07-14,2.296116352081299
1992-07-15,2.307082414627075
1992-07-16,2.3092761039733887
1992-07-17,2.30488920211792
1992-07-20,2.30488920211792
1992-07-21,2.307082414627075
1992-07-22,2.313661813735962
1992-07-23,2.329012632369995
1992-07-24,2.329012632369995
1992-07-27,2.3333983421325684
1992-07-28,2.3399789333343506
1992-07-29,2.344362258911133
1992-07-30,2.329012632369995
1992-07-31,2.3351857662200928
1992-08-03,2.332979917526245
1992-08-04,2.344006299972534
1992-08-05,2.3462116718292236
1992-08-06,2.3462116718292236
1992-08-07,2.3572380542755127
1992-08-10,2.366056442260742
1992-08-11,2.3682615756988525
1992-08-12,2.366056442260742
1992-08-13,2.3572380542755127
1992-08-14,2.3594398498535156
1992-08-17,2.3572380542755127
1992-08-18,2.3682615756988525
1992-08-19,2.3682615756988525
1992-08-20,2.3704652786254883
1992-08-21,2.3594398498535156
1992-08-24,2.339599609375
1992-08-25,2.3351857662200928
1992-08-26,2.339599609375
1992-08-27,2.3462116718292236
1992-08-28,2.3484151363372803
1992-08-31,2.3632705211639404
1992-09-01,2.3699216842651367
1992-09-02,2.3765718936920166
1992-09-03,2.3765718936920166
1992-09-04,2.396522283554077
1992-09-08,2.409824848175049
1992-09-09,2.4053914546966553
1992-09-10,2.4053914546966553
1992-09-11,2.396522283554077
1992-09-14,2.4031758308410645
1992-09-15,2.394308567047119
1992-09-16,2.3920881748199463
1992-09-17,2.3920881748199463
1992-09-18,2.38987398147583
1992-09-21,2.385439872741699
1992-09-22,2.3765718936920166
1992-09-23,2.3699216842651367
1992-09-24,2.3787875175476074
1992-09-25,2.38987398147583
1992-09-28,2.396522283554077
1992-09-29,2.394308567047119
1992-09-30,2.4043326377868652
1992-10-01,2.4221599102020264
1992-10-02,2.417703628540039
1992-10-05,2.4199328422546387
1992-10-06,2.411022186279297
1992-10-07,2.3931939601898193
1992-10-08,2.3976502418518066
1992-10-09,2.384279251098633
1992-10-12,2.386507749557495
1992-10-13,2.386507749557495
1992-10-14,2.386507749557495
1992-10-15,2.386507749557495
1992-10-16,2.3820526599884033
1992-10-19,2.3664538860321045
1992-10-20,2.3464012145996094
1992-10-21,2.353084087371826
1992-10-22,2.357539653778076
1992-10-23,2.3464012145996094
1992-10-26,2.3464012145996094
1992-10-27,2.353084087371826
1992-10-28,2.350855827331543
1992-10-29,2.357539653778076
1992-10-30,2.3631410598754883
1992-11-02,2.351942539215088
1992-11-03,2.3541829586029053
1992-11-04,2.351942539215088
1992-11-05,2.3541829586029053
1992-11-06,2.345221519470215
1992-11-09,2.3385021686553955
1992-11-10,2.349702835083008
1992-11-11,2.3541829586029053
1992-11-12,2.365380048751831
1992-11-13,2.3564229011535645
1992-11-16,2.349702835083008
1992-11-17,2.351942539215088
1992-11-18,2.360901117324829
1992-11-19,2.3586626052856445
1992-11-20,2.3541829586029053
1992-11-23,2.351942539215088
1992-11-24,2.3564229011535645
1992-11-25,2.351942539215088
1992-11-27,2.340742588043213
1992-11-30,2.3486244678497314
1992-12-01,2.3486244678497314
1992-12-02,2.3486244678497314
1992-12-03,2.3508739471435547
1992-12-04,2.3598814010620117
1992-12-07,2.3711421489715576
1992-12-08,2.3756444454193115
1992-12-09,2.3756444454193115
1992-12-10,2.3733906745910645
1992-12-11,2.3666374683380127
1992-12-14,2.362135410308838
1992-12-15,2.3643853664398193
1992-12-16,2.3733906745910645
1992-12-17,2.3711421489715576
1992-12-18,2.3711421489715576
1992-12-21,2.3778939247131348
1992-12-22,2.384650945663452
1992-12-23,2.382397174835205
1992-12-24,2.3801462650299072
1992-12-28,2.3756444454193115
1992-12-29,2.3801462650299072
1992-12-30,2.382397174835205
1992-12-31,2.3910019397735596
1993-01-04,2.4045870304107666
1993-01-05,2.4045870304107666
1993-01-06,2.400059461593628
1993-01-07,2.3842110633850098
1993-01-08,2.3887364864349365
1993-01-11,2.3955302238464355
1993-01-12,2.3932669162750244
1993-01-13,2.3955302238464355
1993-01-14,2.4045870304107666
1993-01-15,2.411381959915161
1993-01-18,2.411381959915161
1993-01-19,2.4136457443237305
1993-01-20,2.409116268157959
1993-01-21,2.4136457443237305
1993-01-22,2.418174982070923
1993-01-25,2.429492712020874
1993-01-26,2.4272303581237793
1993-01-27,2.431757688522339
1993-01-28,2.438551187515259
1993-01-29,2.4560799598693848
1993-02-01,2.460629940032959
1993-02-02,2.4492499828338623
1993-02-03,2.451526403427124
1993-02-04,2.460629940032959
1993-02-05,2.472011089324951
1993-02-08,2.4651832580566406
1993-02-09,2.460629940032959
1993-02-10,2.451526403427124
1993-02-11,2.4560799598693848
1993-02-12,2.460629940032959
1993-02-16,2.460629940032959
1993-02-17,2.472011089324951
1993-02-18,2.492499589920044
1993-02-19,2.4902212619781494
1993-02-22,2.4993278980255127
1993-02-23,2.5198135375976562
1993-02-24,2.5061562061309814
1993-02-25,2.501601457595825
1993-02-26,2.5155529975891113
1993-03-01,2.526986837387085
1993-03-02,2.526986837387085
1993-03-03,2.5384209156036377
1993-03-04,2.547571897506714
1993-03-05,2.5338480472564697
1993-03-08,2.5384209156036377
1993-03-09,2.529273271560669
1993-03-10,2.522416591644287
1993-03-11,2.520125389099121
1993-03-12,2.5018327236175537
1993-03-15,2.4926857948303223
1993-03-16,2.5041189193725586
1993-03-17,2.510981321334839
1993-03-18,2.5247013568878174
1993-03-19,2.520125389099121
1993-03-22,2.51784086227417
1993-03-23,2.526986837387085
1993-03-24,2.522416591644287
1993-03-25,2.51784086227417
1993-03-26,2.5018327236175537
1993-03-29,2.5086939334869385
1993-03-30,2.5132672786712646
1993-03-31,2.5256755352020264
1993-04-01,2.5233795642852783
1993-04-02,2.511887311935425
1993-04-05,2.5187838077545166
1993-04-06,2.5256755352020264
1993-04-07,2.5256755352020264
1993-04-08,2.5394647121429443
1993-04-12,2.546360492706299
1993-04-13,2.544060707092285
1993-04-14,2.5486578941345215
1993-04-15,2.5509557723999023
1993-04-16,2.5486578941345215
1993-04-19,2.5509557723999023
1993-04-20,2.5509557723999023
1993-04-21,2.5532565116882324
1993-04-22,2.555551767349243
1993-04-23,2.5532565116882324
1993-04-26,2.546360492706299
1993-04-27,2.537168025970459
1993-04-28,2.5348703861236572
1993-04-29,2.5417630672454834
1993-04-30,2.5491530895233154
1993-05-03,2.5583884716033936
1993-05-04,2.5630056858062744
1993-05-05,2.5630056858062744
1993-05-06,2.5630056858062744
1993-05-07,2.5606961250305176
1993-05-10,2.5653176307678223
1993-05-11,2.5676231384277344
1993-05-12,2.5630056858062744
1993-05-13,2.5537703037261963
1993-05-14,2.5491530895233154
1993-05-17,2.5422253608703613
1993-05-18,2.535299062728882
1993-05-19,2.5422253608703613
1993-05-20,2.544532060623169
1993-05-21,2.535299062728882
1993-05-24,2.530681848526001
1993-05-25,2.530681848526001
1993-05-26,2.5376060009002686
1993-05-27,2.5376060009002686
1993-05-28,2.545497179031372
1993-06-01,2.557096242904663
1993-06-02,2.5594193935394287
1993-06-03,2.5640604496002197
1993-06-04,2.5501363277435303
1993-06-07,2.5524606704711914
1993-06-08,2.5501363277435303
1993-06-09,2.5524606704711914
1993-06-10,2.5524606704711914
1993-06-11,2.566380500793457
1993-06-14,2.566380500793457
1993-06-15,2.571021556854248
1993-06-16,2.571021556854248
1993-06-17,2.5733392238616943
1993-06-18,2.5687003135681152
1993-06-21,2.5733392238616943
1993-06-22,2.5733392238616943
1993-06-23,2.5733392238616943
1993-06-24,2.577983856201172
1993-06-25,2.5826239585876465
1993-06-28,2.587264060974121
1993-06-29,2.5895862579345703
1993-06-30,2.601473331451416
1993-07-01,2.601473331451416
1993-07-02,2.606138229370117
1993-07-06,2.601473331451416
1993-07-07,2.5991439819335938
1993-07-08,2.603806495666504
1993-07-09,2.606138229370117
1993-07-12,2.6084671020507812
1993-07-13,2.603806495666504
1993-07-14,2.6107985973358154
1993-07-15,2.6107985973358154
1993-07-16,2.6084671020507812
1993-07-19,2.6084671020507812
1993-07-20,2.601473331451416
1993-07-21,2.5874874591827393
1993-07-22,2.5781631469726562
1993-07-23,2.5734989643096924
1993-07-26,2.5758321285247803
1993-07-27,2.5758321285247803
1993-07-28,2.5804941654205322
1993-07-29,2.592149257659912
1993-07-30,2.602219820022583
1993-08-02,2.595193386077881
1993-08-03,2.597536563873291
1993-08-04,2.595193386077881
1993-08-05,2.5998802185058594
1993-08-06,2.597536563873291
1993-08-09,2.606905698776245
1993-08-10,2.604562997817993
1993-08-11,2.606905698776245
1993-08-12,2.606905698776245
1993-08-13,2.613933563232422
1993-08-16,2.6186161041259766
1993-08-17,2.6162710189819336
1993-08-18,2.6186161041259766
1993-08-19,2.6256446838378906
1993-08-20,2.6279823780059814
1993-08-23,2.6279823780059814
1993-08-24,2.6373531818389893
1993-08-25,2.642040967941284
1993-08-26,2.6490652561187744
1993-08-27,2.642040967941284
1993-08-30,2.6490652561187744
1993-08-31,2.6589465141296387
1993-09-01,2.6589465141296387
1993-09-02,2.6636528968811035
1993-09-03,2.680123805999756
1993-09-07,2.684833526611328
1993-09-08,2.6871848106384277
1993-09-09,2.6683602333068848
1993-09-10,2.6777734756469727
1993-09-13,2.6777734756469727
1993-09-14,2.6636528968811035
1993-09-15,2.6613001823425293
1993-09-16,2.666008234024048
1993-09-17,2.6636528968811035
1993-09-20,2.6589465141296387
1993-09-21,2.6542422771453857
1993-09-22,2.6565957069396973
1993-09-23,2.6589465141296387
1993-09-24,2.6589465141296387
1993-09-27,2.6754190921783447
1993-09-28,2.6777734756469727
1993-09-29,2.6683602333068848
1993-09-30,2.675450086593628
1993-10-01,2.6825404167175293
1993-10-04,2.6849050521850586
1993-10-05,2.6825404167175293
1993-10-06,2.6825404167175293
1993-10-07,2.6825404167175293
1993-10-08,2.6943609714508057
1993-10-11,2.691995143890381
1993-10-12,2.691995143890381
1993-10-13,2.691995143890381
1993-10-14,2.699086904525757
1993-10-15,2.7038137912750244
1993-10-18,2.691995143890381
1993-10-19,2.691995143890381
1993-10-20,2.6943609714508057
1993-10-21,2.6825404167175293
1993-10-22,2.675450086593628
1993-10-25,2.6683602333068848
1993-10-26,2.6730878353118896
1993-10-27,2.6683602333068848
1993-10-28,2.670722484588623
1993-10-29,2.6780850887298584
1993-11-01,2.6614646911621094
1993-11-02,2.654343843460083
1993-11-03,2.654343843460083
1993-11-04,2.6472179889678955
1993-11-05,2.6400938034057617
1993-11-08,2.6472179889678955
1993-11-09,2.6519687175750732
1993-11-10,2.644848108291626
1993-11-11,2.6424713134765625
1993-11-12,2.654343843460083
1993-11-15,2.6495907306671143
1993-11-16,2.6567153930664062
1993-11-17,2.6567153930664062
1993-11-18,2.6472179889678955
1993-11-19,2.6329753398895264
1993-11-22,2.6258504390716553
1993-11-23,2.6377227306365967
1993-11-24,2.635348081588745
1993-11-26,2.6400938034057617
1993-11-29,2.644848108291626
1993-11-30,2.6469919681549072
1993-12-01,2.649376630783081
1993-12-02,2.649376630783081
1993-12-03,2.649376630783081
1993-12-06,2.661296844482422
1993-12-07,2.661296844482422
1993-12-08,2.663684844970703
1993-12-09,2.666069984436035
1993-12-10,2.6589133739471436
1993-12-13,2.6541454792022705
1993-12-14,2.649376630783081
1993-12-15,2.6469919681549072
1993-12-16,2.6469919681549072
1993-12-17,2.6517574787139893
1993-12-20,2.649376630783081
1993-12-21,2.6446094512939453
1993-12-22,2.6589133739471436
1993-12-23,2.663684844970703
1993-12-27,2.663684844970703
1993-12-28,2.663684844970703
1993-12-29,2.661296844482422
1993-12-30,2.649376630783081
1993-12-31,2.565765142440796
1994-01-03,2.5537896156311035
1994-01-04,2.556187629699707
1994-01-05,2.5537896156311035
1994-01-06,2.5633697509765625
1994-01-07,2.584932565689087
1994-01-10,2.5873310565948486
1994-01-11,2.5897228717803955
1994-01-12,2.5969104766845703
1994-01-13,2.5825366973876953
1994-01-14,2.5753531455993652
1994-01-17,2.5753531455993652
1994-01-18,2.5801408290863037
1994-01-19,2.5801408290863037
1994-01-20,2.5873310565948486
1994-01-21,2.584932565689087
1994-01-24,2.584932565689087
1994-01-25,2.5801408290863037
1994-01-26,2.5825366973876953
1994-01-27,2.5897228717803955
1994-01-28,2.5969104766845703
1994-01-31,2.6038897037506104
1994-02-01,2.5942656993865967
1994-02-02,2.5942656993865967
1994-02-03,2.5870449542999268
1994-02-04,2.5701963901519775
1994-02-07,2.562981128692627
1994-02-08,2.55816388130188
1994-02-09,2.562981128692627
1994-02-10,2.5605669021606445
1994-02-11,2.562981128692627
1994-02-14,2.5605669021606445
1994-02-15,2.562981128692627
1994-02-16,2.562981128692627
1994-02-17,2.548539400100708
1994-02-18,2.5389130115509033
1994-02-22,2.5437238216400146
1994-02-23,2.531695604324341
1994-02-24,2.5220673084259033
1994-02-25,2.5220673084259033
1994-02-28,2.5399534702301025
1994-03-01,2.523035764694214
1994-03-02,2.520618200302124
1994-03-03,2.5133674144744873
1994-03-04,2.5085339546203613
1994-03-07,2.5133674144744873
1994-03-08,2.5085339546203613
1994-03-09,2.5085339546203613
1994-03-10,2.498866081237793
1994-03-11,2.5012829303741455
1994-03-14,2.4940316677093506
1994-03-15,2.498866081237793
1994-03-16,2.5085339546203613
1994-03-17,2.5061161518096924
1994-03-18,2.4940316677093506
1994-03-21,2.489201307296753
1994-03-22,2.5012829303741455
1994-03-23,2.5012829303741455
1994-03-24,2.4843685626983643
1994-03-25,2.47953462600708
1994-03-28,2.47953462600708
1994-03-29,2.467449903488159
1994-03-30,2.4601995944976807
1994-03-31,2.466999053955078
1994-04-04,2.4184370040893555
1994-04-05,2.4402899742126465
1994-04-06,2.4475739002227783
1994-04-07,2.4548561573028564
1994-04-08,2.4451451301574707
1994-04-11,2.4451451301574707
1994-04-12,2.452428102493286
1994-04-13,2.4451451301574707
1994-04-14,2.4427149295806885
1994-04-15,2.4427149295806885
1994-04-18,2.4232914447784424
1994-04-19,2.4257216453552246
1994-04-20,2.4330031871795654
1994-04-21,2.450002431869507
1994-04-22,2.4451451301574707
1994-04-25,2.452428102493286
1994-04-26,2.457287549972534
1994-04-28,2.4354336261749268
1994-04-29,2.444213628768921
1994-05-02,2.441774845123291
1994-05-03,2.436896324157715
1994-05-04,2.436896324157715
1994-05-05,2.4393341541290283
1994-05-06,2.4125020503997803
1994-05-09,2.3978664875030518
1994-05-10,2.4149410724639893
1994-05-11,2.4027442932128906
1994-05-12,2.4100639820098877
1994-05-13,2.419820785522461
1994-05-16,2.4246997833251953
1994-05-17,2.446655511856079
1994-05-18,2.451533555984497
1994-05-19,2.458850145339966
1994-05-20,2.451533555984497
1994-05-23,2.434457778930664
1994-05-24,2.436896324157715
1994-05-25,2.4393341541290283
1994-05-26,2.444213628768921
1994-05-27,2.441774845123291
1994-05-31,2.4486379623413086
1994-06-01,2.453537702560425
1994-06-02,2.460894823074341
1994-06-03,2.4706976413726807
1994-06-06,2.480501651763916
1994-06-07,2.4755966663360596
1994-06-08,2.4755966663360596
1994-06-09,2.4731481075286865
1994-06-10,2.4657950401306152
1994-06-13,2.460894823074341
1994-06-14,2.4706976413726807
1994-06-15,2.460894823074341
1994-06-16,2.4633450508117676
1994-06-17,2.4559919834136963
1994-06-20,2.453537702560425
1994-06-21,2.44618821144104
1994-06-22,2.453537702560425
1994-06-23,2.458441972732544
1994-06-24,2.443735122680664
1994-06-27,2.44618821144104
1994-06-28,2.438831329345703
1994-06-29,2.438831329345703
1994-06-30,2.440556526184082
1994-07-01,2.443019390106201
1994-07-05,2.4454801082611084
1994-07-06,2.4454801082611084
1994-07-07,2.447946310043335
1994-07-08,2.433168649673462
1994-07-11,2.4307053089141846
1994-07-12,2.433168649673462
1994-07-13,2.435631513595581
1994-07-14,2.4553329944610596
1994-07-15,2.4553329944610596
1994-07-18,2.460259437561035
1994-07-19,2.4676482677459717
1994-07-20,2.4577980041503906
1994-07-21,2.4528727531433105
1994-07-22,2.450406074523926
1994-07-25,2.4528727531433105
1994-07-26,2.450406074523926
1994-07-27,2.4454801082611084
1994-07-28,2.447946310043335
1994-07-29,2.4823477268218994
1994-08-01,2.4798734188079834
1994-08-02,2.4823477268218994
1994-08-03,2.487297296524048
1994-08-04,2.4823477268218994
1994-08-05,2.462547540664673
1994-08-08,2.462547540664673
1994-08-09,2.4600753784179688
1994-08-10,2.4600753784179688
1994-08-11,2.4551219940185547
1994-08-12,2.462547540664673
1994-08-15,2.4600753784179688
1994-08-16,2.4724478721618652
1994-08-17,2.4749209880828857
1994-08-18,2.462547540664673
1994-08-19,2.4650230407714844
1994-08-22,2.457596778869629
1994-08-23,2.462547540664673
1994-08-24,2.4699747562408447
1994-08-25,2.462547540664673
1994-08-26,2.467496395111084
1994-08-29,2.4699747562408447
1994-08-30,2.4749209880828857
1994-08-31,2.4898481369018555
1994-09-01,2.4898481369018555
1994-09-02,2.4873576164245605
1994-09-06,2.479896068572998
1994-09-07,2.474921703338623
1994-09-08,2.474921703338623
1994-09-09,2.4575090408325195
1994-09-12,2.4550230503082275
1994-09-13,2.4575090408325195
1994-09-14,2.462486505508423
1994-09-15,2.4674596786499023
1994-09-16,2.447561025619507
1994-09-19,2.4500484466552734
1994-09-20,2.445073366165161
1994-09-21,2.440098285675049
1994-09-22,2.440098285675049
1994-09-23,2.440098285675049
1994-09-26,2.437610149383545
1994-09-27,2.4351253509521484
1994-09-28,2.437610149383545
1994-09-29,2.430149555206299
1994-09-30,2.445401430130005
1994-10-03,2.437903642654419
1994-10-04,2.4354007244110107
1994-10-05,2.427898406982422
1994-10-06,2.425398349761963
1994-10-07,2.4354007244110107
1994-10-10,2.4354007244110107
1994-10-11,2.442904233932495
1994-10-12,2.437903642654419
1994-10-13,2.442904233932495
1994-10-14,2.447901964187622
1994-10-17,2.447901964187622
1994-10-18,2.445401430130005
1994-10-19,2.4404003620147705
1994-10-20,2.425398349761963
1994-10-21,2.425398349761963
1994-10-24,2.4178967475891113
1994-10-25,2.4153974056243896
1994-10-26,2.4128963947296143
1994-10-27,2.4153974056243896
1994-10-28,2.425398349761963
1994-10-31,2.4389753341674805
1994-11-01,2.423891305923462
1994-11-02,2.418861150741577
1994-11-03,2.418861150741577
1994-11-04,2.4088032245635986
1994-11-07,2.4088032245635986
1994-11-08,2.4138333797454834
1994-11-09,2.418861150741577
1994-11-10,2.4138333797454834
1994-11-11,2.4138333797454834
1994-11-14,2.4213781356811523
1994-11-15,2.4213781356811523
1994-11-16,2.4138333797454834
1994-11-17,2.4088032245635986
1994-11-18,2.4088032245635986
1994-11-21,2.4062888622283936
1994-11-22,2.4088032245635986
1994-11-23,2.4314332008361816
1994-11-25,2.4314332008361816
1994-11-28,2.4213781356811523
1994-11-29,2.4113168716430664
1994-11-30,2.429776906967163
1994-12-01,2.4272475242614746
1994-12-02,2.437361240386963
1994-12-05,2.434833526611328
1994-12-06,2.4474735260009766
1994-12-07,2.439887762069702
1994-12-08,2.439887762069702
1994-12-09,2.437361240386963
1994-12-12,2.429776906967163
1994-12-13,2.4323041439056396
1994-12-14,2.434833526611328
1994-12-15,2.439887762069702
1994-12-16,2.437361240386963
1994-12-19,2.437361240386963
1994-12-20,2.437361240386963
1994-12-21,2.439887762069702
1994-12-22,2.434833526611328
1994-12-23,2.4323041439056396
1994-12-27,2.4424166679382324
1994-12-28,2.437361240386963
1994-12-29,2.434833526611328
1994-12-30,2.449073314666748
1995-01-03,2.441443681716919
1995-01-04,2.4516167640686035
1995-01-05,2.441443681716919
1995-01-06,2.4439873695373535
1995-01-09,2.4389026165008545
1995-01-10,2.446530818939209
1995-01-11,2.4516167640686035
1995-01-12,2.449073314666748
1995-01-13,2.4643330574035645
1995-01-16,2.4668772220611572
1995-01-17,2.4643330574035645
1995-01-18,2.4643330574035645
1995-01-19,2.459247589111328
1995-01-20,2.446530818939209
1995-01-23,2.446530818939209
1995-01-24,2.4439873695373535
1995-01-25,2.4516167640686035
1995-01-26,2.459247589111328
1995-01-27,2.4745070934295654
1995-01-30,2.47704815864563
1995-01-31,2.4967451095581055
1995-02-01,2.4865143299102783
1995-02-02,2.4865143299102783
1995-02-03,2.5095386505126953
1995-02-06,2.5095386505126953
1995-02-07,2.506978988647461
1995-02-08,2.5095386505126953
1995-02-09,2.501863479614258
1995-02-10,2.494187831878662
1995-02-13,2.494187831878662
1995-02-14,2.506978988647461
1995-02-15,2.5172128677368164
1995-02-16,2.5223278999328613
1995-02-17,2.5197699069976807
1995-02-21,2.5172128677368164
1995-02-22,2.5300004482269287
1995-02-23,2.532559633255005
1995-02-24,2.532559633255005
1995-02-27,2.545351266860962
1995-02-28,2.5612947940826416
1995-03-01,2.5612947940826416
1995-03-02,2.553579092025757
1995-03-03,2.5432915687561035
1995-03-06,2.538149356842041
1995-03-07,2.533008098602295
1995-03-08,2.545865297317505
1995-03-09,2.5561516284942627
1995-03-10,2.5612947940826416
1995-03-13,2.5690104961395264
1995-03-14,2.5818684101104736
1995-03-15,2.579294443130493
1995-03-16,2.5818684101104736
1995-03-17,2.5741517543792725
1995-03-20,2.5741517543792725
1995-03-21,2.566437005996704
1995-03-22,2.563866138458252
1995-03-23,2.5612947940826416
1995-03-24,2.579294443130493
1995-03-27,2.5844385623931885
1995-03-28,2.5690104961395264
1995-03-29,2.5715832710266113
1995-03-30,2.563866138458252
1995-03-31,2.576023578643799
1995-04-03,2.5863687992095947
1995-04-04,2.5889546871185303
1995-04-05,2.591543197631836
1995-04-06,2.594125509262085
1995-04-07,2.591543197631836
1995-04-10,2.591543197631836
1995-04-11,2.594125509262085
1995-04-12,2.5967133045196533
1995-04-13,2.6044743061065674
1995-04-17,2.6044743061065674
1995-04-18,2.6044743061065674
1995-04-19,2.6018879413604736
1995-04-20,2.60705828666687
1995-04-21,2.609644889831543
1995-04-24,2.612231731414795
1995-04-25,2.609644889831543
1995-04-26,2.609644889831543
1995-04-27,2.6044743061065674
1995-04-28,2.6161749362945557
1995-05-01,2.6135737895965576
1995-05-02,2.6187758445739746
1995-05-03,2.634377956390381
1995-05-04,2.6473827362060547
1995-05-05,2.6707890033721924
1995-05-08,2.6707890033721924
1995-05-09,2.6837916374206543
1995-05-10,2.673388719558716
1995-05-11,2.6707890033721924
1995-05-12,2.6681885719299316
1995-05-15,2.6785919666290283
1995-05-16,2.6889901161193848
1995-05-17,2.6889901161193848
1995-05-18,2.6811904907226562
1995-05-19,2.6785919666290283
1995-05-22,2.675987720489502
1995-05-23,2.686392068862915
1995-05-24,2.7045960426330566
1995-05-25,2.709796667098999
1995-05-26,2.707193613052368
1995-05-30,2.722799062728882
1995-05-31,2.7403182983398438
1995-06-01,2.7560088634490967
1995-06-02,2.7716927528381348
1995-06-05,2.7743113040924072
1995-06-06,2.769080877304077
1995-06-07,2.7560088634490967
1995-06-08,2.7429325580596924
1995-06-09,2.7194011211395264
1995-06-12,2.724628448486328
1995-06-13,2.7638511657714844
1995-06-14,2.7612335681915283
1995-06-15,2.7533955574035645
1995-06-16,2.750776529312134
1995-06-19,2.7638511657714844
1995-06-20,2.7560088634490967
1995-06-21,2.7612335681915283
1995-06-22,2.7743113040924072
1995-06-23,2.769080877304077
1995-06-26,2.7612335681915283
1995-06-27,2.758619546890259
1995-06-28,2.7612335681915283
1995-06-29,2.7403182983398438
1995-06-30,2.762662410736084
1995-07-03,2.762662410736084
1995-07-05,2.765288829803467
1995-07-06,2.788947105407715
1995-07-07,2.788947105407715
1995-07-10,2.7915761470794678
1995-07-11,2.783689260482788
1995-07-12,2.783689260482788
1995-07-13,2.783689260482788
1995-07-14,2.773176670074463
1995-07-17,2.762662410736084
1995-07-18,2.7521448135375977
1995-07-19,2.7337446212768555
1995-07-20,2.7311158180236816
1995-07-21,2.7179746627807617
1995-07-24,2.7284891605377197
1995-07-25,2.7311158180236816
1995-07-26,2.7232344150543213
1995-07-27,2.7311158180236816
1995-07-28,2.725858688354492
1995-07-31,2.745946168899536
1995-08-01,2.7406604290008545
1995-08-02,2.7485897541046143
1995-08-03,2.735374927520752
1995-08-04,2.7406604290008545
1995-08-07,2.7433040142059326
1995-08-08,2.7433040142059326
1995-08-09,2.7380199432373047
1995-08-10,2.735374927520752
1995-08-11,2.719517946243286
1995-08-14,2.719517946243286
1995-08-15,2.724804162979126
1995-08-16,2.7274444103240967
1995-08-17,2.724804162979126
1995-08-18,2.724804162979126
1995-08-21,2.7300918102264404
1995-08-22,2.7274444103240967
1995-08-23,2.7221620082855225
1995-08-24,2.735374927520752
1995-08-25,2.753875494003296
1995-08-28,2.7591607570648193
1995-08-29,2.756516456604004
1995-08-30,2.7591607570648193
1995-08-31,2.7820117473602295
1995-09-01,2.7926406860351562
1995-09-05,2.7979512214660645
1995-09-06,2.80061411857605
1995-09-07,2.7926406860351562
1995-09-08,2.7899839878082275
1995-09-11,2.7899839878082275
1995-09-12,2.80061411857605
1995-09-13,2.7952964305877686
1995-09-14,2.808584213256836
1995-09-15,2.8059258460998535
1995-09-18,2.7979512214660645
1995-09-19,2.80061411857605
1995-09-20,2.8059258460998535
1995-09-21,2.7899839878082275
1995-09-22,2.7846713066101074
1995-09-25,2.7846713066101074
1995-09-26,2.7820117473602295
1995-09-27,2.7793548107147217
1995-09-28,2.7820117473602295
1995-09-29,2.807119131088257
1995-10-02,2.8124563694000244
1995-10-03,2.8178012371063232
1995-10-04,2.8231427669525146
1995-10-05,2.8258137702941895
1995-10-06,2.8284873962402344
1995-10-09,2.8258137702941895
1995-10-10,2.8258137702941895
1995-10-11,2.8258137702941895
1995-10-12,2.8311548233032227
1995-10-13,2.8445112705230713
1995-10-16,2.841837167739868
1995-10-17,2.847182512283325
1995-10-18,2.841837167739868
1995-10-19,2.841837167739868
1995-10-20,2.8338265419006348
1995-10-23,2.8284873962402344
1995-10-24,2.83916974067688
1995-10-25,2.83916974067688
1995-10-26,2.8338265419006348
1995-10-27,2.83916974067688
1995-10-30,2.83916974067688
1995-10-31,2.8568878173828125
1995-11-01,2.8649466037750244
1995-11-02,2.8730010986328125
1995-11-03,2.8703153133392334
1995-11-06,2.8676323890686035
1995-11-07,2.8622591495513916
1995-11-08,2.8730010986328125
1995-11-09,2.8676323890686035
1995-11-10,2.8622591495513916
1995-11-13,2.8676323890686035
1995-11-14,2.8649466037750244
1995-11-15,2.8622591495513916
1995-11-16,2.8703153133392334
1995-11-17,2.8756864070892334
1995-11-20,2.8730010986328125
1995-11-21,2.8676323890686035
1995-11-22,2.8649466037750244
1995-11-24,2.8703153133392334
1995-11-27,2.8756864070892334
1995-11-28,2.8756864070892334
1995-11-29,2.8810555934906006
1995-11-30,2.909122943878174
1995-12-01,2.9145185947418213
1995-12-04,2.928013563156128
1995-12-05,2.922614097595215
1995-12-06,2.919917106628418
1995-12-07,2.9118194580078125
1995-12-08,2.9118194580078125
1995-12-11,2.9172189235687256
1995-12-12,2.9118194580078125
1995-12-13,2.909122943878174
1995-12-14,2.909122943878174
1995-12-15,2.909122943878174
1995-12-18,2.8956284523010254
1995-12-19,2.9118194580078125
1995-12-20,2.909122943878174
1995-12-21,2.909122943878174
1995-12-22,2.9172189235687256
1995-12-26,2.919917106628418
1995-12-27,2.922614097595215
1995-12-28,2.9307122230529785
1995-12-29,2.9513297080993652
1996-01-02,2.9513297080993652
1996-01-03,2.9540369510650635
1996-01-04,2.9459004402160645
1996-01-05,2.93776273727417
1996-01-08,2.93776273727417
1996-01-09,2.93776273727417
1996-01-10,2.9214861392974854
1996-01-11,2.9269134998321533
1996-01-12,2.9323408603668213
1996-01-15,2.9323408603668213
1996-01-16,2.943189859390259
1996-01-17,2.9540369510650635
1996-01-18,2.9594638347625732
1996-01-19,2.9621756076812744
1996-01-22,2.9486141204833984
1996-01-23,2.943189859390259
1996-01-24,2.9486141204833984
1996-01-25,2.9350521564483643
1996-01-26,2.9459004402160645
1996-01-29,2.940476417541504
1996-01-30,2.9513297080993652
1996-01-31,2.971773624420166
1996-02-01,2.971773624420166
1996-02-02,2.9635965824127197
1996-02-05,2.9608678817749023
1996-02-06,2.9635965824127197
1996-02-07,2.9635965824127197
1996-02-08,2.9635965824127197
1996-02-09,2.966325283050537
1996-02-12,2.974501848220825
1996-02-13,2.9799535274505615
1996-02-14,2.974501848220825
1996-02-15,2.9608678817749023
1996-02-16,2.949962854385376
1996-02-20,2.9090683460235596
1996-02-21,2.9145190715789795
1996-02-22,2.9254250526428223
1996-02-23,2.9145190715789795
1996-02-26,2.9090683460235596
1996-02-27,2.9008853435516357
1996-02-28,2.887258768081665
1996-02-29,2.9012277126312256
1996-03-01,2.920403003692627
1996-03-04,2.9341020584106445
1996-03-05,2.923144578933716
1996-03-06,2.9094462394714355
1996-03-07,2.9067060947418213
1996-03-08,2.8491766452789307
1996-03-11,2.862874746322632
1996-03-12,2.8573927879333496
1996-03-13,2.8573927879333496
1996-03-14,2.8546550273895264
1996-03-15,2.838219165802002
1996-03-18,2.8436975479125977
1996-03-19,2.8464388847351074
1996-03-20,2.8601348400115967
1996-03-21,2.868356227874756
1996-03-22,2.8573927879333496
1996-03-25,2.871091604232788
1996-03-26,2.871091604232788
1996-03-27,2.8546550273895264
1996-03-28,2.840956687927246
1996-03-29,2.869598627090454
1996-04-01,2.8751063346862793
1996-04-02,2.8833682537078857
1996-04-03,2.8778607845306396
1996-04-04,2.8668437004089355
1996-04-08,2.820028305053711
1996-04-09,2.8310415744781494
1996-04-10,2.820028305053711
1996-04-11,2.8117687702178955
1996-04-12,2.839303731918335
1996-04-15,2.8475656509399414
1996-04-16,2.8448123931884766
1996-04-17,2.8365495204925537
1996-04-18,2.828291654586792
1996-04-19,2.839303731918335
1996-04-22,2.8475656509399414
1996-04-23,2.8448123931884766
1996-04-24,2.8365495204925537
1996-04-25,2.839303731918335
1996-04-26,2.8420581817626953
1996-04-29,2.8365495204925537
1996-04-30,2.840148448944092
1996-05-01,2.8373827934265137
1996-05-02,2.8124678134918213
1996-05-03,2.8041622638702393
1996-05-06,2.8096985816955566
1996-05-07,2.806931972503662
1996-05-08,2.8180038928985596
1996-05-09,2.8124678134918213
1996-05-10,2.8263111114501953
1996-05-13,2.8318443298339844
1996-05-14,2.8429179191589355
1996-05-15,2.8429179191589355
1996-05-16,2.8318443298339844
1996-05-17,2.8429179191589355
1996-05-20,2.8456878662109375
1996-05-21,2.8429179191589355
1996-05-22,2.8456878662109375
1996-05-23,2.8373827934265137
1996-05-24,2.8429179191589355
1996-05-28,2.840148448944092
1996-05-29,2.8263111114501953
1996-05-30,2.8235394954681396
1996-05-31,2.827713966369629
1996-06-03,2.8249316215515137
1996-06-04,2.827713966369629
1996-06-05,2.833278179168701
1996-06-06,2.844414472579956
1996-06-07,2.8137996196746826
1996-06-10,2.8110156059265137
1996-06-11,2.808232545852661
1996-06-12,2.7998836040496826
1996-06-13,2.8054518699645996
1996-06-14,2.8137996196746826
1996-06-17,2.8221487998962402
1996-06-18,2.8193631172180176
1996-06-19,2.8137996196746826
1996-06-20,2.8110156059265137
1996-06-21,2.8137996196746826
1996-06-24,2.8193631172180176
1996-06-25,2.8249316215515137
1996-06-26,2.8249316215515137
1996-06-27,2.838848829269409
1996-06-28,2.870462656021118
1996-07-01,2.8676648139953613
1996-07-02,2.859272003173828
1996-07-03,2.8648674488067627
1996-07-05,2.817305326461792
1996-07-08,2.817305326461792
1996-07-09,2.8256986141204834
1996-07-10,2.8368895053863525
1996-07-11,2.8396859169006348
1996-07-12,2.848078727722168
1996-07-15,2.842484951019287
1996-07-16,2.850877523422241
1996-07-17,2.848078727722168
1996-07-18,2.8676648139953613
1996-07-19,2.859272003173828
1996-07-22,2.850877523422241
1996-07-23,2.856475353240967
1996-07-24,2.848078727722168
1996-07-25,2.848078727722168
1996-07-26,2.850877523422241
1996-07-29,2.8396859169006348
1996-07-30,2.8452847003936768
1996-07-31,2.874819755554199
1996-08-01,2.897322416305542
1996-08-02,2.919826030731201
1996-08-05,2.917012929916382
1996-08-06,2.914198160171509
1996-08-07,2.914198160171509
1996-08-08,2.9113874435424805
1996-08-09,2.9226386547088623
1996-08-12,2.9226386547088623
1996-08-13,2.9085769653320312
1996-08-14,2.9113874435424805
1996-08-15,2.9029483795166016
1996-08-16,2.9113874435424805
1996-08-19,2.9085769653320312
1996-08-20,2.9085769653320312
1996-08-21,2.9029483795166016
1996-08-22,2.9029483795166016
1996-08-23,2.888880491256714
1996-08-26,2.874819755554199
1996-08-27,2.877631664276123
1996-08-28,2.874819755554199
1996-08-29,2.8635647296905518
1996-08-30,2.864978075027466
1996-09-03,2.8706367015838623
1996-09-04,2.867809772491455
1996-09-05,2.8564960956573486
1996-09-06,2.864978075027466
1996-09-09,2.8734655380249023
1996-09-10,2.867809772491455
1996-09-11,2.867809772491455
1996-09-12,2.8762950897216797
1996-09-13,2.898919105529785
1996-09-16,2.898919105529785
1996-09-17,2.884779691696167
1996-09-18,2.8819494247436523
1996-09-19,2.879120349884033
1996-09-20,2.8819494247436523
1996-09-23,2.884779691696167
1996-09-24,2.893263578414917
1996-09-25,2.9045732021331787
1996-09-26,2.913060188293457
1996-09-27,2.907404899597168
1996-09-30,2.9196252822875977
1996-10-01,2.928157091140747
1996-10-02,2.9366841316223145
1996-10-03,2.9366841316223145
1996-10-04,2.9565863609313965
1996-10-07,2.9480574131011963
1996-10-08,2.9452130794525146
1996-10-09,2.9423720836639404
1996-10-10,2.930999517440796
1996-10-11,2.9423720836639404
1996-10-14,2.9423720836639404
1996-10-15,2.9423720836639404
1996-10-16,2.9395313262939453
1996-10-17,2.9509005546569824
1996-10-18,2.9509005546569824
1996-10-21,2.9480574131011963
1996-10-22,2.9423720836639404
1996-10-23,2.9452130794525146
1996-10-24,2.9423720836639404
1996-10-25,2.9480574131011963
1996-10-28,2.9452130794525146
1996-10-29,2.9708011150360107
1996-10-30,2.9708011150360107
1996-10-31,2.992234468460083
1996-11-01,2.989375591278076
1996-11-04,2.992234468460083
1996-11-05,3.003664255142212
1996-11-06,3.000810384750366
1996-11-07,3.0093791484832764
1996-11-08,3.003664255142212
1996-11-11,3.003664255142212
1996-11-12,3.0150983333587646
1996-11-13,3.0093791484832764
1996-11-14,3.023667335510254
1996-11-15,3.0179569721221924
1996-11-18,3.0150983333587646
1996-11-19,3.02081298828125
1996-11-20,3.023667335510254
1996-11-21,3.023667335510254
1996-11-22,3.023667335510254
1996-11-25,3.026531457901001
1996-11-26,3.023667335510254
1996-11-27,3.023667335510254
1996-11-29,3.0535459518432617
1996-12-02,3.050673484802246
1996-12-03,3.0535459518432617
1996-12-04,3.0420567989349365
1996-12-05,3.02769136428833
1996-12-06,3.019073724746704
1996-12-09,3.0305633544921875
1996-12-10,3.02769136428833
1996-12-11,3.0018398761749268
1996-12-12,2.9989659786224365
1996-12-13,3.010458469390869
1996-12-16,3.0018398761749268
1996-12-17,2.996093273162842
1996-12-18,2.9903502464294434
1996-12-19,3.0075855255126953
1996-12-20,3.0075855255126953
1996-12-23,3.0075855255126953
1996-12-24,3.0047106742858887
1996-12-26,3.0047106742858887
1996-12-27,3.0133275985717773
1996-12-30,3.0133275985717773
1996-12-31,3.0092880725860596
1997-01-02,2.991960048675537
1997-01-03,2.994847059249878
1997-01-06,2.991960048675537
1997-01-07,2.989071846008301
1997-01-08,2.9861836433410645
1997-01-09,2.9977355003356934
1997-01-10,2.977519989013672
1997-01-13,2.980407238006592
1997-01-14,2.994847059249878
1997-01-15,2.994847059249878
1997-01-16,2.9861836433410645
1997-01-17,2.989071846008301
1997-01-20,2.989071846008301
1997-01-21,2.994847059249878
1997-01-22,2.989071846008301
1997-01-23,2.9832921028137207
1997-01-24,2.977519989013672
1997-01-27,2.9717419147491455
1997-01-28,2.977519989013672
1997-01-29,2.977519989013672
1997-01-30,2.9832921028137207
1997-01-31,3.011169672012329
1997-02-03,3.022784471511841
1997-02-04,3.0256872177124023
1997-02-05,3.022784471511841
1997-02-06,3.019880771636963
1997-02-07,3.031496286392212
1997-02-10,3.031496286392212
1997-02-11,3.0285933017730713
1997-02-12,3.0285933017730713
1997-02-13,3.0402064323425293
1997-02-14,3.0489165782928467
1997-02-18,3.0460166931152344
1997-02-19,3.0431127548217773
1997-02-20,3.031496286392212
1997-02-21,3.034400224685669
1997-02-24,3.0285933017730713
1997-02-25,3.0285933017730713
1997-02-26,3.0024590492248535
1997-02-27,3.0024590492248535
1997-02-28,3.014131546020508
1997-03-03,3.011212110519409
1997-03-04,3.0053741931915283
1997-03-05,3.0053741931915283
1997-03-06,3.002460479736328
1997-03-07,3.011212110519409
1997-03-10,3.011212110519409
1997-03-11,3.011212110519409
1997-03-12,3.0053741931915283
1997-03-13,2.9878687858581543
1997-03-14,2.990786075592041
1997-03-17,2.9878687858581543
1997-03-18,2.9878687858581543
1997-03-19,2.984951972961426
1997-03-20,2.9820351600646973
1997-03-21,2.9820351600646973
1997-03-24,2.984951972961426
1997-03-25,2.9820351600646973
1997-03-26,2.9732789993286133
1997-03-27,2.9557745456695557
1997-03-31,2.9748435020446777
1997-04-01,2.977776527404785
1997-04-02,2.980712413787842
1997-04-03,2.980712413787842
1997-04-04,2.9719130992889404
1997-04-07,2.980712413787842
1997-04-08,2.9748435020446777
1997-04-09,2.9748435020446777
1997-04-10,2.9748435020446777
1997-04-11,2.9631097316741943
1997-04-14,2.9631097316741943
1997-04-15,2.977776527404785
1997-04-16,2.9748435020446777
1997-04-17,2.980712413787842
1997-04-18,2.9836435317993164
1997-04-21,2.980712413787842
1997-04-22,2.9836435317993164
1997-04-23,2.977776527404785
1997-04-24,2.9689760208129883
1997-04-25,2.9689760208129883
1997-04-28,2.9719130992889404
1997-04-29,2.995382308959961
1997-04-30,3.022808313369751
1997-05-01,3.02575421333313
1997-05-02,3.02870512008667
1997-05-05,3.02870512008667
1997-05-06,3.02870512008667
1997-05-07,3.0169060230255127
1997-05-08,3.022808313369751
1997-05-09,3.0316522121429443
1997-05-12,3.0316522121429443
1997-05-13,3.022808313369751
1997-05-14,3.02870512008667
1997-05-15,3.0316522121429443
1997-05-16,3.02575421333313
1997-05-19,3.02575421333313
1997-05-20,3.02870512008667
1997-05-21,3.022808313369751
1997-05-22,3.0169060230255127
1997-05-23,3.019857168197632
1997-05-27,3.0139572620391846
1997-05-28,3.0139572620391846
1997-05-29,3.019857168197632
1997-05-30,3.0480258464813232
1997-06-02,3.0480258464813232
1997-06-03,3.05395245552063
1997-06-04,3.05395245552063
1997-06-05,3.05395245552063
1997-06-06,3.068777561187744
1997-06-09,3.059882879257202
1997-06-10,3.056917905807495
1997-06-11,3.056917905807495
1997-06-12,3.068777561187744
1997-06-13,3.074709415435791
1997-06-16,3.080639600753784
1997-06-17,3.074709415435791
1997-06-18,3.0776727199554443
1997-06-19,3.0776727199554443
1997-06-20,3.0836052894592285
1997-06-23,3.0776727199554443
1997-06-24,3.0776727199554443
1997-06-25,3.0717451572418213
1997-06-26,3.0658130645751953
1997-06-27,3.0717451572418213
1997-06-30,3.078601837158203
1997-07-01,3.087541103363037
1997-07-02,3.093498945236206
1997-07-03,3.1084024906158447
1997-07-07,3.1143648624420166
1997-07-08,3.111384630203247
1997-07-09,3.1143648624420166
1997-07-10,3.1143648624420166
1997-07-11,3.1173412799835205
1997-07-14,3.1143648624420166
1997-07-15,3.1143648624420166
1997-07-16,3.120323896408081
1997-07-17,3.1233017444610596
1997-07-18,3.1173412799835205
1997-07-21,3.1143648624420166
1997-07-22,3.1292636394500732
1997-07-23,3.132244348526001
1997-07-24,3.1292636394500732
1997-07-25,3.126284599304199
1997-07-28,3.1292636394500732
1997-07-29,3.13820481300354
1997-07-30,3.144164800643921
1997-07-31,3.166332721710205
1997-08-01,3.139370918273926
1997-08-04,3.1363770961761475
1997-08-05,3.1363770961761475
1997-08-06,3.139370918273926
1997-08-07,3.1363770961761475
1997-08-08,3.112412452697754
1997-08-11,3.1184027194976807
1997-08-12,3.115408420562744
1997-08-13,3.1184027194976807
1997-08-14,3.127392292022705
1997-08-15,3.1303863525390625
1997-08-18,3.1363770961761475
1997-08-19,3.1363770961761475
1997-08-20,3.1303863525390625
1997-08-21,3.124397039413452
1997-08-22,3.115408420562744
1997-08-25,3.112412452697754
1997-08-26,3.112412452697754
1997-08-27,3.112412452697754
1997-08-28,3.124397039413452
1997-08-29,3.134934186935425
1997-09-02,3.1409592628479004
1997-09-03,3.1379454135894775
1997-09-04,3.134934186935425
1997-09-05,3.131922721862793
1997-09-08,3.134934186935425
1997-09-09,3.134934186935425
1997-09-10,3.131922721862793
1997-09-11,3.128912925720215
1997-09-12,3.1409592628479004
1997-09-15,3.1439692974090576
1997-09-16,3.168058156967163
1997-09-17,3.168058156967163
1997-09-18,3.168058156967163
1997-09-19,3.168058156967163
1997-09-22,3.1740846633911133
1997-09-23,3.168058156967163
1997-09-24,3.1740846633911133
1997-09-25,3.1650495529174805
1997-09-26,3.168058156967163
1997-09-29,3.168058156967163
1997-09-30,3.1810760498046875
1997-10-01,3.190156936645508
1997-10-02,3.1962080001831055
1997-10-03,3.1962080001831055
1997-10-06,3.2022628784179688
1997-10-07,3.205289363861084
1997-10-08,3.184098482131958
1997-10-09,3.184098482131958
1997-10-10,3.1750221252441406
1997-10-13,3.1750221252441406
1997-10-14,3.187129497528076
1997-10-15,3.1810760498046875
1997-10-16,3.1810760498046875
1997-10-17,3.1719918251037598
1997-10-20,3.1719918251037598
1997-10-21,3.1719918251037598
1997-10-22,3.1750221252441406
1997-10-23,3.187129497528076
1997-10-24,3.193183183670044
1997-10-27,3.2173984050750732
1997-10-28,3.1962080001831055
1997-10-29,3.2022628784179688
1997-10-30,3.214369535446167
1997-10-31,3.234145402908325
1997-11-03,3.2219738960266113
1997-11-04,3.2128496170043945
1997-11-05,3.2158913612365723
1997-11-06,3.2219738960266113
1997-11-07,3.2219738960266113
1997-11-10,3.218935489654541
1997-11-11,3.218935489654541
1997-11-12,3.2250146865844727
1997-11-13,3.228060007095337
1997-11-14,3.228060007095337
1997-11-17,3.2311043739318848
1997-11-18,3.2311043739318848
1997-11-19,3.234145402908325
1997-11-20,3.2311043739318848
1997-11-21,3.234145402908325
1997-11-24,3.2311043739318848
1997-11-25,3.2311043739318848
1997-11-26,3.228060007095337
1997-11-28,3.244267702102661
1997-12-01,3.244267702102661
1997-12-02,3.244267702102661
1997-12-03,3.2503857612609863
1997-12-04,3.2503857612609863
1997-12-05,3.238149404525757
1997-12-08,3.228978157043457
1997-12-09,3.228978157043457
1997-12-10,3.238149404525757
1997-12-11,3.2534420490264893
1997-12-12,3.2626125812530518
1997-12-15,3.256495237350464
1997-12-16,3.2595531940460205
1997-12-17,3.2534420490264893
1997-12-18,3.2595531940460205
1997-12-19,3.268728256225586
1997-12-22,3.268728256225586
1997-12-23,3.2656712532043457
1997-12-24,3.2656712532043457
1997-12-26,3.2656712532043457
1997-12-29,3.2626125812530518
1997-12-30,3.2534420490264893
1997-12-31,3.279874801635742
1998-01-02,3.2921693325042725
1998-01-05,3.3198370933532715
1998-01-06,3.322908401489258
1998-01-07,3.313688278198242
1998-01-08,3.3290605545043945
1998-01-09,3.341353416442871
1998-01-12,3.341353416442871
1998-01-13,3.335205078125
1998-01-14,3.3290605545043945
1998-01-15,3.3290605545043945
1998-01-16,3.3198370933532715
1998-01-20,3.313688278198242
1998-01-21,3.316760301589966
1998-01-22,3.316760301589966
1998-01-23,3.2921693325042725
1998-01-26,3.301392078399658
1998-01-27,3.2921693325042725
1998-01-28,3.2921693325042725
1998-01-29,3.313688278198242
1998-01-30,3.336550712585449
1998-02-02,3.330371856689453
1998-02-03,3.330371856689453
1998-02-04,3.330371856689453
1998-02-05,3.321101188659668
1998-02-06,3.321101188659668
1998-02-09,3.3149242401123047
1998-02-10,3.31801176071167
1998-02-11,3.327280282974243
1998-02-12,3.330371856689453
1998-02-13,3.330371856689453
1998-02-17,3.3396387100219727
1998-02-18,3.330371856689453
1998-02-19,3.327280282974243
1998-02-20,3.327280282974243
1998-02-23,3.31801176071167
1998-02-24,3.296386957168579
1998-02-25,3.308743953704834
1998-02-26,3.3025670051574707
1998-02-27,3.3239784240722656
1998-03-02,3.3084635734558105
1998-03-03,3.2991535663604736
1998-03-04,3.3022563457489014
1998-03-05,3.2991535663604736
1998-03-06,3.305359125137329
1998-03-09,3.3146698474884033
1998-03-10,3.317772626876831
1998-03-11,3.3208768367767334
1998-03-12,3.3332929611206055
1998-03-13,3.330188035964966
1998-03-16,3.336393117904663
1998-03-17,3.3332929611206055
1998-03-18,3.330188035964966
1998-03-19,3.327085494995117
1998-03-20,3.330188035964966
1998-03-23,3.330188035964966
1998-03-24,3.330188035964966
1998-03-25,3.317772626876831
1998-03-26,3.311568021774292
1998-03-27,3.3084635734558105
1998-03-30,3.3022563457489014
1998-03-31,3.32877254486084
1998-04-01,3.3381307125091553
1998-04-02,3.3474931716918945
1998-04-03,3.3630900382995605
1998-04-06,3.3568532466888428
1998-04-07,3.3537323474884033
1998-04-08,3.3443729877471924
1998-04-09,3.3443729877471924
1998-04-13,3.32877254486084
1998-04-14,3.3350138664245605
1998-04-15,3.3412482738494873
1998-04-16,3.3443729877471924
1998-04-17,3.3443729877471924
1998-04-20,3.3350138664245605
1998-04-21,3.32877254486084
1998-04-22,3.32877254486084
1998-04-23,3.3256540298461914
1998-04-24,3.32877254486084
1998-04-27,3.3069348335266113
1998-04-28,3.3069348335266113
1998-04-29,3.30381441116333
1998-04-30,3.345200300216675
1998-05-01,3.345200300216675
1998-05-04,3.345200300216675
1998-05-05,3.342064619064331
1998-05-06,3.3483357429504395
1998-05-07,3.3483357429504395
1998-05-08,3.342064619064331
1998-05-11,3.326390504837036
1998-05-12,3.342064619064331
1998-05-13,3.345200300216675
1998-05-14,3.342064619064331
1998-05-15,3.338928461074829
1998-05-18,3.3483357429504395
1998-05-19,3.345200300216675
1998-05-20,3.3546035289764404
1998-05-21,3.345200300216675
1998-05-22,3.345200300216675
1998-05-26,3.357739210128784
1998-05-27,3.3608767986297607
1998-05-28,3.357739210128784
1998-05-29,3.3779103755950928
1998-06-01,3.3842074871063232
1998-06-02,3.3779103755950928
1998-06-03,3.3779103755950928
1998-06-04,3.371605396270752
1998-06-05,3.374753952026367
1998-06-08,3.374753952026367
1998-06-09,3.374753952026367
1998-06-10,3.387360095977783
1998-06-11,3.4031150341033936
1998-06-12,3.4031150341033936
1998-06-15,3.4094178676605225
1998-06-16,3.3968145847320557
1998-06-17,3.3810572624206543
1998-06-18,3.387360095977783
1998-06-19,3.3905117511749268
1998-06-22,3.393662452697754
1998-06-23,3.393662452697754
1998-06-24,3.3905117511749268
1998-06-25,3.387360095977783
1998-06-26,3.3905117511749268
1998-06-29,3.3905117511749268
1998-06-30,3.4101414680480957
1998-07-01,3.4133102893829346
1998-07-02,3.4164769649505615
1998-07-06,3.4196410179138184
1998-07-07,3.4164769649505615
1998-07-08,3.4133102893829346
1998-07-09,3.4196410179138184
1998-07-10,3.4196410179138184
1998-07-13,3.4101414680480957
1998-07-14,3.403809070587158
1998-07-15,3.403809070587158
1998-07-16,3.4006433486938477
1998-07-17,3.4006433486938477
1998-07-20,3.403809070587158
1998-07-21,3.4101414680480957
1998-07-22,3.4069771766662598
1998-07-23,3.4101414680480957
1998-07-24,3.4101414680480957
1998-07-27,3.4069771766662598
1998-07-28,3.403809070587158
1998-07-29,3.3974761962890625
1998-07-30,3.4006433486938477
1998-07-31,3.41782808303833
1998-08-03,3.427374839782715
1998-08-04,3.43373966217041
1998-08-05,3.43373966217041
1998-08-06,3.4305572509765625
1998-08-07,3.440105676651001
1998-08-10,3.440105676651001
1998-08-11,3.446470022201538
1998-08-12,3.443284273147583
1998-08-13,3.436922311782837
1998-08-14,3.443284273147583
1998-08-17,3.440105676651001
1998-08-18,3.440105676651001
1998-08-19,3.436922311782837
1998-08-20,3.446470022201538
1998-08-21,3.462378978729248
1998-08-24,3.462378978729248
1998-08-25,3.471924304962158
1998-08-26,3.4814751148223877
1998-08-27,3.494201183319092
1998-08-28,3.494201183319092
1998-08-31,3.5271406173706055
1998-09-01,3.517547607421875
1998-09-02,3.5111522674560547
1998-09-03,3.5239431858062744
1998-09-04,3.5271406173706055
1998-09-08,3.5271406173706055
1998-09-09,3.546325922012329
1998-09-10,3.584702968597412
1998-09-11,3.56551194190979
1998-09-14,3.55911922454834
1998-09-15,3.5559237003326416
1998-09-16,3.55911922454834
1998-09-17,3.575106382369995
1998-09-18,3.591094970703125
1998-09-21,3.594296932220459
1998-09-22,3.581503391265869
1998-09-23,3.594296932220459
1998-09-24,3.6038894653320312
1998-09-25,3.6102843284606934
1998-09-28,3.6070845127105713
1998-09-29,3.6102843284606934
1998-09-30,3.6555745601654053
1998-10-01,3.674852132797241
1998-10-02,3.674852132797241
1998-10-05,3.7005486488342285
1998-10-06,3.684490442276001
1998-10-07,3.661999464035034
1998-10-08,3.6138148307800293
1998-10-09,3.56884765625
1998-10-12,3.56884765625
1998-10-13,3.575269937515259
1998-10-14,3.6073906421661377
1998-10-15,3.6395134925842285
1998-10-16,3.636303663253784
1998-10-19,3.636303663253784
1998-10-20,3.6202423572540283
1998-10-21,3.6138148307800293
1998-10-22,3.6041808128356934
1998-10-23,3.59132981300354
1998-10-26,3.59132981300354
1998-10-27,3.6138148307800293
1998-10-28,3.6202423572540283
1998-10-29,3.626667022705078
1998-10-30,3.6276352405548096
1998-11-02,3.5985851287841797
1998-11-03,3.5985851287841797
1998-11-04,3.5759944915771484
1998-11-05,3.5792202949523926
1998-11-06,3.5566298961639404
1998-11-09,3.569542169570923
1998-11-10,3.5792202949523926
1998-11-11,3.5792202949523926
1998-11-12,3.5889065265655518
1998-11-13,3.5824480056762695
1998-11-16,3.5792202949523926
1998-11-17,3.5759944915771484
1998-11-18,3.5792202949523926
1998-11-19,3.5759944915771484
1998-11-20,3.5824480056762695
1998-11-23,3.5792202949523926
1998-11-24,3.5759944915771484
1998-11-25,3.5792202949523926
1998-11-27,3.5824480056762695
1998-11-30,3.6151952743530273
1998-12-01,3.6281700134277344
1998-12-02,3.641134738922119
1998-12-03,3.641134738922119
1998-12-04,3.6314098834991455
1998-12-07,3.618438959121704
1998-12-08,3.6314098834991455
1998-12-09,3.6443796157836914
1998-12-10,3.64762020111084
1998-12-11,3.6314098834991455
1998-12-14,3.641134738922119
1998-12-15,3.6281700134277344
1998-12-16,3.637894868850708
1998-12-17,3.637894868850708
1998-12-18,3.6346538066864014
1998-12-21,3.6216814517974854
1998-12-22,3.6087124347686768
1998-12-23,3.5892579555511475
1998-12-24,3.5762879848480225
1998-12-28,3.592500925064087
1998-12-29,3.6054720878601074
1998-12-30,3.6151952743530273
1998-12-31,3.6292078495025635
1999-01-04,3.6259474754333496
1999-01-05,3.6161715984344482
1999-01-06,3.6226909160614014
1999-01-07,3.6161715984344482
1999-01-08,3.5966272354125977
1999-01-11,3.5901126861572266
1999-01-12,3.6031460762023926
1999-01-13,3.6161715984344482
1999-01-14,3.6357228755950928
1999-01-15,3.6194345951080322
1999-01-19,3.6161715984344482
1999-01-20,3.606400966644287
1999-01-21,3.6194345951080322
1999-01-22,3.6324591636657715
1999-01-25,3.6292078495025635
1999-01-26,3.6226909160614014
1999-01-27,3.6292078495025635
1999-01-28,3.6292078495025635
1999-01-29,3.6531007289886475
1999-02-01,3.6334593296051025
1999-02-02,3.6236419677734375
1999-02-03,3.6138193607330322
1999-02-04,3.6007277965545654
1999-02-05,3.5909061431884766
1999-02-08,3.5941781997680664
1999-02-09,3.6007277965545654
1999-02-10,3.5974533557891846
1999-02-11,3.5974533557891846
1999-02-12,3.567992925643921
1999-02-16,3.571263313293457
1999-02-17,3.5810866355895996
1999-02-18,3.571263313293457
1999-02-19,3.5647201538085938
1999-02-22,3.5745394229888916
1999-02-23,3.561445951461792
1999-02-24,3.5450799465179443
1999-02-25,3.5221664905548096
1999-02-26,3.541238307952881
1999-03-01,3.5215063095092773
1999-03-02,3.528083562850952
1999-03-03,3.5247976779937744
1999-03-04,3.518221139907837
1999-03-05,3.5313735008239746
1999-03-08,3.537949562072754
1999-03-09,3.554388999938965
1999-03-10,3.547811269760132
1999-03-11,3.547811269760132
1999-03-12,3.5576765537261963
1999-03-15,3.5609657764434814
1999-03-16,3.567542314529419
1999-03-17,3.5642499923706055
1999-03-18,3.567542314529419
1999-03-19,3.5576765537261963
1999-03-22,3.547811269760132
1999-03-23,3.55110239982605
1999-03-24,3.5576765537261963
1999-03-25,3.547811269760132
1999-03-26,3.547811269760132
1999-03-29,3.541238307952881
1999-03-30,3.554388999938965
1999-03-31,3.5619895458221436
1999-04-01,3.555382251739502
1999-04-05,3.5719008445739746
1999-04-06,3.5851192474365234
1999-04-07,3.5851192474365234
1999-04-08,3.6082468032836914
1999-04-09,3.6049418449401855
1999-04-12,3.6049418449401855
1999-04-13,3.5950324535369873
1999-04-14,3.591726541519165
1999-04-15,3.5851192474365234
1999-04-16,3.575204610824585
1999-04-19,3.5851192474365234
1999-04-20,3.5884225368499756
1999-04-21,3.5884225368499756
1999-04-22,3.5719008445739746
1999-04-23,3.5719008445739746
1999-04-26,3.575204610824585
1999-04-27,3.5818114280700684
1999-04-28,3.5719008445739746
1999-04-29,3.5851192474365234
1999-04-30,3.5721709728240967
1999-05-03,3.5721709728240967
1999-05-04,3.565532922744751
1999-05-05,3.5688488483428955
1999-05-06,3.548933982849121
1999-05-07,3.5422921180725098
1999-05-10,3.548933982849121
1999-05-11,3.5356523990631104
1999-05-12,3.538970947265625
1999-05-13,3.5588936805725098
1999-05-14,3.5223731994628906
1999-05-17,3.515730619430542
1999-05-18,3.5124144554138184
1999-05-19,3.5223731994628906
1999-05-20,3.5223731994628906
1999-05-21,3.532335042953491
1999-05-24,3.532335042953491
1999-05-25,3.532335042953491
1999-05-26,3.5223731994628906
1999-05-27,3.5057742595672607
1999-05-28,3.523458480834961
1999-06-01,3.4967668056488037
1999-06-02,3.4934301376342773
1999-06-03,3.4967668056488037
1999-06-04,3.4967668056488037
1999-06-07,3.4967668056488037
1999-06-08,3.4934301376342773
1999-06-09,3.4834201335906982
1999-06-10,3.4767441749572754
1999-06-11,3.4600610733032227
1999-06-14,3.463399648666382
1999-06-15,3.4667375087738037
1999-06-16,3.473405599594116
1999-06-17,3.5034382343292236
1999-06-18,3.4934301376342773
1999-06-21,3.480083465576172
1999-06-22,3.473405599594116
1999-06-23,3.4600610733032227
1999-06-24,3.4533886909484863
1999-06-25,3.456726312637329
1999-06-28,3.4667375087738037
1999-06-29,3.473405599594116
1999-06-30,3.5143208503723145
1999-07-01,3.5076119899749756
1999-07-02,3.5109667778015137
1999-07-06,3.5009069442749023
1999-07-07,3.497553586959839
1999-07-08,3.5076119899749756
1999-07-09,3.5076119899749756
1999-07-12,3.5243797302246094
1999-07-13,3.5277326107025146
1999-07-14,3.5210273265838623
1999-07-15,3.5243797302246094
1999-07-16,3.531087636947632
1999-07-19,3.5344386100769043
1999-07-20,3.537792921066284
1999-07-21,3.5344386100769043
1999-07-22,3.5109667778015137
1999-07-23,3.5009069442749023
1999-07-26,3.494201183319092
1999-07-27,3.504258394241333
1999-07-28,3.5009069442749023
1999-07-29,3.48749041557312
1999-07-30,3.498615026473999
1999-08-02,3.495243549346924
1999-08-03,3.488506555557251
1999-08-04,3.491874933242798
1999-08-05,3.505356550216675
1999-08-06,3.4750216007232666
1999-08-09,3.4547996520996094
1999-08-10,3.451425552368164
1999-08-11,3.45816707611084
1999-08-12,3.4615378379821777
1999-08-13,3.478393077850342
1999-08-16,3.4817638397216797
1999-08-17,3.498615026473999
1999-08-18,3.5019869804382324
1999-08-19,3.495243549346924
1999-08-20,3.498615026473999
1999-08-23,3.495243549346924
1999-08-24,3.505356550216675
1999-08-25,3.525580883026123
1999-08-26,3.5222058296203613
1999-08-27,3.5019869804382324
1999-08-30,3.4817638397216797
1999-08-31,3.4963290691375732
1999-09-01,3.4963290691375732
1999-09-02,3.4895551204681396
1999-09-03,3.5132668018341064
1999-09-07,3.4997200965881348
1999-09-08,3.5064945220947266
1999-09-09,3.4997200965881348
1999-09-10,3.5132668018341064
1999-09-13,3.5132668018341064
1999-09-14,3.503105640411377
1999-09-15,3.5098812580108643
1999-09-16,3.516657590866089
1999-09-17,3.520047426223755
1999-09-20,3.5132668018341064
1999-09-21,3.5098812580108643
1999-09-22,3.5132668018341064
1999-09-23,3.526820421218872
1999-09-24,3.547152042388916
1999-09-27,3.5302107334136963
1999-09-28,3.520047426223755
1999-09-29,3.503105640411377
1999-09-30,3.5344343185424805
1999-10-01,3.5174100399017334
1999-10-04,3.524217128753662
1999-10-05,3.507192850112915
1999-10-06,3.5037879943847656
1999-10-07,3.507192850112915
1999-10-08,3.5105981826782227
1999-10-11,3.5105981826782227
1999-10-12,3.5037879943847656
1999-10-13,3.4935731887817383
1999-10-14,3.4867594242095947
1999-10-15,3.500385046005249
1999-10-18,3.4901676177978516
1999-10-19,3.4833571910858154
1999-10-20,3.4833571910858154
1999-10-21,3.4833571910858154
1999-10-22,3.479954719543457
1999-10-25,3.4765498638153076
1999-10-26,3.4731452465057373
1999-10-27,3.4833571910858154
1999-10-28,3.4969794750213623
1999-10-29,3.5390803813934326
1999-11-01,3.532230854034424
1999-11-02,3.535658597946167
1999-11-03,3.5424981117248535
1999-11-04,3.5527665615081787
1999-11-05,3.5630388259887695
1999-11-08,3.5561892986297607
1999-11-09,3.5561892986297607
1999-11-10,3.5493452548980713
1999-11-11,3.5493452548980713
1999-11-12,3.5596141815185547
1999-11-15,3.5596141815185547
1999-11-16,3.5561892986297607
1999-11-17,3.5424981117248535
1999-11-18,3.5390803813934326
1999-11-19,3.535658597946167
1999-11-22,3.532230854034424
1999-11-23,3.532230854034424
1999-11-24,3.532230854034424
1999-11-26,3.525390148162842
1999-11-29,3.5116961002349854
1999-11-30,3.5364646911621094
1999-12-01,3.52958345413208
1999-12-02,3.526142120361328
1999-12-03,3.5364646911621094
1999-12-06,3.5433456897735596
1999-12-07,3.5502254962921143
1999-12-08,3.5433456897735596
1999-12-09,3.546783685684204
1999-12-10,3.5571060180664062
1999-12-13,3.553666830062866
1999-12-14,3.5330259799957275
1999-12-15,3.5227043628692627
1999-12-16,3.5123848915100098
1999-12-17,3.5123848915100098
1999-12-20,3.4986236095428467
1999-12-21,3.4951834678649902
1999-12-22,3.4917426109313965
1999-12-23,3.4917426109313965
1999-12-27,3.4951834678649902
1999-12-28,3.4917426109313965
1999-12-29,3.4986236095428467
1999-12-30,3.4986236095428467
1999-12-31,3.5034663677215576
2000-01-03,3.4861717224121094
2000-01-04,3.5000057220458984
2000-01-05,3.482715606689453
2000-01-06,3.489631414413452
2000-01-07,3.5000057220458984
2000-01-10,3.489631414413452
2000-01-11,3.472339391708374
2000-01-12,3.468881130218506
2000-01-13,3.482715606689453
2000-01-14,3.475796699523926
2000-01-18,3.4654223918914795
2000-01-19,3.468881130218506
2000-01-20,3.4619619846343994
2000-01-21,3.4619619846343994
2000-01-24,3.479257583618164
2000-01-25,3.475796699523926
2000-01-26,3.479257583618164
2000-01-27,3.475796699523926
2000-01-28,3.479257583618164
2000-01-31,3.487600326538086
2000-02-01,3.4945530891418457
2000-02-02,3.4945530891418457
2000-02-03,3.5119428634643555
2000-02-04,3.50150728225708
2000-02-07,3.487600326538086
2000-02-08,3.4910800457000732
2000-02-09,3.4841248989105225
2000-02-10,3.473689556121826
2000-02-11,3.4806501865386963
2000-02-14,3.4945530891418457
2000-02-15,3.487600326538086
2000-02-16,3.487600326538086
2000-02-17,3.4806501865386963
2000-02-18,3.4945530891418457
2000-02-22,3.518897294998169
2000-02-23,3.50150728225708
2000-02-24,3.518897294998169
2000-02-25,3.518897294998169
2000-02-28,3.5049850940704346
2000-02-29,3.5224578380584717
2000-03-01,3.529449462890625
2000-03-02,3.529449462890625
2000-03-03,3.5329432487487793
2000-03-06,3.529449462890625
2000-03-07,3.5329432487487793
2000-03-08,3.5329432487487793
2000-03-09,3.536437511444092
2000-03-10,3.529449462890625
2000-03-13,3.5329432487487793
2000-03-14,3.539931297302246
2000-03-15,3.5434255599975586
2000-03-16,3.550415277481079
2000-03-17,3.5609004497528076
2000-03-20,3.5609004497528076
2000-03-21,3.564394235610962
2000-03-22,3.564394235610962
2000-03-23,3.564394235610962
2000-03-24,3.550415277481079
2000-03-27,3.546919584274292
2000-03-28,3.550415277481079
2000-03-29,3.550415277481079
2000-03-30,3.567888021469116
2000-03-31,3.594235420227051
2000-04-03,3.601266384124756
2000-04-04,3.6258583068847656
2000-04-05,3.6153197288513184
2000-04-06,3.6118061542510986
2000-04-07,3.6223461627960205
2000-04-10,3.6328866481781006
2000-04-11,3.6188323497772217
2000-04-12,3.601266384124756
2000-04-13,3.608292579650879
2000-04-14,3.6188323497772217
2000-04-17,3.601266384124756
2000-04-18,3.594235420227051
2000-04-19,3.608292579650879
2000-04-20,3.608292579650879
2000-04-24,3.608292579650879
2000-04-25,3.587214231491089
2000-04-26,3.5836970806121826
2000-04-27,3.5626168251037598
2000-04-28,3.5852243900299072
2000-05-01,3.578160047531128
2000-05-02,3.571094274520874
2000-05-03,3.553433656692505
2000-05-04,3.5428359508514404
2000-05-05,3.528707981109619
2000-05-08,3.5216445922851562
2000-05-09,3.528707981109619
2000-05-10,3.539303779602051
2000-05-11,3.546368360519409
2000-05-12,3.5251758098602295
2000-05-15,3.5322389602661133
2000-05-16,3.539303779602051
2000-05-17,3.5357720851898193
2000-05-18,3.5181100368499756
2000-05-19,3.528707981109619
2000-05-22,3.5428359508514404
2000-05-23,3.539303779602051
2000-05-24,3.5357720851898193
2000-05-25,3.553433656692505
2000-05-26,3.5640316009521484
2000-05-30,3.556964635848999
2000-05-31,3.591063976287842
2000-06-01,3.6088221073150635
2000-06-02,3.623032569885254
2000-06-05,3.630138874053955
2000-06-06,3.626584768295288
2000-06-07,3.626584768295288
2000-06-08,3.626584768295288
2000-06-09,3.626584768295288
2000-06-12,3.63368821144104
2000-06-13,3.63368821144104
2000-06-14,3.6407933235168457
2000-06-15,3.6443450450897217
2000-06-16,3.6585519313812256
2000-06-19,3.651449680328369
2000-06-20,3.6478967666625977
2000-06-21,3.63368821144104
2000-06-22,3.630138874053955
2000-06-23,3.619480609893799
2000-06-26,3.63368821144104
2000-06-27,3.63368821144104
2000-06-28,3.63368821144104
2000-06-29,3.6478967666625977
2000-06-30,3.6703896522521973
2000-07-03,3.6775310039520264
2000-07-05,3.6811046600341797
2000-07-06,3.673964262008667
2000-07-07,3.6811046600341797
2000-07-10,3.6775310039520264
2000-07-11,3.6703896522521973
2000-07-12,3.6668171882629395
2000-07-13,3.6811046600341797
2000-07-14,3.6632494926452637
2000-07-17,3.652536153793335
2000-07-18,3.652536153793335
2000-07-19,3.648970127105713
2000-07-20,3.6811046600341797
2000-07-21,3.6811046600341797
2000-07-24,3.673964262008667
2000-07-25,3.6775310039520264
2000-07-26,3.6775310039520264
2000-07-27,3.6811046600341797
2000-07-28,3.6775310039520264
2000-07-31,3.693324089050293
2000-08-01,3.704094648361206
2000-08-02,3.707681179046631
2000-08-03,3.7148609161376953
2000-08-04,3.7256271839141846
2000-08-07,3.7148609161376953
2000-08-08,3.7220380306243896
2000-08-09,3.7256271839141846
2000-08-10,3.732809543609619
2000-08-11,3.7220380306243896
2000-08-14,3.7220380306243896
2000-08-15,3.7184500694274902
2000-08-16,3.7148609161376953
2000-08-17,3.7148609161376953
2000-08-18,3.7220380306243896
2000-08-21,3.7220380306243896
2000-08-22,3.7256271839141846
2000-08-23,3.732809543609619
2000-08-24,3.7363967895507812
2000-08-25,3.7363967895507812
2000-08-28,3.729219675064087
2000-08-29,3.7220380306243896
2000-08-30,3.7184500694274902
2000-08-31,3.753093719482422
2000-09-01,3.7675299644470215
2000-09-05,3.7675299644470215
2000-09-06,3.7603116035461426
2000-09-07,3.753093719482422
2000-09-08,3.756701707839966
2000-09-11,3.753093719482422
2000-09-12,3.753093719482422
2000-09-13,3.7603116035461426
2000-09-14,3.753093719482422
2000-09-15,3.749485731124878
2000-09-18,3.749485731124878
2000-09-19,3.749485731124878
2000-09-20,3.742266893386841
2000-09-21,3.7458736896514893
2000-09-22,3.753093719482422
2000-09-25,3.753093719482422
2000-09-26,3.7603116035461426
2000-09-27,3.7603116035461426
2000-09-28,3.7603116035461426
2000-09-29,3.7867894172668457
2000-10-02,3.7831616401672363
2000-10-03,3.775909662246704
2000-10-04,3.7722790241241455
2000-10-05,3.775909662246704
2000-10-06,3.7831616401672363
2000-10-09,3.7831616401672363
2000-10-10,3.7831616401672363
2000-10-11,3.7904152870178223
2000-10-12,3.801297664642334
2000-10-13,3.801297664642334
2000-10-16,3.797670841217041
2000-10-17,3.815808057785034
2000-10-18,3.815808057785034
2000-10-19,3.815808057785034
2000-10-20,3.8194332122802734
2000-10-23,3.833942174911499
2000-10-24,3.826686382293701
2000-10-25,3.815808057785034
2000-10-26,3.815808057785034
2000-10-27,3.8085482120513916
2000-10-30,3.8085482120513916
2000-10-31,3.820946455001831
2000-11-01,3.8282389640808105
2000-11-02,3.8282389640808105
2000-11-03,3.8136563301086426
2000-11-06,3.802715539932251
2000-11-07,3.802715539932251
2000-11-08,3.8063645362854004
2000-11-09,3.8136563301086426
2000-11-10,3.817300796508789
2000-11-13,3.820946455001831
2000-11-14,3.8245954513549805
2000-11-15,3.831885576248169
2000-11-16,3.8391764163970947
2000-11-17,3.8355319499969482
2000-11-20,3.8391764163970947
2000-11-21,3.8391764163970947
2000-11-22,3.8501181602478027
2000-11-24,3.8464667797088623
2000-11-27,3.8464667797088623
2000-11-28,3.857407569885254
2000-11-29,3.864699602127075
2000-11-30,3.903184652328491
2000-12-01,3.89218807220459
2000-12-04,3.895850658416748
2000-12-05,3.9105100631713867
2000-12-06,3.932497501373291
2000-12-07,3.936164617538452
2000-12-08,3.9288411140441895
2000-12-11,3.9251723289489746
2000-12-12,3.9251723289489746
2000-12-13,3.939833641052246
2000-12-14,3.958158254623413
2000-12-15,3.9618215560913086
2000-12-18,3.969149589538574
2000-12-19,3.9618215560913086
2000-12-20,3.983809471130371
2000-12-21,3.9911413192749023
2000-12-22,3.998469591140747
2000-12-26,3.9948065280914307
2000-12-27,3.9801478385925293
2000-12-28,3.972817897796631
2000-12-29,3.9967591762542725
2001-01-02,4.040964603424072
2001-01-03,4.0004472732543945
2001-01-04,4.029915809631348
2001-01-05,4.055699825286865
2001-01-08,4.06306791305542
2001-01-09,4.0446457862854
2001-01-10,4.026231288909912
2001-01-11,4.018858432769775
2001-01-12,3.993077516555786
2001-01-16,3.9967591762542725
2001-01-17,4.011494159698486
2001-01-18,4.033594608306885
2001-01-19,4.015178203582764
2001-01-22,4.007812023162842
2001-01-23,3.989391565322876
2001-01-24,3.989391565322876
2001-01-25,3.9967591762542725
2001-01-26,4.0004472732543945
2001-01-29,3.993077516555786
2001-01-30,4.007812023162842
2001-01-31,4.0500168800354
2001-02-01,4.0648193359375
2001-02-02,4.046314239501953
2001-02-05,4.046314239501953
2001-02-06,4.035205364227295
2001-02-07,4.038905143737793
2001-02-08,4.038905143737793
2001-02-09,4.053713798522949
2001-02-12,4.0500168800354
2001-02-13,4.042609691619873
2001-02-14,4.027803421020508
2001-02-15,4.01669454574585
2001-02-16,4.038905143737793
2001-02-20,4.035205364227295
2001-02-21,4.031503200531006
2001-02-22,4.031503200531006
2001-02-23,4.046314239501953
2001-02-26,4.053713798522949
2001-02-27,4.068524360656738
2001-02-28,4.101244926452637
2001-03-01,4.108678817749023
2001-03-02,4.090090751647949
2001-03-05,4.086368083953857
2001-03-06,4.082653522491455
2001-03-07,4.097527027130127
2001-03-08,4.101244926452637
2001-03-09,4.093807220458984
2001-03-12,4.093807220458984
2001-03-13,4.090090751647949
2001-03-14,4.108678817749023
2001-03-15,4.119834899902344
2001-03-16,4.127274036407471
2001-03-19,4.112401008605957
2001-03-20,4.123555660247803
2001-03-21,4.13098669052124
2001-03-22,4.142146110534668
2001-03-23,4.127274036407471
2001-03-26,4.1161208152771
2001-03-27,4.082653522491455
2001-03-28,4.086368083953857
2001-03-29,4.090090751647949
2001-03-30,4.122230529785156
2001-04-02,4.114753246307373
2001-04-03,4.122230529785156
2001-04-04,4.129705905914307
2001-04-05,4.118492126464844
2001-04-06,4.140918731689453
2001-04-09,4.133443355560303
2001-04-10,4.103544235229492
2001-04-11,4.096069812774658
2001-04-12,4.0848588943481445
2001-04-16,4.054958820343018
2001-04-17,4.06990909576416
2001-04-18,4.092329502105713
2001-04-19,4.06990909576416
2001-04-20,4.066174507141113
2001-04-23,4.0848588943481445
2001-04-24,4.081118583679199
2001-04-25,4.06990909576416
2001-04-26,4.0848588943481445
2001-04-27,4.05869722366333
2001-04-30,4.074468612670898
2001-05-01,4.081979751586914
2001-05-02,4.085735321044922
2001-05-03,4.10451078414917
2001-05-04,4.112020492553711
2001-05-07,4.108265399932861
2001-05-08,4.108265399932861
2001-05-09,4.115779399871826
2001-05-10,4.097000598907471
2001-05-11,4.051935195922852
2001-05-14,4.059443950653076
2001-05-15,4.051935195922852
2001-05-16,4.055691719055176
2001-05-17,4.059443950653076
2001-05-18,4.063203811645508
2001-05-21,4.063203811645508
2001-05-22,4.063203811645508
2001-05-23,4.063203811645508
2001-05-24,4.040670871734619
2001-05-25,4.044427871704102
2001-05-29,4.040670871734619
2001-05-30,4.036917209625244
2001-05-31,4.083718776702881
2001-06-01,4.091263771057129
2001-06-04,4.095039367675781
2001-06-05,4.110133647918701
2001-06-06,4.110133647918701
2001-06-07,4.098814964294434
2001-06-08,4.091263771057129
2001-06-11,4.102585315704346
2001-06-12,4.113909721374512
2001-06-13,4.113909721374512
2001-06-14,4.121459484100342
2001-06-15,4.121459484100342
2001-06-18,4.11768102645874
2001-06-19,4.121459484100342
2001-06-20,4.1252336502075195
2001-06-21,4.129007339477539
2001-06-22,4.144102573394775
2001-06-25,4.1403279304504395
2001-06-26,4.121459484100342
2001-06-27,4.113909721374512
2001-06-28,4.091263771057129
2001-06-29,4.099989891052246
2001-07-02,4.115160942077637
2001-07-03,4.103779315948486
2001-07-05,4.096195220947266
2001-07-06,4.107570648193359
2001-07-09,4.111369609832764
2001-07-10,4.122744560241699
2001-07-11,4.118951320648193
2001-07-12,4.130331993103027
2001-07-13,4.130331993103027
2001-07-16,4.137913703918457
2001-07-17,4.141706466674805
2001-07-18,4.164468765258789
2001-07-19,4.160671234130859
2001-07-20,4.160671234130859
2001-07-23,4.160671234130859
2001-07-24,4.16825532913208
2001-07-25,4.1530866622924805
2001-07-26,4.15687894821167
2001-07-27,4.16825532913208
2001-07-30,4.172051429748535
2001-07-31,4.208261966705322
2001-08-01,4.20064115524292
2001-08-02,4.185391426086426
2001-08-03,4.177769660949707
2001-08-06,4.177769660949707
2001-08-07,4.181576251983643
2001-08-08,4.20064115524292
2001-08-09,4.196826934814453
2001-08-10,4.204453945159912
2001-08-13,4.2120747566223145
2001-08-14,4.208261966705322
2001-08-15,4.20064115524292
2001-08-16,4.208261966705322
2001-08-17,4.227324962615967
2001-08-20,4.215888500213623
2001-08-21,4.219701290130615
2001-08-22,4.215888500213623
2001-08-23,4.223512649536133
2001-08-24,4.215888500213623
2001-08-27,4.2120747566223145
2001-08-28,4.231135368347168
2001-08-29,4.242570400238037
2001-08-30,4.242570400238037
2001-08-31,4.255205154418945
2001-09-04,4.216908931732178
2001-09-05,4.224567890167236
2001-09-06,4.247551918029785
2001-09-07,4.262868404388428
2001-09-10,4.259040355682373
2001-09-17,4.335638999938965
2001-09-18,4.297339916229248
2001-09-19,4.316486835479736
2001-09-20,4.297339916229248
2001-09-21,4.312661647796631
2001-09-24,4.304999828338623
2001-09-25,4.308830261230469
2001-09-26,4.327977180480957
2001-09-27,4.339470386505127
2001-09-28,4.357931137084961
2001-10-01,4.357931137084961
2001-10-02,4.365625381469727
2001-10-03,4.3771653175354
2001-10-04,4.369473934173584
2001-10-05,4.373318195343018
2001-10-08,4.373318195343018
2001-10-09,4.357931137084961
2001-10-10,4.357931137084961
2001-10-11,4.338700771331787
2001-10-12,4.342545032501221
2001-10-15,4.354085445404053
2001-10-16,4.361781120300293
2001-10-17,4.365625381469727
2001-10-18,4.365625381469727
2001-10-19,4.354085445404053
2001-10-22,4.354085445404053
2001-10-23,4.3502397537231445
2001-10-24,4.361781120300293
2001-10-25,4.381008148193359
2001-10-26,4.3771653175354
2001-10-29,4.388702392578125
2001-10-30,4.407937526702881
2001-10-31,4.454686164855957
2001-11-01,4.47400426864624
2001-11-02,4.4430928230285645
2001-11-05,4.450822830200195
2001-11-06,4.466276168823242
2001-11-07,4.485591411590576
2001-11-08,4.462413311004639
2001-11-09,4.454686164855957
2001-11-12,4.454686164855957
2001-11-13,4.4430928230285645
2001-11-14,4.408320903778076
2001-11-15,4.350368499755859
2001-11-16,4.31173849105835
2001-11-19,4.338775634765625
2001-11-20,4.319458484649658
2001-11-21,4.288549900054932
2001-11-23,4.273098468780518
2001-11-26,4.276961803436279
2001-11-27,4.2846879959106445
2001-11-28,4.2846879959106445
2001-11-29,4.327189922332764
2001-11-30,4.351254463195801
2001-12-03,4.359014987945557
2001-12-04,4.370663642883301
2001-12-05,4.312436580657959
2001-12-06,4.285261631011963
2001-12-07,4.254215717315674
2001-12-10,4.258091449737549
2001-12-11,4.269741535186768
2001-12-12,4.293028354644775
2001-12-13,4.265858173370361
2001-12-14,4.2464518547058105
2001-12-17,4.2464518547058105
2001-12-18,4.254215717315674
2001-12-19,4.2813849449157715
2001-12-20,4.269741535186768
2001-12-21,4.265858173370361
2001-12-24,4.258091449737549
2001-12-26,4.242568492889404
2001-12-27,4.26197624206543
2001-12-28,4.258091449737549
2001-12-31,4.30098819732666
2002-01-02,4.265897750854492
2002-01-03,4.277588367462158
2002-01-04,4.273695468902588
2002-01-07,4.297087669372559
2002-01-08,4.2931904792785645
2002-01-09,4.297087669372559
2002-01-10,4.320486545562744
2002-01-11,4.343878269195557
2002-01-14,4.343878269195557
2002-01-15,4.351683616638184
2002-01-16,4.343878269195557
2002-01-17,4.32438325881958
2002-01-18,4.332179546356201
2002-01-22,4.328280448913574
2002-01-23,4.3048834800720215
2002-01-24,4.30098819732666
2002-01-25,4.2931904792785645
2002-01-28,4.2931904792785645
2002-01-29,4.316583156585693
2002-01-30,4.316583156585693
2002-01-31,4.320504188537598
2002-02-01,4.332252502441406
2002-02-04,4.351836204528809
2002-02-05,4.351836204528809
2002-02-06,4.344003677368164
2002-02-07,4.340087890625
2002-02-08,4.351836204528809
2002-02-11,4.34791898727417
2002-02-12,4.332252502441406
2002-02-13,4.324416160583496
2002-02-14,4.336170673370361
2002-02-15,4.355755805969238
2002-02-19,4.351836204528809
2002-02-20,4.351836204528809
2002-02-21,4.355755805969238
2002-02-22,4.363586902618408
2002-02-25,4.359674453735352
2002-02-26,4.344003677368164
2002-02-27,4.363586902618408
2002-02-28,4.3761725425720215
2002-03-01,4.348649024963379
2002-03-04,4.344720363616943
2002-03-05,4.340782165527344
2002-03-06,4.33685302734375
2002-03-07,4.293603897094727
2002-03-08,4.270010948181152
2002-03-11,4.270010948181152
2002-03-12,4.273942470550537
2002-03-13,4.281805515289307
2002-03-14,4.254282474517822
2002-03-15,4.262145519256592
2002-03-18,4.273942470550537
2002-03-19,4.270010948181152
2002-03-20,4.250351905822754
2002-03-21,4.25821590423584
2002-03-22,4.250351905822754
2002-03-25,4.250351905822754
2002-03-26,4.266078472137451
2002-03-27,4.266078472137451
2002-03-28,4.275564193725586
2002-04-01,4.271614074707031
2002-04-02,4.291369915008545
2002-04-03,4.307176113128662
2002-04-04,4.311126232147217
2002-04-05,4.326934814453125
2002-04-08,4.319031715393066
2002-04-09,4.326934814453125
2002-04-10,4.3229827880859375
2002-04-11,4.330888271331787
2002-04-12,4.338788986206055
2002-04-15,4.346693515777588
2002-04-16,4.338788986206055
2002-04-17,4.330888271331787
2002-04-18,4.334838390350342
2002-04-19,4.338788986206055
2002-04-22,4.346693515777588
2002-04-23,4.342741012573242
2002-04-24,4.3624982833862305
2002-04-25,4.3624982833862305
2002-04-26,4.370400905609131
2002-04-29,4.3624982833862305
2002-04-30,4.386713027954102
2002-05-01,4.3946533203125
2002-05-02,4.386713027954102
2002-05-03,4.3946533203125
2002-05-06,4.39068603515625
2002-05-07,4.3946533203125
2002-05-08,4.3628950119018555
2002-05-09,4.3708343505859375
2002-05-10,4.386713027954102
2002-05-13,4.366863250732422
2002-05-14,4.3509840965271
2002-05-15,4.358924388885498
2002-05-16,4.374805450439453
2002-05-17,4.3628950119018555
2002-05-20,4.374805450439453
2002-05-21,4.386713027954102
2002-05-22,4.3946533203125
2002-05-23,4.386713027954102
2002-05-24,4.386713027954102
2002-05-28,4.39068603515625
2002-05-29,4.4065632820129395
2002-05-30,4.414502143859863
2002-05-31,4.432055950164795
2002-06-03,4.4360456466674805
2002-06-04,4.444022178649902
2002-06-05,4.4360456466674805
2002-06-06,4.444022178649902
2002-06-07,4.432055950164795
2002-06-10,4.4360456466674805
2002-06-11,4.44801139831543
2002-06-12,4.455988883972168
2002-06-13,4.467962265014648
2002-06-14,4.491897106170654
2002-06-17,4.479926586151123
2002-06-18,4.483914375305176
2002-06-19,4.507848262786865
2002-06-20,4.487904071807861
2002-06-21,4.503859043121338
2002-06-24,4.483914375305176
2002-06-25,4.483914375305176
2002-06-26,4.515830039978027
2002-06-27,4.487904071807861
2002-06-28,4.508342266082764
2002-07-01,4.508342266082764
2002-07-02,4.528377532958984
2002-07-03,4.528377532958984
2002-07-05,4.50032901763916
2002-07-08,4.508342266082764
2002-07-09,4.528377532958984
2002-07-10,4.552420139312744
2002-07-11,4.560436248779297
2002-07-12,4.568455219268799
2002-07-15,4.564445972442627
2002-07-16,4.540398597717285
2002-07-17,4.552420139312744
2002-07-18,4.568455219268799
2002-07-19,4.580473899841309
2002-07-22,4.604520320892334
2002-07-23,4.616542339324951
2002-07-24,4.604520320892334
2002-07-25,4.624558448791504
2002-07-26,4.628563404083252
2002-07-29,4.584485054016113
2002-07-30,4.576469898223877
2002-07-31,4.628386974334717
2002-08-01,4.644487380981445
2002-08-02,4.680707931518555
2002-08-05,4.688758373260498
2002-08-06,4.656562805175781
2002-08-07,4.680707931518555
2002-08-08,4.660583019256592
2002-08-09,4.688758373260498
2002-08-12,4.700830936431885
2002-08-13,4.724979877471924
2002-08-14,4.729004859924316
2002-08-15,4.700830936431885
2002-08-16,4.66460657119751
2002-08-19,4.668630123138428
2002-08-20,4.7088775634765625
2002-08-21,4.700830936431885
2002-08-22,4.676682949066162
2002-08-23,4.696807384490967
2002-08-26,4.700830936431885
2002-08-27,4.684730052947998
2002-08-28,4.696807384490967
2002-08-29,4.712904453277588
2002-08-30,4.740382194519043
2002-09-03,4.780798435211182
2002-09-04,4.788880825042725
2002-09-05,4.8010053634643555
2002-09-06,4.768670082092285
2002-09-09,4.760593414306641
2002-09-10,4.776756763458252
2002-09-11,4.756548881530762
2002-09-12,4.780798435211182
2002-09-13,4.79696798324585
2002-09-16,4.8010053634643555
2002-09-17,4.805045127868652
2002-09-18,4.805045127868652
2002-09-19,4.821209907531738
2002-09-20,4.82525110244751
2002-09-23,4.845456600189209
2002-09-24,4.849498271942139
2002-09-25,4.82525110244751
2002-09-26,4.82525110244751
2002-09-27,4.841416835784912
2002-09-30,4.8840107917785645
2002-10-01,4.859670162200928
2002-10-02,4.859670162200928
2002-10-03,4.8637261390686035
2002-10-04,4.859670162200928
2002-10-07,4.871842384338379
2002-10-08,4.867786884307861
2002-10-09,4.879953861236572
2002-10-10,4.8637261390686035
2002-10-11,4.835330963134766
2002-10-14,4.835330963134766
2002-10-15,4.790710926055908
2002-10-16,4.7826008796691895
2002-10-17,4.758257865905762
2002-10-18,4.758257865905762
2002-10-21,4.742035388946533
2002-10-22,4.737977027893066
2002-10-23,4.742035388946533
2002-10-24,4.76231575012207
2002-10-25,4.774482727050781
2002-10-28,4.786651611328125
2002-10-29,4.81910514831543
2002-10-30,4.8150529861450195
2002-10-31,4.85007381439209
2002-11-01,4.829709529876709
2002-11-04,4.817492961883545
2002-11-05,4.809350490570068
2002-11-06,4.817492961883545
2002-11-07,4.854145050048828
2002-11-08,4.858216762542725
2002-11-11,4.858216762542725
2002-11-12,4.858216762542725
2002-11-13,4.862287521362305
2002-11-14,4.8215651512146
2002-11-15,4.813416481018066
2002-11-18,4.817492961883545
2002-11-19,4.825636863708496
2002-11-20,4.801202774047852
2002-11-21,4.784913539886475
2002-11-22,4.776770114898682
2002-11-25,4.772697925567627
2002-11-26,4.797130107879639
2002-11-27,4.760482311248779
2002-11-29,4.77846622467041
2002-12-02,4.782553672790527
2002-12-03,4.782553672790527
2002-12-04,4.794820785522461
2002-12-05,4.8070807456970215
2002-12-06,4.815254211425781
2002-12-09,4.827517986297607
2002-12-10,4.827517986297607
2002-12-11,4.8438720703125
2002-12-12,4.839781761169434
2002-12-13,4.827517986297607
2002-12-16,4.815254211425781
2002-12-17,4.819343090057373
2002-12-18,4.835694789886475
2002-12-19,4.860223770141602
2002-12-20,4.860223770141602
2002-12-23,4.856135368347168
2002-12-24,4.864308834075928
2002-12-26,4.868396759033203
2002-12-27,4.888833999633789
2002-12-30,4.897012233734131
2002-12-31,4.910334587097168
2003-01-02,4.8603620529174805
2003-01-03,4.85619592666626
2003-01-06,4.852027893066406
2003-01-07,4.8603620529174805
2003-01-08,4.868686199188232
2003-01-09,4.831205368041992
2003-01-10,4.831205368041992
2003-01-13,4.83536958694458
2003-01-14,4.847867012023926
2003-01-15,4.847867012023926
2003-01-16,4.847867012023926
2003-01-17,4.8603620529174805
2003-01-21,4.868686199188232
2003-01-22,4.885348796844482
2003-01-23,4.877016544342041
2003-01-24,4.885348796844482
2003-01-27,4.877016544342041
2003-01-28,4.868686199188232
2003-01-29,4.85619592666626
2003-01-30,4.864528179168701
2003-01-31,4.886676788330078
2003-02-03,4.882503032684326
2003-02-04,4.895040035247803
2003-02-05,4.878321170806885
2003-02-06,4.890857696533203
2003-02-07,4.8992180824279785
2003-02-10,4.886676788330078
2003-02-11,4.890857696533203
2003-02-12,4.9034013748168945
2003-02-13,4.9201250076293945
2003-02-14,4.8992180824279785
2003-02-18,4.8992180824279785
2003-02-19,4.91594123840332
2003-02-20,4.928478240966797
2003-02-21,4.91594123840332
2003-02-24,4.928478240966797
2003-02-25,4.936840534210205
2003-02-26,4.941019058227539
2003-02-27,4.94520378112793
2003-02-28,4.973721504211426
2003-03-03,4.982105731964111
2003-03-04,4.986303806304932
2003-03-05,4.99468994140625
2003-03-06,4.990494251251221
2003-03-07,4.99468994140625
2003-03-10,5.007262706756592
2003-03-11,5.003077030181885
2003-03-12,4.998878002166748
2003-03-13,4.961138725280762
2003-03-14,4.965333461761475
2003-03-17,4.944362640380859
2003-03-18,4.927586555480957
2003-03-19,4.91081428527832
2003-03-20,4.902425765991211
2003-03-21,4.877265930175781
2003-03-24,4.906618118286133
2003-03-25,4.91081428527832
2003-03-26,4.915006637573242
2003-03-27,4.919201374053955
2003-03-28,4.931784629821777
2003-03-31,4.964911460876465
2003-04-01,4.964911460876465
2003-04-02,4.943674564361572
2003-04-03,4.943674564361572
2003-04-04,4.943674564361572
2003-04-07,4.922436714172363
2003-04-08,4.93942403793335
2003-04-09,4.952171802520752
2003-04-10,4.943674564361572
2003-04-11,4.935178756713867
2003-04-14,4.922436714172363
2003-04-15,4.935178756713867
2003-04-16,4.93942403793335
2003-04-17,4.935178756713867
2003-04-21,4.926684856414795
2003-04-22,4.926684856414795
2003-04-23,4.926684856414795
2003-04-24,4.947917938232422
2003-04-25,4.952171802520752
2003-04-28,4.952171802520752
2003-04-29,4.943674564361572
2003-04-30,4.976912975311279
2003-05-01,4.981174468994141
2003-05-02,4.968390464782715
2003-05-05,4.972650051116943
2003-05-06,4.993951797485352
2003-05-07,5.019517421722412
2003-05-08,5.028040885925293
2003-05-09,5.028040885925293
2003-05-12,5.036562442779541
2003-05-13,5.036562442779541
2003-05-14,5.057873725891113
2003-05-15,5.049352169036865
2003-05-16,5.070655822753906
2003-05-19,5.0749125480651855
2003-05-20,5.091953754425049
2003-05-21,5.083437442779541
2003-05-22,5.091953754425049
2003-05-23,5.091953754425049
2003-05-27,5.083437442779541
2003-05-28,5.07917594909668
2003-05-29,5.1004791259765625
2003-05-30,5.113303184509277
2003-06-02,5.1004791259765625
2003-06-03,5.121855735778809
2003-06-04,5.134684085845947
2003-06-05,5.121855735778809
2003-06-06,5.113303184509277
2003-06-09,5.13040828704834
2003-06-10,5.151787281036377
2003-06-11,5.151787281036377
2003-06-12,5.156057357788086
2003-06-13,5.168886661529541
2003-06-16,5.151787281036377
2003-06-17,5.126134395599365
2003-06-18,5.10902738571167
2003-06-19,5.113303184509277
2003-06-20,5.1047515869140625
2003-06-23,5.121855735778809
2003-06-24,5.134684085845947
2003-06-25,5.10902738571167
2003-06-26,5.070548057556152
2003-06-27,5.066283702850342
2003-06-30,5.091150760650635
2003-07-01,5.086861610412598
2003-07-02,5.091150760650635
2003-07-03,5.069708347320557
2003-07-07,5.056841850280762
2003-07-08,5.0482635498046875
2003-07-09,5.052548885345459
2003-07-10,5.061129093170166
2003-07-11,5.0739970207214355
2003-07-14,5.056841850280762
2003-07-15,5.00966215133667
2003-07-16,5.001082897186279
2003-07-17,4.996796131134033
2003-07-18,4.99250602722168
2003-07-21,4.945326328277588
2003-07-22,4.953902721405029
2003-07-23,4.962482452392578
2003-07-24,4.953902721405029
2003-07-25,4.949615955352783
2003-07-28,4.923882484436035
2003-07-29,4.898146629333496
2003-07-30,4.911012172698975
2003-07-31,4.893794536590576
2003-08-01,4.893794536590576
2003-08-04,4.915320873260498
2003-08-05,4.889489650726318
2003-08-06,4.923926830291748
2003-08-07,4.936840534210205
2003-08-08,4.941143989562988
2003-08-11,4.923926830291748
2003-08-12,4.932536602020264
2003-08-13,4.8808817863464355
2003-08-14,4.876578330993652
2003-08-15,4.8808817863464355
2003-08-18,4.898100852966309
2003-08-19,4.919620990753174
2003-08-20,4.902405738830566
2003-08-21,4.876578330993652
2003-08-22,4.889489650726318
2003-08-25,4.872280120849609
2003-08-26,4.885186195373535
2003-08-27,4.8679680824279785
2003-08-28,4.893794536590576
2003-08-29,4.902866363525391
2003-09-02,4.868306636810303
2003-09-03,4.872630596160889
2003-09-04,4.894227027893066
2003-09-05,4.941746711730957
2003-09-08,4.9374260902404785
2003-09-09,4.941746711730957
2003-09-10,4.963341236114502
2003-09-11,4.950387001037598
2003-09-12,4.9676642417907715
2003-09-15,4.97630500793457
2003-09-16,4.9676642417907715
2003-09-17,4.984936714172363
2003-09-18,4.9806227684021
2003-09-19,4.9806227684021
2003-09-22,4.9676642417907715
2003-09-23,4.97630500793457
2003-09-24,4.989259719848633
2003-09-25,4.993579864501953
2003-09-26,5.0151824951171875
2003-09-29,5.002223014831543
2003-09-30,5.054236888885498
2003-10-01,5.054236888885498
2003-10-02,5.041230201721191
2003-10-03,4.993549823760986
2003-10-06,5.006558418273926
2003-10-07,4.984882831573486
2003-10-08,4.989216327667236
2003-10-09,4.97621488571167
2003-10-10,4.984882831573486
2003-10-13,4.984882831573486
2003-10-14,4.9675421714782715
2003-10-15,4.950206756591797
2003-10-16,4.928526878356934
2003-10-17,4.945868492126465
2003-10-20,4.950206756591797
2003-10-21,4.950206756591797
2003-10-22,4.97621488571167
2003-10-23,4.9675421714782715
2003-10-24,4.989216327667236
2003-10-27,4.97621488571167
2003-10-28,4.997889518737793
2003-10-29,4.97621488571167
2003-10-30,4.958872318267822
2003-10-31,4.98584508895874
2003-11-03,4.968446254730225
2003-11-04,4.981497287750244
2003-11-05,4.968446254730225
2003-11-06,4.951042175292969
2003-11-07,4.937991142272949
2003-11-10,4.933642864227295
2003-11-11,4.933642864227295
2003-11-12,4.946692943572998
2003-11-13,4.981497287750244
2003-11-14,4.99889612197876
2003-11-17,5.0119500160217285
2003-11-18,5.0119500160217285
2003-11-19,4.99889612197876
2003-11-20,5.016304016113281
2003-11-21,5.016304016113281
2003-11-24,4.99454927444458
2003-11-25,5.0032501220703125
2003-11-26,4.990200519561768
2003-11-28,4.981904029846191
2003-12-01,4.9644389152526855
2003-12-02,4.968804359436035
2003-12-03,4.9644389152526855
2003-12-04,4.973171234130859
2003-12-05,5.016829490661621
2003-12-08,5.003733158111572
2003-12-09,4.981904029846191
2003-12-10,4.994997501373291
2003-12-11,5.016829490661621
2003-12-12,5.016829490661621
2003-12-15,5.008102893829346
2003-12-16,5.016829490661621
2003-12-17,5.0255656242370605
2003-12-18,5.0299296379089355
2003-12-19,5.0299296379089355
2003-12-22,5.0255656242370605
2003-12-23,4.9993672370910645
2003-12-24,5.021198749542236
2003-12-26,5.0299296379089355
2003-12-29,5.0124664306640625
2003-12-30,5.008102893829346
2003-12-31,5.028833389282227
2004-01-02,5.0023651123046875
2004-01-05,5.0023651123046875
2004-01-06,5.028833389282227
2004-01-07,5.033244609832764
2004-01-08,5.033244609832764
2004-01-09,5.072942733764648
2004-01-12,5.077358245849609
2004-01-13,5.0905938148498535
2004-01-14,5.095004558563232
2004-01-15,5.095004558563232
2004-01-16,5.08176851272583
2004-01-20,5.072942733764648
2004-01-21,5.08176851272583
2004-01-22,5.095004558563232
2004-01-23,5.072942733764648
2004-01-26,5.059712886810303
2004-01-27,5.068532466888428
2004-01-28,5.042065620422363
2004-01-29,5.037655830383301
2004-01-30,5.069982528686523
2004-02-02,5.065550804138184
2004-02-03,5.078838348388672
2004-02-04,5.0744123458862305
2004-02-05,5.061119556427002
2004-02-06,5.083263874053955
2004-02-09,5.087690353393555
2004-02-10,5.078838348388672
2004-02-11,5.100973129272461
2004-02-12,5.0921149253845215
2004-02-13,5.105403900146484
2004-02-17,5.100973129272461
2004-02-18,5.100973129272461
2004-02-19,5.100973129272461
2004-02-20,5.087690353393555
2004-02-23,5.096547603607178
2004-02-24,5.105403900146484
2004-02-25,5.109832286834717
2004-02-26,5.100973129272461
2004-02-27,5.132077217102051
2004-03-01,5.127635955810547
2004-03-02,5.11874532699585
2004-03-03,5.114301681518555
2004-03-04,5.123193264007568
2004-03-05,5.1720709800720215
2004-03-08,5.185398578643799
2004-03-09,5.198731899261475
2004-03-10,5.194285869598389
2004-03-11,5.189842224121094
2004-03-12,5.189842224121094
2004-03-15,5.185398578643799
2004-03-16,5.203172206878662
2004-03-17,5.203172206878662
2004-03-18,5.185398578643799
2004-03-19,5.176510334014893
2004-03-22,5.194285869598389
2004-03-23,5.194285869598389
2004-03-24,5.194285869598389
2004-03-25,5.189842224121094
2004-03-26,5.167624473571777
2004-03-29,5.154292583465576
2004-03-30,5.1498517990112305
2004-03-31,5.1868672370910645
2004-04-01,5.1690287590026855
2004-04-02,5.111046314239502
2004-04-05,5.088754653930664
2004-04-06,5.102129936218262
2004-04-07,5.102129936218262
2004-04-08,5.093209743499756
2004-04-12,5.088754653930664
2004-04-13,5.061992168426514
2004-04-14,5.048608779907227
2004-04-15,5.0441508293151855
2004-04-16,5.057535171508789
2004-04-19,5.048608779907227
2004-04-20,5.048608779907227
2004-04-21,5.0263142585754395
2004-04-22,5.039690017700195
2004-04-23,5.01738977432251
2004-04-26,5.01738977432251
2004-04-27,5.0263142585754395
2004-04-28,5.008471965789795
2004-04-29,4.9906325340271
2004-04-30,5.01838493347168
2004-05-03,5.01838493347168
2004-05-04,5.009434700012207
2004-05-05,5.000482559204102
2004-05-06,4.9960036277771
2004-05-07,4.9422807693481445
2004-05-10,4.9422807693481445
2004-05-11,4.9467620849609375
2004-05-12,4.9422807693481445
2004-05-13,4.9288554191589355
2004-05-14,4.9467620849609375
2004-05-17,4.969144344329834
2004-05-18,4.960190296173096
2004-05-19,4.9422807693481445
2004-05-20,4.960190296173096
2004-05-21,4.951238632202148
2004-05-24,4.955715179443359
2004-05-25,4.955715179443359
2004-05-26,4.97361946105957
2004-05-27,4.991528034210205
2004-05-28,4.99287223815918
2004-06-01,4.983888149261475
2004-06-02,4.974896430969238
2004-06-03,4.979397296905518
2004-06-04,4.9614152908325195
2004-06-07,4.965910911560059
2004-06-08,4.965910911560059
2004-06-09,4.952430725097656
2004-06-10,4.956924915313721
2004-06-14,4.934453010559082
2004-06-15,4.979397296905518
2004-06-16,4.970407962799072
2004-06-17,4.979397296905518
2004-06-18,4.974896430969238
2004-06-21,4.979397296905518
2004-06-22,4.974896430969238
2004-06-23,4.979397296905518
2004-06-24,4.99287223815918
2004-06-25,4.99287223815918
2004-06-28,4.965910911560059
2004-06-29,4.979397296905518
2004-06-30,5.019986152648926
2004-07-01,5.033515930175781
2004-07-02,5.060580730438232
2004-07-06,5.056070804595947
2004-07-07,5.056070804595947
2004-07-08,5.056070804595947
2004-07-09,5.056070804595947
2004-07-12,5.065091609954834
2004-07-13,5.051558971405029
2004-07-14,5.051558971405029
2004-07-15,5.047044277191162
2004-07-16,5.078618049621582
2004-07-19,5.078618049621582
2004-07-20,5.051558971405029
2004-07-21,5.042539596557617
2004-07-22,5.047044277191162
2004-07-23,5.056070804595947
2004-07-26,5.042539596557617
2004-07-27,5.015478134155273
2004-07-28,5.019986152648926
2004-07-29,5.02449369430542
2004-07-30,5.065690517425537
2004-08-02,5.070219993591309
2004-08-03,5.079275608062744
2004-08-04,5.079275608062744
2004-08-05,5.083797931671143
2004-08-06,5.133599281311035
2004-08-09,5.124546527862549
2004-08-10,5.110963821411133
2004-08-11,5.115487098693848
2004-08-12,5.1200175285339355
2004-08-13,5.133599281311035
2004-08-16,5.1200175285339355
2004-08-17,5.133599281311035
2004-08-18,5.129072189331055
2004-08-19,5.133599281311035
2004-08-20,5.129072189331055
2004-08-23,5.115487098693848
2004-08-24,5.115487098693848
2004-08-25,5.1200175285339355
2004-08-26,5.129072189331055
2004-08-27,5.124546527862549
2004-08-30,5.138122081756592
2004-08-31,5.170843124389648
2004-09-01,5.170843124389648
2004-09-02,5.1572065353393555
2004-09-03,5.129943370819092
2004-09-07,5.139033794403076
2004-09-08,5.161752700805664
2004-09-09,5.152667999267578
2004-09-10,5.1572065353393555
2004-09-13,5.161752700805664
2004-09-14,5.170843124389648
2004-09-15,5.161752700805664
2004-09-16,5.184473037719727
2004-09-17,5.170843124389648
2004-09-20,5.189014911651611
2004-09-21,5.189014911651611
2004-09-22,5.198108196258545
2004-09-23,5.189014911651611
2004-09-24,5.184473037719727
2004-09-27,5.193557262420654
2004-09-28,5.189014911651611
2004-09-29,5.170843124389648
2004-09-30,5.180873394012451
2004-10-01,5.167189598083496
2004-10-04,5.171755313873291
2004-10-05,5.167189598083496
2004-10-06,5.153511047363281
2004-10-07,5.148946762084961
2004-10-08,5.180873394012451
2004-10-11,5.180873394012451
2004-10-12,5.189997673034668
2004-10-13,5.199115753173828
2004-10-14,5.212795734405518
2004-10-15,5.203678131103516
2004-10-18,5.203678131103516
2004-10-19,5.203678131103516
2004-10-20,5.2173638343811035
2004-10-21,5.212795734405518
2004-10-22,5.2173638343811035
2004-10-25,5.221920013427734
2004-10-26,5.2173638343811035
2004-10-27,5.189997673034668
2004-10-28,5.194549083709717
2004-10-29,5.227976322174072
2004-11-01,5.209664344787598
2004-11-02,5.214234352111816
2004-11-03,5.218817234039307
2004-11-04,5.218817234039307
2004-11-05,5.182192802429199
2004-11-08,5.173038482666016
2004-11-09,5.173038482666016
2004-11-10,5.16388463973999
2004-11-11,5.16388463973999
2004-11-12,5.173038482666016
2004-11-15,5.177618026733398
2004-11-16,5.173038482666016
2004-11-17,5.191350936889648
2004-11-18,5.195927143096924
2004-11-19,5.173038482666016
2004-11-22,5.177618026733398
2004-11-23,5.173038482666016
2004-11-24,5.168461322784424
2004-11-26,5.159305095672607
2004-11-29,5.136418342590332
2004-11-30,5.150657653808594
2004-12-01,5.146062850952148
2004-12-02,5.141470909118652
2004-12-03,5.173630714416504
2004-12-06,5.182825565338135
2004-12-07,5.182825565338135
2004-12-08,5.210390567779541
2004-12-09,5.201202869415283
2004-12-10,5.201202869415283
2004-12-13,5.205795764923096
2004-12-14,5.205795764923096
2004-12-15,5.219578266143799
2004-12-16,5.19201135635376
2004-12-17,5.1874165534973145
2004-12-20,5.1874165534973145
2004-12-21,5.196605205535889
2004-12-22,5.1874165534973145
2004-12-23,5.1874165534973145
2004-12-27,5.169035911560059
2004-12-28,5.164444923400879
2004-12-29,5.155255317687988
2004-12-30,5.169035911560059
2004-12-31,5.200909614562988
2005-01-03,5.200909614562988
2005-01-04,5.182433128356934
2005-01-05,5.182433128356934
2005-01-06,5.182433128356934
2005-01-07,5.177809715270996
2005-01-10,5.182433128356934
2005-01-11,5.1870527267456055
2005-01-12,5.191672325134277
2005-01-13,5.205528736114502
2005-01-14,5.1962890625
2005-01-18,5.1962890625
2005-01-19,5.1962890625
2005-01-20,5.205528736114502
2005-01-21,5.21014928817749
2005-01-24,5.214766025543213
2005-01-25,5.1962890625
2005-01-26,5.1962890625
2005-01-27,5.191672325134277
2005-01-28,5.205528736114502
2005-01-31,5.230100631713867
2005-02-01,5.225466728210449
2005-02-02,5.225466728210449
2005-02-03,5.216192722320557
2005-02-04,5.239374160766602
2005-02-07,5.244007110595703
2005-02-08,5.248648643493652
2005-02-09,5.2625555992126465
2005-02-10,5.244007110595703
2005-02-11,5.230100631713867
2005-02-14,5.234739780426025
2005-02-15,5.230100631713867
2005-02-16,5.216192722320557
2005-02-17,5.211557388305664
2005-02-18,5.188370227813721
2005-02-22,5.183740139007568
2005-02-23,5.188370227813721
2005-02-24,5.183740139007568
2005-02-25,5.183740139007568
2005-02-28,5.178618431091309
2005-03-01,5.173961639404297
2005-03-02,5.173961639404297
2005-03-03,5.169310569763184
2005-03-04,5.187918663024902
2005-03-07,5.187918663024902
2005-03-08,5.169310569763184
2005-03-09,5.132089614868164
2005-03-10,5.146047115325928
2005-03-11,5.12743616104126
2005-03-14,5.12743616104126
2005-03-15,5.122782230377197
2005-03-16,5.132089614868164
2005-03-17,5.136737823486328
2005-03-18,5.12743616104126
2005-03-21,5.12743616104126
2005-03-22,5.108824729919434
2005-03-23,5.10417366027832
2005-03-24,5.10417366027832
2005-03-28,5.099517822265625
2005-03-29,5.10417366027832
2005-03-30,5.1134796142578125
2005-03-31,5.152318000793457
2005-04-01,5.16635274887085
2005-04-04,5.16635274887085
2005-04-05,5.161680698394775
2005-04-06,5.16635274887085
2005-04-07,5.161680698394775
2005-04-08,5.152318000793457
2005-04-11,5.161680698394775
2005-04-12,5.185080051422119
2005-04-13,5.185080051422119
2005-04-14,5.185080051422119
2005-04-15,5.208474159240723
2005-04-18,5.213157653808594
2005-04-19,5.22251033782959
2005-04-20,5.22251033782959
2005-04-21,5.203791618347168
2005-04-22,5.208474159240723
2005-04-25,5.213157653808594
2005-04-26,5.208474159240723
2005-04-27,5.217831134796143
2005-04-28,5.231875896453857
2005-04-29,5.242676258087158
2005-05-02,5.247377395629883
2005-05-03,5.242676258087158
2005-05-04,5.247377395629883
2005-05-05,5.256769180297852
2005-05-06,5.2285871505737305
2005-05-09,5.223883152008057
2005-05-10,5.237977504730225
2005-05-11,5.242676258087158
2005-05-12,5.247377395629883
2005-05-13,5.2614641189575195
2005-05-16,5.256769180297852
2005-05-17,5.2614641189575195
2005-05-18,5.270864009857178
2005-05-19,5.256769180297852
2005-05-20,5.2520751953125
2005-05-23,5.26616096496582
2005-05-24,5.2755584716796875
2005-05-25,5.26616096496582
2005-05-26,5.26616096496582
2005-05-27,5.26616096496582
2005-05-31,5.3053083419799805
2005-06-01,5.333601951599121
2005-06-02,5.333601951599121
2005-06-03,5.310025215148926
2005-06-06,5.314742088317871
2005-06-07,5.324170112609863
2005-06-08,5.319457054138184
2005-06-09,5.310025215148926
2005-06-10,5.291160583496094
2005-06-13,5.281724452972412
2005-06-14,5.272299766540527
2005-06-15,5.272299766540527
2005-06-16,5.281724452972412
2005-06-17,5.281724452972412
2005-06-20,5.277011394500732
2005-06-21,5.286441326141357
2005-06-22,5.314742088317871
2005-06-23,5.310025215148926
2005-06-24,5.324170112609863
2005-06-27,5.32888126373291
2005-06-28,5.310025215148926
2005-06-29,5.3053083419799805
2005-06-30,5.334659099578857
2005-07-01,5.31098747253418
2005-07-05,5.292055606842041
2005-07-06,5.301517009735107
2005-07-07,5.31098747253418
2005-07-08,5.292055606842041
2005-07-11,5.292055606842041
2005-07-12,5.282583713531494
2005-07-13,5.27785062789917
2005-07-14,5.273123264312744
2005-07-15,5.273123264312744
2005-07-18,5.258918762207031
2005-07-19,5.2683892250061035
2005-07-20,5.273123264312744
2005-07-21,5.244722843170166
2005-07-22,5.258918762207031
2005-07-25,5.254185199737549
2005-07-26,5.254185199737549
2005-07-27,5.249453067779541
2005-07-28,5.263648509979248
2005-07-29,5.259852886199951
2005-08-01,5.250351428985596
2005-08-02,5.250351428985596
2005-08-03,5.259852886199951
2005-08-04,5.255102157592773
2005-08-05,5.2313408851623535
2005-08-08,5.226591110229492
2005-08-09,5.2313408851623535
2005-08-10,5.2313408851623535
2005-08-11,5.245593547821045
2005-08-12,5.269354820251465
2005-08-15,5.259852886199951
2005-08-16,5.269354820251465
2005-08-17,5.259852886199951
2005-08-18,5.274106025695801
2005-08-19,5.274106025695801
2005-08-22,5.274106025695801
2005-08-23,5.283604621887207
2005-08-24,5.283604621887207
2005-08-25,5.288364410400391
2005-08-26,5.278857707977295
2005-08-29,5.283604621887207
2005-08-30,5.30736780166626
2005-08-31,5.346468925476074
2005-09-01,5.351243019104004
2005-09-02,5.346468925476074
2005-09-06,5.3321661949157715
2005-09-07,5.317859172821045
2005-09-08,5.322626113891602
2005-09-09,5.322626113891602
2005-09-12,5.313089370727539
2005-09-13,5.322626113891602
2005-09-14,5.313089370727539
2005-09-15,5.303553104400635
2005-09-16,5.28924560546875
2005-09-19,5.2940144538879395
2005-09-20,5.28924560546875
2005-09-21,5.303553104400635
2005-09-22,5.308321952819824
2005-09-23,5.28924560546875
2005-09-26,5.279701232910156
2005-09-27,5.274935245513916
2005-09-28,5.284474849700928
2005-09-29,5.274935245513916
2005-09-30,5.285467624664307
2005-10-03,5.271102428436279
2005-10-04,5.271102428436279
2005-10-05,5.2758917808532715
2005-10-06,5.2758917808532715
2005-10-07,5.2758917808532715
2005-10-10,5.2758917808532715
2005-10-11,5.271102428436279
2005-10-12,5.25674295425415
2005-10-13,5.247163772583008
2005-10-14,5.2423810958862305
2005-10-17,5.2423810958862305
2005-10-18,5.247163772583008
2005-10-19,5.251950263977051
2005-10-20,5.251950263977051
2005-10-21,5.266317844390869
2005-10-24,5.25674295425415
2005-10-25,5.237591743469238
2005-10-26,5.218441963195801
2005-10-27,5.22322940826416
2005-10-28,5.22322940826416
2005-10-31,5.243896961212158
2005-11-01,5.239094257354736
2005-11-02,5.2294769287109375
2005-11-03,5.219866752624512
2005-11-04,5.215061187744141
2005-11-07,5.219866752624512
2005-11-08,5.234285354614258
2005-11-09,5.219866752624512
2005-11-10,5.239094257354736
2005-11-11,5.239094257354736
2005-11-14,5.224671840667725
2005-11-15,5.234285354614258
2005-11-16,5.253516674041748
2005-11-17,5.263124465942383
2005-11-18,5.248706340789795
2005-11-21,5.258315563201904
2005-11-22,5.267930507659912
2005-11-23,5.253516674041748
2005-11-25,5.267930507659912
2005-11-28,5.272735595703125
2005-11-29,5.253516674041748
2005-11-30,5.268950939178467
2005-12-01,5.264127731323242
2005-12-02,5.264127731323242
2005-12-05,5.254476547241211
2005-12-06,5.273780822753906
2005-12-07,5.264127731323242
2005-12-08,5.28342342376709
2005-12-09,5.264127731323242
2005-12-12,5.25930118560791
2005-12-13,5.264127731323242
2005-12-14,5.28342342376709
2005-12-15,5.278600215911865
2005-12-16,5.28342342376709
2005-12-19,5.288248538970947
2005-12-20,5.278600215911865
2005-12-21,5.273780822753906
2005-12-22,5.288248538970947
2005-12-23,5.302725791931152
2005-12-27,5.312374114990234
2005-12-28,5.302725791931152
2005-12-29,5.3061203956604
2005-12-30,5.322682857513428
2006-01-03,5.327545642852783
2006-01-04,5.332415580749512
2006-01-05,5.332415580749512
2006-01-06,5.322682857513428
2006-01-09,5.327545642852783
2006-01-10,5.3129377365112305
2006-01-11,5.308069229125977
2006-01-12,5.317809581756592
2006-01-13,5.332415580749512
2006-01-17,5.337284564971924
2006-01-18,5.337284564971924
2006-01-19,5.327545642852783
2006-01-20,5.327545642852783
2006-01-23,5.332415580749512
2006-01-24,5.322682857513428
2006-01-25,5.303197860717773
2006-01-26,5.288590908050537
2006-01-27,5.293459892272949
2006-01-30,5.283718585968018
2006-01-31,5.30474328994751
2006-02-01,5.294961452484131
2006-02-02,5.294961452484131
2006-02-03,5.30474328994751
2006-02-06,5.299860000610352
2006-02-07,5.294961452484131
2006-02-08,5.290073394775391
2006-02-09,5.290073394775391
2006-02-10,5.280296325683594
2006-02-13,5.280296325683594
2006-02-14,5.275405406951904
2006-02-15,5.275405406951904
2006-02-16,5.280296325683594
2006-02-17,5.294961452484131
2006-02-21,5.285187721252441
2006-02-22,5.294961452484131
2006-02-23,5.285187721252441
2006-02-24,5.280296325683594
2006-02-27,5.275405406951904
2006-02-28,5.309266090393066
2006-03-01,5.299452304840088
2006-03-02,5.284729957580566
2006-03-03,5.274918079376221
2006-03-06,5.260199546813965
2006-03-07,5.260199546813965
2006-03-08,5.260199546813965
2006-03-09,5.260199546813965
2006-03-10,5.255289554595947
2006-03-13,5.250384330749512
2006-03-14,5.274918079376221
2006-03-15,5.2700114250183105
2006-03-16,5.289639949798584
2006-03-17,5.284729957580566
2006-03-20,5.289639949798584
2006-03-21,5.2700114250183105
2006-03-22,5.2700114250183105
2006-03-23,5.265102863311768
2006-03-24,5.279823303222656
2006-03-27,5.274918079376221
2006-03-28,5.250384330749512
2006-03-29,5.245472431182861
2006-03-30,5.23075532913208
2006-03-31,5.256866455078125
2006-04-03,5.247014045715332
2006-04-04,5.251938343048096
2006-04-05,5.2617926597595215
2006-04-06,5.247014045715332
2006-04-07,5.227303981781006
2006-04-10,5.232229232788086
2006-04-11,5.237160682678223
2006-04-12,5.227303981781006
2006-04-13,5.212521553039551
2006-04-17,5.222383499145508
2006-04-18,5.232229232788086
2006-04-19,5.222383499145508
2006-04-20,5.21745491027832
2006-04-21,5.222383499145508
2006-04-24,5.227303981781006
2006-04-25,5.2076005935668945
2006-04-26,5.197745323181152
2006-04-27,5.2076005935668945
2006-04-28,5.237274169921875
2006-05-01,5.217489719390869
2006-05-02,5.222437858581543
2006-05-03,5.217489719390869
2006-05-04,5.212543487548828
2006-05-05,5.222437858581543
2006-05-08,5.217489719390869
2006-05-09,5.217489719390869
2006-05-10,5.217489719390869
2006-05-11,5.212543487548828
2006-05-12,5.197709560394287
2006-05-15,5.207598686218262
2006-05-16,5.222437858581543
2006-05-17,5.212543487548828
2006-05-18,5.232322692871094
2006-05-19,5.232322692871094
2006-05-22,5.242221832275391
2006-05-23,5.232322692871094
2006-05-24,5.242221832275391
2006-05-25,5.232322692871094
2006-05-26,5.237274169921875
2006-05-30,5.227383136749268
2006-05-31,5.238307476043701
2006-06-01,5.238307476043701
2006-06-02,5.2680983543396
2006-06-05,5.258170127868652
2006-06-06,5.263134479522705
2006-06-07,5.258170127868652
2006-06-08,5.263134479522705
2006-06-09,5.2680983543396
2006-06-12,5.263134479522705
2006-06-13,5.2730631828308105
2006-06-14,5.248237133026123
2006-06-15,5.233339309692383
2006-06-16,5.223410129547119
2006-06-19,5.218443870544434
2006-06-20,5.218443870544434
2006-06-21,5.218443870544434
2006-06-22,5.20354700088501
2006-06-23,5.198583602905273
2006-06-26,5.193621635437012
2006-06-27,5.20354700088501
2006-06-28,5.193621635437012
2006-06-29,5.208512306213379
2006-06-30,5.243905544281006
2006-07-03,5.243905544281006
2006-07-05,5.223967552185059
2006-07-06,5.2339396476745605
2006-07-07,5.248888969421387
2006-07-10,5.248888969421387
2006-07-11,5.253873348236084
2006-07-12,5.253873348236084
2006-07-13,5.26384162902832
2006-07-14,5.268829345703125
2006-07-17,5.26384162902832
2006-07-18,5.248888969421387
2006-07-19,5.268829345703125
2006-07-20,5.2787981033325195
2006-07-21,5.273813724517822
2006-07-24,5.273813724517822
2006-07-25,5.268829345703125
2006-07-26,5.2787981033325195
2006-07-27,5.2787981033325195
2006-07-28,5.293749809265137
2006-07-31,5.3147735595703125
2006-08-01,5.3147735595703125
2006-08-02,5.32478141784668
2006-08-03,5.32478141784668
2006-08-04,5.339790344238281
2006-08-07,5.329783916473389
2006-08-08,5.334787845611572
2006-08-09,5.329783916473389
2006-08-10,5.329783916473389
2006-08-11,5.319775581359863
2006-08-14,5.309767723083496
2006-08-15,5.329783916473389
2006-08-16,5.344797134399414
2006-08-17,5.344797134399414
2006-08-18,5.354806900024414
2006-08-21,5.3598151206970215
2006-08-22,5.3598151206970215
2006-08-23,5.3598151206970215
2006-08-24,5.3598151206970215
2006-08-25,5.364819526672363
2006-08-28,5.3598151206970215
2006-08-29,5.3598151206970215
2006-08-30,5.369823932647705
2006-08-31,5.400967597961426
2006-09-01,5.400967597961426
2006-09-05,5.385901927947998
2006-09-06,5.380876541137695
2006-09-07,5.385901927947998
2006-09-08,5.390925407409668
2006-09-11,5.385901927947998
2006-09-12,5.390925407409668
2006-09-13,5.3959431648254395
2006-09-14,5.385901927947998
2006-09-15,5.380876541137695
2006-09-18,5.375849723815918
2006-09-19,5.400967597961426
2006-09-20,5.400967597961426
2006-09-21,5.426087379455566
2006-09-22,5.441166877746582
2006-09-25,5.4512128829956055
2006-09-26,5.441166877746582
2006-09-27,5.441166877746582
2006-09-28,5.431112289428711
2006-09-29,5.451791763305664
2006-10-02,5.4568376541137695
2006-10-03,5.4568376541137695
2006-10-04,5.471965312957764
2006-10-05,5.4568376541137695
2006-10-06,5.4316182136535645
2006-10-09,5.4316182136535645
2006-10-10,5.416489601135254
2006-10-11,5.406404972076416
2006-10-12,5.406404972076416
2006-10-13,5.401361465454102
2006-10-16,5.406404972076416
2006-10-17,5.411446571350098
2006-10-18,5.411446571350098
2006-10-19,5.406404972076416
2006-10-20,5.406404972076416
2006-10-23,5.396315574645996
2006-10-24,5.396315574645996
2006-10-25,5.406404972076416
2006-10-26,5.426576614379883
2006-10-27,5.436663627624512
2006-10-30,5.436663627624512
2006-10-31,5.483243942260742
2006-11-01,5.493369102478027
2006-11-02,5.483243942260742
2006-11-03,5.44780158996582
2006-11-06,5.45286226272583
2006-11-07,5.468053817749023
2006-11-08,5.473117828369141
2006-11-09,5.473117828369141
2006-11-10,5.483243942260742
2006-11-13,5.478179454803467
2006-11-14,5.488307952880859
2006-11-15,5.473117828369141
2006-11-16,5.462989330291748
2006-11-17,5.478179454803467
2006-11-20,5.483243942260742
2006-11-21,5.488307952880859
2006-11-22,5.488307952880859
2006-11-24,5.493369102478027
2006-11-27,5.498426914215088
2006-11-28,5.508558750152588
2006-11-29,5.50349760055542
2006-11-30,5.5446648597717285
2006-12-01,5.554826736450195
2006-12-04,5.554826736450195
2006-12-05,5.554826736450195
2006-12-06,5.539578437805176
2006-12-07,5.539578437805176
2006-12-08,5.514166831970215
2006-12-11,5.524331569671631
2006-12-12,5.534497261047363
2006-12-13,5.509085178375244
2006-12-14,5.504003524780273
2006-12-15,5.504003524780273
2006-12-18,5.504003524780273
2006-12-19,5.504003524780273
2006-12-20,5.504003524780273
2006-12-21,5.519245624542236
2006-12-22,5.4989213943481445
2006-12-26,5.4989213943481445
2006-12-27,5.483672618865967
2006-12-28,5.473509311676025
2006-12-29,5.490352630615234
2007-01-03,5.500550746917725
2007-01-04,5.515858173370361
2007-01-05,5.505652904510498
2007-01-08,5.505652904510498
2007-01-09,5.505652904510498
2007-01-10,5.495452880859375
2007-01-11,5.4801459312438965
2007-01-12,5.475043296813965
2007-01-16,5.4801459312438965
2007-01-17,5.4648332595825195
2007-01-18,5.475043296813965
2007-01-19,5.469939708709717
2007-01-22,5.475043296813965
2007-01-23,5.459727764129639
2007-01-24,5.459727764129639
2007-01-25,5.4444260597229
2007-01-26,5.439320087432861
2007-01-29,5.439320087432861
2007-01-30,5.4444260597229
2007-01-31,5.4766998291015625
2007-02-01,5.4766998291015625
2007-02-02,5.4766998291015625
2007-02-05,5.481820583343506
2007-02-06,5.497197151184082
2007-02-07,5.502319812774658
2007-02-08,5.502319812774658
2007-02-09,5.486945152282715
2007-02-12,5.481820583343506
2007-02-13,5.481820583343506
2007-02-14,5.502319812774658
2007-02-15,5.51256799697876
2007-02-16,5.517687797546387
2007-02-20,5.517687797546387
2007-02-21,5.51256799697876
2007-02-22,5.502319812774658
2007-02-23,5.517687797546387
2007-02-26,5.533054828643799
2007-02-27,5.568921089172363
2007-02-28,5.578690528869629
2007-03-01,5.578690528869629
2007-03-02,5.594111442565918
2007-03-05,5.588967800140381
2007-03-06,5.583828449249268
2007-03-07,5.594111442565918
2007-03-08,5.594111442565918
2007-03-09,5.5684051513671875
2007-03-12,5.578690528869629
2007-03-13,5.599255084991455
2007-03-14,5.594111442565918
2007-03-15,5.588967800140381
2007-03-16,5.583828449249268
2007-03-19,5.578690528869629
2007-03-20,5.583828449249268
2007-03-21,5.594111442565918
2007-03-22,5.578690528869629
2007-03-23,5.5684051513671875
2007-03-26,5.578690528869629
2007-03-27,5.573546886444092
2007-03-28,5.5684051513671875
2007-03-29,5.563264846801758
2007-03-30,5.5802998542785645
2007-04-02,5.585458755493164
2007-04-03,5.575140476226807
2007-04-04,5.5802998542785645
2007-04-05,5.575140476226807
2007-04-09,5.55448579788208
2007-04-10,5.559651851654053
2007-04-11,5.55448579788208
2007-04-12,5.55448579788208
2007-04-13,5.5493268966674805
2007-04-16,5.55448579788208
2007-04-17,5.569972038269043
2007-04-18,5.5802998542785645
2007-04-19,5.575140476226807
2007-04-20,5.575140476226807
2007-04-23,5.585458755493164
2007-04-24,5.59062385559082
2007-04-25,5.585458755493164
2007-04-26,5.569972038269043
2007-04-27,5.569972038269043
2007-04-30,5.611948013305664
2007-05-01,5.606762886047363
2007-05-02,5.606762886047363
2007-05-03,5.596405982971191
2007-05-04,5.606762886047363
2007-05-07,5.606762886047363
2007-05-08,5.606762886047363
2007-05-09,5.596405982971191
2007-05-10,5.6015849113464355
2007-05-11,5.596405982971191
2007-05-14,5.591217517852783
2007-05-15,5.580857753753662
2007-05-16,5.586037635803223
2007-05-17,5.570492744445801
2007-05-18,5.5549492835998535
2007-05-21,5.5549492835998535
2007-05-22,5.544583320617676
2007-05-23,5.539399147033691
2007-05-24,5.539399147033691
2007-05-25,5.5342183113098145
2007-05-29,5.529042720794678
2007-05-30,5.529042720794678
2007-05-31,5.545680999755859
2007-06-01,5.524875640869141
2007-06-04,5.530077934265137
2007-06-05,5.514470100402832
2007-06-06,5.519671440124512
2007-06-07,5.488461017608643
2007-06-08,5.483254909515381
2007-06-11,5.478053569793701
2007-06-12,5.446840763092041
2007-06-13,5.457241535186768
2007-06-14,5.452043056488037
2007-06-15,5.467653274536133
2007-06-18,5.478053569793701
2007-06-19,5.493661880493164
2007-06-20,5.483254909515381
2007-06-21,5.478053569793701
2007-06-22,5.488461017608643
2007-06-25,5.504063129425049
2007-06-26,5.4988627433776855
2007-06-27,5.504063129425049
2007-06-28,5.493661880493164
2007-06-29,5.535964488983154
2007-07-02,5.546412467956543
2007-07-03,5.5307440757751465
2007-07-05,5.504626274108887
2007-07-06,5.488961219787598
2007-07-09,5.499406337738037
2007-07-10,5.535964488983154
2007-07-11,5.525514602661133
2007-07-12,5.509852886199951
2007-07-13,5.515074729919434
2007-07-16,5.5307440757751465
2007-07-17,5.520298957824707
2007-07-18,5.541187763214111
2007-07-19,5.535964488983154
2007-07-20,5.556856632232666
2007-07-23,5.556856632232666
2007-07-24,5.562078475952148
2007-07-25,5.577744483947754
2007-07-26,5.619527339935303
2007-07-27,5.614302158355713
2007-07-30,5.603858947753906
2007-07-31,5.636364936828613
2007-08-01,5.636364936828613
2007-08-02,5.636364936828613
2007-08-03,5.657339096069336
2007-08-06,5.6468505859375
2007-08-07,5.6416096687316895
2007-08-08,5.6101460456848145
2007-08-09,5.631122589111328
2007-08-10,5.636364936828613
2007-08-13,5.636364936828613
2007-08-14,5.65209436416626
2007-08-15,5.667826175689697
2007-08-16,5.683554172515869
2007-08-17,5.683554172515869
2007-08-20,5.699285507202148
2007-08-21,5.715012073516846
2007-08-22,5.699285507202148
2007-08-23,5.694042205810547
2007-08-24,5.683554172515869
2007-08-27,5.694042205810547
2007-08-28,5.7255024909973145
2007-08-29,5.715012073516846
2007-08-30,5.735986709594727
2007-08-31,5.747566223144531
2007-09-04,5.742302417755127
2007-09-05,5.773881435394287
2007-09-06,5.763355255126953
2007-09-07,5.81072473526001
2007-09-10,5.82125186920166
2007-09-11,5.805462837219238
2007-09-12,5.794932842254639
2007-09-13,5.768616676330566
2007-09-14,5.773881435394287
2007-09-17,5.768616676330566
2007-09-18,5.773881435394287
2007-09-19,5.768616676330566
2007-09-20,5.721248149871826
2007-09-21,5.731779098510742
2007-09-24,5.737037658691406
2007-09-25,5.742302417755127
2007-09-26,5.742302417755127
2007-09-27,5.752828598022461
2007-09-28,5.773956775665283
2007-10-01,5.77924108505249
2007-10-02,5.784526348114014
2007-10-03,5.77924108505249
2007-10-04,5.784526348114014
2007-10-05,5.74754524230957
2007-10-08,5.74754524230957
2007-10-09,5.742260932922363
2007-10-10,5.742260932922363
2007-10-11,5.742260932922363
2007-10-12,5.7316975593566895
2007-10-15,5.736984729766846
2007-10-16,5.74754524230957
2007-10-17,5.784526348114014
2007-10-18,5.795094013214111
2007-10-19,5.826786518096924
2007-10-22,5.826786518096924
2007-10-23,5.826786518096924
2007-10-24,5.847914218902588
2007-10-25,5.8426313400268555
2007-10-26,5.832064628601074
2007-10-29,5.832064628601074
2007-10-30,5.826786518096924
2007-10-31,5.822017192840576
2007-11-01,5.859135627746582
2007-11-02,5.8856425285339355
2007-11-05,5.875038146972656
2007-11-06,5.8644304275512695
2007-11-07,5.880342483520508
2007-11-08,5.906854629516602
2007-11-09,5.917455196380615
2007-11-12,5.917455196380615
2007-11-13,5.901545524597168
2007-11-14,5.896247386932373
2007-11-15,5.933360576629639
2007-11-16,5.938665866851807
2007-11-19,5.965177536010742
2007-11-20,5.97048282623291
2007-11-21,5.981085777282715
2007-11-23,5.981085777282715
2007-11-26,6.034106731414795
2007-11-27,6.002289772033691
2007-11-28,5.981085777282715
2007-11-29,6.007595062255859
2007-11-30,6.023560523986816
2007-12-03,6.055485725402832
2007-12-04,6.0608062744140625
2007-12-05,6.055485725402832
2007-12-06,6.023560523986816
2007-12-07,5.986311912536621
2007-12-10,5.980990409851074
2007-12-11,6.039522171020508
2007-12-12,6.007589817047119
2007-12-13,5.980990409851074
2007-12-14,5.959707260131836
2007-12-17,5.970347881317139
2007-12-18,5.996953010559082
2007-12-19,6.007589817047119
2007-12-20,6.023560523986816
2007-12-21,5.9756646156311035
2007-12-24,5.959707260131836
2007-12-26,5.938419818878174
2007-12-27,5.965026378631592
2007-12-28,5.996953010559082
2007-12-31,6.040210723876953
2008-01-02,6.088274955749512
2008-01-03,6.0829362869262695
2008-01-04,6.109636306762695
2008-01-07,6.1149797439575195
2008-01-08,6.1149797439575195
2008-01-09,6.13100004196167
2008-01-10,6.109636306762695
2008-01-11,6.136342525482178
2008-01-14,6.136342525482178
2008-01-15,6.1630449295043945
2008-01-16,6.1630449295043945
2008-01-17,6.184408664703369
2008-01-18,6.195091247558594
2008-01-22,6.259177207946777
2008-01-23,6.243154048919678
2008-01-24,6.200432777404785
2008-01-25,6.216452598571777
2008-01-28,6.216452598571777
2008-01-29,6.195091247558594
2008-01-30,6.195091247558594
2008-01-31,6.227245807647705
2008-02-01,6.243319988250732
2008-02-04,6.227245807647705
2008-02-05,6.254042625427246
2008-02-06,6.248678207397461
2008-02-07,6.21652889251709
2008-02-08,6.243319988250732
2008-02-11,6.254042625427246
2008-02-12,6.23260498046875
2008-02-13,6.23260498046875
2008-02-14,6.205807685852051
2008-02-15,6.211171627044678
2008-02-19,6.173654079437256
2008-02-20,6.15757942199707
2008-02-21,6.205807685852051
2008-02-22,6.205807685852051
2008-02-25,6.162939071655273
2008-02-26,6.179011344909668
2008-02-27,6.1843695640563965
2008-02-28,6.227245807647705
2008-02-29,6.311656475067139
2008-03-03,6.311656475067139
2008-03-04,6.284767150878906
2008-03-05,6.274023532867432
2008-03-06,6.295522212982178
2008-03-07,6.322405815124512
2008-03-10,6.349283218383789
2008-03-11,6.284767150878906
2008-03-12,6.34390926361084
2008-03-13,6.317026615142822
2008-03-14,6.365411281585693
2008-03-17,6.386917591094971
2008-03-18,6.354659557342529
2008-03-19,6.381542205810547
2008-03-20,6.386917591094971
2008-03-24,6.300900459289551
2008-03-25,6.317026615142822
2008-03-26,6.322405815124512
2008-03-27,6.311656475067139
2008-03-28,6.32777738571167
2008-03-31,6.370391845703125
2008-04-01,6.316452980041504
2008-04-02,6.300268650054932
2008-04-03,6.29487943649292
2008-04-04,6.332639694213867
2008-04-07,6.300268650054932
2008-04-08,6.305661678314209
2008-04-09,6.338027000427246
2008-04-10,6.311060428619385
2008-04-11,6.338027000427246
2008-04-14,6.327238082885742
2008-04-15,6.305661678314209
2008-04-16,6.257118225097656
2008-04-17,6.240935802459717
2008-04-18,6.2301459312438965
2008-04-21,6.240935802459717
2008-04-22,6.235539436340332
2008-04-23,6.2301459312438965
2008-04-24,6.192387580871582
2008-04-25,6.176205635070801
2008-04-28,6.192387580871582
2008-04-29,6.192387580871582
2008-04-30,6.234600067138672
2008-05-01,6.234600067138672
2008-05-02,6.202132225036621
2008-05-05,6.207541465759277
2008-05-06,6.196716785430908
2008-05-07,6.207541465759277
2008-05-08,6.234600067138672
2008-05-09,6.245427131652832
2008-05-12,6.240014553070068
2008-05-13,6.191301345825195
2008-05-14,6.185892581939697
2008-05-15,6.212953567504883
2008-05-16,6.202132225036621
2008-05-19,6.207541465759277
2008-05-20,6.234600067138672
2008-05-21,6.212953567504883
2008-05-22,6.175069808959961
2008-05-23,6.202132225036621
2008-05-27,6.175069808959961
2008-05-28,6.142596244812012
2008-05-29,6.120948314666748
2008-05-30,6.152446746826172
2008-06-02,6.1850266456604
2008-06-03,6.212179183959961
2008-06-04,6.190452575683594
2008-06-05,6.174163818359375
2008-06-06,6.206748008728027
2008-06-09,6.163306713104248
2008-06-10,6.1198649406433105
2008-06-11,6.136154651641846
2008-06-12,6.087281227111816
2008-06-13,6.070989608764648
2008-06-16,6.070989608764648
2008-06-17,6.087281227111816
2008-06-18,6.114429950714111
2008-06-19,6.092710494995117
2008-06-20,6.108998775482178
2008-06-23,6.103569984436035
2008-06-24,6.130727291107178
2008-06-25,6.125293731689453
2008-06-26,6.163306713104248
2008-06-27,6.174163818359375
2008-06-30,6.199777603149414
2008-07-01,6.199777603149414
2008-07-02,6.210666656494141
2008-07-03,6.210666656494141
2008-07-07,6.22701358795166
2008-07-08,6.243350982666016
2008-07-09,6.259696960449219
2008-07-10,6.265145778656006
2008-07-11,6.2161149978637695
2008-07-14,6.237905502319336
2008-07-15,6.25424861907959
2008-07-16,6.2161149978637695
2008-07-17,6.188873767852783
2008-07-18,6.172535419464111
2008-07-21,6.177978992462158
2008-07-22,6.16708517074585
2008-07-23,6.156186580657959
2008-07-24,6.1943206787109375
2008-07-25,6.161633491516113
2008-07-28,6.1943206787109375
2008-07-29,6.188873767852783
2008-07-30,6.188873767852783
2008-07-31,6.247912406921387
2008-08-01,6.24244499206543
2008-08-04,6.2369771003723145
2008-08-05,6.226045608520508
2008-08-06,6.215111255645752
2008-08-07,6.258841514587402
2008-08-08,6.247912406921387
2008-08-11,6.231509685516357
2008-08-12,6.258841514587402
2008-08-13,6.253379821777344
2008-08-14,6.26430606842041
2008-08-15,6.27523946762085
2008-08-18,6.286174297332764
2008-08-19,6.280705451965332
2008-08-20,6.3025736808776855
2008-08-21,6.286174297332764
2008-08-22,6.27523946762085
2008-08-25,6.297106742858887
2008-08-26,6.297106742858887
2008-08-27,6.3025736808776855
2008-08-28,6.297106742858887
2008-08-29,6.309175491333008
2008-09-02,6.336605548858643
2008-09-03,6.353071212768555
2008-09-04,6.369523048400879
2008-09-05,6.358551502227783
2008-09-08,6.364034175872803
2008-09-09,6.380496501922607
2008-09-10,6.369523048400879
2008-09-11,6.364034175872803
2008-09-12,6.347577095031738
2008-09-15,6.435366630554199
2008-09-16,6.413413047790527
2008-09-17,6.451819896697998
2008-09-18,6.413413047790527
2008-09-19,6.325634956359863
2008-09-22,6.314666748046875
2008-09-23,6.309175491333008
2008-09-24,6.336605548858643
2008-09-25,6.303689479827881
2008-09-26,6.303689479827881
2008-09-29,6.385984420776367
2008-09-30,6.341393947601318
2008-10-01,6.368924140930176
2008-10-02,6.401951789855957
2008-10-03,6.4239678382873535
2008-10-06,6.4569902420043945
2008-10-07,6.445984840393066
2008-10-08,6.385433673858643
2008-10-09,6.346900939941406
2008-10-10,6.308365821838379
2008-10-13,6.253321647644043
2008-10-14,6.247816562652588
2008-10-15,6.275340557098389
2008-10-16,6.269835472106934
2008-10-17,6.2808427810668945
2008-10-20,6.302864074707031
2008-10-21,6.341393947601318
2008-10-22,6.368924140930176
2008-10-23,6.357913494110107
2008-10-24,6.330387115478516
2008-10-27,6.313874244689941
2008-10-28,6.269835472106934
2008-10-29,6.275340557098389
2008-10-30,6.247816562652588
2008-10-31,6.255547046661377
2008-11-03,6.272108554840088
2008-11-04,6.332844257354736
2008-11-05,6.349407196044922
2008-11-06,6.343885898590088
2008-11-07,6.327320575714111
2008-11-10,6.332844257354736
2008-11-11,6.327320575714111
2008-11-12,6.371491432189941
2008-11-13,6.338362216949463
2008-11-14,6.388061046600342
2008-11-17,6.404619216918945
2008-11-18,6.448788642883301
2008-11-19,6.481914043426514
2008-11-20,6.5481743812561035
2008-11-21,6.509525775909424
2008-11-24,6.459831237792969
2008-11-25,6.542652606964111
2008-11-26,6.564736366271973
2008-11-28,6.605154991149902
2008-12-01,6.677131175994873
2008-12-02,6.688198089599609
2008-12-03,6.704808235168457
2008-12-04,6.743566989898682
2008-12-05,6.677131175994873
2008-12-08,6.654976844787598
2008-12-09,6.704808235168457
2008-12-10,6.704808235168457
2008-12-11,6.721421241760254
2008-12-12,6.726956367492676
2008-12-15,6.743566989898682
2008-12-16,6.832149028778076
2008-12-17,6.865367889404297
2008-12-18,6.909666538238525
2008-12-19,6.881986618041992
2008-12-22,6.865367889404297
2008-12-23,6.865367889404297
2008-12-24,6.848761081695557
2008-12-26,6.870907783508301
2008-12-29,6.887518405914307
2008-12-30,6.884127616882324
2008-12-31,6.846782684326172
2009-01-02,6.790199279785156
2009-01-05,6.773228645324707
2009-01-06,6.790199279785156
2009-01-07,6.790199279785156
2009-01-08,6.812831878662109
2009-01-09,6.829810619354248
2009-01-12,6.863758087158203
2009-01-13,6.863758087158203
2009-01-14,6.886390209197998
2009-01-15,6.886390209197998
2009-01-16,6.846782684326172
2009-01-20,6.824147701263428
2009-01-21,6.767568588256836
2009-01-22,6.744929790496826
2009-01-23,6.739275932312012
2009-01-26,6.727956295013428
2009-01-27,6.761901378631592
2009-01-28,6.722291469573975
2009-01-29,6.665704250335693
2009-01-30,6.683297157287598
2009-02-02,6.728686332702637
2009-02-03,6.677630424499512
2009-02-04,6.660606861114502
2009-02-05,6.671947002410889
2009-02-06,6.649255752563477
2009-02-09,6.643584728240967
2009-02-10,6.705997467041016
2009-02-11,6.72301721572876
2009-02-12,6.728686332702637
2009-02-13,6.694645404815674
2009-02-17,6.762730598449707
2009-02-18,6.728686332702637
2009-02-19,6.688978672027588
2009-02-20,6.711667537689209
2009-02-23,6.705997467041016
2009-02-24,6.688978672027588
2009-02-25,6.637913227081299
2009-02-26,6.632239818572998
2009-02-27,6.64475679397583
2009-03-02,6.701643943786621
2009-03-03,6.690268039703369
2009-03-04,6.6618194580078125
2009-03-05,6.713018417358398
2009-03-06,6.690268039703369
2009-03-09,6.690268039703369
2009-03-10,6.6618194580078125
2009-03-11,6.678887367248535
2009-03-12,6.701643943786621
2009-03-13,6.713018417358398
2009-03-16,6.6959547996521
2009-03-17,6.678887367248535
2009-03-18,6.849559783935547
2009-03-19,6.838179111480713
2009-03-20,6.838179111480713
2009-03-23,6.821113586425781
2009-03-24,6.815423011779785
2009-03-25,6.792666912078857
2009-03-26,6.816216468811035
2009-03-27,6.804728031158447
2009-03-30,6.82195520401001
2009-03-31,6.85823392868042
2009-04-01,6.863988399505615
2009-04-02,6.829440116882324
2009-04-03,6.777612209320068
2009-04-06,6.766101837158203
2009-04-07,6.771857261657715
2009-04-08,6.794886112213135
2009-04-09,6.771857261657715
2009-04-13,6.8064093589782715
2009-04-14,6.829440116882324
2009-04-15,6.835203647613525
2009-04-16,6.812168121337891
2009-04-17,6.771857261657715
2009-04-20,6.800649642944336
2009-04-21,6.777612209320068
2009-04-22,6.76033878326416
2009-04-23,6.771857261657715
2009-04-24,6.748816013336182
2009-04-27,6.783371925354004
2009-04-28,6.754580497741699
2009-04-29,6.725788593292236
2009-04-30,6.737914562225342
2009-05-01,6.726361274719238
2009-05-04,6.726361274719238
2009-05-05,6.726361274719238
2009-05-06,6.732137203216553
2009-05-07,6.6974921226501465
2009-05-08,6.6974921226501465
2009-05-11,6.737914562225342
2009-05-12,6.737914562225342
2009-05-13,6.761005878448486
2009-05-14,6.761005878448486
2009-05-15,6.75523567199707
2009-05-18,6.726361274719238
2009-05-19,6.720590591430664
2009-05-20,6.737914562225342
2009-05-21,6.6917195320129395
2009-05-22,6.662857532501221
2009-05-26,6.628211498260498
2009-05-27,6.587798595428467
2009-05-28,6.59357213973999
2009-05-29,6.6636223793029785
2009-06-01,6.594150066375732
2009-06-02,6.605729579925537
2009-06-03,6.634682655334473
2009-06-04,6.582571983337402
2009-06-05,6.518886566162109
2009-06-08,6.495730400085449
2009-06-09,6.518886566162109
2009-06-10,6.501519680023193
2009-06-11,6.524674892425537
2009-06-12,6.542045593261719
2009-06-15,6.56520414352417
2009-06-16,6.582571983337402
2009-06-17,6.576778888702393
2009-06-18,6.524674892425537
2009-06-19,6.542045593261719
2009-06-22,6.56520414352417
2009-06-23,6.582571983337402
2009-06-24,6.559409141540527
2009-06-25,6.617307662963867
2009-06-26,6.623096466064453
2009-06-29,6.628880977630615
2009-06-30,6.6387529373168945
2009-07-01,6.644551753997803
2009-07-02,6.661962985992432
2009-07-06,6.667767524719238
2009-07-07,6.6851806640625
2009-07-08,6.731601715087891
2009-07-09,6.708388328552246
2009-07-10,6.731601715087891
2009-07-13,6.714191913604736
2009-07-14,6.690978050231934
2009-07-15,6.632948398590088
2009-07-16,6.656163215637207
2009-07-17,6.632948398590088
2009-07-20,6.650361061096191
2009-07-21,6.696781158447266
2009-07-22,6.67357063293457
2009-07-23,6.621346950531006
2009-07-24,6.632948398590088
2009-07-27,6.6097412109375
2009-07-28,6.6097412109375
2009-07-29,6.603930473327637
2009-07-30,6.621346950531006
2009-07-31,6.678350925445557
2009-08-03,6.631814002990723
2009-08-04,6.620178699493408
2009-08-05,6.602724075317383
2009-08-06,6.602724075317383
2009-08-07,6.5736403465271
2009-08-10,6.602724075317383
2009-08-11,6.625996112823486
2009-08-12,6.620178699493408
2009-08-13,6.655082702636719
2009-08-14,6.66671895980835
2009-08-17,6.701622486114502
2009-08-18,6.684168338775635
2009-08-19,6.695800304412842
2009-08-20,6.7074408531188965
2009-08-21,6.660900115966797
2009-08-24,6.689986228942871
2009-08-25,6.695800304412842
2009-08-26,6.701622486114502
2009-08-27,6.689986228942871
2009-08-28,6.7074408531188965
2009-08-31,6.737773418426514
2009-09-01,6.755280017852783
2009-09-02,6.7786102294921875
2009-09-03,6.7669453620910645
2009-09-04,6.743609428405762
2009-09-08,6.737773418426514
2009-09-09,6.737773418426514
2009-09-10,6.7669453620910645
2009-09-11,6.7786102294921875
2009-09-14,6.749436855316162
2009-09-15,6.737773418426514
2009-09-16,6.731942176818848
2009-09-17,6.755280017852783
2009-09-18,6.726108074188232
2009-09-21,6.726108074188232
2009-09-22,6.737773418426514
2009-09-23,6.749436855316162
2009-09-24,6.761109352111816
2009-09-25,6.772772312164307
2009-09-28,6.7844414710998535
2009-09-29,6.7786102294921875
2009-09-30,6.799652099609375
2009-10-01,6.8347368240356445
2009-10-02,6.828892707824707
2009-10-05,6.828892707824707
2009-10-06,6.817191123962402
2009-10-07,6.846433639526367
2009-10-08,6.828892707824707
2009-10-09,6.782120227813721
2009-10-12,6.7938127517700195
2009-10-13,6.811354637145996
2009-10-14,6.782120227813721
2009-10-15,6.764577388763428
2009-10-16,6.782120227813721
2009-10-19,6.7938127517700195
2009-10-20,6.805500507354736
2009-10-21,6.7879638671875
2009-10-22,6.776276111602783
2009-10-23,6.747036933898926
2009-10-26,6.729497909545898
2009-10-27,6.770421504974365
2009-10-28,6.782120227813721
2009-10-29,6.764577388763428
2009-10-30,6.816739559173584
2009-11-02,6.810884952545166
2009-11-03,6.799163341522217
2009-11-04,6.787439823150635
2009-11-05,6.793299674987793
2009-11-06,6.810884952545166
2009-11-09,6.816739559173584
2009-11-10,6.816739559173584
2009-11-11,6.82846736907959
2009-11-12,6.82846736907959
2009-11-13,6.82846736907959
2009-11-16,6.857776165008545
2009-11-17,6.863636493682861
2009-11-18,6.857776165008545
2009-11-19,6.863636493682861
2009-11-20,6.857776165008545
2009-11-23,6.857776165008545
2009-11-24,6.887083053588867
2009-11-25,6.904659748077393
2009-11-27,6.928104400634766
2009-11-30,6.950433254241943
2009-12-01,6.932809829711914
2009-12-02,6.915186882019043
2009-12-03,6.897552013397217
2009-12-04,6.850556373596191
2009-12-07,6.874053478240967
2009-12-08,6.891681671142578
2009-12-09,6.885811805725098
2009-12-10,6.862308025360107
2009-12-11,6.83880615234375
2009-12-14,6.83293342590332
2009-12-15,6.8211798667907715
2009-12-16,6.815305709838867
2009-12-17,6.862308025360107
2009-12-18,6.83880615234375
2009-12-21,6.785929203033447
2009-12-22,6.768301963806152
2009-12-23,6.762429237365723
2009-12-24,6.738923072814941
2009-12-28,6.727174282073975
2009-12-29,6.733047962188721
2009-12-30,6.739710807800293
2009-12-31,6.733031749725342
2010-01-04,6.745173454284668
2010-01-05,6.76945686340332
2010-01-06,6.7512431144714355
2010-01-07,6.7512431144714355
2010-01-08,6.757318019866943
2010-01-11,6.757318019866943
2010-01-12,6.7998151779174805
2010-01-13,6.775529861450195
2010-01-14,6.793745040893555
2010-01-15,6.811956405639648
2010-01-19,6.805887222290039
2010-01-20,6.818029880523682
2010-01-21,6.836244106292725
2010-01-22,6.842315196990967
2010-01-25,6.830172061920166
2010-01-26,6.836244106292725
2010-01-27,6.8241047859191895
2010-01-28,6.830172061920166
2010-01-29,6.865479469299316
2010-02-01,6.8472161293029785
2010-02-02,6.853301525115967
2010-02-03,6.8350396156311035
2010-02-04,6.8776445388793945
2010-02-05,6.889819145202637
2010-02-08,6.889819145202637
2010-02-09,6.865479469299316
2010-02-10,6.8472161293029785
2010-02-11,6.841127872467041
2010-02-12,6.853301525115967
2010-02-16,6.865479469299316
2010-02-17,6.8350396156311035
2010-02-18,6.816780090332031
2010-02-19,6.810697078704834
2010-02-22,6.810697078704834
2010-02-23,6.8472161293029785
2010-02-24,6.8472161293029785
2010-02-25,6.865479469299316
2010-02-26,6.893538475036621
2010-03-01,6.8996381759643555
2010-03-02,6.8996381759643555
2010-03-03,6.8996381759643555
2010-03-04,6.8996381759643555
2010-03-05,6.8752312660217285
2010-03-08,6.863033771514893
2010-03-09,6.8752312660217285
2010-03-10,6.863033771514893
2010-03-11,6.856934547424316
2010-03-12,6.856934547424316
2010-03-15,6.856934547424316
2010-03-16,6.8752312660217285
2010-03-17,6.881336212158203
2010-03-18,6.863033771514893
2010-03-19,6.856934547424316
2010-03-22,6.869136810302734
2010-03-23,6.863033771514893
2010-03-24,6.808127403259277
2010-03-25,6.795930862426758
2010-03-26,6.8020195960998535
2010-03-29,6.80141544342041
2010-03-30,6.80141544342041
2010-03-31,6.830897808074951
2010-04-01,6.824759006500244
2010-04-05,6.775622367858887
2010-04-06,6.787901878356934
2010-04-07,6.818619251251221
2010-04-08,6.81247615814209
2010-04-09,6.81247615814209
2010-04-12,6.830897808074951
2010-04-13,6.837042808532715
2010-04-14,6.824759006500244
2010-04-15,6.837042808532715
2010-04-16,6.861617565155029
2010-04-19,6.8493242263793945
2010-04-20,6.8493242263793945
2010-04-21,6.861617565155029
2010-04-22,6.8493242263793945
2010-04-23,6.830897808074951
2010-04-26,6.837042808532715
2010-04-27,6.892333030700684
2010-04-28,6.861617565155029
2010-04-29,6.867757797241211
2010-04-30,6.9151740074157715
2010-05-03,6.896700382232666
2010-05-04,6.927488803863525
2010-05-05,6.95212459564209
2010-05-06,7.001383304595947
2010-05-07,6.989068984985352
2010-05-10,6.95212459564209
2010-05-11,6.958278656005859
2010-05-12,6.945964336395264
2010-05-13,6.958278656005859
2010-05-14,6.989068984985352
2010-05-17,6.97675085067749
2010-05-18,7.013700008392334
2010-05-19,7.007547855377197
2010-05-20,7.056809902191162
2010-05-21,7.0506415367126465
2010-05-24,7.044490337371826
2010-05-25,7.056809902191162
2010-05-26,7.044490337371826
2010-05-27,7.001383304595947
2010-05-28,7.043357849121094
2010-06-01,7.055696964263916
2010-06-02,7.024845123291016
2010-06-03,7.018668174743652
2010-06-04,7.08039665222168
2010-06-07,7.098918914794922
2010-06-08,7.08039665222168
2010-06-09,7.08656644821167
2010-06-10,7.037186145782471
2010-06-11,7.068048477172852
2010-06-14,7.061877727508545
2010-06-15,7.049539566040039
2010-06-16,7.061877727508545
2010-06-17,7.08039665222168
2010-06-18,7.074229717254639
2010-06-21,7.068048477172852
2010-06-22,7.098918914794922
2010-06-23,7.111262321472168
2010-06-24,7.111262321472168
2010-06-25,7.12360954284668
2010-06-28,7.1482977867126465
2010-06-29,7.1729912757873535
2010-06-30,7.189079284667969
2010-07-01,7.182893753051758
2010-07-02,7.1767072677612305
2010-07-06,7.189079284667969
2010-07-07,7.1767072677612305
2010-07-08,7.17051887512207
2010-07-09,7.158143520355225
2010-07-12,7.164332866668701
2010-07-13,7.13958215713501
2010-07-14,7.17051887512207
2010-07-15,7.189079284667969
2010-07-16,7.220011234283447
2010-07-19,7.2076334953308105
2010-07-20,7.213828086853027
2010-07-21,7.238565444946289
2010-07-22,7.220011234283447
2010-07-23,7.201456069946289
2010-07-26,7.195262908935547
2010-07-27,7.1767072677612305
2010-07-28,7.2076334953308105
2010-07-29,7.220011234283447
2010-07-30,7.266513347625732
2010-08-02,7.247912883758545
2010-08-03,7.278911113739014
2010-08-04,7.260308265686035
2010-08-05,7.278911113739014
2010-08-06,7.303708076477051
2010-08-09,7.297514915466309
2010-08-10,7.328516006469727
2010-08-11,7.347116470336914
2010-08-12,7.328516006469727
2010-08-13,7.347116470336914
2010-08-16,7.378110408782959
2010-08-17,7.359513759613037
2010-08-18,7.3533172607421875
2010-08-19,7.371914386749268
2010-08-20,7.347116470336914
2010-08-23,7.359513759613037
2010-08-24,7.390515327453613
2010-08-25,7.371914386749268
2010-08-26,7.390515327453613
2010-08-27,7.334713935852051
2010-08-30,7.378110408782959
2010-08-31,7.411661624908447
2010-09-01,7.380599021911621
2010-09-02,7.361962795257568
2010-09-03,7.337108612060547
2010-09-07,7.374385833740234
2010-09-08,7.355743408203125
2010-09-09,7.318467617034912
2010-09-10,7.306045055389404
2010-09-13,7.330896854400635
2010-09-14,7.355743408203125
2010-09-15,7.343325138092041
2010-09-16,7.330896854400635
2010-09-17,7.343325138092041
2010-09-20,7.355743408203125
2010-09-21,7.39923620223999
2010-09-22,7.39923620223999
2010-09-23,7.405450344085693
2010-09-24,7.386812210083008
2010-09-27,7.417877674102783
2010-09-28,7.43651008605957
2010-09-29,7.430305480957031
2010-09-30,7.4390177726745605
2010-10-01,7.445244789123535
2010-10-04,7.457686901092529
2010-10-05,7.463916301727295
2010-10-06,7.488814830780029
2010-10-07,7.49503755569458
2010-10-08,7.5012617111206055
2010-10-11,7.5012617111206055
2010-10-12,7.488814830780029
2010-10-13,7.49503755569458
2010-10-14,7.463916301727295
2010-10-15,7.451464653015137
2010-10-18,7.476362228393555
2010-10-19,7.488814830780029
2010-10-20,7.488814830780029
2010-10-21,7.463916301727295
2010-10-22,7.463916301727295
2010-10-25,7.457686901092529
2010-10-26,7.426566123962402
2010-10-27,7.395441055297852
2010-10-28,7.4327921867370605
2010-10-29,7.472709655761719
2010-11-01,7.472709655761719
2010-11-02,7.4789533615112305
2010-11-03,7.503900527954102
2010-11-04,7.535094261169434
2010-11-05,7.510133743286133
2010-11-08,7.503900527954102
2010-11-09,7.460240364074707
2010-11-10,7.472709655761719
2010-11-11,7.466476917266846
2010-11-12,7.422806262969971
2010-11-15,7.354190826416016
2010-11-16,7.385384559631348
2010-11-17,7.372910976409912
2010-11-18,7.360432147979736
2010-11-19,7.360432147979736
2010-11-22,7.391622066497803
2010-11-23,7.404096603393555
2010-11-24,7.347951412200928
2010-11-26,7.360432147979736
2010-11-29,7.372910976409912
2010-11-30,7.399160385131836
2010-12-01,7.330408573150635
2010-12-02,7.317916393280029
2010-12-03,7.330408573150635
2010-12-06,7.361658573150635
2010-12-07,7.2804155349731445
2010-12-08,7.230422496795654
2010-12-09,7.224174499511719
2010-12-10,7.192924976348877
2010-12-13,7.21167516708374
2010-12-14,7.167926788330078
2010-12-15,7.149186611175537
2010-12-16,7.167926788330078
2010-12-17,7.205427169799805
2010-12-20,7.21167516708374
2010-12-21,7.21167516708374
2010-12-22,7.199181079864502
2010-12-23,7.180434703826904
2010-12-27,7.186681747436523
2010-12-28,7.1429314613342285
2010-12-29,7.199181079864502
2010-12-30,7.18898868560791
2010-12-31,7.2298264503479
2011-01-03,7.217065811157227
2011-01-04,7.223450183868408
2011-01-05,7.172398090362549
2011-01-06,7.1915388107299805
2011-01-07,7.2298264503479
2011-01-10,7.248974323272705
2011-01-11,7.2298264503479
2011-01-12,7.223450183868408
2011-01-13,7.248974323272705
2011-01-14,7.24259614944458
2011-01-18,7.2298264503479
2011-01-19,7.236210346221924
2011-01-20,7.197927951812744
2011-01-21,7.210684776306152
2011-01-24,7.210684776306152
2011-01-25,7.236210346221924
2011-01-26,7.210684776306152
2011-01-27,7.2298264503479
2011-01-28,7.248974323272705
2011-01-31,7.250890254974365
2011-02-01,7.225316047668457
2011-02-02,7.206130504608154
2011-02-03,7.174164295196533
2011-02-04,7.142193794250488
2011-02-07,7.135794639587402
2011-02-08,7.103826999664307
2011-02-09,7.123013496398926
2011-02-10,7.103826999664307
2011-02-11,7.123013496398926
2011-02-14,7.123013496398926
2011-02-15,7.129401206970215
2011-02-16,7.123013496398926
2011-02-17,7.142193794250488
2011-02-18,7.148586750030518
2011-02-22,7.1933465003967285
2011-02-23,7.180551528930664
2011-02-24,7.186952114105225
2011-02-25,7.199740409851074
2011-02-28,7.219595432281494
2011-03-01,7.226007461547852
2011-03-02,7.206787586212158
2011-03-03,7.1619439125061035
2011-03-04,7.206787586212158
2011-03-07,7.200383186340332
2011-03-08,7.1875691413879395
2011-03-09,7.213194370269775
2011-03-10,7.251632213592529
2011-03-11,7.245223045349121
2011-03-14,7.264441967010498
2011-03-15,7.270853042602539
2011-03-16,7.315697193145752
2011-03-17,7.29646635055542
2011-03-18,7.283656120300293
2011-03-21,7.258033752441406
2011-03-22,7.255471229553223
2011-03-23,7.249056339263916
2011-03-24,7.223423480987549
2011-03-25,7.210601329803467
2011-03-28,7.204196453094482
2011-03-29,7.19137716293335
2011-03-30,7.210601329803467
2011-03-31,7.211241722106934
2011-04-01,7.211241722106934
2011-04-04,7.23051643371582
2011-04-05,7.2048234939575195
2011-04-06,7.179136753082275
2011-04-07,7.191984176635742
2011-04-08,7.179136753082275
2011-04-11,7.185556888580322
2011-04-12,7.2176713943481445
2011-04-13,7.23051643371582
2011-04-14,7.2176713943481445
2011-04-15,7.249776840209961
2011-04-18,7.269040584564209
2011-04-19,7.269040584564209
2011-04-20,7.256196975708008
2011-04-21,7.256196975708008
2011-04-25,7.269040584564209
2011-04-26,7.288304328918457
2011-04-27,7.281879425048828
2011-04-28,7.307567596435547
2011-04-29,7.326862812042236
2011-05-02,7.326862812042236
2011-05-03,7.3332977294921875
2011-05-04,7.346165657043457
2011-05-05,7.365459442138672
2011-05-06,7.371896266937256
2011-05-09,7.384755611419678
2011-05-10,7.359025478363037
2011-05-11,7.371896266937256
2011-05-12,7.365459442138672
2011-05-13,7.3783278465271
2011-05-16,7.39762544631958
2011-05-17,7.404057025909424
2011-05-18,7.384755611419678
2011-05-19,7.384755611419678
2011-05-20,7.39762544631958
2011-05-23,7.404057025909424
2011-05-24,7.404057025909424
2011-05-25,7.410491943359375
2011-05-26,7.436219692230225
2011-05-27,7.436219692230225
2011-05-31,7.456203460693359
2011-06-01,7.494863986968994
2011-06-02,7.469088554382324
2011-06-03,7.488421440124512
2011-06-06,7.488421440124512
2011-06-07,7.5013108253479
2011-06-08,7.514199256896973
2011-06-09,7.488421440124512
2011-06-10,7.5013108253479
2011-06-13,7.494863986968994
2011-06-14,7.456203460693359
2011-06-15,7.5013108253479
2011-06-16,7.514199256896973
2011-06-17,7.514199256896973
2011-06-20,7.507755756378174
2011-06-21,7.5013108253479
2011-06-22,7.5013108253479
2011-06-23,7.5270843505859375
2011-06-24,7.552865505218506
2011-06-27,7.5335307121276855
2011-06-28,7.475532054901123
2011-06-29,7.449753284454346
2011-06-30,7.443943023681641
2011-07-01,7.43103551864624
2011-07-05,7.46331262588501
2011-07-06,7.476227760314941
2011-07-07,7.443943023681641
2011-07-08,7.502045154571533
2011-07-11,7.5407843589782715
2011-07-12,7.547245502471924
2011-07-13,7.553695201873779
2011-07-14,7.534331798553467
2011-07-15,7.553695201873779
2011-07-18,7.553695201873779
2011-07-19,7.560157299041748
2011-07-20,7.5407843589782715
2011-07-21,7.514960289001465
2011-07-22,7.527873992919922
2011-07-25,7.514960289001465
2011-07-26,7.534331798553467
2011-07-27,7.521420001983643
2011-07-28,7.534331798553467
2011-07-29,7.606123924255371
2011-08-01,7.6255269050598145
2011-08-02,7.6707987785339355
2011-08-03,7.664328575134277
2011-08-04,7.722545146942139
2011-08-05,7.664328575134277
2011-08-08,7.729006767272949
2011-08-09,7.767816066741943
2011-08-10,7.82603120803833
2011-08-11,7.767816066741943
2011-08-12,7.800154209136963
2011-08-15,7.780749797821045
2011-08-16,7.806623935699463
2011-08-17,7.82603120803833
2011-08-18,7.838960647583008
2011-08-19,7.838960647583008
2011-08-22,7.82603120803833
2011-08-23,7.806623935699463
2011-08-24,7.767816066741943
2011-08-25,7.793688774108887
2011-08-26,7.806623935699463
2011-08-29,7.780749797821045
2011-08-30,7.813092231750488
2011-08-31,7.81179666519165
2011-09-01,7.844186305999756
2011-09-02,7.87009334564209
2011-09-06,7.87009334564209
2011-09-07,7.8506574630737305
2011-09-08,7.87009334564209
2011-09-09,7.896000862121582
2011-09-12,7.8765716552734375
2011-09-13,7.87009334564209
2011-09-14,7.863616466522217
2011-09-15,7.837711811065674
2011-09-16,7.844186305999756
2011-09-19,7.883047580718994
2011-09-20,7.883047580718994
2011-09-21,7.889524459838867
2011-09-22,7.934865474700928
2011-09-23,7.889524459838867
2011-09-26,7.863616466522217
2011-09-27,7.837711811065674
2011-09-28,7.837711811065674
2011-09-29,7.837711811065674
2011-09-30,7.868845462799072
2011-10-03,7.907763957977295
2011-10-04,7.888306140899658
2011-10-05,7.868845462799072
2011-10-06,7.8299174308776855
2011-10-07,7.803976535797119
2011-10-10,7.765050411224365
2011-10-11,7.7715349197387695
2011-10-12,7.7585577964782715
2011-10-13,7.7780232429504395
2011-10-14,7.765050411224365
2011-10-17,7.790999889373779
2011-10-18,7.790999889373779
2011-10-19,7.797488689422607
2011-10-20,7.784509181976318
2011-10-21,7.784509181976318
2011-10-24,7.7715349197387695
2011-10-25,7.816945552825928
2011-10-26,7.784509181976318
2011-10-27,7.7326178550720215
2011-10-28,7.7585577964782715
2011-10-31,7.835879802703857
2011-11-01,7.881363391876221
2011-11-02,7.881363391876221
2011-11-03,7.861877918243408
2011-11-04,7.874865531921387
2011-11-07,7.874865531921387
2011-11-08,7.855374813079834
2011-11-09,7.881363391876221
2011-11-10,7.861877918243408
2011-11-11,7.848877429962158
2011-11-14,7.868373394012451
2011-11-15,7.861877918243408
2011-11-16,7.874865531921387
2011-11-17,7.881363391876221
2011-11-18,7.861877918243408
2011-11-21,7.868373394012451
2011-11-22,7.881363391876221
2011-11-23,7.894357681274414
2011-11-25,7.868373394012451
2011-11-28,7.874865531921387
2011-11-29,7.868373394012451
2011-11-30,7.8592610359191895
2011-12-01,7.8592610359191895
2011-12-02,7.878782272338867
2011-12-05,7.878782272338867
2011-12-06,7.865767002105713
2011-12-07,7.891789436340332
2011-12-08,7.9113078117370605
2011-12-09,7.885283470153809
2011-12-12,7.898298263549805
2011-12-13,7.9113078117370605
2011-12-14,7.924318790435791
2011-12-15,7.917818069458008
2011-12-16,7.937329292297363
2011-12-19,7.943838596343994
2011-12-20,7.9113078117370605
2011-12-21,7.898298263549805
2011-12-22,7.898298263549805
2011-12-23,7.872279644012451
2011-12-27,7.878782272338867
2011-12-28,7.904802322387695
2011-12-29,7.9149675369262695
2011-12-30,7.938718795776367
2012-01-03,7.918360710144043
2012-01-04,7.9115777015686035
2012-01-05,7.9115777015686035
2012-01-06,7.92514181137085
2012-01-09,7.931933879852295
2012-01-10,7.92514181137085
2012-01-11,7.945506572723389
2012-01-12,7.938718795776367
2012-01-13,7.959069728851318
2012-01-17,7.965853691101074
2012-01-18,7.952286720275879
2012-01-19,7.92514181137085
2012-01-20,7.904791831970215
2012-01-23,7.898012161254883
2012-01-24,7.898012161254883
2012-01-25,7.931933879852295
2012-01-26,7.959069728851318
2012-01-27,7.965853691101074
2012-01-30,7.97943115234375
2012-01-31,8.003202438354492
2012-02-01,7.996414661407471
2012-02-02,7.996414661407471
2012-02-03,7.969235420227051
2012-02-06,7.97602653503418
2012-02-07,7.948858737945557
2012-02-08,7.948858737945557
2012-02-09,7.935263156890869
2012-02-10,7.955653667449951
2012-02-13,7.955653667449951
2012-02-14,7.962444305419922
2012-02-15,7.969235420227051
2012-02-16,7.942063808441162
2012-02-17,7.935263156890869
2012-02-21,7.921682834625244
2012-02-22,7.942063808441162
2012-02-23,7.942063808441162
2012-02-24,7.942063808441162
2012-02-27,7.955653667449951
2012-02-28,7.962444305419922
2012-02-29,7.95088529586792
2012-03-01,7.937280654907227
2012-03-02,7.957680702209473
2012-03-05,7.95088529586792
2012-03-06,7.971284866333008
2012-03-07,7.957680702209473
2012-03-08,7.944081783294678
2012-03-09,7.944081783294678
2012-03-12,7.937280654907227
2012-03-13,7.903269290924072
2012-03-14,7.842055797576904
2012-03-15,7.84885835647583
2012-03-16,7.842055797576904
2012-03-19,7.814855098724365
2012-03-20,7.808047294616699
2012-03-21,7.835258483886719
2012-03-22,7.842055797576904
2012-03-23,7.8556623458862305
2012-03-26,7.8556623458862305
2012-03-27,7.882871627807617
2012-03-28,7.876070022583008
2012-03-29,7.896474838256836
2012-03-30,7.887561321258545
2012-04-02,7.901261806488037
2012-04-03,7.8601555824279785
2012-04-04,7.887561321258545
2012-04-05,7.901261806488037
2012-04-09,7.949243068695068
2012-04-10,7.976647853851318
2012-04-11,7.956089973449707
2012-04-12,7.949243068695068
2012-04-13,7.976647853851318
2012-04-16,7.976647853851318
2012-04-17,7.969792366027832
2012-04-18,7.976647853851318
2012-04-19,7.983503341674805
2012-04-20,7.976647853851318
2012-04-23,7.990356922149658
2012-04-24,7.976647853851318
2012-04-25,7.976647853851318
2012-04-26,7.990356922149658
2012-04-27,7.997207164764404
2012-04-30,8.006123542785645
2012-05-01,7.999266624450684
2012-05-02,8.006123542785645
2012-05-03,8.006123542785645
2012-05-04,8.019845008850098
2012-05-07,8.019845008850098
2012-05-08,8.026705741882324
2012-05-09,8.033568382263184
2012-05-10,8.026705741882324
2012-05-11,8.033568382263184
2012-05-14,8.054143905639648
2012-05-15,8.047284126281738
2012-05-16,8.047284126281738
2012-05-17,8.061009407043457
2012-05-18,8.054143905639648
2012-05-21,8.047284126281738
2012-05-22,8.040423393249512
2012-05-23,8.047284126281738
2012-05-24,8.040423393249512
2012-05-25,8.047284126281738
2012-05-29,8.040423393249512
2012-05-30,8.081592559814453
2012-05-31,8.105631828308105
2012-06-01,8.133100509643555
2012-06-04,8.105631828308105
2012-06-05,8.098767280578613
2012-06-06,8.07128620147705
2012-06-07,8.078160285949707
2012-06-08,8.078160285949707
2012-06-11,8.091897964477539
2012-06-12,8.06441879272461
2012-06-13,8.085026741027832
2012-06-14,8.078160285949707
2012-06-15,8.098767280578613
2012-06-18,8.098767280578613
2012-06-19,8.085026741027832
2012-06-20,8.07128620147705
2012-06-21,8.078160285949707
2012-06-22,8.06441879272461
2012-06-25,8.085026741027832
2012-06-26,8.07128620147705
2012-06-27,8.078160285949707
2012-06-28,8.091897964477539
2012-06-29,8.087767601013184
2012-07-02,8.10840129852295
2012-07-03,8.101524353027344
2012-07-05,8.10840129852295
2012-07-06,8.122154235839844
2012-07-09,8.135907173156738
2012-07-10,8.135907173156738
2012-07-11,8.129032135009766
2012-07-12,8.135907173156738
2012-07-13,8.135907173156738
2012-07-16,8.149665832519531
2012-07-17,8.135907173156738
2012-07-18,8.142780303955078
2012-07-19,8.142780303955078
2012-07-20,8.156543731689453
2012-07-23,8.163416862487793
2012-07-24,8.170295715332031
2012-07-25,8.170295715332031
2012-07-26,8.163416862487793
2012-07-27,8.129032135009766
2012-07-30,8.142780303955078
2012-07-31,8.157244682312012
2012-08-01,8.143465995788574
2012-08-02,8.157244682312012
2012-08-03,8.129704475402832
2012-08-06,8.136591911315918
2012-08-07,8.109054565429688
2012-08-08,8.102174758911133
2012-08-09,8.095288276672363
2012-08-10,8.109054565429688
2012-08-13,8.109054565429688
2012-08-14,8.088406562805176
2012-08-15,8.060873031616211
2012-08-16,8.047106742858887
2012-08-17,8.060873031616211
2012-08-20,8.060873031616211
2012-08-21,8.060873031616211
2012-08-22,8.102174758911133
2012-08-23,8.109054565429688
2012-08-24,8.102174758911133
2012-08-27,8.115941047668457
2012-08-28,8.122823715209961
2012-08-29,8.115941047668457
2012-08-30,8.129704475402832
2012-08-31,8.16553783416748
2012-09-04,8.158644676208496
2012-09-05,8.151752471923828
2012-09-06,8.12419319152832
2012-09-07,8.13107967376709
2012-09-10,8.13797664642334
2012-09-11,8.12419319152832
2012-09-12,8.110406875610352
2012-09-13,8.12419319152832
2012-09-14,8.089740753173828
2012-09-17,8.096631050109863
2012-09-18,8.10351848602295
2012-09-19,8.110406875610352
2012-09-20,8.110406875610352
2012-09-21,8.117300987243652
2012-09-24,8.13107967376709
2012-09-25,8.13797664642334
2012-09-26,8.158644676208496
2012-09-27,8.151752471923828
2012-09-28,8.160722732543945
2012-10-01,8.167624473571777
2012-10-02,8.167624473571777
2012-10-03,8.167624473571777
2012-10-04,8.153824806213379
2012-10-05,8.13313102722168
2012-10-08,8.146930694580078
2012-10-09,8.140031814575195
2012-10-10,8.140031814575195
2012-10-11,8.146930694580078
2012-10-12,8.146930694580078
2012-10-15,8.146930694580078
2012-10-16,8.126228332519531
2012-10-17,8.091743469238281
2012-10-18,8.084848403930664
2012-10-19,8.105538368225098
2012-10-22,8.084848403930664
2012-10-23,8.105538368225098
2012-10-24,8.098636627197266
2012-10-25,8.077943801879883
2012-10-26,8.105538368225098
2012-10-31,8.135229110717773
2012-11-01,8.128331184387207
2012-11-02,8.128331184387207
2012-11-05,8.142135620117188
2012-11-06,8.11451530456543
2012-11-07,8.155951499938965
2012-11-08,8.169763565063477
2012-11-09,8.169763565063477
2012-11-12,8.169763565063477
2012-11-13,8.17667007446289
2012-11-14,8.17667007446289
2012-11-15,8.17667007446289
2012-11-16,8.183577537536621
2012-11-19,8.169763565063477
2012-11-20,8.155951499938965
2012-11-21,8.14904499053955
2012-11-23,8.142135620117188
2012-11-26,8.14904499053955
2012-11-27,8.162858963012695
2012-11-28,8.169763565063477
2012-11-29,8.169763565063477
2012-11-30,8.18565845489502
2012-12-03,8.178750038146973
2012-12-04,8.18565845489502
2012-12-05,8.192577362060547
2012-12-06,8.192577362060547
2012-12-07,8.18565845489502
2012-12-10,8.18565845489502
2012-12-11,8.178750038146973
2012-12-12,8.164929389953613
2012-12-13,8.151094436645508
2012-12-14,8.15800952911377
2012-12-17,8.13726806640625
2012-12-18,8.116533279418945
2012-12-19,8.123445510864258
2012-12-20,8.123445510864258
2012-12-21,8.130355834960938
2012-12-24,8.130355834960938
2012-12-26,8.13726806640625
2012-12-27,8.144181251525879
2012-12-28,8.156710624694824
2012-12-31,8.152527809143066
2013-01-02,8.131628036499023
2013-01-03,8.10375690460205
2013-01-04,8.10375690460205
2013-01-07,8.110722541809082
2013-01-08,8.117690086364746
2013-01-09,8.12466049194336
2013-01-10,8.110722541809082
2013-01-11,8.12466049194336
2013-01-14,8.12466049194336
2013-01-15,8.131628036499023
2013-01-16,8.138594627380371
2013-01-17,8.117690086364746
2013-01-18,8.12466049194336
2013-01-22,8.131628036499023
2013-01-23,8.131628036499023
2013-01-24,8.12466049194336
2013-01-25,8.089821815490723
2013-01-28,8.082852363586426
2013-01-29,8.075884819030762
2013-01-30,8.082852363586426
2013-01-31,8.092619895935059
2013-02-01,8.07866382598877
2013-02-04,8.106565475463867
2013-02-05,8.092619895935059
2013-02-06,8.106565475463867
2013-02-07,8.106565475463867
2013-02-08,8.106565475463867
2013-02-11,8.099597930908203
2013-02-12,8.092619895935059
2013-02-13,8.07866382598877
2013-02-14,8.099597930908203
2013-02-15,8.092619895935059
2013-02-19,8.085643768310547
2013-02-20,8.092619895935059
2013-02-21,8.106565475463867
2013-02-22,8.106565475463867
2013-02-25,8.141454696655273
2013-02-26,8.141454696655273
2013-02-27,8.141454696655273
2013-02-28,8.150533676147461
2013-03-01,8.16450023651123
2013-03-04,8.150533676147461
2013-03-05,8.150533676147461
2013-03-06,8.129578590393066
2013-03-07,8.115606307983398
2013-03-08,8.08767318725586
2013-03-11,8.08767318725586
2013-03-12,8.101644515991211
2013-03-13,8.101644515991211
2013-03-14,8.101644515991211
2013-03-15,8.115606307983398
2013-03-18,8.129578590393066
2013-03-19,8.143549919128418
2013-03-20,8.129578590393066
2013-03-21,8.13656234741211
2013-03-22,8.13656234741211
2013-03-25,8.143549919128418
2013-03-26,8.143549919128418
2013-03-27,8.16450023651123
2013-03-28,8.172897338867188
2013-04-01,8.172897338867188
2013-04-02,8.165899276733398
2013-04-03,8.186887741088867
2013-04-04,8.200884819030762
2013-04-05,8.207880973815918
2013-04-08,8.200884819030762
2013-04-09,8.200884819030762
2013-04-10,8.186887741088867
2013-04-11,8.186887741088867
2013-04-12,8.207880973815918
2013-04-15,8.214885711669922
2013-04-16,8.200884819030762
2013-04-17,8.207880973815918
2013-04-18,8.207880973815918
2013-04-19,8.200884819030762
2013-04-22,8.207880973815918
2013-04-23,8.207880973815918
2013-04-24,8.207880973815918
2013-04-25,8.207880973815918
2013-04-26,8.221879005432129
2013-04-29,8.221879005432129
2013-04-30,8.230985641479492
2013-05-01,8.237984657287598
2013-05-02,8.237984657287598
2013-05-03,8.202964782714844
2013-05-06,8.19596004486084
2013-05-07,8.19596004486084
2013-05-08,8.19596004486084
2013-05-09,8.19596004486084
2013-05-10,8.167940139770508
2013-05-13,8.153929710388184
2013-05-14,8.139922142028809
2013-05-15,8.153929710388184
2013-05-16,8.174942016601562
2013-05-17,8.146921157836914
2013-05-20,8.146921157836914
2013-05-21,8.153929710388184
2013-05-22,8.118896484375
2013-05-23,8.125910758972168
2013-05-24,8.125910758972168
2013-05-28,8.069869995117188
2013-05-29,8.076871871948242
2013-05-30,8.076871871948242
2013-05-31,8.079682350158691
2013-06-03,8.079682350158691
2013-06-04,8.072667121887207
2013-06-05,8.086691856384277
2013-06-06,8.09370231628418
2013-06-07,8.058634757995605
2013-06-10,8.044607162475586
2013-06-11,8.051624298095703
2013-06-12,8.030580520629883
2013-06-13,8.065650939941406
2013-06-14,8.079682350158691
2013-06-17,8.072667121887207
2013-06-18,8.065650939941406
2013-06-19,7.988499164581299
2013-06-20,7.974471569061279
2013-06-21,7.918360710144043
2013-06-24,7.897327899932861
2013-06-25,7.897327899932861
2013-06-26,7.918360710144043
2013-06-27,7.9464216232299805
2013-06-28,7.948526859283447
2013-07-01,7.948526859283447
2013-07-02,7.955549716949463
2013-07-03,7.941502094268799
2013-07-05,7.857238292694092
2013-07-08,7.892350196838379
2013-07-09,7.89937686920166
2013-07-10,7.885329246520996
2013-07-11,7.941502094268799
2013-07-12,7.927456855773926
2013-07-15,7.948526859283447
2013-07-16,7.948526859283447
2013-07-17,7.969594478607178
2013-07-18,7.955549716949463
2013-07-19,7.976619720458984
2013-07-22,7.976619720458984
2013-07-23,7.969594478607178
2013-07-24,7.941502094268799
2013-07-25,7.948526859283447
2013-07-26,7.955549716949463
2013-07-29,7.948526859283447
2013-07-30,7.941502094268799
2013-07-31,7.958380222320557
2013-08-01,7.90916109085083
2013-08-02,7.958380222320557
2013-08-05,7.951348304748535
2013-08-06,7.951348304748535
2013-08-07,7.9654107093811035
2013-08-08,7.9654107093811035
2013-08-09,7.972437381744385
2013-08-12,7.958380222320557
2013-08-13,7.916197776794434
2013-08-14,7.916197776794434
2013-08-15,7.895101547241211
2013-08-16,7.874011516571045
2013-08-19,7.8529181480407715
2013-08-20,7.881041526794434
2013-08-21,7.845892429351807
2013-08-22,7.831826210021973
2013-08-23,7.859950542449951
2013-08-26,7.874011516571045
2013-08-27,7.902126789093018
2013-08-28,7.874011516571045
2013-08-29,7.881041526794434
2013-08-30,7.877519130706787
2013-09-03,7.856404781341553
2013-09-04,7.835281848907471
2013-09-05,7.793044090270996
2013-09-06,7.821202754974365
2013-09-09,7.842319965362549
2013-09-10,7.814167499542236
2013-09-11,7.842319965362549
2013-09-12,7.842319965362549
2013-09-13,7.849365711212158
2013-09-16,7.870484352111816
2013-09-17,7.877519130706787
2013-09-18,7.94791841506958
2013-09-19,7.926804542541504
2013-09-20,7.933842658996582
2013-09-23,7.940882205963135
2013-09-24,7.9620041847229
2013-09-25,7.976083755493164
2013-09-26,7.9620041847229
2013-09-27,7.976083755493164
2013-09-30,7.992994785308838
2013-10-01,7.9788994789123535
2013-10-02,7.992994785308838
2013-10-03,8.000049591064453
2013-10-04,7.9788994789123535
2013-10-07,7.985953330993652
2013-10-08,7.9788994789123535
2013-10-09,7.971855163574219
2013-10-10,7.964801788330078
2013-10-11,7.971855163574219
2013-10-14,7.957752227783203
2013-10-15,7.957752227783203
2013-10-16,7.9788994789123535
2013-10-17,8.007095336914062
2013-10-18,8.007095336914062
2013-10-21,8.000049591064453
2013-10-22,8.035284996032715
2013-10-23,8.035284996032715
2013-10-24,8.028236389160156
2013-10-25,8.035284996032715
2013-10-28,8.035284996032715
2013-10-29,8.042340278625488
2013-10-30,8.028236389160156
2013-10-31,8.031766891479492
2013-11-01,8.010600090026855
2013-11-04,8.017653465270996
2013-11-05,8.003536224365234
2013-11-06,8.017653465270996
2013-11-07,8.031766891479492
2013-11-08,7.982370376586914
2013-11-11,7.982370376586914
2013-11-12,7.9682488441467285
2013-11-13,7.989418983459473
2013-11-14,8.017653465270996
2013-11-15,8.010600090026855
2013-11-18,8.031766891479492
2013-11-19,8.010600090026855
2013-11-20,7.996479511260986
2013-11-21,7.996479511260986
2013-11-22,8.003536224365234
2013-11-25,8.010600090026855
2013-11-26,8.024709701538086
2013-11-27,8.010600090026855
2013-11-29,8.021200180053711
2013-12-02,7.999995708465576
2013-12-03,8.007061958312988
2013-12-04,7.9858598709106445
2013-12-05,7.9717254638671875
2013-12-06,7.9717254638671875
2013-12-09,7.9717254638671875
2013-12-10,7.992929458618164
2013-12-11,7.978792190551758
2013-12-12,7.957592964172363
2013-12-13,7.957592964172363
2013-12-16,7.957592964172363
2013-12-17,7.976037979125977
2013-12-18,7.954751014709473
2013-12-19,7.933465480804443
2013-12-20,7.933465480804443
2013-12-23,7.919273376464844
2013-12-24,7.897985935211182
2013-12-26,7.897985935211182
2013-12-27,7.897985935211182
2013-12-30,7.9121785163879395
2013-12-31,7.901519298553467
2014-01-02,7.915730953216553
2014-01-03,7.908625602722168
2014-01-06,7.922837734222412
2014-01-07,7.9299421310424805
2014-01-08,7.901519298553467
2014-01-09,7.908625602722168
2014-01-10,7.958363056182861
2014-01-13,7.972572326660156
2014-01-14,7.951257705688477
2014-01-15,7.937041759490967
2014-01-16,7.958363056182861
2014-01-17,7.958363056182861
2014-01-21,7.951257705688477
2014-01-22,7.937041759490967
2014-01-23,7.972572326660156
2014-01-24,7.993894577026367
2014-01-27,7.979680061340332
2014-01-28,7.986783504486084
2014-01-29,8.008102416992188
2014-01-30,8.000993728637695
2014-01-31,8.033016204833984
2014-02-03,8.061481475830078
2014-02-04,8.047245979309082
2014-02-05,8.033016204833984
2014-02-06,8.018786430358887
2014-02-07,8.040135383605957
2014-02-10,8.040135383605957
2014-02-11,8.011670112609863
2014-02-12,8.00455379486084
2014-02-13,8.02590274810791
2014-02-14,8.018786430358887
2014-02-18,8.033016204833984
2014-02-19,8.02590274810791
2014-02-20,8.011670112609863
2014-02-21,8.018786430358887
2014-02-24,8.011670112609863
2014-02-25,8.02590274810791
2014-02-26,8.047245979309082
2014-02-27,8.047245979309082
2014-02-28,8.050095558166504
2014-03-03,8.0714750289917
2014-03-04,8.042966842651367
2014-03-05,8.042966842651367
2014-03-06,8.021600723266602
2014-03-07,8.000229835510254
2014-03-10,8.00734806060791
2014-03-11,8.00734806060791
2014-03-12,8.021600723266602
2014-03-13,8.050095558166504
2014-03-14,8.050095558166504
2014-03-17,8.028725624084473
2014-03-18,8.042966842651367
2014-03-19,7.9859819412231445
2014-03-20,7.978858470916748
2014-03-21,7.9859819412231445
2014-03-24,7.978858470916748
2014-03-25,7.978858470916748
2014-03-26,8.000229835510254
2014-03-27,8.000229835510254
2014-03-28,7.9859819412231445
2014-03-31,8.001710891723633
2014-04-01,7.987406253814697
2014-04-02,7.965953826904297
2014-04-03,7.965953826904297
2014-04-04,8.001710891723633
2014-04-07,8.01601505279541
2014-04-08,8.023160934448242
2014-04-09,8.030316352844238
2014-04-10,8.05176830291748
2014-04-11,8.058919906616211
2014-04-14,8.044617652893066
2014-04-15,8.044617652893066
2014-04-16,8.030316352844238
2014-04-17,8.001710891723633
2014-04-21,8.001710891723633
2014-04-22,8.001710891723633
2014-04-23,8.008864402770996
2014-04-24,8.008864402770996
2014-04-25,8.01601505279541
2014-04-28,8.008864402770996
2014-04-29,8.008864402770996
2014-04-30,8.041081428527832
2014-05-01,8.05540657043457
2014-05-02,8.05540657043457
2014-05-05,8.04824161529541
2014-05-06,8.04824161529541
2014-05-07,8.0625638961792
2014-05-08,8.069726943969727
2014-05-09,8.069726943969727
2014-05-12,8.05540657043457
2014-05-13,8.069726943969727
2014-05-14,8.091205596923828
2014-05-15,8.105525016784668
2014-05-16,8.098370552062988
2014-05-19,8.098370552062988
2014-05-20,8.112690925598145
2014-05-21,8.105525016784668
2014-05-22,8.098370552062988
2014-05-23,8.105525016784668
2014-05-27,8.105525016784668
2014-05-28,8.127006530761719
2014-05-29,8.11984634399414
2014-05-30,8.124154090881348
2014-06-02,8.102635383605957
2014-06-03,8.081130027770996
2014-06-04,8.081130027770996
2014-06-05,8.088299751281738
2014-06-06,8.081130027770996
2014-06-09,8.073957443237305
2014-06-10,8.059614181518555
2014-06-11,8.066790580749512
2014-06-12,8.081130027770996
2014-06-13,8.073957443237305
2014-06-16,8.066790580749512
2014-06-17,8.045271873474121
2014-06-18,8.073957443237305
2014-06-19,8.066790580749512
2014-06-20,8.066790580749512
2014-06-23,8.059614181518555
2014-06-24,8.081130027770996
2014-06-25,8.088299751281738
2014-06-26,8.095465660095215
2014-06-27,8.102635383605957
2014-06-30,8.113409042358398
2014-07-01,8.099047660827637
2014-07-02,8.077509880065918
2014-07-03,8.063149452209473
2014-07-07,8.07032585144043
2014-07-08,8.091869354248047
2014-07-09,8.091869354248047
2014-07-10,8.10622501373291
2014-07-11,8.113409042358398
2014-07-14,8.099047660827637
2014-07-15,8.091869354248047
2014-07-16,8.091869354248047
2014-07-17,8.120591163635254
2014-07-18,8.10622501373291
2014-07-21,8.10622501373291
2014-07-22,8.113409042358398
2014-07-23,8.113409042358398
2014-07-24,8.091869354248047
2014-07-25,8.10622501373291
2014-07-28,8.099047660827637
2014-07-29,8.099047660827637
2014-07-30,8.07032585144043
2014-07-31,8.081830978393555
2014-08-01,8.117779731750488
2014-08-04,8.12497329711914
2014-08-05,8.117779731750488
2014-08-06,8.12497329711914
2014-08-07,8.1465482711792
2014-08-08,8.139350891113281
2014-08-11,8.139350891113281
2014-08-12,8.132166862487793
2014-08-13,8.1465482711792
2014-08-14,8.153736114501953
2014-08-15,8.168115615844727
2014-08-18,8.153736114501953
2014-08-19,8.153736114501953
2014-08-20,8.132166862487793
2014-08-21,8.139350891113281
2014-08-22,8.132166862487793
2014-08-25,8.132166862487793
2014-08-26,8.132166862487793
2014-08-27,8.1465482711792
2014-08-28,8.153736114501953
2014-08-29,8.16525936126709
2014-09-02,8.136455535888672
2014-09-03,8.14365291595459
2014-09-04,8.129254341125488
2014-09-05,8.129254341125488
2014-09-08,8.12205982208252
2014-09-09,8.107649803161621
2014-09-10,8.093250274658203
2014-09-11,8.093250274658203
2014-09-12,8.071645736694336
2014-09-15,8.086054801940918
2014-09-16,8.086054801940918
2014-09-17,8.071645736694336
2014-09-18,8.064445495605469
2014-09-19,8.078849792480469
2014-09-22,8.093250274658203
2014-09-23,8.100452423095703
2014-09-24,8.086054801940918
2014-09-25,8.107649803161621
2014-09-26,8.093250274658203
2014-09-29,8.107649803161621
2014-09-30,8.111978530883789
2014-10-01,8.155243873596191
2014-10-02,8.140822410583496
2014-10-03,8.133607864379883
2014-10-06,8.14803695678711
2014-10-07,8.17687702178955
2014-10-08,8.205718040466309
2014-10-09,8.198507308959961
2014-10-10,8.212931632995605
2014-10-13,8.23455810546875
2014-10-14,8.248983383178711
2014-10-15,8.292248725891113
2014-10-16,8.270610809326172
2014-10-17,8.256192207336426
2014-10-20,8.26340389251709
2014-10-21,8.256192207336426
2014-10-22,8.248983383178711
2014-10-23,8.227352142333984
2014-10-24,8.227352142333984
2014-10-27,8.23455810546875
2014-10-28,8.220138549804688
2014-10-29,8.191289901733398
2014-10-30,8.198507308959961
2014-10-31,8.202837944030762
2014-11-03,8.195619583129883
2014-11-04,8.195619583129883
2014-11-05,8.195619583129883
2014-11-06,8.181180953979492
2014-11-07,8.21728229522705
2014-11-10,8.195619583129883
2014-11-11,8.188403129577637
2014-11-12,8.188403129577637
2014-11-13,8.202837944030762
2014-11-14,8.210060119628906
2014-11-17,8.202837944030762
2014-11-18,8.210060119628906
2014-11-19,8.195619583129883
2014-11-20,8.202837944030762
2014-11-21,8.210060119628906
2014-11-24,8.21728229522705
2014-11-25,8.231722831726074
2014-11-26,8.238943099975586
2014-11-28,8.272209167480469
2014-12-01,8.264978408813477
2014-12-02,8.236053466796875
2014-12-03,8.228816986083984
2014-12-04,8.24328327178955
2014-12-05,8.207127571105957
2014-12-08,8.214351654052734
2014-12-09,8.236053466796875
2014-12-10,8.257742881774902
2014-12-11,8.24328327178955
2014-12-12,8.286665916442871
2014-12-15,8.257742881774902
2014-12-16,8.286665916442871
2014-12-17,8.245407104492188
2014-12-18,8.223681449890137
2014-12-19,8.230927467346191
2014-12-22,8.230927467346191
2014-12-23,8.194733619689941
2014-12-24,8.194733619689941
2014-12-26,8.194733619689941
2014-12-29,8.216448783874512
2014-12-30,8.223681449890137
2014-12-31,8.243264198303223
2015-01-02,8.265009880065918
2015-01-05,8.286761283874512
2015-01-06,8.323012351989746
2015-01-07,8.323012351989746
2015-01-08,8.308509826660156
2015-01-09,8.337519645690918
2015-01-12,8.352011680603027
2015-01-13,8.359258651733398
2015-01-14,8.388262748718262
2015-01-15,8.431766510009766
2015-01-16,8.388262748718262
2015-01-20,8.395512580871582
2015-01-21,8.373767852783203
2015-01-22,8.359258651733398
2015-01-23,8.388262748718262
2015-01-26,8.373767852783203
2015-01-27,8.381017684936523
2015-01-28,8.417263984680176
2015-01-29,8.402762413024902
2015-01-30,8.465932846069336
2015-02-02,8.451408386230469
2015-02-03,8.407842636108398
2015-02-04,8.422365188598633
2015-02-05,8.40058422088623
2015-02-06,8.327975273132324
2015-02-09,8.327975273132324
2015-02-10,8.313458442687988
2015-02-11,8.306197166442871
2015-02-12,8.320713996887207
2015-02-13,8.306197166442871
2015-02-17,8.262629508972168
2015-02-18,8.298940658569336
2015-02-19,8.284412384033203
2015-02-20,8.269893646240234
2015-02-23,8.29167652130127
2015-02-24,8.33524227142334
2015-02-25,8.33524227142334
2015-02-26,8.298940658569336
2015-02-27,8.331647872924805
2015-03-02,8.29529857635498
2015-03-03,8.280759811401367
2015-03-04,8.288029670715332
2015-03-05,8.29529857635498
2015-03-06,8.237140655517578
2015-03-09,8.258953094482422
2015-03-10,8.280759811401367
2015-03-11,8.288029670715332
2015-03-12,8.29529857635498
2015-03-13,8.288029670715332
2015-03-16,8.302572250366211
2015-03-17,8.309845924377441
2015-03-18,8.375268936157227
2015-03-19,8.34619426727295
2015-03-20,8.367998123168945
2015-03-23,8.375268936157227
2015-03-24,8.39708137512207
2015-03-25,8.375268936157227
2015-03-26,8.34619426727295
2015-03-27,8.360727310180664
2015-03-30,8.367998123168945
2015-03-31,8.395692825317383
2015-04-01,8.417558670043945
2015-04-02,8.402982711791992
2015-04-06,8.417558670043945
2015-04-07,8.417558670043945
2015-04-08,8.410276412963867
2015-04-09,8.388410568237305
2015-04-10,8.388410568237305
2015-04-13,8.395692825317383
2015-04-14,8.410276412963867
2015-04-15,8.417558670043945
2015-04-16,8.424846649169922
2015-04-17,8.432133674621582
2015-04-20,8.417558670043945
2015-04-21,8.410276412963867
2015-04-22,8.381121635437012
2015-04-23,8.402982711791992
2015-04-24,8.417558670043945
2015-04-27,8.410276412963867
2015-04-28,8.381121635437012
2015-04-29,8.366546630859375
2015-04-30,8.378223419189453
2015-05-01,8.349029541015625
2015-05-04,8.341731071472168
2015-05-05,8.334433555603027
2015-05-06,8.31253719329834
2015-05-07,8.327136039733887
2015-05-08,8.349029541015625
2015-05-11,8.30523681640625
2015-05-12,8.30523681640625
2015-05-13,8.30523681640625
2015-05-14,8.334433555603027
2015-05-15,8.356328010559082
2015-05-18,8.327136039733887
2015-05-19,8.297945976257324
2015-05-20,8.31253719329834
2015-05-21,8.341731071472168
2015-05-22,8.319838523864746
2015-05-26,8.341731071472168
2015-05-27,8.341731071472168
2015-05-28,8.349029541015625
2015-05-29,8.368030548095703
2015-06-01,8.346105575561523
2015-06-02,8.316871643066406
2015-06-03,8.273024559020996
2015-06-04,8.294953346252441
2015-06-05,8.258407592773438
2015-06-08,8.265711784362793
2015-06-09,8.251094818115234
2015-06-10,8.229172706604004
2015-06-11,8.265711784362793
2015-06-12,8.258407592773438
2015-06-15,8.273024559020996
2015-06-16,8.294953346252441
2015-06-17,8.302260398864746
2015-06-18,8.302260398864746
2015-06-19,8.324178695678711
2015-06-22,8.280328750610352
2015-06-23,8.273024559020996
2015-06-24,8.280328750610352
2015-06-25,8.273024559020996
2015-06-26,8.251094818115234
2015-06-29,8.309564590454102
2015-06-30,8.306638717651367
2015-07-01,8.277363777160645
2015-07-02,8.306638717651367
2015-07-06,8.335914611816406
2015-07-07,8.35054874420166
2015-07-08,8.372509002685547
2015-07-09,8.335914611816406
2015-07-10,8.29931640625
2015-07-13,8.277363777160645
2015-07-14,8.29931640625
2015-07-15,8.313956260681152
2015-07-16,8.313956260681152
2015-07-17,8.306638717651367
2015-07-20,8.292001724243164
2015-07-21,8.306638717651367
2015-07-22,8.306638717651367
2015-07-23,8.328593254089355
2015-07-24,8.328593254089355
2015-07-27,8.35054874420166
2015-07-28,8.335914611816406
2015-07-29,8.328593254089355
2015-07-30,8.328593254089355
2015-07-31,8.376956939697266
2015-08-03,8.391621589660645
2015-08-04,8.354975700378418
2015-08-05,8.332990646362305
2015-08-06,8.347651481628418
2015-08-07,8.362305641174316
2015-08-10,8.347651481628418
2015-08-11,8.384292602539062
2015-08-12,8.384292602539062
2015-08-13,8.362305641174316
2015-08-14,8.354975700378418
2015-08-17,8.36963939666748
2015-08-18,8.362305641174316
2015-08-19,8.398955345153809
2015-08-20,8.406277656555176
2015-08-21,8.428267478942871
2015-08-24,8.44292163848877
2015-08-25,8.41360855102539
2015-08-26,8.384292602539062
2015-08-27,8.384292602539062
2015-08-28,8.376956939697266
2015-08-31,8.374030113220215
2015-09-01,8.39604377746582
2015-09-02,8.388704299926758
2015-09-03,8.40338134765625
2015-09-04,8.410727500915527
2015-09-08,8.388704299926758
2015-09-09,8.39604377746582
2015-09-10,8.381362915039062
2015-09-11,8.39604377746582
2015-09-14,8.40338134765625
2015-09-15,8.35935115814209
2015-09-16,8.352009773254395
2015-09-17,8.410727500915527
2015-09-18,8.43274211883545
2015-09-21,8.40338134765625
2015-09-22,8.425406455993652
2015-09-23,8.418062210083008
2015-09-24,8.43274211883545
2015-09-25,8.418062210083008
2015-09-28,8.447421073913574
2015-09-29,8.4620943069458
2015-09-30,8.47312068939209
2015-10-01,8.480473518371582
2015-10-02,8.509862899780273
2015-10-05,8.480473518371582
2015-10-06,8.487824440002441
2015-10-07,8.47312068939209
2015-10-08,8.46576976776123
2015-10-09,8.458423614501953
2015-10-12,8.480473518371582
2015-10-13,8.487824440002441
2015-10-14,8.51721477508545
2015-10-15,8.495166778564453
2015-10-16,8.487824440002441
2015-10-19,8.487824440002441
2015-10-20,8.46576976776123
2015-10-21,8.480473518371582
2015-10-22,8.487824440002441
2015-10-23,8.458423614501953
2015-10-26,8.46576976776123
2015-10-27,8.480473518371582
2015-10-28,8.443721771240234
2015-10-29,8.41433334350586
2015-10-30,8.433466911315918
2015-11-02,8.411388397216797
2015-11-03,8.396672248840332
2015-11-04,8.381951332092285
2015-11-05,8.381951332092285
2015-11-06,8.337800979614258
2015-11-09,8.330439567565918
2015-11-10,8.345157623291016
2015-11-11,8.337800979614258
2015-11-12,8.345157623291016
2015-11-13,8.367226600646973
2015-11-16,8.374588012695312
2015-11-17,8.374588012695312
2015-11-18,8.367226600646973
2015-11-19,8.374588012695312
2015-11-20,8.367226600646973
2015-11-23,8.374588012695312
2015-11-24,8.381951332092285
2015-11-25,8.381951332092285
2015-11-27,8.381951332092285
2015-11-30,8.400371551513672
2015-12-01,8.422484397888184
2015-12-02,8.407745361328125
2015-12-03,8.356161117553711
2015-12-04,8.370902061462402
2015-12-07,8.385634422302246
2015-12-08,8.3930025100708
2015-12-09,8.400371551513672
2015-12-10,8.385634422302246
2015-12-11,8.429851531982422
2015-12-14,8.3930025100708
2015-12-15,8.370902061462402
2015-12-16,8.356161117553711
2015-12-17,8.370902061462402
2015-12-18,8.3930025100708
2015-12-21,8.3930025100708
2015-12-22,8.378265380859375
2015-12-23,8.363526344299316
2015-12-24,8.371687889099121
2015-12-28,8.371687889099121
2015-12-29,8.342009544372559
2015-12-30,8.342009544372559
2015-12-31,8.368764877319336
2016-01-04,8.391058921813965
2016-01-05,8.391058921813965
2016-01-06,8.420790672302246
2016-01-07,8.435657501220703
2016-01-08,8.450517654418945
2016-01-11,8.435657501220703
2016-01-12,8.457947731018066
2016-01-13,8.48025131225586
2016-01-14,8.47281551361084
2016-01-15,8.495111465454102
2016-01-19,8.487677574157715
2016-01-20,8.50997543334961
2016-01-21,8.502545356750488
2016-01-22,8.487677574157715
2016-01-25,8.502545356750488
2016-01-26,8.50997543334961
2016-01-27,8.517411231994629
2016-01-28,8.524843215942383
2016-01-29,8.566520690917969
2016-02-01,8.551634788513184
2016-02-02,8.588845252990723
2016-02-03,8.588845252990723
2016-02-04,8.603734016418457
2016-02-05,8.603734016418457
2016-02-08,8.640946388244629
2016-02-09,8.640946388244629
2016-02-10,8.655828475952148
2016-02-11,8.670721054077148
2016-02-12,8.633506774902344
2016-02-16,8.611178398132324
2016-02-17,8.603734016418457
2016-02-18,8.626060485839844
2016-02-19,8.618618965148926
2016-02-22,8.611178398132324
2016-02-23,8.626060485839844
2016-02-24,8.626060485839844
2016-02-25,8.648390769958496
2016-02-26,8.611178398132324
2016-02-29,8.636510848999023
2016-03-01,8.591796875
2016-03-02,8.576897621154785
2016-03-03,8.5843505859375
2016-03-04,8.561992645263672
2016-03-07,8.547093391418457
2016-03-08,8.5843505859375
2016-03-09,8.561992645263672
2016-03-10,8.539642333984375
2016-03-11,8.517285346984863
2016-03-14,8.524736404418945
2016-03-15,8.517285346984863
2016-03-16,8.562033653259277
2016-03-17,8.569490432739258
2016-03-18,8.5844087600708
2016-03-21,8.562033653259277
2016-03-22,8.547119140625
2016-03-23,8.576949119567871
2016-03-24,8.569490432739258
2016-03-28,8.569490432739258
2016-03-29,8.614240646362305
2016-03-30,8.621700286865234
2016-03-31,8.656050682067871
2016-04-01,8.648587226867676
2016-04-04,8.656050682067871
2016-04-05,8.678460121154785
2016-04-06,8.663525581359863
2016-04-07,8.693397521972656
2016-04-08,8.678460121154785
2016-04-11,8.678460121154785
2016-04-12,8.656050682067871
2016-04-13,8.656050682067871
2016-04-14,8.64111614227295
2016-04-15,8.656050682067871
2016-04-18,8.656050682067871
2016-04-19,8.64111614227295
2016-04-20,8.618709564208984
2016-04-21,8.603775024414062
2016-04-22,8.596306800842285
2016-04-25,8.588835716247559
2016-04-26,8.581365585327148
2016-04-27,8.611242294311523
2016-04-28,8.633648872375488
2016-04-29,8.644867897033691
2016-05-02,8.622431755065918
2016-05-03,8.659821510314941
2016-05-04,8.667302131652832
2016-05-05,8.682255744934082
2016-05-06,8.667302131652832
2016-05-09,8.682255744934082
2016-05-10,8.682255744934082
2016-05-11,8.682255744934082
2016-05-12,8.667302131652832
2016-05-13,8.682255744934082
2016-05-16,8.659821510314941
2016-05-17,8.65234661102295
2016-05-18,8.600003242492676
2016-05-19,8.614954948425293
2016-05-20,8.614954948425293
2016-05-23,8.614954948425293
2016-05-24,8.600003242492676
2016-05-25,8.600003242492676
2016-05-26,8.622431755065918
2016-05-27,8.600003242492676
2016-05-31,8.62695598602295
2016-06-01,8.619462013244629
2016-06-02,8.634442329406738
2016-06-03,8.686868667602539
2016-06-06,8.679376602172852
2016-06-07,8.686868667602539
2016-06-08,8.686868667602539
2016-06-09,8.694348335266113
2016-06-10,8.71682357788086
2016-06-13,8.731796264648438
2016-06-14,8.724308967590332
2016-06-15,8.74677562713623
2016-06-16,8.74677562713623
2016-06-17,8.731796264648438
2016-06-20,8.709328651428223
2016-06-21,8.694348335266113
2016-06-22,8.709328651428223
2016-06-23,8.679376602172852
2016-06-24,8.754262924194336
2016-06-27,8.79919147491455
2016-06-28,8.79919147491455
2016-06-29,8.77673053741455
2016-06-30,8.803725242614746
2016-07-01,8.811226844787598
2016-07-05,8.841216087341309
2016-07-06,8.833720207214355
2016-07-07,8.833720207214355
2016-07-08,8.833720207214355
2016-07-11,8.803725242614746
2016-07-12,8.773726463317871
2016-07-13,8.781225204467773
2016-07-14,8.766228675842285
2016-07-15,8.743731498718262
2016-07-18,8.743731498718262
2016-07-19,8.758732795715332
2016-07-20,8.743731498718262
2016-07-21,8.758732795715332
2016-07-22,8.751235961914062
2016-07-25,8.743731498718262
2016-07-26,8.743731498718262
2016-07-27,8.773726463317871
2016-07-28,8.773726463317871
2016-07-29,8.807519912719727
2016-08-01,8.792497634887695
2016-08-02,8.777482986450195
2016-08-03,8.784993171691895
2016-08-04,8.800009727478027
2016-08-05,8.754955291748047
2016-08-08,8.754955291748047
2016-08-09,8.777482986450195
2016-08-10,8.784993171691895
2016-08-11,8.754955291748047
2016-08-12,8.777482986450195
2016-08-15,8.762470245361328
2016-08-16,8.74744987487793
2016-08-17,8.762470245361328
2016-08-18,8.769975662231445
2016-08-19,8.74744987487793
2016-08-22,8.762470245361328
2016-08-23,8.762470245361328
2016-08-24,8.762470245361328
2016-08-25,8.74744987487793
2016-08-26,8.717414855957031
2016-08-29,8.739943504333496
2016-08-30,8.739943504333496
2016-08-31,8.743695259094238
2016-09-01,8.751216888427734
2016-09-02,8.743695259094238
2016-09-06,8.773771286010742
2016-09-07,8.773771286010742
2016-09-08,8.743695259094238
2016-09-09,8.721147537231445
2016-09-12,8.728659629821777
2016-09-13,8.713630676269531
2016-09-14,8.721147537231445
2016-09-15,8.728659629821777
2016-09-16,8.728659629821777
2016-09-19,8.721147537231445
2016-09-20,8.728659629821777
2016-09-21,8.73618221282959
2016-09-22,8.751216888427734
2016-09-23,8.751216888427734
2016-09-26,8.773771286010742
2016-09-27,8.773771286010742
2016-09-28,8.773771286010742
2016-09-29,8.781292915344238
2016-09-30,8.76849365234375
2016-10-03,8.760968208312988
2016-10-04,8.730868339538574
2016-10-05,8.723335266113281
2016-10-06,8.708279609680176
2016-10-07,8.71580982208252
2016-10-10,8.700758934020996
2016-10-11,8.700758934020996
2016-10-12,8.700758934020996
2016-10-13,8.71580982208252
2016-10-14,8.700758934020996
2016-10-17,8.71580982208252
2016-10-18,8.723335266113281
2016-10-19,8.723335266113281
2016-10-20,8.723335266113281
2016-10-21,8.723335266113281
2016-10-24,8.71580982208252
2016-10-25,8.71580982208252
2016-10-26,8.700758934020996
2016-10-27,8.685704231262207
2016-10-28,8.685704231262207
2016-10-31,8.703791618347168
2016-11-01,8.711326599121094
2016-11-02,8.726398468017578
2016-11-03,8.726398468017578
2016-11-04,8.741472244262695
2016-11-07,8.711326599121094
2016-11-08,8.688716888427734
2016-11-09,8.613364219665527
2016-11-10,8.590754508972168
2016-11-11,8.57568359375
2016-11-14,8.538003921508789
2016-11-15,8.530470848083496
2016-11-16,8.538003921508789
2016-11-17,8.515392303466797
2016-11-18,8.485249519348145
2016-11-21,8.492790222167969
2016-11-22,8.500326156616211
2016-11-23,8.470183372497559
2016-11-25,8.462646484375
2016-11-28,8.492790222167969
2016-11-29,8.492790222167969
2016-11-30,8.473170280456543
2016-12-01,8.450535774230957
2016-12-02,8.480717658996582
2016-12-05,8.473170280456543
2016-12-06,8.480717658996582
2016-12-07,8.495803833007812
2016-12-08,8.480717658996582
2016-12-09,8.458080291748047
2016-12-12,8.458080291748047
2016-12-13,8.458080291748047
2016-12-14,8.397720336914062
2016-12-15,8.375086784362793
2016-12-16,8.390176773071289
2016-12-19,8.412809371948242
2016-12-20,8.405264854431152
2016-12-21,8.412809371948242
2016-12-22,8.405264854431152
2016-12-23,8.412130355834961
2016-12-27,8.404495239257812
2016-12-28,8.427386283874512
2016-12-29,8.442636489868164
2016-12-30,8.468596458435059
2017-01-03,8.468596458435059
2017-01-04,8.468596458435059
2017-01-05,8.506781578063965
2017-01-06,8.476236343383789
2017-01-09,8.499144554138184
2017-01-10,8.499144554138184
2017-01-11,8.499144554138184
2017-01-12,8.506781578063965
2017-01-13,8.491508483886719
2017-01-17,8.522052764892578
2017-01-18,8.476236343383789
2017-01-19,8.460959434509277
2017-01-20,8.468596458435059
2017-01-23,8.499144554138184
2017-01-24,8.476236343383789
2017-01-25,8.453328132629395
2017-01-26,8.460959434509277
2017-01-27,8.468596458435059
2017-01-30,8.468596458435059
2017-01-31,8.494592666625977
2017-02-01,8.486950874328613
2017-02-02,8.486950874328613
2017-02-03,8.486950874328613
2017-02-06,8.517531394958496
2017-02-07,8.525179862976074
2017-02-08,8.540473937988281
2017-02-09,8.517531394958496
2017-02-10,8.509885787963867
2017-02-13,8.502245903015137
2017-02-14,8.47165584564209
2017-02-15,8.46401309967041
2017-02-16,8.486950874328613
2017-02-17,8.502245903015137
2017-02-21,8.502245903015137
2017-02-22,8.509885787963867
2017-02-23,8.525179862976074
2017-02-24,8.548114776611328
2017-02-27,8.525179862976074
2017-02-28,8.528244972229004
2017-03-01,8.489962577819824
2017-03-02,8.474648475646973
2017-03-03,8.474648475646973
2017-03-06,8.474648475646973
2017-03-07,8.459343910217285
2017-03-08,8.444036483764648
2017-03-09,8.428719520568848
2017-03-10,8.436376571655273
2017-03-13,8.428719520568848
2017-03-14,8.428719520568848
2017-03-15,8.482307434082031
2017-03-16,8.466998100280762
2017-03-17,8.482307434082031
2017-03-20,8.489962577819824
2017-03-21,8.512930870056152
2017-03-22,8.520589828491211
2017-03-23,8.512930870056152
2017-03-24,8.512930870056152
2017-03-27,8.528244972229004
2017-03-28,8.505271911621094
2017-03-29,8.528244972229004
2017-03-30,8.512930870056152
2017-03-31,8.533628463745117
2017-04-03,8.564298629760742
2017-04-04,8.556633949279785
2017-04-05,8.571967124938965
2017-04-06,8.564298629760742
2017-04-07,8.541298866271973
2017-04-10,8.548970222473145
2017-04-11,8.579632759094238
2017-04-12,8.594971656799316
2017-04-13,8.610304832458496
2017-04-17,8.602640151977539
2017-04-18,8.633308410644531
2017-04-19,8.617971420288086
2017-04-20,8.602640151977539
2017-04-21,8.610304832458496
2017-04-24,8.594971656799316
2017-04-25,8.564298629760742
2017-04-26,8.579632759094238
2017-04-27,8.587303161621094
2017-04-28,8.599590301513672
2017-05-01,8.591907501220703
2017-05-02,8.607264518737793
2017-05-03,8.584234237670898
2017-05-04,8.568877220153809
2017-05-05,8.576556205749512
2017-05-08,8.561201095581055
2017-05-09,8.553520202636719
2017-05-10,8.553520202636719
2017-05-11,8.561201095581055
2017-05-12,8.584234237670898
2017-05-15,8.584234237670898
2017-05-16,8.584234237670898
2017-05-17,8.630300521850586
2017-05-18,8.622623443603516
2017-05-19,8.622623443603516
2017-05-22,8.614946365356445
2017-05-23,8.599590301513672
2017-05-24,8.614946365356445
2017-05-25,8.614946365356445
2017-05-26,8.614946365356445
2017-05-30,8.630300521850586
2017-05-31,8.650290489196777
2017-06-01,8.642603874206543
2017-06-02,8.665672302246094
2017-06-05,8.657984733581543
2017-06-06,8.673357963562012
2017-06-07,8.657984733581543
2017-06-08,8.650290489196777
2017-06-09,8.642603874206543
2017-06-12,8.642603874206543
2017-06-13,8.642603874206543
2017-06-14,8.665672302246094
2017-06-15,8.650290489196777
2017-06-16,8.657984733581543
2017-06-19,8.63491439819336
2017-06-20,8.650290489196777
2017-06-21,8.650290489196777
2017-06-22,8.650290489196777
2017-06-23,8.657984733581543
2017-06-26,8.657984733581543
2017-06-27,8.627227783203125
2017-06-28,8.63491439819336
2017-06-29,8.611845970153809
2017-06-30,8.609538078308105
2017-07-03,8.594136238098145
2017-07-05,8.594136238098145
2017-07-06,8.58643627166748
2017-07-07,8.578731536865234
2017-07-10,8.58643627166748
2017-07-11,8.601838111877441
2017-07-12,8.617231369018555
2017-07-13,8.609538078308105
2017-07-14,8.617231369018555
2017-07-17,8.624937057495117
2017-07-18,8.640342712402344
2017-07-19,8.640342712402344
2017-07-20,8.640342712402344
2017-07-21,8.648041725158691
2017-07-24,8.640342712402344
2017-07-25,8.609538078308105
2017-07-26,8.632636070251465
2017-07-27,8.632636070251465
2017-07-28,8.640342712402344
2017-07-31,8.645737648010254
2017-08-01,8.661165237426758
2017-08-02,8.653451919555664
2017-08-03,8.668876647949219
2017-08-04,8.653451919555664
2017-08-07,8.661165237426758
2017-08-08,8.653451919555664
2017-08-09,8.661165237426758
2017-08-10,8.68430233001709
2017-08-11,8.692011833190918
2017-08-14,8.67658519744873
2017-08-15,8.653451919555664
2017-08-16,8.668876647949219
2017-08-17,8.68430233001709
2017-08-18,8.68430233001709
2017-08-21,8.692011833190918
2017-08-22,8.67658519744873
2017-08-23,8.692011833190918
2017-08-24,8.68430233001709
2017-08-25,8.692011833190918
2017-08-28,8.699723243713379
2017-08-29,8.707437515258789
2017-08-30,8.699723243713379
2017-08-31,8.72057819366455
2017-09-01,8.705134391784668
2017-09-05,8.751480102539062
2017-09-06,8.736030578613281
2017-09-07,8.759199142456055
2017-09-08,8.751480102539062
2017-09-11,8.72057819366455
2017-09-12,8.705134391784668
2017-09-13,8.697409629821777
2017-09-14,8.697409629821777
2017-09-15,8.68968677520752
2017-09-18,8.674236297607422
2017-09-19,8.674236297607422
2017-09-20,8.6510648727417
2017-09-21,8.6510648727417
2017-09-22,8.65878963470459
2017-09-25,8.674236297607422
2017-09-26,8.666512489318848
2017-09-27,8.643335342407227
2017-09-28,8.6510648727417
2017-09-29,8.64797306060791
2017-10-02,8.640233039855957
2017-10-03,8.64797306060791
2017-10-04,8.64797306060791
2017-10-05,8.640233039855957
2017-10-06,8.632501602172852
2017-10-09,8.640233039855957
2017-10-10,8.640233039855957
2017-10-11,8.640233039855957
2017-10-12,8.64797306060791
2017-10-13,8.663439750671387
2017-10-16,8.64797306060791
2017-10-17,8.640233039855957
2017-10-18,8.632501602172852
2017-10-19,8.640233039855957
2017-10-20,8.609292984008789
2017-10-23,8.624765396118164
2017-10-24,8.601557731628418
2017-10-25,8.601557731628418
2017-10-26,8.58608627319336
2017-10-27,8.609292984008789
2017-10-30,8.624765396118164
2017-10-31,8.630188941955566
2017-11-01,8.630188941955566
2017-11-02,8.637938499450684
2017-11-03,8.645683288574219
2017-11-06,8.645683288574219
2017-11-07,8.645683288574219
2017-11-08,8.637938499450684
2017-11-09,8.637938499450684
2017-11-10,8.614694595336914
2017-11-13,8.606949806213379
2017-11-14,8.614694595336914
2017-11-15,8.630188941955566
2017-11-16,8.614694595336914
2017-11-17,8.62243938446045
2017-11-20,8.606949806213379
2017-11-21,8.599197387695312
2017-11-22,8.62243938446045
2017-11-24,8.614694595336914
2017-11-27,8.62243938446045
2017-11-28,8.62243938446045
2017-11-29,8.606949806213379
2017-11-30,8.596855163574219
2017-12-01,8.61237621307373
2017-12-04,8.604618072509766
2017-12-05,8.604618072509766
2017-12-06,8.62014102935791
2017-12-07,8.61237621307373
2017-12-08,8.604618072509766
2017-12-11,8.596855163574219
2017-12-12,8.596855163574219
2017-12-13,8.62014102935791
2017-12-14,8.61237621307373
2017-12-15,8.604618072509766
2017-12-18,8.596855163574219
2017-12-19,8.573583602905273
2017-12-20,8.558067321777344
2017-12-21,8.558067321777344
2017-12-22,8.558067321777344
2017-12-26,8.565818786621094
2017-12-27,8.58910083770752
2017-12-28,8.573583602905273
2017-12-29,8.60311508178711
2018-01-02,8.579798698425293
2018-01-03,8.587568283081055
2018-01-04,8.579798698425293
2018-01-05,8.572029113769531
2018-01-08,8.564255714416504
2018-01-09,8.548717498779297
2018-01-10,8.548717498779297
2018-01-11,8.548717498779297
2018-01-12,8.540938377380371
2018-01-16,8.540938377380371
2018-01-17,8.52540111541748
2018-01-18,8.509851455688477
2018-01-19,8.49431324005127
2018-01-22,8.49431324005127
2018-01-23,8.509851455688477
2018-01-24,8.49431324005127
2018-01-25,8.509851455688477
2018-01-26,8.486547470092773
2018-01-29,8.470999717712402
2018-01-30,8.463227272033691
2018-01-31,8.469453811645508
2018-02-01,8.446102142333984
2018-02-02,8.430532455444336
2018-02-05,8.485024452209473
2018-02-06,8.453885078430176
2018-02-07,8.43831729888916
2018-02-08,8.446102142333984
2018-02-09,8.446102142333984
2018-02-12,8.43831729888916
2018-02-13,8.446102142333984
2018-02-14,8.407176971435547
2018-02-15,8.407176971435547
2018-02-16,8.414963722229004
2018-02-20,8.414963722229004
2018-02-21,8.391613960266113
2018-02-22,8.407176971435547
2018-02-23,8.422749519348145
2018-02-26,8.430532455444336
2018-02-27,8.407176971435547
2018-02-28,8.428229331970215
2018-03-01,8.459418296813965
2018-03-02,8.436029434204102
2018-03-05,8.428229331970215
2018-03-06,8.428229331970215
2018-03-07,8.428229331970215
2018-03-08,8.436029434204102
2018-03-09,8.428229331970215
2018-03-12,8.436029434204102
2018-03-13,8.443822860717773
2018-03-14,8.451621055603027
2018-03-15,8.451621055603027
2018-03-16,8.443822860717773
2018-03-19,8.436029434204102
2018-03-20,8.42043399810791
2018-03-21,8.428229331970215
2018-03-22,8.451621055603027
2018-03-23,8.459418296813965
2018-03-26,8.443822860717773
2018-03-27,8.475011825561523
2018-03-28,8.467212677001953
2018-03-29,8.49142837524414
2018-04-02,8.499241828918457
2018-04-03,8.475804328918457
2018-04-04,8.475804328918457
2018-04-05,8.460185050964355
2018-04-06,8.483617782592773
2018-04-09,8.483617782592773
2018-04-10,8.475804328918457
2018-04-11,8.475804328918457
2018-04-12,8.452372550964355
2018-04-13,8.460185050964355
2018-04-16,8.452372550964355
2018-04-17,8.452372550964355
2018-04-18,8.428934097290039
2018-04-19,8.42111873626709
2018-04-20,8.397687911987305
2018-04-23,8.389872550964355
2018-04-24,8.389872550964355
2018-04-25,8.374255180358887
2018-04-26,8.389872550964355
2018-04-27,8.397687911987305
2018-04-30,8.413342475891113
2018-05-01,8.40551471710205
2018-05-02,8.413342475891113
2018-05-03,8.421164512634277
2018-05-04,8.421164512634277
2018-05-07,8.421164512634277
2018-05-08,8.413342475891113
2018-05-09,8.397686958312988
2018-05-10,8.40551471710205
2018-05-11,8.40551471710205
2018-05-14,8.389860153198242
2018-05-15,8.366381645202637
2018-05-16,8.350729942321777
2018-05-17,8.350729942321777
2018-05-18,8.374212265014648
2018-05-21,8.374212265014648
2018-05-22,8.374212265014648
2018-05-23,8.397686958312988
2018-05-24,8.40551471710205
2018-05-25,8.428994178771973
2018-05-29,8.491607666015625
2018-05-30,8.468125343322754
2018-05-31,8.476751327514648
2018-06-01,8.453227996826172
2018-06-04,8.429699897766113
2018-06-05,8.445382118225098
2018-06-06,8.429699897766113
2018-06-07,8.445382118225098
2018-06-08,8.437541961669922
2018-06-11,8.429699897766113
2018-06-12,8.429699897766113
2018-06-13,8.421857833862305
2018-06-14,8.429699897766113
2018-06-15,8.437541961669922
2018-06-18,8.437541961669922
2018-06-19,8.453227996826172
2018-06-20,8.437541961669922
2018-06-21,8.445382118225098
2018-06-22,8.445382118225098
2018-06-25,8.453227996826172
2018-06-26,8.461067199707031
2018-06-27,8.476751327514648
2018-06-28,8.476751327514648
2018-06-29,8.485394477844238
2018-07-02,8.477534294128418
2018-07-03,8.485394477844238
2018-07-05,8.485394477844238
2018-07-06,8.49325180053711
2018-07-09,8.477534294128418
2018-07-10,8.46967601776123
2018-07-11,8.477534294128418
2018-07-12,8.477534294128418
2018-07-13,8.485394477844238
2018-07-16,8.477534294128418
2018-07-17,8.46967601776123
2018-07-18,8.46967601776123
2018-07-19,8.485394477844238
2018-07-20,8.46967601776123
2018-07-23,8.446111679077148
2018-07-24,8.446111679077148
2018-07-25,8.438252449035645
2018-07-26,8.430395126342773
2018-07-27,8.438252449035645
2018-07-30,8.430395126342773
2018-07-31,8.45559024810791
2018-08-01,8.439841270446777
2018-08-02,8.44771671295166
2018-08-03,8.463464736938477
2018-08-06,8.471334457397461
2018-08-07,8.45559024810791
2018-08-08,8.45559024810791
2018-08-09,8.471334457397461
2018-08-10,8.494952201843262
2018-08-13,8.494952201843262
2018-08-14,8.487081527709961
2018-08-15,8.502825736999512
2018-08-16,8.502825736999512
2018-08-17,8.502825736999512
2018-08-20,8.518569946289062
2018-08-21,8.510701179504395
2018-08-22,8.518569946289062
2018-08-23,8.518569946289062
2018-08-24,8.518569946289062
2018-08-27,8.502825736999512
2018-08-28,8.487081527709961
2018-08-29,8.487081527709961
2018-08-30,8.494952201843262
2018-08-31,8.520988464355469
2018-09-04,8.50521183013916
2018-09-05,8.50521183013916
2018-09-06,8.513099670410156
2018-09-07,8.489432334899902
2018-09-10,8.489432334899902
2018-09-11,8.465763092041016
2018-09-12,8.473649978637695
2018-09-13,8.465763092041016
2018-09-14,8.457870483398438
2018-09-17,8.457870483398438
2018-09-18,8.442087173461914
2018-09-19,8.426310539245605
2018-09-20,8.426310539245605
2018-09-21,8.434200286865234
2018-09-24,8.426310539245605
2018-09-25,8.418425559997559
2018-09-26,8.434200286865234
2018-09-27,8.434200286865234
2018-09-28,8.451593399047852
2018-10-01,8.44369125366211
2018-10-02,8.45949935913086
2018-10-03,8.41997241973877
2018-10-04,8.404160499572754
2018-10-05,8.388347625732422
2018-10-08,8.388347625732422
2018-10-09,8.396255493164062
2018-10-10,8.404160499572754
2018-10-11,8.41997241973877
2018-10-12,8.412066459655762
2018-10-15,8.41997241973877
2018-10-16,8.412066459655762
2018-10-17,8.396255493164062
2018-10-18,8.412066459655762
2018-10-19,8.404160499572754
2018-10-22,8.404160499572754
2018-10-23,8.41997241973877
2018-10-24,8.451593399047852
2018-10-25,8.427878379821777
2018-10-26,8.45949935913086
2018-10-29,8.45949935913086
2018-10-30,8.44369125366211
2018-10-31,8.446066856384277
2018-11-01,8.453991889953613
2018-11-02,8.422296524047852
2018-11-05,8.422296524047852
2018-11-06,8.414376258850098
2018-11-07,8.414376258850098
2018-11-08,8.398529052734375
2018-11-09,8.422296524047852
2018-11-12,8.438145637512207
2018-11-13,8.446066856384277
2018-11-14,8.461915969848633
2018-11-15,8.461915969848633
2018-11-16,8.485686302185059
2018-11-19,8.493606567382812
2018-11-20,8.485686302185059
2018-11-21,8.485686302185059
2018-11-23,8.485686302185059
2018-11-26,8.477758407592773
2018-11-27,8.485686302185059
2018-11-28,8.485686302185059
2018-11-29,8.501529693603516
2018-11-30,8.52773380279541
2018-12-03,8.53567123413086
2018-12-04,8.551548957824707
2018-12-06,8.567427635192871
2018-12-07,8.583314895629883
2018-12-10,8.583314895629883
2018-12-11,8.567427635192871
2018-12-12,8.559491157531738
2018-12-13,8.559491157531738
2018-12-14,8.575373649597168
2018-12-17,8.591253280639648
2018-12-18,8.599189758300781
2018-12-19,8.615067481994629
2018-12-20,8.607133865356445
2018-12-21,8.615067481994629
2018-12-24,8.630953788757324
2018-12-26,8.599189758300781
2018-12-27,8.62301254272461
2018-12-28,8.65477180480957
2018-12-31,8.689787864685059
2019-01-02,8.69774341583252
2019-01-03,8.753447532653809
2019-01-04,8.69774341583252
2019-01-07,8.681829452514648
2019-01-08,8.665916442871094
2019-01-09,8.673870086669922
2019-01-10,8.665916442871094
2019-01-11,8.681829452514648
2019-01-14,8.681829452514648
2019-01-15,8.673870086669922
2019-01-16,8.673870086669922
2019-01-17,8.657955169677734
2019-01-18,8.64204216003418
2019-01-22,8.657955169677734
2019-01-23,8.657955169677734
2019-01-24,8.673870086669922
2019-01-25,8.657955169677734
2019-01-28,8.657955169677734
2019-01-29,8.673870086669922
2019-01-30,8.69774341583252
2019-01-31,8.740809440612793
2019-02-01,8.708908081054688
2019-02-04,8.692959785461426
2019-02-05,8.708908081054688
2019-02-06,8.708908081054688
2019-02-07,8.724858283996582
2019-02-08,8.732836723327637
2019-02-11,8.724858283996582
2019-02-12,8.716883659362793
2019-02-13,8.700934410095215
2019-02-14,8.724858283996582
2019-02-15,8.716883659362793
2019-02-19,8.732836723327637
2019-02-20,8.724858283996582
2019-02-21,8.708908081054688
2019-02-22,8.724858283996582
2019-02-25,8.724858283996582
2019-02-26,8.732836723327637
2019-02-27,8.716883659362793
2019-02-28,8.717680931091309
2019-03-01,8.701705932617188
2019-03-04,8.717680931091309
2019-03-05,8.717680931091309
2019-03-06,8.733663558959961
2019-03-07,8.749646186828613
2019-03-08,8.757633209228516
2019-03-11,8.757633209228516
2019-03-12,8.773614883422852
2019-03-13,8.76562786102295
2019-03-14,8.76562786102295
2019-03-15,8.781607627868652
2019-03-18,8.773614883422852
2019-03-19,8.76562786102295
2019-03-20,8.805581092834473
2019-03-21,8.805581092834473
2019-03-22,8.845531463623047
2019-03-25,8.861517906188965
2019-03-26,8.861517906188965
2019-03-27,8.877493858337402
2019-03-28,8.869504928588867
2019-03-29,8.87270736694336
2019-04-01,8.840676307678223
2019-04-02,8.84868335723877
2019-04-03,8.832669258117676
2019-04-04,8.840676307678223
2019-04-05,8.840676307678223
2019-04-08,8.832669258117676
2019-04-09,8.840676307678223
2019-04-10,8.856688499450684
2019-04-11,8.840676307678223
2019-04-12,8.808647155761719
2019-04-15,8.816652297973633
2019-04-16,8.792623519897461
2019-04-17,8.792623519897461
2019-04-18,8.808647155761719
2019-04-22,8.800636291503906
2019-04-23,8.816652297973633
2019-04-24,8.840676307678223
2019-04-25,8.832669258117676
2019-04-26,8.84868335723877
2019-04-29,8.832669258117676
2019-04-30,8.868785858154297
2019-05-01,8.860756874084473
2019-05-02,8.844709396362305
2019-05-03,8.852731704711914
2019-05-06,8.860756874084473
2019-05-07,8.884838104248047
2019-05-08,8.868785858154297
2019-05-09,8.884838104248047
2019-05-10,8.876809120178223
2019-05-13,8.91694450378418
2019-05-14,8.908916473388672
2019-05-15,8.924968719482422
2019-05-16,8.91694450378418
2019-05-17,8.91694450378418
2019-05-20,8.90089225769043
2019-05-21,8.892865180969238
2019-05-22,8.908916473388672
2019-05-23,8.949045181274414
2019-05-24,8.941020011901855
2019-05-28,8.965093612670898
2019-05-29,8.965093612670898
2019-05-30,8.981152534484863
2019-05-31,9.051141738891602
2019-06-03,9.083329200744629
2019-06-04,9.067235946655273
2019-06-05,9.067235946655273
2019-06-06,9.05919361114502
2019-06-07,9.083329200744629
2019-06-10,9.051141738891602
2019-06-11,9.051141738891602
2019-06-12,9.067235946655273
2019-06-13,9.083329200744629
2019-06-14,9.083329200744629
2019-06-17,9.07528018951416
2019-06-18,9.091371536254883
2019-06-19,9.115510940551758
2019-06-20,9.123558044433594
2019-06-21,9.099416732788086
2019-06-24,9.123558044433594
2019-06-25,9.131598472595215
2019-06-26,9.099416732788086
2019-06-27,9.115510940551758
2019-06-28,9.143733024597168
2019-07-01,9.127604484558105
2019-07-02,9.1517915725708
2019-07-03,9.1517915725708
2019-07-05,9.11147689819336
2019-07-08,9.103415489196777
2019-07-09,9.095348358154297
2019-07-10,9.11147689819336
2019-07-11,9.079225540161133
2019-07-12,9.087286949157715
2019-07-15,9.103415489196777
2019-07-16,9.087286949157715
2019-07-17,9.11147689819336
2019-07-18,9.13566780090332
2019-07-19,9.119540214538574
2019-07-22,9.119540214538574
2019-07-23,9.11147689819336
2019-07-24,9.11147689819336
2019-07-25,9.103415489196777
2019-07-26,9.095348358154297
2019-07-29,9.103415489196777
2019-07-30,9.103415489196777
2019-07-31,9.129271507263184
2019-08-01,9.201980590820312
2019-08-02,9.210054397583008
2019-08-05,9.266613006591797
2019-08-06,9.274691581726074
2019-08-07,9.274691581726074
2019-08-08,9.274691581726074
2019-08-09,9.258533477783203
2019-08-12,9.298927307128906
2019-08-13,9.266613006591797
2019-08-14,9.298927307128906
2019-08-15,9.339322090148926
2019-08-16,9.331236839294434
2019-08-19,9.298927307128906
2019-08-20,9.323162078857422
2019-08-21,9.307004928588867
2019-08-22,9.290850639343262
2019-08-23,9.331236839294434
2019-08-26,9.323162078857422
2019-08-27,9.347400665283203
2019-08-28,9.35547924041748
2019-08-29,9.339322090148926
2019-08-30,9.355507850646973
2019-09-03,9.371696472167969
2019-09-04,9.387876510620117
2019-09-05,9.331225395202637
2019-09-06,9.331225395202637
2019-09-09,9.298857688903809
2019-09-10,9.250298500061035
2019-09-11,9.242203712463379
2019-09-12,9.226018905639648
2019-09-13,9.169370651245117
2019-09-16,9.201741218566895
2019-09-17,9.209830284118652
2019-09-18,9.209830284118652
2019-09-19,9.209830284118652
2019-09-20,9.242203712463379
2019-09-23,9.25838565826416
2019-09-24,9.290760040283203
2019-09-25,9.242203712463379
2019-09-26,9.25838565826416
2019-09-27,9.266485214233398
2019-09-30,9.290804862976074
2019-10-01,9.3151273727417
2019-10-02,9.339445114135742
2019-10-03,9.379982948303223
2019-10-04,9.379982948303223
2019-10-07,9.355661392211914
2019-10-08,9.371874809265137
2019-10-09,9.355661392211914
2019-10-10,9.3151273727417
2019-10-11,9.26648235321045
2019-10-14,9.282699584960938
2019-10-15,9.25027084350586
2019-10-16,9.26648235321045
2019-10-17,9.26648235321045
2019-10-18,9.274587631225586
2019-10-21,9.25027084350586
2019-10-22,9.258378028869629
2019-10-23,9.258378028869629
2019-10-24,9.258378028869629
2019-10-25,9.24216079711914
2019-10-28,9.225946426391602
2019-10-29,9.225946426391602
2019-10-30,9.25027084350586
2019-10-31,9.306304931640625
2019-11-01,9.298178672790527
2019-11-04,9.26569938659668
2019-11-05,9.2332124710083
2019-11-06,9.249454498291016
2019-11-07,9.200733184814453
2019-11-08,9.192607879638672
2019-11-11,9.192607879638672
2019-11-12,9.200733184814453
2019-11-13,9.216971397399902
2019-11-14,9.249454498291016
2019-11-15,9.241334915161133
2019-11-18,9.249454498291016
2019-11-19,9.257576942443848
2019-11-20,9.281940460205078
2019-11-21,9.26569938659668
2019-11-22,9.26569938659668
2019-11-25,9.26569938659668
2019-11-26,9.273818016052246
2019-11-27,9.257576942443848
2019-11-29,9.272215843200684
2019-12-02,9.255949974060059
2019-12-03,9.3047513961792
2019-12-04,9.280352592468262
2019-12-05,9.264081954956055
2019-12-06,9.24781608581543
2019-12-09,9.24781608581543
2019-12-10,9.2396821975708
2019-12-11,9.264081954956055
2019-12-12,9.215285301208496
2019-12-13,9.255949974060059
2019-12-16,9.223418235778809
2019-12-17,9.223418235778809
2019-12-18,9.215285301208496
2019-12-19,9.215285301208496
2019-12-20,9.215285301208496
2019-12-23,9.207146644592285
2019-12-24,9.215285301208496
2019-12-26,9.223418235778809
2019-12-27,9.2396821975708
2019-12-30,9.2396821975708
2019-12-31,9.238058090209961
2020-01-02,9.254345893859863
2020-01-03,9.295079231262207
2020-01-06,9.286931991577148
2020-01-07,9.27878475189209
2020-01-08,9.27064037322998
2020-01-09,9.27064037322998
2020-01-10,9.27878475189209
2020-01-13,9.27064037322998
2020-01-14,9.27878475189209
2020-01-15,9.295079231262207
2020-01-16,9.286931991577148
2020-01-17,9.27878475189209
2020-01-21,9.30322551727295
2020-01-22,9.30322551727295
2020-01-23,9.319518089294434
2020-01-24,9.335813522338867
2020-01-27,9.376545906066895
2020-01-28,9.360250473022461
2020-01-29,9.384690284729004
2020-01-30,9.392836570739746
2020-01-31,9.440157890319824
2020-02-03,9.432000160217285
2020-02-04,9.391206741333008
2020-02-05,9.366728782653809
2020-02-06,9.366728782653809
2020-02-07,9.399364471435547
2020-02-10,9.407523155212402
2020-02-11,9.391206741333008
2020-02-12,9.38304615020752
2020-02-13,9.38304615020752
2020-02-14,9.391206741333008
2020-02-18,9.407523155212402
2020-02-19,9.399364471435547
2020-02-20,9.423843383789062
2020-02-21,9.448323249816895
2020-02-24,9.497273445129395
2020-02-25,9.521753311157227
2020-02-26,9.513589859008789
2020-02-27,9.54622745513916
2020-02-28,9.64100170135498
2020-03-02,9.632835388183594
2020-03-03,9.722708702087402
2020-03-04,9.706368446350098
2020-03-05,9.755391120910645
2020-03-06,9.796244621276855
2020-03-09,9.8370943069458
2020-03-10,9.747217178344727
2020-03-11,9.722708702087402
2020-03-12,9.730876922607422
2020-03-13,9.673686981201172
2020-03-16,9.796244621276855
2020-03-17,9.66551685333252
2020-03-18,9.6001558303833
2020-03-19,9.616494178771973
2020-03-20,9.755391120910645
2020-03-23,9.8370943069458
2020-03-24,9.796244621276855
2020-03-25,9.804414749145508
2020-03-26,9.82075309753418
2020-03-27,9.86977767944336
2020-03-30,9.861602783203125
2020-03-31,9.859970092773438
2020-04-01,9.868152618408203
2020-04-02,9.876333236694336
2020-04-03,9.876333236694336
2020-04-06,9.851783752441406
2020-04-07,9.835416793823242
2020-04-08,9.835416793823242
2020-04-09,9.859970092773438
2020-04-13,9.843602180480957
2020-04-14,9.859970092773438
2020-04-15,9.90088176727295
2020-04-16,9.90088176727295
2020-04-17,9.892701148986816
2020-04-20,9.90088176727295
2020-04-21,9.917243957519531
2020-04-22,9.90088176727295
2020-04-23,9.90088176727295
2020-04-24,9.90088176727295
2020-04-27,9.876333236694336
2020-04-28,9.90088176727295
2020-04-29,9.90088176727295
2020-04-30,9.905799865722656
2020-05-01,9.905799865722656
2020-05-04,9.913994789123535
2020-05-05,9.905799865722656
2020-05-06,9.897601127624512
2020-05-07,9.938569068908691
2020-05-08,9.922184944152832
2020-05-11,9.905799865722656
2020-05-12,9.913994789123535
2020-05-13,9.930375099182129
2020-05-14,9.930375099182129
2020-05-15,9.930375099182129
2020-05-18,9.897601127624512
2020-05-19,9.913994789123535
2020-05-20,9.922184944152832
2020-05-21,9.922184944152832
2020-05-22,9.930375099182129
2020-05-26,9.922184944152832
2020-05-27,9.922184944152832
2020-05-28,9.922184944152832
2020-05-29,9.94760799407959
2020-06-01,9.94760799407959
2020-06-02,9.93940544128418
2020-06-03,9.914811134338379
2020-06-04,9.890201568603516
2020-06-05,9.865596771240234
2020-06-08,9.873798370361328
2020-06-09,9.89840316772461
2020-06-10,9.93940544128418
2020-06-11,9.94760799407959
2020-06-12,9.93940544128418
2020-06-15,9.931203842163086
2020-06-16,9.931203842163086
2020-06-17,9.931203842163086
2020-06-18,9.93940544128418
2020-06-19,9.94760799407959
2020-06-22,9.93940544128418
2020-06-23,9.93940544128418
2020-06-24,9.94760799407959
2020-06-25,9.94760799407959
2020-06-26,9.964009284973145
2020-06-29,9.972209930419922
2020-06-30,9.977129936218262
2020-07-01,9.960722923278809
2020-07-02,9.977129936218262
2020-07-06,9.968927383422852
2020-07-07,9.985340118408203
2020-07-08,9.977129936218262
2020-07-09,9.985340118408203
2020-07-10,9.968927383422852
2020-07-13,9.977129936218262
2020-07-14,9.977129936218262
2020-07-15,9.977129936218262
2020-07-16,9.985340118408203
2020-07-17,9.985340118408203
2020-07-20,9.985340118408203
2020-07-21,9.99354076385498
2020-07-22,9.99354076385498
2020-07-23,9.99354076385498
2020-07-24,9.99354076385498
2020-07-27,9.985340118408203
2020-07-28,9.99354076385498
2020-07-29,10.0099515914917
2020-07-30,10.01815128326416
2020-07-31,10.025543212890625
2020-08-03,10.025543212890625
2020-08-04,10.04196548461914
2020-08-05,10.025543212890625
2020-08-06,10.025543212890625
2020-08-07,10.017334938049316
2020-08-10,10.017334938049316
2020-08-11,9.992704391479492
2020-08-12,9.984489440917969
2020-08-13,9.976279258728027
2020-08-14,9.984489440917969
2020-08-17,9.992704391479492
2020-08-18,10.000913619995117
2020-08-19,9.992704391479492
2020-08-20,10.000913619995117
2020-08-21,10.000913619995117
2020-08-24,10.000913619995117
2020-08-25,9.984489440917969
2020-08-26,9.992704391479492
2020-08-27,9.976279258728027
2020-08-28,9.992704391479492
2020-08-31,10.011604309082031
2020-09-01,10.019827842712402
2020-09-02,10.019827842712402
2020-09-03,10.028046607971191
2020-09-04,9.99516773223877
2020-09-08,10.011604309082031
2020-09-09,10.003389358520508
2020-09-10,10.011604309082031
2020-09-11,10.019827842712402
2020-09-14,10.011604309082031
2020-09-15,10.011604309082031
2020-09-16,10.011604309082031
2020-09-17,10.011604309082031
2020-09-18,10.003389358520508
2020-09-21,10.011604309082031
2020-09-22,10.011604309082031
2020-09-23,10.011604309082031
2020-09-24,10.011604309082031
2020-09-25,10.019827842712402
2020-09-28,10.019827842712402
2020-09-29,10.019827842712402
2020-09-30,10.019001007080078
2020-10-01,10.019001007080078
2020-10-02,10.019001007080078
2020-10-05,9.986101150512695
2020-10-06,9.994329452514648
2020-10-07,9.977874755859375
2020-10-08,9.986101150512695
2020-10-09,9.986101150512695
2020-10-12,9.986101150512695
2020-10-13,10.002552032470703
2020-10-14,10.002552032470703
2020-10-15,10.002552032470703
2020-10-16,9.994329452514648
2020-10-19,9.986101150512695
2020-10-20,9.977874755859375
2020-10-21,9.977874755859375
2020-10-22,9.95319652557373
2020-10-23,9.961424827575684
2020-10-26,9.977874755859375
2020-10-27,9.986101150512695
2020-10-28,9.986101150512695
2020-10-29,9.969649314880371
2020-10-30,9.959771156311035
2020-11-02,9.96800422668457
2020-11-03,9.95154094696045
2020-11-04,9.992697715759277
2020-11-05,9.992697715759277
2020-11-06,9.976236343383789
2020-11-09,9.943310737609863
2020-11-10,9.926847457885742
2020-11-11,9.926847457885742
2020-11-12,9.959771156311035
2020-11-13,9.95154094696045
2020-11-16,9.95154094696045
2020-11-17,9.96800422668457
2020-11-18,9.959771156311035
2020-11-19,9.96800422668457
2020-11-20,9.976236343383789
2020-11-23,9.96800422668457
2020-11-24,9.959771156311035
2020-11-25,9.96800422668457
2020-11-27,9.976236343383789
2020-11-30,9.982001304626465
2020-12-01,9.957292556762695
2020-12-02,9.949058532714844
2020-12-03,9.965527534484863
2020-12-04,9.949058532714844
2020-12-07,9.965527534484863
2020-12-08,9.965527534484863
2020-12-09,9.957292556762695
2020-12-10,9.973764419555664
2020-12-11,9.982001304626465
2020-12-14,9.982001304626465
2020-12-15,9.982001304626465
2020-12-16,9.982001304626465
2020-12-17,9.973764419555664
2020-12-18,9.973764419555664
2020-12-21,9.973764419555664
2020-12-22,9.982001304626465
2020-12-23,9.973764419555664
2020-12-24,9.973764419555664
2020-12-28,9.982001304626465
2020-12-29,9.981145858764648
2020-12-30,9.981145858764648
2020-12-31,9.995668411254883
2021-01-04,9.995668411254883
2021-01-05,9.9871244430542
2021-01-06,9.95295238494873
2021-01-07,9.935866355895996
2021-01-08,9.918776512145996
2021-01-11,9.910235404968262
2021-01-12,9.910235404968262
2021-01-13,9.927325248718262
2021-01-14,9.918776512145996
2021-01-15,9.935866355895996
2021-01-19,9.944408416748047
2021-01-20,9.944408416748047
2021-01-21,9.935866355895996
2021-01-22,9.944408416748047
2021-01-25,9.961499214172363
2021-01-26,9.961499214172363
2021-01-27,9.961499214172363
2021-01-28,9.95295238494873
2021-01-29,9.949532508850098
2021-02-01,9.95808219909668
2021-02-02,9.949532508850098
2021-02-03,9.940987586975098
2021-02-04,9.940987586975098
2021-02-05,9.932440757751465
2021-02-08,9.932440757751465
2021-02-09,9.932440757751465
2021-02-10,9.940987586975098
2021-02-11,9.940987586975098
2021-02-12,9.923887252807617
2021-02-16,9.881152153015137
2021-02-17,9.88969898223877
2021-02-18,9.88969898223877
2021-02-19,9.87260627746582
2021-02-22,9.864056587219238
2021-02-23,9.87260627746582
2021-02-24,9.864056587219238
2021-02-25,9.76148796081543
2021-02-26,9.8179292678833
2021-03-01,9.826480865478516
2021-03-02,9.852137565612793
2021-03-03,9.8179292678833
2021-03-04,9.792272567749023
2021-03-05,9.783720970153809
2021-03-08,9.74951171875
2021-03-09,9.775164604187012
2021-03-10,9.783720970153809
2021-03-11,9.792272567749023
2021-03-12,9.758065223693848
2021-03-15,9.766619682312012
2021-03-16,9.766619682312012
2021-03-17,9.775164604187012
2021-03-18,9.740960121154785
2021-03-19,9.73240852355957
2021-03-22,9.74951171875
2021-03-23,9.766619682312012
2021-03-24,9.775164604187012
2021-03-25,9.775164604187012
2021-03-26,9.766619682312012
2021-03-29,9.74951171875
2021-03-30,9.73240852355957
2021-03-31,9.731547355651855
2021-04-01,9.748698234558105
2021-04-05,9.731547355651855
2021-04-06,9.757270812988281
2021-04-07,9.765840530395508
2021-04-08,9.78299331665039
2021-04-09,9.765840530395508
2021-04-12,9.757270812988281
2021-04-13,9.78299331665039
2021-04-14,9.78299331665039
2021-04-15,9.800140380859375
2021-04-16,9.791566848754883
2021-04-19,9.791566848754883
2021-04-20,9.808719635009766
2021-04-21,9.808719635009766
2021-04-22,9.808719635009766
2021-04-23,9.800140380859375
2021-04-26,9.791566848754883
2021-04-27,9.78299331665039
2021-04-28,9.791566848754883
2021-04-29,9.791566848754883
2021-04-30,9.801865577697754
2021-05-03,9.819036483764648
2021-05-04,9.819036483764648
2021-05-05,9.827615737915039
2021-05-06,9.836196899414062
2021-05-07,9.844782829284668
2021-05-10,9.836196899414062
2021-05-11,9.827615737915039
2021-05-12,9.801865577697754
2021-05-13,9.819036483764648
2021-05-14,9.827615737915039
2021-05-17,9.819036483764648
2021-05-18,9.827615737915039
2021-05-19,9.810450553894043
2021-05-20,9.827615737915039
2021-05-21,9.827615737915039
2021-05-24,9.836196899414062
2021-05-25,9.853364944458008
2021-05-26,9.844782829284668
2021-05-27,9.844782829284668
2021-05-28,9.852514266967773
2021-06-01,9.84391975402832
2021-06-02,9.852514266967773
2021-06-03,9.835334777832031
2021-06-04,9.861102104187012
2021-06-07,9.861102104187012
2021-06-08,9.8696928024292
2021-06-09,9.878283500671387
2021-06-10,9.895464897155762
2021-06-11,9.886873245239258
2021-06-14,9.8696928024292
2021-06-15,9.8696928024292
2021-06-16,9.818154335021973
2021-06-17,9.826745986938477
2021-06-18,9.835334777832031
2021-06-21,9.826745986938477
2021-06-22,9.84391975402832
2021-06-23,9.826745986938477
2021-06-24,9.826745986938477
2021-06-25,9.818154335021973
2021-06-28,9.826745986938477
2021-06-29,9.835334777832031
2021-06-30,9.8439302444458
2021-07-01,9.8439302444458
2021-07-02,9.861128807067871
2021-07-06,9.886920928955078
2021-07-07,9.895512580871582
2021-07-08,9.912710189819336
2021-07-09,9.895512580871582
2021-07-12,9.886920928955078
2021-07-13,9.869725227355957
2021-07-14,9.886920928955078
2021-07-15,9.904112815856934
2021-07-16,9.904112815856934
2021-07-19,9.938501358032227
2021-07-20,9.947098731994629
2021-07-21,9.912710189819336
2021-07-22,9.929905891418457
2021-07-23,9.929905891418457
2021-07-26,9.921308517456055
2021-07-27,9.938501358032227
2021-07-28,9.947098731994629
2021-07-29,9.929905891418457
2021-07-30,9.955719947814941
2021-08-02,9.972926139831543
2021-08-03,9.981536865234375
2021-08-04,9.972926139831543
2021-08-05,9.947113037109375
2021-08-06,9.912694931030273
2021-08-09,9.904088020324707
2021-08-10,9.886880874633789
2021-08-11,9.895487785339355
2021-08-12,9.886880874633789
2021-08-13,9.912694931030273
2021-08-16,9.929906845092773
2021-08-17,9.929906845092773
2021-08-18,9.921300888061523
2021-08-19,9.929906845092773
2021-08-20,9.921300888061523
2021-08-23,9.929906845092773
2021-08-24,9.912694931030273
2021-08-25,9.895487785339355
2021-08-26,9.895487785339355
2021-08-27,9.912694931030273
2021-08-30,9.929906845092773
2021-08-31,9.928181648254395
2021-09-01,9.928181648254395
2021-09-02,9.928181648254395
2021-09-03,9.919574737548828
2021-09-07,9.902350425720215
2021-09-08,9.910961151123047
2021-09-09,9.928181648254395
2021-09-10,9.910961151123047
2021-09-13,9.910961151123047
2021-09-14,9.928181648254395
2021-09-15,9.919574737548828
2021-09-16,9.902350425720215
2021-09-17,9.885128021240234
2021-09-20,9.910961151123047
2021-09-21,9.902350425720215
2021-09-22,9.902350425720215
2021-09-23,9.859295845031738
2021-09-24,9.84207534790039
2021-09-27,9.824853897094727
2021-09-28,9.807634353637695
2021-09-29,9.816243171691895
2021-09-30,9.831753730773926
2021-10-01,9.857604026794434
2021-10-04,9.848990440368652
2021-10-05,9.831753730773926
2021-10-06,9.831753730773926
2021-10-07,9.814523696899414
2021-10-08,9.797286033630371
2021-10-11,9.78005599975586
2021-10-12,9.797286033630371
2021-10-13,9.797286033630371
2021-10-14,9.814523696899414
2021-10-15,9.78005599975586
2021-10-18,9.76282024383545
2021-10-19,9.754203796386719
2021-10-20,9.754203796386719
2021-10-21,9.728352546691895
2021-10-22,9.736968994140625
2021-10-25,9.754203796386719
2021-10-26,9.754203796386719
2021-10-27,9.771439552307129
2021-10-28,9.754203796386719
2021-10-29,9.761101722717285
2021-11-01,9.761101722717285
2021-11-02,9.786968231201172
2021-11-03,9.769721984863281
2021-11-04,9.804216384887695
2021-11-05,9.830084800720215
2021-11-08,9.795592308044434
2021-11-09,9.821459770202637
2021-11-10,9.761101722717285
2021-11-11,9.735233306884766
2021-11-12,9.752476692199707
2021-11-15,9.735233306884766
2021-11-16,9.726606369018555
2021-11-17,9.752476692199707
2021-11-18,9.752476692199707
2021-11-19,9.761101722717285
2021-11-22,9.70936107635498
2021-11-23,9.692115783691406
2021-11-24,9.700743675231934
2021-11-26,9.786968231201172
2021-11-29,9.778347969055176
2021-11-30,9.802505493164062
2021-12-01,9.811139106750488
2021-12-02,9.785250663757324
2021-12-03,9.819765090942383
2021-12-06,9.793878555297852
2021-12-07,9.767992973327637
2021-12-08,9.750734329223633
2021-12-09,9.759363174438477
2021-12-10,9.767992973327637
2021-12-13,9.785250663757324
2021-12-14,9.776620864868164
2021-12-15,9.767992973327637
2021-12-16,9.793878555297852
2021-12-17,9.802505493164062
2021-12-20,9.802505493164062
2021-12-21,9.776620864868164
2021-12-22,9.776620864868164
2021-12-23,9.767992973327637
2021-12-27,9.767992973327637
2021-12-28,9.767992973327637
2021-12-29,9.742104530334473
2021-12-30,9.759363174438477
2021-12-31,9.768864631652832
2022-01-03,9.717041015625
2022-01-04,9.717041015625
2022-01-05,9.691125869750977
2022-01-06,9.665216445922852
2022-01-07,9.647941589355469
2022-01-10,9.63930606842041
2022-01-11,9.647941589355469
2022-01-12,9.656577110290527
2022-01-13,9.673852920532227
2022-01-14,9.630666732788086
2022-01-18,9.578840255737305
2022-01-19,9.596116065979004
2022-01-20,9.604753494262695
2022-01-21,9.630666732788086
2022-01-24,9.63930606842041
2022-01-25,9.630666732788086
2022-01-26,9.578840255737305
2022-01-27,9.587477684020996
2022-01-28,9.604753494262695
2022-01-31,9.613399505615234
2022-02-01,9.604753494262695
2022-02-02,9.62204647064209
2022-02-03,9.596108436584473
2022-02-04,9.535591125488281
2022-02-07,9.54423999786377
2022-02-08,9.518305778503418
2022-02-09,9.518305778503418
2022-02-10,9.449142456054688
2022-02-11,9.518305778503418
2022-02-14,9.475074768066406
2022-02-15,9.46643352508545
2022-02-16,9.475074768066406
2022-02-17,9.509654998779297
2022-02-18,9.526948928833008
2022-02-22,9.518305778503418
2022-02-23,9.501014709472656
2022-02-24,9.518305778503418
2022-02-25,9.509654998779297
2022-02-28,9.586660385131836
2022-03-01,9.655879974365234
2022-03-02,9.56070613861084
2022-03-03,9.578010559082031
2022-03-04,9.638574600219727
2022-03-07,9.612619400024414
2022-03-08,9.56070613861084
2022-03-09,9.52609920501709
2022-03-10,9.500140190124512
2022-03-11,9.491487503051758
2022-03-14,9.422269821166992
2022-03-15,9.413619041442871
2022-03-16,9.396312713623047
2022-03-17,9.387661933898926
2022-03-18,9.396312713623047
2022-03-21,9.31844425201416
2022-03-22,9.283833503723145
2022-03-23,9.31844425201416
2022-03-24,9.292489051818848
2022-03-25,9.22326946258545
2022-03-28,9.22326946258545
2022-03-29,9.249226570129395
2022-03-30,9.275184631347656
2022-03-31,9.28818130493164
2022-04-01,9.236188888549805
2022-04-04,9.244853973388672
2022-04-05,9.166877746582031
2022-04-06,9.158212661743164
2022-04-07,9.158212661743164
2022-04-08,9.132220268249512
2022-04-11,9.106226921081543
2022-04-12,9.14954948425293
2022-04-13,9.166877746582031
2022-04-14,9.106226921081543
2022-04-18,9.097565650939941
2022-04-19,9.054241180419922
2022-04-20,9.080235481262207
2022-04-21,9.045577049255371
2022-04-22,9.054241180419922
2022-04-25,9.088900566101074
2022-04-26,9.132220268249512
2022-04-27,9.106226921081543
2022-04-28,9.088900566101074
2022-04-29,9.066339492797852
2022-05-02,9.022960662841797
2022-05-03,9.031639099121094
2022-05-04,9.075013160705566
2022-05-05,9.022960662841797
2022-05-06,8.996933937072754
2022-05-09,9.048988342285156
2022-05-10,9.057668685913086
2022-05-11,9.083696365356445
2022-05-12,9.109724044799805
2022-05-13,9.083696365356445
2022-05-16,9.109724044799805
2022-05-17,9.057668685913086
2022-05-18,9.083696365356445
2022-05-19,9.109724044799805
2022-05-20,9.135750770568848
2022-05-23,9.10104751586914
2022-05-24,9.153101921081543
2022-05-25,9.170453071594238
2022-05-26,9.170453071594238
2022-05-27,9.170453071594238
2022-05-31,9.133087158203125
2022-06-01,9.089632987976074
2022-06-02,9.0983304977417
2022-06-03,9.089632987976074
2022-06-06,9.046188354492188
2022-06-07,9.063565254211426
2022-06-08,9.046188354492188
2022-06-09,9.037497520446777
2022-06-10,8.9592866897583
2022-06-13,8.855005264282227
2022-06-14,8.802868843078613
2022-06-15,8.889765739440918
2022-06-16,8.924528121948242
2022-06-17,8.9158353805542
2022-06-21,8.898457527160645
2022-06-22,8.967978477478027
2022-06-23,9.002732276916504
2022-06-24,8.985355377197266
2022-06-27,8.9592866897583
2022-06-28,8.9592866897583
2022-06-29,9.002732276916504
2022-06-30,9.057552337646484
2022-07-01,9.135863304138184
2022-07-05,9.153260231018066
2022-07-06,9.09235668182373
2022-07-07,9.048852920532227
2022-07-08,9.014043807983398
2022-07-11,9.057552337646484
2022-07-12,9.066255569458008
2022-07-13,9.074953079223633
2022-07-14,9.040151596069336
2022-07-15,9.057552337646484
2022-07-18,9.048852920532227
2022-07-19,9.014043807983398
2022-07-20,9.005346298217773
2022-07-21,9.083653450012207
2022-07-22,9.153260231018066
2022-07-25,9.135863304138184
2022-07-26,9.127157211303711
2022-07-27,9.153260231018066
2022-07-28,9.214168548583984
2022-07-29,9.231600761413574
2022-08-01,9.25775146484375
2022-08-02,9.161867141723633
2022-08-03,9.179293632507324
2022-08-04,9.214166641235352
2022-08-05,9.11827564239502
2022-08-08,9.144427299499512
2022-08-09,9.126996040344238
2022-08-10,9.135711669921875
2022-08-11,9.10084342956543
2022-08-12,9.11827564239502
2022-08-15,9.135711669921875
2022-08-16,9.11827564239502
2022-08-17,9.074690818786621
2022-08-18,9.092123031616211
2022-08-19,9.04853630065918
2022-08-22,9.022388458251953
2022-08-23,9.013668060302734
2022-08-24,8.987517356872559
2022-08-25,9.022388458251953
2022-08-26,9.004950523376465
2022-08-29,8.97008228302002
2022-08-30,8.97008228302002
2022-08-31,8.963096618652344
2022-09-01,8.928152084350586
2022-09-02,8.971829414367676
2022-09-06,8.901937484741211
2022-09-07,8.945624351501465
2022-09-08,8.919414520263672
2022-09-09,8.91067886352539
2022-09-12,8.901937484741211
2022-09-13,8.85826301574707
2022-09-14,8.849525451660156
2022-09-15,8.823319435119629
2022-09-16,8.832054138183594
2022-09-19,8.814583778381348
2022-09-20,8.779638290405273
2022-09-21,8.788375854492188
2022-09-22,8.709752082824707
2022-09-23,8.692279815673828
2022-09-26,8.6049222946167
2022-09-27,8.569974899291992
2022-09-28,8.701014518737793
2022-09-29,8.67480754852295
2022-09-30,8.671309471130371
2022-10-03,8.73255729675293
2022-10-04,8.750056266784668
2022-10-05,8.697559356689453
2022-10-06,8.662559509277344
2022-10-07,8.627557754516602
2022-10-10,8.610055923461914
2022-10-11,8.618806838989258
2022-10-12,8.636306762695312
2022-10-13,8.592555046081543
2022-10-14,8.56630802154541
2022-10-17,8.583806991577148
2022-10-18,8.60130786895752
2022-10-19,8.531307220458984
2022-10-20,8.487556457519531
2022-10-21,8.52255630493164
2022-10-24,8.52255630493164
2022-10-25,8.57505989074707
2022-10-26,8.60130786895752
2022-10-27,8.653806686401367
2022-10-28,8.610055923461914
2022-10-31,8.599535942077637
2022-11-01,8.590774536132812
2022-11-02,8.582005500793457
2022-11-03,8.546941757202148
2022-11-04,8.555708885192871
2022-11-07,8.529411315917969
2022-11-08,8.564470291137695
2022-11-09,8.590774536132812
2022-11-10,8.731029510498047
2022-11-11,8.722267150878906
2022-11-14,8.704732894897461
2022-11-15,8.748560905456543
2022-11-16,8.783629417419434
2022-11-17,8.739797592163086
2022-11-18,8.713499069213867
2022-11-21,8.713499069213867
2022-11-22,8.731029510498047
2022-11-23,8.757328987121582
2022-11-25,8.757328987121582
2022-11-28,8.766091346740723
2022-11-29,8.739797592163086
2022-11-30,8.81884765625
2022-12-01,8.889115333557129
2022-12-02,8.897902488708496
2022-12-05,8.827632904052734
2022-12-06,8.853983879089355
2022-12-07,8.906686782836914
2022-12-08,8.871549606323242
2022-12-09,8.83641529083252
2022-12-12,8.827632904052734
2022-12-13,8.889115333557129
2022-12-14,8.897902488708496
2022-12-15,8.906686782836914
2022-12-16,8.897902488708496
2022-12-19,8.853983879089355
2022-12-20,8.81884765625
2022-12-21,8.827632904052734
2022-12-22,8.81884765625
2022-12-23,8.792497634887695
2022-12-27,8.748578071594238
2022-12-28,8.73979663848877
2022-12-29,8.757362365722656
2022-12-30,8.750320434570312
2023-01-03,8.79433536529541
2023-01-04,8.829548835754395
2023-01-05,8.811943054199219
2023-01-06,8.899974822998047
2023-01-09,8.917579650878906
2023-01-10,8.891170501708984
2023-01-11,8.917579650878906
2023-01-12,8.979201316833496
2023-01-13,8.943990707397461
2023-01-17,8.935187339782715
2023-01-18,9.014412879943848
2023-01-19,8.996807098388672
2023-01-20,8.961591720581055
2023-01-23,8.935187339782715
2023-01-24,8.961591720581055
2023-01-25,8.970398902893066
2023-01-26,8.943990707397461
2023-01-27,8.935187339782715
2023-01-30,8.90877628326416
2023-01-31,8.964364051818848
2023-02-01,9.017301559448242
2023-02-02,9.017301559448242
2023-02-03,8.93789291381836
2023-02-06,8.86730670928955
2023-02-07,8.85848331451416
2023-02-08,8.876131057739258
2023-02-09,8.849661827087402
2023-02-10,8.823188781738281
2023-02-13,8.832016944885254
2023-02-14,8.787898063659668
2023-02-15,8.779074668884277
2023-02-16,8.761428833007812
2023-02-17,8.779074668884277
2023-02-21,8.708490371704102
2023-02-22,8.717310905456543
2023-02-23,8.743782043457031
2023-02-24,8.699664115905762
2023-02-27,8.717310905456543
2023-02-28,8.737651824951172
2023-03-01,8.693435668945312
2023-03-02,8.666903495788574
2023-03-03,8.702278137207031
2023-03-06,8.693435668945312
2023-03-07,8.675745010375977
2023-03-08,8.666903495788574
2023-03-09,8.719964027404785
2023-03-10,8.834936141967773
2023-03-13,8.941061973571777
2023-03-14,8.870311737060547
2023-03-15,8.976436614990234
2023-03-16,8.905684471130371
2023-03-17,8.994122505187988
2023-03-20,8.967591285705566
2023-03-21,8.896841049194336
2023-03-22,8.994122505187988
2023-03-23,9.038341522216797
2023-03-24,9.038341522216797
2023-03-27,8.958747863769531
2023-03-28,8.941061973571777
2023-03-29,8.93221664428711
2023-03-30,8.93221664428711
2023-03-31,8.996988296508789
2023-04-03,9.032476425170898
2023-04-04,9.085714340209961
2023-04-05,9.103464126586914
2023-04-06,9.103464126586914
2023-04-10,9.032476425170898
2023-04-11,9.023605346679688
2023-04-12,9.050225257873535
2023-04-13,9.032476425170898
2023-04-14,8.988114356994629
2023-04-17,8.952625274658203
2023-04-18,8.952625274658203
2023-04-19,8.943750381469727
2023-04-20,8.979241371154785
2023-04-21,8.96149730682373
2023-04-24,8.996988296508789
2023-04-25,9.067970275878906
2023-04-26,9.041352272033691
2023-04-27,8.988114356994629
2023-04-28,9.060202598571777
2023-05-01,8.989007949829102
2023-05-02,9.0780029296875
2023-05-03,9.122506141662598
2023-05-04,9.140305519104004
2023-05-05,9.086910247802734
2023-05-08,9.051304817199707
2023-05-09,9.04240894317627
2023-05-10,9.095804214477539
2023-05-11,9.113606452941895
2023-05-12,9.069106101989746
2023-05-15,9.060202598571777
2023-05-16,9.0335054397583
2023-05-17,9.006803512573242
2023-05-18,8.962305068969727
2023-05-19,8.9356050491333
2023-05-22,8.92670726776123
2023-05-23,8.9356050491333
2023-05-24,8.917807579040527
2023-05-25,8.85550594329834
2023-05-26,8.85550594329834
2023-05-30,8.917807579040527
2023-05-31,8.960644721984863
2023-06-01,8.987418174743652
2023-06-02,8.924943923950195
2023-06-05,8.924943923950195
2023-06-06,8.924943923950195
2023-06-07,8.88924503326416
2023-06-08,8.924943923950195
2023-06-09,8.898168563842773
2023-06-12,8.907094955444336
2023-06-13,8.853547096252441
2023-06-14,8.853547096252441
2023-06-15,8.907094955444336
2023-06-16,8.871394157409668
2023-06-20,8.88924503326416
2023-06-21,8.88924503326416
2023-06-22,8.853547096252441
2023-06-23,8.880321502685547
2023-06-26,8.88924503326416
2023-06-27,8.862472534179688
2023-06-28,8.88924503326416
2023-06-29,8.817845344543457
2023-06-30,8.850960731506348
2023-07-03,8.824109077453613
2023-07-05,8.79726505279541
2023-07-06,8.734614372253418
2023-07-07,8.74356746673584
2023-07-10,8.74356746673584
2023-07-11,8.788311958312988
2023-07-12,8.859908103942871
2023-07-13,8.922553062438965
2023-07-14,8.877808570861816
2023-07-17,8.886758804321289
2023-07-18,8.895706176757812
2023-07-19,8.913603782653809
2023-07-20,8.859908103942871
2023-07-21,8.859908103942871
2023-07-24,8.842009544372559
2023-07-25,8.824109077453613
2023-07-26,8.850960731506348
2023-07-27,8.779363632202148
2023-07-28,8.806207656860352
2023-07-31,8.841216087341309
2023-08-01,8.805315971374512
2023-08-02,8.79633617401123
2023-08-03,8.760437965393066
2023-08-04,8.832240104675293
2023-08-07,8.823265075683594
2023-08-08,8.850193977355957
2023-08-09,8.850193977355957
2023-08-10,8.79633617401123
2023-08-11,8.760437965393066
2023-08-14,8.742485046386719
2023-08-15,8.733508110046387
2023-08-16,8.715557098388672
2023-08-17,8.70658016204834
2023-08-18,8.724534034729004
2023-08-21,8.688629150390625
2023-08-22,8.67965316772461
2023-08-23,8.742485046386719
2023-08-24,8.724534034729004
2023-08-25,8.715557098388672
2023-08-28,8.733508110046387
2023-08-29,8.778386116027832
2023-08-30,8.778386116027832
2023-08-31,8.823405265808105
2023-09-01,8.787393569946289
2023-09-05,8.751379013061523
2023-09-06,8.724367141723633
2023-09-07,8.751379013061523
2023-09-08,8.751379013061523
2023-09-11,8.742372512817383
2023-09-12,8.742372512817383
2023-09-13,8.751379013061523
2023-09-14,8.742372512817383
2023-09-15,8.715360641479492
2023-09-18,8.724367141723633
2023-09-19,8.697355270385742
2023-09-20,8.688353538513184
2023-09-21,8.652337074279785
2023-09-22,8.670345306396484
2023-09-25,8.6343355178833
2023-09-26,8.6343355178833
2023-09-27,8.607318878173828
2023-09-28,8.6343355178833
2023-09-29,8.6605224609375
2023-10-02,8.61536979675293
2023-10-03,8.570213317871094
2023-10-04,8.606337547302246
2023-10-05,8.624399185180664
2023-10-06,8.588273048400879
2023-10-09,8.66955280303955
2023-10-10,8.651491165161133
2023-10-11,8.66955280303955
2023-10-12,8.61536979675293
2023-10-13,8.642457962036133
2023-10-16,8.61536979675293
2023-10-17,8.543121337890625
2023-10-18,8.516031265258789
2023-10-19,8.497966766357422
2023-10-20,8.543121337890625
2023-10-23,8.570213317871094
2023-10-24,8.570213317871094
2023-10-25,8.525060653686523
2023-10-26,8.570213317871094
2023-10-27,8.579243659973145
2023-10-30,8.56118392944336
2023-10-31,8.579301834106445
2023-11-01,8.642717361450195
2023-11-02,8.669893264770508
2023-11-03,8.724251747131348
2023-11-06,8.68801212310791
2023-11-07,8.715194702148438
2023-11-08,8.733312606811523
2023-11-09,8.669893264770508
2023-11-10,8.669893264770508
2023-11-13,8.669893264770508
2023-11-14,8.769548416137695
2023-11-15,8.724251747131348
2023-11-16,8.769548416137695
2023-11-17,8.760491371154785
2023-11-20,8.769548416137695
2023-11-21,8.778609275817871
2023-11-22,8.769548416137695
2023-11-24,8.742371559143066
2023-11-27,8.787670135498047
2023-11-28,8.823906898498535
2023-11-29,8.86014175415039
2023-11-30,8.851058006286621
2023-12-01,8.914666175842285
2023-12-04,8.887406349182129
2023-12-05,8.92375659942627
2023-12-06,8.94192886352539
2023-12-07,8.932842254638672
2023-12-08,8.887406349182129
2023-12-11,8.887406349182129
2023-12-12,8.905580520629883
2023-12-13,9.005542755126953
2023-12-14,9.050976753234863
2023-12-15,9.041890144348145
2023-12-18,9.032800674438477
2023-12-19,9.041890144348145
2023-12-20,9.078240394592285
2023-12-21,9.069154739379883
2023-12-22,9.069154739379883
2023-12-26,9.060064315795898
2023-12-27,9.11458969116211
2023-12-28,9.087327003479004
2023-12-29,9.106470108032227
2024-01-02,9.079121589660645
2024-01-03,9.088237762451172
2024-01-04,9.051775932312012
2024-01-05,9.03354549407959
2024-01-08,9.051775932312012
2024-01-09,9.051775932312012
2024-01-10,9.042659759521484
2024-01-11,9.079121589660645
2024-01-12,9.097354888916016
2024-01-16,9.051775932312012
2024-01-17,9.024428367614746
2024-01-18,9.006196975708008
2024-01-19,9.006196975708008
2024-01-22,9.024428367614746
2024-01-23,9.006196975708008
2024-01-24,8.98796558380127
2024-01-25,9.015314102172852
2024-01-26,9.006196975708008
2024-01-29,9.042659759521484
2024-01-30,9.042659759521484
2024-01-31,9.125872611999512
2024-02-01,9.162450790405273
2024-02-02,9.07100772857666
2024-02-05,9.006999969482422
2024-02-06,9.043575286865234
2024-02-07,9.034431457519531
2024-02-08,9.006999969482422
2024-02-09,8.997854232788086
2024-02-12,9.006999969482422
2024-02-13,8.924702644348145
2024-02-14,8.952132225036621
2024-02-15,8.970420837402344
2024-02-16,8.942987442016602
2024-02-20,8.952132225036621
2024-02-21,8.933844566345215
2024-02-22,8.924702644348145
2024-02-23,8.952132225036621
2024-02-26,8.933844566345215
2024-02-27,8.924702644348145
2024-02-28,8.952132225036621
2024-02-29,8.98790168762207
2024-03-01,9.024587631225586
2024-03-04,9.006245613098145
2024-03-05,9.042928695678711
2024-03-06,9.05210018157959
2024-03-07,9.070443153381348
2024-03-08,9.079615592956543
2024-03-11,9.061271667480469
2024-03-12,9.033759117126465
2024-03-13,9.015416145324707
2024-03-14,8.96038818359375
2024-03-15,8.951218605041504
2024-03-18,8.942045211791992
2024-03-19,8.969557762145996
2024-03-20,8.98790168762207
2024-03-21,8.98790168762207
2024-03-22,9.015416145324707
2024-03-25,8.997071266174316
2024-03-26,9.006245613098145
2024-03-27,9.024587631225586
2024-03-28,9.040236473083496
2024-04-01,8.985001564025879
2024-04-02,8.975794792175293
2024-04-03,8.985001564025879
2024-04-04,9.003414154052734
2024-04-05,8.96658706665039
2024-04-08,8.938972473144531
2024-04-09,8.96658706665039
2024-04-10,8.865324974060059
2024-04-11,8.865324974060059
2024-04-12,8.892940521240234
2024-04-15,8.856118202209473
2024-04-16,8.828500747680664
2024-04-17,8.865324974060059
2024-04-18,8.837705612182617
2024-04-19,8.84691047668457
2024-04-22,8.84691047668457
2024-04-23,8.856118202209473
2024-04-24,8.837705612182617
2024-04-25,8.810089111328125
2024-04-26,8.828500747680664
2024-04-29,8.84691047668457
2024-04-30,8.85338020324707
2024-05-01,8.881105422973633
2024-05-02,8.908831596374512
2024-05-03,8.945798873901367
2024-05-06,8.955038070678711
2024-05-07,8.964279174804688
2024-05-08,8.945798873901367
2024-05-09,8.964279174804688
2024-05-10,8.945798873901367
2024-05-13,8.945798873901367
2024-05-14,8.964279174804688
2024-05-15,9.019728660583496
2024-05-16,9.00124740600586
2024-05-17,8.982762336730957
2024-05-20,8.973523139953613
2024-05-21,8.982762336730957
2024-05-22,8.973523139953613
2024-05-23,8.945798873901367
2024-05-24,8.945798873901367
2024-05-28,8.918071746826172
2024-05-29,8.890348434448242
2024-05-30,8.918071746826172
2024-05-31,8.98763656616211
2024-06-03,9.024735450744629
2024-06-04,9.052562713623047
2024-06-05,9.080385208129883
2024-06-06,9.080385208129883
2024-06-07,9.006187438964844
2024-06-10,8.99691104888916
2024-06-11,9.024735450744629
2024-06-12,9.061838150024414
2024-06-13,9.10821533203125
2024-06-14,9.10821533203125
2024-06-17,9.080385208129883
2024-06-18,9.10821533203125
2024-06-20,9.089664459228516
2024-06-21,9.089664459228516
2024-06-24,9.098937034606934
2024-06-25,9.098937034606934
2024-06-26,9.061838150024414
2024-06-27,9.071114540100098
2024-06-28,9.08227825164795
2024-07-01,9.035752296447754
2024-07-02,9.054360389709473
2024-07-03,9.091585159301758
2024-07-05,9.138115882873535
2024-07-08,9.12880802154541
2024-07-09,9.12880802154541
2024-07-10,9.12880802154541
2024-07-11,9.175334930419922
2024-07-12,9.19394588470459
2024-07-15,9.175334930419922
2024-07-16,9.203254699707031
2024-07-17,9.203254699707031
2024-07-18,9.184640884399414
2024-07-19,9.166029930114746
2024-07-22,9.156723976135254
2024-07-23,9.166029930114746
2024-07-24,9.156723976135254
2024-07-25,9.166029930114746
2024-07-26,9.19394588470459
2024-07-29,9.203254699707031
2024-07-30,9.221864700317383
2024-07-31,9.299359321594238
2024-08-01,9.336705207824707
2024-08-02,9.448746681213379
2024-08-05,9.448746681213379
2024-08-06,9.38338851928711
2024-08-07,9.364717483520508
2024-08-08,9.346044540405273
2024-08-09,9.364717483520508
2024-08-12,9.38338851928711
2024-08-13,9.41140079498291
2024-08-14,9.420736312866211
2024-08-15,9.364717483520508
2024-08-16,9.374052047729492
2024-08-19,9.38338851928711
2024-08-20,9.41140079498291
2024-08-21,9.430074691772461
2024-08-22,9.392728805541992
2024-08-23,9.430074691772461
2024-08-26,9.420736312866211
2024-08-27,9.420736312866211
2024-08-28,9.420736312866211
2024-08-29,9.402064323425293
2024-08-30,9.414238929748535
2024-09-03,9.451709747314453
2024-09-04,9.498546600341797
2024-09-05,9.507912635803223
2024-09-06,9.52664852142334
2024-09-09,9.52664852142334
2024-09-10,9.564119338989258
2024-09-11,9.554750442504883
2024-09-12,9.536016464233398
2024-09-13,9.554750442504883
2024-09-16,9.573485374450684
2024-09-17,9.554750442504883
2024-09-18,9.52664852142334
2024-09-19,9.52664852142334
2024-09-20,9.52664852142334
2024-09-23,9.517281532287598
2024-09-24,9.52664852142334
2024-09-25,9.507912635803223
2024-09-26,9.489180564880371
2024-09-27,9.517281532287598
2024-09-30,9.518218994140625
2024-10-01,9.546408653259277
2024-10-02,9.527617454528809
2024-10-03,9.490034103393555
2024-10-04,9.405467987060547
2024-10-07,9.386675834655762
2024-10-08,9.386675834655762
2024-10-09,9.358487129211426
2024-10-10,9.367883682250977
2024-10-11,9.367883682250977
2024-10-14,9.349090576171875
2024-10-15,9.386675834655762
2024-10-16,9.396075248718262
2024-10-17,9.358487129211426
2024-10-18,9.367883682250977
2024-10-21,9.320903778076172
2024-10-22,9.311507225036621
2024-10-23,9.292716026306152
2024-10-24,9.302112579345703
2024-10-25,9.292716026306152
2024-10-28,9.273921012878418
2024-10-29,9.273921012878418
2024-10-30,9.25512981414795
2024-10-31,9.285296440124512
2024-11-01,9.247591018676758
2024-11-04,9.275871276855469
2024-11-05,9.275871276855469
2024-11-06,9.209883689880371
2024-11-07,9.266441345214844
2024-11-08,9.266441345214844
2024-11-11,9.247591018676758
2024-11-12,9.209883689880371
2024-11-13,9.209883689880371
2024-11-14,9.200456619262695
2024-11-15,9.209883689880371
2024-11-18,9.219308853149414
2024-11-19,9.228737831115723
2024-11-20,9.219308853149414
2024-11-21,9.219308853149414
2024-11-22,9.219308853149414
2024-11-25,9.285296440124512
2024-11-26,9.266441345214844
2024-11-27,9.294721603393555
2024-11-29,9.353360176086426
2024-12-02,9.343902587890625
2024-12-03,9.334442138671875
2024-12-04,9.353360176086426
2024-12-05,9.353360176086426
2024-12-06,9.372274398803711
2024-12-09,9.353360176086426
2024-12-10,9.343902587890625
2024-12-11,9.32498550415039
2024-12-12,9.296612739562988
2024-12-13,9.268241882324219
2024-12-16,9.268241882324219
2024-12-17,9.268241882324219
2024-12-18,9.202040672302246
2024-12-19,9.183126449584961
2024-12-20,9.202040672302246
2024-12-23,9.17366886138916
2024-12-24,9.17366886138916
2024-12-26,9.183126449584961
2024-12-27,9.16421127319336
2024-12-30,9.21149730682373
2024-12-31,9.233323097229004
2025-01-02,9.233323097229004
2025-01-03,9.214344024658203
2025-01-06,9.214344024658203
2025-01-07,9.18587589263916
2025-01-08,9.195365905761719
2025-01-10,9.138429641723633
2025-01-13,9.119449615478516
2025-01-14,9.12894058227539
2025-01-15,9.195365905761719
2025-01-16,9.214344024658203
2025-01-17,9.214344024658203
2025-01-21,9.233323097229004
2025-01-22,9.214344024658203
2025-01-23,9.195365905761719
2025-01-24,9.214344024658203
2025-01-27,9.26179313659668
2025-01-28,9.26179313659668
2025-01-29,9.252301216125488
2025-01-30,9.26179313659668
2025-01-31,9.283690452575684
2025-02-03,9.283690452575684
2025-02-04,9.293212890625
2025-02-05,9.33130168914795
2025-02-06,9.321781158447266
2025-02-07,9.293212890625
2025-02-10,9.293212890625
2025-02-11,9.274170875549316
2025-02-12,9.226563453674316
2025-02-13,9.274170875549316
2025-02-14,9.30273723602295
2025-02-18,9.264647483825684
2025-02-19,9.274170875549316
2025-02-20,9.293212890625
2025-02-21,9.33130168914795
2025-02-24,9.340825080871582
2025-02-25,9.39795207977295
2025-02-26,9.416997909545898
2025-02-27,9.407475471496582
2025-02-28,9.47529125213623
2025-03-03,9.494394302368164
2025-03-04,9.484843254089355
2025-03-05,9.43708610534668
2025-03-06,9.43708610534668
2025-03-07,9.427533149719238
2025-03-10,9.484843254089355
2025-03-11,9.45619010925293
2025-03-12,9.43708610534668
2025-03-13,9.45619010925293
2025-03-14,9.427533149719238
2025-03-17,9.427533149719238
2025-03-18,9.43708610534668
2025-03-19,9.465739250183105
2025-03-20,9.47529125213623
2025-03-21,9.465739250183105
2025-03-24,9.427533149719238
2025-03-25,9.43708610534668
2025-03-26,9.427533149719238
2025-03-27,9.41798210144043
2025-03-28,9.47529125213623
2025-03-31,9.527047157287598
2025-04-01,9.546217918395996
2025-04-02,9.536633491516113
2025-04-03,9.622894287109375
2025-04-04,9.632477760314941
2025-04-07,9.555803298950195
2025-04-08,9.527047157287598
2025-04-09,9.479126930236816
2025-04-10,9.459957122802734
2025-04-11,9.412033081054688
2025-04-14,9.469541549682617
2025-04-15,9.488712310791016
2025-04-16,9.527047157287598
2025-04-17,9.527047157287598
2025-04-21,9.479126930236816
2025-04-22,9.479126930236816
2025-04-23,9.469541549682617
2025-04-24,9.507879257202148
2025-04-25,9.536633491516113
2025-04-28,9.565386772155762
2025-04-29,9.59414005279541
2025-04-30,9.64510726928711
2025-05-01,9.60664176940918
2025-05-02,9.548943519592285
2025-05-05,9.539327621459961
2025-05-06,9.55855941772461
2025-05-07,9.55855941772461
2025-05-08,9.510479927062988
2025-05-09,9.510479927062988
2025-05-12,9.462398529052734
2025-05-13,9.452781677246094
2025-05-14,9.433551788330078
2025-05-15,9.4816312789917
2025-05-16,9.472015380859375
2025-05-19,9.472015380859375
2025-05-20,9.472015380859375
2025-05-21,9.433551788330078
2025-05-22,9.452781677246094
2025-05-23,9.462398529052734
2025-05-27,9.491247177124023
2025-05-28,9.472015380859375
2025-05-29,9.500864028930664
2025-05-30,9.56261920928955
2025-06-02,9.533671379089355
2025-06-03,9.524022102355957
2025-06-04,9.57226848602295
2025-06-05,9.54332160949707
2025-06-06,9.485424041748047
2025-06-09,9.495073318481445
2025-06-10,9.504722595214844
2025-06-11,9.533671379089355
2025-06-12,9.56261920928955
2025-06-13,9.54332160949707
2025-06-16,9.524022102355957
2025-06-17,9.552971839904785
2025-06-18,9.552971839904785
2025-06-20,9.56261920928955
2025-06-23,9.591567993164062
2025-06-24,9.591567993164062
2025-06-25,9.62051773071289
2025-06-26,9.639815330505371
2025-06-27,9.62051773071289
2025-06-30,9.681511878967285
2025-07-01,9.662147521972656
2025-07-02,9.642784118652344
2025-07-03,9.613739013671875
2025-07-07,9.594375610351562
2025-07-08,9.584695816040039
2025-07-09,9.623420715332031
2025-07-10,9.613739013671875
2025-07-11,9.584695816040039
2025-07-14,9.584695816040039
2025-07-15,9.555649757385254
2025-07-16,9.575013160705566
2025-07-17,9.575013160705566
2025-07-18,9.594375610351562
2025-07-21,9.613739013671875
2025-07-22,9.633101463317871
2025-07-23,9.604057312011719
2025-07-24,9.594375610351562
2025-07-25,9.604057312011719
2025-07-28,9.594375610351562
2025-07-29,9.633101463317871
2025-07-30,9.604057312011719
2025-07-31,9.636112213134766
2025-08-01,9.733251571655273
2025-08-04,9.733251571655273
2025-08-05,9.733251571655273
2025-08-06,9.723536491394043
2025-08-07,9.723536491394043
2025-08-08,9.69439697265625
2025-08-11,9.69439697265625
2025-08-12,9.69439697265625
2025-08-13,9.723536491394043
2025-08-14,9.704110145568848
2025-08-15,9.684682846069336
2025-08-18,9.674968719482422
2025-08-19,9.69439697265625
2025-08-20,9.704110145568848
2025-08-21,9.684682846069336
2025-08-22,9.723536491394043
2025-08-25,9.704110145568848
2025-08-26,9.733251571655273
2025-08-27,9.742965698242188
2025-08-28,9.752677917480469
2025-08-29,9.784838676452637
2025-09-02,9.765348434448242
2025-09-03,9.784838676452637
2025-09-04,9.814078330993652
2025-09-05,9.843315124511719
2025-09-08,9.86280632019043
2025-09-09,9.843315124511719
2025-09-10,9.853060722351074
2025-09-11,9.86280632019043
2025-09-12,9.83357048034668
2025-09-15,9.843315124511719
2025-09-16,9.853060722351074
2025-09-17,9.83357048034668
2025-09-18,9.814078330993652
2025-09-19,9.804332733154297
2025-09-22,9.794586181640625
2025-09-23,9.814078330993652
2025-09-24,9.794586181640625
2025-09-25,9.775094985961914
2025-09-26,9.765348434448242
2025-09-29,9.784838676452637
2025-09-30,9.816125869750977
2025-10-01,9.845458030700684
2025-10-02,9.845458030700684
2025-10-03,9.82590389251709
2025-10-06,9.806349754333496
2025-10-07,9.82590389251709
2025-10-08,9.82590389251709
2025-10-09,9.816125869750977
2025-10-10,9.865013122558594
2025-10-13,9.874788284301758
2025-10-14,9.884565353393555
2025-10-15,9.874788284301758
2025-10-16,9.913897514343262
2025-10-17,9.894343376159668
2025-10-20,9.904118537902832
2025-10-21,9.913897514343262
2025-10-22,9.913897514343262
2025-10-23,9.894343376159668
2025-10-24,9.894343376159668
2025-10-27,9.894343376159668
2025-10-28,9.894343376159668
2025-10-29,9.845458030700684
2025-10-30,9.835680961608887
2025-10-31,9.868051528930664
2025-11-03,9.868051528930664
2025-11-04,9.877861022949219
2025-11-05,9.838624000549316
2025-11-06,9.877861022949219
2025-11-07,9.887669563293457
2025-11-10,9.868051528930664
2025-11-11,9.897480010986328
2025-11-12,9.897480010986328
2025-11-13,9.877861022949219
2025-11-14,9.85824203491211
2025-11-17,9.868051528930664
2025-11-18,9.877861022949219
2025-11-19,9.877861022949219
2025-11-20,9.897480010986328
2025-11-21,9.917097091674805
2025-11-24,9.92690658569336
2025-11-25,9.946524620056152
2025-11-26,9.946524620056152
2025-11-28,9.958332061767578
2025-12-01,9.91897201538086
2025-12-02,9.928812980651855
2025-12-03,9.938652992248535
2025-12-04,9.91897201538086
2025-12-05,9.8992919921875
2025-12-08,9.879610061645508
2025-12-09,9.869771003723145
2025-12-10,9.88945198059082
2025-12-11,9.8992919921875
2025-12-12,9.879610061645508
2025-12-15,9.88945198059082
2025-12-16,9.909132957458496
2025-12-17,9.909132957458496
2025-12-18,9.91897201538086
2025-12-19,9.8992919921875
2025-12-22,9.88945198059082
2025-12-23,9.88945198059082
2025-12-24,9.8992919921875
2025-12-26,9.909132957458496
2025-12-29,9.91897201538086
2025-12-30,9.91897201538086
2025-12-31,9.931806564331055
2026-01-02,9.912060737609863
2026-01-05,9.931806564331055
2026-01-06,9.931806564331055
2026-01-07,9.941679000854492
2026-01-08,9.921934127807617
2026-01-09,9.912060737609863
2026-01-12,9.912060737609863
2026-01-13,9.921934127807617
2026-01-14,9.931806564331055
2026-01-15,9.912060737609863
2026-01-16,9.88244342803955
2026-01-20,9.862698554992676
2026-01-21,9.872570991516113
2026-01-22,9.872570991516113
2026-01-23,9.88244342803955
2026-01-26,9.88244342803955
2026-01-27,9.88244342803955
2026-01-28,9.872570991516113
2026-01-29,9.892316818237305
2026-01-30,9.925003051757812
2026-02-02,9.905193328857422
2026-02-03,9.905193328857422
2026-02-04,9.905193328857422
2026-02-05,9.954718589782715
2026-02-06,9.94481372833252
2026-02-09,9.954718589782715
2026-02-10,9.974529266357422
2026-02-11,9.954718589782715
2026-02-12,10.00424575805664
2026-02-13,10.024054527282715
2026-02-17,10.024054527282715
2026-02-18,10.00424575805664
2026-02-19,10.01414966583252
2026-02-20,10.00424575805664
2026-02-23,10.033960342407227
2026-02-24,10.033960342407227
2026-02-25,10.024054527282715
2026-02-26,10.043865203857422
2026-02-27,10.103473663330078
2026-03-02,10.053799629211426
2026-03-03,10.043865203857422
2026-03-04,10.023996353149414
2026-03-05,10.004127502441406
2026-03-06,9.994193077087402
2026-03-09,10.01406192779541
2026-03-10,9.994193077087402
2026-03-11,9.964388847351074
2026-03-12,9.924650192260742
2026-03-13,9.924650192260742
2026-03-16,9.95445442199707
2026-03-17,9.964388847351074
2026-03-18,9.924650192260742
2026-03-19,9.914715766906738
2026-03-20,9.845173835754395
2026-03-23,9.874977111816406
2026-03-24,9.845173835754395
2026-03-25,9.874977111816406
2026-03-26,9.815370559692383
2026-03-27,9.825304985046387
2026-03-30,9.874977111816406
2026-03-31,9.917838096618652
2026-04-01,9.907870292663574
2026-04-02,9.917838096618652
2026-04-06,9.897903442382812
2026-04-07,9.917838096618652
2026-04-08,9.937774658203125
2026-04-09,9.937774658203125
2026-04-10,9.92780590057373
2026-04-13,9.937774658203125
2026-04-14,9.967677116394043
2026-04-15,9.947741508483887
2026-04-16,9.937774658203125
2026-04-17,9.977644920349121
2026-04-20,9.967677116394043
2026-04-21,9.92780590057373
2026-04-22,9.937774658203125
2026-04-23,9.917838096618652
2026-04-24,9.937774658203125
2026-04-27,9.92780590057373
2026-04-28,9.907870292663574
2026-04-29,9.868000030517578
2026-04-30,9.920000076293945
2026-05-01,9.920000076293945
2026-05-04,9.890000343322754
2026-05-05,9.899999618530273
2026-05-06,9.9399995803833
2026-05-07,9.90999984741211
2026-05-08,9.930000305175781
2026-05-11,9.899999618530273
2026-05-12,9.880000114440918
2026-05-13,9.880000114440918
2026-05-14,9.869999885559082
2026-05-15,9.8100004196167
2026-05-18,9.8100004196167
2026-05-19,9.779999732971191
2026-05-20,9.819999694824219
2026-05-21,9.819999694824219
2026-05-22,9.819999694824219
