Date,Close
1996-05-13,2.3865115642547607
1996-05-14,2.3936703205108643
1996-05-15,2.3936703205108643
1996-05-16,2.3865115642547607
1996-05-17,2.3912837505340576
1996-05-20,2.3960578441619873
1996-05-21,2.3936703205108643
1996-05-22,2.3984434604644775
1996-05-23,2.3960578441619873
1996-05-24,2.3936703205108643
1996-05-28,2.3912837505340576
1996-05-29,2.3936703205108643
1996-05-30,2.3936703205108643
1996-05-31,2.4032163619995117
1996-06-03,2.4032163619995117
1996-06-04,2.405604124069214
1996-06-05,2.415148973464966
1996-06-06,2.4127631187438965
1996-06-07,2.4008305072784424
1996-06-10,2.4127631187438965
1996-06-11,2.4199230670928955
1996-06-12,2.4127631187438965
1996-06-13,2.415148973464966
1996-06-14,2.431854724884033
1996-06-17,2.431854724884033
1996-06-18,2.4294700622558594
1996-06-19,2.417536497116089
1996-06-20,2.4127631187438965
1996-06-21,2.417536497116089
1996-06-24,2.427081346511841
1996-06-25,2.4318687915802
1996-06-26,2.439049482345581
1996-06-27,2.4366579055786133
1996-06-28,2.446230411529541
1996-07-01,2.451016902923584
1996-07-02,2.4558048248291016
1996-07-03,2.4558048248291016
1996-07-05,2.446230411529541
1996-07-08,2.441443681716919
1996-07-09,2.4438364505767822
1996-07-10,2.439049482345581
1996-07-11,2.424689292907715
1996-07-12,2.4270825386047363
1996-07-15,2.417508363723755
1996-07-16,2.4103262424468994
1996-07-17,2.415114164352417
1996-07-18,2.4366579055786133
1996-07-19,2.4438364505767822
1996-07-22,2.4318687915802
1996-07-23,2.4270825386047363
1996-07-24,2.4103262424468994
1996-07-25,2.4103262424468994
1996-07-26,2.4222941398620605
1996-07-29,2.4318687915802
1996-07-30,2.439049482345581
1996-07-31,2.451016902923584
1996-08-01,2.4629859924316406
1996-08-02,2.491708517074585
1996-08-05,2.491708517074585
1996-08-06,2.484528064727783
1996-08-07,2.4869213104248047
1996-08-08,2.4893147945404053
1996-08-09,2.4893147945404053
1996-08-12,2.4964969158172607
1996-08-13,2.5012824535369873
1996-08-14,2.5036754608154297
1996-08-15,2.5036754608154297
1996-08-16,2.510857105255127
1996-08-19,2.5204317569732666
1996-08-20,2.5276126861572266
1996-08-21,2.5252175331115723
1996-08-22,2.5347917079925537
1996-08-23,2.5347917079925537
1996-08-26,2.5300066471099854
1996-08-27,2.5395805835723877
1996-08-28,2.5371859073638916
1996-08-29,2.5443673133850098
1996-08-30,2.5443673133850098
1996-09-03,2.549154043197632
1996-09-04,2.5515477657318115
1996-09-05,2.5443673133850098
1996-09-06,2.549154043197632
1996-09-09,2.5635156631469727
1996-09-10,2.575483560562134
1996-09-11,2.570695400238037
1996-09-12,2.575483560562134
1996-09-13,2.5826637744903564
1996-09-16,2.5898451805114746
1996-09-17,2.5874502658843994
1996-09-18,2.575483560562134
1996-09-19,2.575483560562134
1996-09-20,2.5826637744903564
1996-09-23,2.575483560562134
1996-09-24,2.575483560562134
1996-09-25,2.5827295780181885
1996-09-26,2.5948104858398438
1996-09-27,2.597227096557617
1996-09-30,2.6020596027374268
1996-10-01,2.611722707748413
1996-10-02,2.614140033721924
1996-10-03,2.6213886737823486
1996-10-04,2.6358842849731445
1996-10-07,2.6334686279296875
1996-10-08,2.6358842849731445
1996-10-09,2.6262199878692627
1996-10-10,2.623802661895752
1996-10-11,2.6334686279296875
1996-10-14,2.640716791152954
1996-10-15,2.638300657272339
1996-10-16,2.640716791152954
1996-10-17,2.638300657272339
1996-10-18,2.638300657272339
1996-10-21,2.638300657272339
1996-10-22,2.638300657272339
1996-10-23,2.645547389984131
1996-10-24,2.6503796577453613
1996-10-25,2.6552112102508545
1996-10-28,2.6503796577453613
1996-10-29,2.6552112102508545
1996-10-30,2.645547389984131
1996-10-31,2.6697070598602295
1996-11-01,2.686622142791748
1996-11-04,2.691452980041504
1996-11-05,2.7059497833251953
1996-11-06,2.7276928424835205
1996-11-07,2.7276928424835205
1996-11-08,2.74460506439209
1996-11-11,2.747020721435547
1996-11-12,2.754270315170288
1996-11-13,2.7615177631378174
1996-11-14,2.7615177631378174
1996-11-15,2.7615177631378174
1996-11-18,2.7760138511657715
1996-11-19,2.783262014389038
1996-11-20,2.7856767177581787
1996-11-21,2.771181106567383
1996-11-22,2.763932704925537
1996-11-25,2.7784292697906494
1996-11-26,2.771181106567383
1996-11-27,2.783262014389038
1996-11-29,2.7905094623565674
1996-12-02,2.8050036430358887
1996-12-03,2.829167127609253
1996-12-04,2.824333667755127
1996-12-05,2.833996534347534
1996-12-06,2.829167127609253
1996-12-09,2.8654065132141113
1996-12-10,2.8943984508514404
1996-12-11,2.887151002883911
1996-12-12,2.901648759841919
1996-12-13,2.9209742546081543
1996-12-16,2.901648759841919
1996-12-17,2.9113094806671143
1996-12-18,2.923391819000244
1996-12-19,2.981374502182007
1996-12-20,2.986208438873291
1996-12-23,2.993454933166504
1996-12-24,3.005535125732422
1996-12-26,3.0224483013153076
1996-12-27,3.0593669414520264
1996-12-30,3.0765976905822754
1996-12-31,3.1061317920684814
1997-01-02,3.0372161865234375
1997-01-03,3.024909019470215
1997-01-06,3.0396759510040283
1997-01-07,3.0519843101501465
1997-01-08,3.0593669414520264
1997-01-09,3.0716729164123535
1997-01-10,3.069211483001709
1997-01-13,3.088902711868286
1997-01-14,3.1061317920684814
1997-01-15,3.111053705215454
1997-01-16,3.1135141849517822
1997-01-17,3.1233599185943604
1997-01-20,3.1282827854156494
1997-01-21,3.1307454109191895
1997-01-22,3.1282827854156494
1997-01-23,3.125821828842163
1997-01-24,3.103670120239258
1997-01-27,3.0839786529541016
1997-01-28,3.0815188884735107
1997-01-29,3.0790562629699707
1997-01-30,3.093824625015259
1997-01-31,3.111053705215454
1997-02-03,3.1184370517730713
1997-02-04,3.1061317920684814
1997-02-05,3.088902711868286
1997-02-06,3.093824625015259
1997-02-07,3.1159780025482178
1997-02-10,3.1085939407348633
1997-02-11,3.1085939407348633
1997-02-12,3.1061317920684814
1997-02-13,3.1208996772766113
1997-02-14,3.1184370517730713
1997-02-18,3.1282827854156494
1997-02-19,3.1307454109191895
1997-02-20,3.1184370517730713
1997-02-21,3.111053705215454
1997-02-24,3.1085939407348633
1997-02-25,3.1159780025482178
1997-02-26,3.103670120239258
1997-02-27,3.0962862968444824
1997-02-28,3.1012074947357178
1997-03-03,3.1233599185943604
1997-03-04,3.145510673522949
1997-03-05,3.1578190326690674
1997-03-06,3.1799697875976562
1997-03-07,3.207043409347534
1997-03-10,3.219350576400757
1997-03-11,3.2242727279663086
1997-03-12,3.214426040649414
1997-03-13,3.199659824371338
1997-03-14,3.2119667530059814
1997-03-17,3.199659824371338
1997-03-18,3.184891939163208
1997-03-19,3.192274332046509
1997-03-20,3.1971988677978516
1997-03-21,3.1898133754730225
1997-03-24,3.1898133754730225
1997-03-25,3.199713706970215
1997-03-26,3.2071356773376465
1997-03-27,3.1749680042266846
1997-03-31,3.1131014823913574
1997-04-01,3.098252773284912
1997-04-02,3.075981616973877
1997-04-03,3.056182622909546
1997-04-04,3.056182622909546
1997-04-07,3.0908291339874268
1997-04-08,3.10072660446167
1997-04-09,3.098252773284912
1997-04-10,3.0883543491363525
1997-04-11,3.058659553527832
1997-04-14,3.0314371585845947
1997-04-15,3.051234006881714
1997-04-16,3.0413360595703125
1997-04-17,3.028961658477783
1997-04-18,3.038862705230713
1997-04-21,3.0314371585845947
1997-04-22,3.024014711380005
1997-04-23,3.0066914558410645
1997-04-24,2.986893892288208
1997-04-25,2.98442006111145
1997-04-28,2.986893892288208
1997-04-29,3.024014711380005
1997-04-30,3.016589641571045
1997-05-01,3.033911943435669
1997-05-02,3.0735058784484863
1997-05-05,3.098252773284912
1997-05-06,3.0908291339874268
1997-05-07,3.063608169555664
1997-05-08,3.056182622909546
1997-05-09,3.066082239151001
1997-05-12,3.071033477783203
1997-05-13,3.066082239151001
1997-05-14,3.0735058784484863
1997-05-15,3.0858798027038574
1997-05-16,3.0834054946899414
1997-05-19,3.0883543491363525
1997-05-20,3.0883543491363525
1997-05-21,3.0858798027038574
1997-05-22,3.0858798027038574
1997-05-23,3.10072660446167
1997-05-27,3.0933053493499756
1997-05-28,3.098252773284912
1997-05-29,3.0933053493499756
1997-05-30,3.1056766510009766
1997-06-02,3.110626220703125
1997-06-03,3.1081533432006836
1997-06-04,3.10072660446167
1997-06-05,3.1081533432006836
1997-06-06,3.1254754066467285
1997-06-09,3.130422830581665
1997-06-10,3.1353719234466553
1997-06-11,3.1477468013763428
1997-06-12,3.1675424575805664
1997-06-13,3.2145607471466064
1997-06-16,3.2269339561462402
1997-06-17,3.2145607471466064
1997-06-18,3.2145607471466064
1997-06-19,3.224459648132324
1997-06-20,3.2096107006073
1997-06-23,3.20218825340271
1997-06-24,3.192289113998413
1997-06-25,3.195054769515991
1997-06-26,3.2151646614074707
1997-06-27,3.235276460647583
1997-06-30,3.2679548263549805
1997-07-01,3.2679548263549805
1997-07-02,3.2679548263549805
1997-07-03,3.280524253845215
1997-07-07,3.280524253845215
1997-07-08,3.283038377761841
1997-07-09,3.2679548263549805
1997-07-10,3.280524253845215
1997-07-11,3.295607089996338
1997-07-14,3.3081767559051514
1997-07-15,3.3157172203063965
1997-07-16,3.330801010131836
1997-07-17,3.3408563137054443
1997-07-18,3.3408563137054443
1997-07-21,3.325773000717163
1997-07-22,3.3408563137054443
1997-07-23,3.3584542274475098
1997-07-24,3.3659956455230713
1997-07-25,3.3659956455230713
1997-07-28,3.35593843460083
1997-07-29,3.3458845615386963
1997-07-30,3.36096453666687
1997-07-31,3.36096453666687
1997-08-01,3.3659956455230713
1997-08-04,3.363478660583496
1997-08-05,3.3785600662231445
1997-08-06,3.3961586952209473
1997-08-07,3.3911314010620117
1997-08-08,3.363478660583496
1997-08-11,3.343369483947754
1997-08-12,3.338343620300293
1997-08-13,3.3232576847076416
1997-08-14,3.333313465118408
1997-08-15,3.318230628967285
1997-08-18,3.3207435607910156
1997-08-19,3.330801010131836
1997-08-20,3.3358287811279297
1997-08-21,3.3207435607910156
1997-08-22,3.318230628967285
1997-08-25,3.3157172203063965
1997-08-26,3.318230628967285
1997-08-27,3.318230628967285
1997-08-28,3.3207435607910156
1997-08-29,3.3358287811279297
1997-09-02,3.343369483947754
1997-09-03,3.3509116172790527
1997-09-04,3.363478660583496
1997-09-05,3.3659956455230713
1997-09-08,3.3911314010620117
1997-09-09,3.4037015438079834
1997-09-10,3.416269540786743
1997-09-11,3.428839921951294
1997-09-12,3.4564902782440186
1997-09-15,3.4766035079956055
1997-09-16,3.4891703128814697
1997-09-17,3.484142541885376
1997-09-18,3.501739501953125
1997-09-19,3.496711015701294
1997-09-22,3.5117948055267334
1997-09-23,3.5243642330169678
1997-09-24,3.537104845046997
1997-09-25,3.552396774291992
1997-09-26,3.565139055252075
1997-09-29,3.6110076904296875
1997-09-30,3.6441354751586914
1997-10-01,3.654329538345337
1997-10-02,3.6568803787231445
1997-10-03,3.690006732940674
1997-10-06,3.7154908180236816
1997-10-07,3.710391044616699
1997-10-08,3.705296516418457
1997-10-09,3.6721668243408203
1997-10-10,3.6594247817993164
1997-10-13,3.654329538345337
1997-10-14,3.6594247817993164
1997-10-15,3.661975383758545
1997-10-16,3.639040231704712
1997-10-17,3.6084587574005127
1997-10-20,3.616105318069458
1997-10-21,3.628847599029541
1997-10-22,3.621201992034912
1997-10-23,3.590620994567871
1997-10-24,3.595716953277588
1997-10-27,3.4759466648101807
1997-10-28,3.488687515258789
1997-10-29,3.5243661403656006
1997-10-30,3.506524085998535
1997-10-31,3.542202949523926
1997-11-03,3.5574934482574463
1997-11-04,3.554943323135376
1997-11-05,3.5625898838043213
1997-11-06,3.5574934482574463
1997-11-07,3.5243661403656006
1997-11-10,3.511622190475464
1997-11-11,3.493781089782715
1997-11-12,3.4632039070129395
1997-11-13,3.4555578231811523
1997-11-14,3.4963314533233643
1997-11-17,3.539653778076172
1997-11-18,3.56003999710083
1997-11-19,3.5625898838043213
1997-11-20,3.575331449508667
1997-11-21,3.5931708812713623
1997-11-24,3.585524082183838
1997-11-25,3.590620994567871
1997-11-26,3.5931708812713623
1997-11-28,3.6033620834350586
1997-12-01,3.621201992034912
1997-12-02,3.6110076904296875
1997-12-03,3.6084587574005127
1997-12-04,3.621201992034912
1997-12-05,3.6186516284942627
1997-12-08,3.626298666000366
1997-12-09,3.6084587574005127
1997-12-10,3.595716953277588
1997-12-11,3.5829758644104004
1997-12-12,3.585524082183838
1997-12-15,3.577880859375
1997-12-16,3.590620994567871
1997-12-17,3.5982658863067627
1997-12-18,3.595716953277588
1997-12-19,3.566838026046753
1997-12-22,3.559035062789917
1997-12-23,3.587653160095215
1997-12-24,3.5902531147003174
1997-12-26,3.6006622314453125
1997-12-29,3.6396868228912354
1997-12-30,3.6865148544311523
1997-12-31,3.683912992477417
1998-01-02,3.6761081218719482
1998-01-05,3.673506498336792
1998-01-06,3.663100004196167
1998-01-07,3.660499334335327
1998-01-08,3.6552937030792236
1998-01-09,3.624074697494507
1998-01-12,3.61366868019104
1998-01-13,3.6292784214019775
1998-01-14,3.6500911712646484
1998-01-15,3.6552937030792236
1998-01-16,3.657895088195801
1998-01-20,3.681312322616577
1998-01-21,3.665703773498535
1998-01-22,3.665703773498535
1998-01-23,3.665703773498535
1998-01-26,3.6526951789855957
1998-01-27,3.660499334335327
1998-01-28,3.668304443359375
1998-01-29,3.6552937030792236
1998-01-30,3.637085199356079
1998-02-02,3.637085199356079
1998-02-03,3.647488594055176
1998-02-04,3.663100004196167
1998-02-05,3.6526951789855957
1998-02-06,3.663100004196167
1998-02-09,3.6526951789855957
1998-02-10,3.663100004196167
1998-02-11,3.6552937030792236
1998-02-12,3.631880044937134
1998-02-13,3.6266791820526123
1998-02-17,3.61366868019104
1998-02-18,3.605863571166992
1998-02-19,3.5824496746063232
1998-02-20,3.5642378330230713
1998-02-23,3.5824496746063232
1998-02-24,3.5824496746063232
1998-02-25,3.592855453491211
1998-02-26,3.5850512981414795
1998-02-27,3.5772461891174316
1998-03-02,3.572042942047119
1998-03-03,3.569441318511963
1998-03-04,3.559035062789917
1998-03-05,3.538221597671509
1998-03-06,3.5538294315338135
1998-03-09,3.533017158508301
1998-03-10,3.533017158508301
1998-03-11,3.5226120948791504
1998-03-12,3.525214195251465
1998-03-13,3.5226120948791504
1998-03-16,3.5278139114379883
1998-03-17,3.5356204509735107
1998-03-18,3.5278139114379883
1998-03-19,3.525214195251465
1998-03-20,3.559035062789917
1998-03-23,3.569441318511963
1998-03-24,3.5798468589782715
1998-03-25,3.6110682487487793
1998-03-26,3.6422858238220215
1998-03-27,3.647792100906372
1998-03-30,3.6530394554138184
1998-03-31,3.668773889541626
1998-04-01,3.6740198135375977
1998-04-02,3.679264783859253
1998-04-03,3.6766414642333984
1998-04-06,3.6740198135375977
1998-04-07,3.6923749446868896
1998-04-08,3.6713953018188477
1998-04-09,3.6556615829467773
1998-04-13,3.6451728343963623
1998-04-14,3.639927387237549
1998-04-15,3.6346824169158936
1998-04-16,3.608457326889038
1998-04-17,3.600590944290161
1998-04-20,3.587479829788208
1998-04-21,3.5612540245056152
1998-04-22,3.563876152038574
1998-04-23,3.548140287399292
1998-04-24,3.535029888153076
1998-04-27,3.487825632095337
1998-04-28,3.506183385848999
1998-04-29,3.527162551879883
1998-04-30,3.5455188751220703
1998-05-01,3.584855556488037
1998-05-04,3.597968578338623
1998-05-05,3.597968578338623
1998-05-06,3.579611301422119
1998-05-07,3.579611301422119
1998-05-08,3.5822324752807617
1998-05-11,3.563876152038574
1998-05-12,3.563876152038574
1998-05-13,3.563876152038574
1998-05-14,3.556008815765381
1998-05-15,3.548140287399292
1998-05-18,3.548140287399292
1998-05-19,3.548140287399292
1998-05-20,3.529785633087158
1998-05-21,3.516671895980835
1998-05-22,3.516671895980835
1998-05-26,3.490450620651245
1998-05-27,3.485203266143799
1998-05-28,3.490450620651245
1998-05-29,3.514049768447876
1998-06-01,3.511425733566284
1998-06-02,3.508805513381958
1998-06-03,3.511425733566284
1998-06-04,3.5035598278045654
1998-06-05,3.495692253112793
1998-06-08,3.490450620651245
1998-06-09,3.487825632095337
1998-06-10,3.464224338531494
1998-06-11,3.43013334274292
1998-06-12,3.3829307556152344
1998-06-15,3.3619487285614014
1998-06-16,3.3593273162841797
1998-06-17,3.377685546875
1998-06-18,3.3829307556152344
1998-06-19,3.3907971382141113
1998-06-22,3.3907971382141113
1998-06-23,3.3907971382141113
1998-06-24,3.388173818588257
1998-06-25,3.4012868404388428
1998-06-26,3.4066162109375
1998-06-29,3.449265718460083
1998-06-30,3.513240098953247
1998-07-01,3.4919135570526123
1998-07-02,3.5105748176574707
1998-07-06,3.5319015979766846
1998-07-07,3.5825443267822266
1998-07-08,3.590541124343872
1998-07-09,3.590541124343872
1998-07-10,3.566553831100464
1998-07-13,3.561220645904541
1998-07-14,3.553223133087158
1998-07-15,3.547893762588501
1998-07-16,3.561220645904541
1998-07-17,3.534564256668091
1998-07-20,3.534564256668091
1998-07-21,3.5105748176574707
1998-07-22,3.4919135570526123
1998-07-23,3.454596996307373
1998-07-24,3.422609806060791
1998-07-27,3.3613035678863525
1998-07-28,3.3239848613739014
1998-07-29,3.281334638595581
1998-07-30,3.2973263263702393
1998-07-31,3.270672082901001
1998-08-03,3.2306876182556152
1998-08-04,3.1427242755889893
1998-08-05,3.113402843475342
1998-08-06,3.148054838180542
1998-08-07,3.225356101989746
1998-08-10,3.2306876182556152
1998-08-11,3.190703868865967
1998-08-12,3.2333574295043945
1998-08-13,3.2306876182556152
1998-08-14,3.228022813796997
1998-08-17,3.246683359146118
1998-08-18,3.26267409324646
1998-08-19,3.2573444843292236
1998-08-20,3.246683359146118
1998-08-21,3.2173595428466797
1998-08-24,3.214696168899536
1998-08-25,3.2173595428466797
1998-08-26,3.2200260162353516
1998-08-27,3.1400606632232666
1998-08-28,3.1187331676483154
1998-08-31,2.9694600105285645
1998-09-01,2.974792003631592
1998-09-02,2.9614644050598145
1998-09-03,2.9454734325408936
1998-09-04,2.9348087310791016
1998-09-08,2.953468084335327
1998-09-09,2.9241466522216797
1998-09-10,2.8388476371765137
1998-09-11,2.8361823558807373
1998-09-14,2.8468449115753174
1998-09-15,2.8628368377685547
1998-09-16,2.9241466522216797
1998-09-17,2.9321422576904297
1998-09-18,3.001448392868042
1998-09-21,3.086745023727417
1998-09-22,3.2120296955108643
1998-09-23,3.2573444843292236
1998-09-24,3.2200260162353516
1998-09-25,3.1820473670959473
1998-09-28,3.1766207218170166
1998-09-29,3.165771722793579
1998-09-30,3.1467833518981934
1998-10-01,3.0816776752471924
1998-10-02,3.0653979778289795
1998-10-05,2.975879669189453
1998-10-06,2.962315797805786
1998-10-07,2.8890721797943115
1998-10-08,2.791412353515625
1998-10-09,2.8592326641082764
1998-10-12,2.9026360511779785
1998-10-13,2.878221035003662
1998-10-14,2.8809351921081543
1998-10-15,2.918912172317505
1998-10-16,2.978590965270996
1998-10-19,3.021995782852173
1998-10-20,3.0653979778289795
1998-10-21,3.04369854927063
1998-10-22,3.054548740386963
1998-10-23,3.0518360137939453
1998-10-26,3.054548740386963
1998-10-27,3.0464115142822266
1998-10-28,3.04369854927063
1998-10-29,3.049124240875244
1998-10-30,3.0898144245147705
1998-11-02,3.114229202270508
1998-11-03,3.116941213607788
1998-11-04,3.1576337814331055
1998-11-05,3.1494948863983154
1998-11-06,3.1467833518981934
1998-11-09,3.116941213607788
1998-11-10,3.095238447189331
1998-11-11,3.068113088607788
1998-11-12,3.0599756240844727
1998-11-13,3.054548740386963
1998-11-16,3.0599756240844727
1998-11-17,3.057260513305664
1998-11-18,3.0708253383636475
1998-11-19,3.0762505531311035
1998-11-20,3.095238447189331
1998-11-23,3.106091022491455
1998-11-24,3.119654655456543
1998-11-25,3.138643980026245
1998-11-27,3.1359312534332275
1998-11-30,3.138643980026245
1998-12-01,3.114229202270508
1998-12-02,3.1250789165496826
1998-12-03,3.1332173347473145
1998-12-04,3.138643980026245
1998-12-07,3.152207136154175
1998-12-08,3.127793550491333
1998-12-09,3.106091022491455
1998-12-10,3.078965425491333
1998-12-11,3.073538064956665
1998-12-14,3.068113088607788
1998-12-15,3.0843889713287354
1998-12-16,3.0816776752471924
1998-12-17,3.068113088607788
1998-12-18,3.0597665309906006
1998-12-21,3.0569849014282227
1998-12-22,3.0347342491149902
1998-12-23,3.0263891220092773
1998-12-24,3.0375146865844727
1998-12-28,3.020825147628784
1998-12-29,3.0347342491149902
1998-12-30,3.043079137802124
1998-12-31,3.0820212364196777
1999-01-04,3.118182420730591
1999-01-05,3.1320884227752686
1999-01-06,3.1404333114624023
1999-01-07,3.118182420730591
1999-01-08,3.118182420730591
1999-01-11,3.1042726039886475
1999-01-12,3.0931482315063477
1999-01-13,3.08758282661438
1999-01-14,3.070895195007324
1999-01-15,3.0792391300201416
1999-01-19,3.08758282661438
1999-01-20,3.0764575004577637
1999-01-21,3.070895195007324
1999-01-22,3.070895195007324
1999-01-25,3.0736758708953857
1999-01-26,3.0653305053710938
1999-01-27,3.0486419200897217
1999-01-28,3.0263891220092773
1999-01-29,3.0069167613983154
1999-02-01,3.01526141166687
1999-02-02,3.029170036315918
1999-02-03,3.0375146865844727
1999-02-04,3.040297031402588
1999-02-05,3.0263891220092773
1999-02-08,3.0236053466796875
1999-02-09,3.0236053466796875
1999-02-10,2.9902260303497314
1999-02-11,2.9763197898864746
1999-02-12,2.948502779006958
1999-02-16,2.948502779006958
1999-02-17,2.940157413482666
1999-02-18,2.9540677070617676
1999-02-19,2.948502779006958
1999-02-22,2.979099988937378
1999-02-23,2.979099988937378
1999-02-24,2.9763197898864746
1999-02-25,2.96797513961792
1999-02-26,2.9596309661865234
1999-03-01,2.96797513961792
1999-03-02,2.9624111652374268
1999-03-03,2.956848382949829
1999-03-04,2.9596309661865234
1999-03-05,2.9651927947998047
1999-03-08,2.9596309661865234
1999-03-09,2.96797513961792
1999-03-10,2.9624111652374268
1999-03-11,2.956848382949829
1999-03-12,2.956848382949829
1999-03-15,2.9429407119750977
1999-03-16,2.9345967769622803
1999-03-17,2.9318156242370605
1999-03-18,2.917905569076538
1999-03-19,2.9151241779327393
1999-03-22,2.8900890350341797
1999-03-23,2.8733997344970703
1999-03-24,2.8789634704589844
1999-03-25,2.8817453384399414
1999-03-26,2.8817458152770996
1999-03-29,2.918330192565918
1999-03-30,2.926772356033325
1999-03-31,2.94647216796875
1999-04-01,2.932400941848755
1999-04-05,2.935215473175049
1999-04-06,2.9211437702178955
1999-04-07,2.907072067260742
1999-04-08,2.9098868370056152
1999-04-09,2.9098868370056152
1999-04-12,2.938028335571289
1999-04-13,2.9492857456207275
1999-04-14,2.9886858463287354
1999-04-15,3.0365257263183594
1999-04-16,3.1434664726257324
1999-04-19,3.1969361305236816
1999-04-20,3.194122314453125
1999-04-21,3.2081923484802246
1999-04-22,3.222263813018799
1999-04-23,3.2278926372528076
1999-04-26,3.211005687713623
1999-04-27,3.1884922981262207
1999-04-28,3.1997504234313965
1999-04-29,3.194122314453125
1999-04-30,3.2278926372528076
1999-05-03,3.2419629096984863
1999-05-04,3.2419629096984863
1999-05-05,3.2588486671447754
1999-05-06,3.2672910690307617
1999-05-07,3.278548002243042
1999-05-10,3.3263890743255615
1999-05-11,3.34608793258667
1999-05-12,3.354532241821289
1999-05-13,3.3517165184020996
1999-05-14,3.309504985809326
1999-05-17,3.2813618183135986
1999-05-18,3.2588486671447754
1999-05-19,3.278548002243042
1999-05-20,3.3066887855529785
1999-05-21,3.3292033672332764
1999-05-24,3.315131664276123
1999-05-25,3.309504985809326
1999-05-26,3.2813618183135986
1999-05-27,3.2841758728027344
1999-05-28,3.2954304218292236
1999-06-01,3.289803981781006
1999-06-02,3.28698992729187
1999-06-03,3.2982475757598877
1999-06-04,3.2954304218292236
1999-06-07,3.292618751525879
1999-06-08,3.2813618183135986
1999-06-09,3.278548002243042
1999-06-10,3.2672910690307617
1999-06-11,3.250406265258789
1999-06-14,3.2419629096984863
1999-06-15,3.2701058387756348
1999-06-16,3.289803981781006
1999-06-17,3.292618751525879
1999-06-18,3.2813618183135986
1999-06-21,3.2757339477539062
1999-06-22,3.256033420562744
1999-06-23,3.2391507625579834
1999-06-24,3.2194488048553467
1999-06-25,3.2083184719085693
1999-06-28,3.234005928039551
1999-06-29,3.2311511039733887
1999-06-30,3.234005928039551
1999-07-01,3.228297472000122
1999-07-02,3.234005928039551
1999-07-06,3.219735860824585
1999-07-07,3.1969006061553955
1999-07-08,3.174065351486206
1999-07-09,3.1883373260498047
1999-07-12,3.1940436363220215
1999-07-13,3.1911919116973877
1999-07-14,3.1854817867279053
1999-07-15,3.1969006061553955
1999-07-16,3.1969006061553955
1999-07-19,3.1883373260498047
1999-07-20,3.1712095737457275
1999-07-21,3.1712095737457275
1999-07-22,3.159792900085449
1999-07-23,3.1540844440460205
1999-07-26,3.1312484741210938
1999-07-27,3.1341030597686768
1999-07-28,3.1255407333374023
1999-07-29,3.1055612564086914
1999-07-30,3.1398122310638428
1999-08-02,3.1255407333374023
1999-08-03,3.11983323097229
1999-08-04,3.0941426753997803
1999-08-05,3.0798707008361816
1999-08-06,3.077016830444336
1999-08-09,3.065598249435425
1999-08-10,3.05418062210083
1999-08-11,3.0513274669647217
1999-08-12,3.062744140625
1999-08-13,3.08272647857666
1999-08-16,3.08272647857666
1999-08-17,3.088432788848877
1999-08-18,3.0969958305358887
1999-08-19,3.0941426753997803
1999-08-20,3.102703332901001
1999-08-23,3.108414888381958
1999-08-24,3.0941426753997803
1999-08-25,3.08272647857666
1999-08-26,3.0798707008361816
1999-08-27,3.0798707008361816
1999-08-30,3.062744140625
1999-08-31,3.108414888381958
1999-09-01,3.0941426753997803
1999-09-02,3.074162483215332
1999-09-03,3.0969958305358887
1999-09-07,3.099851131439209
1999-09-08,3.088432788848877
1999-09-09,3.077016830444336
1999-09-10,3.077016830444336
1999-09-13,3.071307420730591
1999-09-14,3.045619487762451
1999-09-15,3.028491735458374
1999-09-16,3.022782802581787
1999-09-17,3.022782802581787
1999-09-20,3.0142197608947754
1999-09-21,2.991384267807007
1999-09-22,2.9828195571899414
1999-09-23,2.971403121948242
1999-09-24,2.96004056930542
1999-09-27,2.9542152881622314
1999-09-28,2.9542152881622314
1999-09-29,2.9513003826141357
1999-09-30,2.980435609817505
1999-10-01,2.9629547595977783
1999-10-04,2.977520704269409
1999-10-05,2.989176034927368
1999-10-06,2.989176034927368
1999-10-07,2.9658687114715576
1999-10-08,2.96004056930542
1999-10-11,2.971696376800537
1999-10-12,2.9571282863616943
1999-10-13,2.9309093952178955
1999-10-14,2.919255256652832
1999-10-15,2.893033027648926
1999-10-18,2.887206554412842
1999-10-19,2.887206554412842
1999-10-20,2.887206554412842
1999-10-21,2.8638980388641357
1999-10-22,2.8726377487182617
1999-10-25,2.8668129444122314
1999-10-26,2.855159282684326
1999-10-27,2.8609838485717773
1999-10-28,2.8697264194488525
1999-10-29,2.913426160812378
1999-11-01,2.9309093952178955
1999-11-02,2.9571282863616943
1999-11-03,2.9658687114715576
1999-11-04,2.96004056930542
1999-11-05,2.945474147796631
1999-11-08,2.9542152881622314
1999-11-09,2.9483888149261475
1999-11-10,2.9367339611053467
1999-11-11,2.9309093952178955
1999-11-12,2.927992820739746
1999-11-15,2.9105141162872314
1999-11-16,2.913426160812378
1999-11-17,2.9075989723205566
1999-11-18,2.8988616466522217
1999-11-19,2.913426160812378
1999-11-22,2.8901195526123047
1999-11-23,2.8726377487182617
1999-11-24,2.8697264194488525
1999-11-26,2.8668129444122314
1999-11-29,2.855159282684326
1999-11-30,2.8697264194488525
1999-12-01,2.8726377487182617
1999-12-02,2.855159282684326
1999-12-03,2.8609838485717773
1999-12-06,2.8493316173553467
1999-12-07,2.8405911922454834
1999-12-08,2.817284107208252
1999-12-09,2.8114559650421143
1999-12-10,2.7852370738983154
1999-12-13,2.770667791366577
1999-12-14,2.735708713531494
1999-12-15,2.7327957153320312
1999-12-16,2.7327957153320312
1999-12-17,2.8440287113189697
1999-12-20,2.874094009399414
1999-12-21,2.877101182937622
1999-12-22,2.8680825233459473
1999-12-23,2.877101182937622
1999-12-27,2.8801076412200928
1999-12-28,2.913177013397217
1999-12-29,2.9432425498962402
1999-12-30,2.952258825302124
1999-12-31,2.961277961730957
2000-01-03,2.9342219829559326
2000-01-04,2.910170793533325
2000-01-05,2.919189929962158
2000-01-06,2.9672913551330566
2000-01-07,3.033432722091675
2000-01-10,3.069507598876953
2000-01-11,3.057483196258545
2000-01-12,3.042452096939087
2000-01-13,3.0394446849823
2000-01-14,3.033432722091675
2000-01-18,3.042452096939087
2000-01-19,3.054475784301758
2000-01-20,3.051469326019287
2000-01-21,3.048463821411133
2000-01-24,3.024414300918579
2000-01-25,3.015393018722534
2000-01-26,3.0184004306793213
2000-01-27,3.0093798637390137
2000-01-28,2.9973549842834473
2000-01-31,2.979316473007202
2000-02-01,2.9973549842834473
2000-02-02,2.9973549842834473
2000-02-03,3.0093798637390137
2000-02-04,2.9973549842834473
2000-02-07,2.9943501949310303
2000-02-08,3.0003607273101807
2000-02-09,3.0003607273101807
2000-02-10,2.9913437366485596
2000-02-11,2.9672913551330566
2000-02-14,2.9462480545043945
2000-02-15,2.949253797531128
2000-02-16,2.937227249145508
2000-02-17,2.9552667140960693
2000-02-18,2.928208827972412
2000-02-22,2.916182518005371
2000-02-23,2.916182518005371
2000-02-24,2.910170793533325
2000-02-25,2.907163381576538
2000-02-28,2.901151657104492
2000-02-29,2.9342219829559326
2000-03-01,2.919189929962158
2000-03-02,2.913177013397217
2000-03-03,2.925201416015625
2000-03-06,2.9221975803375244
2000-03-07,2.89513897895813
2000-03-08,2.901151657104492
2000-03-09,2.907163381576538
2000-03-10,2.901151657104492
2000-03-13,2.8921313285827637
2000-03-14,2.8981451988220215
2000-03-15,2.928208827972412
2000-03-16,2.976311683654785
2000-03-17,2.9853310585021973
2000-03-20,2.9853310585021973
2000-03-21,2.9943501949310303
2000-03-22,3.0093798637390137
2000-03-23,3.015393018722534
2000-03-24,3.0001492500305176
2000-03-27,2.9970991611480713
2000-03-28,2.9970991611480713
2000-03-29,3.0123445987701416
2000-03-30,3.0245420932769775
2000-03-31,3.036736488342285
2000-04-03,3.036736488342285
2000-04-04,3.0397839546203613
2000-04-05,3.055030107498169
2000-04-06,3.0885679721832275
2000-04-07,3.1160075664520264
2000-04-10,3.1373515129089355
2000-04-11,3.1495466232299805
2000-04-12,3.1708896160125732
2000-04-13,3.183084487915039
2000-04-14,3.16479229927063
2000-04-17,3.155644655227661
2000-04-18,3.1708896160125732
2000-04-19,3.173938035964966
2000-04-20,3.176988363265991
2000-04-24,3.183084487915039
2000-04-25,3.195281982421875
2000-04-26,3.2166244983673096
2000-04-27,3.231867790222168
2000-04-28,3.241013765335083
2000-05-01,3.2958948612213135
2000-05-02,3.341630220413208
2000-05-03,3.3263843059539795
2000-05-04,3.3263843059539795
2000-05-05,3.3263843059539795
2000-05-08,3.308091163635254
2000-05-09,3.320286989212036
2000-05-10,3.2989442348480225
2000-05-11,3.317237615585327
2000-05-12,3.320286989212036
2000-05-15,3.332484722137451
2000-05-16,3.3446779251098633
2000-05-17,3.323335886001587
2000-05-18,3.3141870498657227
2000-05-19,3.308091163635254
2000-05-22,3.2989442348480225
2000-05-23,3.2928459644317627
2000-05-24,3.2806496620178223
2000-05-25,3.25321102142334
2000-05-26,3.259308338165283
2000-05-30,3.2684555053710938
2000-05-31,3.274552345275879
2000-06-01,3.2776010036468506
2000-06-02,3.308091163635254
2000-06-05,3.2958948612213135
2000-06-06,3.3019933700561523
2000-06-07,3.329432964324951
2000-06-08,3.335530996322632
2000-06-09,3.341630220413208
2000-06-12,3.3507754802703857
2000-06-13,3.375166893005371
2000-06-14,3.4239494800567627
2000-06-15,3.4087069034576416
2000-06-16,3.393463134765625
2000-06-19,3.3995590209960938
2000-06-20,3.4270007610321045
2000-06-21,3.4270007610321045
2000-06-22,3.414804220199585
2000-06-23,3.414804220199585
2000-06-26,3.414804220199585
2000-06-27,3.4302971363067627
2000-06-28,3.442690134048462
2000-06-29,3.451988935470581
2000-06-30,3.3559272289276123
2000-07-03,3.4395933151245117
2000-07-05,3.476780652999878
2000-07-06,3.504667282104492
2000-07-07,3.5170609951019287
2000-07-10,3.5201632976531982
2000-07-11,3.507765293121338
2000-07-12,3.5108649730682373
2000-07-13,3.507765293121338
2000-07-14,3.5015690326690674
2000-07-17,3.504667282104492
2000-07-18,3.4953699111938477
2000-07-19,3.49227237701416
2000-07-20,3.529456615447998
2000-07-21,3.535653829574585
2000-07-24,3.5449492931365967
2000-07-25,3.5573456287384033
2000-07-26,3.6069273948669434
2000-07-27,3.6410117149353027
2000-07-28,3.6379122734069824
2000-07-31,3.650306463241577
2000-08-01,3.712282657623291
2000-08-02,3.7029857635498047
2000-08-03,3.6719977855682373
2000-08-04,3.631714344024658
2000-08-07,3.6038284301757812
2000-08-08,3.6100242137908936
2000-08-09,3.6224212646484375
2000-08-10,3.6224212646484375
2000-08-11,3.6348133087158203
2000-08-14,3.6410117149353027
2000-08-15,3.6193206310272217
2000-08-16,3.631714344024658
2000-08-17,3.6379122734069824
2000-08-18,3.616222620010376
2000-08-21,3.6069273948669434
2000-08-22,3.6038284301757812
2000-08-23,3.563542127609253
2000-08-24,3.535653829574585
2000-08-25,3.535653829574585
2000-08-28,3.523258924484253
2000-08-29,3.49227237701416
2000-08-30,3.5170609951019287
2000-08-31,3.504667282104492
2000-09-01,3.504667282104492
2000-09-05,3.5108649730682373
2000-09-06,3.523258924484253
2000-09-07,3.5542447566986084
2000-09-08,3.6038284301757812
2000-09-11,3.631714344024658
2000-09-12,3.6441094875335693
2000-09-13,3.6379122734069824
2000-09-14,3.6286165714263916
2000-09-15,3.6100242137908936
2000-09-18,3.541851758956909
2000-09-19,3.585233211517334
2000-09-20,3.572840452194214
2000-09-21,3.5573456287384033
2000-09-22,3.579404354095459
2000-09-25,3.5541937351226807
2000-09-26,3.5699503421783447
2000-09-27,3.6014580726623535
2000-09-28,3.6235129833221436
2000-09-29,3.6077611446380615
2000-10-02,3.5415923595428467
2000-10-03,3.522686243057251
2000-10-04,3.4943273067474365
2000-10-05,3.510082483291626
2000-10-06,3.510082483291626
2000-10-09,3.5037810802459717
2000-10-10,3.5006277561187744
2000-10-11,3.4785726070404053
2000-10-12,3.4313104152679443
2000-10-13,3.4407637119293213
2000-10-16,3.4596681594848633
2000-10-17,3.4376137256622314
2000-10-18,3.415555238723755
2000-10-19,3.4407637119293213
2000-10-20,3.4502153396606445
2000-10-23,3.42500638961792
2000-10-24,3.396650552749634
2000-10-25,3.3619906902313232
2000-10-26,3.3840463161468506
2000-10-27,3.42500638961792
2000-10-30,3.4187071323394775
2000-10-31,3.4407637119293213
2000-11-01,3.42500638961792
2000-11-02,3.4344613552093506
2000-11-03,3.421858549118042
2000-11-06,3.4313104152679443
2000-11-07,3.4344613552093506
2000-11-08,3.4439139366149902
2000-11-09,3.4376137256622314
2000-11-10,3.4124042987823486
2000-11-13,3.4187071323394775
2000-11-14,3.4376137256622314
2000-11-15,3.447063684463501
2000-11-16,3.447063684463501
2000-11-17,3.4533674716949463
2000-11-20,3.4502153396606445
2000-11-21,3.456517457962036
2000-11-22,3.447063684463501
2000-11-24,3.4596681594848633
2000-11-27,3.4628193378448486
2000-11-28,3.4596681594848633
2000-11-29,3.4754226207733154
2000-11-30,3.5006277561187744
2000-12-01,3.510082483291626
2000-12-04,3.522686243057251
2000-12-05,3.5920052528381348
2000-12-06,3.579404354095459
2000-12-07,3.573101043701172
2000-12-08,3.6046078205108643
2000-12-11,3.632967472076416
2000-12-12,3.6361165046691895
2000-12-13,3.6455700397491455
2000-12-14,3.6455700397491455
2000-12-15,3.6644768714904785
2000-12-18,3.711737632751465
2000-12-19,3.718040704727173
2000-12-20,3.695983648300171
2000-12-21,3.6991350650787354
2000-12-22,3.682952880859375
2000-12-26,3.6894259452819824
2000-12-27,3.757389783859253
2000-12-28,3.8026981353759766
2000-12-29,3.741208076477051
2001-01-02,3.718552350997925
2001-01-03,3.7735719680786133
2001-01-04,3.7671000957489014
2001-01-05,3.6991355419158936
2001-01-08,3.6991355419158936
2001-01-09,3.708845376968384
2001-01-10,3.708845376968384
2001-01-11,3.7056097984313965
2001-01-12,3.6991355419158936
2001-01-16,3.7056097984313965
2001-01-17,3.7056097984313965
2001-01-18,3.708845376968384
2001-01-19,3.7056097984313965
2001-01-22,3.7153172492980957
2001-01-23,3.7379729747772217
2001-01-24,3.7379729747772217
2001-01-25,3.744443893432617
2001-01-26,3.7379729747772217
2001-01-29,3.744443893432617
2001-01-30,3.7671000957489014
2001-01-31,3.757389783859253
2001-02-01,3.7541537284851074
2001-02-02,3.741208076477051
2001-02-05,3.7379729747772217
2001-02-06,3.731499433517456
2001-02-07,3.7217888832092285
2001-02-08,3.7056097984313965
2001-02-09,3.676483392715454
2001-02-12,3.682952880859375
2001-02-13,3.6797165870666504
2001-02-14,3.686189889907837
2001-02-15,3.692662239074707
2001-02-16,3.686189889907837
2001-02-20,3.6797165870666504
2001-02-21,3.6538267135620117
2001-02-22,3.6214635372161865
2001-02-23,3.637646198272705
2001-02-26,3.6667730808258057
2001-02-27,3.676483392715454
2001-02-28,3.692662239074707
2001-03-01,3.725027561187744
2001-03-02,3.744443893432617
2001-03-05,3.7379729747772217
2001-03-06,3.744443893432617
2001-03-07,3.7541537284851074
2001-03-08,3.7606263160705566
2001-03-09,3.7509169578552246
2001-03-12,3.7282614707946777
2001-03-13,3.7282614707946777
2001-03-14,3.7056097984313965
2001-03-15,3.692662239074707
2001-03-16,3.6797165870666504
2001-03-19,3.708845376968384
2001-03-20,3.6991355419158936
2001-03-21,3.6700093746185303
2001-03-22,3.6505889892578125
2001-03-23,3.6541898250579834
2001-03-26,3.709804058074951
2001-03-27,3.7032597064971924
2001-03-28,3.6738169193267822
2001-03-29,3.690173625946045
2001-03-30,3.722888469696045
2001-04-02,3.72943115234375
2001-04-03,3.690173625946045
2001-04-04,3.683631658554077
2001-04-05,3.7261595726013184
2001-04-06,3.6770901679992676
2001-04-09,3.693445920944214
2001-04-10,3.696716785430908
2001-04-11,3.6411054134368896
2001-04-12,3.6509182453155518
2001-04-16,3.6411054134368896
2001-04-17,3.683631658554077
2001-04-18,3.7261595726013184
2001-04-19,3.7261595726013184
2001-04-20,3.719615936279297
2001-04-23,3.709804058074951
2001-04-24,3.709804058074951
2001-04-25,3.7261595726013184
2001-04-26,3.765418767929077
2001-04-27,3.8046770095825195
2001-04-30,3.807947874069214
2001-05-01,3.817760944366455
2001-05-02,3.7948601245880127
2001-05-03,3.7948601245880127
2001-05-04,3.7915897369384766
2001-05-07,3.778505325317383
2001-05-08,3.7752315998077393
2001-05-09,3.778505325317383
2001-05-10,3.771960973739624
2001-05-11,3.778505325317383
2001-05-14,3.785045862197876
2001-05-15,3.7981326580047607
2001-05-16,3.8210315704345703
2001-05-17,3.837388038635254
2001-05-18,3.8537437915802
2001-05-21,3.863558769226074
2001-05-22,3.886460781097412
2001-05-23,3.902817964553833
2001-05-24,3.925718069076538
2001-05-25,3.9224462509155273
2001-05-29,3.912631034851074
2001-05-30,3.8831889629364014
2001-05-31,3.8897337913513184
2001-06-01,3.902817964553833
2001-06-04,3.919175624847412
2001-06-05,3.9388036727905273
2001-06-06,3.9486160278320312
2001-06-07,3.95516037940979
2001-06-08,3.9453463554382324
2001-06-11,3.9780611991882324
2001-06-12,4.014044761657715
2001-06-13,4.023861885070801
2001-06-14,4.020589351654053
2001-06-15,4.020589351654053
2001-06-18,4.040218830108643
2001-06-19,4.030405521392822
2001-06-20,4.0598464012146
2001-06-21,4.0663886070251465
2001-06-22,4.046456336975098
2001-06-25,4.0398125648498535
2001-06-26,4.076355457305908
2001-06-27,4.069712162017822
2001-06-28,4.092966079711914
2001-06-29,4.11954402923584
2001-07-02,4.11954402923584
2001-07-03,4.122866630554199
2001-07-05,4.116221904754639
2001-07-06,4.1062541007995605
2001-07-09,4.063068389892578
2001-07-10,4.043132781982422
2001-07-11,4.026522636413574
2001-07-12,4.046456336975098
2001-07-13,4.059744834899902
2001-07-16,4.056420803070068
2001-07-17,4.079678058624268
2001-07-18,4.083000659942627
2001-07-19,4.089645862579346
2001-07-20,4.083000659942627
2001-07-23,4.0663886070251465
2001-07-24,4.046456336975098
2001-07-25,4.049777984619141
2001-07-26,4.063068389892578
2001-07-27,4.056420803070068
2001-07-30,4.026522636413574
2001-07-31,4.033166885375977
2001-08-01,4.056420803070068
2001-08-02,4.073032855987549
2001-08-03,4.086322784423828
2001-08-06,4.099611759185791
2001-08-07,4.112898349761963
2001-08-08,4.126189708709717
2001-08-09,4.132833480834961
2001-08-10,4.172701835632324
2001-08-13,4.169376373291016
2001-08-14,4.192631721496582
2001-08-15,4.222533226013184
2001-08-16,4.232498645782471
2001-08-17,4.242466449737549
2001-08-20,4.262399673461914
2001-08-21,4.292301654815674
2001-08-22,4.295622825622559
2001-08-23,4.295622825622559
2001-08-24,4.262399673461914
2001-08-27,4.27569055557251
2001-08-28,4.25907564163208
2001-08-29,4.225854873657227
2001-08-30,4.185988903045654
2001-08-31,4.176021575927734
2001-09-04,4.169376373291016
2001-09-05,4.159412384033203
2001-09-06,4.116221904754639
2001-09-07,4.076355457305908
2001-09-10,4.069712162017822
2001-09-17,3.9335012435913086
2001-09-18,3.9733667373657227
2001-09-19,3.930177688598633
2001-09-20,3.8438007831573486
2001-09-21,3.779512643814087
2001-09-24,3.8133490085601807
2001-09-25,3.8674864768981934
2001-09-26,3.9148573875427246
2001-09-27,3.9520769119262695
2001-09-28,4.0129828453063965
2001-10-01,4.009596824645996
2001-10-02,3.9825313091278076
2001-10-03,3.921626091003418
2001-10-04,3.9689953327178955
2001-10-05,3.9520769119262695
2001-10-08,3.9554615020751953
2001-10-09,3.9689953327178955
2001-10-10,3.992678642272949
2001-10-11,4.033283233642578
2001-10-12,4.019750118255615
2001-10-15,4.046817779541016
2001-10-16,4.00283145904541
2001-10-17,3.97914719581604
2001-10-18,3.945312261581421
2001-10-19,3.918240785598755
2001-10-22,3.8674864768981934
2001-10-23,3.8641040325164795
2001-10-24,3.8268818855285645
2001-10-25,3.8370344638824463
2001-10-26,3.8370344638824463
2001-10-29,3.8539516925811768
2001-10-30,3.8471839427948
2001-10-31,3.8776373863220215
2001-11-01,3.9385430812835693
2001-11-02,3.9047067165374756
2001-11-05,3.911475658416748
2001-11-06,3.962226629257202
2001-11-07,3.9520769119262695
2001-11-08,3.9689953327178955
2001-11-09,3.9486944675445557
2001-11-12,3.965609550476074
2001-11-13,4.006215572357178
2001-11-14,4.029900074005127
2001-11-15,4.0671210289001465
2001-11-16,4.0705037117004395
2001-11-19,4.077271938323975
2001-11-20,4.056967735290527
2001-11-21,4.073886871337891
2001-11-23,4.094189167022705
2001-11-26,4.084038257598877
2001-11-27,4.073886871337891
2001-11-28,4.080655097961426
2001-11-29,4.104340553283691
2001-11-30,4.100956916809082
2001-12-03,4.077271938323975
2001-12-04,4.128024578094482
2001-12-05,4.158478736877441
2001-12-06,4.182162284851074
2001-12-07,4.188929080963135
2001-12-10,4.161861896514893
2001-12-11,4.178781509399414
2001-12-12,4.151710510253906
2001-12-13,4.117873668670654
2001-12-14,4.141559600830078
2001-12-17,4.165246486663818
2001-12-18,4.175395965576172
2001-12-19,4.151710510253906
2001-12-20,4.134792804718018
2001-12-21,4.158478736877441
2001-12-24,4.175395965576172
2001-12-26,4.192313194274902
2001-12-27,4.195696830749512
2001-12-28,4.213021278381348
2001-12-31,4.2026286125183105
2002-01-02,4.20609188079834
2002-01-03,4.240737438201904
2002-01-04,4.226880073547363
2002-01-07,4.213021278381348
2002-01-08,4.21648645401001
2002-01-09,4.20609188079834
2002-01-10,4.199162006378174
2002-01-11,4.195696830749512
2002-01-14,4.237273693084717
2002-01-15,4.2199530601501465
2002-01-16,4.199162006378174
2002-01-17,4.21648645401001
2002-01-18,4.188772201538086
2002-01-22,4.192232131958008
2002-01-23,4.192232131958008
2002-01-24,4.185303688049316
2002-01-25,4.17837381362915
2002-01-28,4.181839466094971
2002-01-29,4.167980194091797
2002-01-30,4.195696830749512
2002-01-31,4.192232131958008
2002-02-01,4.199162006378174
2002-02-04,4.20609188079834
2002-02-05,4.199162006378174
2002-02-06,4.185303688049316
2002-02-07,4.17490816116333
2002-02-08,4.185303688049316
2002-02-11,4.2199530601501465
2002-02-12,4.20609188079834
2002-02-13,4.223413467407227
2002-02-14,4.226880073547363
2002-02-15,4.251132488250732
2002-02-19,4.233809947967529
2002-02-20,4.271918773651123
2002-02-21,4.226880073547363
2002-02-22,4.278850078582764
2002-02-25,4.282313346862793
2002-02-26,4.289244174957275
2002-02-27,4.285778999328613
2002-02-28,4.275383472442627
2002-03-01,4.320427417755127
2002-03-04,4.368930339813232
2002-03-05,4.438222885131836
2002-03-06,4.4624762535095215
2002-03-07,4.459011554718018
2002-03-08,4.459011554718018
2002-03-11,4.427828311920166
2002-03-12,4.424366474151611
2002-03-13,4.420900344848633
2002-03-14,4.469404697418213
2002-03-15,4.483262538909912
2002-03-18,4.497122287750244
2002-03-19,4.504051208496094
2002-03-20,4.493659496307373
2002-03-21,4.531768798828125
2002-03-22,4.528274059295654
2002-03-25,4.507310390472412
2002-03-26,4.5352630615234375
2002-03-27,4.556229591369629
2002-03-28,4.542251110076904
2002-04-01,4.552733421325684
2002-04-02,4.559722423553467
2002-04-03,4.549240589141846
2002-04-04,4.57020378112793
2002-04-05,4.605146408081055
2002-04-08,4.647073268890381
2002-04-09,4.685507297515869
2002-04-10,4.737915992736816
2002-04-11,4.713458061218262
2002-04-12,4.783341407775879
2002-04-15,4.734422206878662
2002-04-16,4.685507297515869
2002-04-17,4.622614860534668
2002-04-18,4.633096218109131
2002-04-19,4.598156452178955
2002-04-22,4.549240589141846
2002-04-23,4.4863481521606445
2002-04-24,4.510807037353516
2002-04-25,4.531770706176758
2002-04-26,4.510807037353516
2002-04-29,4.51430082321167
2002-04-30,4.57020378112793
2002-05-01,4.608637809753418
2002-05-02,4.6540608406066895
2002-05-03,4.647073268890381
2002-05-06,4.608637809753418
2002-05-07,4.587673187255859
2002-05-08,4.573697090148926
2002-05-09,4.521285533905029
2002-05-10,4.4863481521606445
2002-05-13,4.503816604614258
2002-05-14,4.521285533905029
2002-05-15,4.549240589141846
2002-05-16,4.524782180786133
2002-05-17,4.545744895935059
2002-05-20,4.528274059295654
2002-05-21,4.496829032897949
2002-05-22,4.496829032897949
2002-05-23,4.580686569213867
2002-05-24,4.573697090148926
2002-05-28,4.605146408081055
2002-05-29,4.647073268890381
2002-05-30,4.647073268890381
2002-05-31,4.629602432250977
2002-06-03,4.622614860534668
2002-06-04,4.647073268890381
2002-06-05,4.640084743499756
2002-06-06,4.619121074676514
2002-06-07,4.615626811981201
2002-06-10,4.629602432250977
2002-06-11,4.633096218109131
2002-06-12,4.643580436706543
2002-06-13,4.643580436706543
2002-06-14,4.633096218109131
2002-06-17,4.664543628692627
2002-06-18,4.643580436706543
2002-06-19,4.640084743499756
2002-06-20,4.661048889160156
2002-06-21,4.703518867492676
2002-06-24,4.692900657653809
2002-06-25,4.728291034698486
2002-06-26,4.707058429718018
2002-06-27,4.721213340759277
2002-06-28,4.760145664215088
2002-07-01,4.714135646820068
2002-07-02,4.661049842834473
2002-07-03,4.6079630851745605
2002-07-05,4.646892070770264
2002-07-08,4.590268611907959
2002-07-09,4.56549072265625
2002-07-10,4.505328178405762
2002-07-11,4.420387268066406
2002-07-12,4.395615100860596
2002-07-15,4.363759994506836
2002-07-16,4.409770965576172
2002-07-17,4.367300033569336
2002-07-18,4.261125564575195
2002-07-19,4.186805725097656
2002-07-22,4.108944416046143
2002-07-23,3.981536626815796
2002-07-24,3.9992291927337646
2002-07-25,4.098324298858643
2002-07-26,4.239891052246094
2002-07-29,4.43808126449585
2002-07-30,4.4947099685668945
2002-07-31,4.508866786956787
2002-08-01,4.431005954742432
2002-08-02,4.349606513977051
2002-08-05,4.2858991622924805
2002-08-06,4.303596496582031
2002-08-07,4.370841026306152
2002-08-08,4.370841026306152
2002-08-09,4.328371047973633
2002-08-12,4.374377727508545
2002-08-13,4.317752838134766
2002-08-14,4.3566813468933105
2002-08-15,4.370841026306152
2002-08-16,4.431005954742432
2002-08-19,4.3991522789001465
2002-08-20,4.392074108123779
2002-08-21,4.434545040130615
2002-08-22,4.431005954742432
2002-08-23,4.43808126449585
2002-08-26,4.484091758728027
2002-08-27,4.477015495300293
2002-08-28,4.505328178405762
2002-08-29,4.49824857711792
2002-08-30,4.51594352722168
2002-09-03,4.469934940338135
2002-09-04,4.491171360015869
2002-09-05,4.466397285461426
2002-09-06,4.491171360015869
2002-09-09,4.484091758728027
2002-09-10,4.480552673339844
2002-09-11,4.480552673339844
2002-09-12,4.455779075622559
2002-09-13,4.484091758728027
2002-09-16,4.462856769561768
2002-09-17,4.441625595092773
2002-09-18,4.431005954742432
2002-09-19,4.395615100860596
2002-09-20,4.431005954742432
2002-09-23,4.413311004638672
2002-09-24,4.381457328796387
2002-09-25,4.363759994506836
2002-09-26,4.416848182678223
2002-09-27,4.3664937019348145
2002-09-30,4.355702877044678
2002-10-01,4.344913005828857
2002-10-02,4.290961742401123
2002-10-03,4.2873640060424805
2002-10-04,4.215429306030273
2002-10-07,4.1039276123046875
2002-10-08,4.057170391082764
2002-10-09,3.9348790645599365
2002-10-10,4.031993389129639
2002-10-11,4.1003313064575195
2002-10-14,4.046380996704102
2002-10-15,4.139895915985107
2002-10-16,4.1003313064575195
2002-10-17,4.157878398895264
2002-10-18,4.147089958190918
2002-10-21,4.132700443267822
2002-10-22,4.067959785461426
2002-10-23,4.064363479614258
2002-10-24,4.114717960357666
2002-10-25,4.172268867492676
2002-10-28,4.150685787200928
2002-10-29,4.11831521987915
2002-10-30,4.125509262084961
2002-10-31,4.139895915985107
2002-11-01,4.175862789154053
2002-11-04,4.2298173904418945
2002-11-05,4.244203090667725
2002-11-06,4.276576519012451
2002-11-07,4.254993915557861
2002-11-08,4.2298173904418945
2002-11-11,4.19384765625
2002-11-12,4.240606784820557
2002-11-13,4.201043128967285
2002-11-14,4.276576519012451
2002-11-15,4.262187957763672
2002-11-18,4.247801780700684
2002-11-19,4.247801780700684
2002-11-20,4.265781402587891
2002-11-21,4.28016996383667
2002-11-22,4.301753044128418
2002-11-25,4.301753044128418
2002-11-26,4.294558525085449
2002-11-27,4.3305253982543945
2002-11-29,4.3305253982543945
2002-12-02,4.3664937019348145
2002-12-03,4.341315746307373
2002-12-04,4.3305253982543945
2002-12-05,4.3305253982543945
2002-12-06,4.323331356048584
2002-12-09,4.344913005828857
2002-12-10,4.3305253982543945
2002-12-11,4.323331356048584
2002-12-12,4.3305253982543945
2002-12-13,4.3089447021484375
2002-12-16,4.348512649536133
2002-12-17,4.305349826812744
2002-12-18,4.28016996383667
2002-12-19,4.276576519012451
2002-12-20,4.294558525085449
2002-12-23,4.323331356048584
2002-12-24,4.3305253982543945
2002-12-26,4.32684326171875
2002-12-27,4.32684326171875
2002-12-30,4.352620601654053
2002-12-31,4.359985828399658
2003-01-02,4.378396511077881
2003-01-03,4.415220260620117
2003-01-06,4.459408760070801
2003-01-07,4.396810054779053
2003-01-08,4.352620601654053
2003-01-09,4.359985828399658
2003-01-10,4.3231611251831055
2003-01-13,4.304747581481934
2003-01-14,4.312112331390381
2003-01-15,4.297383785247803
2003-01-16,4.25687837600708
2003-01-17,4.2126874923706055
2003-01-21,4.197958946228027
2003-01-22,4.197958946228027
2003-01-23,4.209008693695068
2003-01-24,4.168499946594238
2003-01-27,4.153768062591553
2003-01-28,4.161135196685791
2003-01-29,4.201639652252197
2003-01-30,4.175863265991211
2003-01-31,4.242147445678711
2003-02-03,4.2200541496276855
2003-02-04,4.238466739654541
2003-02-05,4.238466739654541
2003-02-06,4.242147445678711
2003-02-07,4.209008693695068
2003-02-10,4.245828151702881
2003-02-11,4.205323696136475
2003-02-12,4.179548740386963
2003-02-13,4.190593242645264
2003-02-14,4.172184467315674
2003-02-18,4.223736763000488
2003-02-19,4.249514579772949
2003-02-20,4.253195762634277
2003-02-21,4.2900214195251465
2003-02-24,4.25687837600708
2003-02-25,4.297383785247803
2003-02-26,4.27897310256958
2003-02-27,4.312112331390381
2003-02-28,4.315796375274658
2003-03-03,4.319478988647461
2003-03-04,4.2900214195251465
2003-03-05,4.3010663986206055
2003-03-06,4.275289535522461
2003-03-07,4.27897310256958
2003-03-10,4.234782695770264
2003-03-11,4.2311015129089355
2003-03-12,4.227418899536133
2003-03-13,4.267924785614014
2003-03-14,4.253195762634277
2003-03-17,4.337892532348633
2003-03-18,4.352620601654053
2003-03-19,4.389443397521973
2003-03-20,4.429950714111328
2003-03-21,4.499918460845947
2003-03-24,4.396810054779053
2003-03-25,4.4446797370910645
2003-03-26,4.463091850280762
2003-03-27,4.448363304138184
2003-03-28,4.43348503112793
2003-03-31,4.403731822967529
2003-04-01,4.492995262145996
2003-04-02,4.533910274505615
2003-04-03,4.5153117179870605
2003-04-04,4.481837749481201
2003-04-07,4.530189514160156
2003-04-08,4.507872581481934
2003-04-09,4.519029140472412
2003-04-10,4.504153251647949
2003-04-11,4.485559940338135
2003-04-14,4.545068740844727
2003-04-15,4.563663959503174
2003-04-16,4.578540325164795
2003-04-17,4.6082963943481445
2003-04-21,4.6380510330200195
2003-04-22,4.682682991027832
2003-04-23,4.6975626945495605
2003-04-24,4.649209499359131
2003-04-25,4.6194539070129395
2003-04-28,4.612015724182129
2003-04-29,4.623172760009766
2003-04-30,4.582261085510254
2003-05-01,4.612015724182129
2003-05-02,4.660366535186768
2003-05-05,4.6975626945495605
2003-05-06,4.738471508026123
2003-05-07,4.708718776702881
2003-05-08,4.73475456237793
2003-05-09,4.779388427734375
2003-05-12,4.805422306060791
2003-05-13,4.805422306060791
2003-05-14,4.786827087402344
2003-05-15,4.7979841232299805
2003-05-16,4.820300579071045
2003-05-19,4.7979841232299805
2003-05-20,4.83145809173584
2003-05-21,4.85377311706543
2003-05-22,4.894686698913574
2003-05-23,4.909565448760986
2003-05-27,4.909565448760986
2003-05-28,4.846335411071777
2003-05-29,4.745911121368408
2003-05-30,4.835176944732666
2003-06-02,4.857491493225098
2003-06-03,4.879809379577637
2003-06-04,4.924443244934082
2003-06-05,4.924443244934082
2003-06-06,4.9765143394470215
2003-06-09,4.943038463592529
2003-06-10,5.006270408630371
2003-06-11,5.039741516113281
2003-06-12,4.980231285095215
2003-06-13,4.9170026779174805
2003-06-16,4.961638450622559
2003-06-17,4.920721530914307
2003-06-18,4.872374534606934
2003-06-19,4.864931106567383
2003-06-20,4.872468948364258
2003-06-23,4.819713592529297
2003-06-24,4.842323303222656
2003-06-25,4.8687005043029785
2003-06-26,4.932762145996094
2003-06-27,4.94406795501709
2003-06-30,4.94406795501709
2003-07-01,4.981751441955566
2003-07-02,5.053350448608398
2003-07-03,5.079726696014404
2003-07-07,5.12871789932251
2003-07-08,5.1324849128723145
2003-07-09,5.106104373931885
2003-07-10,5.030738353729248
2003-07-11,5.075960159301758
2003-07-14,5.113641738891602
2003-07-15,5.113641738891602
2003-07-16,5.109873294830322
2003-07-17,5.0420451164245605
2003-07-18,5.072192192077637
2003-07-21,5.045810222625732
2003-07-22,5.079726696014404
2003-07-23,5.053350448608398
2003-07-24,5.0948004722595215
2003-07-25,5.121181011199951
2003-07-28,5.098569393157959
2003-07-29,5.143788814544678
2003-07-30,5.211619853973389
2003-07-31,5.200314998626709
2003-08-01,5.177704334259033
2003-08-04,5.147557735443115
2003-08-05,5.12871789932251
2003-08-06,5.1324849128723145
2003-08-07,5.151325225830078
2003-08-08,5.143788814544678
2003-08-11,5.147557735443115
2003-08-12,5.155097007751465
2003-08-13,5.12871789932251
2003-08-14,5.162632465362549
2003-08-15,5.136252403259277
2003-08-18,5.162632465362549
2003-08-19,5.185240745544434
2003-08-20,5.196545124053955
2003-08-21,5.207851409912109
2003-08-22,5.155097007751465
2003-08-25,5.117411136627197
2003-08-26,5.162632465362549
2003-08-27,5.21538782119751
2003-08-28,5.211619853973389
2003-08-29,5.234231948852539
2003-09-02,5.305827617645264
2003-09-03,5.354816913604736
2003-09-04,5.362353324890137
2003-09-05,5.339744567871094
2003-09-08,5.354816913604736
2003-09-09,5.343513488769531
2003-09-10,5.264377593994141
2003-09-11,5.309596538543701
2003-09-12,5.320900917053223
2003-09-15,5.305827617645264
2003-09-16,5.313365936279297
2003-09-17,5.2832183837890625
2003-09-18,5.317131996154785
2003-09-19,5.351049423217773
2003-09-22,5.354816913604736
2003-09-23,5.3849639892578125
2003-09-24,5.347279071807861
2003-09-25,5.339744567871094
2003-09-26,5.339744567871094
2003-09-29,5.385676383972168
2003-09-30,5.412473201751709
2003-10-01,5.458405017852783
2003-10-02,5.504337787628174
2003-10-03,5.557926654815674
2003-10-06,5.615341663360596
2003-10-07,5.600033283233643
2003-10-08,5.596203327178955
2003-10-09,5.615341663360596
2003-10-10,5.603861331939697
2003-10-13,5.619173049926758
2003-10-14,5.630652904510498
2003-10-15,5.615341663360596
2003-10-16,5.626828193664551
2003-10-17,5.577065467834473
2003-10-20,5.569408416748047
2003-10-21,5.569408416748047
2003-10-22,5.508166313171387
2003-10-23,5.462231636047363
2003-10-24,5.4277825355529785
2003-10-27,5.489027976989746
2003-10-28,5.446922779083252
2003-10-29,5.5005083084106445
2003-10-30,5.519647598266602
2003-10-31,5.5005083084106445
2003-11-03,5.573238372802734
2003-11-04,5.580892086029053
2003-11-05,5.565581798553467
2003-11-06,5.615341663360596
2003-11-07,5.64213752746582
2003-11-10,5.626828193664551
2003-11-11,5.596203327178955
2003-11-12,5.668929100036621
2003-11-13,5.691900253295898
2003-11-14,5.714867115020752
2003-11-17,5.695727825164795
2003-11-18,5.691900253295898
2003-11-19,5.676586627960205
2003-11-20,5.626828193664551
2003-11-21,5.607686519622803
2003-11-24,5.645966529846191
2003-11-25,5.695727825164795
2003-11-26,5.7225213050842285
2003-11-28,5.737834453582764
2003-12-01,5.810559272766113
2003-12-02,5.795246601104736
2003-12-03,5.787594795227051
2003-12-04,5.764626502990723
2003-12-05,5.760798931121826
2003-12-08,5.80290412902832
2003-12-09,5.806731700897217
2003-12-10,5.787594795227051
2003-12-11,5.825872421264648
2003-12-12,5.848838806152344
2003-12-15,5.810559272766113
2003-12-16,5.848838806152344
2003-12-17,5.85266637802124
2003-12-18,5.848838806152344
2003-12-19,5.860320091247559
2003-12-22,5.890944480895996
2003-12-23,5.883152961730957
2003-12-24,5.898733615875244
2003-12-26,5.906527042388916
2003-12-29,5.94549036026001
2003-12-30,5.9610724449157715
2003-12-31,5.914318084716797
2004-01-02,5.906527042388916
2004-01-05,5.906527042388916
2004-01-06,5.918213844299316
2004-01-07,5.890944480895996
2004-01-08,5.906527042388916
2004-01-09,5.922110080718994
2004-01-12,5.926008224487305
2004-01-13,5.937698841094971
2004-01-14,5.968865394592285
2004-01-15,5.957178115844727
2004-01-16,5.910423278808594
2004-01-20,5.910423278808594
2004-01-21,5.922110080718994
2004-01-22,5.937698841094971
2004-01-23,5.988343715667725
2004-01-26,6.058475494384766
2004-01-27,6.109124660491943
2004-01-28,6.1130218505859375
2004-01-29,6.128608226776123
2004-01-30,6.167567729949951
2004-02-02,6.249387264251709
2004-02-03,6.23380184173584
2004-02-04,6.1130218505859375
2004-02-05,6.155879497528076
2004-02-06,6.261075019836426
2004-02-09,6.261075019836426
2004-02-10,6.300038814544678
2004-02-11,6.331204414367676
2004-02-12,6.268867015838623
2004-02-13,6.218217849731445
2004-02-17,6.23380184173584
2004-02-18,6.214324474334717
2004-02-19,6.210424423217773
2004-02-20,6.210424423217773
2004-02-23,6.206528186798096
2004-02-24,6.218217849731445
2004-02-25,6.272763729095459
2004-02-26,6.261075019836426
2004-02-27,6.268867015838623
2004-03-01,6.338997840881348
2004-03-02,6.3857502937316895
2004-03-03,6.416921138763428
2004-03-04,6.4441914558410645
2004-03-05,6.479258060455322
2004-03-08,6.47146463394165
2004-03-09,6.467571258544922
2004-03-10,6.393543720245361
2004-03-11,6.319516181945801
2004-03-12,6.389647483825684
2004-03-15,6.342891693115234
2004-03-16,6.354583263397217
2004-03-17,6.455880165100098
2004-03-18,6.487048625946045
2004-03-19,6.494841575622559
2004-03-22,6.467571258544922
2004-03-23,6.502632141113281
2004-03-24,6.448087692260742
2004-03-25,6.5260114669799805
2004-03-26,6.4549455642700195
2004-03-29,6.498132705688477
2004-03-30,6.560954570770264
2004-03-31,6.608074188232422
2004-04-01,6.666966438293457
2004-04-02,6.604144096374512
2004-04-05,6.348933696746826
2004-04-06,6.089792728424072
2004-04-07,6.18795108795166
2004-04-08,6.074089527130127
2004-04-12,5.771758556365967
2004-04-13,5.728568077087402
2004-04-14,5.669670581817627
2004-04-15,5.791389465332031
2004-04-16,5.854212284088135
2004-04-19,5.885621547698975
2004-04-20,5.67359733581543
2004-04-21,5.68930196762085
2004-04-22,5.767831802368164
2004-04-23,5.71286153793335
2004-04-26,5.7442731857299805
2004-04-27,5.795315265655518
2004-04-28,5.759976863861084
2004-04-29,5.677525043487549
2004-04-30,5.646114349365234
2004-05-03,5.732491970062256
2004-05-04,5.771758556365967
2004-05-05,5.708935260772705
2004-05-06,5.705007076263428
2004-05-07,5.512615203857422
2004-05-10,5.449794769287109
2004-05-11,5.496910572052002
2004-05-12,5.500836372375488
2004-05-13,5.504765510559082
2004-05-14,5.5675859451293945
2004-05-17,5.606849670410156
2004-05-18,5.71286153793335
2004-05-19,5.58721923828125
2004-05-20,5.697154998779297
2004-05-21,5.697154998779297
2004-05-24,5.756051063537598
2004-05-25,5.86991548538208
2004-05-26,5.956297874450684
2004-05-27,5.983782768249512
2004-05-28,6.046604156494141
2004-06-01,5.979854106903076
2004-06-02,6.070160388946533
2004-06-03,6.026971340179443
2004-06-04,6.038747787475586
2004-06-07,6.081939697265625
2004-06-08,6.074089527130127
2004-06-09,6.042675971984863
2004-06-10,6.023043155670166
2004-06-14,5.917031764984131
2004-06-15,6.030897617340088
2004-06-16,6.054455757141113
2004-06-17,6.093719482421875
2004-06-18,6.1212053298950195
2004-06-21,6.18795108795166
2004-06-22,6.176175117492676
2004-06-23,6.219361782073975
2004-06-24,6.199733257293701
2004-06-25,6.243476867675781
2004-06-28,6.271313190460205
2004-06-29,6.136104583740234
2004-06-30,6.215636730194092
2004-07-01,6.22359037399292
2004-07-02,6.346871376037598
2004-07-06,6.323007583618164
2004-07-07,6.390613079071045
2004-07-08,6.291195869445801
2004-07-09,6.2951741218566895
2004-07-12,6.350846767425537
2004-07-13,6.2951741218566895
2004-07-14,6.334939479827881
2004-07-15,6.390613079071045
2004-07-16,6.378683567047119
2004-07-19,6.430382251739502
2004-07-20,6.446286201477051
2004-07-21,6.382660865783691
2004-07-22,6.239497184753418
2004-07-23,6.187798500061035
2004-07-26,6.140079498291016
2004-07-27,6.152011394500732
2004-07-28,6.199733257293701
2004-07-29,6.195752143859863
2004-07-30,6.2474517822265625
2004-08-02,6.346871376037598
2004-08-03,6.362776279449463
2004-08-04,6.422426700592041
2004-08-05,6.315056800842285
2004-08-06,6.2951741218566895
2004-08-09,6.30312442779541
2004-08-10,6.330965042114258
2004-08-11,6.323007583618164
2004-08-12,6.25938081741333
2004-08-13,6.25938081741333
2004-08-16,6.350846767425537
2004-08-17,6.4144721031188965
2004-08-18,6.497988224029541
2004-08-19,6.386639595031738
2004-08-20,6.573544979095459
2004-08-23,6.569565773010254
2004-08-24,6.657055377960205
2004-08-25,6.617288589477539
2004-08-26,6.645124435424805
2004-08-27,6.653079032897949
2004-08-30,6.684891223907471
2004-08-31,6.736590385437012
2004-09-01,6.716707706451416
2004-09-02,6.756474018096924
2004-09-03,6.792264938354492
2004-09-07,6.855892658233643
2004-09-08,6.847939968109131
2004-09-09,6.728637218475342
2004-09-10,6.744542598724365
2004-09-13,6.684891223907471
2004-09-14,6.5974040031433105
2004-09-15,6.637168884277344
2004-09-16,6.756474018096924
2004-09-17,6.7326130867004395
2004-09-20,6.661032199859619
2004-09-21,6.685179710388184
2004-09-22,6.636882305145264
2004-09-23,6.608707904815674
2004-09-24,6.62078332901001
2004-09-27,6.616757392883301
2004-09-28,6.661032199859619
2004-09-29,6.669079303741455
2004-09-30,6.7214035987854
2004-10-01,6.842148303985596
2004-10-04,6.862272262573242
2004-10-05,6.866298198699951
2004-10-06,6.906543254852295
2004-10-07,6.8139753341674805
2004-10-08,6.870319366455078
2004-10-11,6.842148303985596
2004-10-12,6.906543254852295
2004-10-13,6.8743462562561035
2004-10-14,6.942765235900879
2004-10-15,6.99106502532959
2004-10-18,7.031311511993408
2004-10-19,6.978990077972412
2004-10-20,6.954840183258057
2004-10-21,7.043386936187744
2004-10-22,6.983016490936279
2004-10-25,6.9467926025390625
2004-10-26,7.05143404006958
2004-10-27,7.103757858276367
2004-10-28,7.115832805633545
2004-10-29,7.083634853363037
2004-11-01,7.172180652618408
2004-11-02,7.099733829498291
2004-11-03,7.172180652618408
2004-11-04,7.272799491882324
2004-11-05,7.075587272644043
2004-11-08,7.115832805633545
2004-11-09,7.127909183502197
2004-11-10,7.172180652618408
2004-11-11,7.24462890625
2004-11-12,7.413670539855957
2004-11-15,7.4820876121521
2004-11-16,7.413670539855957
2004-11-17,7.256701469421387
2004-11-18,7.260725021362305
2004-11-19,7.164131164550781
2004-11-22,7.21243143081665
2004-11-23,7.292925834655762
2004-11-24,7.389520645141602
2004-11-26,7.3613457679748535
2004-11-29,7.345248699188232
2004-11-30,7.377445697784424
2004-12-01,7.5223388671875
2004-12-02,7.449894428253174
2004-12-03,7.574656963348389
2004-12-06,7.610884666442871
2004-12-07,7.486114025115967
2004-12-08,7.5223388671875
2004-12-09,7.57868766784668
2004-12-10,7.635032653808594
2004-12-13,7.618929862976074
2004-12-14,7.602832794189453
2004-12-15,7.639056205749512
2004-12-16,7.550511360168457
2004-12-17,7.626978874206543
2004-12-20,7.618929862976074
2004-12-21,7.689323902130127
2004-12-22,7.7346038818359375
2004-12-23,7.664626598358154
2004-12-27,7.6522746086120605
2004-12-28,7.676969528198242
2004-12-29,7.718137741088867
2004-12-30,7.746947765350342
2004-12-31,7.7304840087890625
2005-01-03,7.635804653167725
2005-01-04,7.541131496429443
2005-01-05,7.265337944030762
2005-01-06,7.314736843109131
2005-01-07,7.314736843109131
2005-01-10,7.290036678314209
2005-01-11,7.203593730926514
2005-01-12,7.1665472984313965
2005-01-13,7.203593730926514
2005-01-14,7.265337944030762
2005-01-18,7.360016345977783
2005-01-19,7.3805952072143555
2005-01-20,7.327085494995117
2005-01-21,7.335314750671387
2005-01-24,7.277688503265381
2005-01-25,7.1336164474487305
2005-01-26,7.137728691101074
2005-01-27,7.063641548156738
2005-01-28,7.096570014953613
2005-01-31,7.080102443695068
2005-02-01,7.125381946563721
2005-02-02,7.203593730926514
2005-02-03,7.2077107429504395
2005-02-04,7.322969436645508
2005-02-07,7.290036678314209
2005-02-08,7.314736843109131
2005-02-09,7.364129543304443
2005-02-10,7.397059917449951
2005-02-11,7.438224792480469
2005-02-14,7.442338466644287
2005-02-15,7.471155166625977
2005-02-16,7.508205413818359
2005-02-17,7.504088401794434
2005-02-18,7.434110641479492
2005-02-22,7.244758605957031
2005-02-23,7.220057487487793
2005-02-24,7.2077107429504395
2005-02-25,7.339431285858154
2005-02-28,7.281804084777832
2005-03-01,7.360016345977783
2005-03-02,7.318850994110107
2005-03-03,7.360016345977783
2005-03-04,7.499968528747559
2005-03-07,7.545247554779053
2005-03-08,7.491738796234131
2005-03-09,7.273571968078613
2005-03-10,7.347666263580322
2005-03-11,7.248873233795166
2005-03-14,7.360016345977783
2005-03-15,7.339431285858154
2005-03-16,7.261221408843994
2005-03-17,7.331199645996094
2005-03-18,7.285921573638916
2005-03-21,7.244758605957031
2005-03-22,7.125381946563721
2005-03-23,7.087488174438477
2005-03-24,7.116638660430908
2005-03-28,7.079159736633301
2005-03-29,7.091654300689697
2005-03-30,7.1832661628723145
2005-03-31,7.166609287261963
2005-04-01,7.162446022033691
2005-04-04,7.137458324432373
2005-04-05,7.133295059204102
2005-04-06,7.170774459838867
2005-04-07,7.233234882354736
2005-04-08,7.1832661628723145
2005-04-11,7.199922561645508
2005-04-12,7.304026126861572
2005-04-13,7.304026126861572
2005-04-14,7.258223056793213
2005-04-15,7.249893665313721
2005-04-18,7.274880409240723
2005-04-19,7.316521644592285
2005-04-20,7.2790446281433105
2005-04-21,7.32068395614624
2005-04-22,7.353999137878418
2005-04-25,7.445610523223877
2005-04-26,7.445610523223877
2005-04-27,7.512238502502441
2005-04-28,7.470595836639404
2005-04-29,7.583031177520752
2005-05-02,7.5663743019104
2005-05-03,7.549715518951416
2005-05-04,7.616344928741455
2005-05-05,7.670479774475098
2005-05-06,7.595523357391357
2005-05-09,7.737106800079346
2005-05-10,7.724610805511475
2005-05-11,7.741267681121826
2005-05-12,7.674645900726318
2005-05-13,7.6121826171875
2005-05-16,7.703790664672852
2005-05-17,7.745434761047363
2005-05-18,7.832878589630127
2005-05-19,7.924493789672852
2005-05-20,7.953647136688232
2005-05-23,7.957810878753662
2005-05-24,7.86203145980835
2005-05-25,7.757927417755127
2005-05-26,7.72877836227417
2005-05-27,7.774585247039795
2005-05-31,7.828718662261963
2005-06-01,7.9286603927612305
2005-06-02,7.9036760330200195
2005-06-03,7.89534854888916
2005-06-06,7.966139316558838
2005-06-07,8.0369291305542
2005-06-08,8.07024097442627
2005-06-09,8.07024097442627
2005-06-10,8.066076278686523
2005-06-13,8.107723236083984
2005-06-14,8.18267822265625
2005-06-15,8.186843872070312
2005-06-16,8.195171356201172
2005-06-17,8.290945053100586
2005-06-20,8.270125389099121
2005-06-21,8.195171356201172
2005-06-22,8.19100284576416
2005-06-23,8.178515434265137
2005-06-24,8.140632629394531
2005-06-27,8.127999305725098
2005-06-28,8.182727813720703
2005-06-29,8.207974433898926
2005-06-30,8.216395378112793
2005-07-01,8.292160034179688
2005-07-05,8.384764671325684
2005-07-06,8.342672348022461
2005-07-07,8.380552291870117
2005-07-08,8.506832122802734
2005-07-11,8.612061500549316
2005-07-12,8.61627197265625
2005-07-13,8.561552047729492
2005-07-14,8.414228439331055
2005-07-15,8.46053409576416
2005-07-18,8.47736644744873
2005-07-19,8.540507316589355
2005-07-20,8.61627197265625
2005-07-21,8.4942045211792
2005-07-22,8.565762519836426
2005-07-25,8.591015815734863
2005-07-26,8.66678237915039
2005-07-27,8.692035675048828
2005-07-28,8.801477432250977
2005-07-29,8.788851737976074
2005-08-01,8.793059349060059
2005-08-02,8.864615440368652
2005-08-03,8.835147857666016
2005-08-04,8.67099666595459
2005-08-05,8.380552291870117
2005-08-08,8.081700325012207
2005-08-09,8.153251647949219
2005-08-10,8.191142082214355
2005-08-11,8.283745765686035
2005-08-12,8.300579071044922
2005-08-15,8.376343727111816
2005-08-16,8.414228439331055
2005-08-17,8.346881866455078
2005-08-18,8.287952423095703
2005-08-19,8.254278182983398
2005-08-22,8.304788589477539
2005-08-23,8.317419052124023
2005-08-24,8.346881866455078
2005-08-25,8.380552291870117
2005-08-26,8.279532432556152
2005-08-29,8.266905784606934
2005-08-30,8.283745765686035
2005-08-31,8.46053409576416
2005-09-01,8.50262451171875
2005-09-02,8.481576919555664
2005-09-06,8.675199508666992
2005-09-07,8.61627197265625
2005-09-08,8.595226287841797
2005-09-09,8.628900527954102
2005-09-12,8.607850074768066
2005-09-13,8.54892635345459
2005-09-14,8.532083511352539
2005-09-15,8.561552047729492
2005-09-16,8.565762519836426
2005-09-19,8.489999771118164
2005-09-20,8.43527603149414
2005-09-21,8.266905784606934
2005-09-22,8.292160034179688
2005-09-23,8.309189796447754
2005-09-26,8.347500801086426
2005-09-27,8.330469131469727
2005-09-28,8.27513599395752
2005-09-29,8.402833938598633
2005-09-30,8.509256362915039
2005-10-03,8.539050102233887
2005-10-04,8.394323348999023
2005-10-05,8.24533462524414
2005-10-06,8.228311538696289
2005-10-07,8.160202980041504
2005-10-10,8.053784370422363
2005-10-11,8.002701759338379
2005-10-12,7.870739936828613
2005-10-13,7.862227439880371
2005-10-14,8.045270919799805
2005-10-17,8.083579063415527
2005-10-18,7.998446941375732
2005-10-19,8.10912036895752
2005-10-20,7.989930629730225
2005-10-21,8.079323768615723
2005-10-24,8.232568740844727
2005-10-25,8.185741424560547
2005-10-26,8.113378524780273
2005-10-27,8.023983001708984
2005-10-28,8.249594688415527
2005-10-31,8.309189796447754
2005-11-01,8.126148223876953
2005-11-02,8.198513984680176
2005-11-03,8.155945777893066
2005-11-04,8.13040542602539
2005-11-07,8.177229881286621
2005-11-08,8.143171310424805
2005-11-09,8.236824035644531
2005-11-10,8.411347389221191
2005-11-11,8.475200653076172
2005-11-14,8.441147804260254
2005-11-15,8.42411994934082
2005-11-16,8.394323348999023
2005-11-17,8.517767906188965
2005-11-18,8.568852424621582
2005-11-21,8.611418724060059
2005-11-22,8.700813293457031
2005-11-23,8.743382453918457
2005-11-25,8.760407447814941
2005-11-28,8.67100715637207
2005-11-29,8.696555137634277
2005-11-30,8.662496566772461
2005-12-01,8.764663696289062
2005-12-02,8.747631072998047
2005-12-05,8.679527282714844
2005-12-06,8.653985023498535
2005-12-07,8.607160568237305
2005-12-08,8.67100715637207
2005-12-09,8.709319114685059
2005-12-12,8.69229793548584
2005-12-13,8.747631072998047
2005-12-14,8.768921852111816
2005-12-15,8.705065727233887
2005-12-16,8.722092628479004
2005-12-19,8.624191284179688
2005-12-20,8.615673065185547
2005-12-21,8.67526912689209
2005-12-22,8.722092628479004
2005-12-23,8.754875183105469
2005-12-27,8.737391471862793
2005-12-28,8.733020782470703
2005-12-29,8.680573463439941
2005-12-30,8.654346466064453
2006-01-03,8.83355712890625
2006-01-04,8.868520736694336
2006-01-05,8.95593547821045
2006-01-06,9.047725677490234
2006-01-09,9.117659568786621
2006-01-10,9.196333885192871
2006-01-11,9.178853988647461
2006-01-12,9.157000541687012
2006-01-13,9.0346097946167
2006-01-17,9.012755393981934
2006-01-18,9.00401782989502
2006-01-19,9.1264009475708
2006-01-20,9.017126083374023
2006-01-23,9.082695960998535
2006-01-24,9.143885612487793
2006-01-25,9.13951301574707
2006-01-26,9.174479484558105
2006-01-27,9.296865463256836
2006-01-30,9.266268730163574
2006-01-31,9.305607795715332
2006-02-01,9.340571403503418
2006-02-02,9.279382705688477
2006-02-03,9.178853988647461
2006-02-06,9.22255802154541
2006-02-07,9.148255348205566
2006-02-08,9.113286972045898
2006-02-09,9.143885612487793
2006-02-10,9.152627944946289
2006-02-13,9.174479484558105
2006-02-14,9.226929664611816
2006-02-15,9.305607795715332
2006-02-16,9.371170997619629
2006-02-17,9.4411039352417
2006-02-21,9.471701622009277
2006-02-22,9.57222843170166
2006-02-23,9.550375938415527
2006-02-24,9.502300262451172
2006-02-27,9.511035919189453
2006-02-28,9.476070404052734
2006-03-01,9.528523445129395
2006-03-02,9.502300262451172
2006-03-03,9.458586692810059
2006-03-06,9.62905216217041
2006-03-07,9.51540756225586
2006-03-08,9.559118270874023
2006-03-09,9.650907516479492
2006-03-10,9.738327980041504
2006-03-13,9.681500434875488
2006-03-14,9.747066497802734
2006-03-15,9.913158416748047
2006-03-16,10.013689041137695
2006-03-17,10.101605415344238
2006-03-20,9.947751998901367
2006-03-21,9.824668884277344
2006-03-22,9.855438232421875
2006-03-23,9.881813049316406
2006-03-24,9.842251777648926
2006-03-27,9.7499418258667
2006-03-28,9.855438232421875
2006-03-29,10.066437721252441
2006-03-30,9.91697883605957
2006-03-31,9.934564590454102
2006-04-03,9.7455472946167
2006-04-04,9.675210952758789
2006-04-05,9.7499418258667
2006-04-06,9.70158576965332
2006-04-07,9.556524276733398
2006-04-10,9.455419540405273
2006-04-11,9.42025375366211
2006-04-12,9.424647331237793
2006-04-13,9.310359001159668
2006-04-17,9.279585838317871
2006-04-18,9.503774642944336
2006-04-19,9.626859664916992
2006-04-20,9.635648727416992
2006-04-21,9.644445419311523
2006-04-24,9.58289623260498
2006-04-25,9.525751113891602
2006-04-26,9.477402687072754
2006-04-27,9.552129745483398
2006-04-28,9.574106216430664
2006-05-01,9.451021194458008
2006-05-02,9.376294136047363
2006-05-03,9.389484405517578
2006-05-04,9.516962051391602
2006-05-05,9.635648727416992
2006-05-08,9.679609298706055
2006-05-09,9.675210952758789
2006-05-10,9.679609298706055
2006-05-11,9.464210510253906
2006-05-12,9.341131210327148
2006-05-15,9.464210510253906
2006-05-16,9.424647331237793
2006-05-17,9.257608413696289
2006-05-18,9.200461387634277
2006-05-19,9.204855918884277
2006-05-22,9.156500816345215
2006-05-23,9.08617115020752
2006-05-24,9.103750228881836
2006-05-25,9.305963516235352
2006-05-26,9.38508129119873
2006-05-30,9.305963516235352
2006-05-31,9.305963516235352
2006-06-01,9.490583419799805
2006-06-02,9.58289623260498
2006-06-05,9.631253242492676
2006-06-06,9.552129745483398
2006-06-07,9.58729362487793
2006-06-08,9.560921669006348
2006-06-09,9.631253242492676
2006-06-12,9.503774642944336
2006-06-13,9.42025375366211
2006-06-14,9.367499351501465
2006-06-15,9.521357536315918
2006-06-16,9.521357536315918
2006-06-19,9.459815979003906
2006-06-20,9.402667999267578
2006-06-21,9.503774642944336
2006-06-22,9.437833786010742
2006-06-23,9.38010025024414
2006-06-26,9.473365783691406
2006-06-27,9.446722030639648
2006-06-28,9.513341903686523
2006-06-29,9.704313278198242
2006-06-30,9.797587394714355
2006-07-03,9.926384925842285
2006-07-05,9.926384925842285
2006-07-06,9.948592185974121
2006-07-07,9.899735450744629
2006-07-10,10.006329536437988
2006-07-11,10.01521110534668
2006-07-12,10.050739288330078
2006-07-13,9.917497634887695
2006-07-14,9.788702011108398
2006-07-17,9.784257888793945
2006-07-18,9.899735450744629
2006-07-19,10.090715408325195
2006-07-20,9.988560676574707
2006-07-21,9.82423210144043
2006-07-24,9.99300765991211
2006-07-25,10.046296119689941
2006-07-26,10.086273193359375
2006-07-27,10.050739288330078
2006-07-28,10.19730281829834
2006-07-31,10.139566421508789
2006-08-01,10.099590301513672
2006-08-02,10.090715408325195
2006-08-03,10.192864418029785
2006-08-04,10.352754592895508
2006-08-07,10.25059986114502
2006-08-08,10.090715408325195
2006-08-09,10.04185962677002
2006-08-10,10.046296119689941
2006-08-11,9.97079849243164
2006-08-14,10.077388763427734
2006-08-15,10.183980941772461
2006-08-16,10.19730281829834
2006-08-17,10.206186294555664
2006-08-18,10.232834815979004
2006-08-21,10.29057788848877
2006-08-22,10.374961853027344
2006-08-23,10.281688690185547
2006-08-24,10.330544471740723
2006-08-25,10.317220687866211
2006-08-28,10.428252220153809
2006-08-29,10.432690620422363
2006-08-30,10.521523475646973
2006-08-31,10.517084121704102
2006-09-01,10.454902648925781
2006-09-05,10.552610397338867
2006-09-06,10.508197784423828
2006-09-07,10.423810005187988
2006-09-08,10.521523475646973
2006-09-11,10.565935134887695
2006-09-12,10.690291404724121
2006-09-13,10.752467155456543
2006-09-14,10.699176788330078
2006-09-15,10.774681091308594
2006-09-18,10.70361328125
2006-09-19,10.783561706542969
2006-09-20,10.752467155456543
2006-09-21,10.636996269226074
2006-09-22,10.686306953430176
2006-09-25,10.677340507507324
2006-09-26,10.654930114746094
2006-09-27,10.7625093460083
2006-09-28,10.72216510772705
2006-09-29,10.717686653137207
2006-10-02,10.704233169555664
2006-10-03,10.807334899902344
2006-10-04,10.932845115661621
2006-10-05,11.022491455078125
2006-10-06,10.923881530761719
2006-10-09,11.004561424255371
2006-10-10,10.995594024658203
2006-10-11,10.955257415771484
2006-10-12,11.044905662536621
2006-10-13,11.161454200744629
2006-10-16,11.206275939941406
2006-10-17,11.170417785644531
2006-10-18,11.224209785461426
2006-10-19,11.197312355041504
2006-10-20,11.192830085754395
2006-10-23,11.25110149383545
2006-10-24,11.201797485351562
2006-10-25,11.255582809448242
2006-10-26,11.358677864074707
2006-10-27,11.277999877929688
2006-10-30,11.354195594787598
2006-10-31,11.372121810913086
2006-11-01,11.277999877929688
2006-11-02,11.076279640197754
2006-11-03,10.946290016174316
2006-11-06,11.040421485900879
2006-11-07,10.923881530761719
2006-11-08,10.950778007507324
2006-11-09,10.96422290802002
2006-11-10,11.0269775390625
2006-11-13,11.044905662536621
2006-11-14,11.197312355041504
2006-11-15,11.192830085754395
2006-11-16,11.27351188659668
2006-11-17,11.233168601989746
2006-11-20,11.605219841003418
2006-11-21,11.797966003417969
2006-11-22,11.83382797241211
2006-11-24,11.910024642944336
2006-11-27,11.596251487731934
2006-11-28,11.614188194274902
2006-11-29,11.78900146484375
2006-11-30,11.90555191040039
2006-12-01,11.878652572631836
2006-12-04,12.031057357788086
2006-12-05,11.932439804077148
2006-12-06,11.85623836517334
2006-12-07,11.802452087402344
2006-12-08,11.811413764953613
2006-12-11,11.851754188537598
2006-12-12,11.797966003417969
2006-12-13,11.739702224731445
2006-12-14,11.74417781829834
2006-12-15,11.681422233581543
2006-12-18,11.60073471069336
2006-12-19,11.493159294128418
2006-12-20,11.605219841003418
2006-12-21,11.486429214477539
2006-12-22,11.399615287780762
2006-12-26,11.490992546081543
2006-12-27,11.618926048278809
2006-12-28,11.650909423828125
2006-12-29,11.687460899353027
2007-01-03,11.692031860351562
2007-01-04,11.696602821350098
2007-01-05,11.51840877532959
2007-01-08,11.513838768005371
2007-01-09,11.655479431152344
2007-01-10,11.810822486877441
2007-01-11,11.957026481628418
2007-01-12,11.998151779174805
2007-01-16,12.16720962524414
2007-01-17,12.16263198852539
2007-01-18,12.130653381347656
2007-01-19,12.263152122497559
2007-01-22,12.171772956848145
2007-01-23,12.222034454345703
2007-01-24,12.381946563720703
2007-01-25,12.468757629394531
2007-01-26,12.505306243896484
2007-01-29,12.532727241516113
2007-01-30,12.605830192565918
2007-01-31,12.683497428894043
2007-02-01,12.738327980041504
2007-02-02,12.77944278717041
2007-02-05,12.797722816467285
2007-02-06,12.962211608886719
2007-02-07,13.218071937561035
2007-02-08,13.144968032836914
2007-02-09,12.998756408691406
2007-02-12,12.770313262939453
2007-02-13,12.994190216064453
2007-02-14,12.91195297241211
2007-02-15,12.998756408691406
2007-02-16,12.953065872192383
2007-02-20,13.062723159790039
2007-02-21,13.021599769592285
2007-02-22,12.948494911193848
2007-02-23,12.742897033691406
2007-02-26,12.674365043640137
2007-02-27,12.263152122497559
2007-02-28,12.377374649047852
2007-03-01,12.267719268798828
2007-03-02,12.030137062072754
2007-03-05,11.59150505065918
2007-03-06,11.989012718200684
2007-03-07,11.819958686828613
2007-03-08,12.011857986450195
2007-03-09,12.171772956848145
2007-03-12,12.240311622619629
2007-03-13,11.943327903747559
2007-03-14,11.993579864501953
2007-03-15,12.116947174072266
2007-03-16,12.002720832824707
2007-03-19,12.130653381347656
2007-03-20,12.144349098205566
2007-03-21,12.317975044250488
2007-03-22,12.304274559020996
2007-03-23,12.313459396362305
2007-03-26,12.143461227416992
2007-03-27,11.982649803161621
2007-03-28,11.918322563171387
2007-03-29,11.92751693725586
2007-03-30,12.083736419677734
2007-04-02,12.19400405883789
2007-04-03,12.290494918823242
2007-04-04,12.23536205291748
2007-04-05,12.23076057434082
2007-04-09,12.244545936584473
2007-04-10,12.295083045959473
2007-04-11,12.102108001708984
2007-04-12,12.03320026397705
2007-04-13,12.1526517868042
2007-04-16,12.180221557617188
2007-04-17,12.33643627166748
2007-04-18,12.253731727600098
2007-04-19,12.175626754760742
2007-04-20,12.258329391479492
2007-04-23,12.41454029083252
2007-04-24,12.322654724121094
2007-04-25,12.327244758605957
2007-04-26,12.299678802490234
2007-04-27,12.285892486572266
2007-04-30,12.07913875579834
2007-05-01,11.982649803161621
2007-05-02,12.074546813964844
2007-05-03,12.102108001708984
2007-05-04,12.001035690307617
2007-05-07,12.037787437438965
2007-05-08,11.959675788879395
2007-05-09,12.088326454162598
2007-05-10,11.91373348236084
2007-05-11,12.083736419677734
2007-05-14,12.005620956420898
2007-05-15,11.821844100952148
2007-05-16,11.706976890563965
2007-05-17,11.486438751220703
2007-05-18,11.357792854309082
2007-05-21,11.445087432861328
2007-05-22,11.59211254119873
2007-05-23,11.486438751220703
2007-05-24,11.288871765136719
2007-05-25,11.38995361328125
2007-05-29,11.79427719116211
2007-05-30,12.102108001708984
2007-05-31,12.065356254577637
2007-06-01,12.065356254577637
2007-06-04,12.1204833984375
2007-06-05,11.909132957458496
2007-06-06,11.840225219726562
2007-06-07,11.477248191833496
2007-06-08,11.624276161193848
2007-06-11,11.445087432861328
2007-06-12,11.247523307800293
2007-06-13,11.491032600402832
2007-06-14,11.376168251037598
2007-06-15,11.486438751220703
2007-06-18,11.298056602478027
2007-06-19,11.339408874511719
2007-06-20,11.072924613952637
2007-06-21,11.054548263549805
2007-06-22,10.998749732971191
2007-06-25,10.83596420288086
2007-06-26,10.817360877990723
2007-06-27,11.073156356811523
2007-06-28,10.998749732971191
2007-06-29,10.947586059570312
2007-07-02,11.231268882751465
2007-07-03,11.20337200164795
2007-07-05,11.380091667175293
2007-07-06,11.361494064331055
2007-07-09,11.33359146118164
2007-07-10,11.049897193908691
2007-07-11,11.008040428161621
2007-07-12,11.180116653442383
2007-07-13,11.282430648803711
2007-07-16,11.221969604492188
2007-07-17,11.147563934326172
2007-07-18,11.110359191894531
2007-07-19,11.166166305541992
2007-07-20,10.947586059570312
2007-07-23,10.775508880615234
2007-07-24,10.54298210144043
2007-07-25,10.491825103759766
2007-07-26,10.287192344665527
2007-07-27,9.998851776123047
2007-07-30,10.091869354248047
2007-07-31,10.096521377563477
2007-08-01,10.189529418945312
2007-08-02,10.315098762512207
2007-08-03,10.008156776428223
2007-08-06,10.277892112731934
2007-08-07,10.338349342346191
2007-08-08,10.747605323791504
2007-08-09,10.696450233459473
2007-08-10,10.38021183013916
2007-08-13,10.31044864654541
2007-08-14,9.975606918334961
2007-08-15,9.859331130981445
2007-08-16,10.175580978393555
2007-08-17,10.422063827514648
2007-08-20,10.6080904006958
2007-08-21,10.733654975891113
2007-08-22,10.775508880615234
2007-08-23,10.673192977905273
2007-08-24,10.6592435836792
2007-08-27,10.48252010345459
2007-08-28,10.180233001708984
2007-08-29,10.45926284790039
2007-08-30,10.54298210144043
2007-08-31,10.752260208129883
2007-09-04,10.882475852966309
2007-09-05,10.640642166137695
2007-09-06,10.705748558044434
2007-09-07,10.48252010345459
2007-09-10,10.384858131408691
2007-09-11,10.54298210144043
2007-09-12,10.53367805480957
2007-09-13,10.72900676727295
2007-09-14,10.78016185760498
2007-09-17,10.733654975891113
2007-09-18,11.073156356811523
2007-09-19,11.268476486206055
2007-09-20,11.073156356811523
2007-09-21,11.07784652709961
2007-09-24,11.270466804504395
2007-09-25,11.08254623413086
2007-09-26,11.157716751098633
2007-09-27,11.246977806091309
2007-09-28,11.209388732910156
2007-10-01,11.430196762084961
2007-10-02,11.62281608581543
2007-10-03,11.589930534362793
2007-10-04,11.669794082641602
2007-10-05,11.928184509277344
2007-10-08,11.763755798339844
2007-10-09,11.857715606689453
2007-10-10,11.848315238952637
2007-10-11,11.768457412719727
2007-10-12,11.67918586730957
2007-10-15,11.430196762084961
2007-10-16,11.270466804504395
2007-10-17,11.246977806091309
2007-10-18,11.279864311218262
2007-10-19,10.880535125732422
2007-10-22,11.012078285217285
2007-10-23,11.124825477600098
2007-10-24,11.044958114624023
2007-10-25,11.073156356811523
2007-10-26,11.1624116897583
2007-10-29,11.049661636352539
2007-10-30,11.153013229370117
2007-10-31,11.345633506774902
2007-11-01,10.904020309448242
2007-11-02,10.687915802001953
2007-11-05,10.575162887573242
2007-11-06,10.66442584991455
2007-11-07,10.326173782348633
2007-11-08,10.373147010803223
2007-11-09,10.354361534118652
2007-11-12,10.368451118469238
2007-11-13,10.75838565826416
2007-11-14,10.570466041564941
2007-11-15,10.523489952087402
2007-11-16,10.373147010803223
2007-11-19,10.114758491516113
2007-11-20,9.926839828491211
2007-11-21,9.898653984069824
2007-11-23,10.100664138793945
2007-11-26,9.569792747497559
2007-11-27,9.776507377624512
2007-11-28,10.147645950317383
2007-11-29,10.110064506530762
2007-11-30,10.28858757019043
2007-12-03,10.208724021911621
2007-12-04,9.936240196228027
2007-12-05,10.255704879760742
2007-12-06,10.589256286621094
2007-12-07,10.56107234954834
2007-12-10,10.777178764343262
2007-12-11,10.185232162475586
2007-12-12,10.175835609436035
2007-12-13,10.072481155395508
2007-12-14,9.76711368560791
2007-12-17,9.508721351623535
2007-12-18,9.583890914916992
2007-12-19,9.722367286682129
2007-12-20,9.717597007751465
2007-12-21,9.87995719909668
2007-12-24,10.233323097229004
2007-12-26,10.056636810302734
2007-12-27,9.813097953796387
2007-12-28,9.679391860961914
2007-12-31,9.765345573425293
2008-01-02,9.698493957519531
2008-01-03,9.369003295898438
2008-01-04,9.025188446044922
2008-01-07,9.120692253112793
2008-01-08,8.791202545166016
2008-01-09,8.944008827209473
2008-01-10,9.09203815460205
2008-01-11,9.082489013671875
2008-01-14,9.063386917114258
2008-01-15,8.829402923583984
2008-01-16,8.996538162231445
2008-01-17,8.853278160095215
2008-01-18,8.743450164794922
2008-01-22,9.029962539672852
2008-01-23,9.80832576751709
2008-01-24,9.607769966125488
2008-01-25,9.493157386779785
2008-01-28,9.82742691040039
2008-01-29,9.741474151611328
2008-01-30,9.540908813476562
2008-01-31,9.731924057006836
2008-02-01,10.090060234069824
2008-02-04,9.980233192443848
2008-02-05,9.607769966125488
2008-02-06,9.454959869384766
2008-02-07,9.679391860961914
2008-02-08,9.369003295898438
2008-02-11,9.201869010925293
2008-02-12,9.464509963989258
2008-02-13,9.536136627197266
2008-02-14,9.340353012084961
2008-02-15,9.421529769897461
2008-02-19,9.31647777557373
2008-02-20,9.469282150268555
2008-02-21,9.263951301574707
2008-02-22,9.474058151245117
2008-02-25,9.765345573425293
2008-02-26,9.770123481750488
2008-02-27,9.693721771240234
2008-02-28,9.52181339263916
2008-02-29,9.369003295898438
2008-03-03,9.464509963989258
2008-03-04,9.40242862701416
2008-03-05,9.421529769897461
2008-03-06,9.039512634277344
2008-03-07,9.182768821716309
2008-03-10,9.034737586975098
2008-03-11,9.622092247009277
2008-03-12,9.454959869384766
2008-03-13,9.574335098266602
2008-03-14,9.411978721618652
2008-03-17,9.40242862701416
2008-03-18,9.846524238586426
2008-03-19,9.774897575378418
2008-03-20,10.152143478393555
2008-03-24,10.325353622436523
2008-03-25,10.359038352966309
2008-03-26,10.142518997192383
2008-03-27,10.041479110717773
2008-03-28,9.930815696716309
2008-03-31,9.97411823272705
2008-04-01,10.522624015808105
2008-04-02,10.512999534606934
2008-04-03,10.729516983032227
2008-04-04,10.556302070617676
2008-04-07,10.565927505493164
2008-04-08,10.411959648132324
2008-04-09,10.181011199951172
2008-04-10,10.291674613952637
2008-04-11,10.137710571289062
2008-04-14,10.084783554077148
2008-04-15,10.200252532958984
2008-04-16,10.594797134399414
2008-04-17,10.652528762817383
2008-04-18,10.6284761428833
2008-04-21,10.512999534606934
2008-04-22,10.464884757995605
2008-04-23,10.633282661437988
2008-04-24,10.86423397064209
2008-04-25,10.893101692199707
2008-04-28,10.869049072265625
2008-04-29,10.734325408935547
2008-04-30,10.561113357543945
2008-05-01,10.820929527282715
2008-05-02,10.801684379577637
2008-05-05,10.782440185546875
2008-05-06,10.84980297088623
2008-05-07,10.537056922912598
2008-05-08,10.522624015808105
2008-05-09,10.440828323364258
2008-05-12,10.695831298828125
2008-05-13,10.734325408935547
2008-05-14,10.820929527282715
2008-05-15,10.941216468811035
2008-05-16,10.859428405761719
2008-05-19,10.873858451843262
2008-05-20,10.719891548156738
2008-05-21,10.47932243347168
2008-05-22,10.42158317565918
2008-05-23,10.35422420501709
2008-05-27,10.512999534606934
2008-05-28,10.517809867858887
2008-05-29,10.64291000366211
2008-05-30,10.575549125671387
2008-06-02,10.397529602050781
2008-06-03,10.469696044921875
2008-06-04,10.537056922912598
2008-06-05,10.782440185546875
2008-06-06,10.32054328918457
2008-06-09,10.094405174255371
2008-06-10,10.152143478393555
2008-06-11,9.954876899719238
2008-06-12,10.051101684570312
2008-06-13,10.248371124267578
2008-06-16,10.37828254699707
2008-06-17,10.051101684570312
2008-06-18,9.91157054901123
2008-06-19,10.156954765319824
2008-06-20,9.901951789855957
2008-06-23,9.682662010192871
2008-06-24,9.716772079467773
2008-06-25,9.86783504486084
2008-06-26,9.521852493286133
2008-06-27,9.439011573791504
2008-06-30,9.434139251708984
2008-07-01,9.463379859924316
2008-07-02,9.283075332641602
2008-07-03,9.239221572875977
2008-07-07,9.039422035217285
2008-07-08,9.638805389404297
2008-07-09,8.976075172424316
2008-07-10,9.175867080688477
2008-07-11,9.166118621826172
2008-07-14,8.829886436462402
2008-07-15,8.776283264160156
2008-07-16,9.346426963806152
2008-07-17,9.516979217529297
2008-07-18,9.516979217529297
2008-07-21,9.580330848693848
2008-07-22,9.86783504486084
2008-07-23,10.0968656539917
2008-07-24,9.429265975952148
2008-07-25,9.633931159973145
2008-07-28,9.38541030883789
2008-07-29,9.911689758300781
2008-07-30,9.86783504486084
2008-07-31,9.731390953063965
2008-08-01,9.736260414123535
2008-08-04,9.585204124450684
2008-08-05,10.048134803771973
2008-08-06,9.9799165725708
2008-08-07,9.711899757385254
2008-08-08,10.11148452758789
2008-08-11,10.350265502929688
2008-08-12,10.077376365661621
2008-08-13,9.950676918029785
2008-08-14,10.121227264404297
2008-08-15,10.0968656539917
2008-08-18,9.897071838378906
2008-08-19,9.687531471252441
2008-08-20,9.69727897644043
2008-08-21,9.565710067749023
2008-08-22,9.887331008911133
2008-08-25,9.575454711914062
2008-08-26,9.677790641784668
2008-08-27,9.750884056091309
2008-08-28,10.053010940551758
2008-08-29,9.950676918029785
2008-09-02,10.038393020629883
2008-09-03,10.199198722839355
2008-09-04,9.901947975158691
2008-09-05,9.921435356140137
2008-09-08,10.35513687133789
2008-09-09,9.940934181213379
2008-09-10,9.994537353515625
2008-09-11,10.072503089904785
2008-09-12,10.194332122802734
2008-09-15,9.400030136108398
2008-09-16,9.897071838378906
2008-09-17,9.365912437438965
2008-09-18,10.374629020690918
2008-09-19,10.584165573120117
2008-09-22,9.653426170349121
2008-09-23,9.723014831542969
2008-09-24,9.584821701049805
2008-09-25,9.767433166503906
2008-09-26,10.073439598083496
2008-09-29,9.347914695739746
2008-09-30,9.940176010131836
2008-10-01,9.718080520629883
2008-10-02,9.101140022277832
2008-10-03,8.661874771118164
2008-10-06,8.355870246887207
2008-10-07,7.714250087738037
2008-10-08,7.659959316253662
2008-10-09,6.880143642425537
2008-10-10,7.842573642730713
2008-10-13,8.17325496673584
2008-10-14,7.615541458129883
2008-10-15,6.6531081199646
2008-10-16,6.973922252655029
2008-10-17,6.959112167358398
2008-10-20,6.9936604499816895
2008-10-21,6.74688196182251
2008-10-22,6.238522529602051
2008-10-23,6.174362659454346
2008-10-24,5.769647121429443
2008-10-27,5.434030055999756
2008-10-28,6.356975078582764
2008-10-29,6.159553050994873
2008-10-30,6.416203498840332
2008-10-31,6.835724353790283
2008-11-03,6.584012031555176
2008-11-04,6.964049339294434
2008-11-05,6.248395919799805
2008-11-06,5.962133884429932
2008-11-07,6.337234973907471
2008-11-10,5.759774208068848
2008-11-11,5.661066055297852
2008-11-12,5.256349086761475
2008-11-13,5.843681335449219
2008-11-14,5.202058792114258
2008-11-17,5.0145087242126465
2008-11-18,4.955282211303711
2008-11-19,4.308726787567139
2008-11-20,3.9731106758117676
2008-11-21,4.2297587394714355
2008-11-24,5.009575366973877
2008-11-25,5.09841251373291
2008-11-26,5.3402533531188965
2008-11-28,5.236607551574707
2008-12-01,4.224822044372559
2008-12-02,4.792410850524902
2008-12-03,5.049057960510254
2008-12-04,4.9059271812438965
2008-12-05,5.434030055999756
2008-12-08,5.972004413604736
2008-12-09,5.463643550872803
2008-12-10,5.897970676422119
2008-12-11,5.0145087242126465
2008-12-12,5.562355041503906
2008-12-15,5.345190048217773
2008-12-16,6.095392227172852
2008-12-17,6.17929744720459
2008-12-18,5.68574333190918
2008-12-19,6.01642370223999
2008-12-22,5.823940277099609
2008-12-23,5.80721378326416
2008-12-24,5.8578901290893555
2008-12-26,5.918697834014893
2008-12-29,5.604519367218018
2008-12-30,5.86295747756958
2008-12-31,6.146730899810791
2009-01-02,5.954170227050781
2009-01-05,5.812283992767334
2009-01-06,6.146730899810791
2009-01-07,5.908563613891602
2009-01-08,5.8578901290893555
2009-01-09,5.569046974182129
2009-01-12,5.224468231201172
2009-01-13,5.391689300537109
2009-01-14,5.112984657287598
2009-01-15,5.270073890686035
2009-01-16,5.493038177490234
2009-01-20,4.859616279602051
2009-01-21,5.3714189529418945
2009-01-22,5.102848529815674
2009-01-23,5.249802589416504
2009-01-26,5.224468231201172
2009-01-27,5.295411109924316
2009-01-28,5.746404647827148
2009-01-29,5.275140285491943
2009-01-30,5.077513217926025
2009-02-02,5.173795223236084
2009-02-03,5.118052959442139
2009-02-04,5.0167059898376465
2009-02-05,4.9102911949157715
2009-02-06,5.259937286376953
2009-02-09,5.315680980682373
2009-02-10,4.834279537200928
2009-02-11,4.920424938201904
2009-02-12,4.834279537200928
2009-02-13,4.545438766479492
2009-02-17,4.226193428039551
2009-02-18,4.29713773727417
2009-02-19,4.099510192871094
2009-02-20,4.3680806159973145
2009-02-23,4.028565883636475
2009-02-24,4.388350486755371
2009-02-25,4.292069435119629
2009-02-26,4.079239368438721
2009-02-27,4.02349853515625
2009-03-02,3.7245237827301025
2009-03-03,3.7599937915802
2009-03-04,3.8613409996032715
2009-03-05,3.5927717685699463
2009-03-06,3.552234172821045
2009-03-09,3.638376474380493
2009-03-10,4.1653852462768555
2009-03-11,4.08937406539917
2009-03-12,4.423820972442627
2009-03-13,4.3123393058776855
2009-03-16,3.97282338142395
2009-03-17,4.292069435119629
2009-03-18,4.499831199645996
2009-03-19,4.236328601837158
2009-03-20,3.8714776039123535
2009-03-23,4.525169372558594
2009-03-24,4.136767864227295
2009-03-25,4.203820705413818
2009-03-26,4.343089580535889
2009-03-27,4.1161346435546875
2009-03-30,3.8633880615234375
2009-03-31,4.167716026306152
2009-04-01,4.12645149230957
2009-04-02,4.4359354972839355
2009-04-03,4.82794713973999
2009-04-06,4.78152322769165
2009-04-07,4.368879318237305
2009-04-08,4.472040176391602
2009-04-09,5.0652174949646
2009-04-13,5.101325511932373
2009-04-14,4.668047904968262
2009-04-15,5.080691814422607
2009-04-16,5.276698589324951
2009-04-17,5.348911762237549
2009-04-20,4.760891437530518
2009-04-21,5.2251200675964355
2009-04-22,5.018795013427734
2009-04-23,5.245749473571777
2009-04-24,5.534602165222168
2009-04-27,5.158063888549805
2009-04-28,5.235435962677002
2009-04-29,5.4675445556640625
2009-04-30,5.4727044105529785
2009-05-01,5.240591049194336
2009-05-04,5.69450044631958
2009-05-05,5.477863311767578
2009-05-06,5.689347267150879
2009-05-07,5.328277587890625
2009-05-08,5.75123929977417
2009-05-11,5.493335723876953
2009-05-12,5.446913719177246
2009-05-13,5.080691814422607
2009-05-14,5.271539688110352
2009-05-15,5.054901123046875
2009-05-18,5.493335723876953
2009-05-19,5.369543075561523
2009-05-20,5.323122024536133
2009-05-21,5.333437442779541
2009-05-22,5.2199602127075195
2009-05-26,5.550076007843018
2009-05-27,5.328277587890625
2009-05-28,5.457229137420654
2009-05-29,5.601656436920166
2009-06-01,5.823453903198242
2009-06-02,5.7254509925842285
2009-06-03,5.730607032775879
2009-06-04,5.921455383300781
2009-06-05,5.844086647033691
2009-06-08,5.833770751953125
2009-06-09,5.807979583740234
2009-06-10,5.673871040344238
2009-06-11,5.560394763946533
2009-06-12,5.75123929977417
2009-06-15,5.446913719177246
2009-06-16,5.390176296234131
2009-06-17,5.287014961242676
2009-06-18,5.333437442779541
2009-06-19,5.395334243774414
2009-06-22,5.096166610717773
2009-06-23,5.1370530128479
2009-06-24,5.236648082733154
2009-06-25,5.315276622772217
2009-06-26,5.378179550170898
2009-06-29,5.378179550170898
2009-06-30,5.4201154708862305
2009-07-01,5.488258361816406
2009-07-02,5.163262367248535
2009-07-06,5.346728801727295
2009-07-07,5.116086006164551
2009-07-08,5.058424949645996
2009-07-09,4.979795455932617
2009-07-10,4.96931266784668
2009-07-13,5.194714546203613
2009-07-14,5.241891860961914
2009-07-15,5.44108247756958
2009-07-16,5.483018398284912
2009-07-17,5.331003189086914
2009-07-20,5.540680408477783
2009-07-21,5.498744487762451
2009-07-22,5.524951934814453
2009-07-23,5.739871501922607
2009-07-24,5.776565074920654
2009-07-27,5.860431671142578
2009-07-28,5.855191707611084
2009-07-29,5.781809329986572
2009-07-30,5.996723651885986
2009-07-31,5.996723651885986
2009-08-03,6.0910749435424805
2009-08-04,6.426557540893555
2009-08-05,6.683411598205566
2009-08-06,6.630990505218506
2009-08-07,6.997925281524658
2009-08-10,6.830183506011963
2009-08-11,6.625748634338379
2009-08-12,6.688650608062744
2009-08-13,6.709620475769043
2009-08-14,6.6572041511535645
2009-08-17,6.285028457641602
2009-08-18,6.374139308929443
2009-08-19,6.316478252410889
2009-08-20,6.578574180603027
2009-08-21,6.74631404876709
2009-08-24,6.7148637771606445
2009-08-25,6.793488025665283
2009-08-26,6.824942588806152
2009-08-27,6.893088340759277
2009-08-28,6.940263271331787
2009-08-31,6.835423469543457
2009-09-01,6.473733425140381
2009-09-02,6.347931385040283
2009-09-03,6.463251113891602
2009-09-04,6.5366411209106445
2009-09-08,6.772522449493408
2009-09-09,6.914055347442627
2009-09-10,7.008409023284912
2009-09-11,6.987439155578613
2009-09-14,7.202360153198242
2009-09-15,7.3176798820495605
2009-09-16,7.616466999053955
2009-09-17,7.569291591644287
2009-09-18,7.600742340087891
2009-09-21,7.464452266693115
2009-09-22,7.710824012756348
2009-09-23,7.406111240386963
2009-09-24,7.146899700164795
2009-09-25,7.168060779571533
2009-09-28,7.48017692565918
2009-09-29,7.347920894622803
2009-09-30,7.28972864151001
2009-10-01,6.961744785308838
2009-10-02,6.8929762840271
2009-10-05,7.083417892456055
2009-10-06,7.088709354400635
2009-10-07,7.072842121124268
2009-10-08,7.2050862312316895
2009-10-09,7.268570899963379
2009-10-12,7.257991313934326
2009-10-13,7.152188777923584
2009-10-14,7.421981334686279
2009-10-15,7.363792419433594
2009-10-16,7.1733503341674805
2009-10-19,7.316183090209961
2009-10-20,7.168060779571533
2009-10-21,7.088709354400635
2009-10-22,7.273861408233643
2009-10-23,7.183934211730957
2009-10-26,7.1733503341674805
2009-10-27,7.056970596313477
2009-10-28,6.766013145446777
2009-10-29,7.083417892456055
2009-10-30,6.951166152954102
2009-11-02,6.967035293579102
2009-11-03,7.072842121124268
2009-11-04,6.914134979248047
2009-11-05,7.0675482749938965
2009-11-06,6.951166152954102
2009-11-09,7.295021057128906
2009-11-10,7.2368292808532715
2009-11-11,7.384953022003174
2009-11-12,7.28972864151001
2009-11-13,7.39553165435791
2009-11-16,7.570106029510498
2009-11-17,7.437851905822754
2009-11-18,7.5859761238098145
2009-11-19,7.390244007110596
2009-11-20,7.353212356567383
2009-11-23,7.44314432144165
2009-11-24,7.332052707672119
2009-11-25,7.353212356567383
2009-11-27,7.136319637298584
2009-11-30,7.427274227142334
2009-12-01,7.527784824371338
2009-12-02,7.644166946411133
2009-12-03,7.564817428588867
2009-12-04,7.786997318267822
2009-12-07,7.6230058670043945
2009-12-08,7.5859761238098145
2009-12-09,7.564817428588867
2009-12-10,7.54365348815918
2009-12-11,7.654749393463135
2009-12-14,7.802865982055664
2009-12-15,7.712935924530029
2009-12-16,7.771130561828613
2009-12-17,7.728808403015137
2009-12-18,7.786997318267822
2009-12-21,7.89279842376709
2009-12-22,7.966862678527832
2009-12-23,8.063299179077148
2009-12-24,8.181169509887695
2009-12-28,8.207955360412598
2009-12-29,8.10080337524414
2009-12-30,8.106162071228027
2009-12-31,7.95078706741333
2010-01-04,7.907927513122559
2010-01-05,7.9240007400512695
2010-01-06,7.907927513122559
2010-01-07,7.999006271362305
2010-01-08,7.9240007400512695
2010-01-11,7.977578639984131
2010-01-12,7.84363317489624
2010-01-13,8.009726524353027
2010-01-14,7.988292217254639
2010-01-15,7.929360389709473
2010-01-19,8.111517906188965
2010-01-20,7.999006271362305
2010-01-21,7.763268947601318
2010-01-22,7.575753211975098
2010-01-25,7.629331111907959
2010-01-26,7.565036296844482
2010-01-27,7.634688377380371
2010-01-28,7.5596771240234375
2010-01-29,7.527531623840332
2010-02-01,7.666828155517578
2010-02-02,7.773984909057617
2010-02-03,7.634688377380371
2010-02-04,7.350728988647461
2010-02-05,7.50074577331543
2010-02-08,7.3185811042785645
2010-02-09,7.302513122558594
2010-02-10,7.313226222991943
2010-02-11,7.3882341384887695
2010-02-12,7.463237762451172
2010-02-16,7.68290376663208
2010-02-17,7.757913112640381
2010-02-18,7.859708309173584
2010-02-19,7.881138801574707
2010-02-22,7.907927513122559
2010-02-23,7.83828067779541
2010-02-24,7.918640613555908
2010-02-25,7.95078706741333
2010-02-26,7.945431232452393
2010-03-01,8.009726524353027
2010-03-02,8.02043628692627
2010-03-03,7.99365234375
2010-03-04,8.041871070861816
2010-03-05,8.256174087524414
2010-03-08,8.352615356445312
2010-03-09,8.395478248596191
2010-03-10,8.443696022033691
2010-03-11,8.497272491455078
2010-03-12,8.566924095153809
2010-03-15,8.540130615234375
2010-03-16,8.74372386932373
2010-03-17,8.861594200134277
2010-03-18,8.824090003967285
2010-03-19,8.733006477355957
2010-03-22,8.84015941619873
2010-03-23,8.80801773071289
2010-03-24,8.860899925231934
2010-03-25,8.893280982971191
2010-03-26,8.84471321105957
2010-03-29,8.85550308227539
2010-03-30,8.84471321105957
2010-03-31,8.752972602844238
2010-04-01,8.785351753234863
2010-04-05,9.00660228729248
2010-04-06,9.195476531982422
2010-04-07,8.990413665771484
2010-04-08,8.990413665771484
2010-04-09,9.146912574768066
2010-04-12,9.071359634399414
2010-04-13,9.298011779785156
2010-04-14,9.303409576416016
2010-04-15,9.049775123596191
2010-04-16,8.833919525146484
2010-04-19,8.882485389709473
2010-04-20,9.028190612792969
2010-04-21,9.195476531982422
2010-04-22,9.346579551696777
2010-04-23,9.4599027633667
2010-04-26,9.540846824645996
2010-04-27,9.23325252532959
2010-04-28,9.260234832763672
2010-04-29,9.686551094055176
2010-04-30,9.368165016174316
2010-05-03,9.691946029663086
2010-05-04,9.4599027633667
2010-05-05,9.314200401306152
2010-05-06,8.952640533447266
2010-05-07,8.790749549865723
2010-05-10,9.405937194824219
2010-05-11,9.427523612976074
2010-05-12,9.589418411254883
2010-05-13,9.449108123779297
2010-05-14,9.130719184875488
2010-05-17,9.146912574768066
2010-05-18,8.89867877960205
2010-05-19,8.812333106994629
2010-05-20,8.375225067138672
2010-05-21,8.672025680541992
2010-05-24,8.466964721679688
2010-05-25,8.537118911743164
2010-05-26,8.51552963256836
2010-05-27,8.990413665771484
2010-05-28,8.860899925231934
2010-06-01,8.688215255737305
2010-06-02,8.871694564819336
2010-06-03,8.82852554321289
2010-06-04,8.321261405944824
2010-06-07,8.278091430664062
2010-06-08,8.42918872833252
2010-06-09,8.48855209350586
2010-06-10,8.871694564819336
2010-06-11,8.968831062316895
2010-06-14,9.071359634399414
2010-06-15,9.281821250915527
2010-06-16,9.195476531982422
2010-06-17,9.206271171569824
2010-06-18,9.179288864135742
2010-06-21,9.114531517028809
2010-06-22,8.823128700256348
2010-06-23,8.860156059265137
2010-06-24,8.653221130371094
2010-06-25,8.898276329040527
2010-06-28,8.789363861083984
2010-06-29,8.484402656555176
2010-06-30,8.397272109985352
2010-07-01,8.386380195617676
2010-07-02,8.212116241455078
2010-07-06,8.032405853271484
2010-07-07,8.440836906433105
2010-07-08,8.53341293334961
2010-07-09,8.658663749694824
2010-07-12,8.66411304473877
2010-07-13,8.887385368347168
2010-07-14,8.832928657531738
2010-07-15,8.80570125579834
2010-07-16,8.500741004943848
2010-07-19,8.631436347961426
2010-07-20,8.800254821777344
2010-07-21,8.587868690490723
2010-07-22,8.936397552490234
2010-07-23,9.034419059753418
2010-07-26,9.274027824401855
2010-07-27,9.263137817382812
2010-07-28,9.24135684967041
2010-07-29,9.165118217468262
2010-07-30,9.214125633239746
2010-08-02,9.529976844787598
2010-08-03,9.431958198547363
2010-08-04,9.491856575012207
2010-08-05,9.377500534057617
2010-08-06,9.333931922912598
2010-08-09,9.464628219604492
2010-08-10,9.344822883605957
2010-08-11,9.099766731262207
2010-08-12,8.996301651000977
2010-08-13,8.985408782958984
2010-08-16,8.990851402282715
2010-08-17,9.214125633239746
2010-08-18,9.214125633239746
2010-08-19,8.969072341918945
2010-08-20,8.941843032836914
2010-08-23,8.898276329040527
2010-08-24,8.849265098571777
2010-08-25,9.018082618713379
2010-08-26,8.95818042755127
2010-08-27,9.110662460327148
2010-08-30,9.018082618713379
2010-08-31,9.099766731262207
2010-09-01,9.399280548095703
2010-09-02,9.524532318115234
2010-09-03,9.655228614807129
2010-09-07,9.491856575012207
2010-09-08,9.513640403747559
2010-09-09,9.415618896484375
2010-09-10,9.470075607299805
2010-09-13,9.617108345031738
2010-09-14,9.59532642364502
2010-09-15,9.677014350891113
2010-09-16,9.611662864685059
2010-09-17,9.644338607788086
2010-09-20,9.889394760131836
2010-09-21,9.720575332641602
2010-09-22,9.600774765014648
2010-09-23,9.341557502746582
2010-09-24,9.627135276794434
2010-09-27,9.506314277648926
2010-09-28,9.555736541748047
2010-09-29,9.478853225708008
2010-09-30,9.495331764221191
2010-10-01,9.555736541748047
2010-10-04,9.632630348205566
2010-10-05,9.797378540039062
2010-10-06,9.742463111877441
2010-10-07,9.758935928344727
2010-10-08,9.786396980285645
2010-10-11,9.786396980285645
2010-10-12,9.857787132263184
2010-10-13,9.962135314941406
2010-10-14,9.929182052612305
2010-10-15,9.91819953918457
2010-10-18,10.05549430847168
2010-10-19,9.923690795898438
2010-10-20,10.154345512390137
2010-10-21,10.12689208984375
2010-10-22,10.121395111083984
2010-10-25,10.154345512390137
2010-10-26,10.071969032287598
2010-10-27,9.995083808898926
2010-10-28,9.940164566040039
2010-10-29,9.951152801513672
2010-11-01,10.039017677307129
2010-11-02,10.110413551330566
2010-11-03,10.088446617126465
2010-11-04,10.346559524536133
2010-11-05,10.45090389251709
2010-11-08,10.385002136230469
2010-11-09,9.967626571655273
2010-11-10,10.099427223205566
2010-11-11,10.006070137023926
2010-11-12,9.907217025756836
2010-11-15,9.819345474243164
2010-11-16,9.484349250793457
2010-11-17,9.572214126586914
2010-11-18,9.649099349975586
2010-11-19,9.70950984954834
2010-11-22,9.725984573364258
2010-11-23,9.638116836547852
2010-11-24,9.852296829223633
2010-11-26,9.808358192443848
2010-11-29,9.819345474243164
2010-11-30,9.747950553894043
2010-12-01,9.83582592010498
2010-12-02,9.978610038757324
2010-12-03,9.978610038757324
2010-12-06,9.989591598510742
2010-12-07,10.022541046142578
2010-12-08,9.857787132263184
2010-12-09,9.758935928344727
2010-12-10,9.857787132263184
2010-12-13,9.86877155303955
2010-12-14,9.75344181060791
2010-12-15,9.649099349975586
2010-12-16,9.676558494567871
2010-12-17,9.764426231384277
2010-12-20,9.890740394592285
2010-12-21,9.995083808898926
2010-12-22,10.06098461151123
2010-12-23,10.01048755645752
2010-12-27,10.138116836547852
2010-12-28,10.171415328979492
2010-12-29,10.21025276184082
2010-12-30,10.226902961730957
2010-12-31,10.199155807495117
2011-01-03,10.39892292022705
2011-01-04,10.188061714172363
2011-01-05,10.249102592468262
2011-01-06,10.138116836547852
2011-01-07,10.138116836547852
2011-01-10,10.132568359375
2011-01-11,10.110374450683594
2011-01-12,10.165861129760742
2011-01-13,10.188061714172363
2011-01-14,10.26574993133545
2011-01-18,10.34343147277832
2011-01-19,10.199155807495117
2011-01-20,10.204710006713867
2011-01-21,10.232452392578125
2011-01-24,10.282394409179688
2011-01-25,10.39892292022705
2011-01-26,10.42667007446289
2011-01-27,10.58204174041748
2011-01-28,10.38227367401123
2011-01-31,10.537650108337402
2011-02-01,10.58204174041748
2011-02-02,10.559846878051758
2011-02-03,10.604236602783203
2011-02-04,10.498806953430176
2011-02-07,10.626435279846191
2011-02-08,10.665275573730469
2011-02-09,10.676380157470703
2011-02-10,10.715219497680664
2011-02-11,10.78735637664795
2011-02-14,10.78180980682373
2011-02-15,10.731867790222168
2011-02-16,10.776254653930664
2011-02-17,10.78735637664795
2011-02-18,10.826199531555176
2011-02-22,10.720766067504883
2011-02-23,10.626435279846191
2011-02-24,10.559846878051758
2011-02-25,10.78180980682373
2011-02-28,11.020411491394043
2011-03-01,10.704118728637695
2011-03-02,10.587589263916016
2011-03-03,10.759612083435059
2011-03-04,10.64863395690918
2011-03-07,10.570945739746094
2011-03-08,10.731867790222168
2011-03-09,10.715219497680664
2011-03-10,10.548748970031738
2011-03-11,10.665275573730469
2011-03-14,10.554293632507324
2011-03-15,10.493256568908691
2011-03-16,10.332337379455566
2011-03-17,10.42667007446289
2011-03-18,10.521004676818848
2011-03-21,10.643083572387695
2011-03-22,10.565394401550293
2011-03-23,10.443315505981445
2011-03-24,10.499190330505371
2011-03-25,10.583006858825684
2011-03-28,10.566242218017578
2011-03-29,10.627706527709961
2011-03-30,10.772985458374023
2011-03-31,10.862388610839844
2011-04-01,10.8679780960083
2011-04-04,10.862388610839844
2011-04-05,10.87356185913086
2011-04-06,10.87356185913086
2011-04-07,10.75063705444336
2011-04-08,10.672409057617188
2011-04-11,10.683587074279785
2011-04-12,10.66123104095459
2011-04-13,10.650060653686523
2011-04-14,10.817688941955566
2011-04-15,10.951796531677246
2011-04-18,10.834451675415039
2011-04-19,10.9406156539917
2011-04-20,11.063542366027832
2011-04-21,11.141772270202637
2011-04-25,11.214411735534668
2011-04-26,11.314988136291504
2011-04-27,11.393218040466309
2011-04-28,11.538493156433105
2011-04-29,11.477028846740723
2011-05-02,11.488205909729004
2011-05-03,11.387624740600586
2011-05-04,11.326163291931152
2011-05-05,11.314988136291504
2011-05-06,11.219995498657227
2011-05-09,11.281463623046875
2011-05-10,11.465852737426758
2011-05-11,11.326163291931152
2011-05-12,11.342923164367676
2011-05-13,11.225589752197266
2011-05-16,11.253520965576172
2011-05-17,11.24793815612793
2011-05-18,11.359689712524414
2011-05-19,11.398802757263184
2011-05-20,11.259111404418945
2011-05-23,11.136178970336914
2011-05-24,11.180885314941406
2011-05-25,11.236761093139648
2011-05-26,11.387624740600586
2011-05-27,11.449091911315918
2011-05-31,11.633482933044434
2011-06-01,11.287050247192383
2011-06-02,11.208820343017578
2011-06-03,11.24793815612793
2011-06-06,11.091482162475586
2011-06-07,11.214411735534668
2011-06-08,11.169709205627441
2011-06-09,11.052370071411133
2011-06-10,10.778571128845215
2011-06-13,10.828864097595215
2011-06-14,10.9909029006958
2011-06-15,10.806509971618652
2011-06-16,10.895914077758789
2011-06-17,11.002079010009766
2011-06-20,11.136178970336914
2011-06-21,11.225589752197266
2011-06-22,11.180885314941406
2011-06-23,10.94939136505127
2011-06-24,10.94939136505127
2011-06-27,11.011348724365234
2011-06-28,11.095837593078613
2011-06-29,11.214115142822266
2011-06-30,11.242276191711426
2011-07-01,11.450676918029785
2011-07-05,11.53516674041748
2011-07-06,11.619649887084961
2011-07-07,11.766093254089355
2011-07-08,11.7322998046875
2011-07-11,11.523898124694824
2011-07-12,11.574590682983398
2011-07-13,11.450676918029785
2011-07-14,11.343660354614258
2011-07-15,11.478838920593262
2011-07-18,11.388724327087402
2011-07-19,11.591485023498535
2011-07-20,11.675972938537598
2011-07-21,11.771720886230469
2011-07-22,11.828045845031738
2011-07-25,11.704133987426758
2011-07-26,11.7322998046875
2011-07-27,11.394355773925781
2011-07-28,11.411248207092285
2011-07-29,11.416882514953613
2011-08-01,11.236648559570312
2011-08-02,10.876173973083496
2011-08-03,10.80295181274414
2011-08-04,10.256607055664062
2011-08-05,10.008780479431152
2011-08-08,9.107596397399902
2011-08-09,10.00314712524414
2011-08-10,9.744060516357422
2011-08-11,10.273504257202148
2011-08-12,10.245343208312988
2011-08-15,10.633977890014648
2011-08-16,10.588922500610352
2011-08-17,10.617083549499512
2011-08-18,10.12706184387207
2011-08-19,9.941193580627441
2011-08-22,9.96371841430664
2011-08-23,10.222814559936523
2011-08-24,10.357988357543945
2011-08-25,10.143959045410156
2011-08-26,10.296038627624512
2011-08-29,10.633977890014648
2011-08-30,10.673408508300781
2011-08-31,10.786052703857422
2011-09-01,10.611451148986816
2011-09-02,10.346722602844238
2011-09-06,10.318564414978027
2011-09-07,10.724100112915039
2011-09-08,10.628349304199219
2011-09-09,10.28476619720459
2011-09-12,10.329828262329102
2011-09-13,10.369257926940918
2011-09-14,10.431214332580566
2011-09-15,10.60018253326416
2011-09-16,10.69593334197998
2011-09-19,10.459375381469727
2011-09-20,10.442476272583008
2011-09-21,9.901769638061523
2011-09-22,9.639188766479492
2011-09-23,9.747174263000488
2011-09-26,9.877896308898926
2011-09-27,9.985882759094238
2011-09-28,9.707390785217285
2011-09-29,9.883578300476074
2011-09-30,9.599403381347656
2011-10-03,9.139041900634766
2011-10-04,9.53120231628418
2011-10-05,9.440266609191895
2011-10-06,9.701708793640137
2011-10-07,9.406166076660156
2011-10-10,9.889260292053223
2011-10-11,9.690342903137207
2011-10-12,9.866525650024414
2011-10-13,9.781274795532227
2011-10-14,10.03134822845459
2011-10-17,9.781274795532227
2011-10-18,10.14501667022705
2011-10-19,10.014298439025879
2011-10-20,10.082502365112305
2011-10-21,10.417823791503906
2011-10-24,10.673583030700684
2011-10-25,10.47465991973877
2011-10-26,10.582647323608398
2011-10-27,11.094161033630371
2011-10-28,11.088476181030273
2011-10-31,10.980489730834961
2011-11-01,10.582647323608398
2011-11-02,10.832722663879395
2011-11-03,10.969123840332031
2011-11-04,10.878190040588379
2011-11-07,10.89523983001709
2011-11-08,11.03164291381836
2011-11-09,10.520133018493652
2011-11-10,10.531496047973633
2011-11-11,10.815669059753418
2011-11-14,10.582647323608398
2011-11-15,10.70199966430664
2011-11-16,10.55991268157959
2011-11-17,10.372360229492188
2011-11-18,10.463296890258789
2011-11-21,10.179122924804688
2011-11-22,10.127967834472656
2011-11-23,9.832427978515625
2011-11-25,9.872214317321777
2011-11-28,10.105231285095215
2011-11-29,10.082502365112305
2011-11-30,10.571279525756836
2011-12-01,10.440557479858398
2011-12-02,10.468978881835938
2011-12-05,10.548548698425293
2011-12-06,10.542862892150879
2011-12-07,10.662215232849121
2011-12-08,10.406461715698242
2011-12-09,10.628117561340332
2011-12-12,10.4348783493042
2011-12-13,10.332573890686035
2011-12-14,10.395098686218262
2011-12-15,10.554226875305176
2011-12-16,10.673583030700684
2011-12-19,10.55991268157959
2011-12-20,10.900924682617188
2011-12-21,10.90660572052002
2011-12-22,11.054265975952148
2011-12-23,11.105974197387695
2011-12-27,11.157678604125977
2011-12-28,11.008306503295898
2011-12-29,11.11171817779541
2011-12-30,11.060007095336914
2012-01-03,11.151935577392578
2012-01-04,10.9623384475708
2012-01-05,11.077245712280273
2012-01-06,11.02553653717041
2012-01-09,10.996810913085938
2012-01-10,11.1347017288208
2012-01-11,11.197900772094727
2012-01-12,11.117466926574707
2012-01-13,11.140445709228516
2012-01-17,11.232375144958496
2012-01-18,11.312808990478516
2012-01-19,11.358776092529297
2012-01-20,11.444952011108398
2012-01-23,11.479426383972168
2012-01-24,11.565611839294434
2012-01-25,11.714995384216309
2012-01-26,11.795429229736328
2012-01-27,11.818408966064453
2012-01-30,11.709249496459961
2012-01-31,11.778196334838867
2012-02-01,11.89310359954834
2012-02-02,11.9160795211792
2012-02-03,12.082701683044434
2012-02-06,12.036738395690918
2012-02-07,12.025247573852539
2012-02-08,12.036738395690918
2012-02-09,11.939070701599121
2012-02-10,11.824156761169434
2012-02-13,11.967790603637695
2012-02-14,11.812665939331055
2012-02-15,11.766703605651855
2012-02-16,11.89310359954834
2012-02-17,11.88735580444336
2012-02-21,11.709249496459961
2012-02-22,11.60008430480957
2012-02-23,11.766703605651855
2012-02-24,11.772446632385254
2012-02-27,11.76095199584961
2012-02-28,11.674771308898926
2012-02-29,11.64604663848877
2012-03-01,11.714995384216309
2012-03-02,11.697757720947266
2012-03-05,11.806916236877441
2012-03-06,11.640300750732422
2012-03-07,11.714995384216309
2012-03-08,11.663283348083496
2012-03-09,11.714995384216309
2012-03-12,11.778196334838867
2012-03-13,12.036738395690918
2012-03-14,11.990777969360352
2012-03-15,11.990777969360352
2012-03-16,12.053974151611328
2012-03-19,12.151647567749023
2012-03-20,12.128667831420898
2012-03-21,12.099940299987793
2012-03-22,11.939070701599121
2012-03-23,12.019542694091797
2012-03-26,12.146917343139648
2012-03-27,12.152704238891602
2012-03-28,12.123754501342773
2012-03-29,12.129547119140625
2012-03-30,12.245343208312988
2012-04-02,12.320612907409668
2012-04-03,12.274293899536133
2012-04-04,12.141127586364746
2012-04-05,12.094813346862793
2012-04-09,11.967436790466309
2012-04-10,11.712682723999023
2012-04-11,11.863219261169434
2012-04-12,12.025335311889648
2012-04-13,11.95585823059082
2012-04-16,12.146917343139648
2012-04-17,12.251129150390625
2012-04-18,12.158495903015137
2012-04-19,12.158495903015137
2012-04-20,12.314821243286133
2012-04-23,12.170080184936523
2012-04-24,12.366926193237305
2012-04-25,12.505880355834961
2012-04-26,12.534829139709473
2012-04-27,12.615887641906738
2012-04-30,12.598520278930664
2012-05-01,12.725890159606934
2012-05-02,12.714312553405762
2012-05-03,12.650629997253418
2012-05-04,12.546416282653809
2012-05-07,12.633255958557129
2012-05-08,12.610097885131836
2012-05-09,12.56956958770752
2012-05-10,12.58115005493164
2012-05-11,12.610097885131836
2012-05-14,12.442195892333984
2012-05-15,12.390090942382812
2012-05-16,12.239556312561035
2012-05-17,11.892169952392578
2012-05-18,11.74742603302002
2012-05-21,12.00217342376709
2012-05-22,12.025335311889648
2012-05-23,12.054280281066895
2012-05-24,12.100600242614746
2012-05-25,12.048494338989258
2012-05-29,12.227972984313965
2012-05-30,11.932697296142578
2012-05-31,12.019542694091797
2012-06-01,11.718476295471191
2012-06-04,11.654786109924316
2012-06-05,11.880585670471191
2012-06-06,12.146917343139648
2012-06-07,12.0658597946167
2012-06-08,12.233759880065918
2012-06-11,11.95585823059082
2012-06-12,12.07744026184082
2012-06-13,12.00796127319336
2012-06-14,12.193236351013184
2012-06-15,12.268503189086914
2012-06-18,12.355350494384766
2012-06-19,12.413249969482422
2012-06-20,12.40745735168457
2012-06-21,12.204814910888672
2012-06-22,12.190226554870605
2012-06-25,12.137714385986328
2012-06-26,12.190226554870605
2012-06-27,12.236908912658691
2012-06-28,12.365288734436035
2012-06-29,12.697909355163574
2012-07-02,12.820448875427246
2012-07-03,12.890481948852539
2012-07-05,12.814617156982422
2012-07-06,12.849629402160645
2012-07-09,12.86713981628418
2012-07-10,12.715415000915527
2012-07-11,12.738757133483887
2012-07-12,12.773773193359375
2012-07-13,12.93716049194336
2012-07-16,12.960502624511719
2012-07-17,13.088887214660645
2012-07-18,13.00135326385498
2012-07-19,12.861302375793457
2012-07-20,12.78543472290039
2012-07-23,12.703744888305664
2012-07-24,12.662894248962402
2012-07-25,12.668730735778809
2012-07-26,12.767935752868652
2012-07-27,12.907987594604492
2012-07-30,12.948830604553223
2012-07-31,12.942997932434082
2012-08-01,12.896316528320312
2012-08-02,12.907987594604492
2012-08-03,13.024694442749023
2012-08-06,12.995519638061523
2012-08-07,12.849629402160645
2012-08-08,12.744595527648926
2012-08-09,12.703744888305664
2012-08-10,12.721247673034668
2012-08-13,12.70958137512207
2012-08-14,12.692072868347168
2012-08-15,12.756264686584473
2012-08-16,12.837960243225098
2012-08-17,12.861302375793457
2012-08-20,12.820448875427246
2012-08-21,12.832127571105957
2012-08-22,12.832127571105957
2012-08-23,12.78543472290039
2012-08-24,12.843791961669922
2012-08-27,12.87880802154541
2012-08-28,12.919660568237305
2012-08-29,12.925494194030762
2012-08-30,12.896316528320312
2012-08-31,12.925494194030762
2012-09-04,13.030534744262695
2012-09-05,13.00135326385498
2012-09-06,13.112221717834473
2012-09-07,13.118063926696777
2012-09-10,13.00719165802002
2012-09-11,13.053874015808105
2012-09-12,13.083048820495605
2012-09-13,13.252272605895996
2012-09-14,13.322299003601074
2012-09-17,13.281451225280762
2012-09-18,13.147241592407227
2012-09-19,13.077216148376465
2012-09-20,12.87880802154541
2012-09-21,12.877042770385742
2012-09-24,12.84764289855957
2012-09-25,12.653605461120605
2012-09-26,12.64772891998291
2012-09-27,12.706526756286621
2012-09-28,12.688885688781738
2012-10-01,12.594806671142578
2012-10-02,12.683004379272461
2012-10-03,12.724167823791504
2012-10-04,12.700645446777344
2012-10-05,12.724167823791504
2012-10-08,12.694765090942383
2012-10-09,12.653605461120605
2012-10-10,12.706526756286621
2012-10-11,12.700645446777344
2012-10-12,12.64184856414795
2012-10-15,12.73592758178711
2012-10-16,12.806485176086426
2012-10-17,12.765323638916016
2012-10-18,12.900568008422852
2012-10-19,12.806485176086426
2012-10-22,12.730042457580566
2012-10-23,12.612451553344727
2012-10-24,12.606568336486816
2012-10-25,12.5536470413208
2012-10-26,12.45368480682373
2012-10-31,12.583046913146973
2012-11-01,12.63007926940918
2012-11-02,12.71828556060791
2012-11-05,12.635968208312988
2012-11-06,12.688885688781738
2012-11-07,12.63007926940918
2012-11-08,12.477210998535156
2012-11-09,12.44192886352539
2012-11-12,12.418412208557129
2012-11-13,12.412530899047852
2012-11-14,12.171454429626465
2012-11-15,12.112656593322754
2012-11-16,12.19497013092041
2012-11-19,12.353732109069824
2012-11-20,12.424284934997559
2012-11-21,12.406646728515625
2012-11-23,12.512490272521973
2012-11-26,12.536005020141602
2012-11-27,12.465452194213867
2012-11-28,12.44192886352539
2012-11-29,12.500728607177734
2012-11-30,12.536005020141602
2012-12-03,12.58892822265625
2012-12-04,12.612451553344727
2012-12-05,12.565407752990723
2012-12-06,12.683004379272461
2012-12-07,12.730042457580566
2012-12-10,12.730042457580566
2012-12-11,12.753564834594727
2012-12-12,12.71828556060791
2012-12-13,12.624202728271484
2012-12-14,12.618327140808105
2012-12-17,12.694765090942383
2012-12-18,12.812363624572754
2012-12-19,12.800604820251465
2012-12-20,12.977002143859863
2012-12-21,12.938928604125977
2012-12-24,12.968670845031738
2012-12-26,12.89728832244873
2012-12-27,12.95082950592041
2012-12-28,12.861590385437012
2012-12-31,12.998420715332031
2013-01-02,13.159042358398438
2013-01-03,13.164985656738281
2013-01-04,13.218530654907227
2013-01-07,13.254225730895996
2013-01-08,13.224481582641602
2013-01-09,13.272075653076172
2013-01-10,13.278020858764648
2013-01-11,13.272075653076172
2013-01-14,13.301816940307617
2013-01-15,13.379150390625
2013-01-16,13.349406242370605
2013-01-17,13.391044616699219
2013-01-18,13.444592475891113
2013-01-22,13.521926879882812
2013-01-23,13.521926879882812
2013-01-24,13.545723915100098
2013-01-25,13.634952545166016
2013-01-28,13.6587495803833
2013-01-29,13.682544708251953
2013-01-30,13.56356430053711
2013-01-31,13.480278015136719
2013-02-01,13.56356430053711
2013-02-04,13.533823013305664
2013-02-05,13.504079818725586
2013-02-06,13.539770126342773
2013-02-07,13.486228942871094
2013-02-08,13.61115837097168
2013-02-11,13.640905380249023
2013-02-12,13.742034912109375
2013-02-13,13.730137825012207
2013-02-14,13.676604270935059
2013-02-15,13.688501358032227
2013-02-19,13.78368091583252
2013-02-20,13.706338882446289
2013-02-21,13.587363243103027
2013-02-22,13.724189758300781
2013-02-25,13.4683837890625
2013-02-26,13.569515228271484
2013-02-27,13.664692878723145
2013-02-28,13.6468505859375
2013-03-01,13.706338882446289
2013-03-04,13.801528930664062
2013-03-05,13.90860652923584
2013-03-06,13.87291145324707
2013-03-07,13.801528930664062
2013-03-08,13.825318336486816
2013-03-11,13.837217330932617
2013-03-12,13.78368091583252
2013-03-13,13.795577049255371
2013-03-14,13.890756607055664
2013-03-15,13.914557456970215
2013-03-18,13.843165397644043
2013-03-19,13.759880065917969
2013-03-20,13.819375038146973
2013-03-21,13.759442329406738
2013-03-22,13.843343734741211
2013-03-25,13.855327606201172
2013-03-26,13.975183486938477
2013-03-27,13.981180191040039
2013-03-28,14.041104316711426
2013-04-01,14.077061653137207
2013-04-02,14.130999565124512
2013-04-03,14.089048385620117
2013-04-04,14.304788589477539
2013-04-05,14.352725982666016
2013-04-08,14.508535385131836
2013-04-09,14.496560096740723
2013-04-10,14.586447715759277
2013-04-11,14.682333946228027
2013-04-12,14.712297439575195
2013-04-15,14.412657737731934
2013-04-16,14.652374267578125
2013-04-17,14.484570503234863
2013-04-18,14.466595649719238
2013-04-19,14.694314002990723
2013-04-22,14.664358139038086
2013-04-23,14.748254776000977
2013-04-24,14.790206909179688
2013-04-25,14.73027515411377
2013-04-26,14.694314002990723
2013-04-29,14.814179420471191
2013-04-30,14.981972694396973
2013-05-01,14.862119674682617
2013-05-02,14.969985961914062
2013-05-03,15.029915809631348
2013-05-06,15.10782241821289
2013-05-07,15.185722351074219
2013-05-08,15.19172477722168
2013-05-09,15.077858924865723
2013-05-10,15.149773597717285
2013-05-13,15.221678733825684
2013-05-14,15.281615257263184
2013-05-15,15.41944694519043
2013-05-16,15.341540336608887
2013-05-17,15.431427955627441
2013-05-20,15.461396217346191
2013-05-21,15.563271522521973
2013-05-22,15.16175365447998
2013-05-23,14.8980712890625
2013-05-24,14.856131553649902
2013-05-28,14.72427749633789
2013-05-29,14.412657737731934
2013-05-30,14.27482795715332
2013-05-31,14.089048385620117
2013-06-03,14.17294692993164
2013-06-04,13.981180191040039
2013-06-05,13.855327606201172
2013-06-06,14.089048385620117
2013-06-07,14.071066856384277
2013-06-10,13.963199615478516
2013-06-11,13.753451347351074
2013-06-12,13.555685997009277
2013-06-13,13.915257453918457
2013-06-14,13.975183486938477
2013-06-17,14.017136573791504
2013-06-18,14.083060264587402
2013-06-19,13.645584106445312
2013-06-20,13.076264381408691
2013-06-21,13.25832462310791
2013-06-24,13.191791534423828
2013-06-25,13.421634674072266
2013-06-26,13.603090286254883
2013-06-27,13.893415451049805
2013-06-28,13.814788818359375
2013-07-01,13.77245044708252
2013-07-02,13.990191459655762
2013-07-03,13.857131958007812
2013-07-05,13.832938194274902
2013-07-08,13.851082801818848
2013-07-09,14.044632911682129
2013-07-10,14.032536506652832
2013-07-11,14.389396667480469
2013-07-12,14.310766220092773
2013-07-15,14.359150886535645
2013-07-16,14.359150886535645
2013-07-17,14.425690650939941
2013-07-18,14.546656608581543
2013-07-19,14.516409873962402
2013-07-22,14.58294677734375
2013-07-23,14.564802169799805
2013-07-24,14.26237678527832
2013-07-25,14.298666000366211
2013-07-26,14.310766220092773
2013-07-29,14.195842742919922
2013-07-30,14.15350341796875
2013-07-31,13.929710388183594
2013-08-01,13.869226455688477
2013-08-02,13.814788818359375
2013-08-05,13.802693367004395
2013-08-06,13.754310607910156
2013-08-07,13.718012809753418
2013-08-08,13.711962699890137
2013-08-09,13.838982582092285
2013-08-12,13.74221134185791
2013-08-13,13.548650741577148
2013-08-14,13.512364387512207
2013-08-15,13.246230125427246
2013-08-16,12.919610977172852
2013-08-19,12.762348175048828
2013-08-20,13.040581703186035
2013-08-21,13.022430419921875
2013-08-22,13.082921981811523
2013-08-23,13.228084564208984
2013-08-26,13.18574047088623
2013-08-27,13.125259399414062
2013-08-28,13.058723449707031
2013-08-29,13.064774513244629
2013-08-30,12.974050521850586
2013-09-03,12.859123229980469
2013-09-04,12.955903053283691
2013-09-05,12.816784858703613
2013-09-06,13.022430419921875
2013-09-09,13.288569450378418
2013-09-10,13.288569450378418
2013-09-11,13.379300117492676
2013-09-12,13.28251838684082
2013-09-13,13.330911636352539
2013-09-16,13.47607421875
2013-09-17,13.457928657531738
2013-09-18,13.917616844177246
2013-09-19,13.893415451049805
2013-09-20,13.653656959533691
2013-09-23,13.586546897888184
2013-09-24,13.47673225402832
2013-09-25,13.519436836242676
2013-09-26,13.604848861694336
2013-09-27,13.53774356842041
2013-09-30,13.397419929504395
2013-10-01,13.598747253417969
2013-10-02,13.610954284667969
2013-10-03,13.373016357421875
2013-10-04,13.36691665649414
2013-10-07,13.409624099731445
2013-10-08,13.269301414489746
2013-10-09,13.275402069091797
2013-10-10,13.617050170898438
2013-10-11,13.763470649719238
2013-10-14,13.757369995117188
2013-10-15,13.708562850952148
2013-10-16,13.964799880981445
2013-10-17,14.178322792053223
2013-10-18,14.147822380065918
2013-10-21,14.062408447265625
2013-10-22,14.202728271484375
2013-10-23,14.221034049987793
2013-10-24,14.239336013793945
2013-10-25,14.397957801818848
2013-10-28,14.2881441116333
2013-10-29,14.19663143157959
2013-10-30,14.080717086791992
2013-10-31,13.995307922363281
2013-11-01,14.068519592285156
2013-11-04,14.105117797851562
2013-11-05,13.867186546325684
2013-11-06,13.854982376098633
2013-11-07,13.671957969665527
2013-11-08,13.501139640808105
2013-11-11,13.519436836242676
2013-11-12,13.440122604370117
2013-11-13,13.53164005279541
2013-11-14,13.641456604003906
2013-11-15,13.690258979797363
2013-11-18,13.598747253417969
2013-11-19,13.488935470581055
2013-11-20,13.354714393615723
2013-11-21,13.452325820922852
2013-11-22,13.391322135925293
2013-11-25,13.318113327026367
2013-11-26,13.269301414489746
2013-11-27,13.397419929504395
2013-11-29,13.263205528259277
2013-12-02,13.1777925491333
2013-12-03,13.159486770629883
2013-12-04,13.220498085021973
2013-12-05,13.25710391998291
2013-12-06,13.373016357421875
2013-12-09,13.421826362609863
2013-12-10,13.391322135925293
2013-12-11,13.080182075500488
2013-12-12,12.994766235351562
2013-12-13,13.049671173095703
2013-12-16,13.080182075500488
2013-12-17,13.153389930725098
2013-12-18,13.379118919372559
2013-12-19,13.1777925491333
2013-12-20,13.281508445739746
2013-12-23,13.29141902923584
2013-12-24,13.322388648986816
2013-12-26,13.328574180603027
2013-12-27,13.33476734161377
2013-12-30,13.365736961364746
2013-12-31,13.297607421875
2014-01-02,13.272832870483398
2014-01-03,13.371931076049805
2014-01-06,13.433870315551758
2014-01-07,13.47722339630127
2014-01-08,13.427679061889648
2014-01-09,13.427679061889648
2014-01-10,13.601091384887695
2014-01-13,13.514385223388672
2014-01-14,13.619675636291504
2014-01-15,13.700189590454102
2014-01-16,13.73735237121582
2014-01-17,13.66922378540039
2014-01-21,13.786901473999023
2014-01-22,13.83644962310791
2014-01-23,13.79309368133545
2014-01-24,13.619675636291504
2014-01-27,13.514385223388672
2014-01-28,13.644450187683105
2014-01-29,13.563936233520508
2014-01-30,13.774515151977539
2014-01-31,13.855029106140137
2014-02-03,13.613481521606445
2014-02-04,13.780709266662598
2014-02-05,13.755928039550781
2014-02-06,13.873613357543945
2014-02-07,13.978900909423828
2014-02-10,14.102770805358887
2014-02-11,14.170902252197266
2014-02-12,14.15851879119873
2014-02-13,14.220452308654785
2014-02-14,14.276189804077148
2014-02-18,14.338129043579102
2014-02-19,14.350520133972168
2014-02-20,14.319548606872559
2014-02-21,14.344322204589844
2014-02-24,14.375290870666504
2014-02-25,14.424842834472656
2014-02-26,14.44961166381836
2014-02-27,14.424842834472656
2014-02-28,14.542515754699707
2014-03-03,14.55490779876709
2014-03-04,14.771678924560547
2014-03-05,14.740708351135254
2014-03-06,14.623030662536621
2014-03-07,14.474390029907227
2014-03-10,14.387681007385254
2014-03-11,14.480582237243652
2014-03-12,14.517743110656738
2014-03-13,14.45580768585205
2014-03-14,14.49297046661377
2014-03-17,14.517743110656738
2014-03-18,14.57348346710205
2014-03-19,14.288581848144531
2014-03-20,14.313350677490234
2014-03-21,14.45580768585205
2014-03-24,14.357354164123535
2014-03-25,14.488214492797852
2014-03-26,14.313739776611328
2014-03-27,14.40720272064209
2014-03-28,14.500673294067383
2014-03-31,14.61284065246582
2014-04-01,14.675154685974121
2014-04-02,14.700075149536133
2014-04-03,14.662690162658691
2014-04-04,14.712541580200195
2014-04-07,14.76862907409668
2014-04-08,14.849638938903809
2014-04-09,14.812250137329102
2014-04-10,14.675154685974121
2014-04-11,14.581683158874512
2014-04-14,14.668926239013672
2014-04-15,14.843404769897461
2014-04-16,14.949341773986816
2014-04-17,14.88702392578125
2014-04-21,14.949341773986816
2014-04-22,14.980500221252441
2014-04-23,14.911948204040527
2014-04-24,14.980500221252441
2014-04-25,14.911948204040527
2014-04-28,15.036577224731445
2014-04-29,15.042814254760742
2014-04-30,15.105130195617676
2014-05-01,15.161214828491211
2014-05-02,15.161214828491211
2014-05-05,15.192366600036621
2014-05-06,15.136290550231934
2014-05-07,15.323230743408203
2014-05-08,15.354387283325195
2014-05-09,15.360621452331543
2014-05-12,15.416703224182129
2014-05-13,15.304535865783691
2014-05-14,15.316996574401855
2014-05-15,15.298304557800293
2014-05-16,15.441630363464355
2014-05-19,15.385541915893555
2014-05-20,15.335695266723633
2014-05-21,15.242220878601074
2014-05-22,15.211063385009766
2014-05-23,15.341925621032715
2014-05-27,15.454090118408203
2014-05-28,15.348153114318848
2014-05-29,15.385541915893555
2014-05-30,15.460320472717285
2014-06-02,15.503947257995605
2014-06-03,15.497708320617676
2014-06-04,15.528867721557617
2014-06-05,15.809282302856445
2014-06-06,15.74697208404541
2014-06-09,15.547563552856445
2014-06-10,15.435402870178223
2014-06-11,15.398004531860352
2014-06-12,15.360621452331543
2014-06-13,15.398004531860352
2014-06-16,15.323230743408203
2014-06-17,15.360621452331543
2014-06-18,15.472786903381348
2014-06-19,15.591184616088867
2014-06-20,15.64726734161377
2014-06-23,15.592567443847656
2014-06-24,15.586280822753906
2014-06-25,15.567418098449707
2014-06-26,15.54856014251709
2014-06-27,15.661731719970703
2014-06-30,15.63658332824707
2014-07-01,15.712031364440918
2014-07-02,15.67430591583252
2014-07-03,15.605143547058105
2014-07-07,15.63658332824707
2014-07-08,15.68687915802002
2014-07-09,15.705738067626953
2014-07-10,15.768617630004883
2014-07-11,15.768617630004883
2014-07-14,15.850348472595215
2014-07-15,15.86292552947998
2014-07-16,15.913222312927246
2014-07-17,15.825201988220215
2014-07-18,15.982382774353027
2014-07-21,15.919509887695312
2014-07-22,15.982382774353027
2014-07-23,16.007535934448242
2014-07-24,16.013818740844727
2014-07-25,15.88178825378418
2014-07-28,15.98867416381836
2014-07-29,15.906936645507812
2014-07-30,15.88178825378418
2014-07-31,15.642865180969238
2014-08-01,15.611432075500488
2014-08-04,15.712031364440918
2014-08-05,15.55484676361084
2014-08-06,15.54856014251709
2014-08-07,15.55484676361084
2014-08-08,15.649152755737305
2014-08-11,15.749746322631836
2014-08-12,15.712031364440918
2014-08-13,15.944668769836426
2014-08-14,15.932083129882812
2014-08-15,15.906936645507812
2014-08-18,16.07040023803711
2014-08-19,16.114412307739258
2014-08-20,16.177288055419922
2014-08-21,16.158428192138672
2014-08-22,16.03267478942871
2014-08-25,15.98867416381836
2014-08-26,16.013818740844727
2014-08-27,16.03896713256836
2014-08-28,16.020109176635742
2014-08-29,16.108125686645508
2014-09-02,16.12070655822754
2014-09-03,16.145856857299805
2014-09-04,16.08926773071289
2014-09-05,16.26531410217285
2014-09-08,16.246448516845703
2014-09-09,16.15213966369629
2014-09-10,15.900647163391113
2014-09-11,15.913222312927246
2014-09-12,15.410239219665527
2014-09-15,15.347360610961914
2014-09-16,15.498265266418457
2014-09-17,15.498265266418457
2014-09-18,15.353649139404297
2014-09-19,15.378802299499512
2014-09-22,15.259339332580566
2014-09-23,15.134381294250488
2014-09-24,15.102670669555664
2014-09-25,15.032894134521484
2014-09-26,15.235873222351074
2014-09-29,15.229524612426758
2014-09-30,15.140727996826172
2014-10-01,15.153409004211426
2014-10-02,15.134381294250488
2014-10-03,15.223182678222656
2014-10-06,15.261237144470215
2014-10-07,15.140727996826172
2014-10-08,15.476905822753906
2014-10-09,15.464221000671387
2014-10-10,15.476905822753906
2014-10-13,15.489585876464844
2014-10-14,15.74331283569336
2014-10-15,15.673532485961914
2014-10-16,15.711593627929688
2014-10-17,15.736968994140625
2014-10-20,15.971659660339355
2014-10-21,16.123889923095703
2014-10-22,16.117549896240234
2014-10-23,16.250751495361328
2014-10-24,16.238059997558594
2014-10-27,16.352230072021484
2014-10-28,16.422012329101562
2014-10-29,16.339548110961914
2014-10-30,16.4346923828125
2014-10-31,16.64402198791504
2014-11-03,16.7772216796875
2014-11-04,16.808937072753906
2014-11-05,16.7772216796875
2014-11-06,16.64402198791504
2014-11-07,16.618642807006836
2014-11-10,16.7645320892334
2014-11-11,16.68841552734375
2014-11-12,16.57423973083496
2014-11-13,16.663042068481445
2014-11-14,16.529842376708984
2014-11-17,16.593271255493164
2014-11-18,16.663042068481445
2014-11-19,16.523502349853516
2014-11-20,16.580585479736328
2014-11-21,16.68841552734375
2014-11-24,16.732816696166992
2014-11-25,16.758188247680664
2014-11-26,16.92945098876953
2014-11-28,16.97385597229004
2014-12-01,16.942134857177734
2014-12-02,17.037281036376953
2014-12-03,17.01824951171875
2014-12-04,17.062650680541992
2014-12-05,16.980194091796875
2014-12-08,17.075340270996094
2014-12-09,17.157800674438477
2014-12-10,17.13876724243164
2014-12-11,17.17048454284668
2014-12-12,17.02460289001465
2014-12-15,16.808937072753906
2014-12-16,16.7772216796875
2014-12-17,17.17048454284668
2014-12-18,17.291000366210938
2014-12-19,17.282642364501953
2014-12-22,17.808292388916016
2014-12-23,17.74967384338379
2014-12-24,17.678024291992188
2014-12-26,17.7431640625
2014-12-29,17.834352493286133
2014-12-30,17.821325302124023
2014-12-31,17.534725189208984
2015-01-02,17.788759231567383
2015-01-05,17.88646125793457
2015-01-06,18.07535743713379
2015-01-07,18.348926544189453
2015-01-08,18.40755271911621
2015-01-09,18.42057991027832
2015-01-12,18.56388282775879
2015-01-13,18.531312942504883
2015-01-14,18.681129455566406
2015-01-15,18.733234405517578
2015-01-16,18.89607810974121
2015-01-20,18.752771377563477
2015-01-21,18.733234405517578
2015-01-22,19.07845115661621
2015-01-23,19.026344299316406
2015-01-26,19.189189910888672
2015-01-27,19.16964340209961
2015-01-28,19.058917999267578
2015-01-29,19.117542266845703
2015-01-30,18.713693618774414
2015-02-02,18.681129455566406
2015-02-03,18.83745765686035
2015-02-04,18.759286880493164
2015-02-05,18.980749130249023
2015-02-06,18.43360137939453
2015-02-09,18.303335189819336
2015-02-10,18.361957550048828
2015-02-11,18.31635856628418
2015-02-12,18.537824630737305
2015-02-13,18.401039123535156
2015-02-17,18.361957550048828
2015-02-18,18.537824630737305
2015-02-19,18.127464294433594
2015-02-20,18.303335189819336
2015-02-23,18.45966339111328
2015-02-24,18.08187484741211
2015-02-25,18.094898223876953
2015-02-26,17.892972946166992
2015-02-27,18.042787551879883
2015-03-02,18.14700698852539
2015-03-03,18.107925415039062
2015-03-04,17.925539016723633
2015-03-05,17.977651596069336
2015-03-06,17.38490867614746
2015-03-09,17.534725189208984
2015-03-10,17.5086727142334
2015-03-11,17.521699905395508
2015-03-12,17.834352493286133
2015-03-13,17.81481170654297
2015-03-16,18.01673126220703
2015-03-17,18.00369644165039
2015-03-18,18.374980926513672
2015-03-19,18.361957550048828
2015-03-20,18.81791114807129
2015-03-23,18.804885864257812
2015-03-24,18.634586334228516
2015-03-25,18.307085037231445
2015-03-26,18.195741653442383
2015-03-27,18.248140335083008
2015-03-30,18.50358772277832
2015-03-31,18.35293960571289
2015-04-01,18.307085037231445
2015-04-02,18.46428680419922
2015-04-06,18.641132354736328
2015-04-07,18.320192337036133
2015-04-08,18.34638786315918
2015-04-09,17.959943771362305
2015-04-10,17.959943771362305
2015-04-13,17.89444351196289
2015-04-14,17.959943771362305
2015-04-15,17.835494995117188
2015-04-16,17.887895584106445
2015-04-17,17.789642333984375
2015-04-20,17.822391510009766
2015-04-21,17.855144500732422
2015-04-22,17.9009952545166
2015-04-23,17.927188873291016
2015-04-24,17.959943771362305
2015-04-27,17.953392028808594
2015-04-28,17.914091110229492
2015-04-29,17.553842544555664
2015-04-30,17.265653610229492
2015-05-01,17.403200149536133
2015-05-04,17.435945510864258
2015-05-05,17.049501419067383
2015-05-06,17.0036563873291
2015-05-07,17.265653610229492
2015-05-08,17.514541625976562
2015-05-11,17.23944664001465
2015-05-12,17.298398971557617
2015-05-13,17.134641647338867
2015-05-14,17.468692779541016
2015-05-15,17.638996124267578
2015-05-18,17.5931453704834
2015-05-19,17.547298431396484
2015-05-20,17.521093368530273
2015-05-21,17.422847747802734
2015-05-22,17.416296005249023
2015-05-26,17.278743743896484
2015-05-27,17.455596923828125
2015-05-28,17.403200149536133
2015-05-29,17.219799041748047
2015-06-01,17.422847747802734
2015-06-02,17.265653610229492
2015-06-03,17.029850006103516
2015-06-04,16.98400115966797
2015-06-05,16.79404640197754
2015-06-08,16.761301040649414
2015-06-09,16.64340591430664
2015-06-10,16.76784896850586
2015-06-11,16.879199981689453
2015-06-12,16.846452713012695
2015-06-15,16.754751205444336
2015-06-16,16.892297744750977
2015-06-17,17.029850006103516
2015-06-18,17.265653610229492
2015-06-19,17.128095626831055
2015-06-22,16.951251983642578
2015-06-23,16.820253372192383
2015-06-24,16.722002029418945
2015-06-25,16.552045822143555
2015-06-26,16.67108154296875
2015-06-29,16.406566619873047
2015-06-30,16.426410675048828
2015-07-01,16.684310913085938
2015-07-02,16.73059844970703
2015-07-06,16.82318115234375
2015-07-07,17.081085205078125
2015-07-08,17.014951705932617
2015-07-09,16.94220733642578
2015-07-10,17.081085205078125
2015-07-13,17.10753631591797
2015-07-14,17.147212982177734
2015-07-15,17.173664093017578
2015-07-16,17.312532424926758
2015-07-17,17.24640464782715
2015-07-20,17.272855758666992
2015-07-21,17.219955444335938
2015-07-22,17.292692184448242
2015-07-23,17.081085205078125
2015-07-24,17.14059829711914
2015-07-27,17.16704750061035
2015-07-28,17.193496704101562
2015-07-29,17.299304962158203
2015-07-30,17.213340759277344
2015-07-31,17.345592498779297
2015-08-03,17.444787979125977
2015-08-04,17.325756072998047
2015-08-05,17.20672607421875
2015-08-06,17.239791870117188
2015-08-07,17.299304962158203
2015-08-10,17.239791870117188
2015-08-11,17.35881996154785
2015-08-12,17.418333053588867
2015-08-13,17.444787979125977
2015-08-14,17.5307559967041
2015-08-17,17.689472198486328
2015-08-18,17.729145050048828
2015-08-19,17.6101131439209
2015-08-20,17.49107551574707
2015-08-21,17.16704750061035
2015-08-24,16.35365867614746
2015-08-25,15.92382526397705
2015-08-26,16.35365867614746
2015-08-27,16.664474487304688
2015-08-28,16.64463233947754
2015-08-31,16.261083602905273
2015-09-01,15.950278282165527
2015-09-02,16.122215270996094
2015-09-03,16.168502807617188
2015-09-04,15.844470024108887
2015-09-08,16.095762252807617
2015-09-09,15.903989791870117
2015-09-10,15.950278282165527
2015-09-11,16.254474639892578
2015-09-14,16.267698287963867
2015-09-15,16.41318130493164
2015-09-16,16.60495376586914
2015-09-17,16.790117263793945
2015-09-18,16.750442504882812
2015-09-21,16.90253448486328
2015-09-22,16.676227569580078
2015-09-23,16.789714813232422
2015-09-24,16.629493713378906
2015-09-25,16.702930450439453
2015-09-28,16.42254066467285
2015-09-29,16.622812271118164
2015-09-30,16.749656677246094
2015-10-01,16.82976722717285
2015-10-02,16.96328353881836
2015-10-05,17.257017135620117
2015-10-06,17.203617095947266
2015-10-07,17.403892517089844
2015-10-08,17.544084548950195
2015-10-09,17.524051666259766
2015-10-12,17.630868911743164
2015-10-13,17.497350692749023
2015-10-14,17.363832473754883
2015-10-15,17.60416603088379
2015-10-16,17.737682342529297
2015-10-19,17.984683990478516
2015-10-20,17.984683990478516
2015-10-21,17.924604415893555
2015-10-22,18.078144073486328
2015-10-23,17.891223907470703
2015-10-26,17.891223907470703
2015-10-27,17.891223907470703
2015-10-28,17.904577255249023
2015-10-29,17.87787437438965
2015-10-30,17.717653274536133
2015-11-02,18.084823608398438
2015-11-03,17.904577255249023
2015-11-04,17.8244686126709
2015-11-05,17.904577255249023
2015-11-06,17.350481033325195
2015-11-09,17.056739807128906
2015-11-10,17.250347137451172
2015-11-11,17.270374298095703
2015-11-12,17.150209426879883
2015-11-13,16.94325828552246
2015-11-16,17.13686180114746
2015-11-17,17.143535614013672
2015-11-18,17.29707908630371
2015-11-19,17.35715675354004
2015-11-20,17.56410789489746
2015-11-23,17.597488403320312
2015-11-24,17.504026412963867
2015-11-25,17.590810775756836
2015-11-27,17.744356155395508
2015-11-30,17.60416603088379
2015-12-01,17.851171493530273
2015-12-02,17.477325439453125
2015-12-03,17.203617095947266
2015-12-04,17.544084548950195
2015-12-07,17.490673065185547
2015-12-08,17.47064971923828
2015-12-09,17.370506286621094
2015-12-10,17.23699188232422
2015-12-11,17.223636627197266
2015-12-14,17.290401458740234
2015-12-15,17.477325439453125
2015-12-16,17.817792892456055
2015-12-17,17.744356155395508
2015-12-18,17.53740882873535
2015-12-21,17.60416603088379
2015-12-22,17.662357330322266
2015-12-23,17.851837158203125
2015-12-24,17.845077514648438
2015-12-28,17.946584701538086
2015-12-29,18.149600982666016
2015-12-30,18.07516098022461
2015-12-31,17.919513702392578
2016-01-04,17.696197509765625
2016-01-05,18.0480899810791
2016-01-06,17.9871883392334
2016-01-07,17.642061233520508
2016-01-08,17.405210494995117
2016-01-11,17.51348304748535
2016-01-12,17.384906768798828
2016-01-13,17.134523391723633
2016-01-14,17.10745620727539
2016-01-15,16.992408752441406
2016-01-19,17.080385208129883
2016-01-20,16.60668182373047
2016-01-21,16.714954376220703
2016-01-22,17.168359756469727
2016-01-25,17.060081481933594
2016-01-26,17.432281494140625
2016-01-27,17.093915939331055
2016-01-28,16.965341567993164
2016-01-29,17.31723976135254
2016-02-01,17.33753204345703
2016-02-02,17.168359756469727
2016-02-03,17.296934127807617
2016-02-04,17.31046485900879
2016-02-05,16.97210693359375
2016-02-08,16.484874725341797
2016-02-09,16.173574447631836
2016-02-10,16.295387268066406
2016-02-11,16.07883644104004
2016-02-12,16.25478744506836
2016-02-16,16.552539825439453
2016-02-17,16.701417922973633
2016-02-18,16.85029411315918
2016-02-19,16.951812744140625
2016-02-22,17.120986938476562
2016-02-23,17.060081481933594
2016-02-24,17.046546936035156
2016-02-25,17.405210494995117
2016-02-26,17.303699493408203
2016-02-29,17.242794036865234
2016-03-01,17.730031967163086
2016-03-02,17.858606338500977
2016-03-03,17.946584701538086
2016-03-04,17.939815521240234
2016-03-07,17.9871883392334
2016-03-08,17.81123924255371
2016-03-09,17.912748336791992
2016-03-10,17.83831214904785
2016-03-11,18.25110626220703
2016-03-14,18.25110626220703
2016-03-15,18.25110626220703
2016-03-16,18.4676570892334
2016-03-17,18.731578826904297
2016-03-18,18.64675521850586
2016-03-21,18.47574806213379
2016-03-22,18.48259162902832
2016-03-23,18.37998390197754
2016-03-24,18.39366912841797
2016-03-28,18.557828903198242
2016-03-29,18.96825408935547
2016-03-30,18.913532257080078
2016-03-31,19.036653518676758
2016-04-01,19.009300231933594
2016-04-04,18.98193359375
2016-04-05,18.865650177001953
2016-04-06,18.90669059753418
2016-04-07,18.7835636138916
2016-04-08,18.899850845336914
2016-04-11,18.845121383666992
2016-04-12,18.9887752532959
2016-04-13,18.913532257080078
2016-04-14,18.80409049987793
2016-04-15,18.947734832763672
2016-04-18,19.029813766479492
2016-04-19,19.050336837768555
2016-04-20,18.72200584411621
2016-04-21,18.39366912841797
2016-04-22,18.58519744873047
2016-04-25,18.75621223449707
2016-04-26,18.824604034423828
2016-04-27,18.797243118286133
2016-04-28,18.75621223449707
2016-04-29,18.578353881835938
2016-05-02,18.89300537109375
2016-05-03,18.90669059753418
2016-05-04,19.18714141845703
2016-05-05,19.241867065429688
2016-05-06,19.46076011657715
2016-05-09,19.659122467041016
2016-05-10,19.659122467041016
2016-05-11,19.221349716186523
2016-05-12,19.351314544677734
2016-05-13,19.166629791259766
2016-05-16,19.358154296875
2016-05-17,18.9887752532959
2016-05-18,18.708324432373047
2016-05-19,18.49627113342285
2016-05-20,18.64675521850586
2016-05-23,18.639917373657227
2016-05-24,18.865650177001953
2016-05-25,18.865650177001953
2016-05-26,18.913532257080078
2016-05-27,19.009300231933594
2016-05-31,19.016143798828125
2016-06-01,19.029813766479492
2016-06-02,19.125577926635742
2016-06-03,19.193984985351562
2016-06-06,19.050336837768555
2016-06-07,19.159780502319336
2016-06-08,19.282909393310547
2016-06-09,19.330791473388672
2016-06-10,19.241867065429688
2016-06-13,19.235031127929688
2016-06-14,19.18714141845703
2016-06-15,19.364992141723633
2016-06-16,19.48128318786621
2016-06-17,19.46076011657715
2016-06-20,19.462827682495117
2016-06-21,19.559419631958008
2016-06-22,19.518022537231445
2016-06-23,19.6284122467041
2016-06-24,19.442134857177734
2016-06-27,19.449033737182617
2016-06-28,19.86988067626953
2016-06-29,20.125160217285156
2016-06-30,20.325237274169922
2016-07-01,20.345930099487305
2016-07-05,20.539113998413086
2016-07-06,20.477020263671875
2016-07-07,20.256244659423828
2016-07-08,20.580509185791016
2016-07-11,20.72539520263672
2016-07-12,20.718490600585938
2016-07-13,20.821983337402344
2016-07-14,20.64950180053711
2016-07-15,20.64950180053711
2016-07-18,20.69779396057129
2016-07-19,20.801286697387695
2016-07-20,20.801286697387695
2016-07-21,20.842681884765625
2016-07-22,21.022064208984375
2016-07-25,20.994468688964844
2016-07-26,20.897871017456055
2016-07-27,20.718490600585938
2016-07-28,20.91167449951172
2016-07-29,21.173847198486328
2016-08-01,21.242839813232422
2016-08-02,20.890979766845703
2016-08-03,20.773683547973633
2016-08-04,20.69779396057129
2016-08-05,20.704692840576172
2016-08-08,20.732295989990234
2016-08-09,20.835783004760742
2016-08-10,20.815082550048828
2016-08-11,20.580509185791016
2016-08-12,20.67020034790039
2016-08-15,20.656402587890625
2016-08-16,20.414926528930664
2016-08-17,20.49082374572754
2016-08-18,20.42182731628418
2016-08-19,20.297636032104492
2016-08-22,20.394224166870117
2016-08-23,20.40802764892578
2016-08-24,20.304542541503906
2016-08-25,20.401132583618164
2016-08-26,20.20794677734375
2016-08-29,20.40802764892578
2016-08-30,20.373531341552734
2016-08-31,20.394224166870117
2016-09-01,20.345930099487305
2016-09-02,20.518415451049805
2016-09-06,20.66330337524414
2016-09-07,20.79438591003418
2016-09-08,20.53221321105957
2016-09-09,19.731895446777344
2016-09-12,19.96039390563965
2016-09-13,19.45339584350586
2016-09-14,19.52284812927246
2016-09-15,19.5992488861084
2016-09-16,19.60618782043457
2016-09-19,19.78676414489746
2016-09-20,19.75898551940918
2016-09-21,20.00206756591797
2016-09-22,20.37015724182129
2016-09-23,20.411827087402344
2016-09-26,20.467391967773438
2016-09-27,20.252092361450195
2016-09-28,20.425722122192383
2016-09-29,20.147912979125977
2016-09-30,20.022905349731445
2016-10-03,19.65480613708496
2016-10-04,19.377002716064453
2016-10-05,18.98112678527832
2016-10-06,18.988075256347656
2016-10-07,18.953344345092773
2016-10-10,19.07835578918457
2016-10-11,18.890838623046875
2016-10-12,19.10614013671875
2016-10-13,19.251985549926758
2016-10-14,19.17559242248535
2016-10-17,19.2033748626709
2016-10-18,19.328384399414062
2016-10-19,19.377002716064453
2016-10-20,19.328384399414062
2016-10-21,19.258935928344727
2016-10-24,19.314496994018555
2016-10-25,19.26587677001953
2016-10-26,19.015851974487305
2016-10-27,18.51580047607422
2016-10-28,18.56441307067871
2016-10-31,18.8769474029541
2016-11-01,18.453292846679688
2016-11-02,18.182435989379883
2016-11-03,18.05742073059082
2016-11-04,18.18938446044922
2016-11-07,18.50191307067871
2016-11-08,18.60609245300293
2016-11-09,18.314388275146484
2016-11-10,18.001850128173828
2016-11-11,18.11992835998535
2016-11-14,18.550519943237305
2016-11-15,18.37689781188965
2016-11-16,18.349119186401367
2016-11-17,18.147708892822266
2016-11-18,18.18938446044922
2016-11-21,18.16159439086914
2016-11-22,18.467185974121094
2016-11-23,18.397733688354492
2016-11-25,18.494962692260742
2016-11-28,18.578310012817383
2016-11-29,18.751935958862305
2016-11-30,18.550519943237305
2016-12-01,18.26578140258789
2016-12-02,18.453292846679688
2016-12-05,18.59914207458496
2016-12-06,18.703319549560547
2016-12-07,19.092252731323242
2016-12-08,19.210315704345703
2016-12-09,19.182531356811523
2016-12-12,19.314496994018555
2016-12-13,19.32143783569336
2016-12-14,18.8769474029541
2016-12-15,18.76582908630371
2016-12-16,19.07141876220703
2016-12-19,19.26587677001953
2016-12-20,19.30060386657715
2016-12-21,19.004411697387695
2016-12-22,18.983154296875
2016-12-23,19.032756805419922
2016-12-27,19.06818389892578
2016-12-28,18.947723388671875
2016-12-29,19.181560516357422
2016-12-30,19.408309936523438
2017-01-03,19.486251831054688
2017-01-04,19.78386688232422
2017-01-05,19.84763526916504
2017-01-06,19.84055519104004
2017-01-09,19.656314849853516
2017-01-10,19.486251831054688
2017-01-11,19.37288475036621
2017-01-12,19.472084045410156
2017-01-13,19.44373893737793
2017-01-17,19.592540740966797
2017-01-18,19.620891571044922
2017-01-19,19.429569244384766
2017-01-20,19.571277618408203
2017-01-23,19.73426055908203
2017-01-24,19.74134635925293
2017-01-25,19.606714248657227
2017-01-26,19.571277618408203
2017-01-27,19.37288475036621
2017-01-30,19.252418518066406
2017-01-31,19.401222229003906
2017-02-01,19.160301208496094
2017-02-02,19.379966735839844
2017-02-03,19.493349075317383
2017-02-06,19.450830459594727
2017-02-07,19.379966735839844
2017-02-08,19.542938232421875
2017-02-09,19.585453033447266
2017-02-10,19.72718048095703
2017-02-13,19.748435974121094
2017-02-14,19.635059356689453
2017-02-15,19.56420135498047
2017-02-16,19.670488357543945
2017-02-17,19.713003158569336
2017-02-21,19.961013793945312
2017-02-22,19.897239685058594
2017-02-23,20.003524780273438
2017-02-24,20.102725982666016
2017-02-27,20.209014892578125
2017-02-28,20.067296981811523
2017-03-01,20.003524780273438
2017-03-02,19.890151977539062
2017-03-03,19.819293975830078
2017-03-06,19.7200870513916
2017-03-07,19.627973556518555
2017-03-08,19.266592025756836
2017-03-09,18.983154296875
2017-03-10,18.933557510375977
2017-03-13,18.968982696533203
2017-03-14,18.95481300354004
2017-03-15,19.358707427978516
2017-03-16,19.316192626953125
2017-03-17,19.394140243530273
2017-03-20,19.36579132080078
2017-03-21,19.293020248413086
2017-03-22,19.293020248413086
2017-03-23,19.435720443725586
2017-03-24,19.42144775390625
2017-03-27,19.24306869506836
2017-03-28,19.328691482543945
2017-03-29,19.428577423095703
2017-03-30,19.47852325439453
2017-03-31,19.59268569946289
2017-04-03,19.6354923248291
2017-04-04,19.6354923248291
2017-04-05,19.65690040588379
2017-04-06,19.763927459716797
2017-04-07,19.785327911376953
2017-04-10,19.920896530151367
2017-04-11,20.063600540161133
2017-04-12,20.020784378051758
2017-04-13,19.970836639404297
2017-04-17,20.2205753326416
2017-04-18,20.270511627197266
2017-04-19,20.23483657836914
2017-04-20,20.249107360839844
2017-04-21,20.156352996826172
2017-04-24,19.949434280395508
2017-04-25,20.035053253173828
2017-04-26,19.863821029663086
2017-04-27,19.82100486755371
2017-04-28,19.6212215423584
2017-05-01,19.742521286010742
2017-05-02,19.706844329833984
2017-05-03,19.449989318847656
2017-05-04,19.35723114013672
2017-05-05,19.521337509155273
2017-05-08,19.392906188964844
2017-05-09,19.2858829498291
2017-05-10,19.435720443725586
2017-05-11,19.342966079711914
2017-05-12,19.264476776123047
2017-05-15,19.32155418395996
2017-05-16,19.185991287231445
2017-05-17,19.257343292236328
2017-05-18,19.37863540649414
2017-05-19,19.492794036865234
2017-05-22,19.557010650634766
2017-05-23,19.578420639038086
2017-05-24,19.728252410888672
2017-05-25,19.728252410888672
2017-05-26,19.58555793762207
2017-05-30,19.471391677856445
2017-05-31,19.492794036865234
2017-06-01,19.58555793762207
2017-06-02,19.778196334838867
2017-06-05,19.6997127532959
2017-06-06,19.60695457458496
2017-06-07,19.735383987426758
2017-06-08,19.6997127532959
2017-06-09,19.835277557373047
2017-06-12,19.999380111694336
2017-06-13,20.049327850341797
2017-06-14,20.09213638305664
2017-06-15,20.17775535583496
2017-06-16,20.1278133392334
2017-06-19,20.13494873046875
2017-06-20,20.09213638305664
2017-06-21,20.027925491333008
2017-06-22,20.046648025512695
2017-06-23,20.1330509185791
2017-06-26,20.26265525817871
2017-06-27,20.089845657348633
2017-06-28,20.1330509185791
2017-06-29,19.917030334472656
2017-06-30,19.90262794494629
2017-07-03,20.17625617980957
2017-07-05,19.888225555419922
2017-07-06,19.5065975189209
2017-07-07,19.629005432128906
2017-07-10,19.420181274414062
2017-07-11,19.412986755371094
2017-07-12,19.650602340698242
2017-07-13,19.686609268188477
2017-07-14,19.88102912902832
2017-07-17,20.032241821289062
2017-07-18,19.99623680114746
2017-07-19,20.1474552154541
2017-07-20,20.046648025512695
2017-07-21,20.032241821289062
2017-07-24,20.003437042236328
2017-07-25,20.032241821289062
2017-07-26,20.161853790283203
2017-07-27,20.183452606201172
2017-07-28,20.1330509185791
2017-07-31,20.1474552154541
2017-08-01,20.241058349609375
2017-08-02,20.06824493408203
2017-08-03,20.017839431762695
2017-08-04,20.089845657348633
2017-08-07,20.06824493408203
2017-08-08,19.974634170532227
2017-08-09,19.917030334472656
2017-08-10,19.765811920166016
2017-08-11,19.643400192260742
2017-08-14,19.98183822631836
2017-08-15,19.90983009338379
2017-08-16,19.974634170532227
2017-08-17,19.845020294189453
2017-08-18,19.657804489135742
2017-08-21,19.86663055419922
2017-08-22,19.816221237182617
2017-08-23,20.010639190673828
2017-08-24,19.945831298828125
2017-08-25,20.032241821289062
2017-08-28,19.888225555419922
2017-08-29,19.86663055419922
2017-08-30,19.989042282104492
2017-08-31,20.0970458984375
2017-09-01,20.16905403137207
2017-09-05,20.118650436401367
2017-09-06,20.16905403137207
2017-09-07,20.291467666625977
2017-09-08,20.320268630981445
2017-09-11,20.49308204650879
2017-09-12,20.25545883178711
2017-09-13,20.20505714416504
2017-09-14,20.37067413330078
2017-09-15,20.406675338745117
2017-09-18,20.305866241455078
2017-09-19,20.16905403137207
2017-09-20,20.111446380615234
2017-09-21,20.062728881835938
2017-09-22,19.93911361694336
2017-09-25,20.048189163208008
2017-09-26,20.0772705078125
2017-09-27,19.902748107910156
2017-09-28,20.04091453552246
2017-09-29,20.069997787475586
2017-10-02,20.03364372253418
2017-10-03,20.026371002197266
2017-10-04,20.12090301513672
2017-10-05,20.20089340209961
2017-10-06,20.13545036315918
2017-10-09,20.1790771484375
2017-10-10,20.229978561401367
2017-10-11,20.30996322631836
2017-10-12,20.426311492919922
2017-10-13,20.469947814941406
2017-10-16,20.3826847076416
2017-10-17,20.40450096130371
2017-10-18,20.38995361328125
2017-10-19,20.317245483398438
2017-10-20,20.20816993713379
2017-10-23,20.128171920776367
2017-10-24,20.004558563232422
2017-10-25,19.94638442993164
2017-10-26,19.793676376342773
2017-10-27,19.88820457458496
2017-10-30,19.859121322631836
2017-10-31,19.86639404296875
2017-11-01,19.95365333557129
2017-11-02,20.12090301513672
2017-11-03,20.0772705078125
2017-11-06,20.20816993713379
2017-11-07,20.37541389465332
2017-11-08,20.462675094604492
2017-11-09,20.477214813232422
2017-11-10,20.50630760192871
2017-11-13,20.608112335205078
2017-11-14,20.564477920532227
2017-11-15,20.368139266967773
2017-11-16,20.520849227905273
2017-11-17,20.448135375976562
2017-11-20,20.3826847076416
2017-11-21,20.53539276123047
2017-11-22,20.484493255615234
2017-11-24,20.51357650756836
2017-11-27,20.419044494628906
2017-11-28,20.3317813873291
2017-11-29,20.353595733642578
2017-11-30,20.38995361328125
2017-12-01,20.44086265563965
2017-12-04,20.32451057434082
2017-12-05,20.157262802124023
2017-12-06,20.13545036315918
2017-12-07,20.186349868774414
2017-12-08,20.302696228027344
2017-12-11,20.280881881713867
2017-12-12,20.38995361328125
2017-12-13,20.419044494628906
2017-12-14,20.419044494628906
2017-12-15,20.549936294555664
2017-12-18,20.680828094482422
2017-12-19,20.24452018737793
2017-12-20,19.99358367919922
2017-12-21,19.927165985107422
2017-12-22,20.060009002685547
2017-12-26,20.170719146728516
2017-12-27,20.24452018737793
2017-12-28,20.355226516723633
2017-12-29,20.340469360351562
2018-01-02,20.266660690307617
2018-01-03,20.22976303100586
2018-01-04,19.860742568969727
2018-01-05,19.882884979248047
2018-01-08,19.9862060546875
2018-01-09,19.72789192199707
2018-01-10,19.49172019958496
2018-01-11,19.44005584716797
2018-01-12,19.285064697265625
2018-01-16,19.314586639404297
2018-01-17,19.44743537902832
2018-01-18,19.20387840270996
2018-01-19,19.29982566833496
2018-01-22,19.49172019958496
2018-01-23,19.75003433227539
2018-01-24,19.63932991027832
2018-01-25,19.60242462158203
2018-01-26,19.543378829956055
2018-01-29,19.285064697265625
2018-01-30,19.137460708618164
2018-01-31,19.484338760375977
2018-02-01,19.0562744140625
2018-02-02,18.90127944946289
2018-02-05,18.32560920715332
2018-02-06,18.34775161743164
2018-02-07,18.25180435180664
2018-02-08,17.72779083251953
2018-02-09,18.185379028320312
2018-02-12,18.200145721435547
2018-02-13,18.310848236083984
2018-02-14,18.17799949645996
2018-02-15,18.36250877380371
2018-02-16,18.473217010498047
2018-02-20,18.229663848876953
2018-02-21,17.88278579711914
2018-02-22,18.082059860229492
2018-02-23,18.377275466918945
2018-02-26,18.421558380126953
2018-02-27,17.98611068725586
2018-02-28,17.993492126464844
2018-03-01,18.00825309753418
2018-03-02,17.993492126464844
2018-03-05,18.192764282226562
2018-03-06,18.273944854736328
2018-03-07,18.392026901245117
2018-03-08,18.421558380126953
2018-03-09,18.524885177612305
2018-03-12,18.613447189331055
2018-03-13,18.620830535888672
2018-03-14,18.65035057067871
2018-03-15,18.635595321655273
2018-03-16,18.7684326171875
2018-03-19,18.59868812561035
2018-03-20,18.532268524169922
2018-03-21,18.406797409057617
2018-03-22,18.296091079711914
2018-03-23,17.964651107788086
2018-03-26,18.180641174316406
2018-03-27,18.2402286529541
2018-03-28,18.694561004638672
2018-03-29,18.679662704467773
2018-04-02,18.41897964477539
2018-04-03,18.582841873168945
2018-04-04,18.783937454223633
2018-04-05,18.754140853881836
2018-04-06,18.620079040527344
2018-04-09,18.560487747192383
2018-04-10,18.553043365478516
2018-04-11,18.582841873168945
2018-04-12,18.374292373657227
2018-04-13,18.471118927001953
2018-04-16,18.582841873168945
2018-04-17,18.80628204345703
2018-04-18,18.769039154052734
2018-04-19,18.49346351623535
2018-04-20,18.322154998779297
2018-04-23,18.314708709716797
2018-04-24,18.374292373657227
2018-04-25,18.344501495361328
2018-04-26,18.57539176940918
2018-04-27,18.903104782104492
2018-04-30,18.836071014404297
2018-05-01,18.992483139038086
2018-05-02,18.918001174926758
2018-05-03,18.925443649291992
2018-05-04,19.126544952392578
2018-05-07,19.25316619873047
2018-05-08,19.141441345214844
2018-05-09,19.27550506591797
2018-05-10,19.431915283203125
2018-05-11,19.357431411743164
2018-05-14,19.201019287109375
2018-05-15,18.880760192871094
2018-05-16,18.828624725341797
2018-05-17,18.7392520904541
2018-05-18,18.761587142944336
2018-05-21,18.97758674621582
2018-05-22,19.007373809814453
2018-05-23,19.201019287109375
2018-05-24,19.15633773803711
2018-05-25,19.23826789855957
2018-05-29,19.31275177001953
2018-05-30,19.580869674682617
2018-05-31,19.51384925842285
2018-06-01,19.59576988220215
2018-06-04,19.781970977783203
2018-06-05,19.70749282836914
2018-06-06,19.767078399658203
2018-06-07,19.759628295898438
2018-06-08,19.834104537963867
2018-06-11,19.8043155670166
2018-06-12,19.923480987548828
2018-06-13,19.54363441467285
2018-06-14,19.729835510253906
2018-06-15,19.70353126525879
2018-06-18,19.71856117248535
2018-06-19,19.70353126525879
2018-06-20,19.92146110534668
2018-06-21,20.019147872924805
2018-06-22,20.161930084228516
2018-06-25,20.116840362548828
2018-06-26,20.18447494506836
2018-06-27,20.101810455322266
2018-06-28,20.282167434692383
2018-06-29,20.319740295410156
2018-07-02,20.222047805786133
2018-07-03,20.364824295043945
2018-07-05,20.627840042114258
2018-07-06,20.718021392822266
2018-07-09,20.552692413330078
2018-07-10,20.605300903320312
2018-07-11,20.53766441345215
2018-07-12,20.59026527404785
2018-07-13,20.545175552368164
2018-07-16,20.424938201904297
2018-07-17,20.297195434570312
2018-07-18,20.20701789855957
2018-07-19,20.424938201904297
2018-07-20,20.23708152770996
2018-07-23,20.20701789855957
2018-07-24,20.101810455322266
2018-07-25,20.244592666625977
2018-07-26,20.31222152709961
2018-07-27,20.101810455322266
2018-07-30,20.116840362548828
2018-07-31,20.470035552978516
2018-08-01,20.582754135131836
2018-08-02,20.507600784301758
2018-08-03,20.725534439086914
2018-08-06,20.71050262451172
2018-08-07,20.657901763916016
2018-08-08,20.552692413330078
2018-08-09,20.56772232055664
2018-08-10,20.37985610961914
2018-08-13,20.357316970825195
2018-08-14,20.470035552978516
2018-08-15,20.627840042114258
2018-08-16,20.785648345947266
2018-08-17,20.981027603149414
2018-08-20,20.988542556762695
2018-08-21,20.86079978942871
2018-08-22,20.74807357788086
2018-08-23,20.702983856201172
2018-08-24,20.815710067749023
2018-08-27,20.778135299682617
2018-08-28,21.018606185913086
2018-08-29,21.011091232299805
2018-08-30,20.9058837890625
2018-08-31,20.97351837158203
2018-09-04,20.74807357788086
2018-09-05,20.86079978942871
2018-09-06,20.920915603637695
2018-09-07,20.687955856323242
2018-09-10,20.778135299682617
2018-09-11,20.76310157775879
2018-09-12,20.77061653137207
2018-09-13,20.890853881835938
2018-09-14,20.74807357788086
2018-09-17,20.83073616027832
2018-09-18,20.718021392822266
2018-09-19,20.477550506591797
2018-09-20,20.672931671142578
2018-09-21,20.65693473815918
2018-09-24,20.291324615478516
2018-09-25,20.28370475769043
2018-09-26,20.047582626342773
2018-09-27,20.131372451782227
2018-09-28,20.420808792114258
2018-10-01,20.230388641357422
2018-10-02,20.16945457458496
2018-10-03,19.986652374267578
2018-10-04,19.81146240234375
2018-10-05,19.796226501464844
2018-10-08,20.07805061340332
2018-10-09,20.123756408691406
2018-10-10,19.81146240234375
2018-10-11,19.24781608581543
2018-10-12,19.194494247436523
2018-10-15,19.316368103027344
2018-10-16,19.697206497192383
2018-10-17,19.651506423950195
2018-10-18,19.61342430114746
2018-10-19,19.765764236450195
2018-10-22,19.499174118041992
2018-10-23,19.605810165405273
2018-10-24,19.765764236450195
2018-10-25,20.024734497070312
2018-10-26,19.544876098632812
2018-10-29,19.78860855102539
2018-10-30,20.055200576782227
2018-10-31,19.81146240234375
2018-11-01,19.918094635009766
2018-11-02,19.735294342041016
2018-11-05,20.03997039794922
2018-11-06,20.131372451782227
2018-11-07,20.375106811523438
2018-11-08,20.405576705932617
2018-11-09,20.390342712402344
2018-11-12,20.397958755493164
2018-11-13,20.405576705932617
2018-11-14,20.375106811523438
2018-11-15,20.222768783569336
2018-11-16,20.458890914916992
2018-11-19,20.48936653137207
2018-11-20,20.260854721069336
2018-11-21,20.26848030090332
2018-11-23,20.222768783569336
2018-11-26,20.26848030090332
2018-11-27,20.344640731811523
2018-11-28,20.542680740356445
2018-11-29,20.550296783447266
2018-11-30,20.748334884643555
2018-12-03,20.84735679626465
2018-12-04,20.527448654174805
2018-12-06,21.053009033203125
2018-12-07,20.77118492126465
2018-12-10,20.64931869506836
2018-12-11,20.65693473815918
2018-12-12,20.300235748291016
2018-12-13,20.446617126464844
2018-12-14,20.400388717651367
2018-12-17,19.637680053710938
2018-12-18,19.814878463745117
2018-12-19,19.591461181640625
2018-12-20,19.329519271850586
2018-12-21,19.052175521850586
2018-12-24,18.343400955200195
2018-12-26,18.975133895874023
2018-12-27,18.998245239257812
2018-12-28,19.052175521850586
2018-12-31,19.090696334838867
2019-01-02,18.690082550048828
2019-01-03,18.797941207885742
2019-01-04,19.04446792602539
2019-01-07,19.221668243408203
2019-01-08,19.614566802978516
2019-01-09,19.58375358581543
2019-01-10,19.86109733581543
2019-01-11,19.915035247802734
2019-01-14,19.830291748046875
2019-01-15,20.022884368896484
2019-01-16,20.169267654418945
2019-01-17,20.26942253112793
2019-01-18,20.331052780151367
2019-01-22,20.26942253112793
2019-01-23,20.26942253112793
2019-01-24,20.34646224975586
2019-01-25,20.600692749023438
2019-01-28,20.79329490661621
2019-01-29,20.962783813476562
2019-01-30,21.132272720336914
2019-01-31,21.33258628845215
2019-02-01,21.193910598754883
2019-02-04,21.36339569091797
2019-02-05,21.486663818359375
2019-02-06,21.340290069580078
2019-02-07,21.525182723999023
2019-02-08,21.532886505126953
2019-02-11,21.586816787719727
2019-02-12,21.44814109802246
2019-02-13,21.56369972229004
2019-02-14,21.633039474487305
2019-02-15,21.771713256835938
2019-02-19,21.764009475708008
2019-02-20,21.633039474487305
2019-02-21,21.648448944091797
2019-02-22,21.787124633789062
2019-02-25,21.61762809753418
2019-02-26,21.540590286254883
2019-02-27,21.432735443115234
2019-02-28,21.486663818359375
2019-03-01,21.425029754638672
2019-03-04,21.525182723999023
2019-03-05,21.586816787719727
2019-03-06,21.478958129882812
2019-03-07,21.44043731689453
2019-03-08,21.463546752929688
2019-03-11,21.77942657470703
2019-03-12,21.871871948242188
2019-03-13,21.972017288208008
2019-03-14,22.018247604370117
2019-03-15,21.941200256347656
2019-03-18,21.833345413208008
2019-03-19,21.764009475708008
2019-03-20,21.833345413208008
2019-03-21,22.218549728393555
2019-03-22,22.064468383789062
2019-03-25,22.079875946044922
2019-03-26,22.264768600463867
2019-03-27,22.205047607421875
2019-03-28,22.422216415405273
2019-03-29,22.38344383239746
2019-04-01,22.38344383239746
2019-04-02,22.523042678833008
2019-04-03,22.51528549194336
2019-04-04,22.47650718688965
2019-04-05,22.63161849975586
2019-04-08,22.50753402709961
2019-04-09,22.375680923461914
2019-04-10,22.600597381591797
2019-04-11,22.57733726501465
2019-04-12,22.693674087524414
2019-04-15,22.569583892822266
2019-04-16,22.065454483032227
2019-04-17,21.856040954589844
2019-04-18,22.0344181060791
2019-04-22,21.778478622436523
2019-04-23,22.049936294555664
2019-04-24,22.2360782623291
2019-04-25,22.189546585083008
2019-04-26,22.360170364379883
2019-04-29,22.143007278442383
2019-04-30,22.360170364379883
2019-05-01,22.38344383239746
2019-05-02,22.39895248413086
2019-05-03,22.600597381591797
2019-05-06,22.523042678833008
2019-05-07,22.111984252929688
2019-05-08,22.088716506958008
2019-05-09,22.15851593017578
2019-05-10,22.391193389892578
2019-05-13,22.367921829223633
2019-05-14,22.437725067138672
2019-05-15,22.57733726501465
2019-05-16,22.70142936706543
2019-05-17,22.64714241027832
2019-05-20,22.305877685546875
2019-05-21,22.51528549194336
2019-05-22,22.561824798583984
2019-05-23,22.616113662719727
2019-05-24,22.685916900634766
2019-05-28,22.445486068725586
2019-05-29,22.15851593017578
2019-05-30,22.2515869140625
2019-05-31,22.38344383239746
2019-06-03,22.445486068725586
2019-06-04,22.360170364379883
2019-06-05,22.825523376464844
2019-06-06,22.856544494628906
2019-06-07,22.92634391784668
2019-06-10,22.864303588867188
2019-06-11,22.910839080810547
2019-06-12,22.988393783569336
2019-06-13,23.08146095275879
2019-06-14,23.11248779296875
2019-06-17,23.360679626464844
2019-06-18,23.3218936920166
2019-06-19,23.46925926208496
2019-06-20,23.577844619750977
2019-06-21,23.290876388549805
2019-06-24,23.12800407409668
2019-06-25,22.841033935546875
2019-06-26,22.373071670532227
2019-06-27,22.64696502685547
2019-06-28,22.756521224975586
2019-07-01,22.709571838378906
2019-07-02,23.085182189941406
2019-07-03,23.398204803466797
2019-07-05,23.304304122924805
2019-07-08,23.374736785888672
2019-07-09,23.476457595825195
2019-07-10,23.593847274780273
2019-07-11,23.304304122924805
2019-07-12,23.24951934814453
2019-07-15,23.24951934814453
2019-07-16,23.202573776245117
2019-07-17,23.11648941040039
2019-07-18,23.10866355895996
2019-07-19,22.725217819213867
2019-07-22,22.709571838378906
2019-07-23,22.95998191833496
2019-07-24,22.98345947265625
2019-07-25,22.850425720214844
2019-07-26,22.944326400756836
2019-07-29,23.030412673950195
2019-07-30,23.21040153503418
2019-07-31,23.11648941040039
2019-08-01,23.11648941040039
2019-08-02,23.233875274658203
2019-08-05,22.772171020507812
2019-08-06,23.030412673950195
2019-08-07,23.24951934814453
2019-08-08,23.632970809936523
2019-08-09,23.62514877319336
2019-08-12,23.554716110229492
2019-08-13,23.586021423339844
2019-08-14,23.21822166442871
2019-08-15,23.476457595825195
2019-08-16,23.695581436157227
2019-08-19,23.891220092773438
2019-08-20,23.695581436157227
2019-08-21,23.79730987548828
2019-08-22,23.9068660736084
2019-08-23,23.562541961669922
2019-08-26,23.773832321166992
2019-08-27,23.672103881835938
2019-08-28,23.758182525634766
2019-08-29,23.953819274902344
2019-08-30,23.985116958618164
2019-09-03,24.227710723876953
2019-09-04,24.431171417236328
2019-09-05,24.251184463500977
2019-09-06,24.30596923828125
2019-09-09,24.18075942993164
2019-09-10,23.922515869140625
2019-09-11,23.969465255737305
2019-09-12,24.086851119995117
2019-09-13,23.820789337158203
2019-09-16,24.047719955444336
2019-09-17,24.290315628051758
2019-09-18,24.21206283569336
2019-09-19,24.29814338684082
2019-09-20,24.28249168395996
2019-09-23,24.31166648864746
2019-09-24,24.272239685058594
2019-09-25,24.319555282592773
2019-09-26,24.524578094482422
2019-09-27,24.39052391052246
2019-09-30,24.437837600708008
2019-10-01,24.193384170532227
2019-10-02,24.098751068115234
2019-10-03,24.343210220336914
2019-10-04,24.485153198242188
2019-10-07,24.42206573486328
2019-10-08,24.30377960205078
2019-10-09,24.351097106933594
2019-10-10,24.374753952026367
2019-10-11,24.374753952026367
2019-10-14,24.374753952026367
2019-10-15,24.41417694091797
2019-10-16,24.41417694091797
2019-10-17,24.56401252746582
2019-10-18,24.7690372467041
2019-10-21,24.95829963684082
2019-10-22,24.871551513671875
2019-10-23,24.926753997802734
2019-10-24,24.903093338012695
2019-10-25,24.65074920654297
2019-10-28,24.51669692993164
2019-10-29,24.60343360900879
2019-10-30,24.7690372467041
2019-10-31,24.69806671142578
2019-11-01,24.705951690673828
2019-11-04,24.51669692993164
2019-11-05,24.11452293395996
2019-11-06,24.16972541809082
2019-11-07,23.925268173217773
2019-11-08,23.877954483032227
2019-11-11,23.925268173217773
2019-11-12,23.728124618530273
2019-11-13,23.9410400390625
2019-11-14,24.146066665649414
2019-11-15,24.28012466430664
2019-11-18,24.398412704467773
2019-11-19,24.437837600708008
2019-11-20,24.41417694091797
2019-11-21,24.067209243774414
2019-11-22,23.98046875
2019-11-25,24.059324264526367
2019-11-26,24.38263702392578
2019-11-27,24.500926971435547
2019-11-29,24.38263702392578
2019-12-02,24.00412940979004
2019-12-03,24.16972541809082
2019-12-04,24.26435089111328
2019-12-05,24.288013458251953
2019-12-06,24.335325241088867
2019-12-09,24.374753952026367
2019-12-10,24.232805252075195
2019-12-11,23.98834800720215
2019-12-12,23.665037155151367
2019-12-13,23.67292594909668
2019-12-16,23.83852195739746
2019-12-17,23.613862991333008
2019-12-18,23.900665283203125
2019-12-19,24.11577033996582
2019-12-20,24.275110244750977
2019-12-23,24.131710052490234
2019-12-24,24.17154312133789
2019-12-26,24.291040420532227
2019-12-27,24.378679275512695
2019-12-30,24.394611358642578
2019-12-31,24.577850341796875
2020-01-02,24.219343185424805
2020-01-03,24.434444427490234
2020-01-06,24.45038414001465
2020-01-07,24.163576126098633
2020-01-08,24.25121307373047
2020-01-09,24.25121307373047
2020-01-10,24.44241714477539
2020-01-13,24.72125816345215
2020-01-14,24.625654220581055
2020-01-15,24.84075927734375
2020-01-16,25.03993034362793
2020-01-17,25.063833236694336
2020-01-21,25.310806274414062
2020-01-22,25.143503189086914
2020-01-23,25.342674255371094
2020-01-24,25.270971298217773
2020-01-27,25.151470184326172
2020-01-28,25.239103317260742
2020-01-29,25.143503189086914
2020-01-30,25.17536735534668
2020-01-31,24.864660263061523
2020-02-03,24.936359405517578
2020-02-04,25.20723533630371
2020-02-05,25.20723533630371
2020-02-06,25.302841186523438
2020-02-07,25.286901473999023
2020-02-10,25.589645385742188
2020-02-11,25.772884368896484
2020-02-12,25.932222366333008
2020-02-13,26.0915584564209
2020-02-14,26.354469299316406
2020-02-18,26.314634323120117
2020-02-19,25.964092254638672
2020-02-20,26.27480125427246
2020-02-21,26.34650421142578
2020-02-24,25.980022430419922
2020-02-25,25.286901473999023
2020-02-26,25.008058547973633
2020-02-27,23.677593231201172
2020-02-28,23.103981018066406
2020-03-02,24.11577033996582
2020-03-03,24.052038192749023
2020-03-04,24.9761962890625
2020-03-05,24.40258026123047
2020-03-06,24.004240036010742
2020-03-09,22.131223678588867
2020-03-10,23.085779190063477
2020-03-11,21.64993667602539
2020-03-12,19.508203506469727
2020-03-13,21.22479820251465
2020-03-16,17.414602279663086
2020-03-17,18.465417861938477
2020-03-18,16.676624298095703
2020-03-19,16.78892707824707
2020-03-20,16.02688980102539
2020-03-23,15.192657470703125
2020-03-24,16.580373764038086
2020-03-25,17.43866729736328
2020-03-26,18.690011978149414
2020-03-27,18.673973083496094
2020-03-30,19.091089248657227
2020-03-31,18.641881942749023
2020-04-01,17.398557662963867
2020-04-02,17.486793518066406
2020-04-03,17.222082138061523
2020-04-06,18.5135440826416
2020-04-07,18.66595458984375
2020-04-08,19.94136619567871
2020-04-09,21.06436538696289
2020-04-13,20.14189910888672
2020-04-14,20.74350357055664
2020-04-15,19.893234252929688
2020-04-16,19.676658630371094
2020-04-17,20.302326202392578
2020-04-20,19.516223907470703
2020-04-21,19.17932891845703
2020-04-22,19.492158889770508
2020-04-23,19.30767059326172
2020-04-24,19.379858016967773
2020-04-27,20.045642852783203
2020-04-28,20.22211265563965
2020-04-29,20.53495216369629
2020-04-30,20.286287307739258
2020-05-01,19.572378158569336
2020-05-04,19.50018310546875
2020-05-05,19.596439361572266
2020-05-06,19.24349594116211
2020-05-07,19.532270431518555
2020-05-08,20.005535125732422
2020-05-11,19.700719833374023
2020-05-12,18.786272048950195
2020-05-13,18.3450927734375
2020-05-14,18.409263610839844
2020-05-15,18.337074279785156
2020-05-18,19.427993774414062
2020-05-19,19.163280487060547
2020-05-20,19.339752197265625
2020-05-21,19.331729888916016
2020-05-22,19.612485885620117
2020-05-26,20.350460052490234
2020-05-27,20.759550094604492
2020-05-28,20.855810165405273
2020-05-29,20.639232635498047
2020-06-01,21.104475021362305
2020-06-02,21.27292823791504
2020-06-03,21.962772369384766
2020-06-04,21.754215240478516
2020-06-05,22.556364059448242
2020-06-08,23.125885009765625
2020-06-09,22.74887466430664
2020-06-10,22.155288696289062
2020-06-11,20.75153160095215
2020-06-12,21.497526168823242
2020-06-15,21.778282165527344
2020-06-16,22.219459533691406
2020-06-17,21.890579223632812
2020-06-18,21.64993667602539
2020-06-19,21.64993667602539
2020-06-22,21.32105827331543
2020-06-23,21.22479820251465
2020-06-24,20.634658813476562
2020-06-25,20.885610580444336
2020-06-26,20.48084831237793
2020-06-29,20.869421005249023
2020-06-30,21.136558532714844
2020-07-01,21.622270584106445
2020-07-02,21.533222198486328
2020-07-06,21.541318893432617
2020-07-07,21.096088409423828
2020-07-08,21.071802139282227
2020-07-09,20.942276000976562
2020-07-10,21.02322769165039
2020-07-13,20.756084442138672
2020-07-14,20.926084518432617
2020-07-15,21.144657135009766
2020-07-16,20.877513885498047
2020-07-17,21.168941497802734
2020-07-20,20.90180015563965
2020-07-21,20.958467483520508
2020-07-22,21.2984619140625
2020-07-23,21.185134887695312
2020-07-24,21.015134811401367
2020-07-27,21.24180030822754
2020-07-28,21.65464973449707
2020-07-29,22.0675048828125
2020-07-30,21.92989158630371
2020-07-31,21.88941192626953
2020-08-03,21.597990036010742
2020-08-04,21.913698196411133
2020-08-05,21.816558837890625
2020-08-06,21.84893798828125
2020-08-07,22.164649963378906
2020-08-10,22.188934326171875
2020-08-11,21.87322425842285
2020-08-12,22.107982635498047
2020-08-13,21.808462142944336
2020-08-14,21.816558837890625
2020-08-17,22.010841369628906
2020-08-18,21.90560531616211
2020-08-19,21.49275016784668
2020-08-20,21.71941375732422
2020-08-21,21.743703842163086
2020-08-24,21.897506713867188
2020-08-25,21.946081161499023
2020-08-26,21.743703842163086
2020-08-27,22.0675048828125
2020-08-28,22.205127716064453
2020-08-31,21.986555099487305
2020-09-01,21.986555099487305
2020-09-02,22.431793212890625
2020-09-03,22.13227081298828
2020-09-04,22.035123825073242
2020-09-08,21.73560905456543
2020-09-09,21.986555099487305
2020-09-10,21.687036514282227
2020-09-11,21.56560516357422
2020-09-14,22.116079330444336
2020-09-15,22.383220672607422
2020-09-16,22.480365753173828
2020-09-17,22.043222427368164
2020-09-18,21.56560516357422
2020-09-21,20.909894943237305
2020-09-22,21.15275001525879
2020-09-23,20.529420852661133
2020-09-24,20.63298988342285
2020-09-25,21.048913955688477
2020-09-28,21.49745750427246
2020-09-29,21.326196670532227
2020-09-30,21.40774917602539
2020-10-01,21.839984893798828
2020-10-02,22.198814392089844
2020-10-05,22.32114601135254
2020-10-06,22.18250846862793
2020-10-07,22.21512794494629
2020-10-08,22.590272903442383
2020-10-09,22.49241065979004
2020-10-12,22.60658073425293
2020-10-13,22.21512794494629
2020-10-14,21.945999145507812
2020-10-15,22.06017303466797
2020-10-16,21.888917922973633
2020-10-19,21.546388626098633
2020-10-20,21.717649459838867
2020-10-21,21.64425277709961
2020-10-22,21.6361026763916
2020-10-23,21.774736404418945
2020-10-26,21.4648380279541
2020-10-27,21.114160537719727
2020-10-28,20.600372314453125
2020-10-29,20.902116775512695
2020-10-30,20.747167587280273
2020-11-02,21.260953903198242
2020-11-03,21.6768741607666
2020-11-04,21.709501266479492
2020-11-05,21.807363510131836
2020-11-06,21.65241050720215
2020-11-09,22.402694702148438
2020-11-10,22.73706817626953
2020-11-11,22.84309196472168
2020-11-12,22.541339874267578
2020-11-13,23.144832611083984
2020-11-16,23.381338119506836
2020-11-17,23.40580940246582
2020-11-18,22.965417861938477
2020-11-19,23.04697036743164
2020-11-20,22.932796478271484
2020-11-23,22.965417861938477
2020-11-24,23.09590721130371
2020-11-25,23.104055404663086
2020-11-27,22.99803924560547
2020-11-30,22.753381729125977
2020-12-01,23.055126190185547
2020-12-02,22.859399795532227
2020-12-03,23.063282012939453
2020-12-04,23.40580940246582
2020-12-07,23.193767547607422
2020-12-08,23.12037467956543
2020-12-09,22.97357177734375
2020-12-10,22.87570571899414
2020-12-11,22.867555618286133
2020-12-14,22.761531829833984
2020-12-15,23.24269676208496
2020-12-16,23.250858306884766
2020-12-17,23.48736000061035
2020-12-18,23.014352798461914
2020-12-21,22.867555618286133
2020-12-22,23.055126190185547
2020-12-23,22.877046585083008
2020-12-24,23.075834274291992
2020-12-28,23.24148941040039
2020-12-29,23.034420013427734
2020-12-30,23.1420955657959
2020-12-31,23.382295608520508
2021-01-04,22.595436096191406
2021-01-05,22.62856101989746
2021-01-06,22.678258895874023
2021-01-07,22.645132064819336
2021-01-08,22.8687686920166
2021-01-11,22.545734405517578
2021-01-12,22.603715896606445
2021-01-13,22.885332107543945
2021-01-14,23.026140213012695
2021-01-15,23.299470901489258
2021-01-19,23.20836067199707
2021-01-20,23.663909912109375
2021-01-21,23.539670944213867
2021-01-22,23.60593032836914
2021-01-25,23.763307571411133
2021-01-26,23.953807830810547
2021-01-27,23.531383514404297
2021-01-28,23.663909912109375
2021-01-29,23.382295608520508
2021-02-01,23.920679092407227
2021-02-02,24.061485290527344
2021-02-03,24.00350570678711
2021-02-04,24.14431381225586
2021-02-05,24.25198745727539
2021-02-08,24.376230239868164
2021-02-09,24.46734619140625
2021-02-10,24.599868774414062
2021-02-11,24.649564743041992
2021-02-12,24.65784454345703
2021-02-16,24.459060668945312
2021-02-17,24.417646408081055
2021-02-18,24.318254470825195
2021-02-19,24.47562599182129
2021-02-22,24.67441749572754
2021-02-23,24.81521987915039
2021-02-24,25.005725860595703
2021-02-25,24.53360366821289
2021-02-26,24.169160842895508
2021-03-01,24.2685546875
2021-03-02,24.044919967651367
2021-03-03,23.904109954833984
2021-03-04,23.63906478881836
2021-03-05,23.912397384643555
2021-03-08,24.111183166503906
2021-03-09,24.260272979736328
2021-03-10,24.51704216003418
2021-03-11,24.790369033813477
2021-03-12,25.221073150634766
2021-03-15,25.585519790649414
2021-03-16,25.469558715820312
2021-03-17,25.49441146850586
2021-03-18,25.24592399597168
2021-03-19,24.898042678833008
2021-03-22,25.063703536987305
2021-03-23,25.030576705932617
2021-03-24,24.90148162841797
2021-03-25,25.143003463745117
2021-03-26,25.684341430664062
2021-03-29,25.55108642578125
2021-03-30,25.55941390991211
2021-03-31,25.401180267333984
2021-04-01,25.88421630859375
2021-04-05,25.975830078125
2021-04-06,26.0507869720459
2021-04-07,26.05910873413086
2021-04-08,25.967498779296875
2021-04-09,25.950841903686523
2021-04-12,26.08409309387207
2021-04-13,26.234004974365234
2021-04-14,26.06743812561035
2021-04-15,26.5338191986084
2021-04-16,26.583791732788086
2021-04-19,26.650415420532227
2021-04-20,26.875280380249023
2021-04-21,27.02518653869629
2021-04-22,26.908594131469727
2021-04-23,27.0501708984375
2021-04-26,27.150108337402344
2021-04-27,27.141788482666016
2021-04-28,27.083486557006836
2021-04-29,27.300020217895508
2021-04-30,27.424943923950195
2021-05-03,27.341663360595703
2021-05-04,27.16676902770996
2021-05-05,26.725370407104492
2021-05-06,26.883607864379883
2021-05-07,27.2333984375
2021-05-10,27.225065231323242
2021-05-11,26.891935348510742
2021-05-12,26.225679397583008
2021-05-13,26.56713104248047
2021-05-14,26.875280380249023
2021-05-17,26.883607864379883
2021-05-18,26.908594131469727
2021-05-19,26.808656692504883
2021-05-20,27.125123977661133
2021-05-21,27.091812133789062
2021-05-24,27.399959564208984
2021-05-25,27.416614532470703
2021-05-26,27.541532516479492
2021-05-27,27.449934005737305
2021-05-28,27.63315200805664
2021-06-01,28.124526977539062
2021-06-02,28.46597671508789
2021-06-03,28.366039276123047
2021-06-04,28.366039276123047
2021-06-07,28.715824127197266
2021-06-08,28.924034118652344
2021-06-09,28.982332229614258
2021-06-10,29.182207107543945
2021-06-11,29.073938369750977
2021-06-14,29.182207107543945
2021-06-15,28.874055862426758
2021-06-16,28.640869140625
2021-06-17,28.65752601623535
2021-06-18,28.182811737060547
2021-06-21,28.757463455200195
2021-06-22,28.599231719970703
2021-06-23,28.532991409301758
2021-06-24,28.474294662475586
2021-06-25,28.683908462524414
2021-06-28,28.574918746948242
2021-06-29,28.516216278076172
2021-06-30,28.356916427612305
2021-07-01,28.474294662475586
2021-07-02,28.58329963684082
2021-07-06,28.79292106628418
2021-07-07,28.86837387084961
2021-07-08,28.784536361694336
2021-07-09,29.26245880126953
2021-07-12,29.513992309570312
2021-07-13,29.069602966308594
2021-07-14,29.304378509521484
2021-07-15,29.354686737060547
2021-07-16,29.354686737060547
2021-07-19,28.79292106628418
2021-07-20,29.480457305908203
2021-07-21,29.488842010498047
2021-07-22,29.237300872802734
2021-07-23,29.488842010498047
2021-07-26,29.49722671508789
2021-07-27,29.673301696777344
2021-07-28,29.56430435180664
2021-07-29,29.56430435180664
2021-07-30,29.61461067199707
2021-08-02,29.53076934814453
2021-08-03,29.58945655822754
2021-08-04,29.480457305908203
2021-08-05,29.841001510620117
2021-08-06,29.790687561035156
2021-08-09,29.631383895874023
2021-08-10,29.321144104003906
2021-08-11,29.522380828857422
2021-08-12,29.58945655822754
2021-08-13,29.748764038085938
2021-08-16,29.698453903198242
2021-08-17,29.673301696777344
2021-08-18,29.38822364807129
2021-08-19,29.539146423339844
2021-08-20,29.698453903198242
2021-08-23,29.622995376586914
2021-08-24,29.49722671508789
2021-08-25,29.488842010498047
2021-08-26,29.488842010498047
2021-08-27,29.80746078491211
2021-08-30,30.092529296875
2021-08-31,30.251846313476562
2021-09-01,30.713003158569336
2021-09-02,30.88069725036621
2021-09-03,30.889080047607422
2021-09-07,30.54530906677246
2021-09-08,30.713003158569336
2021-09-09,30.067384719848633
2021-09-10,29.639760971069336
2021-09-13,29.849380493164062
2021-09-14,29.757150650024414
2021-09-15,29.866151809692383
2021-09-16,29.908071517944336
2021-09-17,29.622995376586914
2021-09-20,29.472078323364258
2021-09-21,29.472078323364258
2021-09-22,29.765539169311523
2021-09-23,29.693851470947266
2021-09-24,29.36495590209961
2021-09-27,28.97701644897461
2021-09-28,28.799922943115234
2021-09-29,29.0023193359375
2021-09-30,28.538480758666992
2021-10-01,28.926414489746094
2021-10-04,28.943283081054688
2021-10-05,28.724016189575195
2021-10-06,29.019182205200195
2021-10-07,29.09508514404297
2021-10-08,28.816781997680664
2021-10-11,28.892677307128906
2021-10-12,29.263748168945312
2021-10-13,29.46614646911621
2021-10-14,29.828784942626953
2021-10-15,29.82034683227539
2021-10-18,29.8878231048584
2021-10-19,29.904685974121094
2021-10-20,30.360084533691406
2021-10-21,30.402252197265625
2021-10-22,30.545621871948242
2021-10-25,30.638391494750977
2021-10-26,30.72272300720215
2021-10-27,30.469724655151367
2021-10-28,30.90825843811035
2021-10-29,30.545621871948242
2021-11-01,30.697425842285156
2021-11-02,30.840789794921875
2021-11-03,30.95884895324707
2021-11-04,30.646818161010742
2021-11-05,30.840789794921875
2021-11-08,30.790185928344727
2021-11-09,30.849224090576172
2021-11-10,30.697425842285156
2021-11-11,30.74802017211914
2021-11-12,30.731157302856445
2021-11-15,30.941991806030273
2021-11-16,30.731157302856445
2021-11-17,30.840789794921875
2021-11-18,30.832359313964844
2021-11-19,30.638391494750977
2021-11-22,30.49502182006836
2021-11-23,30.74802017211914
2021-11-24,31.127519607543945
2021-11-26,30.22515106201172
2021-11-29,30.511892318725586
2021-11-30,29.879390716552734
2021-12-01,29.423986434936523
2021-12-02,30.28418731689453
2021-12-03,30.182979583740234
2021-12-06,30.714292526245117
2021-12-07,31.15282440185547
2021-12-08,31.380523681640625
2021-12-09,30.941991806030273
2021-12-10,31.02631950378418
2021-12-13,31.30462074279785
2021-12-14,30.916688919067383
2021-12-15,31.34678840637207
2021-12-16,31.355224609375
2021-12-17,31.329925537109375
2021-12-20,31.043190002441406
2021-12-21,31.422683715820312
2021-12-22,31.74315643310547
2021-12-23,31.689544677734375
2021-12-27,32.23416519165039
2021-12-28,32.353294372558594
2021-12-29,32.5660285949707
2021-12-30,32.710693359375
2021-12-31,32.77876281738281
2022-01-03,32.54050064086914
2022-01-04,32.51497268676758
2022-01-05,31.56190299987793
2022-01-06,31.5959415435791
2022-01-07,31.400226593017578
2022-01-10,31.2130069732666
2022-01-11,31.230031967163086
2022-01-12,31.281085968017578
2022-01-13,31.238536834716797
2022-01-14,30.94070816040039
2022-01-18,30.634361267089844
2022-01-19,30.225910186767578
2022-01-20,29.84297752380371
2022-01-21,29.75788116455078
2022-01-24,29.808940887451172
2022-01-25,29.681297302246094
2022-01-26,29.238798141479492
2022-01-27,28.753753662109375
2022-01-28,29.664274215698242
2022-01-31,30.098257064819336
2022-02-01,29.945087432861328
2022-02-02,30.32801628112793
2022-02-03,29.987648010253906
2022-02-04,29.689804077148438
2022-02-07,29.64725685119629
2022-02-08,29.502586364746094
2022-02-09,30.191864013671875
2022-02-10,29.46004867553711
2022-02-11,29.230283737182617
2022-02-14,28.93245506286621
2022-02-15,29.179229736328125
2022-02-16,29.315387725830078
2022-02-17,29.026060104370117
2022-02-18,28.84735679626465
2022-02-22,28.719715118408203
2022-02-23,28.268712997436523
2022-02-24,28.74524688720703
2022-02-25,29.4515380859375
2022-02-28,28.983510971069336
2022-03-01,28.84735679626465
2022-03-02,29.400476455688477
2022-03-03,29.621728897094727
2022-03-04,29.766386032104492
2022-03-07,29.15369987487793
2022-03-08,29.01755142211914
2022-03-09,29.477066040039062
2022-03-10,29.56216049194336
2022-03-11,29.298362731933594
2022-03-14,29.068607330322266
2022-03-15,29.28134536743164
2022-03-16,29.621728897094727
2022-03-17,30.030187606811523
2022-03-18,30.08974838256836
2022-03-21,29.90254020690918
2022-03-22,29.97951889038086
2022-03-23,29.637392044067383
2022-03-24,29.8255615234375
2022-03-25,30.184804916381836
2022-03-28,30.501279830932617
2022-03-29,31.39937400817871
2022-03-30,31.185548782348633
2022-03-31,30.8092041015625
2022-04-01,31.39937400817871
2022-04-04,31.23686981201172
2022-04-05,31.10001564025879
2022-04-06,31.459253311157227
2022-04-07,31.15134048461914
2022-04-08,31.202653884887695
2022-04-11,30.86907386779785
2022-04-12,30.817750930786133
2022-04-13,31.04869270324707
2022-04-14,30.90328598022461
2022-04-18,30.774986267089844
2022-04-19,31.459253311157227
2022-04-20,31.955350875854492
2022-04-21,31.741514205932617
2022-04-22,31.194101333618164
2022-04-25,31.108570098876953
2022-04-26,30.603918075561523
2022-04-27,30.39008331298828
2022-04-28,30.963157653808594
2022-04-29,29.51763916015625
2022-05-02,28.816261291503906
2022-05-03,29.192615509033203
2022-05-04,29.51763916015625
2022-05-05,28.722179412841797
2022-05-06,28.397153854370117
2022-05-09,27.148365020751953
2022-05-10,26.660818099975586
2022-05-11,26.583837509155273
2022-05-12,26.79767608642578
2022-05-13,27.49905014038086
2022-05-16,27.327980041503906
2022-05-17,27.704326629638672
2022-05-18,26.883211135864258
2022-05-19,26.77201271057129
2022-05-20,26.95163345336914
2022-05-23,27.25099754333496
2022-05-24,27.49049186706543
2022-05-25,27.7128849029541
2022-05-26,27.755651473999023
2022-05-27,28.49979019165039
2022-05-31,28.149105072021484
2022-06-01,27.909608840942383
2022-06-02,28.303062438964844
2022-06-03,27.926712036132812
2022-06-06,27.849733352661133
2022-06-07,28.217531204223633
2022-06-08,27.57602882385254
2022-06-09,26.92597770690918
2022-06-10,26.31868553161621
2022-06-13,25.001466751098633
2022-06-14,24.796184539794922
2022-06-15,25.386367797851562
2022-06-16,24.727760314941406
2022-06-17,24.92448616027832
2022-06-21,25.27517318725586
2022-06-22,25.584110260009766
2022-06-23,26.07462501525879
2022-06-24,26.633981704711914
2022-06-27,26.582345962524414
2022-06-28,26.272552490234375
2022-06-29,26.100440979003906
2022-06-30,26.040199279785156
2022-07-01,26.530717849731445
2022-07-05,26.444658279418945
2022-07-06,26.40163230895996
2022-07-07,26.470478057861328
2022-07-08,26.332786560058594
2022-07-11,26.272552490234375
2022-07-12,26.17789077758789
2022-07-13,26.057411193847656
2022-07-14,25.807851791381836
2022-07-15,26.263946533203125
2022-07-18,26.057411193847656
2022-07-19,26.745849609375
2022-07-20,26.668405532836914
2022-07-21,26.8835391998291
2022-07-22,27.021228790283203
2022-07-25,27.072858810424805
2022-07-26,27.090072631835938
2022-07-27,27.27078628540039
2022-07-28,28.14854621887207
2022-07-29,28.29483985900879
2022-08-01,28.0624942779541
2022-08-02,27.709665298461914
2022-08-03,27.778505325317383
2022-08-04,27.75269317626953
2022-08-05,27.830141067504883
2022-08-08,28.071096420288086
2022-08-09,28.225997924804688
2022-08-10,28.664878845214844
2022-08-11,28.59602928161621
2022-08-12,29.08654022216797
2022-08-15,29.189807891845703
2022-08-16,29.103755950927734
2022-08-17,28.948854446411133
2022-08-18,28.750934600830078
2022-08-19,28.441131591796875
2022-08-22,27.821542739868164
2022-08-23,27.46010971069336
2022-08-24,27.623611450195312
2022-08-25,28.04528045654297
2022-08-26,27.33102798461914
2022-08-29,27.090072631835938
2022-08-30,26.70282745361328
2022-08-31,26.582345962524414
2022-09-01,26.633981704711914
2022-09-02,26.263946533203125
2022-09-06,26.504898071289062
2022-09-07,27.02983283996582
2022-09-08,27.098676681518555
2022-09-09,27.382658004760742
2022-09-12,27.649433135986328
2022-09-13,26.599557876586914
2022-09-14,26.306970596313477
2022-09-15,25.807851791381836
2022-09-16,25.81645965576172
2022-09-19,25.7734317779541
2022-09-20,25.13662338256836
2022-09-21,24.732168197631836
2022-09-22,24.43832015991211
2022-09-23,24.107946395874023
2022-09-26,23.421138763427734
2022-09-27,23.116859436035156
2022-09-28,23.60371208190918
2022-09-29,22.899511337280273
2022-09-30,23.16032600402832
2022-10-03,23.57762908935547
2022-10-04,24.0557861328125
2022-10-05,23.57762908935547
2022-10-06,22.925594329833984
2022-10-07,22.369186401367188
2022-10-10,22.160537719726562
2022-10-11,22.3952693939209
2022-10-12,22.15184211730957
2022-10-13,22.551761627197266
2022-10-14,21.995351791381836
2022-10-17,22.82126808166504
2022-10-18,23.073387145996094
2022-10-19,22.482213973999023
2022-10-20,22.40396499633789
2022-10-21,22.577838897705078
2022-10-24,22.577838897705078
2022-10-25,23.464609146118164
2022-10-26,23.447223663330078
2022-10-27,23.473304748535156
2022-10-28,24.003625869750977
2022-10-31,23.968852996826172
2022-11-01,23.96015739440918
2022-11-02,23.299423217773438
2022-11-03,23.273345947265625
2022-11-04,23.586320877075195
2022-11-07,23.586320877075195
2022-11-08,23.673261642456055
2022-11-09,23.40375518798828
2022-11-10,25.142515182495117
2022-11-11,25.1251277923584
2022-11-14,24.49917221069336
2022-11-15,24.786067962646484
2022-11-16,24.542640686035156
2022-11-17,24.38615608215332
2022-11-18,24.699132919311523
2022-11-21,24.820842742919922
2022-11-22,24.97733497619629
2022-11-23,24.97733497619629
2022-11-25,25.151208877563477
2022-11-28,24.464399337768555
2022-11-29,24.890396118164062
2022-11-30,25.446796417236328
2022-12-01,25.377246856689453
2022-12-02,25.316396713256836
2022-12-05,24.838232040405273
2022-12-06,24.620885848999023
2022-12-07,24.664356231689453
2022-12-08,24.838232040405273
2022-12-09,24.794763565063477
2022-12-12,24.986026763916016
2022-12-13,25.446796417236328
2022-12-14,25.26422691345215
2022-12-15,24.925167083740234
2022-12-16,24.281831741333008
2022-12-19,23.977548599243164
2022-12-20,23.916688919067383
2022-12-21,24.116779327392578
2022-12-22,24.028635025024414
2022-12-23,24.240184783935547
2022-12-27,24.231369018554688
2022-12-28,23.817087173461914
2022-12-29,24.345958709716797
2022-12-30,24.16085433959961
2023-01-03,24.187299728393555
2023-01-04,24.733802795410156
2023-01-05,24.055078506469727
2023-01-06,24.71617317199707
2023-01-09,24.707359313964844
2023-01-10,24.777875900268555
2023-01-11,25.668153762817383
2023-01-12,25.985477447509766
2023-01-13,25.835630416870117
2023-01-17,25.8973331451416
2023-01-18,25.51830291748047
2023-01-19,25.38608169555664
2023-01-20,25.694597244262695
2023-01-23,25.800373077392578
2023-01-24,25.870891571044922
2023-01-25,25.879701614379883
2023-01-26,26.170583724975586
2023-01-27,26.452651977539062
2023-01-30,26.11769676208496
2023-01-31,26.673015594482422
2023-02-01,26.840496063232422
2023-02-02,27.43988609313965
2023-02-03,26.919828414916992
2023-02-06,26.73472023010254
2023-02-07,26.664203643798828
2023-02-08,26.54079818725586
2023-02-09,26.249914169311523
2023-02-10,26.346878051757812
2023-02-13,26.584871292114258
2023-02-14,26.3645076751709
2023-02-15,26.47028350830078
2023-02-16,26.223468780517578
2023-02-17,26.11769676208496
2023-02-21,25.588817596435547
2023-02-22,25.350828170776367
2023-02-23,25.535932540893555
2023-02-24,25.104019165039062
2023-02-27,25.1392765045166
2023-02-28,25.104019165039062
2023-03-01,24.786691665649414
2023-03-02,25.077573776245117
2023-03-03,25.465415954589844
2023-03-06,25.350828170776367
2023-03-07,24.7602481842041
2023-03-08,25.051130294799805
2023-03-09,24.478179931640625
2023-03-10,23.658422470092773
2023-03-13,23.975749969482422
2023-03-14,24.21373748779297
2023-03-15,24.169666290283203
2023-03-16,24.134410858154297
2023-03-17,23.587905883789062
2023-03-20,23.86115837097168
2023-03-21,23.746566772460938
2023-03-22,22.873920440673828
2023-03-23,22.71819305419922
2023-03-24,23.305503845214844
2023-03-27,23.269906997680664
2023-03-28,23.22541618347168
2023-03-29,23.741539001464844
2023-03-30,24.035192489624023
2023-03-31,24.578006744384766
2023-04-03,24.382234573364258
2023-04-04,24.346641540527344
2023-04-05,24.213163375854492
2023-04-06,24.382234573364258
2023-04-10,24.480121612548828
2023-04-11,24.58690643310547
2023-04-12,24.44452476501465
2023-04-13,24.391138076782227
2023-04-14,24.008493423461914
2023-04-17,24.51571273803711
2023-04-18,24.45342445373535
2023-04-19,24.595802307128906
2023-04-20,24.328845977783203
2023-04-21,24.36444091796875
2023-04-24,24.266555786132812
2023-04-25,24.02629280090332
2023-04-26,23.794931411743164
2023-04-27,24.337743759155273
2023-04-28,24.64919662475586
2023-05-01,24.45342445373535
2023-05-02,24.035192489624023
2023-05-03,23.946203231811523
2023-05-04,24.14197540283203
2023-05-05,24.54241180419922
2023-05-08,24.40003204345703
2023-05-09,24.284351348876953
2023-05-10,24.524616241455078
2023-05-11,24.25765609741211
2023-05-12,24.248756408691406
2023-05-15,24.222061157226562
2023-05-16,23.616954803466797
2023-05-17,23.93730354309082
2023-05-18,23.812726974487305
2023-05-19,23.768232345581055
2023-05-22,23.91950798034668
2023-05-23,23.688148498535156
2023-05-24,23.189823150634766
2023-05-25,23.180919647216797
2023-05-26,23.447879791259766
2023-05-30,23.527971267700195
2023-05-31,23.66145133972168
2023-06-01,23.670347213745117
2023-06-02,24.230958938598633
2023-06-05,24.0618896484375
2023-06-06,24.293251037597656
2023-06-07,24.738182067871094
2023-06-08,24.58690643310547
2023-06-09,24.44452476501465
2023-06-12,24.44452476501465
2023-06-13,24.604700088500977
2023-06-14,24.693689346313477
2023-06-15,24.83606719970703
2023-06-16,24.81827163696289
2023-06-20,24.506816864013672
2023-06-21,24.373334884643555
2023-06-22,24.02629280090332
2023-06-23,23.697044372558594
2023-06-26,24.239858627319336
2023-06-27,24.54241180419922
2023-06-28,24.576597213745117
2023-06-29,24.846471786499023
2023-06-30,24.972414016723633
2023-07-03,25.22429656982422
2023-07-05,25.269275665283203
2023-07-06,25.08936309814453
2023-07-07,25.02638816833496
2023-07-10,25.13433837890625
2023-07-11,25.494173049926758
2023-07-12,25.620115280151367
2023-07-13,25.800031661987305
2023-07-14,25.755050659179688
2023-07-17,25.593128204345703
2023-07-18,25.440196990966797
2023-07-19,25.72806167602539
2023-07-20,25.6471004486084
2023-07-21,25.755050659179688
2023-07-24,25.970951080322266
2023-07-25,25.78203773498535
2023-07-26,25.907978057861328
2023-07-27,25.332246780395508
2023-07-28,25.3232479095459
2023-07-31,25.494173049926758
2023-08-01,25.440196990966797
2023-08-02,25.30525779724121
2023-08-03,25.02638816833496
2023-08-04,24.810487747192383
2023-08-07,25.125343322753906
2023-08-08,24.963417053222656
2023-08-09,24.972414016723633
2023-08-10,24.873456954956055
2023-08-11,24.918439865112305
2023-08-14,24.756513595581055
2023-08-15,24.450654983520508
2023-08-16,24.162792205810547
2023-08-17,23.964879989624023
2023-08-18,24.027851104736328
2023-08-21,23.820947647094727
2023-08-22,23.90190887451172
2023-08-23,24.279735565185547
2023-08-24,24.171789169311523
2023-08-25,24.207767486572266
2023-08-28,24.423667907714844
2023-08-29,24.711532592773438
2023-08-30,24.810487747192383
2023-08-31,24.648563385009766
2023-09-01,24.657562255859375
2023-09-05,24.37868881225586
2023-09-06,24.342702865600586
2023-09-07,24.486637115478516
2023-09-08,24.36969566345215
2023-09-11,24.37868881225586
2023-09-12,24.37868881225586
2023-09-13,24.108814239501953
2023-09-14,24.549610137939453
2023-09-15,24.450654983520508
2023-09-18,24.22576141357422
2023-09-19,24.11781120300293
2023-09-20,24.153791427612305
2023-09-21,23.317180633544922
2023-09-22,23.146259307861328
2023-09-25,23.11927604675293
2023-09-26,22.696470260620117
2023-09-27,22.54303550720215
2023-09-28,22.77908706665039
2023-09-29,22.83356475830078
2023-10-02,22.425010681152344
2023-10-03,21.9710636138916
2023-10-04,22.234346389770508
2023-10-05,22.361454010009766
2023-10-06,22.415929794311523
2023-10-09,22.688297271728516
2023-10-10,22.78816795349121
2023-10-11,23.178560256958008
2023-10-12,22.83356475830078
2023-10-13,22.78816795349121
2023-10-16,23.051454544067383
2023-10-17,23.015140533447266
2023-10-18,22.51579475402832
2023-10-19,21.980138778686523
2023-10-20,21.843957901000977
2023-10-23,21.635141372680664
2023-10-24,21.89842987060547
2023-10-25,21.44448471069336
2023-10-26,21.85303497314453
2023-10-27,21.49895477294922
2023-10-30,21.62605857849121
2023-10-31,22.016454696655273
2023-11-01,22.1435604095459
2023-11-02,22.869876861572266
2023-11-03,23.405534744262695
2023-11-06,23.078693389892578
2023-11-07,22.869876861572266
2023-11-08,22.96066665649414
2023-11-09,22.588428497314453
2023-11-10,22.81540298461914
2023-11-13,22.61566734313965
2023-11-14,23.877641677856445
2023-11-15,23.93211555480957
2023-11-16,23.886720657348633
2023-11-17,23.868560791015625
2023-11-20,24.031980514526367
2023-11-21,23.877641677856445
2023-11-22,23.986589431762695
2023-11-24,24.077375411987305
2023-11-27,24.159088134765625
2023-11-28,24.304349899291992
2023-11-29,24.467771530151367
2023-11-30,24.658430099487305
2023-12-01,25.257640838623047
2023-12-04,25.430143356323242
2023-12-05,25.266721725463867
2023-12-06,25.194089889526367
2023-12-07,25.266721725463867
2023-12-08,25.23040771484375
2023-12-11,25.30303192138672
2023-12-12,25.29395866394043
2023-12-13,26.24724769592285
2023-12-14,27.009878158569336
2023-12-15,26.664878845214844
2023-12-18,26.56501007080078
2023-12-19,26.76474380493164
2023-12-20,26.431255340576172
2023-12-21,26.67930793762207
2023-12-22,26.761987686157227
2023-12-26,26.982481002807617
2023-12-27,27.120285034179688
2023-12-28,27.294841766357422
2023-12-29,27.294841766357422
2024-01-02,27.20296859741211
2024-01-03,26.550687789916992
2024-01-04,26.49556541442871
2024-01-05,26.431255340576172
2024-01-08,26.826297760009766
2024-01-09,26.63336944580078
2024-01-10,26.67011833190918
2024-01-11,26.422067642211914
2024-01-12,26.59662437438965
2024-01-16,26.40369415283203
2024-01-17,25.907590866088867
2024-01-18,25.760597229003906
2024-01-19,26.063772201538086
2024-01-22,26.210765838623047
2024-01-23,26.054582595825195
2024-01-24,25.68709945678711
2024-01-25,25.999460220336914
2024-01-26,25.93515396118164
2024-01-29,26.118896484375
2024-01-30,25.87084197998047
2024-01-31,25.631975173950195
2024-02-01,26.08214569091797
2024-02-02,25.742225646972656
2024-02-05,25.21855926513672
2024-02-06,25.567670822143555
2024-02-07,25.521732330322266
2024-02-08,25.72385025024414
2024-02-09,25.778972625732422
2024-02-12,25.751413345336914
2024-02-13,25.227745056152344
2024-02-14,25.42067527770996
2024-02-15,26.027021408081055
2024-02-16,25.769784927368164
2024-02-20,25.696287155151367
2024-02-21,25.85247039794922
2024-02-22,25.907590866088867
2024-02-23,25.880029678344727
2024-02-26,25.595230102539062
2024-02-27,25.641162872314453
2024-02-28,25.89840316772461
2024-02-29,26.13726806640625
2024-03-01,26.40369415283203
2024-03-04,26.65174674987793
2024-03-05,26.339384078979492
2024-03-06,26.468006134033203
2024-03-07,26.486377716064453
2024-03-08,26.771177291870117
2024-03-11,26.660934448242188
2024-03-12,26.578250885009766
2024-03-13,26.449630737304688
2024-03-14,26.04539680480957
2024-03-15,26.01783561706543
2024-03-18,26.00864601135254
2024-03-19,26.01783561706543
2024-03-20,26.183204650878906
2024-03-21,26.376131057739258
2024-03-22,26.026033401489258
2024-03-25,25.905624389648438
2024-03-26,25.77596092224121
2024-03-27,26.433557510375977
2024-03-28,26.637317657470703
2024-04-01,26.164958953857422
2024-04-02,25.840789794921875
2024-04-03,25.859315872192383
2024-04-04,25.692602157592773
2024-04-05,25.840789794921875
2024-04-08,26.118650436401367
2024-04-09,26.452077865600586
2024-04-10,25.37769317626953
2024-04-11,25.42400550842285
2024-04-12,25.155405044555664
2024-04-15,24.738622665405273
2024-04-16,24.377405166625977
2024-04-17,24.192169189453125
2024-04-18,24.210693359375
2024-04-19,24.331096649169922
2024-04-22,24.53485870361328
2024-04-23,24.76641082763672
2024-04-24,24.803457260131836
2024-04-25,24.655263900756836
2024-04-26,24.67378807067871
2024-04-29,24.933124542236328
2024-04-30,24.497812271118164
2024-05-01,24.53485870361328
2024-05-02,24.868288040161133
2024-05-03,25.044267654418945
2024-05-06,25.062789916992188
2024-05-07,25.285076141357422
2024-05-08,25.062789916992188
2024-05-09,25.58146095275879
2024-05-10,25.507362365722656
2024-05-13,25.59071922302246
2024-05-14,25.785221099853516
2024-05-15,26.155696868896484
2024-05-16,26.118650436401367
2024-05-17,26.127910614013672
2024-05-20,25.961200714111328
2024-05-21,25.951936721801758
2024-05-22,25.72964859008789
2024-05-23,25.173933029174805
2024-05-24,25.183195114135742
2024-05-28,25.016481399536133
2024-05-29,24.77566909790039
2024-05-30,25.155405044555664
2024-05-31,25.618507385253906
2024-06-03,25.553672790527344
2024-06-04,25.748170852661133
2024-06-05,25.720386505126953
2024-06-06,25.76669692993164
2024-06-07,25.535146713256836
2024-06-10,25.5999813079834
2024-06-11,25.51662254333496
2024-06-12,25.757434844970703
2024-06-13,25.859315872192383
2024-06-14,25.850051879882812
2024-06-17,25.748170852661133
2024-06-18,25.850051879882812
2024-06-20,25.785221099853516
2024-06-21,25.859315872192383
2024-06-24,26.0445556640625
2024-06-25,25.692602157592773
2024-06-26,25.64629364013672
2024-06-27,25.8963623046875
2024-06-28,26.12319564819336
2024-07-01,25.85137176513672
2024-07-02,25.954477310180664
2024-07-03,25.973224639892578
2024-07-05,26.029462814331055
2024-07-08,26.085702896118164
2024-07-09,26.085702896118164
2024-07-10,26.301284790039062
2024-07-11,27.032398223876953
2024-07-12,27.247983932495117
2024-07-15,27.42607307434082
2024-07-16,27.76350975036621
2024-07-17,27.95097541809082
2024-07-18,27.7072696685791
2024-07-19,27.6604061126709
2024-07-22,27.94160270690918
2024-07-23,27.932228088378906
2024-07-24,27.510433197021484
2024-07-25,27.41670036315918
2024-07-26,27.904109954833984
2024-07-29,28.044708251953125
2024-07-30,28.269662857055664
2024-07-31,28.138439178466797
2024-08-01,28.457130432128906
2024-08-02,28.41963768005371
2024-08-05,27.5760440826416
2024-08-06,28.185304641723633
2024-08-07,27.960350036621094
2024-08-08,28.250917434692383
2024-08-09,28.372774124145508
2024-08-12,28.15718650817871
2024-08-13,28.400888442993164
2024-08-14,28.49462127685547
2024-08-15,28.457130432128906
2024-08-16,28.447757720947266
2024-08-19,28.672714233398438
2024-08-20,28.653966903686523
2024-08-21,28.794567108154297
2024-08-22,28.89767074584961
2024-08-23,29.506933212280273
2024-08-26,29.497556686401367
2024-08-27,29.544424057006836
2024-08-28,29.44131851196289
2024-08-29,29.338211059570312
2024-08-30,29.6287841796875
2024-09-03,29.619407653808594
2024-09-04,29.69439697265625
2024-09-05,29.600662231445312
2024-09-06,29.58191680908203
2024-09-09,29.88186264038086
2024-09-10,30.331777572631836
2024-09-11,30.284912109375
2024-09-12,30.406761169433594
2024-09-13,30.716079711914062
2024-09-16,30.82855796813965
2024-09-17,30.603599548339844
2024-09-18,30.56610679626465
2024-09-19,30.575477600097656
2024-09-20,30.462997436523438
2024-09-23,30.772319793701172
2024-09-24,30.78169059753418
2024-09-25,30.603599548339844
2024-09-26,30.331777572631836
2024-09-27,30.378076553344727
2024-09-30,30.595401763916016
2024-10-01,30.396970748901367
2024-10-02,30.26468849182129
2024-10-03,30.009572982788086
2024-10-04,29.858386993408203
2024-10-07,29.61271858215332
2024-10-08,29.65995979309082
2024-10-09,29.669410705566406
2024-10-10,29.442638397216797
2024-10-11,29.754451751708984
2024-10-14,29.943429946899414
2024-10-15,30.302486419677734
2024-10-16,30.62374496459961
2024-10-17,30.406421661376953
2024-10-18,30.62374496459961
2024-10-21,30.009572982788086
2024-10-22,30.047367095947266
2024-10-23,30.302486419677734
2024-10-24,30.35917854309082
2024-10-25,30.085161209106445
2024-10-28,30.170202255249023
2024-10-29,29.924531936645508
2024-10-30,30.056814193725586
2024-10-31,29.556026458740234
2024-11-01,29.244213104248047
2024-11-04,29.565473556518555
2024-11-05,29.971773147583008
2024-11-06,29.3481502532959
2024-11-07,29.67885971069336
2024-11-08,30.113510131835938
2024-11-11,29.962324142456055
2024-11-12,29.556026458740234
2024-11-13,29.71665382385254
2024-11-14,29.42374038696289
2024-11-15,29.45208740234375
2024-11-18,29.6505126953125
2024-11-19,29.820592880249023
2024-11-20,29.763898849487305
2024-11-21,29.98122215270996
2024-11-22,30.22689437866211
2024-11-25,30.63319206237793
2024-11-26,30.756027221679688
2024-11-27,30.945009231567383
2024-11-29,30.78437614440918
2024-12-02,30.387523651123047
2024-12-03,30.22689437866211
2024-12-04,30.151302337646484
2024-12-05,30.056814193725586
2024-12-06,30.037918090820312
2024-12-09,30.10405921936035
2024-12-10,29.65995979309082
2024-12-11,29.603269577026367
2024-12-12,29.556026458740234
2024-12-13,29.461536407470703
2024-12-16,29.367048263549805
2024-12-17,29.215864181518555
2024-12-18,28.025310516357422
2024-12-19,27.581214904785156
2024-12-20,28.053659439086914
2024-12-23,28.162378311157227
2024-12-24,28.372188568115234
2024-12-26,28.410337448120117
2024-12-27,28.133766174316406
2024-12-30,28.00025177001953
2024-12-31,28.248210906982422
2025-01-02,27.990713119506836
2025-01-03,28.35311508178711
2025-01-06,27.971641540527344
2025-01-07,27.733219146728516
2025-01-08,27.799978256225586
2025-01-10,27.141931533813477
2025-01-13,27.456649780273438
2025-01-14,27.695072174072266
2025-01-15,27.86673355102539
2025-01-16,28.42940902709961
2025-01-17,28.438945770263672
2025-01-21,28.944400787353516
2025-01-22,28.448482513427734
2025-01-23,28.658294677734375
2025-01-24,28.763200759887695
2025-01-27,29.116064071655273
2025-01-28,28.78227424621582
2025-01-29,28.381723403930664
2025-01-30,28.78227424621582
2025-01-31,28.71551513671875
2025-02-03,28.620147705078125
2025-02-04,28.639223098754883
2025-02-05,29.049304962158203
2025-02-06,29.14467430114746
2025-02-07,29.03023338317871
2025-02-10,29.03023338317871
2025-02-11,29.163747787475586
2025-02-12,28.868106842041016
2025-02-13,29.163747787475586
2025-02-14,29.039772033691406
2025-02-18,29.17328643798828
2025-02-19,29.182823181152344
2025-02-20,29.31633949279785
2025-02-21,29.039772033691406
2025-02-24,29.163747787475586
2025-02-25,29.516613006591797
2025-02-26,29.383094787597656
2025-02-27,29.507076263427734
2025-02-28,29.755033493041992
2025-03-03,29.898088455200195
2025-03-04,29.54522132873535
2025-03-05,29.85993766784668
2025-03-06,29.09699058532715
2025-03-07,29.306800842285156
2025-03-10,28.992082595825195
2025-03-11,28.667831420898438
2025-03-12,28.58199691772461
2025-03-13,28.01932144165039
2025-03-14,28.58199691772461
2025-03-17,29.049304962158203
2025-03-18,28.906253814697266
2025-03-19,28.944400787353516
2025-03-20,28.915790557861328
2025-03-21,28.610610961914062
2025-03-24,29.049304962158203
2025-03-25,28.720874786376953
2025-03-26,28.855712890625
2025-03-27,28.759403228759766
2025-03-28,28.740137100219727
2025-03-31,28.990554809570312
2025-04-01,29.019447326660156
2025-04-02,29.173553466796875
2025-04-03,28.20077896118164
2025-04-04,26.95832633972168
2025-04-07,26.235971450805664
2025-04-08,25.542509078979492
2025-04-09,27.073904037475586
2025-04-10,26.438232421875
2025-04-11,26.794591903686523
2025-04-14,27.343582153320312
2025-04-15,27.420635223388672
2025-04-16,27.382110595703125
2025-04-17,27.7962589263916
2025-04-21,27.21837615966797
2025-04-22,27.757734298706055
2025-04-23,27.805892944335938
2025-04-24,27.8925724029541
2025-04-25,27.854047775268555
2025-04-28,28.037044525146484
2025-04-29,28.162254333496094
2025-04-30,28.30672264099121
2025-05-01,28.374143600463867
2025-05-02,28.740137100219727
2025-05-05,28.643823623657227
2025-05-06,28.451194763183594
2025-05-07,28.451194763183594
2025-05-08,28.34524917602539
2025-05-09,28.518617630004883
2025-05-12,28.672719955444336
2025-05-13,28.32598876953125
2025-05-14,28.056306838989258
2025-05-15,28.547508239746094
2025-05-16,28.903871536254883
2025-05-19,28.92313575744629
2025-05-20,28.74976921081543
2025-05-21,27.969627380371094
2025-05-22,27.854047775268555
2025-05-23,27.873310089111328
2025-05-27,28.354883193969727
2025-05-28,28.32598876953125
2025-05-29,28.576404571533203
2025-05-30,28.60529899597168
2025-06-02,28.624561309814453
2025-06-03,28.55714225769043
2025-06-04,28.634193420410156
2025-06-05,28.61492919921875
2025-06-06,28.76903533935547
2025-06-09,28.797927856445312
2025-06-10,29.057973861694336
2025-06-11,28.894241333007812
2025-06-12,29.038713455200195
2025-06-13,28.759403228759766
2025-06-16,28.76903533935547
2025-06-17,28.682350158691406
2025-06-18,28.778663635253906
2025-06-20,28.759403228759766
2025-06-23,29.163921356201172
2025-06-24,29.163921356201172
2025-06-25,28.547508239746094
2025-06-26,28.51639747619629
2025-06-27,28.603900909423828
2025-06-30,28.778907775878906
2025-07-01,28.963638305664062
2025-07-02,29.05113983154297
2025-07-03,29.099754333496094
2025-07-07,28.837244033813477
2025-07-08,28.808074951171875
2025-07-09,28.82752227783203
2025-07-10,29.012248992919922
2025-07-11,29.002527236938477
2025-07-14,29.187257766723633
2025-07-15,28.76918601989746
2025-07-16,29.05113983154297
2025-07-17,28.983081817626953
2025-07-18,29.070587158203125
2025-07-21,29.16781234741211
2025-07-22,29.6831111907959
2025-07-23,29.731721878051758
2025-07-24,29.634496688842773
2025-07-25,29.64422035217285
2025-07-28,29.15808868408203
2025-07-29,29.64422035217285
2025-07-30,29.206703186035156
2025-07-31,28.808074951171875
2025-08-01,28.740015029907227
2025-08-04,29.03169822692871
2025-08-05,29.138643264770508
2025-08-06,28.93446922302246
2025-08-07,29.002527236938477
2025-08-08,28.749740600585938
2025-08-11,28.574731826782227
2025-08-12,28.740015029907227
2025-08-13,29.02197265625
2025-08-14,28.808074951171875
2025-08-15,28.963638305664062
2025-08-18,28.720571517944336
2025-08-19,29.226146697998047
2025-08-20,29.30392837524414
2025-08-21,29.21642303466797
2025-08-22,29.780336380004883
2025-08-25,29.61505126953125
2025-08-26,29.52754783630371
2025-08-27,29.712278366088867
2025-08-28,29.634496688842773
2025-08-29,29.790058135986328
2025-09-02,29.30392837524414
2025-09-03,29.323373794555664
2025-09-04,29.546993255615234
2025-09-05,29.867839813232422
2025-09-08,29.692832946777344
2025-09-09,29.624774932861328
2025-09-10,29.576160430908203
2025-09-11,30.130348205566406
2025-09-12,29.984512329101562
2025-09-15,29.926176071166992
2025-09-16,29.76089096069336
2025-09-17,29.741445541381836
2025-09-18,29.80950164794922
2025-09-19,29.624774932861328
2025-09-22,29.61505126953125
2025-09-23,29.780336380004883
2025-09-24,29.47518539428711
2025-09-25,29.4064998626709
2025-09-26,29.69104766845703
2025-09-29,29.70085906982422
2025-09-30,29.838226318359375
2025-10-01,29.848037719726562
2025-10-02,29.70085906982422
2025-10-03,29.818603515625
2025-10-06,29.534055709838867
2025-10-07,29.416311264038086
2025-10-08,29.269132614135742
2025-10-09,29.112140655517578
2025-10-10,28.758909225463867
2025-10-13,28.92571258544922
2025-10-14,29.22007179260254
2025-10-15,29.63217544555664
2025-10-16,29.543867111206055
2025-10-17,29.730295181274414
2025-10-20,30.034467697143555
2025-10-21,29.94615936279297
2025-10-22,30.073713302612305
2025-10-23,30.044279098510742
2025-10-24,30.142396926879883
2025-10-27,30.22089195251465
2025-10-28,29.612550735473633
2025-10-29,28.86684226989746
2025-10-30,29.004207611083984
2025-10-31,29.072891235351562
2025-11-03,29.043455123901367
2025-11-04,29.082704544067383
2025-11-05,29.112140655517578
2025-11-06,28.974773406982422
2025-11-07,29.426124572753906
2025-11-10,29.396686553955078
2025-11-11,29.7401065826416
2025-11-12,29.504619598388672
2025-11-13,29.151386260986328
2025-11-14,29.20044708251953
2025-11-17,28.974773406982422
2025-11-18,29.082704544067383
2025-11-19,28.85702896118164
2025-11-20,28.73928451538086
2025-11-21,29.21026039123535
2025-11-24,29.288755416870117
2025-11-25,29.543867111206055
2025-11-26,29.68123435974121
2025-11-28,29.769542694091797
2025-12-01,29.426124572753906
2025-12-02,29.33781623840332
2025-12-03,29.4064998626709
2025-12-04,29.33781623840332
2025-12-05,29.298568725585938
2025-12-08,29.072891235351562
2025-12-09,28.974773406982422
2025-12-10,29.063081741333008
2025-12-11,29.190637588500977
2025-12-12,29.16119956970215
2025-12-15,29.259321212768555
2025-12-16,29.043455123901367
2025-12-17,29.151386260986328
2025-12-18,28.98458480834961
2025-12-19,28.886465072631836
2025-12-22,29.040874481201172
2025-12-23,29.011180877685547
2025-12-24,29.209142684936523
2025-12-26,29.23883628845215
2025-12-29,29.2982234954834
2025-12-30,29.35761260986328
2025-12-31,29.11016082763672
2026-01-02,29.12995719909668
2026-01-05,29.179447174072266
2026-01-06,29.397205352783203
2026-01-07,29.11016082763672
2026-01-08,29.367509841918945
2026-01-09,29.436796188354492
2026-01-12,29.476388931274414
2026-01-13,29.644657135009766
2026-01-14,29.90200424194336
2026-01-15,30.10986328125
2026-01-16,30.46619415283203
2026-01-20,29.90200424194336
2026-01-21,30.03067970275879
2026-01-22,29.723840713500977
2026-01-23,29.783227920532227
2026-01-26,29.733739852905273
2026-01-27,29.723840713500977
2026-01-28,29.426898956298828
2026-01-29,29.852514266967773
2026-01-30,29.872310638427734
2026-02-02,29.555574417114258
2026-02-03,29.496183395385742
2026-02-04,29.931699752807617
2026-02-05,29.892107009887695
2026-02-06,30.3474178314209
2026-02-09,30.476093292236328
2026-02-10,30.87201499938965
2026-02-11,30.713645935058594
2026-02-12,30.664154052734375
2026-02-13,31.109567642211914
2026-02-17,31.40650749206543
2026-02-18,31.040281295776367
2026-02-19,30.980892181396484
2026-02-20,31.208547592163086
2026-02-23,31.198650360107422
2026-02-24,31.28773307800293
2026-02-25,31.198650360107422
2026-02-26,31.42630386352539
2026-02-27,31.475793838500977
2026-03-02,31.554977416992188
2026-03-03,31.376815795898438
2026-03-04,31.42630386352539
2026-03-05,31.139259338378906
2026-03-06,30.792829513549805
2026-03-09,30.832420349121094
2026-03-10,30.792829513549805
2026-03-11,30.476093292236328
2026-03-12,30.268232345581055
2026-03-13,30.31772232055664
2026-03-16,30.565174102783203
2026-03-17,30.693849563598633
2026-03-18,30.23853874206543
2026-03-19,30.12965965270996
2026-03-20,29.18934440612793
2026-03-23,29.41699981689453
2026-03-24,29.209999084472656
2026-03-25,29.18000030517578
2026-03-26,29.15999984741211
2026-03-27,28.93000030517578
2026-03-30,29.040000915527344
2026-03-31,29.479999542236328
2026-04-01,29.59000015258789
2026-04-02,29.989999771118164
2026-04-06,30.030000686645508
2026-04-07,30.079999923706055
2026-04-08,30.600000381469727
2026-04-09,30.829999923706055
2026-04-10,30.90999984741211
2026-04-13,31.040000915527344
2026-04-14,31.31999969482422
2026-04-15,31.350000381469727
2026-04-16,31.639999389648438
2026-04-17,32.13999938964844
2026-04-20,32.25
2026-04-21,31.670000076293945
2026-04-22,31.420000076293945
2026-04-23,31.75
2026-04-24,31.670000076293945
2026-04-27,31.489999771118164
2026-04-28,31.780000686645508
2026-04-29,31.530000686645508
2026-04-30,32.0
2026-05-01,31.93000030517578
2026-05-04,31.709999084472656
2026-05-05,31.81999969482422
2026-05-06,32.2599983215332
2026-05-07,32.040000915527344
2026-05-08,32.119998931884766
2026-05-11,32.119998931884766
2026-05-12,32.119998931884766
2026-05-13,31.860000610351562
2026-05-14,31.670000076293945
2026-05-15,31.200000762939453
2026-05-18,31.56999969482422
2026-05-19,31.670000076293945
2026-05-20,32.08000183105469
2026-05-21,32.130001068115234
2026-05-22,32.15999984741211
