Date,Close
1996-04-29,4.762533187866211
1996-04-30,4.757893085479736
1996-05-01,4.734684944152832
1996-05-02,4.730038642883301
1996-05-03,4.711474418640137
1996-05-06,4.706832408905029
1996-05-07,4.692905902862549
1996-05-08,4.692905902862549
1996-05-09,4.692905902862549
1996-05-10,4.683623313903809
1996-05-13,4.6696977615356445
1996-05-14,4.674338340759277
1996-05-15,4.702191352844238
1996-05-16,4.697548866271973
1996-05-17,4.711474418640137
1996-05-20,4.702191352844238
1996-05-21,4.706832408905029
1996-05-22,4.692905902862549
1996-05-23,4.674338340759277
1996-05-24,4.665055751800537
1996-05-28,4.665055751800537
1996-05-29,4.6696977615356445
1996-05-30,4.688263893127441
1996-05-31,4.716115474700928
1996-06-03,4.683623313903809
1996-06-04,4.688263893127441
1996-06-05,4.692905902862549
1996-06-06,4.692905902862549
1996-06-07,4.6604132652282715
1996-06-10,4.665055751800537
1996-06-11,4.6696977615356445
1996-06-12,4.688263893127441
1996-06-13,4.678980350494385
1996-06-14,4.706832408905029
1996-06-17,4.706832408905029
1996-06-18,4.739325046539307
1996-06-19,4.734684944152832
1996-06-20,4.725400924682617
1996-06-21,4.720755100250244
1996-06-24,4.734684944152832
1996-06-25,4.725400924682617
1996-06-26,4.734684944152832
1996-06-27,4.725400924682617
1996-06-28,4.739325046539307
1996-07-01,4.734684944152832
1996-07-02,4.720755100250244
1996-07-03,4.711474418640137
1996-07-05,4.697548866271973
1996-07-08,4.651130199432373
1996-07-09,4.674338340759277
1996-07-10,4.6604132652282715
1996-07-11,4.655772686004639
1996-07-12,4.613994598388672
1996-07-15,4.595426559448242
1996-07-16,4.5675764083862305
1996-07-17,4.586145401000977
1996-07-18,4.609354496002197
1996-07-19,4.627921104431152
1996-07-22,4.5815019607543945
1996-07-23,4.586145401000977
1996-07-24,4.511875629425049
1996-07-25,4.544366836547852
1996-07-26,4.544366836547852
1996-07-29,4.539723873138428
1996-07-30,4.535082817077637
1996-07-31,4.576859474182129
1996-08-01,4.609354496002197
1996-08-02,4.632561683654785
1996-08-05,4.655772686004639
1996-08-06,4.6186370849609375
1996-08-07,4.600069522857666
1996-08-08,4.609354496002197
1996-08-09,4.595426559448242
1996-08-12,4.609354496002197
1996-08-13,4.6232781410217285
1996-08-14,4.6186370849609375
1996-08-15,4.6186370849609375
1996-08-16,4.6186370849609375
1996-08-19,4.627921104431152
1996-08-20,4.641846656799316
1996-08-21,4.665055751800537
1996-08-22,4.674338340759277
1996-08-23,4.678980350494385
1996-08-26,4.6696977615356445
1996-08-27,4.674338340759277
1996-08-28,4.6604132652282715
1996-08-29,4.627921104431152
1996-08-30,4.604711055755615
1996-09-03,4.562935829162598
1996-09-04,4.586145401000977
1996-09-05,4.595426559448242
1996-09-06,4.5815019607543945
1996-09-09,4.595426559448242
1996-09-10,4.595426559448242
1996-09-11,4.5815019607543945
1996-09-12,4.590785980224609
1996-09-13,4.627921104431152
1996-09-16,4.651130199432373
1996-09-17,4.678980350494385
1996-09-18,4.683623313903809
1996-09-19,4.688263893127441
1996-09-20,4.674338340759277
1996-09-23,4.655772686004639
1996-09-24,4.6604132652282715
1996-09-25,4.697548866271973
1996-09-26,4.697548866271973
1996-09-27,4.706832408905029
1996-09-30,4.720755100250244
1996-10-01,4.730038642883301
1996-10-02,4.743967533111572
1996-10-03,4.725400924682617
1996-10-04,4.720755100250244
1996-10-07,4.725400924682617
1996-10-08,4.720755100250244
1996-10-09,4.702191352844238
1996-10-10,4.692905902862549
1996-10-11,4.697548866271973
1996-10-14,4.716115474700928
1996-10-15,4.743967533111572
1996-10-16,4.734684944152832
1996-10-17,4.734684944152832
1996-10-18,4.762533187866211
1996-10-21,4.748610973358154
1996-10-22,4.730038642883301
1996-10-23,4.711474418640137
1996-10-24,4.702191352844238
1996-10-25,4.683623313903809
1996-10-28,4.678980350494385
1996-10-29,4.674338340759277
1996-10-30,4.674338340759277
1996-10-31,4.665055751800537
1996-11-01,4.674338340759277
1996-11-04,4.678980350494385
1996-11-05,4.683623313903809
1996-11-06,4.725400924682617
1996-11-07,4.739325046539307
1996-11-08,4.767177104949951
1996-11-11,4.7718186378479
1996-11-12,4.7903852462768555
1996-11-13,4.781103134155273
1996-11-14,4.804311752319336
1996-11-15,4.827518463134766
1996-11-18,4.822878837585449
1996-11-19,4.836802959442139
1996-11-20,4.860013008117676
1996-11-21,4.860013008117676
1996-11-22,4.87393856048584
1996-11-25,4.869297504425049
1996-11-26,4.87393856048584
1996-11-27,4.855368614196777
1996-11-29,4.841444492340088
1996-12-02,4.813595771789551
1996-12-03,4.795026779174805
1996-12-04,4.78574275970459
1996-12-05,4.822878837585449
1996-12-06,4.730038642883301
1996-12-09,4.753249168395996
1996-12-10,4.78574275970459
1996-12-11,4.748610973358154
1996-12-12,4.716115474700928
1996-12-13,4.678980350494385
1996-12-16,4.711474418640137
1996-12-17,4.711474418640137
1996-12-18,4.706832408905029
1996-12-19,4.688263893127441
1996-12-20,4.730038642883301
1996-12-23,4.739325046539307
1996-12-24,4.706832408905029
1996-12-26,4.720755100250244
1996-12-27,4.742011547088623
1996-12-30,4.760903835296631
1996-12-31,4.789241790771484
1997-01-02,4.742011547088623
1997-01-03,4.746734142303467
1997-01-06,4.77507209777832
1997-01-07,4.760903835296631
1997-01-08,4.751458168029785
1997-01-09,4.708950042724609
1997-01-10,4.647548675537109
1997-01-13,4.699504375457764
1997-01-14,4.723119258880615
1997-01-15,4.742011547088623
1997-01-16,4.765627861022949
1997-01-17,4.751458168029785
1997-01-20,4.704226493835449
1997-01-21,4.6806111335754395
1997-01-22,4.704226493835449
1997-01-23,4.699504375457764
1997-01-24,4.666442394256592
1997-01-27,4.623931884765625
1997-01-28,4.614487648010254
1997-01-29,4.619209289550781
1997-01-30,4.619209289550781
1997-01-31,4.675886154174805
1997-02-03,4.666442394256592
1997-02-04,4.6806111335754395
1997-02-05,4.675886154174805
1997-02-06,4.671164035797119
1997-02-07,4.661718368530273
1997-02-10,4.718396186828613
1997-02-11,4.704226493835449
1997-02-12,4.718396186828613
1997-02-13,4.727841854095459
1997-02-14,4.742011547088623
1997-02-18,4.723119258880615
1997-02-19,4.723119258880615
1997-02-20,4.765627861022949
1997-02-21,4.779797077178955
1997-02-24,4.803410530090332
1997-02-25,4.827027797698975
1997-02-26,4.793965816497803
1997-02-27,4.793965816497803
1997-02-28,4.760903835296631
1997-03-03,4.732564449310303
1997-03-04,4.746734142303467
1997-03-05,4.742011547088623
1997-03-06,4.742011547088623
1997-03-07,4.746734142303467
1997-03-10,4.784520149230957
1997-03-11,4.798688888549805
1997-03-12,4.756179332733154
1997-03-13,4.718396186828613
1997-03-14,4.723119258880615
1997-03-17,4.694780349731445
1997-03-18,4.704226493835449
1997-03-19,4.718396186828613
1997-03-20,4.6569952964782715
1997-03-21,4.694780349731445
1997-03-24,4.671164035797119
1997-03-25,4.713672161102295
1997-03-26,4.746734142303467
1997-03-27,4.765627861022949
1997-03-31,4.756179332733154
1997-04-01,4.675886154174805
1997-04-02,4.685333251953125
1997-04-03,4.661718368530273
1997-04-04,4.647548675537109
1997-04-07,4.62865686416626
1997-04-08,4.642826557159424
1997-04-09,4.633378028869629
1997-04-10,4.619209289550781
1997-04-11,4.605041980743408
1997-04-14,4.567254066467285
1997-04-15,4.605041980743408
1997-04-16,4.6381025314331055
1997-04-17,4.6522746086120605
1997-04-18,4.675886154174805
1997-04-21,4.718396186828613
1997-04-22,4.708950042724609
1997-04-23,4.737288951873779
1997-04-24,4.737288951873779
1997-04-25,4.708950042724609
1997-04-28,4.694780349731445
1997-04-29,4.723119258880615
1997-04-30,4.765627861022949
1997-05-01,4.798688888549805
1997-05-02,4.817583084106445
1997-05-05,4.841198444366455
1997-05-06,4.935659885406494
1997-05-07,4.940379619598389
1997-05-08,4.954552173614502
1997-05-09,4.997058391571045
1997-05-12,5.0631842613220215
1997-05-13,5.0820770263671875
1997-05-14,5.096243858337402
1997-05-15,5.1056928634643555
1997-05-16,5.1434760093688965
1997-05-19,5.119858741760254
1997-05-20,5.152923107147217
1997-05-21,5.152923107147217
1997-05-22,5.115137100219727
1997-05-23,5.148199558258057
1997-05-27,5.134030342102051
1997-05-28,5.152923107147217
1997-05-29,5.1434760093688965
1997-05-30,5.0773539543151855
1997-06-02,5.115137100219727
1997-06-03,5.129306793212891
1997-06-04,5.138753414154053
1997-06-05,5.1576457023620605
1997-06-06,5.176540374755859
1997-06-09,5.233214855194092
1997-06-10,5.233214855194092
1997-06-11,5.256831645965576
1997-06-12,5.252107620239258
1997-06-13,5.256831645965576
1997-06-16,5.299339294433594
1997-06-17,5.266276836395264
1997-06-18,5.271003246307373
1997-06-19,5.294616222381592
1997-06-20,5.299339294433594
1997-06-23,5.30406379699707
1997-06-24,5.313508987426758
1997-06-25,5.393800735473633
1997-06-26,5.4032487869262695
1997-06-27,5.365463733673096
1997-06-30,5.351291656494141
1997-07-01,5.37018346786499
1997-07-02,5.384355545043945
1997-07-03,5.450479030609131
1997-07-07,5.455203056335449
1997-07-08,5.445755481719971
1997-07-09,5.441033840179443
1997-07-10,5.4363112449646
1997-07-11,5.4363112449646
1997-07-14,5.450479030609131
1997-07-15,5.4032487869262695
1997-07-16,5.464649200439453
1997-07-17,5.469372749328613
1997-07-18,5.412694454193115
1997-07-21,5.37018346786499
1997-07-22,5.4032487869262695
1997-07-23,5.450479030609131
1997-07-24,5.431588649749756
1997-07-25,5.4221415519714355
1997-07-28,5.412694454193115
1997-07-29,5.417417526245117
1997-07-30,5.4268646240234375
1997-07-31,5.4363112449646
1997-08-01,5.3749098777771
1997-08-04,5.313508987426758
1997-08-05,5.280446529388428
1997-08-06,5.341845989227295
1997-08-07,5.356015682220459
1997-08-08,5.3749098777771
1997-08-11,5.30406379699707
1997-08-12,5.313508987426758
1997-08-13,5.299339294433594
1997-08-14,5.256831645965576
1997-08-15,5.247386932373047
1997-08-18,5.185985088348389
1997-08-19,5.195430755615234
1997-08-20,5.233214855194092
1997-08-21,5.242664337158203
1997-08-22,5.171814918518066
1997-08-25,5.152923107147217
1997-08-26,5.148199558258057
1997-08-27,5.115137100219727
1997-08-28,5.053737640380859
1997-08-29,4.968721866607666
1997-09-02,4.968721866607666
1997-09-03,5.049014568328857
1997-09-04,5.0395684242248535
1997-09-05,5.100969314575195
1997-09-08,5.110416412353516
1997-09-09,5.138753414154053
1997-09-10,5.091521739959717
1997-09-11,5.006507396697998
1997-09-12,5.006507396697998
1997-09-15,5.0395684242248535
1997-09-16,5.049014568328857
1997-09-17,5.0773539543151855
1997-09-18,5.091521739959717
1997-09-19,5.100969314575195
1997-09-22,5.110416412353516
1997-09-23,5.119858741760254
1997-09-24,5.20487642288208
1997-09-25,5.209599494934082
1997-09-26,5.20487642288208
1997-09-29,5.214323997497559
1997-09-30,5.242664337158203
1997-10-01,5.256831645965576
1997-10-02,5.256831645965576
1997-10-03,5.275725364685059
1997-10-06,5.275725364685059
1997-10-07,5.271003246307373
1997-10-08,5.275725364685059
1997-10-09,5.219045639038086
1997-10-10,5.214323997497559
1997-10-13,5.223769187927246
1997-10-14,5.209599494934082
1997-10-15,5.200153350830078
1997-10-16,5.23793888092041
1997-10-17,5.167092323303223
1997-10-20,5.110416412353516
1997-10-21,5.129306793212891
1997-10-22,5.100969314575195
1997-10-23,4.930934429168701
1997-10-24,4.92149019241333
1997-10-27,4.793965816497803
1997-10-28,4.614487648010254
1997-10-29,4.808135986328125
1997-10-30,4.723119258880615
1997-10-31,4.765627861022949
1997-11-03,4.845920085906982
1997-11-04,4.850644111633301
1997-11-05,4.845920085906982
1997-11-06,4.817583084106445
1997-11-07,4.694780349731445
1997-11-10,4.675886154174805
1997-11-11,4.6806111335754395
1997-11-12,4.576701641082764
1997-11-13,4.576701641082764
1997-11-14,4.557810306549072
1997-11-17,4.718396186828613
1997-11-18,4.746734142303467
1997-11-19,4.6569952964782715
1997-11-20,4.713672161102295
1997-11-21,4.798688888549805
1997-11-24,4.746734142303467
1997-11-25,4.647548675537109
1997-11-26,4.666442394256592
1997-11-28,4.708950042724609
1997-12-01,4.765627861022949
1997-12-02,4.798688888549805
1997-12-03,4.784520149230957
1997-12-04,4.798688888549805
1997-12-05,4.798688888549805
1997-12-08,4.808135986328125
1997-12-09,4.812855243682861
1997-12-10,4.784520149230957
1997-12-11,4.671164035797119
1997-12-12,4.6569952964782715
1997-12-15,4.6569952964782715
1997-12-16,4.685333251953125
1997-12-17,4.789241790771484
1997-12-18,4.770349502563477
1997-12-19,4.6522746086120605
1997-12-22,4.600316524505615
1997-12-23,4.633378028869629
1997-12-24,4.633378028869629
1997-12-26,4.6381025314331055
1997-12-29,4.71516227722168
1997-12-30,4.758509635925293
1997-12-31,4.7536940574646
1998-01-02,4.7536940574646
1998-01-05,4.74887752532959
1998-01-06,4.700714111328125
1998-01-07,4.681452751159668
1998-01-08,4.6381025314331055
1998-01-09,4.561043739318848
1998-01-12,4.426184177398682
1998-01-13,4.508061408996582
1998-01-14,4.575490474700928
1998-01-15,4.57067346572876
1998-01-16,4.69589900970459
1998-01-20,4.758509635925293
1998-01-21,4.777775764465332
1998-01-22,4.777775764465332
1998-01-23,4.806673526763916
1998-01-26,4.850019454956055
1998-01-27,4.888550281524658
1998-01-28,4.907814979553223
1998-01-29,4.9029998779296875
1998-01-30,4.898182392120361
1998-02-02,4.999326705932617
1998-02-03,5.047487735748291
1998-02-04,5.057122230529785
1998-02-05,5.1197333335876465
1998-02-06,5.129365921020508
1998-02-09,5.1149163246154785
1998-02-10,5.143814563751221
1998-02-11,5.153449058532715
1998-02-12,5.1149163246154785
1998-02-13,5.052304267883301
1998-02-17,5.0956501960754395
1998-02-18,5.1149163246154785
1998-02-19,5.100469589233398
1998-02-20,5.105284690856934
1998-02-23,5.129365921020508
1998-02-24,5.090834140777588
1998-02-25,5.143814563751221
1998-02-26,5.182344436645508
1998-02-27,5.235323905944824
1998-03-02,5.317203044891357
1998-03-03,5.297935485839844
1998-03-04,5.235323905944824
1998-03-05,5.153449058532715
1998-03-06,5.220876216888428
1998-03-09,5.240139961242676
1998-03-10,5.254590034484863
1998-03-11,5.240139961242676
1998-03-12,5.240139961242676
1998-03-13,5.331648349761963
1998-03-16,5.312384605407715
1998-03-17,5.35573148727417
1998-03-18,5.317203044891357
1998-03-19,5.350918292999268
1998-03-20,5.374998092651367
1998-03-23,5.403898239135742
1998-03-24,5.418344497680664
1998-03-25,5.461688995361328
1998-03-26,5.4713239669799805
1998-03-27,5.4713239669799805
1998-03-30,5.38944673538208
1998-03-31,5.403898239135742
1998-04-01,5.418344497680664
1998-04-02,5.399079322814941
1998-04-03,5.394261360168457
1998-04-06,5.461688995361328
1998-04-07,5.461688995361328
1998-04-08,5.480955600738525
1998-04-09,5.553200721740723
1998-04-13,5.543569087982178
1998-04-14,5.596547603607178
1998-04-15,5.606180191040039
1998-04-16,5.505038261413574
1998-04-17,5.476139545440674
1998-04-20,5.5146684646606445
1998-04-21,5.53875207901001
1998-04-22,5.519485950469971
1998-04-23,5.466509819030762
1998-04-24,5.447240829467773
1998-04-27,5.307568550109863
1998-04-28,5.341281890869141
1998-04-29,5.346099376678467
1998-04-30,5.432793140411377
1998-05-01,5.4713239669799805
1998-05-04,5.529121398925781
1998-05-05,5.509857177734375
1998-05-06,5.480955600738525
1998-05-07,5.413527965545654
1998-05-08,5.427976131439209
1998-05-11,5.480955600738525
1998-05-12,5.427976131439209
1998-05-13,5.418344497680664
1998-05-14,5.408712863922119
1998-05-15,5.403898239135742
1998-05-18,5.307568550109863
1998-05-19,5.365365028381348
1998-05-20,5.427976131439209
1998-05-21,5.480955600738525
1998-05-22,5.4857707023620605
1998-05-26,5.480955600738525
1998-05-27,5.360548973083496
1998-05-28,5.350918292999268
1998-05-29,5.350918292999268
1998-06-01,5.293118953704834
1998-06-02,5.331648349761963
1998-06-03,5.370179176330566
1998-06-04,5.370179176330566
1998-06-05,5.38944673538208
1998-06-08,5.403898239135742
1998-06-09,5.394261360168457
1998-06-10,5.307568550109863
1998-06-11,5.206428050994873
1998-06-12,5.138998031616211
1998-06-15,5.018590450286865
1998-06-16,5.071569919586182
1998-06-17,5.235323905944824
1998-06-18,5.278675556182861
1998-06-19,5.269038677215576
1998-06-22,5.2016119956970215
1998-06-23,5.216058731079102
1998-06-24,5.225691795349121
1998-06-25,5.278675556182861
1998-06-26,5.254590034484863
1998-06-29,5.283486843109131
1998-06-30,5.336465835571289
1998-07-01,5.413527965545654
1998-07-02,5.413527965545654
1998-07-06,5.447240829467773
1998-07-07,5.476139545440674
1998-07-08,5.480955600738525
1998-07-09,5.423159122467041
1998-07-10,5.38944673538208
1998-07-13,5.447240829467773
1998-07-14,5.529121398925781
1998-07-15,5.558018684387207
1998-07-16,5.586913108825684
1998-07-17,5.639895915985107
1998-07-20,5.67842435836792
1998-07-21,5.625443935394287
1998-07-22,5.519485950469971
1998-07-23,5.480955600738525
1998-07-24,5.495403289794922
1998-07-27,5.38944673538208
1998-07-28,5.399079322814941
1998-07-29,5.3798136711120605
1998-07-30,5.423159122467041
1998-07-31,5.394261360168457
1998-08-03,5.293118953704834
1998-08-04,5.269038677215576
1998-08-05,5.211243629455566
1998-08-06,5.148632049560547
1998-08-07,5.167895793914795
1998-08-10,5.071569919586182
1998-08-11,4.922266006469727
1998-08-12,4.975244045257568
1998-08-13,4.9318952560424805
1998-08-14,4.951161861419678
1998-08-17,4.9318952560424805
1998-08-18,5.047487735748291
1998-08-19,5.100469589233398
1998-08-20,5.071569919586182
1998-08-21,4.888550281524658
1998-08-24,4.9029998779296875
1998-08-25,4.960795879364014
1998-08-26,4.845204830169678
1998-08-27,4.691080570220947
1998-08-28,4.657366752624512
1998-08-31,4.657366752624512
1998-09-01,4.671816825866699
1998-09-02,4.758509635925293
1998-09-03,4.729611873626709
1998-09-04,4.724796772003174
1998-09-08,4.922266006469727
1998-09-09,4.830754280090332
1998-09-10,4.734429836273193
1998-09-11,4.705531120300293
1998-09-14,4.79222297668457
1998-09-15,4.811490058898926
1998-09-16,4.825939655303955
1998-09-17,4.710346221923828
1998-09-18,4.642918586730957
1998-09-21,4.508061408996582
1998-09-22,4.580307960510254
1998-09-23,4.66218376159668
1998-09-24,4.691080570220947
1998-09-25,4.628469944000244
1998-09-28,4.671816825866699
1998-09-29,4.676631450653076
1998-09-30,4.561043739318848
1998-10-01,4.4213690757751465
1998-10-02,4.358757019042969
1998-10-05,4.276878356933594
1998-10-06,4.416553020477295
1998-10-07,4.575490474700928
1998-10-08,4.431002616882324
1998-10-09,4.498428821563721
1998-10-12,4.681452751159668
1998-10-13,4.6862664222717285
1998-10-14,4.719979763031006
1998-10-15,4.7874064445495605
1998-10-16,4.917449474334717
1998-10-19,4.917449474334717
1998-10-20,5.0089569091796875
1998-10-21,4.9800591468811035
1998-10-22,4.9800591468811035
1998-10-23,4.970427513122559
1998-10-26,4.946346282958984
1998-10-27,5.004143714904785
1998-10-28,4.941529750823975
1998-10-29,4.989694118499756
1998-10-30,5.052304267883301
1998-11-02,5.187160968780518
1998-11-03,5.163080215454102
1998-11-04,5.264222621917725
1998-11-05,5.216058731079102
1998-11-06,5.196793079376221
1998-11-09,5.086017608642578
1998-11-10,5.0330400466918945
1998-11-11,5.105284690856934
1998-11-12,5.018590450286865
1998-11-13,5.057122230529785
1998-11-16,5.191976070404053
1998-11-17,5.163080215454102
1998-11-18,5.177529335021973
1998-11-19,5.244956016540527
1998-11-20,5.317203044891357
1998-11-23,5.365365028381348
1998-11-24,5.374998092651367
1998-11-25,5.341281890869141
1998-11-27,5.408712863922119
1998-11-30,5.322017669677734
1998-12-01,5.211243629455566
1998-12-02,5.216058731079102
1998-12-03,5.235323905944824
1998-12-04,5.244956016540527
1998-12-07,5.244956016540527
1998-12-08,5.264222621917725
1998-12-09,5.322017669677734
1998-12-10,5.322017669677734
1998-12-11,5.254590034484863
1998-12-14,5.225691795349121
1998-12-15,5.225691795349121
1998-12-16,5.264222621917725
1998-12-17,5.307568550109863
1998-12-18,5.331648349761963
1998-12-21,5.403898239135742
1998-12-22,5.374998092651367
1998-12-23,5.442426681518555
1998-12-24,5.418344497680664
1998-12-28,5.456874370574951
1998-12-29,5.496166706085205
1998-12-30,5.4716105461120605
1998-12-31,5.496166706085205
1999-01-04,5.604223728179932
1999-01-05,5.643518447875977
1999-01-06,5.731927394866943
1999-01-07,5.702457904815674
1999-01-08,5.672987937927246
1999-01-11,5.623869895935059
1999-01-12,5.540372371673584
1999-01-13,5.393021583557129
1999-01-14,5.4126691818237305
1999-01-15,5.447051048278809
1999-01-19,5.53546142578125
1999-01-20,5.589488506317139
1999-01-21,5.555107593536377
1999-01-22,5.427403926849365
1999-01-25,5.427403926849365
1999-01-26,5.447051048278809
1999-01-27,5.442139148712158
1999-01-28,5.442139148712158
1999-01-29,5.461785316467285
1999-02-01,5.515816688537598
1999-02-02,5.53546142578125
1999-02-03,5.4716105461120605
1999-02-04,5.451962947845459
1999-02-05,5.4126691818237305
1999-02-08,5.373376846313477
1999-02-09,5.299699783325195
1999-02-10,5.265318870544434
1999-02-11,5.319347858428955
1999-02-12,5.363552570343018
1999-02-16,5.348816871643066
1999-02-17,5.314436435699463
1999-02-18,5.304615020751953
1999-02-19,5.280055046081543
1999-02-22,5.319347858428955
1999-02-23,5.348816871643066
1999-02-24,5.38320255279541
1999-02-25,5.373376846313477
1999-02-26,5.343904495239258
1999-03-01,5.275140762329102
1999-03-02,5.2604079246521
1999-03-03,5.235849857330322
1999-03-04,5.226025581359863
1999-03-05,5.368465900421143
1999-03-08,5.373376846313477
1999-03-09,5.4126691818237305
1999-03-10,5.481432914733887
1999-03-11,5.545285224914551
1999-03-12,5.560018539428711
1999-03-15,5.579666614532471
1999-03-16,5.609138488769531
1999-03-17,5.628782749176025
1999-03-18,5.579666614532471
1999-03-19,5.653343200683594
1999-03-22,5.614048004150391
1999-03-23,5.53546142578125
1999-03-24,5.481432914733887
1999-03-25,5.545285224914551
1999-03-26,5.491209506988525
1999-03-29,5.540369033813477
1999-03-30,5.545284271240234
1999-03-31,5.609191417694092
1999-04-01,5.638688564300537
1999-04-05,5.609191417694092
1999-04-06,5.697681427001953
1999-04-07,5.7419257164001465
1999-04-08,5.786171913146973
1999-04-09,5.786171913146973
1999-04-12,5.781253814697266
1999-04-13,5.825501441955566
1999-04-14,5.854994773864746
1999-04-15,5.796002388000488
1999-04-16,5.820583343505859
1999-04-19,5.854994773864746
1999-04-20,5.756675720214844
1999-04-21,5.72717809677124
1999-04-22,5.781253814697266
1999-04-23,5.805835723876953
1999-04-26,5.840246200561523
1999-04-27,5.923820972442627
1999-04-28,5.913986682891846
1999-04-29,5.879573822021484
1999-04-30,5.894320964813232
1999-05-03,5.909071922302246
1999-05-04,5.9189043045043945
1999-05-05,5.889405727386475
1999-05-06,5.963146209716797
1999-05-07,5.923820972442627
1999-05-10,5.938567638397217
1999-05-11,5.894320964813232
1999-05-12,5.864828109741211
1999-05-13,5.869741916656494
1999-05-14,5.805835723876953
1999-05-17,5.682933330535889
1999-05-18,5.722262859344482
1999-05-19,5.712430477142334
1999-05-20,5.7419257164001465
1999-05-21,5.722262859344482
1999-05-24,5.707512855529785
1999-05-25,5.668185234069824
1999-05-26,5.638688564300537
1999-05-27,5.60427713394165
1999-05-28,5.599359035491943
1999-06-01,5.653438091278076
1999-06-02,5.653438091278076
1999-06-03,5.663268089294434
1999-06-04,5.678016185760498
1999-06-07,5.737009525299072
1999-06-08,5.800919055938721
1999-06-09,5.830414295196533
1999-06-10,5.835329532623291
1999-06-11,5.899240493774414
1999-06-14,5.835329532623291
1999-06-15,5.840246200561523
1999-06-16,5.854994773864746
1999-06-17,5.899240493774414
1999-06-18,5.928735256195068
1999-06-21,5.958231449127197
1999-06-22,5.953313827514648
1999-06-23,5.884490013122559
1999-06-24,5.854994773864746
1999-06-25,5.869741916656494
1999-06-28,5.869741916656494
1999-06-29,5.869741916656494
1999-06-30,5.845162868499756
1999-07-01,5.943482398986816
1999-07-02,5.977895736694336
1999-07-06,6.041802883148193
1999-07-07,5.997560977935791
1999-07-08,5.963146209716797
1999-07-09,5.9680657386779785
1999-07-12,5.9680657386779785
1999-07-13,5.933651447296143
1999-07-14,5.9729814529418945
1999-07-15,6.051637172698975
1999-07-16,6.017223358154297
1999-07-19,6.061470985412598
1999-07-20,6.022141933441162
1999-07-21,5.997560977935791
1999-07-22,5.933651447296143
1999-07-23,5.859911918640137
1999-07-26,5.864828109741211
1999-07-27,5.879573822021484
1999-07-28,5.9189043045043945
1999-07-29,5.899240493774414
1999-07-30,5.977895736694336
1999-08-02,5.948399543762207
1999-08-03,5.953313827514648
1999-08-04,5.958231449127197
1999-08-05,5.859911918640137
1999-08-06,5.835329532623291
1999-08-09,5.830414295196533
1999-08-10,5.776337146759033
1999-08-11,5.761589527130127
1999-08-12,5.859911918640137
1999-08-13,5.889405727386475
1999-08-16,5.948399543762207
1999-08-17,5.933651447296143
1999-08-18,5.9729814529418945
1999-08-19,5.9729814529418945
1999-08-20,6.051637172698975
1999-08-23,6.105712413787842
1999-08-24,6.0762128829956055
1999-08-25,6.0860466957092285
1999-08-26,6.056553840637207
1999-08-27,6.051637172698975
1999-08-30,6.071301460266113
1999-08-31,5.997560977935791
1999-09-01,6.0909647941589355
1999-09-02,6.071301460266113
1999-09-03,6.100796699523926
1999-09-07,6.110628604888916
1999-09-08,6.100796699523926
1999-09-09,6.1745381355285645
1999-09-10,6.125378608703613
1999-09-13,6.154874324798584
1999-09-14,6.140124797821045
1999-09-15,6.120461463928223
1999-09-16,6.056553840637207
1999-09-17,6.0467209815979
1999-09-20,6.0860466957092285
1999-09-21,6.09588098526001
1999-09-22,6.03688907623291
1999-09-23,6.03688907623291
1999-09-24,5.948399543762207
1999-09-27,5.963146209716797
1999-09-28,5.98281192779541
1999-09-29,5.98281192779541
1999-09-30,6.0467209815979
1999-10-01,6.066384792327881
1999-10-04,6.09588098526001
1999-10-05,6.110628604888916
1999-10-06,6.135210037231445
1999-10-07,6.1942009925842285
1999-10-08,6.179452896118164
1999-10-11,6.204033374786377
1999-10-12,6.199114799499512
1999-10-13,6.120461463928223
1999-10-14,6.11554479598999
1999-10-15,6.061470985412598
1999-10-18,5.9680657386779785
1999-10-19,6.031970024108887
1999-10-20,6.0762128829956055
1999-10-21,6.066384792327881
1999-10-22,6.120461463928223
1999-10-25,6.11554479598999
1999-10-26,6.135210037231445
1999-10-27,6.0909647941589355
1999-10-28,6.1450371742248535
1999-10-29,6.272855758666992
1999-11-01,6.267942428588867
1999-11-02,6.277772426605225
1999-11-03,6.292520999908447
1999-11-04,6.326932907104492
1999-11-05,6.326932907104492
1999-11-08,6.312185287475586
1999-11-09,6.351512432098389
1999-11-10,6.415421962738037
1999-11-11,6.444917678833008
1999-11-12,6.425253391265869
1999-11-15,6.464583873748779
1999-11-16,6.46950101852417
1999-11-17,6.513741493225098
1999-11-18,6.543239116668701
1999-11-19,6.548154830932617
1999-11-22,6.543239116668701
1999-11-23,6.562904357910156
1999-11-24,6.513741493225098
1999-11-26,6.626811504364014
1999-11-29,6.621894836425781
1999-11-30,6.528491020202637
1999-12-01,6.562904357910156
1999-12-02,6.567820072174072
1999-12-03,6.651393890380859
1999-12-06,6.7300496101379395
1999-12-07,6.759546279907227
1999-12-08,6.744795322418213
1999-12-09,6.754628658294678
1999-12-10,6.759546279907227
1999-12-13,6.7497100830078125
1999-12-14,6.7153000831604
1999-12-15,6.67105770111084
1999-12-16,6.739879608154297
1999-12-17,6.7742919921875
1999-12-20,6.813620567321777
1999-12-21,6.8037919998168945
1999-12-22,6.8824462890625
1999-12-23,6.977272987365723
1999-12-27,7.007216453552246
1999-12-28,7.042154312133789
1999-12-29,7.0721025466918945
1999-12-30,7.141971111297607
1999-12-31,7.141971111297607
2000-01-03,7.2018609046936035
2000-01-04,7.052134037017822
2000-01-05,6.852499485015869
2000-01-06,6.752683162689209
2000-01-07,6.862481594085693
2000-01-10,6.957310199737549
2000-01-11,6.927361011505127
2000-01-12,6.91738224029541
2000-01-13,6.957310199737549
2000-01-14,7.022189140319824
2000-01-18,6.972280979156494
2000-01-19,6.897419452667236
2000-01-20,6.897419452667236
2000-01-21,6.867473125457764
2000-01-24,6.857489585876465
2000-01-25,6.767655372619629
2000-01-26,6.822555065155029
2000-01-27,6.857489585876465
2000-01-28,6.812570095062256
2000-01-31,6.697782039642334
2000-02-01,6.722735404968262
2000-02-02,6.792610168457031
2000-02-03,6.947327613830566
2000-02-04,6.967291831970215
2000-02-07,6.9223713874816895
2000-02-08,7.017199993133545
2000-02-09,7.057126522064209
2000-02-10,7.032172203063965
2000-02-11,7.022189140319824
2000-02-14,6.947327613830566
2000-02-15,6.842518329620361
2000-02-16,6.892429828643799
2000-02-17,6.952319145202637
2000-02-18,6.907400608062744
2000-02-22,6.852499485015869
2000-02-23,6.9223713874816895
2000-02-24,6.9223713874816895
2000-02-25,6.957310199737549
2000-02-28,6.862481594085693
2000-02-29,6.8874359130859375
2000-03-01,7.007216453552246
2000-03-02,7.09206485748291
2000-03-03,7.102044105529785
2000-03-06,7.112025260925293
2000-03-07,7.102044105529785
2000-03-08,7.042154312133789
2000-03-09,7.102044105529785
2000-03-10,7.122009754180908
2000-03-13,6.962299823760986
2000-03-14,6.947327613830566
2000-03-15,6.867473125457764
2000-03-16,6.98725700378418
2000-03-17,7.027182579040527
2000-03-20,7.067109107971191
2000-03-21,7.077089309692383
2000-03-22,7.032172203063965
2000-03-23,7.057126522064209
2000-03-24,7.167237758636475
2000-03-27,7.187257766723633
2000-03-28,7.222290515899658
2000-03-29,7.197269916534424
2000-03-30,7.057124614715576
2000-03-31,7.127199172973633
2000-04-03,7.037109375
2000-04-04,7.022090435028076
2000-04-05,6.952020168304443
2000-04-06,7.007075309753418
2000-04-07,7.062130928039551
2000-04-10,7.072142124176025
2000-04-11,6.982051372528076
2000-04-12,6.977046966552734
2000-04-13,6.916985511779785
2000-04-14,6.741809844970703
2000-04-17,6.581647872924805
2000-04-18,6.67173957824707
2000-04-19,6.701766490936279
2000-04-20,6.731800079345703
2000-04-24,6.7618279457092285
2000-04-25,6.766833782196045
2000-04-26,6.776843070983887
2000-04-27,6.68174934387207
2000-04-28,6.741809844970703
2000-05-01,6.7618279457092285
2000-05-02,6.846915245056152
2000-05-03,6.701766490936279
2000-05-04,6.696763038635254
2000-05-05,6.70677375793457
2000-05-08,6.651718616485596
2000-05-09,6.586652755737305
2000-05-10,6.5315961837768555
2000-05-11,6.521585941314697
2000-05-12,6.661728858947754
2000-05-15,6.616682052612305
2000-05-16,6.67173957824707
2000-05-17,6.5315961837768555
2000-05-18,6.526592254638672
2000-05-19,6.40146541595459
2000-05-22,6.306368350982666
2000-05-23,6.356418609619141
2000-05-24,6.296359062194824
2000-05-25,6.386450290679932
2000-05-26,6.416478157043457
2000-05-30,6.616682052612305
2000-05-31,6.561625957489014
2000-06-01,6.656724452972412
2000-06-02,6.91198205947876
2000-06-05,6.896965503692627
2000-06-06,6.947013854980469
2000-06-07,6.906973838806152
2000-06-08,6.881951808929443
2000-06-09,6.866936206817627
2000-06-12,6.8869547843933105
2000-06-13,6.8869547843933105
2000-06-14,6.906973838806152
2000-06-15,6.811878681182861
2000-06-16,6.831899642944336
2000-06-19,6.851919651031494
2000-06-20,6.906973838806152
2000-06-21,6.861931800842285
2000-06-22,6.821889400482178
2000-06-23,6.771838188171387
2000-06-26,6.746813774108887
2000-06-27,6.786853790283203
2000-06-28,6.826894283294678
2000-06-29,6.776843070983887
2000-06-30,6.841908931732178
2000-07-03,6.901971340179443
2000-07-05,6.876942157745361
2000-07-06,6.861931800842285
2000-07-07,6.91198205947876
2000-07-10,6.952020168304443
2000-07-11,6.921990871429443
2000-07-12,6.91198205947876
2000-07-13,6.856925010681152
2000-07-14,6.881951808929443
2000-07-17,6.891960144042969
2000-07-18,6.801866054534912
2000-07-19,6.751818656921387
2000-07-20,6.781848907470703
2000-07-21,6.731800079345703
2000-07-24,6.70677375793457
2000-07-25,6.716784477233887
2000-07-26,6.721792221069336
2000-07-27,6.611677169799805
2000-07-28,6.496557235717773
2000-07-31,6.536599636077881
2000-08-01,6.536599636077881
2000-08-02,6.5315961837768555
2000-08-03,6.436499118804932
2000-08-04,6.476539611816406
2000-08-07,6.526592254638672
2000-08-08,6.486550331115723
2000-08-09,6.541606426239014
2000-08-10,6.576642990112305
2000-08-11,6.576642990112305
2000-08-14,6.606670379638672
2000-08-15,6.651718616485596
2000-08-16,6.676742076873779
2000-08-17,6.651718616485596
2000-08-18,6.6266913414001465
2000-08-21,6.5916571617126465
2000-08-22,6.601667881011963
2000-08-23,6.601667881011963
2000-08-24,6.6266913414001465
2000-08-25,6.67173957824707
2000-08-28,6.68174934387207
2000-08-29,6.656724452972412
2000-08-30,6.611677169799805
2000-08-31,6.601667881011963
2000-09-01,6.741809844970703
2000-09-05,6.661728858947754
2000-09-06,6.586652755737305
2000-09-07,6.561625957489014
2000-09-08,6.486550331115723
2000-09-11,6.421487808227539
2000-09-12,6.366428852081299
2000-09-13,6.356418609619141
2000-09-14,6.371434688568115
2000-09-15,6.33139181137085
2000-09-18,6.236298084259033
2000-09-19,6.24130392074585
2000-09-20,6.21127462387085
2000-09-21,6.1612229347229
2000-09-22,6.21127462387085
2000-09-25,6.2563157081604
2000-09-26,6.24130392074585
2000-09-27,6.236298084259033
2000-09-28,6.24130392074585
2000-09-29,6.271334171295166
2000-10-02,6.296359062194824
2000-10-03,6.306368350982666
2000-10-04,6.26632833480835
2000-10-05,6.276340007781982
2000-10-06,6.24130392074585
2000-10-09,6.146207332611084
2000-10-10,6.136197090148926
2000-10-11,6.041098594665527
2000-10-12,5.991046905517578
2000-10-13,5.996054649353027
2000-10-16,5.986045837402344
2000-10-17,5.9209794998168945
2000-10-18,5.840897560119629
2000-10-19,5.935995101928711
2000-10-20,5.961019039154053
2000-10-23,5.961019039154053
2000-10-24,6.051109790802002
2000-10-25,5.961019039154053
2000-10-26,5.930992603302002
2000-10-27,6.026086330413818
2000-10-30,6.031091690063477
2000-10-31,6.081140995025635
2000-11-01,6.1812424659729
2000-11-02,6.191251754760742
2000-11-03,6.221280574798584
2000-11-06,6.24130392074585
2000-11-07,6.231292247772217
2000-11-08,6.191251754760742
2000-11-09,6.136197090148926
2000-11-10,6.091151237487793
2000-11-13,5.986045837402344
2000-11-14,6.091151237487793
2000-11-15,6.096157550811768
2000-11-16,6.021080017089844
2000-11-17,5.996054649353027
2000-11-20,5.90095853805542
2000-11-21,5.880938529968262
2000-11-22,5.77082633972168
2000-11-24,5.820878982543945
2000-11-27,5.91597318649292
2000-11-28,5.875932693481445
2000-11-29,5.845902442932129
2000-11-30,5.810865879058838
2000-12-01,5.88594388961792
2000-12-04,5.90095853805542
2000-12-05,6.01607608795166
2000-12-06,6.001060485839844
2000-12-07,5.981040954589844
2000-12-08,5.996054649353027
2000-12-11,6.071129322052002
2000-12-12,6.051109790802002
2000-12-13,6.026086330413818
2000-12-14,5.996054649353027
2000-12-15,5.930992603302002
2000-12-18,5.946004867553711
2000-12-19,5.9409990310668945
2000-12-20,5.855915546417236
2000-12-21,5.815871715545654
2000-12-22,5.865924835205078
2000-12-26,5.910966396331787
2000-12-27,5.9721174240112305
2000-12-28,5.9721174240112305
2000-12-29,6.028168678283691
2001-01-02,6.002694129943848
2001-01-03,5.94154167175293
2001-01-04,6.053648471832275
2001-01-05,6.063840389251709
2001-01-08,6.038363933563232
2001-01-09,5.9517340660095215
2001-01-10,5.905874252319336
2001-01-11,5.9517340660095215
2001-01-12,5.9823079109191895
2001-01-16,5.94154167175293
2001-01-17,5.987404823303223
2001-01-18,6.063840389251709
2001-01-19,6.048550605773926
2001-01-22,6.053648471832275
2001-01-23,6.058742046356201
2001-01-24,6.012884616851807
2001-01-25,6.023073196411133
2001-01-26,6.012884616851807
2001-01-29,6.017977237701416
2001-01-30,6.043456077575684
2001-01-31,6.0944132804870605
2001-02-01,6.109699726104736
2001-02-02,6.038363933563232
2001-02-05,6.023073196411133
2001-02-06,6.012884616851807
2001-02-07,5.9517340660095215
2001-02-08,5.890586853027344
2001-02-09,5.860013961791992
2001-02-12,5.916064262390137
2001-02-13,5.885491371154785
2001-02-14,5.839632987976074
2001-02-15,5.834532737731934
2001-02-16,5.788671970367432
2001-02-20,5.722432613372803
2001-02-21,5.661282539367676
2001-02-22,5.625612258911133
2001-02-23,5.610325336456299
2001-02-26,5.630706787109375
2001-02-27,5.661282539367676
2001-02-28,5.630706787109375
2001-03-01,5.625612258911133
2001-03-02,5.605228900909424
2001-03-05,5.620517253875732
2001-03-06,5.696951866149902
2001-03-07,5.69185733795166
2001-03-08,5.696951866149902
2001-03-09,5.645995140075684
2001-03-12,5.462551593780518
2001-03-13,5.3810200691223145
2001-03-14,5.23834228515625
2001-03-15,5.330062389373779
2001-03-16,5.202671051025391
2001-03-19,5.192479610443115
2001-03-20,5.217957973480225
2001-03-21,5.202671051025391
2001-03-22,4.998845100402832
2001-03-23,5.1415252685546875
2001-03-26,5.309680938720703
2001-03-27,5.406497955322266
2001-03-28,5.279107093811035
2001-03-29,5.233245849609375
2001-03-30,5.228149890899658
2001-04-02,5.177194118499756
2001-04-03,5.126236438751221
2001-04-04,5.192479610443115
2001-04-05,5.391209125518799
2001-04-06,5.294397354125977
2001-04-09,5.294397354125977
2001-04-10,5.365734100341797
2001-04-11,5.360637187957764
2001-04-12,5.416690826416016
2001-04-16,5.360637187957764
2001-04-17,5.340256214141846
2001-04-18,5.5440802574157715
2001-04-19,5.549176216125488
2001-04-20,5.528794765472412
2001-04-23,5.482933521270752
2001-04-24,5.482933521270752
2001-04-25,5.503316879272461
2001-04-26,5.5593671798706055
2001-04-27,5.600133895874023
2001-04-30,5.640900135040283
2001-05-01,5.67147159576416
2001-05-02,5.67147159576416
2001-05-03,5.595037937164307
2001-05-04,5.651091575622559
2001-05-07,5.66637659072876
2001-05-08,5.605228900909424
2001-05-09,5.564464569091797
2001-05-10,5.615419387817383
2001-05-11,5.569561004638672
2001-05-14,5.472741603851318
2001-05-15,5.533890247344971
2001-05-16,5.569561004638672
2001-05-17,5.610325336456299
2001-05-18,5.610325336456299
2001-05-21,5.656186580657959
2001-05-22,5.651091575622559
2001-05-23,5.615419387817383
2001-05-24,5.600133895874023
2001-05-25,5.564464569091797
2001-05-29,5.51860237121582
2001-05-30,5.467644214630127
2001-05-31,5.44216775894165
2001-06-01,5.426881790161133
2001-06-04,5.44216775894165
2001-06-05,5.472741603851318
2001-06-06,5.44216775894165
2001-06-07,5.457455158233643
2001-06-08,5.447264671325684
2001-06-11,5.365734100341797
2001-06-12,5.294397354125977
2001-06-13,5.330062389373779
2001-06-14,5.314777374267578
2001-06-15,5.2842020988464355
2001-06-18,5.228149890899658
2001-06-19,5.2230544090271
2001-06-20,5.1873860359191895
2001-06-21,5.217957973480225
2001-06-22,5.243437767028809
2001-06-25,5.253627300262451
2001-06-26,5.207769393920898
2001-06-27,5.192479610443115
2001-06-28,5.202671051025391
2001-06-29,5.233245849609375
2001-07-02,5.274012088775635
2001-07-03,5.233245849609375
2001-07-05,5.116044998168945
2001-07-06,5.034515380859375
2001-07-09,5.039609432220459
2001-07-10,5.049801826477051
2001-07-11,5.009037971496582
2001-07-12,5.044704914093018
2001-07-13,5.049801826477051
2001-07-16,5.065087795257568
2001-07-17,4.983558177947998
2001-07-18,4.993749141693115
2001-07-19,5.044704914093018
2001-07-20,5.029420852661133
2001-07-23,4.993749141693115
2001-07-24,4.978463649749756
2001-07-25,4.963176250457764
2001-07-26,4.983558177947998
2001-07-27,5.024323463439941
2001-07-30,5.049801826477051
2001-07-31,5.105855941772461
2001-08-01,5.15171480178833
2001-08-02,5.207769393920898
2001-08-03,5.177194118499756
2001-08-06,5.15171480178833
2001-08-07,5.15171480178833
2001-08-08,5.100759506225586
2001-08-09,5.049801826477051
2001-08-10,5.059995651245117
2001-08-13,5.070184230804443
2001-08-14,5.1415252685546875
2001-08-15,5.182290077209473
2001-08-16,5.13133430480957
2001-08-17,5.080376148223877
2001-08-20,5.044704914093018
2001-08-21,5.090567588806152
2001-08-22,5.126236438751221
2001-08-23,5.090567588806152
2001-08-24,5.161909580230713
2001-08-27,5.15171480178833
2001-08-28,5.100759506225586
2001-08-29,5.080376148223877
2001-08-30,4.973366737365723
2001-08-31,4.988655090332031
2001-09-04,4.932602405548096
2001-09-05,4.861264705657959
2001-09-06,4.7593512535095215
2001-09-07,4.7185821533203125
2001-09-10,4.672722816467285
2001-09-17,4.428130626678467
2001-09-18,4.423037052154541
2001-09-19,4.407749176025391
2001-09-20,4.229399681091309
2001-09-21,4.117297172546387
2001-09-24,4.280354976654053
2001-09-25,4.321121692657471
2001-09-26,4.336409568786621
2001-09-27,4.361888885498047
2001-09-28,4.453610897064209
2001-10-01,4.417938709259033
2001-10-02,4.458706378936768
2001-10-03,4.494375228881836
2001-10-04,4.570809841156006
2001-10-05,4.581001281738281
2001-10-08,4.575904846191406
2001-10-09,4.5453314781188965
2001-10-10,4.606480598449707
2001-10-11,4.657437324523926
2001-10-12,4.64724588394165
2001-10-15,4.58609676361084
2001-10-16,4.626862049102783
2001-10-17,4.677820205688477
2001-10-18,4.616671562194824
2001-10-19,4.555525302886963
2001-10-22,4.575904846191406
2001-10-23,4.652341842651367
2001-10-24,4.677820205688477
2001-10-25,4.652341842651367
2001-10-26,4.693105697631836
2001-10-29,4.652341842651367
2001-10-30,4.555525302886963
2001-10-31,4.58609676361084
2001-11-01,4.64724588394165
2001-11-02,4.637052536010742
2001-11-05,4.713489055633545
2001-11-06,4.7185821533203125
2001-11-07,4.7236809730529785
2001-11-08,4.774636268615723
2001-11-09,4.738966941833496
2001-11-12,4.672722816467285
2001-11-13,4.7338714599609375
2001-11-14,4.7236809730529785
2001-11-15,4.754256248474121
2001-11-16,4.784829616546631
2001-11-19,4.815401077270508
2001-11-20,4.779731750488281
2001-11-21,4.754256248474121
2001-11-23,4.774636268615723
2001-11-26,4.815401077270508
2001-11-27,4.784829616546631
2001-11-28,4.7236809730529785
2001-11-29,4.7083916664123535
2001-11-30,4.749159336090088
2001-12-03,4.703298091888428
2001-12-04,4.744063377380371
2001-12-05,4.891837120056152
2001-12-06,4.896932601928711
2001-12-07,4.851070880889893
2001-12-10,4.769538879394531
2001-12-11,4.7593512535095215
2001-12-12,4.769538879394531
2001-12-13,4.688009738922119
2001-12-14,4.6829118728637695
2001-12-17,4.754256248474121
2001-12-18,4.738966941833496
2001-12-19,4.703298091888428
2001-12-20,4.688009738922119
2001-12-21,4.693105697631836
2001-12-24,4.677820205688477
2001-12-26,4.672722816467285
2001-12-27,4.7593512535095215
2001-12-28,4.7878804206848145
2001-12-31,4.813817501068115
2002-01-02,4.819003105163574
2002-01-03,4.896811485290527
2002-01-04,4.896811485290527
2002-01-07,4.860501289367676
2002-01-08,4.808630466461182
2002-01-09,4.793066501617432
2002-01-10,4.756755352020264
2002-01-11,4.761943817138672
2002-01-14,4.694508075714111
2002-01-15,4.699695587158203
2002-01-16,4.637448310852051
2002-01-17,4.673760414123535
2002-01-18,4.668572902679443
2002-01-22,4.627072811126709
2002-01-23,4.658196926116943
2002-01-24,4.678948402404785
2002-01-25,4.632260799407959
2002-01-28,4.663384914398193
2002-01-29,4.601136207580566
2002-01-30,4.544076919555664
2002-01-31,4.590763092041016
2002-02-01,4.585577011108398
2002-02-04,4.5596394538879395
2002-02-05,4.4973907470703125
2002-02-06,4.47145414352417
2002-02-07,4.507763862609863
2002-02-08,4.528513431549072
2002-02-11,4.590763092041016
2002-02-12,4.580387115478516
2002-02-13,4.611511707305908
2002-02-14,4.658196926116943
2002-02-15,4.64263391494751
2002-02-19,4.523326873779297
2002-02-20,4.4973907470703125
2002-02-21,4.528513431549072
2002-02-22,4.5388898849487305
2002-02-25,4.575201034545898
2002-02-26,4.570011615753174
2002-02-27,4.627072811126709
2002-02-28,4.632260799407959
2002-03-01,4.704883575439453
2002-03-04,4.839753150939941
2002-03-05,4.808630466461182
2002-03-06,4.865688800811768
2002-03-07,4.9279351234436035
2002-03-08,4.93312406539917
2002-03-11,4.943497180938721
2002-03-12,4.865688800811768
2002-03-13,4.850128173828125
2002-03-14,4.891627311706543
2002-03-15,4.9279351234436035
2002-03-18,4.917562007904053
2002-03-19,4.953872203826904
2002-03-20,4.912376403808594
2002-03-21,4.896811485290527
2002-03-22,4.881251335144043
2002-03-25,4.829379558563232
2002-03-26,4.844939231872559
2002-03-27,4.850128173828125
2002-03-28,4.896811485290527
2002-04-01,4.896811485290527
2002-04-02,4.886440753936768
2002-04-03,4.907188892364502
2002-04-04,4.891627311706543
2002-04-05,4.881251335144043
2002-04-08,4.819003105163574
2002-04-09,4.813817501068115
2002-04-10,4.865688800811768
2002-04-11,4.803441047668457
2002-04-12,4.803441047668457
2002-04-15,4.844939231872559
2002-04-16,4.93312406539917
2002-04-17,4.9694366455078125
2002-04-18,4.9642486572265625
2002-04-19,4.9590606689453125
2002-04-22,4.93312406539917
2002-04-23,4.943497180938721
2002-04-24,4.93312406539917
2002-04-25,4.9279351234436035
2002-04-26,4.907188892364502
2002-04-29,4.896811485290527
2002-04-30,4.917562007904053
2002-05-01,4.9279351234436035
2002-05-02,4.917562007904053
2002-05-03,4.938310623168945
2002-05-06,4.922749042510986
2002-05-07,4.865688800811768
2002-05-08,4.9642486572265625
2002-05-09,4.9279351234436035
2002-05-10,4.907188892364502
2002-05-13,4.938310623168945
2002-05-14,4.943497180938721
2002-05-15,4.990184783935547
2002-05-16,5.000558376312256
2002-05-17,5.042058944702148
2002-05-20,5.031682014465332
2002-05-21,5.0161213874816895
2002-05-22,5.021308898925781
2002-05-23,5.000558376312256
2002-05-24,5.0161213874816895
2002-05-28,5.000558376312256
2002-05-29,4.995372772216797
2002-05-30,4.974623680114746
2002-05-31,4.974623680114746
2002-06-03,4.9694366455078125
2002-06-04,4.922749042510986
2002-06-05,4.876062870025635
2002-06-06,4.876062870025635
2002-06-07,4.82418966293335
2002-06-10,4.82418966293335
2002-06-11,4.839753150939941
2002-06-12,4.777504920959473
2002-06-13,4.72563362121582
2002-06-14,4.632260799407959
2002-06-17,4.704883575439453
2002-06-18,4.694508075714111
2002-06-19,4.64263391494751
2002-06-20,4.601136207580566
2002-06-21,4.601136207580566
2002-06-24,4.570011615753174
2002-06-25,4.616698741912842
2002-06-26,4.595949172973633
2002-06-27,4.616698741912842
2002-06-28,4.761943817138672
2002-07-01,4.756755352020264
2002-07-02,4.653010845184326
2002-07-03,4.580387115478516
2002-07-05,4.7671284675598145
2002-07-08,4.782692909240723
2002-07-09,4.782692909240723
2002-07-10,4.64263391494751
2002-07-11,4.533703804016113
2002-07-12,4.5388898849487305
2002-07-15,4.492203712463379
2002-07-16,4.424768924713135
2002-07-17,4.502579689025879
2002-07-18,4.549263954162598
2002-07-19,4.398830890655518
2002-07-22,4.238026142120361
2002-07-23,4.097971439361572
2002-07-24,4.253588676452637
2002-07-25,4.196526527404785
2002-07-26,4.155029296875
2002-07-29,4.367709159851074
2002-07-30,4.310648441314697
2002-07-31,4.295086860656738
2002-08-01,4.165403842926025
2002-08-02,4.180965423583984
2002-08-05,4.06165885925293
2002-08-06,4.123906135559082
2002-08-07,4.196526527404785
2002-08-08,4.300271987915039
2002-08-09,4.300271987915039
2002-08-12,4.243211269378662
2002-08-13,4.2691497802734375
2002-08-14,4.336583614349365
2002-08-15,4.321022033691406
2002-08-16,4.346958637237549
2002-08-19,4.398830890655518
2002-08-20,4.336583614349365
2002-08-21,4.383269786834717
2002-08-22,4.424768924713135
2002-08-23,4.388455867767334
2002-08-26,4.383269786834717
2002-08-27,4.445516586303711
2002-08-28,4.326211929321289
2002-08-29,4.274338245391846
2002-08-30,4.289899826049805
2002-09-03,4.118718147277832
2002-09-04,4.129092216491699
2002-09-05,4.097971439361572
2002-09-06,4.175777912139893
2002-09-09,4.134279727935791
2002-09-10,4.186152458190918
2002-09-11,4.238026142120361
2002-09-12,4.144654273986816
2002-09-13,4.092782497406006
2002-09-16,4.051281929016113
2002-09-17,4.025346279144287
2002-09-18,3.994222640991211
2002-09-19,3.9371633529663086
2002-09-20,3.931976318359375
2002-09-23,3.82822847366333
2002-09-24,3.760794162750244
2002-09-25,3.802292823791504
2002-09-26,3.911226511001587
2002-09-27,3.911226511001587
2002-09-30,3.8230419158935547
2002-10-01,3.931976318359375
2002-10-02,3.8852882385253906
2002-10-03,3.8489789962768555
2002-10-04,3.786731243133545
2002-10-07,3.724483013153076
2002-10-08,3.6829843521118164
2002-10-09,3.6518614292144775
2002-10-10,3.7141075134277344
2002-10-11,3.8489789962768555
2002-10-14,3.82822847366333
2002-10-15,4.009784698486328
2002-10-16,3.9475362300872803
2002-10-17,4.035722255706787
2002-10-18,4.014970302581787
2002-10-21,4.0201568603515625
2002-10-22,3.9786598682403564
2002-10-23,3.9164135456085205
2002-10-24,3.9734740257263184
2002-10-25,3.9786598682403564
2002-10-28,4.025346279144287
2002-10-29,3.921600341796875
2002-10-30,3.9838480949401855
2002-10-31,4.040908336639404
2002-11-01,4.025346279144287
2002-11-04,4.139465808868408
2002-11-05,4.165403842926025
2002-11-06,4.134279727935791
2002-11-07,4.103154182434082
2002-11-08,4.082406997680664
2002-11-11,4.035722255706787
2002-11-12,4.0668439865112305
2002-11-13,4.035722255706787
2002-11-14,4.077219486236572
2002-11-15,4.11353063583374
2002-11-18,4.129092216491699
2002-11-19,4.11353063583374
2002-11-20,4.103154182434082
2002-11-21,4.191341400146484
2002-11-22,4.206902027130127
2002-11-25,4.186152458190918
2002-11-26,4.123906135559082
2002-11-27,4.196526527404785
2002-11-29,4.218952178955078
2002-12-02,4.245029449462891
2002-12-03,4.192876815795898
2002-12-04,4.161585330963135
2002-12-05,4.119866847991943
2002-12-06,4.130295753479004
2002-12-09,4.067715644836426
2002-12-10,4.083362102508545
2002-12-11,4.0937910079956055
2002-12-12,4.083362102508545
2002-12-13,4.057289123535156
2002-12-16,4.130295753479004
2002-12-17,4.114652156829834
2002-12-18,4.031211853027344
2002-12-19,4.036425590515137
2002-12-20,4.067715644836426
2002-12-23,4.078146934509277
2002-12-24,4.088575839996338
2002-12-26,4.104222774505615
2002-12-27,4.0228071212768555
2002-12-30,4.081342697143555
2002-12-31,4.107946395874023
2003-01-02,4.171799659729004
2003-01-03,4.209048271179199
2003-01-06,4.251617908477783
2003-01-07,4.198407173156738
2003-01-08,4.139874458312988
2003-01-09,4.1877641677856445
2003-01-10,4.203728675842285
2003-01-13,4.21436882019043
2003-01-14,4.246298313140869
2003-01-15,4.219690799713135
2003-01-16,4.209048271179199
2003-01-17,4.166478633880615
2003-01-21,4.0973029136657715
2003-01-22,4.044092178344727
2003-01-23,4.065376281738281
2003-01-24,4.038771629333496
2003-01-27,3.9323480129241943
2003-01-28,3.9270272254943848
2003-01-29,3.9323480129241943
2003-01-30,3.958954334259033
2003-01-31,3.9776906967163086
2003-02-03,4.03122615814209
2003-02-04,3.9830448627471924
2003-02-05,4.025874137878418
2003-02-06,3.95627760887146
2003-02-07,3.9241549968719482
2003-02-10,3.892033576965332
2003-02-11,3.9348621368408203
2003-02-12,3.908095598220825
2003-02-13,3.9027421474456787
2003-02-14,3.9348621368408203
2003-02-18,4.015164852142334
2003-02-19,3.95627760887146
2003-02-20,3.95627760887146
2003-02-21,3.9830448627471924
2003-02-24,3.9402172565460205
2003-02-25,3.8384993076324463
2003-02-26,3.8331446647644043
2003-02-27,3.8331446647644043
2003-02-28,3.904228925704956
2003-03-03,3.9419264793395996
2003-03-04,3.8988418579101562
2003-03-05,3.88268780708313
2003-03-06,3.8503780364990234
2003-03-07,3.796525001525879
2003-03-10,3.7265188694000244
2003-03-11,3.7049784660339355
2003-03-12,3.629584789276123
2003-03-13,3.7480597496032715
2003-03-14,3.8072967529296875
2003-03-17,3.866532564163208
2003-03-18,3.8719186782836914
2003-03-19,3.8988418579101562
2003-03-20,3.9149985313415527
2003-03-21,4.001161098480225
2003-03-24,3.8988418579101562
2003-03-25,3.9419264793395996
2003-03-26,3.9526965618133545
2003-03-27,3.920383930206299
2003-03-28,3.904228925704956
2003-03-31,3.828836441040039
2003-04-01,3.8611485958099365
2003-04-02,3.9311556816101074
2003-04-03,3.9311556816101074
2003-04-04,3.9634668827056885
2003-04-07,4.0550127029418945
2003-04-08,4.011932373046875
2003-04-09,4.001161098480225
2003-04-10,3.9850056171417236
2003-04-11,3.9742355346679688
2003-04-14,4.011932373046875
2003-04-15,4.06578254699707
2003-04-16,4.060398101806641
2003-04-17,4.098094463348389
2003-04-21,4.08193826675415
2003-04-22,4.130404472351074
2003-04-23,4.151944637298584
2003-04-24,4.130404472351074
2003-04-25,4.076555252075195
2003-04-28,4.135788917541504
2003-04-29,4.146560192108154
2003-04-30,4.200412273406982
2003-05-01,4.21656608581543
2003-05-02,4.238106727600098
2003-05-05,4.281189441680908
2003-05-06,4.345810413360596
2003-05-07,4.32965612411499
2003-05-08,4.2758049964904785
2003-05-09,4.313499927520752
2003-05-12,4.345810413360596
2003-05-13,4.351195812225342
2003-05-14,4.35658073425293
2003-05-15,4.367351055145264
2003-05-16,4.394275665283203
2003-05-19,4.318885326385498
2003-05-20,4.3242692947387695
2003-05-21,4.308114528656006
2003-05-22,4.345810413360596
2003-05-23,4.378122806549072
2003-05-27,4.4104323387146
2003-05-28,4.431973457336426
2003-05-29,4.475052356719971
2003-05-30,4.458897113800049
2003-06-02,4.534289836883545
2003-06-03,4.512750625610352
2003-06-04,4.545059680938721
2003-06-05,4.582757472991943
2003-06-06,4.620452404022217
2003-06-09,4.609682559967041
2003-06-10,4.604296684265137
2003-06-11,4.679688453674316
2003-06-12,4.695846080780029
2003-06-13,4.679688453674316
2003-06-16,4.749697208404541
2003-06-17,4.782005310058594
2003-06-18,4.765852451324463
2003-06-19,4.722770690917969
2003-06-20,4.728154182434082
2003-06-23,4.652765274047852
2003-06-24,4.609682559967041
2003-06-25,4.636609077453613
2003-06-26,4.604296684265137
2003-06-27,4.609682559967041
2003-06-30,4.577372074127197
2003-07-01,4.577372074127197
2003-07-02,4.668919563293457
2003-07-03,4.685075283050537
2003-07-07,4.76046895980835
2003-07-08,4.728154182434082
2003-07-09,4.712000846862793
2003-07-10,4.679688453674316
2003-07-11,4.6743059158325195
2003-07-14,4.749697208404541
2003-07-15,4.701231002807617
2003-07-16,4.668919563293457
2003-07-17,4.598913192749023
2003-07-18,4.615067005157471
2003-07-21,4.615067005157471
2003-07-22,4.6258368492126465
2003-07-23,4.663534641265869
2003-07-24,4.733541488647461
2003-07-25,4.744312763214111
2003-07-28,4.776621341705322
2003-07-29,4.76046895980835
2003-07-30,4.712000846862793
2003-07-31,4.722770690917969
2003-08-01,4.690460681915283
2003-08-04,4.6743059158325195
2003-08-05,4.685075283050537
2003-08-06,4.641992568969727
2003-08-07,4.663534641265869
2003-08-08,4.6743059158325195
2003-08-11,4.706615924835205
2003-08-12,4.722770690917969
2003-08-13,4.755080699920654
2003-08-14,4.80354642868042
2003-08-15,4.808932781219482
2003-08-18,4.841243743896484
2003-08-19,4.830474376678467
2003-08-20,4.852015018463135
2003-08-21,4.857400417327881
2003-08-22,4.841243743896484
2003-08-25,4.8250885009765625
2003-08-26,4.7873921394348145
2003-08-27,4.808932781219482
2003-08-28,4.830474376678467
2003-08-29,4.841243743896484
2003-09-02,4.911250591278076
2003-09-03,4.959717273712158
2003-09-04,4.9543328285217285
2003-09-05,4.975872039794922
2003-09-08,5.013568878173828
2003-09-09,5.024339199066162
2003-09-10,4.975872039794922
2003-09-11,4.981260299682617
2003-09-12,4.99741268157959
2003-09-15,5.002799987792969
2003-09-16,5.06203556060791
2003-09-17,5.083573818206787
2003-09-18,5.137427806854248
2003-09-19,5.121269702911377
2003-09-22,5.06742000579834
2003-09-23,5.078190803527832
2003-09-24,5.051264762878418
2003-09-25,5.029722213745117
2003-09-26,4.992029190063477
2003-09-29,4.99741268157959
2003-09-30,4.975872039794922
2003-10-01,5.08896017074585
2003-10-02,5.132040977478027
2003-10-03,5.223588943481445
2003-10-06,5.212817668914795
2003-10-07,5.22897481918335
2003-10-08,5.212817668914795
2003-10-09,5.28282356262207
2003-10-10,5.3043670654296875
2003-10-13,5.325905799865723
2003-10-14,5.325905799865723
2003-10-15,5.331292152404785
2003-10-16,5.352828025817871
2003-10-17,5.331292152404785
2003-10-20,5.347447395324707
2003-10-21,5.358218669891357
2003-10-22,5.293594837188721
2003-10-23,5.207432746887207
2003-10-24,5.223588943481445
2003-10-27,5.255899429321289
2003-10-28,5.293594837188721
2003-10-29,5.325905799865723
2003-10-30,5.347447395324707
2003-10-31,5.298981189727783
2003-11-03,5.336677551269531
2003-11-04,5.347447395324707
2003-11-05,5.320523262023926
2003-11-06,5.28282356262207
2003-11-07,5.347447395324707
2003-11-10,5.325905799865723
2003-11-11,5.272055149078369
2003-11-12,5.336677551269531
2003-11-13,5.379757881164551
2003-11-14,5.385142803192139
2003-11-17,5.385142803192139
2003-11-18,5.3151373863220215
2003-11-19,5.298981189727783
2003-11-20,5.266670227050781
2003-11-21,5.298981189727783
2003-11-24,5.331292152404785
2003-11-25,5.336677551269531
2003-11-26,5.390528202056885
2003-11-28,5.412069320678711
2003-12-01,5.498230457305908
2003-12-02,5.5251569747924805
2003-12-03,5.557468891143799
2003-12-04,5.54669713973999
2003-12-05,5.541312217712402
2003-12-08,5.535928726196289
2003-12-09,5.541312217712402
2003-12-10,5.509002208709717
2003-12-11,5.514388084411621
2003-12-12,5.562852382659912
2003-12-15,5.58439302444458
2003-12-16,5.58439302444458
2003-12-17,5.579009056091309
2003-12-18,5.632857322692871
2003-12-19,5.632857322692871
2003-12-22,5.659787654876709
2003-12-23,5.681328296661377
2003-12-24,5.70286750793457
2003-12-26,5.708350658416748
2003-12-29,5.74125337600708
2003-12-30,5.80156946182251
2003-12-31,5.83447265625
2004-01-02,5.911240100860596
2004-01-05,5.993496417999268
2004-01-06,5.998978137969971
2004-01-07,5.949624538421631
2004-01-08,6.009945869445801
2004-01-09,6.042846202850342
2004-01-12,6.026393890380859
2004-01-13,6.020910739898682
2004-01-14,6.026393890380859
2004-01-15,5.977043628692627
2004-01-16,5.955109596252441
2004-01-20,6.031878471374512
2004-01-21,6.064780235290527
2004-01-22,6.103163719177246
2004-01-23,6.086714744567871
2004-01-26,6.059296131134033
2004-01-27,6.064780235290527
2004-01-28,6.042846202850342
2004-01-29,5.9331769943237305
2004-01-30,5.927691459655762
2004-02-02,5.938657283782959
2004-02-03,5.9605937004089355
2004-02-04,5.911240100860596
2004-02-05,5.9331769943237305
2004-02-06,6.004461765289307
2004-02-09,6.053813934326172
2004-02-10,6.064780235290527
2004-02-11,6.130582332611084
2004-02-12,6.136065483093262
2004-02-13,6.130582332611084
2004-02-17,6.201866149902344
2004-02-18,6.157999515533447
2004-02-19,6.190900802612305
2004-02-20,6.103163719177246
2004-02-23,6.119615077972412
2004-02-24,6.092197895050049
2004-02-25,6.064780235290527
2004-02-26,6.0373616218566895
2004-02-27,6.075747013092041
2004-03-01,6.174448490142822
2004-03-02,6.136065483093262
2004-03-03,6.059296131134033
2004-03-04,6.0976786613464355
2004-03-05,6.174448490142822
2004-03-08,6.157999515533447
2004-03-09,6.141548156738281
2004-03-10,6.0373616218566895
2004-03-11,5.905759334564209
2004-03-12,5.916726589202881
2004-03-15,5.8454389572143555
2004-03-16,5.927691459655762
2004-03-17,5.993496417999268
2004-03-18,6.009945869445801
2004-03-19,6.009945869445801
2004-03-22,5.900272846221924
2004-03-23,5.911240100860596
2004-03-24,5.900272846221924
2004-03-25,5.977043628692627
2004-03-26,5.966076374053955
2004-03-29,6.059296131134033
2004-03-30,6.0483293533325195
2004-03-31,6.103163719177246
2004-04-01,6.179935455322266
2004-04-02,6.20734977722168
2004-04-05,6.190900802612305
2004-04-06,6.179935455322266
2004-04-07,6.218318462371826
2004-04-08,6.212831974029541
2004-04-12,6.2238006591796875
2004-04-13,6.174448490142822
2004-04-14,6.081230640411377
2004-04-15,6.053813934326172
2004-04-16,6.114132404327393
2004-04-19,6.103163719177246
2004-04-20,6.125098705291748
2004-04-21,6.0483293533325195
2004-04-22,6.081230640411377
2004-04-23,6.086714744567871
2004-04-26,6.114132404327393
2004-04-27,6.103163719177246
2004-04-28,5.977043628692627
2004-04-29,5.949624538421631
2004-04-30,5.911240100860596
2004-05-03,5.916726589202881
2004-05-04,6.004461765289307
2004-05-05,6.064780235290527
2004-05-06,5.955109596252441
2004-05-07,5.850921154022217
2004-05-10,5.620615482330322
2004-05-11,5.653512001037598
2004-05-12,5.69189977645874
2004-05-13,5.658999443054199
2004-05-14,5.631579875946045
2004-05-17,5.565778732299805
2004-05-18,5.615131855010986
2004-05-19,5.774154186248779
2004-05-20,5.697384834289551
2004-05-21,5.768670082092285
2004-05-24,5.785120964050293
2004-05-25,5.823505401611328
2004-05-26,5.850921154022217
2004-05-27,5.9605937004089355
2004-05-28,5.938657283782959
2004-06-01,5.927691459655762
2004-06-02,5.949624538421631
2004-06-03,5.905759334564209
2004-06-04,5.9331769943237305
2004-06-07,6.059296131134033
2004-06-08,6.064780235290527
2004-06-09,5.982526779174805
2004-06-10,6.009945869445801
2004-06-14,5.900272846221924
2004-06-15,5.9605937004089355
2004-06-16,5.971559524536133
2004-06-17,5.993496417999268
2004-06-18,6.026393890380859
2004-06-21,6.026393890380859
2004-06-22,5.971559524536133
2004-06-23,6.004461765289307
2004-06-24,6.081230640411377
2004-06-25,6.0702619552612305
2004-06-28,6.125098705291748
2004-06-29,6.0702619552612305
2004-06-30,6.081230640411377
2004-07-01,6.0483293533325195
2004-07-02,6.064780235290527
2004-07-06,5.988010883331299
2004-07-07,6.031878471374512
2004-07-08,6.0373616218566895
2004-07-09,6.053813934326172
2004-07-12,6.0483293533325195
2004-07-13,6.0483293533325195
2004-07-14,6.020910739898682
2004-07-15,5.971559524536133
2004-07-16,6.009945869445801
2004-07-19,5.988010883331299
2004-07-20,5.977043628692627
2004-07-21,5.944141864776611
2004-07-22,5.911240100860596
2004-07-23,5.839956760406494
2004-07-26,5.812538146972656
2004-07-27,5.812538146972656
2004-07-28,5.807055473327637
2004-07-29,5.8564066886901855
2004-07-30,5.8783392906188965
2004-08-02,5.872854232788086
2004-08-03,5.894791126251221
2004-08-04,5.839956760406494
2004-08-05,5.83447265625
2004-08-06,5.80156946182251
2004-08-09,5.7906012535095215
2004-08-10,5.828986167907715
2004-08-11,5.779636859893799
2004-08-12,5.763187408447266
2004-08-13,5.779636859893799
2004-08-16,5.818020820617676
2004-08-17,5.818020820617676
2004-08-18,5.828986167907715
2004-08-19,5.889305591583252
2004-08-20,5.883821964263916
2004-08-23,5.883821964263916
2004-08-24,5.8564066886901855
2004-08-25,5.872854232788086
2004-08-26,5.911240100860596
2004-08-27,5.9331769943237305
2004-08-30,5.927691459655762
2004-08-31,5.922208786010742
2004-09-01,5.971559524536133
2004-09-02,5.982526779174805
2004-09-03,5.949624538421631
2004-09-07,6.004461765289307
2004-09-08,6.020910739898682
2004-09-09,5.993496417999268
2004-09-10,6.053813934326172
2004-09-13,6.081230640411377
2004-09-14,6.0976786613464355
2004-09-15,6.020910739898682
2004-09-16,6.0483293533325195
2004-09-17,6.064780235290527
2004-09-20,6.053813934326172
2004-09-21,6.108646392822266
2004-09-22,6.0702619552612305
2004-09-23,6.064780235290527
2004-09-24,6.042846202850342
2004-09-27,6.015430927276611
2004-09-28,6.0373616218566895
2004-09-29,6.059296131134033
2004-09-30,6.0976786613464355
2004-10-01,6.190900802612305
2004-10-04,6.212831974029541
2004-10-05,6.229286193847656
2004-10-06,6.234767913818359
2004-10-07,6.2238006591796875
2004-10-08,6.262187480926514
2004-10-11,6.256705284118652
2004-10-12,6.168966770172119
2004-10-13,6.152517318725586
2004-10-14,6.147032260894775
2004-10-15,6.174448490142822
2004-10-18,6.163483142852783
2004-10-19,6.2238006591796875
2004-10-20,6.190900802612305
2004-10-21,6.218318462371826
2004-10-22,6.218318462371826
2004-10-25,6.196384429931641
2004-10-26,6.212831974029541
2004-10-27,6.2896037101745605
2004-10-28,6.317021369934082
2004-10-29,6.2950873374938965
2004-11-01,6.3334736824035645
2004-11-02,6.382823944091797
2004-11-03,6.4650774002075195
2004-11-04,6.492495059967041
2004-11-05,6.530879497528076
2004-11-08,6.51991081237793
2004-11-09,6.508946895599365
2004-11-10,6.508946895599365
2004-11-11,6.547330856323242
2004-11-12,6.602166652679443
2004-11-15,6.635068416595459
2004-11-16,6.613133430480957
2004-11-17,6.689900875091553
2004-11-18,6.673452854156494
2004-11-19,6.65700101852417
2004-11-22,6.613133430480957
2004-11-23,6.640550136566162
2004-11-24,6.678936004638672
2004-11-26,6.7447381019592285
2004-11-29,6.772155284881592
2004-11-30,6.7502217292785645
2004-12-01,6.810541152954102
2004-12-02,6.821506977081299
2004-12-03,6.859888076782227
2004-12-06,6.843441486358643
2004-12-07,6.837958812713623
2004-12-08,6.7447381019592285
2004-12-09,6.684417724609375
2004-12-10,6.667968273162842
2004-12-13,6.7502217292785645
2004-12-14,6.766672134399414
2004-12-15,6.843441486358643
2004-12-16,6.8160223960876465
2004-12-17,6.783121109008789
2004-12-20,6.865373134613037
2004-12-21,6.848924160003662
2004-12-22,6.88731050491333
2004-12-23,6.936657905578613
2004-12-27,7.00246000289917
2004-12-28,7.013427734375
2004-12-29,6.9938459396362305
2004-12-30,7.038605690002441
2004-12-31,7.049798011779785
2005-01-03,7.021822452545166
2005-01-04,6.9490861892700195
2005-01-05,6.887542724609375
2005-01-06,6.853969573974609
2005-01-07,6.837183952331543
2005-01-10,6.865159034729004
2005-01-11,6.876351833343506
2005-01-12,6.893136024475098
2005-01-13,6.876351833343506
2005-01-14,6.870755195617676
2005-01-18,6.859566688537598
2005-01-19,6.876351833343506
2005-01-20,6.803614616394043
2005-01-21,6.814806938171387
2005-01-24,6.842780590057373
2005-01-25,6.820398330688477
2005-01-26,6.8987321853637695
2005-01-27,6.90432596206665
2005-01-28,6.876351833343506
2005-01-31,6.932301044464111
2005-02-01,6.9490861892700195
2005-02-02,6.9826579093933105
2005-02-03,6.937896251678467
2005-02-04,6.9938459396362305
2005-02-07,6.988250732421875
2005-02-08,6.9490861892700195
2005-02-09,6.960277080535889
2005-02-10,7.005038261413574
2005-02-11,7.044203281402588
2005-02-14,7.111342430114746
2005-02-15,7.139317989349365
2005-02-16,7.105749130249023
2005-02-17,7.139317989349365
2005-02-18,7.15610408782959
2005-02-22,7.195267677307129
2005-02-23,7.1449127197265625
2005-02-24,7.172887325286865
2005-02-25,7.234434604644775
2005-02-28,7.256814002990723
2005-03-01,7.2791972160339355
2005-03-02,7.21764612197876
2005-03-03,7.240030288696289
2005-03-04,7.340742111206055
2005-03-07,7.312767028808594
2005-03-08,7.340742111206055
2005-03-09,7.301577568054199
2005-03-10,7.3071699142456055
2005-03-11,7.318363189697266
2005-03-14,7.2736005783081055
2005-03-15,7.245626449584961
2005-03-16,7.240030288696289
2005-03-17,7.234434604644775
2005-03-18,7.21764612197876
2005-03-21,7.167294502258301
2005-03-22,7.088964939117432
2005-03-23,7.049798011779785
2005-03-24,7.033012390136719
2005-03-28,7.02741813659668
2005-03-29,6.960277080535889
2005-03-30,7.033012390136719
2005-03-31,7.044203281402588
2005-04-01,7.044203281402588
2005-04-04,6.988250732421875
2005-04-05,7.033012390136719
2005-04-06,7.049798011779785
2005-04-07,7.116937637329102
2005-04-08,7.066582679748535
2005-04-11,7.116937637329102
2005-04-12,7.0945611000061035
2005-04-13,7.066582679748535
2005-04-14,6.988250732421875
2005-04-15,6.9099202156066895
2005-04-18,6.853969573974609
2005-04-19,6.926706314086914
2005-04-20,6.865159034729004
2005-04-21,6.977062225341797
2005-04-22,6.9490861892700195
2005-04-25,6.977062225341797
2005-04-26,6.9099202156066895
2005-04-27,6.893136024475098
2005-04-28,6.820398330688477
2005-04-29,6.8987321853637695
2005-05-02,6.893136024475098
2005-05-03,6.9099202156066895
2005-05-04,7.005038261413574
2005-05-05,7.016228199005127
2005-05-06,7.0106306076049805
2005-05-09,7.005038261413574
2005-05-10,6.937896251678467
2005-05-11,6.937896251678467
2005-05-12,6.859566688537598
2005-05-13,6.831588268280029
2005-05-16,6.831588268280029
2005-05-17,6.842780590057373
2005-05-18,6.887542724609375
2005-05-19,6.9211106300354
2005-05-20,6.887542724609375
2005-05-23,6.937896251678467
2005-05-24,6.9434895515441895
2005-05-25,6.9155168533325195
2005-05-26,6.932301044464111
2005-05-27,6.954680919647217
2005-05-31,6.90432596206665
2005-06-01,6.9490861892700195
2005-06-02,6.971465110778809
2005-06-03,6.9434895515441895
2005-06-06,6.9658708572387695
2005-06-07,6.988250732421875
2005-06-08,7.021822452545166
2005-06-09,6.977062225341797
2005-06-10,6.960277080535889
2005-06-13,6.932301044464111
2005-06-14,6.960277080535889
2005-06-15,6.9826579093933105
2005-06-16,7.0106306076049805
2005-06-17,7.100155830383301
2005-06-20,7.055389404296875
2005-06-21,7.066582679748535
2005-06-22,7.0833659172058105
2005-06-23,7.033012390136719
2005-06-24,7.005038261413574
2005-06-27,6.9994401931762695
2005-06-28,7.033012390136719
2005-06-29,7.016228199005127
2005-06-30,6.9938459396362305
2005-07-01,6.9994401931762695
2005-07-05,6.9826579093933105
2005-07-06,6.977062225341797
2005-07-07,6.932301044464111
2005-07-08,6.9938459396362305
2005-07-11,7.0833659172058105
2005-07-12,7.139317989349365
2005-07-13,7.105749130249023
2005-07-14,7.1449127197265625
2005-07-15,7.116937637329102
2005-07-18,7.105749130249023
2005-07-19,7.0833659172058105
2005-07-20,7.172887325286865
2005-07-21,7.1784844398498535
2005-07-22,7.195267677307129
2005-07-25,7.15610408782959
2005-07-26,7.150509834289551
2005-07-27,7.195267677307129
2005-07-28,7.240030288696289
2005-07-29,7.251220703125
2005-08-01,7.312767028808594
2005-08-02,7.379907131195068
2005-08-03,7.413477897644043
2005-08-04,7.374311923980713
2005-08-05,7.318363189697266
2005-08-08,7.363124370574951
2005-08-09,7.419073581695557
2005-08-10,7.5085930824279785
2005-08-11,7.581331253051758
2005-08-12,7.558951377868652
2005-08-15,7.547760009765625
2005-08-16,7.486212730407715
2005-08-17,7.480618476867676
2005-08-18,7.391096115112305
2005-08-19,7.402289390563965
2005-08-22,7.4974045753479
2005-08-23,7.441455364227295
2005-08-24,7.402289390563965
2005-08-25,7.419073581695557
2005-08-26,7.407882213592529
2005-08-29,7.385501861572266
2005-08-30,7.340742111206055
2005-08-31,7.4582390785217285
2005-09-01,7.575735092163086
2005-09-02,7.614899635314941
2005-09-06,7.693233489990234
2005-09-07,7.687633037567139
2005-09-08,7.6428751945495605
2005-09-09,7.726800918579102
2005-09-12,7.687633037567139
2005-09-13,7.6204962730407715
2005-09-14,7.654068946838379
2005-09-15,7.654068946838379
2005-09-16,7.710015773773193
2005-09-19,7.6708526611328125
2005-09-20,7.687633037567139
2005-09-21,7.687633037567139
2005-09-22,7.654068946838379
2005-09-23,7.626091003417969
2005-09-26,7.687633037567139
2005-09-27,7.6708526611328125
2005-09-28,7.737992286682129
2005-09-29,7.810729026794434
2005-09-30,7.810729026794434
2005-10-03,7.76596736907959
2005-10-04,7.76596736907959
2005-10-05,7.6708526611328125
2005-10-06,7.6037092208862305
2005-10-07,7.631687164306641
2005-10-10,7.59811544418335
2005-10-11,7.637280464172363
2005-10-12,7.581331253051758
2005-10-13,7.480618476867676
2005-10-14,7.570140838623047
2005-10-17,7.525379657745361
2005-10-18,7.419073581695557
2005-10-19,7.413477897644043
2005-10-20,7.3239545822143555
2005-10-21,7.374311923980713
2005-10-24,7.447049617767334
2005-10-25,7.475025653839111
2005-10-26,7.469429016113281
2005-10-27,7.435858249664307
2005-10-28,7.475025653839111
2005-10-31,7.547760009765625
2005-11-01,7.581331253051758
2005-11-02,7.665253162384033
2005-11-03,7.715610504150391
2005-11-04,7.626091003417969
2005-11-07,7.648469924926758
2005-11-08,7.6204962730407715
2005-11-09,7.614899635314941
2005-11-10,7.6428751945495605
2005-11-11,7.676444053649902
2005-11-14,7.6428751945495605
2005-11-15,7.581331253051758
2005-11-16,7.5925211906433105
2005-11-17,7.704421520233154
2005-11-18,7.732397556304932
2005-11-21,7.777158737182617
2005-11-22,7.743587970733643
2005-11-23,7.821916580200195
2005-11-25,7.793944358825684
2005-11-28,7.771562099456787
2005-11-29,7.782751083374023
2005-11-30,7.749180793762207
2005-12-01,7.866677761077881
2005-12-02,7.900247573852539
2005-12-05,7.922629356384277
2005-12-06,7.961795330047607
2005-12-07,7.933818817138672
2005-12-08,7.9394145011901855
2005-12-09,7.9841742515563965
2005-12-12,8.068102836608887
2005-12-13,8.101669311523438
2005-12-14,8.124052047729492
2005-12-15,8.051318168640137
2005-12-16,8.107269287109375
2005-12-19,8.096076011657715
2005-12-20,8.112860679626465
2005-12-21,8.129650115966797
2005-12-22,8.16881275177002
2005-12-23,8.180004119873047
2005-12-27,8.146432876586914
2005-12-28,8.213571548461914
2005-12-29,8.204438209533691
2005-12-30,8.147346496582031
2006-01-03,8.381429672241211
2006-01-04,8.49561882019043
2006-01-05,8.478490829467773
2006-01-06,8.586969375610352
2006-01-09,8.59267807006836
2006-01-10,8.512746810913086
2006-01-11,8.581262588500977
2006-01-12,8.547004699707031
2006-01-13,8.547004699707031
2006-01-17,8.438523292541504
2006-01-18,8.330046653747559
2006-01-19,8.461360931396484
2006-01-20,8.330046653747559
2006-01-23,8.438523292541504
2006-01-24,8.47278118133545
2006-01-25,8.518457412719727
2006-01-26,8.632640838623047
2006-01-27,8.69544506072998
2006-01-30,8.666898727416992
2006-01-31,8.706864356994629
2006-02-01,8.735414505004883
2006-02-02,8.626935958862305
2006-02-03,8.569841384887695
2006-02-06,8.604098320007324
2006-02-07,8.529876708984375
2006-02-08,8.518457412719727
2006-02-09,8.552713394165039
2006-02-10,8.547004699707031
2006-02-13,8.47278118133545
2006-02-14,8.518457412719727
2006-02-15,8.512746810913086
2006-02-16,8.552713394165039
2006-02-17,8.547004699707031
2006-02-21,8.564131736755371
2006-02-22,8.609807014465332
2006-02-23,8.644065856933594
2006-02-24,8.678319931030273
2006-02-27,8.71828556060791
2006-02-28,8.644065856933594
2006-03-01,8.7239990234375
2006-03-02,8.672612190246582
2006-03-03,8.644065856933594
2006-03-06,8.638352394104004
2006-03-07,8.524166107177734
2006-03-08,8.501330375671387
2006-03-09,8.54129409790039
2006-03-10,8.598388671875
2006-03-13,8.684029579162598
2006-03-14,8.786799430847168
2006-03-15,8.8096342086792
2006-03-16,8.838183403015137
2006-03-17,8.878149032592773
2006-03-20,8.918113708496094
2006-03-21,8.843892097473145
2006-03-22,8.895278930664062
2006-03-23,8.8096342086792
2006-03-24,8.855311393737793
2006-03-27,8.861024856567383
2006-03-28,8.826766967773438
2006-03-29,8.855311393737793
2006-03-30,8.969498634338379
2006-03-31,8.918113708496094
2006-04-03,9.015176773071289
2006-04-04,9.106531143188477
2006-04-05,9.14649486541748
2006-04-06,9.163619041442871
2006-04-07,9.066561698913574
2006-04-10,9.083687782287598
2006-04-11,8.998048782348633
2006-04-12,8.980921745300293
2006-04-13,8.986626625061035
2006-04-17,9.049431800842285
2006-04-18,9.1864595413208
2006-04-19,9.2606782913208
2006-04-20,9.254972457885742
2006-04-21,9.329195022583008
2006-04-24,9.294938087463379
2006-04-25,9.306357383728027
2006-04-26,9.369160652160645
2006-04-27,9.391997337341309
2006-04-28,9.374870300292969
2006-05-01,9.426251411437988
2006-05-02,9.557567596435547
2006-05-03,9.494763374328613
2006-05-04,9.56328010559082
2006-05-05,9.700304985046387
2006-05-08,9.72885513305664
2006-05-09,9.768819808959961
2006-05-10,9.72885513305664
2006-05-11,9.643210411071777
2006-05-12,9.494763374328613
2006-05-15,9.391997337341309
2006-05-16,9.357741355895996
2006-05-17,9.106531143188477
2006-05-18,9.055140495300293
2006-05-19,9.038017272949219
2006-05-22,8.832477569580078
2006-05-23,8.918113708496094
2006-05-24,8.832477569580078
2006-05-25,8.935243606567383
2006-05-26,9.049431800842285
2006-05-30,8.912405967712402
2006-05-31,8.958085060119629
2006-06-01,9.009468078613281
2006-06-02,9.089396476745605
2006-06-05,8.946660995483398
2006-06-06,8.78109073638916
2006-06-07,8.684029579162598
2006-06-08,8.449945449829102
2006-06-09,8.501330375671387
2006-06-12,8.381429672241211
2006-06-13,8.147346496582031
2006-06-14,8.278658866882324
2006-06-15,8.518457412719727
2006-06-16,8.484201431274414
2006-06-19,8.415687561035156
2006-06-20,8.444234848022461
2006-06-21,8.524166107177734
2006-06-22,8.53558349609375
2006-06-23,8.512746810913086
2006-06-26,8.53558349609375
2006-06-27,8.461360931396484
2006-06-28,8.501330375671387
2006-06-29,8.79250717163086
2006-06-30,8.923827171325684
2006-07-03,9.020885467529297
2006-07-05,8.843892097473145
2006-07-06,8.923827171325684
2006-07-07,8.906700134277344
2006-07-10,8.958085060119629
2006-07-11,8.952370643615723
2006-07-12,8.815348625183105
2006-07-13,8.672612190246582
2006-07-14,8.575550079345703
2006-07-17,8.455650329589844
2006-07-18,8.432817459106445
2006-07-19,8.62122631072998
2006-07-20,8.626935958862305
2006-07-21,8.615514755249023
2006-07-24,8.763962745666504
2006-07-25,8.8096342086792
2006-07-26,8.78109073638916
2006-07-27,8.912405967712402
2006-07-28,9.055140495300293
2006-07-31,9.026596069335938
2006-08-01,8.929535865783691
2006-08-02,9.060848236083984
2006-08-03,9.009468078613281
2006-08-04,9.095108032226562
2006-08-07,8.992339134216309
2006-08-08,8.986626625061035
2006-08-09,9.049431800842285
2006-08-10,9.032301902770996
2006-08-11,8.986626625061035
2006-08-14,9.026596069335938
2006-08-15,9.180750846862793
2006-08-16,9.283520698547363
2006-08-17,9.289228439331055
2006-08-18,9.26639175415039
2006-08-21,9.254972457885742
2006-08-22,9.232135772705078
2006-08-23,9.175036430358887
2006-08-24,9.180750846862793
2006-08-25,9.14649486541748
2006-08-28,9.180750846862793
2006-08-29,9.215005874633789
2006-08-30,9.2606782913208
2006-08-31,9.254972457885742
2006-09-01,9.312067985534668
2006-09-05,9.369160652160645
2006-09-06,9.215005874633789
2006-09-07,9.117945671081543
2006-09-08,9.129361152648926
2006-09-11,9.049431800842285
2006-09-12,9.14649486541748
2006-09-13,9.140786170959473
2006-09-14,9.169333457946777
2006-09-15,9.135076522827148
2006-09-18,9.1864595413208
2006-09-19,9.157912254333496
2006-09-20,9.19787883758545
2006-09-21,9.1864595413208
2006-09-22,9.163619041442871
2006-09-25,9.169333457946777
2006-09-26,9.209293365478516
2006-09-27,9.289228439331055
2006-09-28,9.300647735595703
2006-09-29,9.277806282043457
2006-10-02,9.312067985534668
2006-10-03,9.300647735595703
2006-10-04,9.36345100402832
2006-10-05,9.420547485351562
2006-10-06,9.352031707763672
2006-10-09,9.329195022583008
2006-10-10,9.374870300292969
2006-10-11,9.36345100402832
2006-10-12,9.44909381866455
2006-10-13,9.460512161254883
2006-10-16,9.517602920532227
2006-10-17,9.45479965209961
2006-10-18,9.483348846435547
2006-10-19,9.540443420410156
2006-10-20,9.56328010559082
2006-10-23,9.580410957336426
2006-10-24,9.580410957336426
2006-10-25,9.637502670288086
2006-10-26,9.706013679504395
2006-10-27,9.631794929504395
2006-10-30,9.614665985107422
2006-10-31,9.648921012878418
2006-11-01,9.654633522033691
2006-11-02,9.671762466430664
2006-11-03,9.654633522033691
2006-11-06,9.774530410766602
2006-11-07,9.820205688476562
2006-11-08,9.791656494140625
2006-11-09,9.72885513305664
2006-11-10,9.803075790405273
2006-11-13,9.76310920715332
2006-11-14,9.843040466308594
2006-11-15,9.831621170043945
2006-11-16,9.820205688476562
2006-11-17,9.791656494140625
2006-11-20,9.72885513305664
2006-11-21,9.774530410766602
2006-11-22,9.877299308776855
2006-11-24,9.871587753295898
2006-11-27,9.768819808959961
2006-11-28,9.808784484863281
2006-11-29,9.974361419677734
2006-11-30,10.008617401123047
2006-12-01,9.997196197509766
2006-12-04,10.071419715881348
2006-12-05,10.105677604675293
2006-12-06,10.122804641723633
2006-12-07,10.13422679901123
2006-12-08,10.151352882385254
2006-12-11,10.122804641723633
2006-12-12,10.13422679901123
2006-12-13,10.179898262023926
2006-12-14,10.254117012023926
2006-12-15,10.236993789672852
2006-12-18,10.191316604614258
2006-12-19,10.214153289794922
2006-12-20,10.24270248413086
2006-12-21,10.231282234191895
2006-12-22,10.208443641662598
2006-12-26,10.24841022491455
2006-12-27,10.334052085876465
2006-12-28,10.341058731079102
2006-12-29,10.317702293395996
2007-01-03,10.39944839477539
2007-01-04,10.370253562927246
2007-01-05,10.19508171081543
2007-01-08,10.20676040649414
2007-01-09,10.200922012329102
2007-01-10,10.101655006408691
2007-01-11,10.154208183288574
2007-01-12,10.288505554199219
2007-01-16,10.29434871673584
2007-01-17,10.300183296203613
2007-01-18,10.288505554199219
2007-01-19,10.376091957092285
2007-01-22,10.358576774597168
2007-01-23,10.434486389160156
2007-01-24,10.510393142700195
2007-01-25,10.376091957092285
2007-01-26,10.335221290588379
2007-01-29,10.335221290588379
2007-01-30,10.416966438293457
2007-01-31,10.416966438293457
2007-02-01,10.545425415039062
2007-02-02,10.539590835571289
2007-02-05,10.504552841186523
2007-02-06,10.574624061584473
2007-02-07,10.615500450134277
2007-02-08,10.562948226928711
2007-02-09,10.522071838378906
2007-02-12,10.475358009338379
2007-02-13,10.59213924407959
2007-02-14,10.743955612182617
2007-02-15,10.773151397705078
2007-02-16,10.767313003540039
2007-02-20,10.784832954406738
2007-02-21,10.726441383361816
2007-02-22,10.773151397705078
2007-02-23,10.814021110534668
2007-02-26,10.837384223937988
2007-02-27,10.422805786132812
2007-02-28,10.422805786132812
2007-03-01,10.311861991882324
2007-03-02,10.189242362976074
2007-03-05,9.990713119506836
2007-03-06,10.253470420837402
2007-03-07,10.241796493530273
2007-03-08,10.387774467468262
2007-03-09,10.41112995147705
2007-03-12,10.469520568847656
2007-03-13,10.247634887695312
2007-03-14,10.224278450012207
2007-03-15,10.30602741241455
2007-03-16,10.30602741241455
2007-03-19,10.463678359985352
2007-03-20,10.533751487731934
2007-03-21,10.697244644165039
2007-03-22,10.761473655700684
2007-03-23,10.773151397705078
2007-03-26,10.778996467590332
2007-03-27,10.714764595031738
2007-03-28,10.644693374633789
2007-03-29,10.738117218017578
2007-03-30,10.714764595031738
2007-04-02,10.773151397705078
2007-04-03,10.889933586120605
2007-04-04,10.930806159973145
2007-04-05,10.977522850036621
2007-04-09,10.960004806518555
2007-04-10,11.059270858764648
2007-04-11,11.006718635559082
2007-04-12,11.076786041259766
2007-04-13,11.10014533996582
2007-04-16,11.246118545532227
2007-04-17,11.21692180633545
2007-04-18,11.21692180633545
2007-04-19,11.15853500366211
2007-04-20,11.298672676086426
2007-04-23,11.211085319519043
2007-04-24,11.193571090698242
2007-04-25,11.31035041809082
2007-04-26,11.234445571899414
2007-04-27,11.211085319519043
2007-04-30,11.13518238067627
2007-05-01,11.146859169006348
2007-05-02,11.246118545532227
2007-05-03,11.275321960449219
2007-05-04,11.362907409667969
2007-05-07,11.409615516662598
2007-05-08,11.31618881225586
2007-05-09,11.38042163848877
2007-05-10,11.181890487670898
2007-05-11,11.339545249938965
2007-05-14,11.298672676086426
2007-05-15,11.304511070251465
2007-05-16,11.351227760314941
2007-05-17,11.31035041809082
2007-05-18,11.392105102539062
2007-05-21,11.368742942810059
2007-05-22,11.374580383300781
2007-05-23,11.415457725524902
2007-05-24,11.292835235595703
2007-05-25,11.357062339782715
2007-05-29,11.386263847351074
2007-05-30,11.415457725524902
2007-05-31,11.479684829711914
2007-06-01,11.59062671661377
2007-06-04,11.613984107971191
2007-06-05,11.567270278930664
2007-06-06,11.415457725524902
2007-06-07,11.222764015197754
2007-06-08,11.31618881225586
2007-06-11,11.339545249938965
2007-06-12,11.193571090698242
2007-06-13,11.32786750793457
2007-06-14,11.427133560180664
2007-06-15,11.578953742980957
2007-06-18,11.602309226989746
2007-06-19,11.613984107971191
2007-06-20,11.514717102050781
2007-06-21,11.584790229797363
2007-06-22,11.47384262084961
2007-06-25,11.432971000671387
2007-06-26,11.409615516662598
2007-06-27,11.450490951538086
2007-06-28,11.47384262084961
2007-06-29,11.549753189086914
2007-07-02,11.713252067565918
2007-07-03,11.777482032775879
2007-07-05,11.771637916564941
2007-07-06,11.835870742797852
2007-07-09,11.894265174865723
2007-07-10,11.783318519592285
2007-07-11,11.859227180480957
2007-07-12,12.051916122436523
2007-07-13,12.069440841674805
2007-07-16,12.022723197937012
2007-07-17,11.987690925598145
2007-07-18,11.935135841369629
2007-07-19,12.022723197937012
2007-07-20,11.92929458618164
2007-07-23,12.01688289642334
2007-07-24,11.806676864624023
2007-07-25,11.800835609436035
2007-07-26,11.427133560180664
2007-07-27,11.228605270385742
2007-07-30,11.432971000671387
2007-07-31,11.427133560180664
2007-08-01,11.374580383300781
2007-08-02,11.409615516662598
2007-08-03,11.146859169006348
2007-08-06,11.357062339782715
2007-08-07,11.351227760314941
2007-08-08,11.573113441467285
2007-08-09,11.193571090698242
2007-08-10,11.070945739746094
2007-08-13,11.10014533996582
2007-08-14,10.919132232666016
2007-08-15,10.685568809509277
2007-08-16,10.522071838378906
2007-08-17,10.67388916015625
2007-08-20,10.738117218017578
2007-08-21,10.743955612182617
2007-08-22,10.995041847229004
2007-08-23,11.053435325622559
2007-08-24,11.234445571899414
2007-08-27,11.170212745666504
2007-08-28,10.901615142822266
2007-08-29,11.199411392211914
2007-08-30,11.117663383483887
2007-08-31,11.345389366149902
2007-09-04,11.456327438354492
2007-09-05,11.263644218444824
2007-09-06,11.345389366149902
2007-09-07,11.181890487670898
2007-09-10,11.14101791381836
2007-09-11,11.339545249938965
2007-09-12,11.345389366149902
2007-09-13,11.421296119689941
2007-09-14,11.368742942810059
2007-09-17,11.21692180633545
2007-09-18,11.555595397949219
2007-09-19,11.678215026855469
2007-09-20,11.66653823852539
2007-09-21,11.771637916564941
2007-09-24,11.789156913757324
2007-09-25,11.812512397766113
2007-09-26,11.870905876159668
2007-09-27,12.04608154296875
2007-09-28,12.069440841674805
2007-10-01,12.244607925415039
2007-10-02,12.244607925415039
2007-10-03,12.168700218200684
2007-10-04,12.203731536865234
2007-10-05,12.355549812316895
2007-10-08,12.262121200561523
2007-10-09,12.402265548706055
2007-10-10,12.396424293518066
2007-10-11,12.413944244384766
2007-10-12,12.495686531066895
2007-10-15,12.390586853027344
2007-10-16,12.232929229736328
2007-10-17,12.338033676147461
2007-10-18,12.373064994812012
2007-10-19,12.104471206665039
2007-10-22,12.069440841674805
2007-10-23,12.285483360290527
2007-10-24,12.238765716552734
2007-10-25,12.303001403808594
2007-10-26,12.56575870513916
2007-10-29,12.682540893554688
2007-10-30,12.57744026184082
2007-10-31,12.781805992126465
2007-11-01,12.413944244384766
2007-11-02,12.51320743560791
2007-11-05,12.303001403808594
2007-11-06,12.51904582977295
2007-11-07,12.250449180603027
2007-11-08,12.314676284790039
2007-11-09,12.086954116821289
2007-11-12,11.847549438476562
2007-11-13,12.197896957397461
2007-11-14,12.151182174682617
2007-11-15,11.964329719543457
2007-11-16,11.999364852905273
2007-11-19,11.68989372253418
2007-11-20,11.894265174865723
2007-11-21,11.619823455810547
2007-11-23,11.876747131347656
2007-11-26,11.684052467346191
2007-11-27,11.859227180480957
2007-11-28,12.157023429870605
2007-11-29,12.121989250183105
2007-11-30,12.197896957397461
2007-12-03,12.139500617980957
2007-12-04,12.081110000610352
2007-12-05,12.262121200561523
2007-12-06,12.390586853027344
2007-12-07,12.373064994812012
2007-12-10,12.44313907623291
2007-12-11,12.133668899536133
2007-12-12,12.338033676147461
2007-12-13,12.104471206665039
2007-12-14,11.812512397766113
2007-12-17,11.514717102050781
2007-12-18,11.637338638305664
2007-12-19,11.573113441467285
2007-12-20,11.602309226989746
2007-12-21,11.812512397766113
2007-12-24,11.894265174865723
2007-12-26,11.952655792236328
2007-12-27,11.899925231933594
2007-12-28,11.977819442749023
2007-12-31,11.917899131774902
2008-01-02,11.851985931396484
2008-01-03,11.857980728149414
2008-01-04,11.582350730895996
2008-01-07,11.582350730895996
2008-01-08,11.522436141967773
2008-01-09,11.684216499328613
2008-01-10,11.66025161743164
2008-01-11,11.456521987915039
2008-01-14,11.600327491760254
2008-01-15,11.222840309143066
2008-01-16,10.97716999053955
2008-01-17,10.797412872314453
2008-01-18,10.845349311828613
2008-01-22,10.419922828674316
2008-01-23,10.377982139587402
2008-01-24,10.71352481842041
2008-01-25,10.6655912399292
2008-01-28,10.75546646118164
2008-01-29,10.839359283447266
2008-01-30,10.76146125793457
2008-01-31,10.899273872375488
2008-02-01,11.061057090759277
2008-02-04,11.037091255187988
2008-02-05,10.587695121765137
2008-02-06,10.527778625488281
2008-02-07,10.467860221862793
2008-02-08,10.407941818237305
2008-02-11,10.419922828674316
2008-02-12,10.647613525390625
2008-02-13,10.71951961517334
2008-02-14,10.725509643554688
2008-02-15,10.71352481842041
2008-02-19,10.863320350646973
2008-02-20,10.815390586853027
2008-02-21,10.80939769744873
2008-02-22,10.917254447937012
2008-02-25,11.067049980163574
2008-02-26,11.246809005737305
2008-02-27,11.300736427307129
2008-02-28,11.210855484008789
2008-02-29,10.935227394104004
2008-03-03,10.911261558532715
2008-03-04,10.76146125793457
2008-03-05,10.905267715454102
2008-03-06,10.743485450744629
2008-03-07,10.635634422302246
2008-03-10,10.479843139648438
2008-03-11,10.85733413696289
2008-03-12,10.827373504638672
2008-03-13,10.839359283447266
2008-03-14,10.617658615112305
2008-03-17,10.342028617858887
2008-03-18,10.695551872253418
2008-03-19,10.312070846557617
2008-03-20,10.431904792785645
2008-03-24,10.59968090057373
2008-03-25,10.80939769744873
2008-03-26,10.833364486694336
2008-03-27,10.827373504638672
2008-03-28,10.815390586853027
2008-03-31,10.85733413696289
2008-04-01,11.156929969787598
2008-04-02,11.1868896484375
2008-04-03,11.222840309143066
2008-04-04,11.270772933959961
2008-04-07,11.330692291259766
2008-04-08,11.270772933959961
2008-04-09,11.192876815795898
2008-04-10,11.174901008605957
2008-04-11,11.049074172973633
2008-04-14,11.025105476379395
2008-04-15,11.120976448059082
2008-04-16,11.426568031311035
2008-04-17,11.324698448181152
2008-04-18,11.450533866882324
2008-04-21,11.492476463317871
2008-04-22,11.426568031311035
2008-04-23,11.47450065612793
2008-04-24,11.40859317779541
2008-04-25,11.52842903137207
2008-04-28,11.546407699584961
2008-04-29,11.432558059692383
2008-04-30,11.492476463317871
2008-05-01,11.576362609863281
2008-05-02,11.654254913330078
2008-05-05,11.672229766845703
2008-05-06,11.732150077819824
2008-05-07,11.51644229888916
2008-05-08,11.612312316894531
2008-05-09,11.534419059753418
2008-05-12,11.648265838623047
2008-05-13,11.618305206298828
2008-05-14,11.630285263061523
2008-05-15,11.828022003173828
2008-05-16,11.941865921020508
2008-05-19,11.929884910583496
2008-05-20,11.816031455993652
2008-05-21,11.684216499328613
2008-05-22,11.780086517333984
2008-05-23,11.63628101348877
2008-05-27,11.600327491760254
2008-05-28,11.630285263061523
2008-05-29,11.588347434997559
2008-05-30,11.666239738464355
2008-06-02,11.576362609863281
2008-06-03,11.498467445373535
2008-06-04,11.426568031311035
2008-06-05,11.60632038116455
2008-06-06,11.300736427307129
2008-06-09,11.282757759094238
2008-06-10,11.073039054870605
2008-06-11,10.917254447937012
2008-06-12,10.89328670501709
2008-06-13,10.989155769348145
2008-06-16,11.031100273132324
2008-06-17,11.085026741027832
2008-06-18,10.983160018920898
2008-06-19,10.95919418334961
2008-06-20,10.707536697387695
2008-06-23,10.707536697387695
2008-06-24,10.647613525390625
2008-06-25,10.79141902923584
2008-06-26,10.55174732208252
2008-06-27,10.581704139709473
2008-06-30,10.617658615112305
2008-07-01,10.515795707702637
2008-07-02,10.29409408569336
2008-07-03,10.318059921264648
2008-07-07,10.288097381591797
2008-07-08,10.29409408569336
2008-07-09,10.198223114013672
2008-07-10,10.276114463806152
2008-07-11,10.14429759979248
2008-07-14,10.12631893157959
2008-07-15,9.952557563781738
2008-07-16,10.132308959960938
2008-07-17,10.264134407043457
2008-07-18,10.28210735321045
2008-07-21,10.371990203857422
2008-07-22,10.401949882507324
2008-07-23,10.4558744430542
2008-07-24,10.270123481750488
2008-07-25,10.25814151763916
2008-07-28,10.12631893157959
2008-07-29,10.210206031799316
2008-07-30,10.354013442993164
2008-07-31,10.228185653686523
2008-08-01,10.108345031738281
2008-08-04,9.970529556274414
2008-08-05,10.18024730682373
2008-08-06,10.210206031799316
2008-08-07,10.012473106384277
2008-08-08,10.048425674438477
2008-08-11,10.042434692382812
2008-08-12,9.9285888671875
2008-08-13,9.814739227294922
2008-08-14,9.790776252746582
2008-08-15,9.724861145019531
2008-08-18,9.658951759338379
2008-08-19,9.521137237548828
2008-08-20,9.611016273498535
2008-08-21,9.640976905822754
2008-08-22,9.6829195022583
2008-08-25,9.545103073120117
2008-08-26,9.55709171295166
2008-08-27,9.64696979522705
2008-08-28,9.754825592041016
2008-08-29,9.706889152526855
2008-09-02,9.55709171295166
2008-09-03,9.491177558898926
2008-09-04,9.107697486877441
2008-09-05,9.059759140014648
2008-09-08,9.25749397277832
2008-09-09,8.927940368652344
2008-09-10,9.00583553314209
2008-09-11,8.95789909362793
2008-09-12,9.113691329956055
2008-09-15,8.700248718261719
2008-09-16,8.682273864746094
2008-09-17,8.268829345703125
2008-09-18,8.610366821289062
2008-09-19,9.17360782623291
2008-09-22,9.041783332824707
2008-09-23,8.856037139892578
2008-09-24,8.897978782653809
2008-09-25,9.08372974395752
2008-09-26,8.981864929199219
2008-09-29,8.148987770080566
2008-09-30,8.436604499816895
2008-10-01,8.424620628356934
2008-10-02,8.023164749145508
2008-10-03,8.011178970336914
2008-10-06,7.483890056610107
2008-10-07,7.19028902053833
2008-10-08,6.992552757263184
2008-10-09,6.585105895996094
2008-10-10,6.465267658233643
2008-10-13,7.250206470489502
2008-10-14,7.19028902053833
2008-10-15,6.459272861480713
2008-10-16,6.7948222160339355
2008-10-17,6.573122501373291
2008-10-20,6.9865641593933105
2008-10-21,6.62704610824585
2008-10-22,6.1297197341918945
2008-10-23,6.225590705871582
2008-10-24,5.806156158447266
2008-10-27,5.524537086486816
2008-10-28,6.183646202087402
2008-10-29,6.225590705871582
2008-10-30,6.555144786834717
2008-10-31,6.573122501373291
2008-11-03,6.609073162078857
2008-11-04,7.028504371643066
2008-11-05,6.710934162139893
2008-11-06,6.273526668548584
2008-11-07,6.573122501373291
2008-11-10,6.5251851081848145
2008-11-11,6.261538982391357
2008-11-12,5.949962615966797
2008-11-13,6.381379127502441
2008-11-14,6.051824569702148
2008-11-17,5.9439697265625
2008-11-18,5.9439697265625
2008-11-19,5.566479206085205
2008-11-20,5.260891914367676
2008-11-21,5.626399040222168
2008-11-24,5.997897148132324
2008-11-25,6.04583215713501
2008-11-26,6.1237263679504395
2008-11-28,6.15968132019043
2008-12-01,5.668344020843506
2008-12-02,5.925992965698242
2008-12-03,5.9619460105896
2008-12-04,5.794173717498779
2008-12-05,5.89603328704834
2008-12-08,6.189638614654541
2008-12-09,6.141704082489014
2008-12-10,6.315467834472656
2008-12-11,6.309477806091309
2008-12-12,6.339436054229736
2008-12-15,6.345429420471191
2008-12-16,6.68097448348999
2008-12-17,6.6689887046813965
2008-12-18,6.519193649291992
2008-12-19,6.447288990020752
2008-12-22,6.375387191772461
2008-12-23,6.315467834472656
2008-12-24,6.333441257476807
2008-12-26,6.399354934692383
2008-12-29,6.465267658233643
2008-12-30,6.598093032836914
2008-12-31,6.666053295135498
2009-01-02,6.801965713500977
2009-01-05,6.734010219573975
2009-01-06,6.814323902130127
2009-01-07,6.690762519836426
2009-01-08,6.727830410003662
2009-01-09,6.55484676361084
2009-01-12,6.388041973114014
2009-01-13,6.27683687210083
2009-01-14,6.066783428192139
2009-01-15,6.072963237762451
2009-01-16,6.103853702545166
2009-01-20,5.7146406173706055
2009-01-21,5.9308695793151855
2009-01-22,5.807310104370117
2009-01-23,5.751709461212158
2009-01-26,5.881448268890381
2009-01-27,5.974116325378418
2009-01-28,6.1594557762146
2009-01-29,5.943227291107178
2009-01-30,5.8690900802612305
2009-02-02,5.807310104370117
2009-02-03,5.955582141876221
2009-02-04,5.949403285980225
2009-02-05,6.023540496826172
2009-02-06,6.171812057495117
2009-02-09,6.18416690826416
2009-02-10,5.918514728546143
2009-02-11,5.967938423156738
2009-02-12,5.937047958374023
2009-02-13,5.90615701675415
2009-02-17,5.57254695892334
2009-02-18,5.566368579864502
2009-02-19,5.57254695892334
2009-02-20,5.479876518249512
2009-02-23,5.325427055358887
2009-02-24,5.467521667480469
2009-02-25,5.356317520141602
2009-02-26,5.343959331512451
2009-02-27,5.306893348693848
2009-03-02,5.022705078125
2009-03-03,5.0041728019714355
2009-03-04,5.208045482635498
2009-03-05,5.0165276527404785
2009-03-06,5.0288848876953125
2009-03-09,4.92385721206665
2009-03-10,5.220401287078857
2009-03-11,5.2574687004089355
2009-03-12,5.3624958992004395
2009-03-13,5.405742168426514
2009-03-16,5.455163955688477
2009-03-17,5.597259521484375
2009-03-18,5.696106910705566
2009-03-19,5.751709461212158
2009-03-20,5.677570819854736
2009-03-23,6.060606956481934
2009-03-24,5.899979591369629
2009-03-25,6.005006313323975
2009-03-26,6.097675800323486
2009-03-27,5.918514728546143
2009-03-30,5.66521692276001
2009-03-31,5.801132678985596
2009-04-01,5.949403285980225
2009-04-02,6.245948314666748
2009-04-03,6.258304119110107
2009-04-06,6.1903462409973145
2009-04-07,6.066783428192139
2009-04-08,6.103853702545166
2009-04-09,6.2891926765441895
2009-04-13,6.350976467132568
2009-04-14,6.313904285430908
2009-04-15,6.363331317901611
2009-04-16,6.431289196014404
2009-04-17,6.4189324378967285
2009-04-20,6.153278827667236
2009-04-21,6.258304119110107
2009-04-22,6.2212324142456055
2009-04-23,6.369505405426025
2009-04-24,6.486887454986572
2009-04-27,6.369505405426025
2009-04-28,6.313904285430908
2009-04-29,6.493068218231201
2009-04-30,6.542491912841797
2009-05-01,6.610447406768799
2009-05-04,6.894633769989014
2009-05-05,6.863748550415039
2009-05-06,6.999659061431885
2009-05-07,6.91934871673584
2009-05-08,7.172643184661865
2009-05-11,7.036727428436279
2009-05-12,7.067620754241943
2009-05-13,6.869924068450928
2009-05-14,6.913169860839844
2009-05-15,6.888457775115967
2009-05-18,7.141757488250732
2009-05-19,7.191178798675537
2009-05-20,7.26531457901001
2009-05-21,7.197355270385742
2009-05-22,7.234425067901611
2009-05-26,7.351808071136475
2009-05-27,7.2714948654174805
2009-05-28,7.339450836181641
2009-05-29,7.4815449714660645
2009-06-01,7.691595077514648
2009-06-02,7.703953742980957
2009-06-03,7.506255626678467
2009-06-04,7.537142753601074
2009-06-05,7.4815449714660645
2009-06-08,7.432121276855469
2009-06-09,7.487723350524902
2009-06-10,7.555680751800537
2009-06-11,7.648351669311523
2009-06-12,7.6359944343566895
2009-06-15,7.364165306091309
2009-06-16,7.290028095245361
2009-06-17,7.283851623535156
2009-06-18,7.2776713371276855
2009-06-19,7.357983112335205
2009-06-22,7.123221397399902
2009-06-23,7.191178798675537
2009-06-24,7.2591376304626465
2009-06-25,7.357983112335205
2009-06-26,7.388876438140869
2009-06-29,7.450655460357666
2009-06-30,7.382697105407715
2009-07-01,7.4815449714660645
2009-07-02,7.2776713371276855
2009-07-06,7.26531457901001
2009-07-07,7.117044925689697
2009-07-08,7.079974174499512
2009-07-09,7.160289287567139
2009-07-10,7.086153507232666
2009-07-13,7.178824424743652
2009-07-14,7.222069263458252
2009-07-15,7.487723350524902
2009-07-16,7.530970096588135
2009-07-17,7.537142753601074
2009-07-20,7.710132122039795
2009-07-21,7.7472004890441895
2009-07-22,7.759556293487549
2009-07-23,7.901649475097656
2009-07-24,7.920182228088379
2009-07-27,7.957247734069824
2009-07-28,7.926360607147217
2009-07-29,7.876935005187988
2009-07-30,8.006672859191895
2009-07-31,8.117879867553711
2009-08-03,8.327927589416504
2009-08-04,8.290862083435059
2009-08-05,8.2476167678833
2009-08-06,8.216727256774902
2009-08-07,8.229083061218262
2009-08-10,8.179656982421875
2009-08-11,8.099348068237305
2009-08-12,8.185833930969238
2009-08-13,8.303216934204102
2009-08-14,8.241436958312988
2009-08-17,7.9634294509887695
2009-08-18,8.099348068237305
2009-08-19,8.136414527893066
2009-08-20,8.235260963439941
2009-08-21,8.38353157043457
2009-08-24,8.408244132995605
2009-08-25,8.445311546325684
2009-08-26,8.408244132995605
2009-08-27,8.445311546325684
2009-08-28,8.457670211791992
2009-08-31,8.395886421203613
2009-09-01,8.216727256774902
2009-09-02,8.229083061218262
2009-09-03,8.290862083435059
2009-09-04,8.41442584991455
2009-09-08,8.593579292297363
2009-09-09,8.667722702026367
2009-09-10,8.754210472106934
2009-09-11,8.754210472106934
2009-09-14,8.748034477233887
2009-09-15,8.772746086120605
2009-09-16,8.945725440979004
2009-09-17,8.914834976196289
2009-09-18,8.914834976196289
2009-09-21,8.840705871582031
2009-09-22,8.951910018920898
2009-09-23,8.883947372436523
2009-09-24,8.772746086120605
2009-09-25,8.735676765441895
2009-09-28,8.83452320098877
2009-09-29,8.803635597229004
2009-09-30,8.83452320098877
2009-10-01,8.599760055541992
2009-10-02,8.525626182556152
2009-10-05,8.643009185791016
2009-10-06,8.803635597229004
2009-10-07,8.822169303894043
2009-10-08,8.951910018920898
2009-10-09,8.958083152770996
2009-10-12,9.001331329345703
2009-10-13,8.9766206741333
2009-10-14,9.205206871032715
2009-10-15,9.217561721801758
2009-10-16,9.100174903869629
2009-10-19,9.248452186584473
2009-10-20,9.192850112915039
2009-10-21,9.180488586425781
2009-10-22,9.217561721801758
2009-10-23,9.100174903869629
2009-10-26,8.988974571228027
2009-10-27,8.908660888671875
2009-10-28,8.667722702026367
2009-10-29,8.890128135681152
2009-10-30,8.649184226989746
2009-11-02,8.704788208007812
2009-11-03,8.667722702026367
2009-11-04,8.791278839111328
2009-11-05,8.883947372436523
2009-11-06,8.896305084228516
2009-11-09,9.143424034118652
2009-11-10,9.11253547668457
2009-11-11,9.143424034118652
2009-11-12,9.038397789001465
2009-11-13,9.124892234802246
2009-11-16,9.279339790344238
2009-11-17,9.223738670349121
2009-11-18,9.205206871032715
2009-11-19,9.050756454467773
2009-11-20,9.001331329345703
2009-11-23,9.16196060180664
2009-11-24,9.100174903869629
2009-11-25,9.223738670349121
2009-11-27,8.939549446105957
2009-11-30,8.9766206741333
2009-12-01,9.223738670349121
2009-12-02,9.24227237701416
2009-12-03,9.236093521118164
2009-12-04,9.211384773254395
2009-12-07,9.16196060180664
2009-12-08,9.019864082336426
2009-12-09,9.007509231567383
2009-12-10,9.038397789001465
2009-12-11,9.056933403015137
2009-12-14,9.11253547668457
2009-12-15,9.038397789001465
2009-12-16,9.106355667114258
2009-12-17,8.908660888671875
2009-12-18,8.914834976196289
2009-12-21,8.927193641662598
2009-12-22,8.988974571228027
2009-12-23,9.050756454467773
2009-12-24,9.11253547668457
2009-12-28,9.149601936340332
2009-12-29,9.168139457702637
2009-12-30,9.145369529724121
2009-12-31,9.113744735717773
2010-01-04,9.34775447845459
2010-01-05,9.373052597045898
2010-01-06,9.411003112792969
2010-01-07,9.366730690002441
2010-01-08,9.44894790649414
2010-01-11,9.493221282958984
2010-01-12,9.404678344726562
2010-01-13,9.44894790649414
2010-01-14,9.493221282958984
2010-01-15,9.38570499420166
2010-01-19,9.467923164367676
2010-01-20,9.233912467956543
2010-01-21,9.056822776794434
2010-01-22,8.905035018920898
2010-01-25,8.974604606628418
2010-01-26,8.873412132263184
2010-01-27,8.822813987731934
2010-01-28,8.727945327758789
2010-01-29,8.65205192565918
2010-02-01,8.79751205444336
2010-02-02,8.898709297180176
2010-02-03,8.841784477233887
2010-02-04,8.512907028198242
2010-02-05,8.399064064025879
2010-02-08,8.329496383666992
2010-02-09,8.512907028198242
2010-02-10,8.500259399414062
2010-02-11,8.576152801513672
2010-02-12,8.525554656982422
2010-02-16,8.689993858337402
2010-02-17,8.721617698669434
2010-02-18,8.765889167785645
2010-02-19,8.702643394470215
2010-02-22,8.740594863891602
2010-02-23,8.607778549194336
2010-02-24,8.658378601074219
2010-02-25,8.595125198364258
2010-02-26,8.67102336883545
2010-03-01,8.759566307067871
2010-03-02,8.829137802124023
2010-03-03,8.917681694030762
2010-03-04,8.892385482788086
2010-03-05,9.044171333312988
2010-03-08,9.069475173950195
2010-03-09,9.056822776794434
2010-03-10,9.107419967651367
2010-03-11,9.132722854614258
2010-03-12,9.170663833618164
2010-03-15,9.094770431518555
2010-03-16,9.214940071105957
2010-03-17,9.278182983398438
2010-03-18,9.221263885498047
2010-03-19,9.145369529724121
2010-03-22,9.158013343811035
2010-03-23,9.208614349365234
2010-03-24,9.082119941711426
2010-03-25,9.056822776794434
2010-03-26,9.151690483093262
2010-03-29,9.24655818939209
2010-03-30,9.24655818939209
2010-03-31,9.252885818481445
2010-04-01,9.417327880859375
2010-04-05,9.429977416992188
2010-04-06,9.436301231384277
2010-04-07,9.38570499420166
2010-04-08,9.373052597045898
2010-04-09,9.480569839477539
2010-04-12,9.493221282958984
2010-04-13,9.480569839477539
2010-04-14,9.588091850280762
2010-04-15,9.588091850280762
2010-04-16,9.39202880859375
2010-04-19,9.360404014587402
2010-04-20,9.411003112792969
2010-04-21,9.366730690002441
2010-04-22,9.303482055664062
2010-04-23,9.360404014587402
2010-04-26,9.39202880859375
2010-04-27,9.063149452209473
2010-04-28,9.056822776794434
2010-04-29,9.16434383392334
2010-04-30,9.094770431518555
2010-05-03,9.126391410827637
2010-05-04,8.79118824005127
2010-05-05,8.645726203918457
2010-05-06,8.323172569274902
2010-05-07,8.234626770019531
2010-05-10,8.702643394470215
2010-05-11,8.595125198364258
2010-05-12,8.696321487426758
2010-05-13,8.6204252243042
2010-05-14,8.405389785766602
2010-05-17,8.392741203308105
2010-05-18,8.221976280212402
2010-05-19,8.209325790405273
2010-05-20,7.931048393249512
2010-05-21,8.063860893249512
2010-05-24,7.968995571136475
2010-05-25,7.867800712585449
2010-05-26,7.8298516273498535
2010-05-27,8.196677207946777
2010-05-28,8.114459037780762
2010-06-01,8.038564682006836
2010-06-02,8.184027671813965
2010-06-03,8.203001022338867
2010-06-04,7.918396949768066
2010-06-07,7.804554462432861
2010-06-08,7.905745029449463
2010-06-09,7.88677453994751
2010-06-10,8.177702903747559
2010-06-11,8.190354347229004
2010-06-14,8.266249656677246
2010-06-15,8.46863842010498
2010-06-16,8.443338394165039
2010-06-17,8.48760986328125
2010-06-18,8.493937492370605
2010-06-21,8.544529914855957
2010-06-22,8.449663162231445
2010-06-23,8.474959373474121
2010-06-24,8.335819244384766
2010-06-25,8.373766899108887
2010-06-28,8.335819244384766
2010-06-29,8.063860893249512
2010-06-30,8.019591331481934
2010-07-01,8.070184707641602
2010-07-02,8.070184707641602
2010-07-06,8.228299140930176
2010-07-07,8.418041229248047
2010-07-08,8.48760986328125
2010-07-09,8.506583213806152
2010-07-12,8.500259399414062
2010-07-13,8.633074760437012
2010-07-14,8.658378601074219
2010-07-15,8.689993858337402
2010-07-16,8.462309837341309
2010-07-19,8.493937492370605
2010-07-20,8.557180404663086
2010-07-21,8.455988883972168
2010-07-22,8.696321487426758
2010-07-23,8.778539657592773
2010-07-26,8.841784477233887
2010-07-27,8.873412132263184
2010-07-28,8.841784477233887
2010-07-29,8.879734992980957
2010-07-30,8.848114013671875
2010-08-02,9.113744735717773
2010-08-03,9.107419967651367
2010-08-04,9.113744735717773
2010-08-05,9.107419967651367
2010-08-06,9.113744735717773
2010-08-09,9.145369529724121
2010-08-10,9.069475173950195
2010-08-11,8.71529483795166
2010-08-12,8.696321487426758
2010-08-13,8.689993858337402
2010-08-16,8.746917724609375
2010-08-17,8.848114013671875
2010-08-18,8.848114013671875
2010-08-19,8.753243446350098
2010-08-20,8.67102336883545
2010-08-23,8.633074760437012
2010-08-24,8.519233703613281
2010-08-25,8.493937492370605
2010-08-26,8.512907028198242
2010-08-27,8.639399528503418
2010-08-30,8.550856590270996
2010-08-31,8.563505172729492
2010-09-01,8.860760688781738
2010-09-02,8.88606071472168
2010-09-03,8.980931282043457
2010-09-07,8.879734992980957
2010-09-08,8.936656951904297
2010-09-09,9.006230354309082
2010-09-10,9.031525611877441
2010-09-13,9.18331527709961
2010-09-14,9.240235328674316
2010-09-15,9.252885818481445
2010-09-16,9.208614349365234
2010-09-17,9.16434383392334
2010-09-20,9.316128730773926
2010-09-21,9.33510971069336
2010-09-22,9.316128730773926
2010-09-23,9.24655818939209
2010-09-24,9.455273628234863
2010-09-27,9.429977416992188
2010-09-28,9.480569839477539
2010-09-29,9.480569839477539
2010-09-30,9.455273628234863
2010-10-01,9.537494659423828
2010-10-04,9.455273628234863
2010-10-05,9.657658576965332
2010-10-06,9.733556747436523
2010-10-07,9.714578628540039
2010-10-08,9.765177726745605
2010-10-11,9.752530097961426
2010-10-12,9.73987865447998
2010-10-13,9.84740161895752
2010-10-14,9.91696834564209
2010-10-15,9.866373062133789
2010-10-18,9.904322624206543
2010-10-19,9.670307159423828
2010-10-20,9.822098731994629
2010-10-21,9.8094482421875
2010-10-22,9.822098731994629
2010-10-25,9.87269401550293
2010-10-26,9.815774917602539
2010-10-27,9.701932907104492
2010-10-28,9.784156799316406
2010-10-29,9.790475845336914
2010-11-01,9.796799659729004
2010-11-02,9.910639762878418
2010-11-03,9.986540794372559
2010-11-04,10.214226722717285
2010-11-05,10.176278114318848
2010-11-08,10.119356155395508
2010-11-09,10.043461799621582
2010-11-10,10.068758010864258
2010-11-11,9.973888397216797
2010-11-12,9.866373062133789
2010-11-15,9.86004638671875
2010-11-16,9.632357597351074
2010-11-17,9.670307159423828
2010-11-18,9.891672134399414
2010-11-19,9.891672134399414
2010-11-22,9.828426361083984
2010-11-23,9.543814659118652
2010-11-24,9.670307159423828
2010-11-26,9.524845123291016
2010-11-29,9.455273628234863
2010-11-30,9.34775447845459
2010-12-01,9.619714736938477
2010-12-02,9.784156799316406
2010-12-03,9.879018783569336
2010-12-06,9.84740161895752
2010-12-07,9.84740161895752
2010-12-08,9.853724479675293
2010-12-09,9.86004638671875
2010-12-10,9.866373062133789
2010-12-13,9.967567443847656
2010-12-14,10.005512237548828
2010-12-15,9.87269401550293
2010-12-16,9.91696834564209
2010-12-17,9.879018783569336
2010-12-20,9.87269401550293
2010-12-21,9.961240768432617
2010-12-22,9.973888397216797
2010-12-23,9.992866516113281
2010-12-27,9.967567443847656
2010-12-28,9.986202239990234
2010-12-29,10.08259105682373
2010-12-30,10.069741249084473
2010-12-31,10.127578735351562
2011-01-03,10.191838264465332
2011-01-04,10.191838264465332
2011-01-05,10.134003639221191
2011-01-06,10.063312530517578
2011-01-07,10.0119047164917
2011-01-10,9.973349571228027
2011-01-11,10.063312530517578
2011-01-12,10.243246078491211
2011-01-13,10.25610065460205
2011-01-14,10.294656753540039
2011-01-18,10.333212852478027
2011-01-19,10.281805992126465
2011-01-20,10.178988456726074
2011-01-21,10.204686164855957
2011-01-24,10.268951416015625
2011-01-25,10.249673843383789
2011-01-26,10.320358276367188
2011-01-27,10.333212852478027
2011-01-28,10.146858215332031
2011-01-31,10.198263168334961
2011-02-01,10.416749954223633
2011-02-02,10.429606437683105
2011-02-03,10.410325050354004
2011-02-04,10.403900146484375
2011-02-07,10.423177719116211
2011-02-08,10.45530891418457
2011-02-09,10.403900146484375
2011-02-10,10.294656753540039
2011-02-11,10.313931465148926
2011-02-14,10.36534309387207
2011-02-15,10.339639663696289
2011-02-16,10.448883056640625
2011-02-17,10.50029182434082
2011-02-18,10.538848876953125
2011-02-22,10.268951416015625
2011-02-23,10.268951416015625
2011-02-24,10.243246078491211
2011-02-25,10.38461971282959
2011-02-28,10.474586486816406
2011-03-01,10.38461971282959
2011-03-02,10.423177719116211
2011-03-03,10.538848876953125
2011-03-04,10.513139724731445
2011-03-07,10.429606437683105
2011-03-08,10.448883056640625
2011-03-09,10.436030387878418
2011-03-10,10.198263168334961
2011-03-11,10.204686164855957
2011-03-14,10.069741249084473
2011-03-15,9.851252555847168
2011-03-16,9.677750587463379
2011-03-17,9.883380889892578
2011-03-18,10.00547981262207
2011-03-21,10.211116790771484
2011-03-22,10.211116790771484
2011-03-23,10.236820220947266
2011-03-24,10.339639663696289
2011-03-25,10.288232803344727
2011-03-28,10.275376319885254
2011-03-29,10.326784133911133
2011-03-30,10.448883056640625
2011-03-31,10.429606437683105
2011-04-01,10.551698684692383
2011-04-04,10.56455135345459
2011-04-05,10.551698684692383
2011-04-06,10.628815650939941
2011-04-07,10.583831787109375
2011-04-08,10.686651229858398
2011-04-11,10.622389793395996
2011-04-12,10.493867874145508
2011-04-13,10.551698684692383
2011-04-14,10.5709810256958
2011-04-15,10.558125495910645
2011-04-18,10.358919143676758
2011-04-19,10.442458152770996
2011-04-20,10.686651229858398
2011-04-21,10.757335662841797
2011-04-25,10.750910758972168
2011-04-26,10.815173149108887
2011-04-27,10.905139923095703
2011-04-28,10.943693161010742
2011-04-29,10.97582721710205
2011-05-02,10.962969779968262
2011-05-03,10.866580963134766
2011-05-04,10.738054275512695
2011-05-05,10.551698684692383
2011-05-06,10.603110313415527
2011-05-09,10.641667366027832
2011-05-10,10.72520923614502
2011-05-11,10.583831787109375
2011-05-12,10.56455135345459
2011-05-13,10.429606437683105
2011-05-16,10.391046524047852
2011-05-17,10.39747428894043
2011-05-18,10.474586486816406
2011-05-19,10.519573211669922
2011-05-20,10.423177719116211
2011-05-23,10.191838264465332
2011-05-24,10.262521743774414
2011-05-25,10.294656753540039
2011-05-26,10.38461971282959
2011-05-27,10.48744010925293
2011-05-31,10.6609468460083
2011-06-01,10.4810152053833
2011-06-02,10.493867874145508
2011-06-03,10.48744010925293
2011-06-06,10.378196716308594
2011-06-07,10.45530891418457
2011-06-08,10.339639663696289
2011-06-09,10.39747428894043
2011-06-10,10.191838264465332
2011-06-13,10.217540740966797
2011-06-14,10.352492332458496
2011-06-15,10.101871490478516
2011-06-16,10.031182289123535
2011-06-17,10.095443725585938
2011-06-20,10.056888580322266
2011-06-21,10.249673843383789
2011-06-22,10.185410499572754
2011-06-23,10.089017868041992
2011-06-24,10.024760246276855
2011-06-27,10.076163291931152
2011-06-28,10.185410499572754
2011-06-29,10.358919143676758
2011-06-30,10.50029182434082
2011-07-01,10.615961074829102
2011-07-05,10.59025764465332
2011-07-06,10.532422065734863
2011-07-07,10.622389793395996
2011-07-08,10.532422065734863
2011-07-11,10.25610065460205
2011-07-12,10.178988456726074
2011-07-13,10.333212852478027
2011-07-14,10.268951416015625
2011-07-15,10.307506561279297
2011-07-18,10.153281211853027
2011-07-19,10.288232803344727
2011-07-20,10.378196716308594
2011-07-21,10.54527473449707
2011-07-22,10.583831787109375
2011-07-25,10.532422065734863
2011-07-26,10.583831787109375
2011-07-27,10.391046524047852
2011-07-28,10.358919143676758
2011-07-29,10.339639663696289
2011-08-01,10.275376319885254
2011-08-02,10.037610054016113
2011-08-03,10.00547981262207
2011-08-04,9.43355655670166
2011-08-05,9.420701026916504
2011-08-08,8.803792953491211
2011-08-09,9.234343528747559
2011-08-10,8.829500198364258
2011-08-11,9.176509857177734
2011-08-12,9.266473770141602
2011-08-15,9.478536605834961
2011-08-16,9.382144927978516
2011-08-17,9.446405410766602
2011-08-18,9.015856742858887
2011-08-19,8.868056297302246
2011-08-22,8.906612396240234
2011-08-23,9.137953758239746
2011-08-24,9.131526947021484
2011-08-25,8.98372745513916
2011-08-26,9.08654499053955
2011-08-29,9.285754203796387
2011-08-30,9.298605918884277
2011-08-31,9.465683937072754
2011-09-01,9.420701026916504
2011-09-02,9.208640098571777
2011-09-06,8.906612396240234
2011-09-07,9.176509857177734
2011-09-08,9.041563034057617
2011-09-09,8.771662712097168
2011-09-12,8.655993461608887
2011-09-13,8.733107566833496
2011-09-14,8.778090476989746
2011-09-15,8.951595306396484
2011-09-16,8.97087574005127
2011-09-19,8.758810997009277
2011-09-20,8.765237808227539
2011-09-21,8.533896446228027
2011-09-22,8.167606353759766
2011-09-23,8.199739456176758
2011-09-26,8.289706230163574
2011-09-27,8.533896446228027
2011-09-28,8.39894962310791
2011-09-29,8.52104663848877
2011-09-30,8.302558898925781
2011-10-03,8.051937103271484
2011-10-04,8.103347778320312
2011-10-05,8.244723320007324
2011-10-06,8.469635963439941
2011-10-07,8.443929672241211
2011-10-10,8.758810997009277
2011-10-11,8.739533424377441
2011-10-12,8.906612396240234
2011-10-13,8.900187492370605
2011-10-14,9.00943374633789
2011-10-17,8.829500198364258
2011-10-18,8.92589282989502
2011-10-19,8.803792953491211
2011-10-20,8.765237808227539
2011-10-21,8.951595306396484
2011-10-24,9.137953758239746
2011-10-25,9.003002166748047
2011-10-26,9.12509822845459
2011-10-27,9.57492733001709
2011-10-28,9.549223899841309
2011-10-31,9.15080451965332
2011-11-01,8.868056297302246
2011-11-02,8.990154266357422
2011-11-03,9.157233238220215
2011-11-04,9.08654499053955
2011-11-07,9.12509822845459
2011-11-08,9.208640098571777
2011-11-09,8.803792953491211
2011-11-10,8.842348098754883
2011-11-11,9.054413795471191
2011-11-14,8.932315826416016
2011-11-15,8.913040161132812
2011-11-16,8.765237808227539
2011-11-17,8.655993461608887
2011-11-18,8.64314079284668
2011-11-21,8.424652099609375
2011-11-22,8.405375480651855
2011-11-23,8.17403507232666
2011-11-25,8.11619758605957
2011-11-28,8.437504768371582
2011-11-29,8.495342254638672
2011-11-30,8.887334823608398
2011-12-01,8.855203628540039
2011-12-02,8.855203628540039
2011-12-05,8.932315826416016
2011-12-06,8.900187492370605
2011-12-07,8.932315826416016
2011-12-08,8.694548606872559
2011-12-09,8.83592700958252
2011-12-12,8.604584693908691
2011-12-13,8.495342254638672
2011-12-14,8.379671096801758
2011-12-15,8.405375480651855
2011-12-16,8.411802291870117
2011-12-19,8.308981895446777
2011-12-20,8.560972213745117
2011-12-21,8.554341316223145
2011-12-22,8.62728500366211
2011-12-23,8.680336952209473
2011-12-27,8.660444259643555
2011-12-28,8.521184921264648
2011-12-29,8.62728500366211
2011-12-30,8.660444259643555
2012-01-03,8.905800819396973
2012-01-04,8.8792724609375
2012-01-05,8.77316951751709
2012-01-06,8.693594932556152
2012-01-09,8.720123291015625
2012-01-10,8.852750778198242
2012-01-11,8.82621955871582
2012-01-12,8.866010665893555
2012-01-13,8.799697875976562
2012-01-17,8.912428855895996
2012-01-18,9.058313369750977
2012-01-19,9.151156425476074
2012-01-20,9.177678108215332
2012-01-23,9.243992805480957
2012-01-24,9.1975736618042
2012-01-25,9.297045707702637
2012-01-26,9.316941261291504
2012-01-27,9.350092887878418
2012-01-30,9.25062370300293
2012-01-31,9.29040813446045
2012-02-01,9.436298370361328
2012-02-02,9.476086616516113
2012-02-03,9.608711242675781
2012-02-06,9.562294006347656
2012-02-07,9.60207748413086
2012-02-08,9.641867637634277
2012-02-09,9.661761283874512
2012-02-10,9.48935317993164
2012-02-13,9.595450401306152
2012-02-14,9.529136657714844
2012-02-15,9.555662155151367
2012-02-16,9.6485013961792
2012-02-17,9.681656837463379
2012-02-21,9.708182334899902
2012-02-22,9.694917678833008
2012-02-23,9.747966766357422
2012-02-24,9.807652473449707
2012-02-27,9.741340637207031
2012-02-28,9.834175109863281
2012-02-29,9.767863273620605
2012-03-01,9.84743595123291
2012-03-02,9.781124114990234
2012-03-05,9.708182334899902
2012-03-06,9.423036575317383
2012-03-07,9.509246826171875
2012-03-08,9.708182334899902
2012-03-09,9.681656837463379
2012-03-12,9.641867637634277
2012-03-13,9.787759780883789
2012-03-14,9.714815139770508
2012-03-15,9.781124114990234
2012-03-16,9.827544212341309
2012-03-19,9.854066848754883
2012-03-20,9.741340637207031
2012-03-21,9.701549530029297
2012-03-22,9.621973991394043
2012-03-23,9.681656837463379
2012-03-26,9.807652473449707
2012-03-27,9.76123046875
2012-03-28,9.694917678833008
2012-03-29,9.635235786437988
2012-03-30,9.694917678833008
2012-04-02,9.794388771057129
2012-04-03,9.681656837463379
2012-04-04,9.469456672668457
2012-04-05,9.449563026428223
2012-04-09,9.4031400680542
2012-04-10,9.224099159240723
2012-04-11,9.323567390441895
2012-04-12,9.48935317993164
2012-04-13,9.323567390441895
2012-04-16,9.369985580444336
2012-04-17,9.495980262756348
2012-04-18,9.442928314208984
2012-04-19,9.4031400680542
2012-04-20,9.469456672668457
2012-04-23,9.310307502746582
2012-04-24,9.369985580444336
2012-04-25,9.476086616516113
2012-04-26,9.515873908996582
2012-04-27,9.555662155151367
2012-04-30,9.522505760192871
2012-05-01,9.542400360107422
2012-05-02,9.495980262756348
2012-05-03,9.423036575317383
2012-05-04,9.27715015411377
2012-05-07,9.310307502746582
2012-05-08,9.177678108215332
2012-05-09,9.064949035644531
2012-05-10,9.104735374450684
2012-05-11,9.051687240600586
2012-05-14,8.8792724609375
2012-05-15,8.759910583496094
2012-05-16,8.667073249816895
2012-05-17,8.580866813659668
2012-05-18,8.507922172546387
2012-05-21,8.660444259643555
2012-05-22,8.640549659729004
2012-05-23,8.547711372375488
2012-05-24,8.527816772460938
2012-05-25,8.50129222869873
2012-05-29,8.62728500366211
2012-05-30,8.434977531433105
2012-05-31,8.468134880065918
2012-06-01,8.282459259033203
2012-06-04,8.302353858947754
2012-06-05,8.355400085449219
2012-06-06,8.580866813659668
2012-06-07,8.594128608703613
2012-06-08,8.567601203918457
2012-06-11,8.481392860412598
2012-06-12,8.607388496398926
2012-06-13,8.560972213745117
2012-06-14,8.614022254943848
2012-06-15,8.733386039733887
2012-06-18,8.733386039733887
2012-06-19,8.885906219482422
2012-06-20,8.912428855895996
2012-06-21,8.686964988708496
2012-06-22,8.720123291015625
2012-06-25,8.560972213745117
2012-06-26,8.607388496398926
2012-06-27,8.680336952209473
2012-06-28,8.653807640075684
2012-06-29,8.972108840942383
2012-07-02,9.01853084564209
2012-07-03,9.118000030517578
2012-07-05,9.01853084564209
2012-07-06,8.905800819396973
2012-07-09,8.872641563415527
2012-07-10,8.82621955871582
2012-07-11,8.846117973327637
2012-07-12,8.733386039733887
2012-07-13,8.872641563415527
2012-07-16,8.859378814697266
2012-07-17,8.912428855895996
2012-07-18,8.938949584960938
2012-07-19,9.02515983581543
2012-07-20,8.859378814697266
2012-07-23,8.686964988708496
2012-07-24,8.600759506225586
2012-07-25,8.64717960357666
2012-07-26,8.866010665893555
2012-07-27,9.038421630859375
2012-07-30,9.058313369750977
2012-07-31,9.011899948120117
2012-08-01,8.99863338470459
2012-08-02,8.905800819396973
2012-08-03,9.144521713256836
2012-08-06,9.1975736618042
2012-08-07,9.263886451721191
2012-08-08,9.270517349243164
2012-08-09,9.297045707702637
2012-08-10,9.310307502746582
2012-08-13,9.270517349243164
2012-08-14,9.27715015411377
2012-08-15,9.27715015411377
2012-08-16,9.363357543945312
2012-08-17,9.376617431640625
2012-08-20,9.35672664642334
2012-08-21,9.4031400680542
2012-08-22,9.4031400680542
2012-08-23,9.343461036682129
2012-08-24,9.350092887878418
2012-08-27,9.323567390441895
2012-08-28,9.303672790527344
2012-08-29,9.29040813446045
2012-08-30,9.177678108215332
2012-08-31,9.257256507873535
2012-09-04,9.204203605651855
2012-09-05,9.177678108215332
2012-09-06,9.383249282836914
2012-09-07,9.515873908996582
2012-09-10,9.462828636169434
2012-09-11,9.555662155151367
2012-09-12,9.608711242675781
2012-09-13,9.754602432250977
2012-09-14,9.880593299865723
2012-09-17,9.827544212341309
2012-09-18,9.781124114990234
2012-09-19,9.807652473449707
2012-09-20,9.754602432250977
2012-09-21,9.774825096130371
2012-09-24,9.741119384765625
2012-09-25,9.673705101013184
2012-09-26,9.586068153381348
2012-09-27,9.707413673400879
2012-09-28,9.592809677124023
2012-10-01,9.653480529785156
2012-10-02,9.666966438293457
2012-10-03,9.640000343322754
2012-10-04,9.72763442993164
2012-10-05,9.741119384765625
2012-10-08,9.673705101013184
2012-10-09,9.572586059570312
2012-10-10,9.53213882446289
2012-10-11,9.592809677124023
2012-10-12,9.579325675964355
2012-10-15,9.653480529785156
2012-10-16,9.774825096130371
2012-10-17,9.862460136413574
2012-10-18,9.828755378723145
2012-10-19,9.714152336120605
2012-10-22,9.774825096130371
2012-10-23,9.592809677124023
2012-10-24,9.606293678283691
2012-10-25,9.660222053527832
2012-10-26,9.633256912231445
2012-10-31,9.646743774414062
2012-11-01,9.741119384765625
2012-11-02,9.653480529785156
2012-11-05,9.660222053527832
2012-11-06,9.72763442993164
2012-11-07,9.579325675964355
2012-11-08,9.505173683166504
2012-11-09,9.505173683166504
2012-11-12,9.498433113098145
2012-11-13,9.45798397064209
2012-11-14,9.356863975524902
2012-11-15,9.370351791381836
2012-11-16,9.370351791381836
2012-11-19,9.54561996459961
2012-11-20,9.53213882446289
2012-11-21,9.559101104736328
2012-11-23,9.747859001159668
2012-11-26,9.714152336120605
2012-11-27,9.666966438293457
2012-11-28,9.72763442993164
2012-11-29,9.808531761169434
2012-11-30,9.822012901306152
2012-12-03,9.808531761169434
2012-12-04,9.848977088928223
2012-12-05,9.889423370361328
2012-12-06,9.909646034240723
2012-12-07,9.916391372680664
2012-12-10,9.929872512817383
2012-12-11,9.990544319152832
2012-12-12,10.03773307800293
2012-12-13,9.997284889221191
2012-12-14,10.03773307800293
2012-12-17,10.078182220458984
2012-12-18,10.152334213256836
2012-12-19,10.177607536315918
2012-12-20,10.245915412902832
2012-12-21,10.157116889953613
2012-12-24,10.143455505371094
2012-12-26,10.157116889953613
2012-12-27,10.19127082824707
2012-12-28,10.13662338256836
2012-12-31,10.232253074645996
2013-01-02,10.430341720581055
2013-01-03,10.348373413085938
2013-01-04,10.403019905090332
2013-01-07,10.368864059448242
2013-01-08,10.307385444641113
2013-01-09,10.355201721191406
2013-01-10,10.484984397888184
2013-01-11,10.464493751525879
2013-01-14,10.484984397888184
2013-01-15,10.464493751525879
2013-01-16,10.423508644104004
2013-01-17,10.512309074401855
2013-01-18,10.505476951599121
2013-01-22,10.505476951599121
2013-01-23,10.484984397888184
2013-01-24,10.505476951599121
2013-01-25,10.566951751708984
2013-01-28,10.505476951599121
2013-01-29,10.594276428222656
2013-01-30,10.580613136291504
2013-01-31,10.573780059814453
2013-02-01,10.648917198181152
2013-02-04,10.491813659667969
2013-02-05,10.546456336975098
2013-02-06,10.52596664428711
2013-02-07,10.457663536071777
2013-02-08,10.512309074401855
2013-02-11,10.491813659667969
2013-02-12,10.539630889892578
2013-02-13,10.566951751708984
2013-02-14,10.52596664428711
2013-02-15,10.505476951599121
2013-02-19,10.601106643676758
2013-02-20,10.484984397888184
2013-02-21,10.362034797668457
2013-02-22,10.478155136108398
2013-02-25,10.314220428466797
2013-02-26,10.348373413085938
2013-02-27,10.457663536071777
2013-02-28,10.444001197814941
2013-03-01,10.450834274291992
2013-03-04,10.444001197814941
2013-03-05,10.546456336975098
2013-03-06,10.560120582580566
2013-03-07,10.587443351745605
2013-03-08,10.607934951782227
2013-03-11,10.642091751098633
2013-03-12,10.601106643676758
2013-03-13,10.546456336975098
2013-03-14,10.635258674621582
2013-03-15,10.648917198181152
2013-03-18,10.532795906066895
2013-03-19,10.491813659667969
2013-03-20,10.553288459777832
2013-03-21,10.482765197753906
2013-03-22,10.530696868896484
2013-03-25,10.462224960327148
2013-03-26,10.523846626281738
2013-03-27,10.489614486694336
2013-03-28,10.537544250488281
2013-04-01,10.441683769226074
2013-04-02,10.510153770446777
2013-04-03,10.421142578125
2013-04-04,10.469072341918945
2013-04-05,10.400602340698242
2013-04-08,10.43483829498291
2013-04-09,10.4964599609375
2013-04-10,10.633399963378906
2013-04-11,10.681328773498535
2013-04-12,10.640247344970703
2013-04-15,10.400602340698242
2013-04-16,10.564931869506836
2013-04-17,10.35267448425293
2013-04-18,10.338981628417969
2013-04-19,10.43483829498291
2013-04-22,10.469072341918945
2013-04-23,10.57177448272705
2013-04-24,10.660787582397461
2013-04-25,10.736101150512695
2013-04-26,10.715561866760254
2013-04-29,10.825115203857422
2013-04-30,10.900433540344238
2013-05-01,10.838807106018066
2013-05-02,10.85935115814209
2013-05-03,10.962060928344727
2013-05-06,10.948366165161133
2013-05-07,10.99629020690918
2013-05-08,11.105844497680664
2013-05-09,11.003135681152344
2013-05-10,11.016833305358887
2013-05-13,10.989442825317383
2013-05-14,11.023681640625
2013-05-15,11.044218063354492
2013-05-16,10.975751876831055
2013-05-17,11.030525207519531
2013-05-20,11.092147827148438
2013-05-21,11.112689018249512
2013-05-22,11.016833305358887
2013-05-23,10.85935115814209
2013-05-24,10.790879249572754
2013-05-28,10.818269729614258
2013-05-29,10.749798774719238
2013-05-30,10.77718734741211
2013-05-31,10.578622817993164
2013-06-03,10.633399963378906
2013-06-04,10.647092819213867
2013-06-05,10.4553804397583
2013-06-06,10.4964599609375
2013-06-07,10.551233291625977
2013-06-10,10.558083534240723
2013-06-11,10.421142578125
2013-06-12,10.3800630569458
2013-06-13,10.50330638885498
2013-06-14,10.427990913391113
2013-06-17,10.551233291625977
2013-06-18,10.585470199584961
2013-06-19,10.386908531188965
2013-06-20,10.051406860351562
2013-06-21,10.06458568572998
2013-06-24,9.884241104125977
2013-06-25,9.967474937438965
2013-06-26,10.04377269744873
2013-06-27,10.175562858581543
2013-06-28,10.182504653930664
2013-07-01,10.279607772827148
2013-07-02,10.224120140075684
2013-07-03,10.175562858581543
2013-07-05,10.203310012817383
2013-07-08,10.237993240356445
2013-07-09,10.300422668457031
2013-07-10,10.34203815460205
2013-07-11,10.619489669799805
2013-07-12,10.570935249328613
2013-07-15,10.63336181640625
2013-07-16,10.63336181640625
2013-07-17,10.681910514831543
2013-07-18,10.723533630371094
2013-07-19,10.716593742370605
2013-07-22,10.765151977539062
2013-07-23,10.820642471313477
2013-07-24,10.772088050842285
2013-07-25,10.806770324707031
2013-07-26,10.744342803955078
2013-07-29,10.65417194366455
2013-07-30,10.647234916687012
2013-07-31,10.647234916687012
2013-08-01,10.751277923583984
2013-08-02,10.820642471313477
2013-08-05,10.827574729919434
2013-08-06,10.779023170471191
2013-08-07,10.716593742370605
2013-08-08,10.820642471313477
2013-08-09,10.841452598571777
2013-08-12,10.841452598571777
2013-08-13,10.903877258300781
2013-08-14,10.903877258300781
2013-08-15,10.84838581085205
2013-08-16,10.84838581085205
2013-08-19,10.758214950561523
2013-08-20,10.730469703674316
2013-08-21,10.591744422912598
2013-08-22,10.688852310180664
2013-08-23,10.772088050842285
2013-08-26,10.709659576416016
2013-08-27,10.54318904876709
2013-08-28,10.522380828857422
2013-08-29,10.536255836486816
2013-08-30,10.473824501037598
2013-09-03,10.63336181640625
2013-09-04,10.70272445678711
2013-09-05,10.716593742370605
2013-09-06,10.785962104797363
2013-09-09,10.945493698120117
2013-09-10,11.063414573669434
2013-09-11,11.11196517944336
2013-09-12,11.0426025390625
2013-09-13,11.077288627624512
2013-09-16,11.16745662689209
2013-09-17,11.188265800476074
2013-09-18,11.44490909576416
2013-09-19,11.410229682922363
2013-09-20,11.319671630859375
2013-09-23,11.319671630859375
2013-09-24,11.305737495422363
2013-09-25,11.305737495422363
2013-09-26,11.333601951599121
2013-09-27,11.305737495422363
2013-09-30,11.22911262512207
2013-10-01,11.2918062210083
2013-10-02,11.284841537475586
2013-10-03,11.256978034973145
2013-10-04,11.270907402038574
2013-10-07,11.194283485412598
2013-10-08,11.117659568786621
2013-10-09,11.15248966217041
2013-10-10,11.319671630859375
2013-10-11,11.396295547485352
2013-10-14,11.42415714263916
2013-10-15,11.389327049255371
2013-10-16,11.472921371459961
2013-10-17,11.591340065002441
2013-10-18,11.654036521911621
2013-10-21,11.674936294555664
2013-10-22,11.779420852661133
2013-10-23,11.654036521911621
2013-10-24,11.702794075012207
2013-10-25,11.681902885437012
2013-10-28,11.667967796325684
2013-10-29,11.695830345153809
2013-10-30,11.667967796325684
2013-10-31,11.612238883972168
2013-11-01,11.556512832641602
2013-11-04,11.591340065002441
2013-11-05,11.500783920288086
2013-11-06,11.58437442779541
2013-11-07,11.42415714263916
2013-11-08,11.458991050720215
2013-11-11,11.445056915283203
2013-11-12,11.417192459106445
2013-11-13,11.431124687194824
2013-11-14,11.500783920288086
2013-11-15,11.598307609558105
2013-11-18,11.640103340148926
2013-11-19,11.612238883972168
2013-11-20,11.535614967346191
2013-11-21,11.549546241760254
2013-11-22,11.598307609558105
2013-11-25,11.563478469848633
2013-11-26,11.549546241760254
2013-11-27,11.577410697937012
2013-11-29,11.62617301940918
2013-12-02,11.556512832641602
2013-12-03,11.458991050720215
2013-12-04,11.403265953063965
2013-12-05,11.361467361450195
2013-12-06,11.472921371459961
2013-12-09,11.500783920288086
2013-12-10,11.472921371459961
2013-12-11,11.354499816894531
2013-12-12,11.284841537475586
2013-12-13,11.270907402038574
2013-12-16,11.347536087036133
2013-12-17,11.2987699508667
2013-12-18,11.431124687194824
2013-12-19,11.426908493041992
2013-12-20,11.483129501342773
2013-12-23,11.56745719909668
2013-12-24,11.56745719909668
2013-12-26,11.616655349731445
2013-12-27,11.686928749084473
2013-12-30,11.743148803710938
2013-12-31,11.771261215209961
2014-01-02,11.60260009765625
2014-01-03,11.595571517944336
2014-01-06,11.581514358520508
2014-01-07,11.616655349731445
2014-01-08,11.609626770019531
2014-01-09,11.595571517944336
2014-01-10,11.686928749084473
2014-01-13,11.630707740783691
2014-01-14,11.693958282470703
2014-01-15,11.729097366333008
2014-01-16,11.72206974029541
2014-01-17,11.686928749084473
2014-01-21,11.729097366333008
2014-01-22,11.736126899719238
2014-01-23,11.6517915725708
2014-01-24,11.377715110778809
2014-01-27,11.279326438903809
2014-01-28,11.370686531066895
2014-01-29,11.286352157592773
2014-01-30,11.321492195129395
2014-01-31,11.209052085876465
2014-02-03,11.026334762573242
2014-02-04,11.061473846435547
2014-02-05,11.08255386352539
2014-02-06,11.265274047851562
2014-02-07,11.398797035217285
2014-02-10,11.363659858703613
2014-02-11,11.518266677856445
2014-02-12,11.55340576171875
2014-02-13,11.57448673248291
2014-02-14,11.637738227844238
2014-02-18,11.7009859085083
2014-02-19,11.6517915725708
2014-02-20,11.679905891418457
2014-02-21,11.7009859085083
2014-02-24,11.778292655944824
2014-02-25,11.757209777832031
2014-02-26,11.715041160583496
2014-02-27,11.764236450195312
2014-02-28,11.813425064086914
2014-03-03,11.581514358520508
2014-03-04,11.785321235656738
2014-03-05,11.778292655944824
2014-03-06,11.89073371887207
2014-03-07,11.820457458496094
2014-03-10,11.750179290771484
2014-03-11,11.693958282470703
2014-03-12,11.64476490020752
2014-03-13,11.490155220031738
2014-03-14,11.45501708984375
2014-03-17,11.57448673248291
2014-03-18,11.6517915725708
2014-03-19,11.518266677856445
2014-03-20,11.490155220031738
2014-03-21,11.476101875305176
2014-03-24,11.507950782775879
2014-03-25,11.61411190032959
2014-03-26,11.621190071105957
2014-03-27,11.691963195800781
2014-03-28,11.783970832824707
2014-03-31,11.861825942993164
2014-04-01,11.939676284790039
2014-04-02,11.953828811645508
2014-04-03,11.91844654083252
2014-04-04,11.89013385772705
2014-04-07,11.847668647766113
2014-04-08,11.883055686950684
2014-04-09,12.024603843688965
2014-04-10,11.840591430664062
2014-04-11,11.76274299621582
2014-04-14,11.819360733032227
2014-04-15,11.75566577911377
2014-04-16,11.868904113769531
2014-04-17,11.91844654083252
2014-04-21,11.925521850585938
2014-04-22,11.982142448425293
2014-04-23,11.939676284790039
2014-04-24,11.953828811645508
2014-04-25,11.868904113769531
2014-04-28,11.91136646270752
2014-04-29,11.982142448425293
2014-04-30,12.017526626586914
2014-05-01,12.038762092590332
2014-05-02,12.045838356018066
2014-05-05,12.031682014465332
2014-05-06,12.031682014465332
2014-05-07,12.045838356018066
2014-05-08,12.045838356018066
2014-05-09,12.031682014465332
2014-05-12,12.109532356262207
2014-05-13,12.123689651489258
2014-05-14,12.137842178344727
2014-05-15,12.081225395202637
2014-05-16,12.102458000183105
2014-05-19,12.088299751281738
2014-05-20,12.017526626586914
2014-05-21,12.116613388061523
2014-05-22,12.14492416381836
2014-05-23,12.187383651733398
2014-05-27,12.229851722717285
2014-05-28,12.208620071411133
2014-05-29,12.265236854553223
2014-05-30,12.244009017944336
2014-06-02,12.272315979003906
2014-06-03,12.265236854553223
2014-06-04,12.265236854553223
2014-06-05,12.343092918395996
2014-06-06,12.406786918640137
2014-06-09,12.399711608886719
2014-06-10,12.413864135742188
2014-06-11,12.371403694152832
2014-06-12,12.3784761428833
2014-06-13,12.385553359985352
2014-06-16,12.364322662353516
2014-06-17,12.357244491577148
2014-06-18,12.44925594329834
2014-06-19,12.491719245910645
2014-06-20,12.477564811706543
2014-06-23,12.449657440185547
2014-06-24,12.392420768737793
2014-06-25,12.385263442993164
2014-06-26,12.4138822555542
2014-06-27,12.435352325439453
2014-06-30,12.45681095123291
2014-07-01,12.549826622009277
2014-07-02,12.5712890625
2014-07-03,12.621376037597656
2014-07-07,12.53551959991455
2014-07-08,12.449657440185547
2014-07-09,12.471118927001953
2014-07-10,12.363800048828125
2014-07-11,12.370951652526855
2014-07-14,12.449657440185547
2014-07-15,12.406728744506836
2014-07-16,12.492587089538574
2014-07-17,12.363800048828125
2014-07-18,12.449657440185547
2014-07-21,12.406728744506836
2014-07-22,12.492587089538574
2014-07-23,12.521207809448242
2014-07-24,12.53551959991455
2014-07-25,12.485433578491211
2014-07-28,12.499743461608887
2014-07-29,12.463973045349121
2014-07-30,12.45681095123291
2014-07-31,12.25647258758545
2014-08-01,12.199231147766113
2014-08-04,12.263626098632812
2014-08-05,12.127683639526367
2014-08-06,12.0990629196167
2014-08-07,12.006050109863281
2014-08-08,12.048979759216309
2014-08-11,12.12053394317627
2014-08-12,12.127683639526367
2014-08-13,12.184925079345703
2014-08-14,12.23500919342041
2014-08-15,12.24216365814209
2014-08-18,12.306559562683105
2014-08-19,12.349488258361816
2014-08-20,12.313713073730469
2014-08-21,12.35664176940918
2014-08-22,12.313713073730469
2014-08-25,12.370951652526855
2014-08-26,12.399572372436523
2014-08-27,12.449657440185547
2014-08-28,12.385263442993164
2014-08-29,12.385263442993164
2014-09-02,12.385263442993164
2014-09-03,12.485433578491211
2014-09-04,12.428192138671875
2014-09-05,12.442503929138184
2014-09-08,12.320869445800781
2014-09-09,12.277941703796387
2014-09-10,12.285094261169434
2014-09-11,12.22785472869873
2014-09-12,12.184925079345703
2014-09-15,12.170616149902344
2014-09-16,12.199231147766113
2014-09-17,12.13483715057373
2014-09-18,12.213546752929688
2014-09-19,12.149148941040039
2014-09-22,12.070446014404297
2014-09-23,11.972646713256836
2014-09-24,12.037365913391113
2014-09-25,11.85759449005127
2014-09-26,11.915122985839844
2014-09-29,11.800068855285645
2014-09-30,11.764115333557129
2014-10-01,11.634683609008789
2014-10-02,11.5412015914917
2014-10-03,11.555583953857422
2014-10-06,11.634683609008789
2014-10-07,11.505252838134766
2014-10-08,11.62030029296875
2014-10-09,11.383004188537598
2014-10-10,11.196043968200684
2014-10-13,11.188857078552246
2014-10-14,11.196043968200684
2014-10-15,11.109755516052246
2014-10-16,11.052229881286621
2014-10-17,11.203239440917969
2014-10-20,11.275142669677734
2014-10-21,11.39019775390625
2014-10-22,11.325477600097656
2014-10-23,11.411768913269043
2014-10-24,11.447724342346191
2014-10-27,11.39019775390625
2014-10-28,11.548396110534668
2014-10-29,11.51244068145752
2014-10-30,11.569967269897461
2014-10-31,11.728163719177246
2014-11-03,11.634683609008789
2014-11-04,11.562775611877441
2014-11-05,11.58434772491455
2014-11-06,11.505252838134766
2014-11-07,11.51244068145752
2014-11-10,11.577157974243164
2014-11-11,11.627490997314453
2014-11-12,11.562775611877441
2014-11-13,11.577157974243164
2014-11-14,11.62030029296875
2014-11-17,11.562775611877441
2014-11-18,11.663446426391602
2014-11-19,11.634683609008789
2014-11-20,11.605916976928711
2014-11-21,11.72097110748291
2014-11-24,11.756924629211426
2014-11-25,11.77131175994873
2014-11-26,11.81445026397705
2014-11-28,11.699400901794434
2014-12-01,11.641874313354492
2014-12-02,11.656251907348633
2014-12-03,11.663446426391602
2014-12-04,11.627490997314453
2014-12-05,11.634683609008789
2014-12-08,11.519634246826172
2014-12-09,11.462103843688965
2014-12-10,11.325477600097656
2014-12-11,11.28952407836914
2014-12-12,11.116945266723633
2014-12-15,10.937173843383789
2014-12-16,10.99470043182373
2014-12-17,11.095377922058105
2014-12-18,11.303906440734863
2014-12-19,11.224808692932129
2014-12-22,11.381394386291504
2014-12-23,11.352396011352539
2014-12-24,11.366894721984863
2014-12-26,11.403142929077148
2014-12-29,11.388643264770508
2014-12-30,11.30889892578125
2014-12-31,11.272652626037598
2015-01-02,11.236406326293945
2015-01-05,11.011680603027344
2015-01-06,10.902936935424805
2015-01-07,10.989931106567383
2015-01-08,11.16391372680664
2015-01-09,11.105921745300293
2015-01-12,11.076923370361328
2015-01-13,11.120418548583984
2015-01-14,11.084171295166016
2015-01-15,11.14941692352295
2015-01-16,11.243657112121582
2015-01-20,11.265406608581543
2015-01-21,11.359646797180176
2015-01-22,11.417641639709473
2015-01-23,11.388643264770508
2015-01-26,11.475631713867188
2015-01-27,11.475631713867188
2015-01-28,11.366894721984863
2015-01-29,11.432138442993164
2015-01-30,11.287152290344238
2015-02-02,11.417641639709473
2015-02-03,11.59162425994873
2015-02-04,11.519134521484375
2015-02-05,11.635116577148438
2015-02-06,11.504629135131836
2015-02-09,11.46113395690918
2015-02-10,11.519134521484375
2015-02-11,11.46113395690918
2015-02-12,11.627872467041016
2015-02-13,11.714860916137695
2015-02-17,11.743860244750977
2015-02-18,11.794605255126953
2015-02-19,11.794605255126953
2015-02-20,11.87434196472168
2015-02-23,11.838099479675293
2015-02-24,11.910593032836914
2015-02-25,11.932336807250977
2015-02-26,11.90334415435791
2015-02-27,11.910593032836914
2015-03-02,11.910593032836914
2015-03-03,11.845351219177246
2015-03-04,11.794605255126953
2015-03-05,11.809101104736328
2015-03-06,11.664115905761719
2015-03-09,11.642365455627441
2015-03-10,11.410387992858887
2015-03-11,11.432138442993164
2015-03-12,11.56262493133545
2015-03-13,11.468382835388184
2015-03-16,11.59162425994873
2015-03-17,11.58437442779541
2015-03-18,11.838099479675293
2015-03-19,11.68586254119873
2015-03-20,11.910593032836914
2015-03-23,11.968582153320312
2015-03-24,11.974401473999023
2015-03-25,11.894429206848145
2015-03-26,11.799911499023438
2015-03-27,11.799911499023438
2015-03-30,11.85080337524414
2015-03-31,11.727208137512207
2015-04-01,11.807183265686035
2015-04-02,11.916237831115723
2015-04-06,12.039834976196289
2015-04-07,12.047106742858887
2015-04-08,12.127082824707031
2015-04-09,12.163436889648438
2015-04-10,12.19251537322998
2015-04-13,12.15616512298584
2015-04-14,12.228866577148438
2015-04-15,12.294300079345703
2015-04-16,12.34519100189209
2015-04-17,12.19251537322998
2015-04-20,12.19251537322998
2015-04-21,12.272489547729492
2015-04-22,12.316115379333496
2015-04-23,12.374274253845215
2015-04-24,12.43971061706543
2015-04-27,12.505144119262695
2015-04-28,12.51968765258789
2015-04-29,12.425171852111816
2015-04-30,12.323383331298828
2015-05-01,12.367005348205566
2015-05-04,12.374274253845215
2015-05-05,12.243407249450684
2015-05-06,12.250680923461914
2015-05-07,12.199787139892578
2015-05-08,12.417901992797852
2015-05-11,12.34519100189209
2015-05-12,12.33065128326416
2015-05-13,12.410629272460938
2015-05-14,12.51968765258789
2015-05-15,12.556039810180664
2015-05-18,12.512415885925293
2015-05-19,12.476062774658203
2015-05-20,12.483332633972168
2015-05-21,12.51968765258789
2015-05-22,12.461524963378906
2015-05-26,12.265219688415527
2015-05-27,12.35246467590332
2015-05-28,12.308843612670898
2015-05-29,12.207056045532227
2015-06-01,12.177972793579102
2015-06-02,12.228866577148438
2015-06-03,12.272489547729492
2015-06-04,12.141621589660645
2015-06-05,12.02529525756836
2015-06-08,12.003484725952148
2015-06-09,11.93804931640625
2015-06-10,12.141621589660645
2015-06-11,12.15616512298584
2015-06-12,12.08345890045166
2015-06-15,11.996214866638184
2015-06-16,12.003484725952148
2015-06-17,12.018028259277344
2015-06-18,12.090727806091309
2015-06-19,12.047106742858887
2015-06-22,12.250680923461914
2015-06-23,12.287029266357422
2015-06-24,12.221597671508789
2015-06-25,12.216456413269043
2015-06-26,12.179726600646973
2015-06-29,11.856496810913086
2015-06-30,11.878538131713867
2015-07-01,11.929961204528809
2015-07-02,11.937304496765137
2015-07-06,11.694890975952148
2015-07-07,11.614078521728516
2015-07-08,11.371660232543945
2015-07-09,11.525930404663086
2015-07-10,11.80508041381836
2015-07-13,11.893231391906738
2015-07-14,11.959345817565918
2015-07-15,11.907919883728027
2015-07-16,11.996072769165039
2015-07-17,11.9813814163208
2015-07-20,11.959345817565918
2015-07-21,11.951998710632324
2015-07-22,11.856496810913086
2015-07-23,11.827115058898926
2015-07-24,11.694890975952148
2015-07-27,11.5700044631958
2015-07-28,11.6728515625
2015-07-29,11.738962173461914
2015-07-30,11.709579467773438
2015-07-31,11.783040046691895
2015-08-03,11.738962173461914
2015-08-04,11.746309280395508
2015-08-05,11.790384292602539
2015-08-06,11.746309280395508
2015-08-07,11.716924667358398
2015-08-10,11.863842964172363
2015-08-11,11.687539100646973
2015-08-12,11.59204387664795
2015-08-13,11.59204387664795
2015-08-14,11.584695816040039
2015-08-17,11.562657356262207
2015-08-18,11.489198684692383
2015-08-19,11.379005432128906
2015-08-20,11.158626556396484
2015-08-21,10.894166946411133
2015-08-24,10.453407287597656
2015-08-25,10.570945739746094
2015-08-26,10.769286155700684
2015-08-27,10.982319831848145
2015-08-28,10.997013092041016
2015-08-31,10.923552513122559
2015-09-01,10.59298324584961
2015-09-02,10.710517883300781
2015-09-03,10.73255729675293
2015-09-04,10.512173652648926
2015-09-08,10.754596710205078
2015-09-09,10.769286155700684
2015-09-10,10.798666954040527
2015-09-11,10.791322708129883
2015-09-14,10.747246742248535
2015-09-15,10.813364028930664
2015-09-16,10.974976539611816
2015-09-17,10.997013092041016
2015-09-18,10.769286155700684
2015-09-21,10.776631355285645
2015-09-22,10.541561126708984
2015-09-23,10.468100547790527
2015-09-24,10.416422843933105
2015-09-25,10.497627258300781
2015-09-28,10.305686950683594
2015-09-29,10.276159286499023
2015-09-30,10.497627258300781
2015-10-01,10.519774436950684
2015-10-02,10.6748046875
2015-10-05,10.88888931274414
2015-10-06,10.947945594787598
2015-10-07,11.066065788269043
2015-10-08,11.14726734161377
2015-10-09,11.198945999145508
2015-10-12,11.191561698913574
2015-10-13,11.066065788269043
2015-10-14,11.066065788269043
2015-10-15,11.258002281188965
2015-10-16,11.250619888305664
2015-10-19,11.213708877563477
2015-10-20,11.184181213378906
2015-10-21,11.14726734161377
2015-10-22,11.258002281188965
2015-10-23,11.35397720336914
2015-10-26,11.30968189239502
2015-10-27,11.213708877563477
2015-10-28,11.265387535095215
2015-10-29,11.16942024230957
2015-10-30,11.154650688171387
2015-11-02,11.243241310119629
2015-11-03,11.272768020629883
2015-11-04,11.228475570678711
2015-11-05,11.213708877563477
2015-11-06,11.13250732421875
2015-11-09,11.021771430969238
2015-11-10,10.992239952087402
2015-11-11,11.029152870178223
2015-11-12,10.925801277160645
2015-11-13,10.822449684143066
2015-11-16,10.91103744506836
2015-11-17,10.97009563446045
2015-11-18,11.03653621673584
2015-11-19,11.117740631103516
2015-11-20,11.117740631103516
2015-11-23,11.058684349060059
2015-11-24,11.051299095153809
2015-11-25,11.066065788269043
2015-11-27,11.043919563293457
2015-11-30,11.007006645202637
2015-12-01,11.139888763427734
2015-12-02,11.03653621673584
2015-12-03,10.984859466552734
2015-12-04,11.03653621673584
2015-12-07,10.940567016601562
2015-12-08,10.785538673400879
2015-12-09,10.75600814819336
2015-12-10,10.741241455078125
2015-12-11,10.534542083740234
2015-12-14,10.527159690856934
2015-12-15,10.623128890991211
2015-12-16,10.785538673400879
2015-12-17,10.704330444335938
2015-12-18,10.622507095336914
2015-12-21,10.667140007019043
2015-12-22,10.726648330688477
2015-12-23,10.897738456726074
2015-12-24,10.867987632751465
2015-12-28,10.838227272033691
2015-12-29,10.949808120727539
2015-12-30,10.860547065734863
2015-12-31,10.77872085571289
2016-01-04,10.570436477661133
2016-01-05,10.555557250976562
2016-01-06,10.399345397949219
2016-01-07,10.191058158874512
2016-01-08,10.086915969848633
2016-01-11,10.049725532531738
2016-01-12,10.086915969848633
2016-01-13,9.990213394165039
2016-01-14,10.049725532531738
2016-01-15,9.737298011779785
2016-01-19,9.804248809814453
2016-01-20,9.57364273071289
2016-01-21,9.603399276733398
2016-01-22,9.900952339172363
2016-01-25,9.804248809814453
2016-01-26,9.930705070495605
2016-01-27,9.915826797485352
2016-01-28,9.953018188476562
2016-01-29,10.17618465423584
2016-02-01,10.153868675231934
2016-02-02,9.94558048248291
2016-02-03,9.997651100158691
2016-02-04,10.057165145874023
2016-02-05,9.930705070495605
2016-02-08,9.759611129760742
2016-02-09,9.648032188415527
2016-02-10,9.655471801757812
2016-02-11,9.491817474365234
2016-02-12,9.610838890075684
2016-02-16,9.804248809814453
2016-02-17,9.990213394165039
2016-02-18,9.982773780822754
2016-02-19,9.953018188476562
2016-02-22,10.072038650512695
2016-02-23,9.92326545715332
2016-02-24,9.878630638122559
2016-02-25,9.982773780822754
2016-02-26,9.96045970916748
2016-02-29,9.94558048248291
2016-03-01,10.191058158874512
2016-03-02,10.272884368896484
2016-03-03,10.384466171264648
2016-03-04,10.488612174987793
2016-03-07,10.496047973632812
2016-03-08,10.369592666625977
2016-03-09,10.414220809936523
2016-03-10,10.414220809936523
2016-03-11,10.644822120666504
2016-03-14,10.640345573425293
2016-03-15,10.52095890045166
2016-03-16,10.632881164550781
2016-03-17,10.767192840576172
2016-03-18,10.774654388427734
2016-03-21,10.75227165222168
2016-03-22,10.737346649169922
2016-03-23,10.632881164550781
2016-03-24,10.55826473236084
2016-03-28,10.603035926818848
2016-03-29,10.722424507141113
2016-03-30,10.819424629211426
2016-03-31,10.759733200073242
2016-04-01,10.655267715454102
2016-04-04,10.632881164550781
2016-04-05,10.438879013061523
2016-04-06,10.55826473236084
2016-04-07,10.431416511535645
2016-04-08,10.617962837219238
2016-04-11,10.647802352905273
2016-04-12,10.797039985656738
2016-04-13,10.96119499206543
2016-04-14,10.976122856140137
2016-04-15,10.96119499206543
2016-04-18,11.020886421203613
2016-04-19,11.19250774383545
2016-04-20,11.177583694458008
2016-04-21,11.132816314697266
2016-04-22,11.117891311645508
2016-04-25,11.06566333770752
2016-04-26,11.102968215942383
2016-04-27,11.117891311645508
2016-04-28,11.050737380981445
2016-04-29,10.998506546020508
2016-05-02,11.06566333770752
2016-05-03,10.8641939163208
2016-05-04,10.729888916015625
2016-05-05,10.722424507141113
2016-05-06,10.729888916015625
2016-05-09,10.692575454711914
2016-05-10,10.8343505859375
2016-05-11,10.774654388427734
2016-05-12,10.759733200073242
2016-05-13,10.655267715454102
2016-05-16,10.75227165222168
2016-05-17,10.71496295928955
2016-05-18,10.685117721557617
2016-05-19,10.610501289367676
2016-05-20,10.685117721557617
2016-05-23,10.662727355957031
2016-05-24,10.774654388427734
2016-05-25,10.894039154052734
2016-05-26,10.923888206481934
2016-05-27,10.916424751281738
2016-05-31,10.886577606201172
2016-06-01,10.894039154052734
2016-06-02,10.894039154052734
2016-06-03,10.983582496643066
2016-06-06,11.06566333770752
2016-06-07,11.170124053955078
2016-06-08,11.20743179321289
2016-06-09,11.088045120239258
2016-06-10,10.81196403503418
2016-06-13,10.645855903625488
2016-06-14,10.509954452514648
2016-06-15,10.577906608581543
2016-06-16,10.555255889892578
2016-06-17,10.63830852508545
2016-06-20,10.887466430664062
2016-06-21,10.95542049407959
2016-06-22,10.978070259094238
2016-06-23,11.212126731872559
2016-06-24,10.419353485107422
2016-06-27,10.192842483520508
2016-06-28,10.449551582336426
2016-06-29,10.645855903625488
2016-06-30,10.781763076782227
2016-07-01,10.819513320922852
2016-07-05,10.630757331848145
2016-07-06,10.600556373596191
2016-07-07,10.585457801818848
2016-07-08,10.713807106018066
2016-07-11,10.864816665649414
2016-07-12,11.000718116760254
2016-07-13,11.000718116760254
2016-07-14,11.098872184753418
2016-07-15,11.061119079589844
2016-07-18,11.091322898864746
2016-07-19,11.023369789123535
2016-07-20,11.098872184753418
2016-07-21,11.076223373413086
2016-07-22,11.076223373413086
2016-07-25,11.061119079589844
2016-07-26,11.106425285339355
2016-07-27,11.144174575805664
2016-07-28,11.144174575805664
2016-07-29,11.257430076599121
2016-08-01,11.212126731872559
2016-08-02,11.166821479797363
2016-08-03,11.113973617553711
2016-08-04,11.17437744140625
2016-08-05,11.2498779296875
2016-08-08,11.280077934265137
2016-08-09,11.370680809020996
2016-08-10,11.400883674621582
2016-08-11,11.476386070251465
2016-08-12,11.461284637451172
2016-08-15,11.51413345336914
2016-08-16,11.49903678894043
2016-08-17,11.48393726348877
2016-08-18,11.551888465881348
2016-08-19,11.468835830688477
2016-08-22,11.453734397888184
2016-08-23,11.48393726348877
2016-08-24,11.446186065673828
2016-08-25,11.423535346984863
2016-08-26,11.363133430480957
2016-08-29,11.393331527709961
2016-08-30,11.363133430480957
2016-08-31,11.340483665466309
2016-09-01,11.385782241821289
2016-09-02,11.51413345336914
2016-09-06,11.65758991241455
2016-09-07,11.67269229888916
2016-09-08,11.642489433288574
2016-09-09,11.408434867858887
2016-09-12,11.457786560058594
2016-09-13,11.222404479980469
2016-09-14,11.222404479980469
2016-09-15,11.328705787658691
2016-09-16,11.199626922607422
2016-09-19,11.283148765563965
2016-09-20,11.321115493774414
2016-09-21,11.518531799316406
2016-09-22,11.624833106994629
2016-09-23,11.533716201782227
2016-09-26,11.419820785522461
2016-09-27,11.48816204071045
2016-09-28,11.57167911529541
2016-09-29,11.457786560058594
2016-09-30,11.49575424194336
2016-10-03,11.510937690734863
2016-10-04,11.48816204071045
2016-10-05,11.533716201782227
2016-10-06,11.48056411743164
2016-10-07,11.427419662475586
2016-10-10,11.472973823547363
2016-10-11,11.29833698272705
2016-10-12,11.290743827819824
2016-10-13,11.24518871307373
2016-10-14,11.260369300842285
2016-10-17,11.237595558166504
2016-10-18,11.37426471710205
2016-10-19,11.419820785522461
2016-10-20,11.412229537963867
2016-10-21,11.389448165893555
2016-10-24,11.39704704284668
2016-10-25,11.38185977935791
2016-10-26,11.328705787658691
2016-10-27,11.29833698272705
2016-10-28,11.305929183959961
2016-10-31,11.29833698272705
2016-11-01,11.267967224121094
2016-11-02,11.161662101745605
2016-11-03,11.154067993164062
2016-11-04,11.07813835144043
2016-11-07,11.229997634887695
2016-11-08,11.252775192260742
2016-11-09,11.237595558166504
2016-11-10,11.154067993164062
2016-11-11,11.024991035461426
2016-11-14,10.956652641296387
2016-11-15,11.024991035461426
2016-11-16,10.949057579040527
2016-11-17,10.98702335357666
2016-11-18,10.911093711853027
2016-11-21,10.994613647460938
2016-11-22,11.047765731811523
2016-11-23,11.00980281829834
2016-11-25,11.032580375671387
2016-11-28,11.024991035461426
2016-11-29,11.055360794067383
2016-11-30,11.055360794067383
2016-12-01,11.032580375671387
2016-12-02,11.04017448425293
2016-12-05,11.116103172302246
2016-12-06,11.176849365234375
2016-12-07,11.336299896240234
2016-12-08,11.351487159729004
2016-12-09,11.37426471710205
2016-12-12,11.328705787658691
2016-12-13,11.435009956359863
2016-12-14,11.237595558166504
2016-12-15,11.229997634887695
2016-12-16,11.222404479980469
2016-12-19,11.20938777923584
2016-12-20,11.23236083984375
2016-12-21,11.217044830322266
2016-12-22,11.186419486999512
2016-12-23,11.194077491760254
2016-12-27,11.201733589172363
2016-12-28,11.186419486999512
2016-12-29,11.255330085754395
2016-12-30,11.278297424316406
2017-01-03,11.347206115722656
2017-01-04,11.462059020996094
2017-01-05,11.57690715789795
2017-01-06,11.530970573425293
2017-01-09,11.500345230102539
2017-01-10,11.52331829071045
2017-01-11,11.607537269592285
2017-01-12,11.615194320678711
2017-01-13,11.66113567352295
2017-01-17,11.630507469177246
2017-01-18,11.592225074768066
2017-01-19,11.57690715789795
2017-01-20,11.622847557067871
2017-01-23,11.653478622436523
2017-01-24,11.714729309082031
2017-01-25,11.821924209594727
2017-01-26,11.791299819946289
2017-01-27,11.775984764099121
2017-01-30,11.691761016845703
2017-01-31,11.714729309082031
2017-02-01,11.760669708251953
2017-02-02,11.775984764099121
2017-02-03,11.821924209594727
2017-02-06,11.768326759338379
2017-02-07,11.745355606079102
2017-02-08,11.78364086151123
2017-02-09,11.821924209594727
2017-02-10,11.867863655090332
2017-02-13,11.929118156433105
2017-02-14,11.929118156433105
2017-02-15,11.975058555603027
2017-02-16,11.990372657775879
2017-02-17,11.95974349975586
2017-02-21,12.005683898925781
2017-02-22,12.013343811035156
2017-02-23,12.020997047424316
2017-02-24,11.936776161193848
2017-02-27,11.91380500793457
2017-02-28,11.890832901000977
2017-03-01,12.005683898925781
2017-03-02,11.91380500793457
2017-03-03,11.967401504516602
2017-03-06,11.936776161193848
2017-03-07,11.91380500793457
2017-03-08,11.860206604003906
2017-03-09,11.860206604003906
2017-03-10,11.944433212280273
2017-03-13,12.020997047424316
2017-03-14,11.952085494995117
2017-03-15,12.128192901611328
2017-03-16,12.204757690429688
2017-03-17,12.227728843688965
2017-03-20,12.235384941101074
2017-03-21,12.18178653717041
2017-03-22,12.174131393432617
2017-03-23,12.195633888244629
2017-03-24,12.226353645324707
2017-03-27,12.25707721710205
2017-03-28,12.30315113067627
2017-03-29,12.310832977294922
2017-03-30,12.264752388000488
2017-03-31,12.226353645324707
2017-04-03,12.226353645324707
2017-04-04,12.234036445617676
2017-04-05,12.203314781188965
2017-04-06,12.187956809997559
2017-04-07,12.172595977783203
2017-04-10,12.164915084838867
2017-04-11,12.203314781188965
2017-04-12,12.210996627807617
2017-04-13,12.149555206298828
2017-04-17,12.234036445617676
2017-04-18,12.164915084838867
2017-04-19,12.103476524353027
2017-04-20,12.203314781188965
2017-04-21,12.187956809997559
2017-04-24,12.43371295928955
2017-04-25,12.533550262451172
2017-04-26,12.510512351989746
2017-04-27,12.502828598022461
2017-04-28,12.495149612426758
2017-05-01,12.5181884765625
2017-05-02,12.602669715881348
2017-05-03,12.556591987609863
2017-05-04,12.61034870147705
2017-05-05,12.710187911987305
2017-05-08,12.671789169311523
2017-05-09,12.664105415344238
2017-05-10,12.694826126098633
2017-05-11,12.687148094177246
2017-05-12,12.733223915100098
2017-05-15,12.810027122497559
2017-05-16,12.879143714904785
2017-05-17,12.733223915100098
2017-05-18,12.687148094177246
2017-05-19,12.840744018554688
2017-05-22,12.871463775634766
2017-05-23,12.86378288269043
2017-05-24,12.886821746826172
2017-05-25,12.90986442565918
2017-05-26,12.886821746826172
2017-05-30,12.871463775634766
2017-05-31,12.871463775634766
2017-06-01,12.948262214660645
2017-06-02,13.0557861328125
2017-06-05,13.025059700012207
2017-06-06,12.994342803955078
2017-06-07,12.986661911010742
2017-06-08,12.971302032470703
2017-06-09,12.932900428771973
2017-06-12,12.886821746826172
2017-06-13,12.978978157043457
2017-06-14,12.963623046875
2017-06-15,12.848423957824707
2017-06-16,12.917543411254883
2017-06-19,12.986661911010742
2017-06-20,12.867914199829102
2017-06-21,12.86015510559082
2017-06-22,12.883440971374512
2017-06-23,12.914484024047852
2017-06-26,12.953289985656738
2017-06-27,12.937767028808594
2017-06-28,13.030900955200195
2017-06-29,12.937767028808594
2017-06-30,12.937767028808594
2017-07-03,12.937767028808594
2017-07-05,12.930004119873047
2017-07-06,12.867914199829102
2017-07-07,12.875679016113281
2017-07-10,12.906721115112305
2017-07-11,12.945528984069824
2017-07-12,13.06970500946045
2017-07-13,13.131793022155762
2017-07-14,13.240447044372559
2017-07-17,13.224929809570312
2017-07-18,13.240447044372559
2017-07-19,13.310300827026367
2017-07-20,13.34910774230957
2017-07-21,13.310300827026367
2017-07-24,13.294779777526855
2017-07-25,13.310300827026367
2017-07-26,13.372387886047363
2017-07-27,13.356865882873535
2017-07-28,13.356865882873535
2017-07-31,13.38015079498291
2017-08-01,13.442240715026855
2017-08-02,13.457759857177734
2017-08-03,13.442240715026855
2017-08-04,13.457759857177734
2017-08-07,13.481047630310059
2017-08-08,13.442240715026855
2017-08-09,13.387914657592773
2017-08-10,13.209406852722168
2017-08-11,13.178359031677246
2017-08-14,13.271493911743164
2017-08-15,13.248211860656738
2017-08-16,13.341347694396973
2017-08-17,13.217169761657715
2017-08-18,13.240447044372559
2017-08-21,13.255972862243652
2017-08-22,13.333582878112793
2017-08-23,13.333582878112793
2017-08-24,13.333582878112793
2017-08-25,13.4111967086792
2017-08-28,13.426717758178711
2017-08-29,13.372387886047363
2017-08-30,13.372387886047363
2017-08-31,13.465522766113281
2017-09-01,13.496565818786621
2017-09-05,13.418956756591797
2017-09-06,13.465522766113281
2017-09-07,13.581940650939941
2017-09-08,13.581940650939941
2017-09-11,13.67507266998291
2017-09-12,13.71387767791748
2017-09-13,13.651787757873535
2017-09-14,13.67507266998291
2017-09-15,13.698359489440918
2017-09-18,13.721639633178711
2017-09-19,13.77157974243164
2017-09-20,13.74036979675293
2017-09-21,13.716958045959473
2017-09-22,13.732560157775879
2017-09-25,13.646733283996582
2017-09-26,13.599919319152832
2017-09-27,13.599919319152832
2017-09-28,13.62332820892334
2017-09-29,13.70915412902832
2017-10-02,13.70915412902832
2017-10-03,13.77157974243164
2017-10-04,13.77157974243164
2017-10-05,13.763772964477539
2017-10-06,13.755969047546387
2017-10-09,13.7481689453125
2017-10-10,13.857405662536621
2017-10-11,13.919822692871094
2017-10-12,13.927630424499512
2017-10-13,13.982246398925781
2017-10-16,13.9900484085083
2017-10-17,13.95883846282959
2017-10-18,13.982246398925781
2017-10-19,13.951037406921387
2017-10-20,13.927630424499512
2017-10-23,13.880813598632812
2017-10-24,13.912020683288574
2017-10-25,13.857405662536621
2017-10-26,13.841798782348633
2017-10-27,13.896413803100586
2017-10-30,13.919822692871094
2017-10-31,13.974441528320312
2017-11-01,14.013457298278809
2017-11-02,14.04466724395752
2017-11-03,14.029064178466797
2017-11-06,14.068075180053711
2017-11-07,14.021257400512695
2017-11-08,14.068075180053711
2017-11-09,14.005658149719238
2017-11-10,13.951037406921387
2017-11-13,13.896413803100586
2017-11-14,13.873008728027344
2017-11-15,13.779378890991211
2017-11-16,13.919822692871094
2017-11-17,13.927630424499512
2017-11-20,13.951037406921387
2017-11-21,14.075878143310547
2017-11-22,14.107085227966309
2017-11-24,14.1773099899292
2017-11-27,14.091480255126953
2017-11-28,14.153898239135742
2017-11-29,14.099287033081055
2017-11-30,14.075878143310547
2017-12-01,14.029064178466797
2017-12-04,13.9900484085083
2017-12-05,13.974441528320312
2017-12-06,13.888615608215332
2017-12-07,13.904217720031738
2017-12-08,13.997852325439453
2017-12-11,14.036864280700684
2017-12-12,14.036864280700684
2017-12-13,14.091480255126953
2017-12-14,14.036864280700684
2017-12-15,14.04466724395752
2017-12-18,14.185111045837402
2017-12-19,14.161705017089844
2017-12-20,14.154613494873047
2017-12-21,14.21762752532959
2017-12-22,14.241260528564453
2017-12-26,14.241260528564453
2017-12-27,14.304274559020996
2017-12-28,14.359413146972656
2017-12-29,14.367290496826172
2018-01-02,14.524826049804688
2018-01-03,14.595717430114746
2018-01-04,14.729620933532715
2018-01-05,14.832018852233887
2018-01-08,14.824139595031738
2018-01-09,14.824139595031738
2018-01-10,14.792637825012207
2018-01-11,14.871408462524414
2018-01-12,14.997429847717285
2018-01-16,15.013185501098633
2018-01-17,15.099832534790039
2018-01-18,15.068326950073242
2018-01-19,15.154967308044434
2018-01-22,15.241618156433105
2018-01-23,15.29675006866455
2018-01-24,15.351885795593262
2018-01-25,15.312514305114746
2018-01-26,15.454288482666016
2018-01-29,15.304627418518066
2018-01-30,15.154967308044434
2018-01-31,15.170722961425781
2018-02-01,15.194355010986328
2018-02-02,14.871408462524414
2018-02-05,14.359413146972656
2018-02-06,14.509071350097656
2018-02-07,14.320028305053711
2018-02-08,13.997077941894531
2018-02-09,14.060094833374023
2018-02-12,14.21762752532959
2018-02-13,14.225507736206055
2018-02-14,14.485441207885742
2018-02-15,14.619348526000977
2018-02-16,14.619348526000977
2018-02-20,14.516948699951172
2018-02-21,14.49332046508789
2018-02-22,14.516948699951172
2018-02-23,14.690235137939453
2018-02-26,14.784757614135742
2018-02-27,14.57208251953125
2018-02-28,14.390921592712402
2018-03-01,14.272770881652832
2018-03-02,14.288518905639648
2018-03-05,14.33577823638916
2018-03-06,14.422430038452148
2018-03-07,14.422430038452148
2018-03-08,14.453932762145996
2018-03-09,14.579964637756348
2018-03-12,14.603596687316895
2018-03-13,14.532699584960938
2018-03-14,14.532699584960938
2018-03-15,14.524826049804688
2018-03-16,14.516948699951172
2018-03-19,14.375168800354004
2018-03-20,14.406672477722168
2018-03-21,14.453932762145996
2018-03-22,14.178247451782227
2018-03-23,13.999015808105469
2018-03-26,14.275362968444824
2018-03-27,14.141134262084961
2018-03-28,14.164822578430176
2018-03-29,14.299054145812988
2018-04-02,14.109556198120117
2018-04-03,14.24378490447998
2018-04-04,14.23588752746582
2018-04-05,14.338531494140625
2018-04-06,14.212200164794922
2018-04-09,14.306947708129883
2018-04-10,14.4806489944458
2018-04-11,14.433280944824219
2018-04-12,14.472755432128906
2018-04-13,14.449065208435059
2018-04-16,14.4806489944458
2018-04-17,14.520126342773438
2018-04-18,14.59908390045166
2018-04-19,14.575393676757812
2018-04-20,14.4806489944458
2018-04-23,14.425383567810059
2018-04-24,14.370104789733887
2018-04-25,14.338531494140625
2018-04-26,14.409591674804688
2018-04-27,14.449065208435059
2018-04-30,14.417481422424316
2018-05-01,14.370104789733887
2018-05-02,14.34642219543457
2018-05-03,14.354317665100098
2018-05-04,14.393796920776367
2018-05-07,14.393796920776367
2018-05-08,14.393796920776367
2018-05-09,14.449065208435059
2018-05-10,14.559605598449707
2018-05-11,14.59908390045166
2018-05-14,14.622775077819824
2018-05-15,14.488545417785645
2018-05-16,14.528027534484863
2018-05-17,14.512229919433594
2018-05-18,14.456964492797852
2018-05-21,14.528027534484863
2018-05-22,14.528027534484863
2018-05-23,14.425383567810059
2018-05-24,14.36221981048584
2018-05-25,14.306947708129883
2018-05-29,14.062175750732422
2018-05-30,14.180612564086914
2018-05-31,14.141134262084961
2018-06-01,14.259572982788086
2018-06-04,14.354317665100098
2018-06-05,14.314842224121094
2018-06-06,14.425383567810059
2018-06-07,14.38590145111084
2018-06-08,14.36221981048584
2018-06-11,14.417481422424316
2018-06-12,14.378007888793945
2018-06-13,14.36221981048584
2018-06-14,14.306947708129883
2018-06-15,14.212200164794922
2018-06-18,14.117445945739746
2018-06-19,13.9595365524292
2018-06-20,13.983223915100098
2018-06-21,13.869901657104492
2018-06-22,14.021529197692871
2018-06-25,13.814035415649414
2018-06-26,13.822021484375
2018-06-27,13.686354637145996
2018-06-28,13.710294723510742
2018-06-29,13.84596061706543
2018-07-02,13.718277931213379
2018-07-03,13.734234809875488
2018-07-05,13.814035415649414
2018-07-06,13.909804344177246
2018-07-09,14.03748607635498
2018-07-10,14.05345630645752
2018-07-11,13.822021484375
2018-07-12,13.941726684570312
2018-07-13,13.97364616394043
2018-07-16,13.957688331604004
2018-07-17,13.981627464294434
2018-07-18,13.989609718322754
2018-07-19,13.91778564453125
2018-07-20,14.013547897338867
2018-07-23,13.989609718322754
2018-07-24,14.08537769317627
2018-07-25,14.205079078674316
2018-07-26,14.157197952270508
2018-07-27,14.189118385314941
2018-07-30,14.189118385314941
2018-07-31,14.189118385314941
2018-08-01,14.149216651916504
2018-08-02,14.021529197692871
2018-08-03,14.045467376708984
2018-08-06,13.99758529663086
2018-08-07,14.069414138793945
2018-08-08,14.069414138793945
2018-08-09,14.045467376708984
2018-08-10,13.798081398010254
2018-08-13,13.670395851135254
2018-08-14,13.702315330505371
2018-08-15,13.494824409484863
2018-08-16,13.558664321899414
2018-08-17,13.638470649719238
2018-08-20,13.710294723510742
2018-08-21,13.798081398010254
2018-08-22,13.861926078796387
2018-08-23,13.75817584991455
2018-08-24,13.853940963745117
2018-08-27,14.03748607635498
2018-08-28,14.021529197692871
2018-08-29,14.077392578125
2018-08-30,13.941726684570312
2018-08-31,13.877880096435547
2018-09-04,13.710294723510742
2018-09-05,13.582608222961426
2018-09-06,13.534725189208984
2018-09-07,13.486841201782227
2018-09-10,13.486841201782227
2018-09-11,13.502803802490234
2018-09-12,13.542707443237305
2018-09-13,13.646451950073242
2018-09-14,13.670395851135254
2018-09-17,13.670395851135254
2018-09-18,13.782116889953613
2018-09-19,13.853940963745117
2018-09-20,13.989609718322754
2018-09-21,14.02950668334961
2018-09-24,13.94970703125
2018-09-25,14.008237838745117
2018-09-26,14.024279594421387
2018-09-27,14.00022029876709
2018-09-28,13.920039176940918
2018-10-01,13.928061485290527
2018-10-02,13.839852333068848
2018-10-03,13.80777645111084
2018-10-04,13.6233549118042
2018-10-05,13.527132987976074
2018-10-08,13.454968452453613
2018-10-09,13.422891616821289
2018-10-10,13.14224910736084
2018-10-11,12.949806213378906
2018-10-12,13.07008171081543
2018-10-15,13.02196979522705
2018-10-16,13.25450611114502
2018-10-17,13.166302680969238
2018-10-18,12.949806213378906
2018-10-19,13.013949394226074
2018-10-22,12.989896774291992
2018-10-23,12.837546348571777
2018-10-24,12.51680850982666
2018-10-25,12.653120994567871
2018-10-26,12.540864944458008
2018-10-29,12.460676193237305
2018-10-30,12.613030433654785
2018-10-31,12.757362365722656
2018-11-01,12.949806213378906
2018-11-02,12.989896774291992
2018-11-05,13.013949394226074
2018-11-06,13.038007736206055
2018-11-07,13.19837474822998
2018-11-08,13.062065124511719
2018-11-09,12.949806213378906
2018-11-12,12.733306884765625
2018-11-13,12.789435386657715
2018-11-14,12.797454833984375
2018-11-15,12.885656356811523
2018-11-16,12.901695251464844
2018-11-19,12.805474281311035
2018-11-20,12.588973999023438
2018-11-21,12.741326332092285
2018-11-23,12.669157028198242
2018-11-26,12.821507453918457
2018-11-27,12.797454833984375
2018-11-28,12.973861694335938
2018-11-29,12.941786766052246
2018-11-30,12.917734146118164
2018-12-03,13.086115837097168
2018-12-04,12.81348991394043
2018-12-06,12.645105361938477
2018-12-07,12.524823188781738
2018-12-10,12.40455150604248
2018-12-11,12.396528244018555
2018-12-12,12.596994400024414
2018-12-13,12.621047973632812
2018-12-14,12.444642066955566
2018-12-17,12.324365615844727
2018-12-18,12.3163480758667
2018-12-19,12.236160278320312
2018-12-20,12.188051223754883
2018-12-21,11.997675895690918
2018-12-24,11.92476749420166
2018-12-26,12.19210147857666
2018-12-27,12.15969467163086
2018-12-28,12.2326078414917
2018-12-31,12.289314270019531
2019-01-02,12.248804092407227
2019-01-03,12.135394096374512
2019-01-04,12.491842269897461
2019-01-07,12.556648254394531
2019-01-08,12.613356590270996
2019-01-09,12.783477783203125
2019-01-10,12.832085609436035
2019-01-11,12.791580200195312
2019-01-14,12.726773262023926
2019-01-15,12.807784080505371
2019-01-16,12.840188026428223
2019-01-17,12.88068962097168
2019-01-18,12.99410629272461
2019-01-22,12.840188026428223
2019-01-23,12.88068962097168
2019-01-24,12.91309642791748
2019-01-25,13.075117111206055
2019-01-28,12.99410629272461
2019-01-29,13.034614562988281
2019-01-30,13.180431365966797
2019-01-31,13.22093391418457
2019-02-01,13.196635246276855
2019-02-04,13.22903823852539
2019-02-05,13.334352493286133
2019-02-06,13.26954174041748
2019-02-07,13.107522010803223
2019-02-08,13.05081558227539
2019-02-11,13.026512145996094
2019-02-12,13.172329902648926
2019-02-13,13.164226531982422
2019-02-14,13.172329902648926
2019-02-15,13.285746574401855
2019-02-19,13.35055160522461
2019-02-20,13.423462867736816
2019-02-21,13.382957458496094
2019-02-22,13.463967323303223
2019-02-25,13.520676612854004
2019-02-26,13.561182022094727
2019-02-27,13.51257610321045
2019-02-28,13.447766304016113
2019-03-01,13.49637222290039
2019-03-04,13.480169296264648
2019-03-05,13.504474639892578
2019-03-06,13.455869674682617
2019-03-07,13.301946640014648
2019-03-08,13.245241165161133
2019-03-11,13.382957458496094
2019-03-12,13.415360450744629
2019-03-13,13.49637222290039
2019-03-14,13.463967323303223
2019-03-15,13.593585014343262
2019-03-18,13.682701110839844
2019-03-19,13.690797805786133
2019-03-20,13.698898315429688
2019-03-21,13.698898315429688
2019-03-22,13.455144882202148
2019-03-25,13.43077278137207
2019-03-26,13.520145416259766
2019-03-27,13.479521751403809
2019-03-28,13.471396446228027
2019-03-29,13.544524192810059
2019-04-01,13.707022666931152
2019-04-02,13.72327709197998
2019-04-03,13.82077693939209
2019-04-04,13.82077693939209
2019-04-05,13.845152854919434
2019-04-08,13.869524002075195
2019-04-09,13.812654495239258
2019-04-10,13.861400604248047
2019-04-11,13.804525375366211
2019-04-12,13.885778427124023
2019-04-15,13.902026176452637
2019-04-16,13.92640209197998
2019-04-17,13.950777053833008
2019-04-18,13.934526443481445
2019-04-22,13.9182767868042
2019-04-23,13.950777053833008
2019-04-24,13.828902244567871
2019-04-25,13.804525375366211
2019-04-26,13.861400604248047
2019-04-29,13.902026176452637
2019-04-30,13.9182767868042
2019-05-01,13.845152854919434
2019-05-02,13.82077693939209
2019-05-03,13.942651748657227
2019-05-06,13.788275718688965
2019-05-07,13.593274116516113
2019-05-08,13.577021598815918
2019-05-09,13.447021484375
2019-05-10,13.520145416259766
2019-05-13,13.235771179199219
2019-05-14,13.341394424438477
2019-05-15,13.398269653320312
2019-05-16,13.447021484375
2019-05-17,13.341394424438477
2019-05-20,13.284521102905273
2019-05-21,13.373896598815918
2019-05-22,13.325146675109863
2019-05-23,13.187018394470215
2019-05-24,13.292643547058105
2019-05-28,13.235771179199219
2019-05-29,13.162643432617188
2019-05-30,13.203266143798828
2019-05-31,13.146392822265625
2019-06-03,13.24389362335205
2019-06-04,13.36577033996582
2019-06-05,13.349519729614258
2019-06-06,13.382018089294434
2019-06-07,13.520145416259766
2019-06-10,13.568901062011719
2019-06-11,13.650147438049316
2019-06-12,13.560772895812988
2019-06-13,13.568901062011719
2019-06-14,13.471396446228027
2019-06-17,13.447021484375
2019-06-18,13.633898735046387
2019-06-19,13.739523887634277
2019-06-20,13.906367301940918
2019-06-21,13.865272521972656
2019-06-24,13.865272521972656
2019-06-25,13.77486515045166
2019-06-26,13.799520492553711
2019-06-27,13.865272521972656
2019-06-28,13.91458511352539
2019-07-01,13.988557815551758
2019-07-02,14.037872314453125
2019-07-03,14.095401763916016
2019-07-05,14.013214111328125
2019-07-08,13.906367301940918
2019-07-09,13.865272521972656
2019-07-10,13.922804832458496
2019-07-11,13.931022644042969
2019-07-12,13.947463035583496
2019-07-15,13.963899612426758
2019-07-16,13.931022644042969
2019-07-17,13.898147583007812
2019-07-18,13.939242362976074
2019-07-19,13.898147583007812
2019-07-22,13.91458511352539
2019-07-23,13.972123146057129
2019-07-24,13.980339050292969
2019-07-25,13.8817138671875
2019-07-26,13.898147583007812
2019-07-29,13.8817138671875
2019-07-30,13.783085823059082
2019-07-31,13.651583671569824
2019-08-01,13.5940523147583
2019-08-02,13.454330444335938
2019-08-05,13.109136581420898
2019-08-06,13.191324234008789
2019-08-07,13.24063777923584
2019-08-08,13.396795272827148
2019-08-09,13.289949417114258
2019-08-12,13.183103561401367
2019-08-13,13.257075309753418
2019-08-14,12.961196899414062
2019-08-15,12.994071960449219
2019-08-16,13.133790969848633
2019-08-19,13.215981483459473
2019-08-20,13.183103561401367
2019-08-21,13.28173542022705
2019-08-22,13.224201202392578
2019-08-23,13.084478378295898
2019-08-26,13.142010688781738
2019-08-27,13.158448219299316
2019-08-28,13.166666030883789
2019-08-29,13.257075309753418
2019-08-30,13.33104419708252
2019-09-03,13.28173542022705
2019-09-04,13.4707670211792
2019-09-05,13.577611923217773
2019-09-06,13.618706703186035
2019-09-09,13.643362045288086
2019-09-10,13.651583671569824
2019-09-11,13.758428573608398
2019-09-12,13.815960884094238
2019-09-13,13.8817138671875
2019-09-16,13.807738304138184
2019-09-17,13.840615272521973
2019-09-18,13.807738304138184
2019-09-19,13.832396507263184
2019-09-20,13.832396507263184
2019-09-23,13.784464836120605
2019-09-24,13.743143081665039
2019-09-25,13.710088729858398
2019-09-26,13.734878540039062
2019-09-27,13.677033424377441
2019-09-30,13.693564414978027
2019-10-01,13.586132049560547
2019-10-02,13.387791633605957
2019-10-03,13.44564151763916
2019-10-04,13.561336517333984
2019-10-07,13.520014762878418
2019-10-08,13.404316902160645
2019-10-09,13.495223045349121
2019-10-10,13.586132049560547
2019-10-11,13.800995826721191
2019-10-14,13.767937660217285
2019-10-15,13.900160789489746
2019-10-16,13.924956321716309
2019-10-17,13.966273307800293
2019-10-18,13.949745178222656
2019-10-21,14.032387733459473
2019-10-22,14.024123191833496
2019-10-23,14.057182312011719
2019-10-24,14.090235710144043
2019-10-25,14.106764793395996
2019-10-28,14.156349182128906
2019-10-29,14.148086547851562
2019-10-30,14.197670936584473
2019-10-31,14.156349182128906
2019-11-01,14.288576126098633
2019-11-04,14.379480361938477
2019-11-05,14.387743949890137
2019-11-06,14.379480361938477
2019-11-07,14.44559097290039
2019-11-08,14.396004676818848
2019-11-11,14.35468864440918
2019-11-12,14.35468864440918
2019-11-13,14.29684066772461
2019-11-14,14.263782501220703
2019-11-15,14.371214866638184
2019-11-18,14.379480361938477
2019-11-19,14.379480361938477
2019-11-20,14.305100440979004
2019-11-21,14.263782501220703
2019-11-22,14.280311584472656
2019-11-25,14.396004676818848
2019-11-26,14.387743949890137
2019-11-27,14.429060935974121
2019-11-29,14.313364028930664
2019-12-02,14.255520820617676
2019-12-03,14.20593547821045
2019-12-04,14.305100440979004
2019-12-05,14.3298921585083
2019-12-06,14.437325477600098
2019-12-09,14.396004676818848
2019-12-10,14.396004676818848
2019-12-11,14.486910820007324
2019-12-12,14.586081504821777
2019-12-13,14.676983833312988
2019-12-16,14.809213638305664
2019-12-17,14.81747817993164
2019-12-18,14.809213638305664
2019-12-19,14.825736045837402
2019-12-20,14.83242416381836
2019-12-23,14.849137306213379
2019-12-24,14.849137306213379
2019-12-26,14.907630920410156
2019-12-27,14.9661226272583
2019-12-30,14.890915870666504
2019-12-31,14.92434024810791
2020-01-02,15.066401481628418
2020-01-03,14.949408531188965
2020-01-06,14.94105339050293
2020-01-07,14.932700157165527
2020-01-08,14.92434024810791
2020-01-09,15.007904052734375
2020-01-10,14.982839584350586
2020-01-13,15.091469764709473
2020-01-14,15.083115577697754
2020-01-15,15.074759483337402
2020-01-16,15.133249282836914
2020-01-17,15.18338680267334
2020-01-21,15.041335105895996
2020-01-22,15.074759483337402
2020-01-23,15.016263008117676
2020-01-24,14.949408531188965
2020-01-27,14.648584365844727
2020-01-28,14.75721549987793
2020-01-29,14.740503311157227
2020-01-30,14.66529655456543
2020-01-31,14.431321144104004
2020-02-03,14.464746475219727
2020-02-04,14.707077980041504
2020-02-05,14.824067115783691
2020-02-06,14.890915870666504
2020-02-07,14.75721549987793
2020-02-10,14.782285690307617
2020-02-11,14.890915870666504
2020-02-12,14.957768440246582
2020-02-13,14.882560729980469
2020-02-14,14.86584758758545
2020-02-18,14.765569686889648
2020-02-19,14.840780258178711
2020-02-20,14.715438842773438
2020-02-21,14.648584365844727
2020-02-24,14.1304931640625
2020-02-25,13.921586990356445
2020-02-26,13.929944038391113
2020-02-27,13.553910255432129
2020-02-28,13.461993217468262
2020-03-02,13.670897483825684
2020-03-03,13.528843879699707
2020-03-04,13.879806518554688
2020-03-05,13.604049682617188
2020-03-06,13.353357315063477
2020-03-09,12.317178726196289
2020-03-10,12.684855461120605
2020-03-11,12.166764259338379
2020-03-12,10.904966354370117
2020-03-13,11.498263359069824
2020-03-16,10.320025444030762
2020-03-17,10.712770462036133
2020-03-18,10.094403266906738
2020-03-19,10.11947250366211
2020-03-20,10.137064933776855
2020-03-23,9.902488708496094
2020-03-24,10.69837760925293
2020-03-25,11.058616638183594
2020-03-26,11.552902221679688
2020-03-27,11.184284210205078
2020-03-30,11.351840019226074
2020-03-31,11.293193817138672
2020-04-01,10.924572944641113
2020-04-02,11.108882904052734
2020-04-03,10.882685661315918
2020-04-06,11.427239418029785
2020-04-07,11.511015892028809
2020-04-08,11.670193672180176
2020-04-09,11.812616348266602
2020-04-13,11.77072525024414
2020-04-14,12.013681411743164
2020-04-15,11.670193672180176
2020-04-16,11.66181468963623
2020-04-17,11.955035209655762
2020-04-20,11.820990562438965
2020-04-21,11.544526100158691
2020-04-22,11.753969192504883
2020-04-23,11.753969192504883
2020-04-24,11.804235458374023
2020-04-27,11.988547325134277
2020-04-28,12.080702781677246
2020-04-29,12.382301330566406
2020-04-30,12.206367492675781
2020-05-01,11.94665813446045
2020-05-04,11.888010025024414
2020-05-05,11.955035209655762
2020-05-06,11.904768943786621
2020-05-07,12.022058486938477
2020-05-08,12.214744567871094
2020-05-11,12.206367492675781
2020-05-12,12.072324752807617
2020-05-13,11.988547325134277
2020-05-14,11.93828010559082
2020-05-15,11.921524047851562
2020-05-18,12.306901931762695
2020-05-19,12.231500625610352
2020-05-20,12.440946578979492
2020-05-21,12.332033157348633
2020-05-22,12.223123550415039
2020-05-26,12.558232307434082
2020-05-27,12.700655937194824
2020-05-28,12.750922203063965
2020-05-29,12.792810440063477
2020-06-01,12.993874549865723
2020-06-02,13.194941520690918
2020-06-03,13.471407890319824
2020-06-04,13.437895774841309
2020-06-05,13.689228057861328
2020-06-08,13.814892768859863
2020-06-09,13.689228057861328
2020-06-10,13.69760799407959
2020-06-11,12.993874549865723
2020-06-12,13.186564445495605
2020-06-15,13.194941520690918
2020-06-16,13.379252433776855
2020-06-17,13.404382705688477
2020-06-18,13.370875358581543
2020-06-19,13.352350234985352
2020-06-22,13.461798667907715
2020-06-23,13.562825202941895
2020-06-24,13.259746551513672
2020-06-25,13.377608299255371
2020-06-26,13.200813293457031
2020-06-29,13.301837921142578
2020-06-30,13.335514068603516
2020-07-01,13.369190216064453
2020-07-02,13.545985221862793
2020-07-06,13.84065055847168
2020-07-07,13.663850784301758
2020-07-08,13.823811531066895
2020-07-09,13.731201171875
2020-07-10,13.798553466796875
2020-07-13,13.739622116088867
2020-07-14,13.857486724853516
2020-07-15,13.992188453674316
2020-07-16,13.857486724853516
2020-07-17,13.941675186157227
2020-07-20,14.05112075805664
2020-07-21,14.135306358337402
2020-07-22,14.135306358337402
2020-07-23,14.034282684326172
2020-07-24,13.958512306213379
2020-07-27,14.135306358337402
2020-07-28,14.076375007629395
2020-07-29,14.219501495361328
2020-07-30,14.067957878112793
2020-07-31,13.88274097442627
2020-08-03,14.017446517944336
2020-08-04,14.15214729309082
2020-08-05,14.253174781799316
2020-08-06,14.278430938720703
2020-08-07,14.15214729309082
2020-08-10,14.168985366821289
2020-08-11,14.236335754394531
2020-08-12,14.463647842407227
2020-08-13,14.421553611755371
2020-08-14,14.354202270507812
2020-08-17,14.446806907653809
2020-08-18,14.480483055114746
2020-08-19,14.404715538024902
2020-08-20,14.337364196777344
2020-08-21,14.320528030395508
2020-08-24,14.480483055114746
2020-08-25,14.530999183654785
2020-08-26,14.623610496520996
2020-08-27,14.514159202575684
2020-08-28,14.598346710205078
2020-08-31,14.480483055114746
2020-09-01,14.53941535949707
2020-09-02,14.657282829284668
2020-09-03,14.354202270507812
2020-09-04,14.345783233642578
2020-09-08,14.168985366821289
2020-09-09,14.39629077911377
2020-09-10,14.22791576385498
2020-09-11,14.354202270507812
2020-09-14,14.497321128845215
2020-09-15,14.56467342376709
2020-09-16,14.573091506958008
2020-09-17,14.56467342376709
2020-09-18,14.475735664367676
2020-09-21,14.170801162719727
2020-09-22,14.153862953186035
2020-09-23,13.984457015991211
2020-09-24,13.959043502807617
2020-09-25,14.001399040222168
2020-09-28,14.196213722229004
2020-09-29,14.170801162719727
2020-09-30,14.196213722229004
2020-10-01,14.272443771362305
2020-10-02,14.196213722229004
2020-10-05,14.416443824768066
2020-10-06,14.33173656463623
2020-10-07,14.475735664367676
2020-10-08,14.585847854614258
2020-10-09,14.670551300048828
2020-10-12,14.78066635131836
2020-10-13,14.65361213684082
2020-10-14,14.611259460449219
2020-10-15,14.458792686462402
2020-10-16,14.49267578125
2020-10-19,14.441854476928711
2020-10-20,14.55196762084961
2020-10-21,14.526557922363281
2020-10-22,14.526557922363281
2020-10-23,14.585847854614258
2020-10-26,14.357148170471191
2020-10-27,14.297857284545898
2020-10-28,13.92516803741455
2020-10-29,14.009870529174805
2020-10-30,13.882813453674316
2020-11-02,14.060689926147461
2020-11-03,14.33173656463623
2020-11-04,14.518085479736328
2020-11-05,14.848426818847656
2020-11-06,14.90771770477295
2020-11-09,15.161825180053711
2020-11-10,15.246533393859863
2020-11-11,15.373583793640137
2020-11-12,15.221117973327637
2020-11-13,15.382055282592773
2020-11-16,15.568399429321289
2020-11-17,15.568399429321289
2020-11-18,15.526049613952637
2020-11-19,15.585342407226562
2020-11-20,15.62769603729248
2020-11-23,15.6700439453125
2020-11-24,15.890270233154297
2020-11-25,15.83945083618164
2020-11-27,15.974973678588867
2020-11-30,15.67851448059082
2020-12-01,15.958038330078125
2020-12-02,16.00038719177246
2020-12-03,16.059677124023438
2020-12-04,16.203670501708984
2020-12-07,16.12744140625
2020-12-08,16.1697940826416
2020-12-09,16.144384384155273
2020-12-10,16.203670501708984
2020-12-11,16.15285301208496
2020-12-14,16.135908126831055
2020-12-15,16.279911041259766
2020-12-16,16.36461067199707
2020-12-17,16.483190536499023
2020-12-18,16.4190616607666
2020-12-21,16.222370147705078
2020-12-22,16.136856079101562
2020-12-23,16.299333572387695
2020-12-24,16.299333572387695
2020-12-28,16.393400192260742
2020-12-29,16.530229568481445
2020-12-30,16.624296188354492
2020-12-31,16.5900936126709
2021-01-04,16.63284683227539
2021-01-05,16.863740921020508
2021-01-06,16.915048599243164
2021-01-07,17.017667770385742
2021-01-08,17.205808639526367
2021-01-11,17.026220321655273
2021-01-12,17.12884521484375
2021-01-13,17.137393951416016
2021-01-14,17.248563766479492
2021-01-15,17.009117126464844
2021-01-19,17.18869972229004
2021-01-20,17.351186752319336
2021-01-21,17.359729766845703
2021-01-22,17.248563766479492
2021-01-25,17.265670776367188
2021-01-26,17.214351654052734
2021-01-27,16.855186462402344
2021-01-28,16.940704345703125
2021-01-29,16.57298469543457
2021-02-01,16.880844116210938
2021-02-02,17.043325424194336
2021-02-03,17.12028694152832
2021-02-04,17.12884521484375
2021-02-05,17.23145866394043
2021-02-08,17.3682861328125
2021-02-09,17.462352752685547
2021-02-10,17.470903396606445
2021-02-11,17.56497573852539
2021-02-12,17.64193344116211
2021-02-16,17.76165199279785
2021-02-17,17.6846923828125
2021-02-18,17.53931427001953
2021-02-19,17.616281509399414
2021-02-22,17.479459762573242
2021-02-23,17.496559143066406
2021-02-24,17.496559143066406
2021-02-25,17.24001121520996
2021-02-26,16.957807540893555
2021-03-01,17.29132080078125
2021-03-02,17.248563766479492
2021-03-03,17.214351654052734
2021-03-04,16.957807540893555
2021-03-05,17.08608055114746
2021-03-08,16.880844116210938
2021-03-09,17.137393951416016
2021-03-10,17.19725227355957
2021-03-11,17.436695098876953
2021-03-12,17.385385513305664
2021-03-15,17.411041259765625
2021-03-16,17.445247650146484
2021-03-17,17.513662338256836
2021-03-18,17.359729766845703
2021-03-19,17.372589111328125
2021-03-22,17.424009323120117
2021-03-23,17.158321380615234
2021-03-24,16.986913681030273
2021-03-25,17.072616577148438
2021-03-26,17.321163177490234
2021-03-29,17.269739151000977
2021-03-30,17.269739151000977
2021-03-31,17.244028091430664
2021-04-01,17.458295822143555
2021-04-05,17.612565994262695
2021-04-06,17.56971549987793
2021-04-07,17.5268611907959
2021-04-08,17.655418395996094
2021-04-09,17.638273239135742
2021-04-12,17.535429000854492
2021-04-13,17.629709243774414
2021-04-14,17.655418395996094
2021-04-15,17.801115036010742
2021-04-16,17.90396499633789
2021-04-19,17.85254669189453
2021-04-20,17.638273239135742
2021-04-21,17.766830444335938
2021-04-22,17.72398567199707
2021-04-23,17.92110824584961
2021-04-26,17.946821212768555
2021-04-27,17.912532806396484
2021-04-28,17.972530364990234
2021-04-29,17.963958740234375
2021-04-30,17.72398567199707
2021-05-03,17.83540153503418
2021-05-04,17.629709243774414
2021-05-05,17.801115036010742
2021-05-06,17.938247680664062
2021-05-07,18.135374069213867
2021-05-10,18.032522201538086
2021-05-11,17.85254669189453
2021-05-12,17.51828956604004
2021-05-13,17.56971549987793
2021-05-14,17.85254669189453
2021-05-17,17.826831817626953
2021-05-18,17.938247680664062
2021-05-19,17.801115036010742
2021-05-20,18.0153865814209
2021-05-21,17.972530364990234
2021-05-24,18.08395004272461
2021-05-25,18.10965919494629
2021-05-26,18.161081314086914
2021-05-27,18.2210750579834
2021-05-28,18.281068801879883
2021-06-01,18.426773071289062
2021-06-02,18.47819709777832
2021-06-03,18.375349044799805
2021-06-04,18.538190841674805
2021-06-07,18.5467586517334
2021-06-08,18.521047592163086
2021-06-09,18.45248794555664
2021-06-10,18.538190841674805
2021-06-11,18.5467586517334
2021-06-14,18.589614868164062
2021-06-15,18.555326461791992
2021-06-16,18.418203353881836
2021-06-17,18.33249282836914
2021-06-18,18.039743423461914
2021-06-21,18.22109603881836
2021-06-22,18.229736328125
2021-06-23,18.16928482055664
2021-06-24,18.324724197387695
2021-06-25,18.402442932128906
2021-06-28,18.333356857299805
2021-06-29,18.307451248168945
2021-06-30,18.195188522338867
2021-07-01,18.18655014038086
2021-07-02,18.246999740600586
2021-07-06,18.10883331298828
2021-07-07,18.152009963989258
2021-07-08,17.884307861328125
2021-07-09,18.1606502532959
2021-07-12,18.212459564208984
2021-07-13,18.1606502532959
2021-07-14,18.203824996948242
2021-07-15,18.091562271118164
2021-07-16,17.962024688720703
2021-07-19,17.64251136779785
2021-07-20,17.763410568237305
2021-07-21,17.970661163330078
2021-07-22,18.005203247070312
2021-07-23,18.022478103637695
2021-07-26,17.936124801635742
2021-07-27,17.789318084716797
2021-07-28,17.97929573059082
2021-07-29,18.10883331298828
2021-07-30,17.962024688720703
2021-08-02,18.074291229248047
2021-08-03,18.18655014038086
2021-08-04,18.16928482055664
2021-08-05,18.229736328125
2021-08-06,18.126102447509766
2021-08-09,18.134735107421875
2021-08-10,18.17791748046875
2021-08-11,18.272911071777344
2021-08-12,18.22109603881836
2021-08-13,18.264272689819336
2021-08-16,18.152009963989258
2021-08-17,17.936124801635742
2021-08-18,17.927486419677734
2021-08-19,17.685686111450195
2021-08-20,17.720230102539062
2021-08-23,17.927486419677734
2021-08-24,18.091562271118164
2021-08-25,18.126102447509766
2021-08-26,17.987934112548828
2021-08-27,18.16928482055664
2021-08-30,18.212459564208984
2021-08-31,18.272911071777344
2021-09-01,18.419713973999023
2021-09-02,18.47152328491211
2021-09-03,18.56652069091797
2021-09-07,18.57515525817871
2021-09-08,18.402442932128906
2021-09-09,18.39380645751953
2021-09-10,18.350627899169922
2021-09-13,18.445621490478516
2021-09-14,18.350627899169922
2021-09-15,18.385175704956055
2021-09-16,18.307451248168945
2021-09-17,18.124300003051758
2021-09-20,17.751052856445312
2021-09-21,17.915969848632812
2021-09-22,18.01145362854004
2021-09-23,18.21978187561035
2021-09-24,18.063533782958984
2021-09-27,18.063533782958984
2021-09-28,17.716325759887695
2021-09-29,17.67292594909668
2021-09-30,17.646892547607422
2021-10-01,17.690282821655273
2021-10-04,17.49932289123535
2021-10-05,17.62952423095703
2021-10-06,17.50800132751465
2021-10-07,17.698965072631836
2021-10-08,17.7076473236084
2021-10-11,17.67292594909668
2021-10-12,17.646892547607422
2021-10-13,17.829172134399414
2021-10-14,18.00277328491211
2021-10-15,18.150339126586914
2021-10-18,18.1069393157959
2021-10-19,18.245824813842773
2021-10-20,18.289222717285156
2021-10-21,18.19373893737793
2021-10-22,18.237140655517578
2021-10-25,18.254505157470703
2021-10-26,18.245824813842773
2021-10-27,18.141658782958984
2021-10-28,18.280540466308594
2021-10-29,18.1069393157959
2021-11-01,18.289222717285156
2021-11-02,18.21109962463379
2021-11-03,18.332624435424805
2021-11-04,18.315265655517578
2021-11-05,18.323949813842773
2021-11-08,18.39338493347168
2021-11-09,18.358665466308594
2021-11-10,18.185060501098633
2021-11-11,18.280540466308594
2021-11-12,18.39338493347168
2021-11-15,18.358665466308594
2021-11-16,18.34130096435547
2021-11-17,18.271862030029297
2021-11-18,18.237140655517578
2021-11-19,18.124300003051758
2021-11-22,17.985416412353516
2021-11-23,17.968055725097656
2021-11-24,17.907291412353516
2021-11-26,17.46460723876953
2021-11-29,17.49932289123535
2021-11-30,17.308359146118164
2021-12-01,17.299678802490234
2021-12-02,17.50800132751465
2021-12-03,17.37779998779297
2021-12-06,17.52536392211914
2021-12-07,17.8638916015625
2021-12-08,17.915969848632812
2021-12-09,17.80313491821289
2021-12-10,17.820491790771484
2021-12-13,17.594804763793945
2021-12-14,17.51668357849121
2021-12-15,17.67292594909668
2021-12-16,17.681610107421875
2021-12-17,17.52041244506836
2021-12-20,17.370655059814453
2021-12-21,17.626113891601562
2021-12-22,17.758241653442383
2021-12-23,17.872756958007812
2021-12-27,17.969648361206055
2021-12-28,17.97846031188965
2021-12-29,17.969648361206055
2021-12-30,17.98726463317871
2021-12-31,18.013694763183594
2022-01-03,18.0577335357666
2022-01-04,18.119400024414062
2022-01-05,17.92560577392578
2022-01-06,17.890371322631836
2022-01-07,17.960844039916992
2022-01-10,17.85513687133789
2022-01-11,18.101774215698242
2022-01-12,18.29557228088379
2022-01-13,18.154630661010742
2022-01-14,18.14582633972168
2022-01-18,17.872756958007812
2022-01-19,17.86394500732422
2022-01-20,17.819904327392578
2022-01-21,17.590877532958984
2022-01-24,17.3970890045166
2022-01-25,17.317808151245117
2022-01-26,17.238529205322266
2022-01-27,17.08878517150879
2022-01-28,17.168066024780273
2022-01-31,17.502790451049805
2022-02-01,17.63492202758789
2022-02-02,17.731813430786133
2022-02-03,17.485172271728516
2022-02-04,17.538026809692383
2022-02-07,17.546833038330078
2022-02-08,17.64373207092285
2022-02-09,17.90799331665039
2022-02-10,17.723011016845703
2022-02-11,17.52041244506836
2022-02-14,17.3970890045166
2022-02-15,17.687772750854492
2022-02-16,17.758241653442383
2022-02-17,17.538026809692383
2022-02-18,17.423511505126953
2022-02-22,17.212108612060547
2022-02-23,17.071163177490234
2022-02-24,16.806909561157227
2022-02-25,17.168066024780273
2022-02-28,16.98308563232422
2022-03-01,16.69239616394043
2022-03-02,16.833335876464844
2022-03-03,16.586692810058594
2022-03-04,16.190303802490234
2022-03-07,15.723445892333984
2022-03-08,15.71463680267334
2022-03-09,16.260772705078125
2022-03-10,16.12864112854004
2022-03-11,15.943659782409668
2022-03-14,15.899616241455078
2022-03-15,15.961276054382324
2022-03-16,16.61311912536621
2022-03-17,16.780479431152344
2022-03-18,16.963075637817383
2022-03-21,16.821943283081055
2022-03-22,17.007190704345703
2022-03-23,16.86604881286621
2022-03-24,16.95425796508789
2022-03-25,16.92779541015625
2022-03-28,16.901334762573242
2022-03-29,17.19243049621582
2022-03-30,17.174785614013672
2022-03-31,16.91015625
2022-04-01,17.077756881713867
2022-04-04,17.210067749023438
2022-04-05,17.007190704345703
2022-04-06,16.81311798095703
2022-04-07,16.760196685791016
2022-04-08,16.786657333374023
2022-04-11,16.60141372680664
2022-04-12,16.49556541442871
2022-04-13,16.689626693725586
2022-04-14,16.610233306884766
2022-04-18,16.504377365112305
2022-04-19,16.53966522216797
2022-04-20,16.619054794311523
2022-04-21,16.416166305541992
2022-04-22,16.160356521606445
2022-04-25,16.019216537475586
2022-04-26,15.657549858093262
2022-04-27,15.73694133758545
2022-04-28,15.948648452758789
2022-04-29,15.851617813110352
2022-05-02,15.798685073852539
2022-05-03,15.904542922973633
2022-05-04,16.116247177124023
2022-05-05,15.657549858093262
2022-05-06,15.454662322998047
2022-05-09,15.004783630371094
2022-05-10,15.075350761413574
2022-05-11,15.004783630371094
2022-05-12,14.916571617126465
2022-05-13,15.30470085144043
2022-05-16,15.331167221069336
2022-05-17,15.62226390838623
2022-05-18,15.30470085144043
2022-05-19,15.419377326965332
2022-05-20,15.525233268737793
2022-05-23,15.745762825012207
2022-05-24,15.613445281982422
2022-05-25,15.648727416992188
2022-05-26,15.833974838256836
2022-05-27,16.028039932250977
2022-05-31,16.072141647338867
2022-06-01,15.948648452758789
2022-06-02,16.18682098388672
2022-06-03,15.983928680419922
2022-06-06,16.063323974609375
2022-06-07,16.09860610961914
2022-06-08,15.983928680419922
2022-06-09,15.648727416992188
2022-06-10,15.339983940124512
2022-06-13,14.810718536376953
2022-06-14,14.748971939086914
2022-06-15,14.97831916809082
2022-06-16,14.651938438415527
2022-06-17,14.58503532409668
2022-06-21,14.816967964172363
2022-06-22,14.656397819519043
2022-06-23,14.602875709533691
2022-06-24,14.977537155151367
2022-06-27,14.99537467956543
2022-06-28,14.941854476928711
2022-06-29,14.852646827697754
2022-06-30,14.73668098449707
2022-07-01,14.709918975830078
2022-07-05,14.486907005310059
2022-07-06,14.4601469039917
2022-07-07,14.70099925994873
2022-07-08,14.718841552734375
2022-07-11,14.469067573547363
2022-07-12,14.415543556213379
2022-07-13,14.406620979309082
2022-07-14,14.228212356567383
2022-07-15,14.397703170776367
2022-07-18,14.495827674865723
2022-07-19,14.816967964172363
2022-07-20,14.772363662719727
2022-07-21,14.92401123046875
2022-07-22,14.852646827697754
2022-07-25,14.941854476928711
2022-07-26,14.781282424926758
2022-07-27,15.075661659240723
2022-07-28,15.173787117004395
2022-07-29,15.271910667419434
2022-08-01,15.271910667419434
2022-08-02,15.084582328796387
2022-08-03,15.182706832885742
2022-08-04,15.262992858886719
2022-08-05,15.191628456115723
2022-08-08,15.218390464782715
2022-08-09,15.155942916870117
2022-08-10,15.441397666931152
2022-08-11,15.486004829406738
2022-08-12,15.593050956726074
2022-08-15,15.521687507629395
2022-08-16,15.512762069702148
2022-08-17,15.423562049865723
2022-08-18,15.370038032531738
2022-08-19,15.173787117004395
2022-08-22,14.950774192810059
2022-08-23,14.986454963684082
2022-08-24,14.99537467956543
2022-08-25,15.191628456115723
2022-08-26,14.879411697387695
2022-08-29,14.816967964172363
2022-08-30,14.709918975830078
2022-08-31,14.647477149963379
2022-09-01,14.4601469039917
2022-09-02,14.406620979309082
2022-09-06,14.308499336242676
2022-09-07,14.397703170776367
2022-09-08,14.43338680267334
2022-09-09,14.718841552734375
2022-09-12,14.92401123046875
2022-09-13,14.469067573547363
2022-09-14,14.495827674865723
2022-09-15,14.370942115783691
2022-09-16,14.259733200073242
2022-09-19,14.304574012756348
2022-09-20,14.125207901000977
2022-09-21,13.927903175354004
2022-09-22,13.865123748779297
2022-09-23,13.4525785446167
2022-09-26,13.228368759155273
2022-09-27,13.192495346069336
2022-09-28,13.407737731933594
2022-09-29,13.219400405883789
2022-09-30,13.183527946472168
2022-10-03,13.443610191345215
2022-10-04,13.927903175354004
2022-10-05,13.820281028747559
2022-10-06,13.63194751739502
2022-10-07,13.389800071716309
2022-10-10,13.28217887878418
2022-10-11,13.120748519897461
2022-10-12,13.084875106811523
2022-10-13,13.28217887878418
2022-10-14,13.084875106811523
2022-10-17,13.407737731933594
2022-10-18,13.488451957702637
2022-10-19,13.300116539001465
2022-10-20,13.30908489227295
2022-10-21,13.51535701751709
2022-10-24,13.389800071716309
2022-10-25,13.61401081085205
2022-10-26,13.766471862792969
2022-10-27,13.685758590698242
2022-10-28,13.730600357055664
2022-10-31,13.63194751739502
2022-11-01,13.784407615661621
2022-11-02,13.63194751739502
2022-11-03,13.551228523254395
2022-11-04,14.044492721557617
2022-11-07,14.125207901000977
2022-11-08,14.250764846801758
2022-11-09,14.053459167480469
2022-11-10,14.672279357910156
2022-11-11,15.004108428955078
2022-11-14,14.887519836425781
2022-11-15,15.048951148986816
2022-11-16,14.93235969543457
2022-11-17,14.93235969543457
2022-11-18,14.923393249511719
2022-11-21,14.797837257385254
2022-11-22,14.968236923217773
2022-11-23,15.102762222290039
2022-11-25,15.174507141113281
2022-11-28,14.986170768737793
2022-11-29,15.093792915344238
2022-11-30,15.452528953552246
2022-12-01,15.515307426452637
2022-12-02,15.515307426452637
2022-12-05,15.309032440185547
2022-12-06,15.228317260742188
2022-12-07,15.192444801330566
2022-12-08,15.291095733642578
2022-12-09,15.300066947937012
2022-12-12,15.291095733642578
2022-12-13,15.461498260498047
2022-12-14,15.4794340133667
2022-12-15,15.111729621887207
2022-12-16,15.0191650390625
2022-12-19,14.982868194580078
2022-12-20,15.037313461303711
2022-12-21,15.173441886901855
2022-12-22,15.064539909362793
2022-12-23,15.091763496398926
2022-12-27,15.146215438842773
2022-12-28,15.0191650390625
2022-12-29,15.227890014648438
2022-12-30,15.118989944458008
2023-01-03,15.191588401794434
2023-01-04,15.427543640136719
2023-01-05,15.327715873718262
2023-01-06,15.654419898986816
2023-01-09,15.772392272949219
2023-01-10,15.817767143249512
2023-01-11,15.899439811706543
2023-01-12,16.080942153930664
2023-01-13,16.180768966674805
2023-01-17,16.19891929626465
2023-01-18,16.135393142700195
2023-01-19,16.14447021484375
2023-01-20,16.3168888092041
2023-01-23,16.389495849609375
2023-01-24,16.398569107055664
2023-01-25,16.462095260620117
2023-01-26,16.525619506835938
2023-01-27,16.489320755004883
2023-01-30,16.325969696044922
2023-01-31,16.389495849609375
2023-02-01,16.54376792907715
2023-02-02,16.525619506835938
2023-02-03,16.344118118286133
2023-02-06,16.14447021484375
2023-02-07,16.253368377685547
2023-02-08,16.189844131469727
2023-02-09,16.217069625854492
2023-02-10,16.14447021484375
2023-02-13,16.2624454498291
2023-02-14,16.271516799926758
2023-02-15,16.180768966674805
2023-02-16,16.135393142700195
2023-02-17,16.108169555664062
2023-02-21,15.944818496704102
2023-02-22,15.844991683959961
2023-02-23,15.90851879119873
2023-02-24,15.654419898986816
2023-02-27,15.790543556213379
2023-02-28,15.7088623046875
2023-03-01,15.835916519165039
2023-03-02,15.881291389465332
2023-03-03,16.071866989135742
2023-03-06,16.053712844848633
2023-03-07,15.7996187210083
2023-03-08,15.835916519165039
2023-03-09,15.681640625
2023-03-10,15.545515060424805
2023-03-13,15.472915649414062
2023-03-14,15.563667297363281
2023-03-15,15.200664520263672
2023-03-16,15.364018440246582
2023-03-17,15.276718139648438
2023-03-20,15.422212600708008
2023-03-21,15.585892677307129
2023-03-22,15.585892677307129
2023-03-23,15.667731285095215
2023-03-24,15.594985961914062
2023-03-27,15.640451431274414
2023-03-28,15.740473747253418
2023-03-29,15.895063400268555
2023-03-30,16.058744430541992
2023-03-31,16.12239646911621
2023-04-03,16.213327407836914
2023-04-04,16.213327407836914
2023-04-05,16.113306045532227
2023-04-06,16.149677276611328
2023-04-10,16.12239646911621
2023-04-11,16.23151397705078
2023-04-12,16.276979446411133
2023-04-13,16.495222091674805
2023-04-14,16.440662384033203
2023-04-17,16.440662384033203
2023-04-18,16.495222091674805
2023-04-19,16.40428924560547
2023-04-20,16.38610076904297
2023-04-21,16.39519691467285
2023-04-24,16.413379669189453
2023-04-25,16.176956176757812
2023-04-26,16.176956176757812
2023-04-27,16.3679141998291
2023-04-28,16.39519691467285
2023-05-01,16.358821868896484
2023-05-02,16.222421646118164
2023-05-03,16.240610122680664
2023-05-04,16.258792877197266
2023-05-05,16.477035522460938
2023-05-08,16.495222091674805
2023-05-09,16.431568145751953
2023-05-10,16.422475814819336
2023-05-11,16.3497257232666
2023-05-12,16.276979446411133
2023-05-15,16.431568145751953
2023-05-16,16.30426025390625
2023-05-17,16.358821868896484
2023-05-18,16.322444915771484
2023-05-19,16.3679141998291
2023-05-22,16.413379669189453
2023-05-23,16.213327407836914
2023-05-24,16.013275146484375
2023-05-25,15.967809677124023
2023-05-26,16.131486892700195
2023-05-30,15.995088577270508
2023-05-31,15.840505599975586
2023-06-01,16.067834854125977
2023-06-02,16.286073684692383
2023-06-05,16.258792877197266
2023-06-06,16.358821868896484
2023-06-07,16.26788902282715
2023-06-08,16.39519691467285
2023-06-09,16.40428924560547
2023-06-12,16.477035522460938
2023-06-13,16.604337692260742
2023-06-14,16.677087783813477
2023-06-15,16.840763092041016
2023-06-16,16.816871643066406
2023-06-20,16.596323013305664
2023-06-21,16.577943801879883
2023-06-22,16.495241165161133
2023-06-23,16.247119903564453
2023-06-26,16.274688720703125
2023-06-27,16.39415168762207
2023-06-28,16.39415168762207
2023-06-29,16.366586685180664
2023-06-30,16.531999588012695
2023-07-03,16.587133407592773
2023-07-05,16.458477020263672
2023-07-06,16.191986083984375
2023-07-07,16.293067932128906
2023-07-10,16.32982635498047
2023-07-11,16.486051559448242
2023-07-12,16.761735916137695
2023-07-13,17.02823257446289
2023-07-14,16.954715728759766
2023-07-17,16.936338424682617
2023-07-18,16.991474151611328
2023-07-19,17.000659942626953
2023-07-20,16.90876579284668
2023-07-21,16.90876579284668
2023-07-24,16.945524215698242
2023-07-25,17.03742027282715
2023-07-26,17.055801391601562
2023-07-27,16.991474151611328
2023-07-28,17.147695541381836
2023-07-31,17.17526626586914
2023-08-01,17.000659942626953
2023-08-02,16.660648345947266
2023-08-03,16.63308334350586
2023-08-04,16.669837951660156
2023-08-07,16.752546310424805
2023-08-08,16.614702224731445
2023-08-09,16.63308334350586
2023-08-10,16.688217163085938
2023-08-11,16.559566497802734
2023-08-14,16.476858139038086
2023-08-15,16.283878326416016
2023-08-16,16.164413452148438
2023-08-17,16.100088119506836
2023-08-18,16.054140090942383
2023-08-21,16.090900421142578
2023-08-22,16.081710815429688
2023-08-23,16.247119903564453
2023-08-24,16.090900421142578
2023-08-25,16.136844635009766
2023-08-28,16.293067932128906
2023-08-29,16.522808074951172
2023-08-30,16.504426956176758
2023-08-31,16.41253662109375
2023-09-01,16.467670440673828
2023-09-05,16.35739517211914
2023-09-06,16.302255630493164
2023-09-07,16.210359573364258
2023-09-08,16.191986083984375
2023-09-11,16.34820556640625
2023-09-12,16.302255630493164
2023-09-13,16.274688720703125
2023-09-14,16.458477020263672
2023-09-15,16.421537399291992
2023-09-18,16.356884002685547
2023-09-19,16.356884002685547
2023-09-20,16.30146598815918
2023-09-21,16.05209732055664
2023-09-22,16.08904457092285
2023-09-25,16.024391174316406
2023-09-26,15.821197509765625
2023-09-27,15.802728652954102
2023-09-28,15.88585090637207
2023-09-29,15.867382049560547
2023-10-02,15.682661056518555
2023-10-03,15.479469299316406
2023-10-04,15.470233917236328
2023-10-05,15.571828842163086
2023-10-06,15.738076210021973
2023-10-09,15.710369110107422
2023-10-10,15.922791481018066
2023-10-11,15.996685028076172
2023-10-12,15.88585090637207
2023-10-13,15.747309684753418
2023-10-16,15.830435752868652
2023-10-17,15.83967113494873
2023-10-18,15.599535942077637
2023-10-19,15.479469299316406
2023-10-20,15.322458267211914
2023-10-23,15.31322193145752
2023-10-24,15.387107849121094
2023-10-25,15.267041206359863
2023-10-26,15.174684524536133
2023-10-27,15.156210899353027
2023-10-30,15.303983688354492
2023-10-31,15.303983688354492
2023-11-01,15.451759338378906
2023-11-02,15.756546020507812
2023-11-03,15.959738731384277
2023-11-06,15.987443923950195
2023-11-07,15.895087242126465
2023-11-08,15.848906517028809
2023-11-09,15.821197509765625
2023-11-10,15.88585090637207
2023-11-13,15.904325485229492
2023-11-14,16.282997131347656
2023-11-15,16.338411331176758
2023-11-16,16.282997131347656
2023-11-17,16.44000816345215
2023-11-20,16.550840377807617
2023-11-21,16.476951599121094
2023-11-22,16.486190795898438
2023-11-24,16.569313049316406
2023-11-27,16.52313232421875
2023-11-28,16.578548431396484
2023-11-29,16.587783813476562
2023-11-30,16.60625648498535
2023-12-01,16.726320266723633
2023-12-04,16.60625648498535
2023-12-05,16.541601181030273
2023-12-06,16.569313049316406
2023-12-07,16.633962631225586
2023-12-08,16.661670684814453
2023-12-11,16.69861602783203
2023-12-12,16.69861602783203
2023-12-13,16.8925724029541
2023-12-14,17.095760345458984
2023-12-15,16.990798950195312
2023-12-18,17.00016975402832
2023-12-19,17.140748977661133
2023-12-20,16.94394302368164
2023-12-21,17.196975708007812
2023-12-22,17.196975708007812
2023-12-26,17.2625789642334
2023-12-27,17.403154373168945
2023-12-28,17.41252326965332
2023-12-29,17.41252326965332
2024-01-02,17.253206253051758
2024-01-03,17.11263084411621
2024-01-04,17.150115966796875
2024-01-05,17.159486770629883
2024-01-08,17.28131866455078
2024-01-09,17.140748977661133
2024-01-10,17.187606811523438
2024-01-11,17.196975708007812
2024-01-12,17.253206253051758
2024-01-16,16.981430053710938
2024-01-17,16.765880584716797
2024-01-18,16.887712478637695
2024-01-19,16.97205352783203
2024-01-22,16.953311920166016
2024-01-23,16.97205352783203
2024-01-24,17.093887329101562
2024-01-25,17.140748977661133
2024-01-26,17.187606811523438
2024-01-29,17.271949768066406
2024-01-30,17.21571922302246
2024-01-31,17.131376266479492
2024-02-01,17.290693283081055
2024-02-02,17.187606811523438
2024-02-05,17.103260040283203
2024-02-06,17.2625789642334
2024-02-07,17.290693283081055
2024-02-08,17.271949768066406
2024-02-09,17.290693283081055
2024-02-12,17.346920013427734
2024-02-13,17.093887329101562
2024-02-14,17.253206253051758
2024-02-15,17.42189598083496
2024-02-16,17.468753814697266
2024-02-20,17.515613555908203
2024-02-21,17.543725967407227
2024-02-22,17.721786499023438
2024-02-23,17.731163024902344
2024-02-26,17.693674087524414
2024-02-27,17.731163024902344
2024-02-28,17.599958419799805
2024-02-29,17.656185150146484
2024-03-01,17.8436222076416
2024-03-04,17.806135177612305
2024-03-05,17.721786499023438
2024-03-06,17.927963256835938
2024-03-07,18.106027603149414
2024-03-08,18.04979133605957
2024-03-11,18.002941131591797
2024-03-12,18.152883529663086
2024-03-13,18.11539649963379
2024-03-14,18.021682739257812
2024-03-15,17.981243133544922
2024-03-18,18.000049591064453
2024-03-19,18.000049591064453
2024-03-20,18.169330596923828
2024-03-21,18.206947326660156
2024-03-22,18.131711959838867
2024-03-25,18.10350227355957
2024-03-26,18.112899780273438
2024-03-27,18.206947326660156
2024-03-28,18.197546005249023
2024-04-01,18.14112091064453
2024-04-02,18.094097137451172
2024-04-03,18.178735733032227
2024-04-04,18.06588363647461
2024-04-05,18.131711959838867
2024-04-08,18.206947326660156
2024-04-09,18.244565963745117
2024-04-10,18.047073364257812
2024-04-11,18.075284957885742
2024-04-12,17.774343490600586
2024-04-15,17.68970489501953
2024-04-16,17.492212295532227
2024-04-17,17.48280906677246
2024-04-18,17.492212295532227
2024-04-19,17.4357852935791
2024-04-22,17.652090072631836
2024-04-23,17.82137107849121
2024-04-24,17.82137107849121
2024-04-25,17.774343490600586
2024-04-26,17.896604537963867
2024-04-29,18.00945472717285
2024-04-30,17.783748626708984
2024-05-01,17.76494026184082
2024-05-02,18.056480407714844
2024-05-03,18.216352462768555
2024-05-06,18.319801330566406
2024-05-07,18.310394287109375
2024-05-08,18.291589736938477
2024-05-09,18.385631561279297
2024-05-10,18.432655334472656
2024-05-13,18.46086883544922
2024-05-14,18.573720932006836
2024-05-15,18.72418975830078
2024-05-16,18.69597625732422
2024-05-17,18.780614852905273
2024-05-20,18.790021896362305
2024-05-21,18.72418975830078
2024-05-22,18.592529296875
2024-05-23,18.48908042907715
2024-05-24,18.592529296875
2024-05-28,18.601932525634766
2024-05-29,18.30099105834961
2024-05-30,18.385631561279297
2024-05-31,18.498483657836914
2024-06-03,18.5831241607666
2024-06-04,18.46086883544922
2024-06-05,18.630146026611328
2024-06-06,18.667762756347656
2024-06-07,18.48908042907715
2024-06-10,18.536100387573242
2024-06-11,18.366823196411133
2024-06-12,18.536100387573242
2024-06-13,18.366823196411133
2024-06-14,18.244565963745117
2024-06-17,18.30099105834961
2024-06-18,18.385631561279297
2024-06-20,18.395036697387695
2024-06-21,18.281314849853516
2024-06-24,18.376081466674805
2024-06-25,18.4234676361084
2024-06-26,18.3192195892334
2024-06-27,18.33817481994629
2024-06-28,18.328697204589844
2024-07-01,18.376081466674805
2024-07-02,18.432947158813477
2024-07-03,18.62248420715332
2024-07-05,18.62248420715332
2024-07-08,18.688825607299805
2024-07-09,18.67934799194336
2024-07-10,18.8688907623291
2024-07-11,18.954187393188477
2024-07-12,19.115293502807617
2024-07-15,18.98261833190918
2024-07-16,19.067914962768555
2024-07-17,18.916275024414062
2024-07-18,18.774120330810547
2024-07-19,18.64143943786621
2024-07-22,18.793075561523438
2024-07-23,18.707780838012695
2024-07-24,18.480331420898438
2024-07-25,18.38555908203125
2024-07-26,18.584577560424805
2024-07-29,18.52771759033203
2024-07-30,18.52771759033203
2024-07-31,18.840457916259766
2024-08-01,18.442420959472656
2024-08-02,18.120203018188477
2024-08-05,17.665300369262695
2024-08-06,17.769550323486328
2024-08-07,17.83588981628418
2024-08-08,18.148632049560547
2024-08-09,18.2149715423584
2024-08-12,18.224449157714844
2024-08-13,18.480331420898438
2024-08-14,18.50876235961914
2024-08-15,18.726736068725586
2024-08-16,18.859413146972656
2024-08-19,19.067914962768555
2024-08-20,18.973142623901367
2024-08-21,19.115293502807617
2024-08-22,18.98261833190918
2024-08-23,19.276405334472656
2024-08-26,19.200590133666992
2024-08-27,19.276405334472656
2024-08-28,19.172161102294922
2024-08-29,19.238494873046875
2024-08-30,19.304838180541992
2024-09-03,18.954187393188477
2024-09-04,18.897323608398438
2024-09-05,18.935230255126953
2024-09-06,18.603532791137695
2024-09-09,18.774120330810547
2024-09-10,18.707780838012695
2024-09-11,18.802553176879883
2024-09-12,18.98261833190918
2024-09-13,19.030000686645508
2024-09-16,19.134252548217773
2024-09-17,19.096342086791992
2024-09-18,19.030000686645508
2024-09-19,19.418563842773438
2024-09-20,19.278684616088867
2024-09-23,19.364320755004883
2024-09-24,19.58318519592285
2024-09-25,19.488025665283203
2024-09-26,19.95429039001465
2024-09-27,19.8591365814209
2024-09-30,19.80204200744629
2024-10-01,19.75446319580078
2024-10-02,19.81155776977539
2024-10-03,19.611730575561523
2024-10-04,19.75446319580078
2024-10-07,19.6783390045166
2024-10-08,19.545120239257812
2024-10-09,19.51657485961914
2024-10-10,19.497541427612305
2024-10-11,19.59269905090332
2024-10-14,19.621246337890625
2024-10-15,19.288196563720703
2024-10-16,19.39286994934082
2024-10-17,19.364320755004883
2024-10-18,19.507055282592773
2024-10-21,19.33577537536621
2024-10-22,19.231101989746094
2024-10-23,19.078853607177734
2024-10-24,19.107398986816406
2024-10-25,19.05982208251953
2024-10-28,19.174009323120117
2024-10-29,19.135948181152344
2024-10-30,19.021760940551758
2024-10-31,18.869508743286133
2024-11-01,18.926603317260742
2024-11-04,18.964664459228516
2024-11-05,19.18352699279785
2024-11-06,18.983699798583984
2024-11-07,19.25965118408203
2024-11-08,19.002727508544922
2024-11-11,18.964664459228516
2024-11-12,18.6696834564209
2024-11-13,18.536462783813477
2024-11-14,18.526947021484375
2024-11-15,18.431791305541992
2024-11-18,18.584041595458984
2024-11-19,18.603073120117188
2024-11-20,18.54598045349121
2024-11-21,18.565006256103516
2024-11-22,18.603073120117188
2024-11-25,18.6696834564209
2024-11-26,18.574525833129883
2024-11-27,18.64113426208496
2024-11-29,18.821929931640625
2024-12-02,18.888540267944336
2024-12-03,18.983699798583984
2024-12-04,19.002727508544922
2024-12-05,19.078853607177734
2024-12-06,19.069339752197266
2024-12-09,19.126432418823242
2024-12-10,18.955148696899414
2024-12-11,19.05982208251953
2024-12-12,18.907575607299805
2024-12-13,18.869508743286133
2024-12-16,18.802902221679688
2024-12-17,18.707744598388672
2024-12-18,18.327116012573242
2024-12-19,18.279541015625
2024-12-20,18.287281036376953
2024-12-23,18.403390884399414
2024-12-24,18.442092895507812
2024-12-26,18.46144676208496
2024-12-27,18.451770782470703
2024-12-30,18.355009078979492
2024-12-31,18.335662841796875
2025-01-02,18.296955108642578
2025-01-03,18.393714904785156
2025-01-06,18.50014877319336
2025-01-07,18.451770782470703
2025-01-08,18.413068771362305
2025-01-10,18.10344123840332
2025-01-13,17.997007369995117
2025-01-14,18.13246726989746
2025-01-15,18.335662841796875
2025-01-16,18.413068771362305
2025-01-17,18.50014877319336
2025-01-21,18.790422439575195
2025-01-22,18.78074836730957
2025-01-23,18.86783218383789
2025-01-24,18.964588165283203
2025-01-27,18.848478317260742
2025-01-28,18.887182235717773
2025-01-29,18.887182235717773
2025-01-30,19.10004997253418
2025-01-31,18.94523811340332
2025-02-03,18.742046356201172
2025-02-04,18.97426414489746
2025-02-05,19.109724044799805
2025-02-06,19.17745590209961
2025-02-07,19.08069610595703
2025-02-10,19.196807861328125
2025-02-11,19.235509872436523
2025-02-12,19.264537811279297
2025-02-13,19.487079620361328
2025-02-14,19.50643539428711
2025-02-18,19.64189338684082
2025-02-19,19.525785446166992
2025-02-20,19.61286735534668
2025-02-21,19.49675750732422
2025-02-24,19.39999771118164
2025-02-25,19.50643539428711
2025-02-26,19.583839416503906
2025-02-27,19.33226776123047
2025-02-28,19.28388786315918
2025-03-03,19.293567657470703
2025-03-04,19.33226776123047
2025-03-05,19.816059112548828
2025-03-06,19.68059730529785
2025-03-07,19.835407257080078
2025-03-10,19.38064956665039
2025-03-11,19.370973587036133
2025-03-12,19.49675750732422
2025-03-13,19.370973587036133
2025-03-14,19.709627151489258
2025-03-17,19.951522827148438
2025-03-18,19.951522827148438
2025-03-19,20.00957489013672
2025-03-20,19.8837890625
2025-03-21,19.76348304748535
2025-03-24,19.79258918762207
2025-03-25,19.83139991760254
2025-03-26,19.64705467224121
2025-03-27,19.70526885986328
2025-03-28,19.48211669921875
2025-03-31,19.33658218383789
2025-04-01,19.394798278808594
2025-04-02,19.4530086517334
2025-04-03,19.05521583557129
2025-04-04,17.968564987182617
2025-04-07,17.502859115600586
2025-04-08,17.386432647705078
2025-04-09,18.356657028198242
2025-04-10,18.19171905517578
2025-04-11,18.63802146911621
2025-04-14,18.880577087402344
2025-04-15,18.987300872802734
2025-04-16,18.890277862548828
2025-04-17,19.08432388305664
2025-04-21,19.094026565551758
2025-04-22,19.355989456176758
2025-04-23,19.462711334228516
2025-04-24,19.714969635009766
2025-04-25,19.72467613220215
2025-04-28,19.850801467895508
2025-04-29,19.88960838317871
2025-04-30,19.938121795654297
2025-05-01,19.870206832885742
2025-05-02,20.229190826416016
2025-05-05,20.2388916015625
2025-05-06,20.2388916015625
2025-05-07,20.2388916015625
2025-05-08,20.122465133666992
2025-05-09,20.2388916015625
2025-05-12,20.452342987060547
2025-05-13,20.51055335998535
2025-05-14,20.47174644470215
2025-05-15,20.626981735229492
2025-05-16,20.665790557861328
2025-05-19,20.77251434326172
2025-05-20,20.82102394104004
2025-05-21,20.733707427978516
2025-05-22,20.72400665283203
2025-05-23,20.791921615600586
2025-05-27,20.966562271118164
2025-05-28,20.791921615600586
2025-05-29,20.879240036010742
2025-05-30,20.85983657836914
2025-06-02,21.063581466674805
2025-06-03,20.966562271118164
2025-06-04,21.092689514160156
2025-06-05,21.11209487915039
2025-06-06,21.180009841918945
2025-06-09,21.247926712036133
2025-06-10,21.30613899230957
2025-06-11,21.325544357299805
2025-06-12,21.441970825195312
2025-06-13,21.160606384277344
2025-06-16,21.2867374420166
2025-06-17,21.044179916381836
2025-06-18,21.05388069152832
2025-06-20,20.897565841674805
2025-06-23,21.024572372436523
2025-06-24,21.024572372436523
2025-06-25,21.30789566040039
2025-06-26,21.522830963134766
2025-06-27,21.620527267456055
2025-06-30,21.66937828063965
2025-07-01,21.66937828063965
2025-07-02,21.757307052612305
2025-07-03,21.79638671875
2025-07-07,21.542369842529297
2025-07-08,21.66937828063965
2025-07-09,21.757307052612305
2025-07-10,21.79638671875
2025-07-11,21.649839401245117
2025-07-14,21.65960693359375
2025-07-15,21.552139282226562
2025-07-16,21.610761642456055
2025-07-17,21.71822738647461
2025-07-18,21.679149627685547
2025-07-21,21.78661346435547
2025-07-22,21.874544143676758
2025-07-23,22.265335083007812
2025-07-24,22.148096084594727
2025-07-25,22.10901641845703
2025-07-28,21.835466384887695
2025-07-29,21.845233917236328
2025-07-30,21.649839401245117
2025-07-31,21.464210510253906
2025-08-01,21.395822525024414
2025-08-04,21.679149627685547
2025-08-05,21.71822738647461
2025-08-06,21.855003356933594
2025-08-07,22.04062843322754
2025-08-08,22.089479446411133
2025-08-11,22.021093368530273
2025-08-12,22.255565643310547
2025-08-13,22.40211296081543
2025-08-14,22.323955535888672
2025-08-15,22.411882400512695
2025-08-18,22.431419372558594
2025-08-19,22.363033294677734
2025-08-20,22.39234161376953
2025-08-21,22.323955535888672
2025-08-22,22.656126022338867
2025-08-25,22.450960159301758
2025-08-26,22.460729598999023
2025-08-27,22.39234161376953
2025-08-28,22.480270385742188
2025-08-29,22.363033294677734
2025-09-02,22.21648597717285
2025-09-03,22.265335083007812
2025-09-04,22.353261947631836
2025-09-05,22.490039825439453
2025-09-08,22.685434341430664
2025-09-09,22.685434341430664
2025-09-10,22.744054794311523
2025-09-11,22.96875762939453
2025-09-12,22.91990852355957
2025-09-15,23.066457748413086
2025-09-16,23.125076293945312
2025-09-17,23.066457748413086
2025-09-18,23.125076293945312
2025-09-19,23.045574188232422
2025-09-22,23.133909225463867
2025-09-23,23.094650268554688
2025-09-24,22.976869583129883
2025-09-25,22.839460372924805
2025-09-26,22.89834976196289
2025-09-29,23.025943756103516
2025-09-30,23.17317008972168
2025-10-01,23.310579299926758
2025-10-02,23.35965347290039
2025-10-03,23.506879806518555
2025-10-06,23.59521484375
2025-10-07,23.38909912109375
2025-10-08,23.49706268310547
2025-10-09,23.310579299926758
2025-10-10,22.75112533569336
2025-10-13,23.094650268554688
2025-10-14,23.07501792907715
2025-10-15,23.2811336517334
2025-10-16,23.369468688964844
2025-10-17,23.35965347290039
2025-10-20,23.57558250427246
2025-10-21,23.398914337158203
2025-10-22,23.369468688964844
2025-10-23,23.526508331298828
2025-10-24,23.605026245117188
2025-10-27,23.791513442993164
2025-10-28,23.78169822692871
2025-10-29,23.654104232788086
2025-10-30,23.555953979492188
2025-10-31,23.526508331298828
2025-11-03,23.605026245117188
2025-11-04,23.2811336517334
2025-11-05,23.408729553222656
2025-11-06,23.32039451599121
2025-11-07,23.34984016418457
2025-11-10,23.644287109375
2025-11-11,23.752254486083984
2025-11-12,23.870031356811523
2025-11-13,23.63447380065918
2025-11-14,23.57558250427246
2025-11-17,23.32039451599121
2025-11-18,23.084835052490234
2025-11-19,23.025943756103516
2025-11-20,22.711864471435547
2025-11-21,22.947423934936523
2025-11-24,23.055389404296875
2025-11-25,23.251689910888672
2025-11-26,23.49706268310547
2025-11-28,23.585399627685547
2025-12-01,23.49706268310547
2025-12-02,23.57558250427246
2025-12-03,23.644287109375
2025-12-04,23.693363189697266
2025-12-05,23.74243927001953
2025-12-08,23.693363189697266
2025-12-09,23.644287109375
2025-12-10,23.909292221069336
2025-12-11,23.95836639404297
2025-12-12,23.820959091186523
2025-12-15,23.889663696289062
2025-12-16,23.732624053955078
2025-12-17,23.59521484375
2025-12-18,23.78169822692871
2025-12-19,23.922595977783203
2025-12-22,24.072486877441406
2025-12-23,24.232370376586914
2025-12-24,24.24236297607422
2025-12-26,24.302318572998047
2025-12-29,24.24236297607422
2025-12-30,24.272342681884766
2025-12-31,24.212385177612305
2026-01-02,24.53215217590332
2026-01-05,24.78196907043457
2026-01-06,24.901884078979492
2026-01-07,24.78196907043457
2026-01-08,24.791963577270508
2026-01-09,24.971832275390625
2026-01-12,25.18168067932129
2026-01-13,25.08175277709961
2026-01-14,25.141708374023438
2026-01-15,25.231643676757812
2026-01-16,25.231643676757812
2026-01-20,24.931861877441406
2026-01-21,25.151700973510742
2026-01-22,25.361547470092773
2026-01-23,25.501447677612305
2026-01-26,25.611366271972656
2026-01-27,26.001083374023438
2026-01-28,25.941125869750977
2026-01-29,25.981098175048828
2026-01-30,25.601375579833984
2026-02-02,25.671323776245117
2026-02-03,25.791234970092773
2026-02-04,25.761259078979492
2026-02-05,25.461475372314453
2026-02-06,26.001083374023438
2026-02-09,26.38080596923828
2026-02-10,26.420778274536133
2026-02-11,26.62063217163086
2026-02-12,26.350830078125
2026-02-13,26.430770874023438
2026-02-17,26.400793075561523
2026-02-18,26.500720977783203
2026-02-19,26.470741271972656
2026-02-20,26.74054527282715
2026-02-23,26.590654373168945
2026-02-24,26.780515670776367
2026-02-25,27.01034927368164
2026-02-26,26.960384368896484
2026-02-27,26.960384368896484
2026-03-02,26.56067657470703
2026-03-03,25.62135887145996
2026-03-04,25.72128677368164
2026-03-05,25.381534576416016
2026-03-06,25.141708374023438
2026-03-09,25.29159927368164
2026-03-10,25.441490173339844
2026-03-11,25.41151237487793
2026-03-12,24.88189697265625
2026-03-13,24.662057876586914
2026-03-16,25.111730575561523
2026-03-17,25.221651077270508
2026-03-18,24.831933975219727
2026-03-19,24.742000579833984
2026-03-20,24.059999465942383
2026-03-23,24.510000228881836
2026-03-24,24.40999984741211
2026-03-25,24.790000915527344
2026-03-26,24.190000534057617
2026-03-27,24.010000228881836
2026-03-30,23.959999084472656
2026-03-31,24.6299991607666
2026-04-01,25.040000915527344
2026-04-02,24.8700008392334
2026-04-06,24.979999542236328
2026-04-07,25.010000228881836
2026-04-08,26.09000015258789
2026-04-09,26.059999465942383
2026-04-10,26.100000381469727
2026-04-13,26.290000915527344
2026-04-14,26.489999771118164
2026-04-15,26.520000457763672
2026-04-16,26.530000686645508
2026-04-17,26.84000015258789
2026-04-20,26.739999771118164
2026-04-21,26.360000610351562
2026-04-22,26.5
2026-04-23,26.270000457763672
2026-04-24,26.459999084472656
2026-04-27,26.420000076293945
2026-04-28,26.290000915527344
2026-04-29,26.18000030517578
2026-04-30,26.639999389648438
2026-05-01,26.56999969482422
2026-05-04,26.469999313354492
2026-05-05,26.760000228881836
2026-05-06,27.450000762939453
2026-05-07,27.15999984741211
2026-05-08,27.34000015258789
2026-05-11,27.3799991607666
2026-05-12,27.100000381469727
2026-05-13,27.31999969482422
2026-05-14,27.309999465942383
2026-05-15,26.690000534057617
2026-05-18,26.809999465942383
2026-05-19,26.579999923706055
2026-05-20,26.93000030517578
2026-05-21,27.139999389648438
2026-05-22,27.139999389648438
