Date,Close
2000-06-29,4.254161834716797
2000-06-30,4.25840425491333
2000-07-03,4.266887187957764
2000-07-05,4.271128177642822
2000-07-06,4.271128177642822
2000-07-07,4.279610633850098
2000-07-10,4.275370121002197
2000-07-11,4.275370121002197
2000-07-12,4.275370121002197
2000-07-13,4.279610633850098
2000-07-14,4.275370121002197
2000-07-17,4.271128177642822
2000-07-18,4.279610633850098
2000-07-19,4.275370121002197
2000-07-20,4.2838521003723145
2000-07-21,4.2838521003723145
2000-07-24,4.2838521003723145
2000-07-25,4.2880940437316895
2000-07-26,4.2880940437316895
2000-07-27,4.2880940437316895
2000-07-28,4.2880940437316895
2000-07-31,4.29233455657959
2000-08-01,4.296576023101807
2000-08-02,4.300818920135498
2000-08-03,4.300818920135498
2000-08-04,4.305059432983398
2000-08-07,4.305059432983398
2000-08-08,4.300818920135498
2000-08-09,4.300818920135498
2000-08-10,4.305059432983398
2000-08-11,4.309301376342773
2000-08-14,4.305059432983398
2000-08-15,4.300818920135498
2000-08-16,4.296576023101807
2000-08-17,4.300818920135498
2000-08-18,4.300818920135498
2000-08-21,4.305059432983398
2000-08-22,4.309301376342773
2000-08-23,4.31354284286499
2000-08-24,4.317782878875732
2000-08-25,4.322023868560791
2000-08-28,4.322023868560791
2000-08-29,4.322023868560791
2000-08-30,4.317782878875732
2000-08-31,4.322023868560791
2000-09-01,4.330507755279541
2000-09-05,4.330507755279541
2000-09-06,4.330507755279541
2000-09-07,4.326266765594482
2000-09-08,4.334749221801758
2000-09-11,4.334749221801758
2000-09-12,4.334749221801758
2000-09-13,4.338989734649658
2000-09-14,4.334749221801758
2000-09-15,4.326266765594482
2000-09-18,4.326266765594482
2000-09-19,4.326266765594482
2000-09-20,4.330507755279541
2000-09-21,4.330507755279541
2000-09-22,4.29233455657959
2000-09-25,4.296576023101807
2000-09-26,4.296576023101807
2000-09-27,4.300818920135498
2000-09-28,4.300818920135498
2000-09-29,4.300818920135498
2000-10-02,4.300818920135498
2000-10-03,4.300818920135498
2000-10-04,4.300818920135498
2000-10-05,4.300818920135498
2000-10-06,4.305059432983398
2000-10-09,4.305059432983398
2000-10-10,4.305059432983398
2000-10-11,4.305059432983398
2000-10-12,4.317782878875732
2000-10-13,4.326266765594482
2000-10-16,4.322023868560791
2000-10-17,4.334749221801758
2000-10-18,4.338989734649658
2000-10-19,4.343231678009033
2000-10-20,4.343231678009033
2000-10-23,4.35595703125
2000-10-24,4.35595703125
2000-10-25,4.3517165184021
2000-10-26,4.35595703125
2000-10-27,4.360198020935059
2000-10-30,4.360198020935059
2000-10-31,4.35595703125
2000-11-01,4.360198020935059
2000-11-02,4.360198020935059
2000-11-03,4.35595703125
2000-11-06,4.35595703125
2000-11-07,4.3517165184021
2000-11-08,4.3517165184021
2000-11-09,4.35595703125
2000-11-10,4.360198020935059
2000-11-13,4.364439010620117
2000-11-14,4.368680000305176
2000-11-15,4.377162456512451
2000-11-16,4.377162456512451
2000-11-17,4.381405353546143
2000-11-20,4.381405353546143
2000-11-21,4.381405353546143
2000-11-22,4.389889717102051
2000-11-24,4.394131183624268
2000-11-27,4.398371696472168
2000-11-28,4.402613162994385
2000-11-29,4.40685510635376
2000-11-30,4.4195756912231445
2000-12-01,4.415337085723877
2000-12-04,4.4195756912231445
2000-12-05,4.4195756912231445
2000-12-06,4.423816680908203
2000-12-07,4.432301998138428
2000-12-08,4.432301998138428
2000-12-11,4.432301998138428
2000-12-12,4.432301998138428
2000-12-13,4.432301998138428
2000-12-14,4.4492692947387695
2000-12-15,4.4492692947387695
2000-12-18,4.453510284423828
2000-12-19,4.453510284423828
2000-12-20,4.466233730316162
2000-12-21,4.466233730316162
2000-12-22,4.389889717102051
2000-12-26,4.398371696472168
2000-12-27,4.389889717102051
2000-12-28,4.385647296905518
2000-12-29,4.385647296905518
2001-01-02,4.428059101104736
2001-01-03,4.4195756912231445
2001-01-04,4.432301998138428
2001-01-05,4.466233730316162
2001-01-08,4.461991310119629
2001-01-09,4.461991310119629
2001-01-10,4.445026874542236
2001-01-11,4.445026874542236
2001-01-12,4.440785884857178
2001-01-16,4.4492692947387695
2001-01-17,4.4492692947387695
2001-01-18,4.457751750946045
2001-01-19,4.461991310119629
2001-01-22,4.466233730316162
2001-01-23,4.461991310119629
2001-01-24,4.457751750946045
2001-01-25,4.457751750946045
2001-01-26,4.453510284423828
2001-01-29,4.4492692947387695
2001-01-30,4.4492692947387695
2001-01-31,4.4747161865234375
2001-02-01,4.495922565460205
2001-02-02,4.4874396324157715
2001-02-05,4.504406929016113
2001-02-06,4.495922565460205
2001-02-07,4.504406929016113
2001-02-08,4.504406929016113
2001-02-09,4.512888431549072
2001-02-12,4.5171308517456055
2001-02-13,4.5171308517456055
2001-02-14,4.512888431549072
2001-02-15,4.5001654624938965
2001-02-16,4.512888431549072
2001-02-20,4.512888431549072
2001-02-21,4.5171308517456055
2001-02-22,4.5171308517456055
2001-02-23,4.525613307952881
2001-02-26,4.534095287322998
2001-02-27,4.546823024749756
2001-02-28,4.5510640144348145
2001-03-01,4.559545040130615
2001-03-02,4.559545040130615
2001-03-05,4.559545040130615
2001-03-06,4.559545040130615
2001-03-07,4.572269916534424
2001-03-08,4.576510429382324
2001-03-09,4.580751895904541
2001-03-12,4.580751895904541
2001-03-13,4.568028450012207
2001-03-14,4.576510429382324
2001-03-15,4.584994792938232
2001-03-16,4.59347677230835
2001-03-19,4.589232921600342
2001-03-20,4.584994792938232
2001-03-21,4.59771728515625
2001-03-22,4.610442161560059
2001-03-23,4.559545040130615
2001-03-26,4.5510640144348145
2001-03-27,4.521370887756348
2001-03-28,4.525613307952881
2001-03-29,4.525613307952881
2001-03-30,4.546823024749756
2001-04-02,4.546823024749756
2001-04-03,4.546823024749756
2001-04-04,4.542581081390381
2001-04-05,4.538337707519531
2001-04-06,4.546823024749756
2001-04-09,4.542581081390381
2001-04-10,4.525613307952881
2001-04-11,4.521370887756348
2001-04-12,4.525613307952881
2001-04-16,4.521370887756348
2001-04-17,4.525613307952881
2001-04-18,4.546823024749756
2001-04-19,4.534095287322998
2001-04-20,4.534095287322998
2001-04-23,4.5510640144348145
2001-04-24,4.563788414001465
2001-04-25,4.568028450012207
2001-04-26,4.580751895904541
2001-04-27,4.572269916534424
2001-04-30,4.572269916534424
2001-05-01,4.576510429382324
2001-05-02,4.580751895904541
2001-05-03,4.589232921600342
2001-05-04,4.6019606590271
2001-05-07,4.606201648712158
2001-05-08,4.606201648712158
2001-05-09,4.623167514801025
2001-05-10,4.618924617767334
2001-05-11,4.606201648712158
2001-05-14,4.610442161560059
2001-05-15,4.606201648712158
2001-05-16,4.618924617767334
2001-05-17,4.618924617767334
2001-05-18,4.623167514801025
2001-05-21,4.618924617767334
2001-05-22,4.614684104919434
2001-05-23,4.59347677230835
2001-05-24,4.6019606590271
2001-05-25,4.606201648712158
2001-05-29,4.614684104919434
2001-05-30,4.614684104919434
2001-05-31,4.623167514801025
2001-06-01,4.627408504486084
2001-06-04,4.631650447845459
2001-06-05,4.631650447845459
2001-06-06,4.618924617767334
2001-06-07,4.618924617767334
2001-06-08,4.614684104919434
2001-06-11,4.623167514801025
2001-06-12,4.635891914367676
2001-06-13,4.635891914367676
2001-06-14,4.640133380889893
2001-06-15,4.644375324249268
2001-06-18,4.640133380889893
2001-06-19,4.644375324249268
2001-06-20,4.644375324249268
2001-06-21,4.644375324249268
2001-06-22,4.644373893737793
2001-06-25,4.648677825927734
2001-06-26,4.644373893737793
2001-06-27,4.648677825927734
2001-06-28,4.631463050842285
2001-06-29,4.618549823760986
2001-07-02,4.618549823760986
2001-07-03,4.618549823760986
2001-07-05,4.6271562576293945
2001-07-06,4.631463050842285
2001-07-09,4.631463050842285
2001-07-10,4.6271562576293945
2001-07-11,4.6056342124938965
2001-07-12,4.622849941253662
2001-07-13,4.631463050842285
2001-07-16,4.63576602935791
2001-07-17,4.63576602935791
2001-07-18,4.661591053009033
2001-07-19,4.657284259796143
2001-07-20,4.661591053009033
2001-07-23,4.657284259796143
2001-07-24,4.657284259796143
2001-07-25,4.648677825927734
2001-07-26,4.648677825927734
2001-07-27,4.661591053009033
2001-07-30,4.665894985198975
2001-07-31,4.691722393035889
2001-08-01,4.691722393035889
2001-08-02,4.683112621307373
2001-08-03,4.683112621307373
2001-08-06,4.678808689117432
2001-08-07,4.678808689117432
2001-08-08,4.6874165534973145
2001-08-09,4.69602632522583
2001-08-10,4.700331687927246
2001-08-13,4.7046356201171875
2001-08-14,4.717547416687012
2001-08-15,4.7046356201171875
2001-08-16,4.7046356201171875
2001-08-17,4.7046356201171875
2001-08-20,4.691722393035889
2001-08-21,4.683112621307373
2001-08-22,4.6874165534973145
2001-08-23,4.691722393035889
2001-08-24,4.691722393035889
2001-08-27,4.691722393035889
2001-08-28,4.700331687927246
2001-08-29,4.69602632522583
2001-08-30,4.700331687927246
2001-08-31,4.7046356201171875
2001-09-04,4.678808689117432
2001-09-05,4.683112621307373
2001-09-06,4.700331687927246
2001-09-07,4.713244915008545
2001-09-10,4.713244915008545
2001-09-17,4.751982688903809
2001-09-18,4.730460166931152
2001-09-19,4.739069938659668
2001-09-20,4.734765529632568
2001-09-21,4.752172946929932
2001-09-24,4.743469715118408
2001-09-25,4.734765529632568
2001-09-26,4.730414390563965
2001-09-27,4.734765529632568
2001-09-28,4.730414390563965
2001-10-01,4.730414390563965
2001-10-02,4.739118576049805
2001-10-03,4.747820854187012
2001-10-04,4.752172946929932
2001-10-05,4.743469715118408
2001-10-08,4.743469715118408
2001-10-09,4.734765529632568
2001-10-10,4.721710205078125
2001-10-11,4.713006496429443
2001-10-12,4.721710205078125
2001-10-15,4.7260637283325195
2001-10-16,4.734765529632568
2001-10-17,4.739118576049805
2001-10-18,4.739118576049805
2001-10-19,4.743469715118408
2001-10-22,4.752172946929932
2001-10-23,4.752172946929932
2001-10-24,4.752172946929932
2001-10-25,4.760876655578613
2001-10-26,4.765228271484375
2001-10-29,4.778282642364502
2001-10-30,4.778282642364502
2001-10-31,4.839208126068115
2001-11-01,4.882725715637207
2001-11-02,4.856616497039795
2001-11-05,4.852262020111084
2001-11-06,4.869670867919922
2001-11-07,4.882725715637207
2001-11-08,4.874022483825684
2001-11-09,4.869670867919922
2001-11-12,4.869670867919922
2001-11-13,4.852262020111084
2001-11-14,4.830504417419434
2001-11-15,4.79569149017334
2001-11-16,4.752172946929932
2001-11-19,4.769579887390137
2001-11-20,4.752172946929932
2001-11-21,4.730414390563965
2001-11-23,4.721710205078125
2001-11-26,4.717358589172363
2001-11-27,4.713006496429443
2001-11-28,4.708654880523682
2001-11-29,4.721710205078125
2001-11-30,4.7260637283325195
2001-12-03,4.7260637283325195
2001-12-04,4.743469715118408
2001-12-05,4.704304218292236
2001-12-06,4.673838138580322
2001-12-07,4.647730350494385
2001-12-10,4.65208101272583
2001-12-11,4.647730350494385
2001-12-12,4.660785675048828
2001-12-13,4.65208101272583
2001-12-14,4.595508098602295
2001-12-17,4.573750019073486
2001-12-18,4.573750019073486
2001-12-19,4.6129150390625
2001-12-20,4.6390252113342285
2001-12-21,4.656431674957275
2001-12-24,4.647730350494385
2001-12-26,4.6390252113342285
2001-12-27,4.634673118591309
2001-12-28,4.621619701385498
2001-12-31,4.621619701385498
2002-01-02,4.617266654968262
2002-01-03,4.634673118591309
2002-01-04,4.625970363616943
2002-01-07,4.6390252113342285
2002-01-08,4.6390252113342285
2002-01-09,4.643379211425781
2002-01-10,4.65208101272583
2002-01-11,4.66948938369751
2002-01-14,4.66948938369751
2002-01-15,4.673838138580322
2002-01-16,4.660785675048828
2002-01-17,4.65208101272583
2002-01-18,4.656431674957275
2002-01-22,4.660785675048828
2002-01-23,4.65208101272583
2002-01-24,4.647730350494385
2002-01-25,4.634673118591309
2002-01-28,4.630322456359863
2002-01-29,4.6390252113342285
2002-01-30,4.647730350494385
2002-01-31,4.647730350494385
2002-02-01,4.656431674957275
2002-02-04,4.66948938369751
2002-02-05,4.66948938369751
2002-02-06,4.665136337280273
2002-02-07,4.660785675048828
2002-02-08,4.665136337280273
2002-02-11,4.660785675048828
2002-02-12,4.65208101272583
2002-02-13,4.656431674957275
2002-02-14,4.673838138580322
2002-02-15,4.691247463226318
2002-02-19,4.699951171875
2002-02-20,4.708654880523682
2002-02-21,4.708654880523682
2002-02-22,4.717358589172363
2002-02-25,4.721710205078125
2002-02-26,4.713006496429443
2002-02-27,4.721710205078125
2002-02-28,4.721710205078125
2002-03-01,4.713006496429443
2002-03-04,4.708654880523682
2002-03-05,4.704304218292236
2002-03-06,4.699951171875
2002-03-07,4.66948938369751
2002-03-08,4.656431674957275
2002-03-11,4.660785675048828
2002-03-12,4.665136337280273
2002-03-13,4.66948938369751
2002-03-14,4.660785675048828
2002-03-15,4.66948938369751
2002-03-18,4.673838138580322
2002-03-19,4.66948938369751
2002-03-20,4.65208101272583
2002-03-21,4.660785675048828
2002-03-22,4.660786151885986
2002-03-25,4.665147304534912
2002-03-26,4.682604789733887
2002-03-27,4.695698261260986
2002-03-28,4.686966896057129
2002-04-01,4.695698261260986
2002-04-02,4.713151931762695
2002-04-03,4.726245880126953
2002-04-04,4.739338397979736
2002-04-05,4.756793022155762
2002-04-08,4.752429962158203
2002-04-09,4.756793022155762
2002-04-10,4.756793022155762
2002-04-11,4.765522003173828
2002-04-12,4.774250030517578
2002-04-15,4.782977104187012
2002-04-16,4.782977104187012
2002-04-17,4.791704177856445
2002-04-18,4.804797649383545
2002-04-19,4.8135247230529785
2002-04-22,4.817890167236328
2002-04-23,4.809162616729736
2002-04-24,4.8135247230529785
2002-04-25,4.8135247230529785
2002-04-26,4.817890167236328
2002-04-29,4.817890167236328
2002-04-30,4.822253227233887
2002-05-01,4.835343360900879
2002-05-02,4.822253227233887
2002-05-03,4.835343360900879
2002-05-06,4.835343360900879
2002-05-07,4.8440728187561035
2002-05-08,4.82661771774292
2002-05-09,4.835343360900879
2002-05-10,4.8397088050842285
2002-05-13,4.835343360900879
2002-05-14,4.822253227233887
2002-05-15,4.8309807777404785
2002-05-16,4.835343360900879
2002-05-17,4.8309807777404785
2002-05-20,4.8440728187561035
2002-05-21,4.848440170288086
2002-05-22,4.8615288734436035
2002-05-23,4.870260715484619
2002-05-24,4.8746209144592285
2002-05-28,4.8746209144592285
2002-05-29,4.892078399658203
2002-05-30,4.89644193649292
2002-05-31,4.89644193649292
2002-06-03,4.900806427001953
2002-06-04,4.905170440673828
2002-06-05,4.905170440673828
2002-06-06,4.905170440673828
2002-06-07,4.900806427001953
2002-06-10,4.900806427001953
2002-06-11,4.900806427001953
2002-06-12,4.909534931182861
2002-06-13,4.918263912200928
2002-06-14,4.944447994232178
2002-06-17,4.940083026885986
2002-06-18,4.940083026885986
2002-06-19,4.961904048919678
2002-06-20,4.95317268371582
2002-06-21,4.8746209144592285
2002-06-24,4.865891933441162
2002-06-25,4.8615288734436035
2002-06-26,4.900806427001953
2002-06-27,4.883350372314453
2002-06-28,4.883350372314453
2002-07-01,4.883350372314453
2002-07-02,4.887714385986328
2002-07-03,4.892078399658203
2002-07-05,4.8746209144592285
2002-07-08,4.857165813446045
2002-07-09,4.8615288734436035
2002-07-10,4.89644193649292
2002-07-11,4.913899898529053
2002-07-12,4.926989555358887
2002-07-15,4.948809623718262
2002-07-16,4.926989555358887
2002-07-17,4.9313530921936035
2002-07-18,4.940083026885986
2002-07-19,4.948809623718262
2002-07-22,4.979358673095703
2002-07-23,4.974993705749512
2002-07-24,4.970630168914795
2002-07-25,4.979358673095703
2002-07-26,4.983724117279053
2002-07-29,4.95317268371582
2002-07-30,4.948809623718262
2002-07-31,4.966266632080078
2002-08-01,4.974993705749512
2002-08-02,5.00990629196167
2002-08-05,5.031728267669678
2002-08-06,5.00990629196167
2002-08-07,5.036092758178711
2002-08-08,5.027364253997803
2002-08-09,5.0579118728637695
2002-08-12,5.088460445404053
2002-08-13,5.119006633758545
2002-08-14,5.145192623138428
2002-08-15,5.119006633758545
2002-08-16,5.07973051071167
2002-08-19,5.084096908569336
2002-08-20,5.12337064743042
2002-08-21,5.119006633758545
2002-08-22,5.1059160232543945
2002-08-23,5.110279083251953
2002-08-26,5.119006633758545
2002-08-27,5.110279083251953
2002-08-28,5.114645004272461
2002-08-29,5.127735137939453
2002-08-30,5.145192623138428
2002-09-03,5.180103778839111
2002-09-04,5.1888322830200195
2002-09-05,5.193196773529053
2002-09-06,5.175740718841553
2002-09-09,5.1713762283325195
2002-09-10,5.184468746185303
2002-09-11,5.167013168334961
2002-09-12,5.184468746185303
2002-09-13,5.2062883377075195
2002-09-16,5.215014457702637
2002-09-17,5.2106523513793945
2002-09-18,5.2237443923950195
2002-09-19,5.2324700355529785
2002-09-20,5.2324700355529785
2002-09-23,5.2542901039123535
2002-09-24,5.271748065948486
2002-09-25,5.245564937591553
2002-09-26,5.23683500289917
2002-09-27,5.2062883377075195
2002-09-30,5.22810697555542
2002-10-01,5.197561264038086
2002-10-02,5.197561264038086
2002-10-03,5.2062883377075195
2002-10-04,5.2106523513793945
2002-10-07,5.219381809234619
2002-10-08,5.219381809234619
2002-10-09,5.2062883377075195
2002-10-10,5.184468746185303
2002-10-11,5.158283233642578
2002-10-14,5.158283233642578
2002-10-15,5.110279083251953
2002-10-16,5.092825412750244
2002-10-17,5.053547382354736
2002-10-18,5.049182891845703
2002-10-21,5.031728267669678
2002-10-22,5.00990629196167
2002-10-23,5.005542755126953
2002-10-24,5.022999286651611
2002-10-25,5.027364253997803
2002-10-28,5.040456295013428
2002-10-29,5.084096908569336
2002-10-30,5.075366497039795
2002-10-31,5.084096908569336
2002-11-01,5.071001052856445
2002-11-04,5.062276363372803
2002-11-05,5.071001052856445
2002-11-06,5.088460445404053
2002-11-07,5.136463165283203
2002-11-08,5.153919696807861
2002-11-11,5.153919696807861
2002-11-12,5.153919696807861
2002-11-13,5.1626458168029785
2002-11-14,5.12337064743042
2002-11-15,5.114645004272461
2002-11-18,5.12337064743042
2002-11-19,5.13209867477417
2002-11-20,5.114645004272461
2002-11-21,5.092825412750244
2002-11-22,5.088460445404053
2002-11-25,5.088460445404053
2002-11-26,5.110279083251953
2002-11-27,5.075366497039795
2002-11-29,5.075366497039795
2002-12-02,5.084096908569336
2002-12-03,5.084096908569336
2002-12-04,5.097188949584961
2002-12-05,5.110279083251953
2002-12-06,5.114645004272461
2002-12-09,5.127735137939453
2002-12-10,5.127735137939453
2002-12-11,5.140828609466553
2002-12-12,5.145192623138428
2002-12-13,5.140828609466553
2002-12-16,5.13209867477417
2002-12-17,5.145192623138428
2002-12-18,5.158283233642578
2002-12-19,5.1888322830200195
2002-12-20,5.197561264038086
2002-12-23,5.193196773529053
2002-12-24,5.201923370361328
2002-12-26,5.114645004272461
2002-12-27,5.13209867477417
2002-12-30,5.149557590484619
2002-12-31,5.167013168334961
2003-01-02,5.114645004272461
2003-01-03,5.114645004272461
2003-01-06,5.101551532745361
2003-01-07,5.101551532745361
2003-01-08,5.13209867477417
2003-01-09,5.101551532745361
2003-01-10,5.101551532745361
2003-01-13,5.114645004272461
2003-01-14,5.136463165283203
2003-01-15,5.145192623138428
2003-01-16,5.140828609466553
2003-01-17,5.1713762283325195
2003-01-21,5.175740718841553
2003-01-22,5.193196773529053
2003-01-23,5.1888322830200195
2003-01-24,5.215014457702637
2003-01-27,5.2106523513793945
2003-01-28,5.197561264038086
2003-01-29,5.184468746185303
2003-01-30,5.193196773529053
2003-01-31,5.197561264038086
2003-02-03,5.193196773529053
2003-02-04,5.22810697555542
2003-02-05,5.22810697555542
2003-02-06,5.249927520751953
2003-02-07,5.258658409118652
2003-02-10,5.258658409118652
2003-02-11,5.267384052276611
2003-02-12,5.276113033294678
2003-02-13,5.293567180633545
2003-02-14,5.280478000640869
2003-02-18,5.276113033294678
2003-02-19,5.293567180633545
2003-02-20,5.324115753173828
2003-02-21,5.319752216339111
2003-02-24,5.345938205718994
2003-02-25,5.359030246734619
2003-02-26,5.359030246734619
2003-02-27,5.363396644592285
2003-02-28,5.389577865600586
2003-03-03,5.3939433097839355
2003-03-04,5.3983073234558105
2003-03-05,5.4026689529418945
2003-03-06,5.4026689529418945
2003-03-07,5.420124053955078
2003-03-10,5.437582015991211
2003-03-11,5.433218002319336
2003-03-12,5.433218002319336
2003-03-13,5.385212421417236
2003-03-14,5.363396644592285
2003-03-17,5.319752216339111
2003-03-18,5.276113033294678
2003-03-19,5.249927520751953
2003-03-20,5.23683500289917
2003-03-21,5.201923370361328
2003-03-24,5.241201400756836
2003-03-25,5.245564937591553
2003-03-26,5.2542901039123535
2003-03-27,5.263020992279053
2003-03-28,5.276190280914307
2003-03-31,5.302526473999023
2003-04-01,5.306918621063232
2003-04-02,5.276190280914307
2003-04-03,5.280577659606934
2003-04-04,5.2718000411987305
2003-04-07,5.241072654724121
2003-04-08,5.258628845214844
2003-04-09,5.267409324645996
2003-04-10,5.258628845214844
2003-04-11,5.249852180480957
2003-04-14,5.236682891845703
2003-04-15,5.254241943359375
2003-04-16,5.254241943359375
2003-04-17,5.249852180480957
2003-04-21,5.236682891845703
2003-04-22,5.232293605804443
2003-04-23,5.223516464233398
2003-04-24,5.254241943359375
2003-04-25,5.2718000411987305
2003-04-28,5.280577659606934
2003-04-29,5.258628845214844
2003-04-30,5.284966468811035
2003-05-01,5.298136234283447
2003-05-02,5.289360046386719
2003-05-05,5.306918621063232
2003-05-06,5.337642669677734
2003-05-07,5.381537437438965
2003-05-08,5.4034833908081055
2003-05-09,5.407876014709473
2003-05-12,5.4254326820373535
2003-05-13,5.429825305938721
2003-05-14,5.4605488777160645
2003-05-15,5.464937210083008
2003-05-16,5.482496738433838
2003-05-19,5.491275787353516
2003-05-20,5.539560317993164
2003-05-21,5.530782222747803
2003-05-22,5.543948650360107
2003-05-23,5.543948650360107
2003-05-27,5.50883150100708
2003-05-28,5.491275787353516
2003-05-29,5.530782222747803
2003-05-30,5.535170078277588
2003-06-02,5.50883150100708
2003-06-03,5.548337936401367
2003-06-04,5.561506748199463
2003-06-05,5.548337936401367
2003-06-06,5.539560317993164
2003-06-09,5.570285320281982
2003-06-10,5.60540246963501
2003-06-11,5.60540246963501
2003-06-12,5.622962474822998
2003-06-13,5.644907474517822
2003-06-16,5.61417818069458
2003-06-17,5.579066753387451
2003-06-18,5.535170078277588
2003-06-19,5.543948650360107
2003-06-20,5.526108264923096
2003-06-23,5.552867889404297
2003-06-24,5.57070779800415
2003-06-25,5.539490222930908
2003-06-26,5.48596715927124
2003-06-27,5.47704553604126
2003-06-30,5.48596715927124
2003-07-01,5.468123435974121
2003-07-02,5.459207057952881
2003-07-03,5.414604663848877
2003-07-07,5.392305374145508
2003-07-08,5.387844085693359
2003-07-09,5.405683994293213
2003-07-10,5.441364765167236
2003-07-11,5.454747676849365
2003-07-14,5.436906337738037
2003-07-15,5.374464988708496
2003-07-16,5.378923416137695
2003-07-17,5.378923416137695
2003-07-18,5.387844085693359
2003-07-21,5.320941925048828
2003-07-22,5.325403213500977
2003-07-23,5.3521647453308105
2003-07-24,5.3387837409973145
2003-07-25,5.3477044105529785
2003-07-28,5.298640251159668
2003-07-29,5.25404167175293
2003-07-30,5.294178485870361
2003-07-31,5.240660667419434
2003-08-01,5.249582767486572
2003-08-04,5.2852582931518555
2003-08-05,5.231739521026611
2003-08-06,5.276340007781982
2003-08-07,5.298640251159668
2003-08-08,5.307563304901123
2003-08-11,5.298640251159668
2003-08-12,5.312021255493164
2003-08-13,5.258500576019287
2003-08-14,5.262959957122803
2003-08-15,5.27187967300415
2003-08-18,5.294178485870361
2003-08-19,5.343242645263672
2003-08-20,5.334322452545166
2003-08-21,5.320941925048828
2003-08-22,5.3387837409973145
2003-08-25,5.312021255493164
2003-08-26,5.316481590270996
2003-08-27,5.298640251159668
2003-08-28,5.325403213500977
2003-08-29,5.329864025115967
2003-09-02,5.280797958374023
2003-09-03,5.276340007781982
2003-09-04,5.298640251159668
2003-09-05,5.356622695922852
2003-09-08,5.3477044105529785
2003-09-09,5.3477044105529785
2003-09-10,5.378923416137695
2003-09-11,5.356622695922852
2003-09-12,5.378923416137695
2003-09-15,5.392305374145508
2003-09-16,5.365543842315674
2003-09-17,5.383383750915527
2003-09-18,5.387844085693359
2003-09-19,5.401224613189697
2003-09-22,5.378923416137695
2003-09-23,5.396763801574707
2003-09-24,5.4324469566345215
2003-09-25,5.459207057952881
2003-09-26,5.48607873916626
2003-09-29,5.468164920806885
2003-09-30,5.499511241912842
2003-10-01,5.490555286407471
2003-10-02,5.463684558868408
2003-10-03,5.409942150115967
2003-10-06,5.4323344230651855
2003-10-07,5.414422035217285
2003-10-08,5.405463695526123
2003-10-09,5.396508693695068
2003-10-10,5.4323344230651855
2003-10-13,5.4323344230651855
2003-10-14,5.409942150115967
2003-10-15,5.400985240936279
2003-10-16,5.405463695526123
2003-10-17,5.4323344230651855
2003-10-20,5.450249195098877
2003-10-21,5.44577169418335
2003-10-22,5.468164920806885
2003-10-23,5.481596946716309
2003-10-24,5.521904468536377
2003-10-27,5.512945652008057
2003-10-28,5.535339832305908
2003-10-29,5.512945652008057
2003-10-30,5.503990173339844
2003-10-31,5.526382923126221
2003-11-03,5.517427444458008
2003-11-04,5.539819240570068
2003-11-05,5.508467197418213
2003-11-06,5.48607873916626
2003-11-07,5.48607873916626
2003-11-10,5.490555286407471
2003-11-11,5.490555286407471
2003-11-12,5.508467197418213
2003-11-13,5.553255081176758
2003-11-14,5.584600448608398
2003-11-17,5.602514743804932
2003-11-18,5.602514743804932
2003-11-19,5.562211990356445
2003-11-20,5.553255081176758
2003-11-21,5.548774242401123
2003-11-24,5.530859470367432
2003-11-25,5.562211990356445
2003-11-26,5.553255081176758
2003-11-28,5.530859470367432
2003-12-01,5.526382923126221
2003-12-02,5.539819240570068
2003-12-03,5.530859470367432
2003-12-04,5.544297218322754
2003-12-05,5.598036289215088
2003-12-08,5.580122947692871
2003-12-09,5.562211990356445
2003-12-10,5.580122947692871
2003-12-11,5.602514743804932
2003-12-12,5.598036289215088
2003-12-15,5.580122947692871
2003-12-16,5.580122947692871
2003-12-17,5.580122947692871
2003-12-18,5.598036289215088
2003-12-19,5.593557834625244
2003-12-22,5.589079856872559
2003-12-23,5.561659812927246
2003-12-24,5.589079856872559
2003-12-26,5.602790832519531
2003-12-29,5.584512233734131
2003-12-30,5.570801258087158
2003-12-31,5.579941272735596
2004-01-02,5.55709171295166
2004-01-05,5.55709171295166
2004-01-06,5.593649864196777
2004-01-07,5.598220348358154
2004-01-08,5.579941272735596
2004-01-09,5.616498947143555
2004-01-12,5.621068954467773
2004-01-13,5.639350891113281
2004-01-14,5.643919944763184
2004-01-15,5.648490905761719
2004-01-16,5.648490905761719
2004-01-20,5.648490905761719
2004-01-21,5.666770935058594
2004-01-22,5.68048095703125
2004-01-23,5.639350891113281
2004-01-26,5.621068954467773
2004-01-27,5.639350891113281
2004-01-28,5.611928939819336
2004-01-29,5.616498947143555
2004-01-30,5.648490905761719
2004-02-02,5.653060436248779
2004-02-03,5.666770935058594
2004-02-04,5.666770935058594
2004-02-05,5.648490905761719
2004-02-06,5.671339988708496
2004-02-09,5.68048095703125
2004-02-10,5.666770935058594
2004-02-11,5.689619541168213
2004-02-12,5.6759114265441895
2004-02-13,5.69419002532959
2004-02-17,5.689619541168213
2004-02-18,5.689619541168213
2004-02-19,5.689619541168213
2004-02-20,5.68048095703125
2004-02-23,5.689619541168213
2004-02-24,5.703328609466553
2004-02-25,5.717041969299316
2004-02-26,5.730748653411865
2004-02-27,5.771881103515625
2004-03-01,5.794728755950928
2004-03-02,5.781019687652588
2004-03-03,5.776448726654053
2004-03-04,5.776448726654053
2004-03-05,5.835860252380371
2004-03-08,5.849569797515869
2004-03-09,5.867847919464111
2004-03-10,5.844999313354492
2004-03-11,5.831291198730469
2004-03-12,5.822150230407715
2004-03-15,5.840430736541748
2004-03-16,5.876985549926758
2004-03-17,5.899839401245117
2004-03-18,5.881559371948242
2004-03-19,5.872392177581787
2004-03-22,5.886144161224365
2004-03-23,5.890727996826172
2004-03-24,5.909065246582031
2004-03-25,5.899896621704102
2004-03-26,5.854053974151611
2004-03-29,5.849472999572754
2004-03-30,5.840299129486084
2004-03-31,5.858639717102051
2004-04-01,5.854053974151611
2004-04-02,5.771537780761719
2004-04-05,5.73944616317749
2004-04-06,5.748617172241211
2004-04-07,5.716524124145508
2004-04-08,5.721114158630371
2004-04-12,5.730279922485352
2004-04-13,5.698190689086914
2004-04-14,5.6798529624938965
2004-04-15,5.670688629150391
2004-04-16,5.702776908874512
2004-04-19,5.702776908874512
2004-04-20,5.702776908874512
2004-04-21,5.661515235900879
2004-04-22,5.652347564697266
2004-04-23,5.592751979827881
2004-04-26,5.629427433013916
2004-04-27,5.643180847167969
2004-04-28,5.601922035217285
2004-04-29,5.569831371307373
2004-04-30,5.5835862159729
2004-05-03,5.597336292266846
2004-05-04,5.592751979827881
2004-05-05,5.592751979827881
2004-05-06,5.569831371307373
2004-05-07,5.537740230560303
2004-05-10,5.537740230560303
2004-05-11,5.560660362243652
2004-05-12,5.579003810882568
2004-05-13,5.5835862159729
2004-05-14,5.588169097900391
2004-05-17,5.634012699127197
2004-05-18,5.638594150543213
2004-05-19,5.656932830810547
2004-05-20,5.6798529624938965
2004-05-21,5.643180847167969
2004-05-24,5.675267219543457
2004-05-25,5.666100978851318
2004-05-26,5.6798529624938965
2004-05-27,5.702776908874512
2004-05-28,5.675267219543457
2004-06-01,5.702776908874512
2004-06-02,5.675267219543457
2004-06-03,5.666100978851318
2004-06-04,5.647762775421143
2004-06-07,5.652347564697266
2004-06-08,5.629427433013916
2004-06-09,5.61108922958374
2004-06-10,5.6202569007873535
2004-06-14,5.592751979827881
2004-06-15,5.647762775421143
2004-06-16,5.638594150543213
2004-06-17,5.652347564697266
2004-06-18,5.759699821472168
2004-06-21,5.759699821472168
2004-06-22,5.755033493041992
2004-06-23,5.755033493041992
2004-06-24,5.769035339355469
2004-06-25,5.657014846801758
2004-06-28,5.6150054931640625
2004-06-29,5.638343334197998
2004-06-30,5.680356502532959
2004-07-01,5.71302604675293
2004-07-02,5.750365257263184
2004-07-06,5.750365257263184
2004-07-07,5.74569845199585
2004-07-08,5.74569845199585
2004-07-09,5.741028308868408
2004-07-12,5.731695652008057
2004-07-13,5.722360134124756
2004-07-14,5.722360134124756
2004-07-15,5.736364841461182
2004-07-16,5.759699821472168
2004-07-19,5.759699821472168
2004-07-20,5.7176947593688965
2004-07-21,5.722360134124756
2004-07-22,5.731695652008057
2004-07-23,5.741028308868408
2004-07-26,5.722360134124756
2004-07-27,5.675685882568359
2004-07-28,5.689691066741943
2004-07-29,5.708358287811279
2004-07-30,5.736364841461182
2004-08-02,5.74569845199585
2004-08-03,5.755033493041992
2004-08-04,5.750365257263184
2004-08-05,5.769035339355469
2004-08-06,5.829713821411133
2004-08-09,5.829713821411133
2004-08-10,5.811044692993164
2004-08-11,5.825047016143799
2004-08-12,5.862387180328369
2004-08-13,5.876389026641846
2004-08-16,5.857720851898193
2004-08-17,5.857720851898193
2004-08-18,5.839046955108643
2004-08-19,5.876389026641846
2004-08-20,5.862387180328369
2004-08-23,5.834381103515625
2004-08-24,5.829713821411133
2004-08-25,5.825047016143799
2004-08-26,5.839046955108643
2004-08-27,5.839046955108643
2004-08-30,5.853050708770752
2004-08-31,5.885722637176514
2004-09-01,5.885722637176514
2004-09-02,5.8670549392700195
2004-09-03,5.834381103515625
2004-09-07,5.84371280670166
2004-09-08,5.8670549392700195
2004-09-09,5.857720851898193
2004-09-10,5.853050708770752
2004-09-13,5.8670549392700195
2004-09-14,5.8717193603515625
2004-09-15,5.848384380340576
2004-09-16,5.8717193603515625
2004-09-17,5.853050708770752
2004-09-20,5.876389026641846
2004-09-21,5.8717193603515625
2004-09-22,5.899726390838623
2004-09-23,5.885722637176514
2004-09-24,5.8857221603393555
2004-09-27,5.904632568359375
2004-09-28,5.918814182281494
2004-09-29,5.895176887512207
2004-09-30,5.899905681610107
2004-10-01,5.866812705993652
2004-10-04,5.857357501983643
2004-10-05,5.866812705993652
2004-10-06,5.833724021911621
2004-10-07,5.838449478149414
2004-10-08,5.8809943199157715
2004-10-11,5.8809943199157715
2004-10-12,5.899905681610107
2004-10-13,5.909359455108643
2004-10-14,5.92827033996582
2004-10-15,5.923544406890869
2004-10-18,5.918814182281494
2004-10-19,5.923544406890869
2004-10-20,5.942453384399414
2004-10-21,5.961363315582275
2004-10-22,5.956637382507324
2004-10-25,5.961363315582275
2004-10-26,5.956637382507324
2004-10-27,5.909359455108643
2004-10-28,5.932997703552246
2004-10-29,5.951908588409424
2004-11-01,5.932997703552246
2004-11-02,5.961363315582275
2004-11-03,5.98027229309082
2004-11-04,5.956637382507324
2004-11-05,5.92827033996582
2004-11-08,5.918814182281494
2004-11-09,5.914085865020752
2004-11-10,5.904632568359375
2004-11-11,5.904632568359375
2004-11-12,5.92827033996582
2004-11-15,5.951908588409424
2004-11-16,5.947178840637207
2004-11-17,5.975546836853027
2004-11-18,5.98027229309082
2004-11-19,5.961363315582275
2004-11-22,5.994454860687256
2004-11-23,5.975546836853027
2004-11-24,5.98027229309082
2004-11-26,5.966090679168701
2004-11-29,5.942453384399414
2004-11-30,5.932997703552246
2004-12-01,5.923544406890869
2004-12-02,5.909359455108643
2004-12-03,5.961363315582275
2004-12-06,5.975546836853027
2004-12-07,5.975546836853027
2004-12-08,6.018092632293701
2004-12-09,6.003909111022949
2004-12-10,5.989726543426514
2004-12-13,6.003909111022949
2004-12-14,6.018092632293701
2004-12-15,6.05591344833374
2004-12-16,6.0228190422058105
2004-12-17,6.0228190422058105
2004-12-20,6.037001609802246
2004-12-21,6.074824810028076
2004-12-22,6.051185131072998
2004-12-23,6.05118465423584
2004-12-27,6.03676700592041
2004-12-28,6.027154445648193
2004-12-29,6.007926940917969
2004-12-30,6.027154445648193
2004-12-31,6.0415730476379395
2005-01-03,6.031960964202881
2005-01-04,6.007926940917969
2005-01-05,5.993507385253906
2005-01-06,5.993507385253906
2005-01-07,5.979090213775635
2005-01-10,5.993507385253906
2005-01-11,5.99831485748291
2005-01-12,6.007926940917969
2005-01-13,6.027154445648193
2005-01-14,6.0175395011901855
2005-01-18,6.031960964202881
2005-01-19,6.022348880767822
2005-01-20,6.027154445648193
2005-01-21,6.03676700592041
2005-01-24,6.046378135681152
2005-01-25,6.007926940917969
2005-01-26,6.01273250579834
2005-01-27,6.01273250579834
2005-01-28,6.03676700592041
2005-01-31,6.0415730476379395
2005-02-01,6.031960964202881
2005-02-02,6.0175395011901855
2005-02-03,6.007926940917969
2005-02-04,6.055994033813477
2005-02-07,6.07041072845459
2005-02-08,6.094442844390869
2005-02-09,6.132894992828369
2005-02-10,6.099247455596924
2005-02-11,6.104053020477295
2005-02-14,6.123281002044678
2005-02-15,6.094442844390869
2005-02-16,6.075216770172119
2005-02-17,6.0656046867370605
2005-02-18,6.0607991218566895
2005-02-22,6.046378135681152
2005-02-23,6.055994033813477
2005-02-24,6.05118465423584
2005-02-25,6.0415730476379395
2005-02-28,6.01273250579834
2005-03-01,6.0175395011901855
2005-03-02,6.022348880767822
2005-03-03,6.027154445648193
2005-03-04,6.055994033813477
2005-03-07,6.075216770172119
2005-03-08,6.055994033813477
2005-03-09,6.01273250579834
2005-03-10,6.007926940917969
2005-03-11,5.979090213775635
2005-03-14,5.983895301818848
2005-03-15,5.983895301818848
2005-03-16,5.99831485748291
2005-03-17,6.031960964202881
2005-03-18,6.0175395011901855
2005-03-21,6.007926940917969
2005-03-22,5.974282264709473
2005-03-23,5.948211193084717
2005-03-24,5.957869052886963
2005-03-28,5.948211193084717
2005-03-29,5.957869052886963
2005-03-30,5.977181911468506
2005-03-31,6.020633220672607
2005-04-01,6.044774055480957
2005-04-04,6.039944171905518
2005-04-05,6.020633220672607
2005-04-06,6.025461196899414
2005-04-07,6.001319885253906
2005-04-08,6.006150722503662
2005-04-11,6.025461196899414
2005-04-12,6.054431438446045
2005-04-13,6.0496015548706055
2005-04-14,6.059259414672852
2005-04-15,6.088227272033691
2005-04-18,6.10753870010376
2005-04-19,6.131679058074951
2005-04-20,6.136507987976074
2005-04-21,6.112367630004883
2005-04-22,6.131679058074951
2005-04-25,6.122023582458496
2005-04-26,6.10753870010376
2005-04-27,6.10753870010376
2005-04-28,6.146162986755371
2005-04-29,6.131679058074951
2005-05-02,6.136507987976074
2005-05-03,6.117193698883057
2005-05-04,6.122023582458496
2005-05-05,6.131679058074951
2005-05-06,6.0978827476501465
2005-05-09,6.10753870010376
2005-05-10,6.126852035522461
2005-05-11,6.136507987976074
2005-05-12,6.126852035522461
2005-05-13,6.131679058074951
2005-05-16,6.136507987976074
2005-05-17,6.1509928703308105
2005-05-18,6.1509928703308105
2005-05-19,6.126852035522461
2005-05-20,6.1413373947143555
2005-05-23,6.165476322174072
2005-05-24,6.1751322746276855
2005-05-25,6.160650730133057
2005-05-26,6.136507987976074
2005-05-27,6.146162986755371
2005-05-31,6.1751322746276855
2005-06-01,6.228240966796875
2005-06-02,6.223413467407227
2005-06-03,6.194446086883545
2005-06-06,6.2041015625
2005-06-07,6.213757038116455
2005-06-08,6.194446086883545
2005-06-09,6.184788703918457
2005-06-10,6.1413373947143555
2005-06-13,6.131679058074951
2005-06-14,6.117193698883057
2005-06-15,6.117193698883057
2005-06-16,6.146162986755371
2005-06-17,6.155820846557617
2005-06-20,6.146162986755371
2005-06-21,6.160650730133057
2005-06-22,6.17996072769165
2005-06-23,6.17996072769165
2005-06-24,6.1957197189331055
2005-06-27,6.215420246124268
2005-06-28,6.1957197189331055
2005-06-29,6.18587064743042
2005-06-30,6.1957197189331055
2005-07-01,6.171095848083496
2005-07-05,6.1366190910339355
2005-07-06,6.1464691162109375
2005-07-07,6.151395320892334
2005-07-08,6.121846675872803
2005-07-11,6.126771450042725
2005-07-12,6.121846675872803
2005-07-13,6.107070446014404
2005-07-14,6.062744140625
2005-07-15,6.052895545959473
2005-07-18,6.028267860412598
2005-07-19,6.062744140625
2005-07-20,6.077518939971924
2005-07-21,6.052895545959473
2005-07-22,6.082444190979004
2005-07-25,6.052895545959473
2005-07-26,6.057819843292236
2005-07-27,6.057819843292236
2005-07-28,6.082444190979004
2005-07-29,6.072593688964844
2005-08-01,6.047969341278076
2005-08-02,6.028267860412598
2005-08-03,6.062744140625
2005-08-04,6.062744140625
2005-08-05,6.038120746612549
2005-08-08,6.033195972442627
2005-08-09,6.028267860412598
2005-08-10,6.023343086242676
2005-08-11,6.047969341278076
2005-08-12,6.082444190979004
2005-08-15,6.077518939971924
2005-08-16,6.102145195007324
2005-08-17,6.077518939971924
2005-08-18,6.097221851348877
2005-08-19,6.102145195007324
2005-08-22,6.102145195007324
2005-08-23,6.116919994354248
2005-08-24,6.131694793701172
2005-08-25,6.1366190910339355
2005-08-26,6.131694793701172
2005-08-29,6.1464691162109375
2005-08-30,6.180946350097656
2005-08-31,6.205571174621582
2005-09-01,6.230195999145508
2005-09-02,6.230195999145508
2005-09-06,6.200647354125977
2005-09-07,6.180946350097656
2005-09-08,6.190794467926025
2005-09-09,6.210496425628662
2005-09-12,6.1957197189331055
2005-09-13,6.210496425628662
2005-09-14,6.205571174621582
2005-09-15,6.1957197189331055
2005-09-16,6.18587064743042
2005-09-19,6.205571174621582
2005-09-20,6.190794467926025
2005-09-21,6.215420246124268
2005-09-22,6.230195999145508
2005-09-23,6.194430828094482
2005-09-26,6.184494495391846
2005-09-27,6.184494495391846
2005-09-28,6.21429967880249
2005-09-29,6.2093329429626465
2005-09-30,6.199397087097168
2005-10-03,6.159659385681152
2005-10-04,6.154688835144043
2005-10-05,6.159659385681152
2005-10-06,6.134819984436035
2005-10-07,6.139784336090088
2005-10-10,6.144753932952881
2005-10-11,6.144753932952881
2005-10-12,6.119919300079346
2005-10-13,6.119919300079346
2005-10-14,6.119919300079346
2005-10-17,6.139784336090088
2005-10-18,6.144753932952881
2005-10-19,6.139784336090088
2005-10-20,6.139784336090088
2005-10-21,6.154688835144043
2005-10-24,6.129853248596191
2005-10-25,6.105016708374023
2005-10-26,6.085144996643066
2005-10-27,6.105016708374023
2005-10-28,6.109982490539551
2005-10-31,6.119919300079346
2005-11-01,6.114952087402344
2005-11-02,6.109982490539551
2005-11-03,6.10004997253418
2005-11-04,6.090113639831543
2005-11-07,6.114952087402344
2005-11-08,6.124885559082031
2005-11-09,6.10004997253418
2005-11-10,6.105016708374023
2005-11-11,6.109982490539551
2005-11-14,6.075209617614746
2005-11-15,6.095083713531494
2005-11-16,6.124885559082031
2005-11-17,6.139784336090088
2005-11-18,6.114952087402344
2005-11-21,6.134819984436035
2005-11-22,6.154688835144043
2005-11-23,6.129853248596191
2005-11-25,6.149725437164307
2005-11-28,6.1646270751953125
2005-11-29,6.134819984436035
2005-11-30,6.129853248596191
2005-12-01,6.119919300079346
2005-12-02,6.119919300079346
2005-12-05,6.114952087402344
2005-12-06,6.134819984436035
2005-12-07,6.109982490539551
2005-12-08,6.134819984436035
2005-12-09,6.109982490539551
2005-12-12,6.119919300079346
2005-12-13,6.129853248596191
2005-12-14,6.154688835144043
2005-12-15,6.149725437164307
2005-12-16,6.159659385681152
2005-12-19,6.1646270751953125
2005-12-20,6.159659385681152
2005-12-21,6.154688835144043
2005-12-22,6.174559593200684
2005-12-23,6.189462184906006
2005-12-27,6.204365253448486
2005-12-28,6.1926445960998535
2005-12-29,6.19774055480957
2005-12-30,6.19774055480957
2006-01-03,6.207931041717529
2006-01-04,6.213028430938721
2006-01-05,6.19774055480957
2006-01-06,6.1926445960998535
2006-01-09,6.1875457763671875
2006-01-10,6.18244743347168
2006-01-11,6.1722540855407715
2006-01-12,6.19774055480957
2006-01-13,6.22322416305542
2006-01-17,6.228320121765137
2006-01-18,6.22322416305542
2006-01-19,6.2181267738342285
2006-01-20,6.2385125160217285
2006-01-23,6.228320121765137
2006-01-24,6.202833652496338
2006-01-25,6.162063121795654
2006-01-26,6.162063121795654
2006-01-27,6.1875457763671875
2006-01-30,6.177348613739014
2006-01-31,6.207931041717529
2006-02-01,6.1875457763671875
2006-02-02,6.1875457763671875
2006-02-03,6.207931041717529
2006-02-06,6.213028430938721
2006-02-07,6.1926445960998535
2006-02-08,6.1722540855407715
2006-02-09,6.1875457763671875
2006-02-10,6.1722540855407715
2006-02-13,6.162063121795654
2006-02-14,6.136577606201172
2006-02-15,6.1416730880737305
2006-02-16,6.162063121795654
2006-02-17,6.1875457763671875
2006-02-21,6.177348613739014
2006-02-22,6.1926445960998535
2006-02-23,6.177348613739014
2006-02-24,6.1926445960998535
2006-02-27,6.177348613739014
2006-02-28,6.19774055480957
2006-03-01,6.1875457763671875
2006-03-02,6.18244743347168
2006-03-03,6.1722540855407715
2006-03-06,6.1314826011657715
2006-03-07,6.1314826011657715
2006-03-08,6.105996608734131
2006-03-09,6.1110944747924805
2006-03-10,6.095801830291748
2006-03-13,6.090706825256348
2006-03-14,6.1314826011657715
2006-03-15,6.121286869049072
2006-03-16,6.1569623947143555
2006-03-17,6.1416730880737305
2006-03-20,6.1416730880737305
2006-03-21,6.105996608734131
2006-03-22,6.116191864013672
2006-03-23,6.116191864013672
2006-03-24,6.131494045257568
2006-03-27,6.116191864013672
2006-03-28,6.0906853675842285
2006-03-29,6.075381278991699
2006-03-30,6.0651774406433105
2006-03-31,6.0651774406433105
2006-04-03,6.06007719039917
2006-04-04,6.054975986480713
2006-04-05,6.075381278991699
2006-04-06,6.054975986480713
2006-04-07,6.029474258422852
2006-04-10,6.0396728515625
2006-04-11,6.06007719039917
2006-04-12,6.0396728515625
2006-04-13,6.014167785644531
2006-04-17,6.0396728515625
2006-04-18,6.0651774406433105
2006-04-19,6.0651774406433105
2006-04-20,6.04477596282959
2006-04-21,6.054975986480713
2006-04-24,6.054975986480713
2006-04-25,6.014167785644531
2006-04-26,6.003966808319092
2006-04-27,6.034571647644043
2006-04-28,6.06007719039917
2006-05-01,6.04477596282959
2006-05-02,6.04477596282959
2006-05-03,6.024372577667236
2006-05-04,6.019272327423096
2006-05-05,6.04477596282959
2006-05-08,6.04477596282959
2006-05-09,6.054975986480713
2006-05-10,6.06007719039917
2006-05-11,6.0651774406433105
2006-05-12,6.04477596282959
2006-05-15,6.0396728515625
2006-05-16,6.06007719039917
2006-05-17,6.049875259399414
2006-05-18,6.08048152923584
2006-05-19,6.075381278991699
2006-05-22,6.085582256317139
2006-05-23,6.08048152923584
2006-05-24,6.085582256317139
2006-05-25,6.070280075073242
2006-05-26,6.08048152923584
2006-05-30,6.08048152923584
2006-05-31,6.075381278991699
2006-06-01,6.075381278991699
2006-06-02,6.121293067932129
2006-06-05,6.11108922958374
2006-06-06,6.095786094665527
2006-06-07,6.070280075073242
2006-06-08,6.085582256317139
2006-06-09,6.095786094665527
2006-06-12,6.100886821746826
2006-06-13,6.11108922958374
2006-06-14,6.085582256317139
2006-06-15,6.08048152923584
2006-06-16,6.070280075073242
2006-06-19,6.06007719039917
2006-06-20,6.054975986480713
2006-06-21,6.054975986480713
2006-06-22,6.04477596282959
2006-06-23,6.0312323570251465
2006-06-26,6.0312323570251465
2006-06-27,6.041650295257568
2006-06-28,6.02602481842041
2006-06-29,6.062484264373779
2006-06-30,6.093731880187988
2006-07-03,6.083317756652832
2006-07-05,6.057275295257568
2006-07-06,6.078107833862305
2006-07-07,6.098942279815674
2006-07-10,6.098942279815674
2006-07-11,6.10935640335083
2006-07-12,6.104152202606201
2006-07-13,6.130192279815674
2006-07-14,6.135398864746094
2006-07-17,6.135398864746094
2006-07-18,6.104152202606201
2006-07-19,6.140608787536621
2006-07-20,6.161440372467041
2006-07-21,6.140608787536621
2006-07-24,6.140608787536621
2006-07-25,6.151026248931885
2006-07-26,6.1718597412109375
2006-07-27,6.1718597412109375
2006-07-28,6.192690372467041
2006-07-31,6.192690372467041
2006-08-01,6.197899341583252
2006-08-02,6.21352481842041
2006-08-03,6.223941802978516
2006-08-04,6.255190849304199
2006-08-07,6.255190849304199
2006-08-08,6.265608310699463
2006-08-09,6.270817756652832
2006-08-10,6.249984264373779
2006-08-11,6.244773864746094
2006-08-14,6.223941802978516
2006-08-15,6.249984264373779
2006-08-16,6.265608310699463
2006-08-17,6.260402202606201
2006-08-18,6.276024341583252
2006-08-21,6.2916483879089355
2006-08-22,6.302066802978516
2006-08-23,6.286438941955566
2006-08-24,6.276024341583252
2006-08-25,6.2916483879089355
2006-08-28,6.276024341583252
2006-08-29,6.276024341583252
2006-08-30,6.281231880187988
2006-08-31,6.296857833862305
2006-09-01,6.296857833862305
2006-09-05,6.265608310699463
2006-09-06,6.260402202606201
2006-09-07,6.255190849304199
2006-09-08,6.249984264373779
2006-09-11,6.234358310699463
2006-09-12,6.244773864746094
2006-09-13,6.255190849304199
2006-09-14,6.260402202606201
2006-09-15,6.239566802978516
2006-09-18,6.239566802978516
2006-09-19,6.255190849304199
2006-09-20,6.239566802978516
2006-09-21,6.270817756652832
2006-09-22,6.298288345336914
2006-09-25,6.319427490234375
2006-09-26,6.308859825134277
2006-09-27,6.308859825134277
2006-09-28,6.3035759925842285
2006-09-29,6.308859825134277
2006-10-02,6.308859825134277
2006-10-03,6.298288345336914
2006-10-04,6.31414270401001
2006-10-05,6.3035759925842285
2006-10-06,6.266584873199463
2006-10-09,6.266584873199463
2006-10-10,6.245455265045166
2006-10-11,6.224319934844971
2006-10-12,6.229603290557861
2006-10-13,6.219034671783447
2006-10-16,6.224319934844971
2006-10-17,6.219034671783447
2006-10-18,6.219034671783447
2006-10-19,6.20846700668335
2006-10-20,6.20846700668335
2006-10-23,6.192616939544678
2006-10-24,6.19789981842041
2006-10-25,6.2348856925964355
2006-10-26,6.2560200691223145
2006-10-27,6.271871566772461
2006-10-30,6.266584873199463
2006-10-31,6.298288345336914
2006-11-01,6.319427490234375
2006-11-02,6.298288345336914
2006-11-03,6.266584873199463
2006-11-06,6.287723541259766
2006-11-07,6.3035759925842285
2006-11-08,6.319427490234375
2006-11-09,6.324711799621582
2006-11-10,6.33527946472168
2006-11-13,6.319427490234375
2006-11-14,6.329995632171631
2006-11-15,6.308859825134277
2006-11-16,6.27715539932251
2006-11-17,6.29300594329834
2006-11-20,6.29300594329834
2006-11-21,6.298288345336914
2006-11-22,6.3035759925842285
2006-11-24,6.324711799621582
2006-11-27,6.329995632171631
2006-11-28,6.345847129821777
2006-11-29,6.340562343597412
2006-11-30,6.372264385223389
2006-12-01,6.398683071136475
2006-12-04,6.388116359710693
2006-12-05,6.388116359710693
2006-12-06,6.366981029510498
2006-12-07,6.361697673797607
2006-12-08,6.33527946472168
2006-12-11,6.351133823394775
2006-12-12,6.356414318084717
2006-12-13,6.319427490234375
2006-12-14,6.319427490234375
2006-12-15,6.29300594329834
2006-12-18,6.27715539932251
2006-12-19,6.27715539932251
2006-12-20,6.271871566772461
2006-12-21,6.282440662384033
2006-12-22,6.2560200691223145
2006-12-26,6.2560200691223145
2006-12-27,6.229603290557861
2006-12-28,6.224319934844971
2006-12-29,6.224319934844971
2007-01-03,6.250734806060791
2007-01-04,6.250734806060791
2007-01-05,6.245455265045166
2007-01-08,6.240172386169434
2007-01-09,6.2348856925964355
2007-01-10,6.219034671783447
2007-01-11,6.192616939544678
2007-01-12,6.182046890258789
2007-01-16,6.192616939544678
2007-01-17,6.182046890258789
2007-01-18,6.19789981842041
2007-01-19,6.19789981842041
2007-01-22,6.213751316070557
2007-01-23,6.213751316070557
2007-01-24,6.219034671783447
2007-01-25,6.19789981842041
2007-01-26,6.192616939544678
2007-01-29,6.182046890258789
2007-01-30,6.203182220458984
2007-01-31,6.2348856925964355
2007-02-01,6.219034671783447
2007-02-02,6.224319934844971
2007-02-05,6.229603290557861
2007-02-06,6.2348856925964355
2007-02-07,6.240172386169434
2007-02-08,6.240172386169434
2007-02-09,6.224319934844971
2007-02-12,6.20846700668335
2007-02-13,6.20846700668335
2007-02-14,6.245455265045166
2007-02-15,6.245455265045166
2007-02-16,6.261307239532471
2007-02-20,6.261307239532471
2007-02-21,6.27715539932251
2007-02-22,6.271871566772461
2007-02-23,6.298288345336914
2007-02-26,6.319427490234375
2007-02-27,6.3775458335876465
2007-02-28,6.361697673797607
2007-03-01,6.366981029510498
2007-03-02,6.388116359710693
2007-03-05,6.3775458335876465
2007-03-06,6.372264385223389
2007-03-07,6.3828325271606445
2007-03-08,6.3775458335876465
2007-03-09,6.340562343597412
2007-03-12,6.351133823394775
2007-03-13,6.3828325271606445
2007-03-14,6.3775458335876465
2007-03-15,6.3775458335876465
2007-03-16,6.388116359710693
2007-03-19,6.3775458335876465
2007-03-20,6.3775458335876465
2007-03-21,6.409250736236572
2007-03-22,6.3828325271606445
2007-03-23,6.378574371337891
2007-03-26,6.399873733520508
2007-03-27,6.399873733520508
2007-03-28,6.394547939300537
2007-03-29,6.389223098754883
2007-03-30,6.373249530792236
2007-04-02,6.383899688720703
2007-04-03,6.362598896026611
2007-04-04,6.378574371337891
2007-04-05,6.373249530792236
2007-04-09,6.346625328063965
2007-04-10,6.362598896026611
2007-04-11,6.35727596282959
2007-04-12,6.35727596282959
2007-04-13,6.341300964355469
2007-04-16,6.351951599121094
2007-04-17,6.362598896026611
2007-04-18,6.378574371337891
2007-04-19,6.378574371337891
2007-04-20,6.378574371337891
2007-04-23,6.394547939300537
2007-04-24,6.41051721572876
2007-04-25,6.41051721572876
2007-04-26,6.389223098754883
2007-04-27,6.389223098754883
2007-04-30,6.421168804168701
2007-05-01,6.421168804168701
2007-05-02,6.421168804168701
2007-05-03,6.405196189880371
2007-05-04,6.405196189880371
2007-05-07,6.405196189880371
2007-05-08,6.41051721572876
2007-05-09,6.394547939300537
2007-05-10,6.41051721572876
2007-05-11,6.394547939300537
2007-05-14,6.389223098754883
2007-05-15,6.367924213409424
2007-05-16,6.367924213409424
2007-05-17,6.35727596282959
2007-05-18,6.3359785079956055
2007-05-21,6.35727596282959
2007-05-22,6.330653667449951
2007-05-23,6.330653667449951
2007-05-24,6.341300964355469
2007-05-25,6.341300964355469
2007-05-29,6.330653667449951
2007-05-30,6.3359785079956055
2007-05-31,6.341300964355469
2007-06-01,6.320004463195801
2007-06-04,6.3359785079956055
2007-06-05,6.314680099487305
2007-06-06,6.320004463195801
2007-06-07,6.2720866203308105
2007-06-08,6.266761302947998
2007-06-11,6.266761302947998
2007-06-12,6.224167823791504
2007-06-13,6.256113052368164
2007-06-14,6.2454633712768555
2007-06-15,6.261438846588135
2007-06-18,6.266761302947998
2007-06-19,6.293385028839111
2007-06-20,6.277409553527832
2007-06-21,6.2720866203308105
2007-06-22,6.296681880950928
2007-06-25,6.31854772567749
2007-06-26,6.296681880950928
2007-06-27,6.307614803314209
2007-06-28,6.2912163734436035
2007-06-29,6.3294782638549805
2007-07-02,6.3458733558654785
2007-07-03,6.32401180267334
2007-07-05,6.2912163734436035
2007-07-06,6.274819850921631
2007-07-09,6.302148818969727
2007-07-10,6.351343631744385
2007-07-11,6.32401180267334
2007-07-12,6.313080787658691
2007-07-13,6.313080787658691
2007-07-16,6.334945201873779
2007-07-17,6.31854772567749
2007-07-18,6.356809139251709
2007-07-19,6.356809139251709
2007-07-20,6.3786702156066895
2007-07-23,6.367737770080566
2007-07-24,6.389603614807129
2007-07-25,6.411466121673584
2007-07-26,6.444262981414795
2007-07-27,6.449726104736328
2007-07-30,6.449726104736328
2007-07-31,6.471591949462891
2007-08-01,6.460659503936768
2007-08-02,6.460659503936768
2007-08-03,6.471591949462891
2007-08-06,6.438794136047363
2007-08-07,6.444262981414795
2007-08-08,6.406002044677734
2007-08-09,6.422401428222656
2007-08-10,6.433328151702881
2007-08-13,6.438794136047363
2007-08-14,6.449726104736328
2007-08-15,6.449726104736328
2007-08-16,6.487988471984863
2007-08-17,6.4825239181518555
2007-08-20,6.471591949462891
2007-08-21,6.50985050201416
2007-08-22,6.493452548980713
2007-08-23,6.504384517669678
2007-08-24,6.493452548980713
2007-08-27,6.50985050201416
2007-08-28,6.526249885559082
2007-08-29,6.50985050201416
2007-08-30,6.54264497756958
2007-08-31,6.5317158699035645
2007-09-04,6.526249885559082
2007-09-05,6.564509391784668
2007-09-06,6.553577899932861
2007-09-07,6.6246337890625
2007-09-10,6.651965141296387
2007-09-11,6.646500110626221
2007-09-12,6.646500110626221
2007-09-13,6.613704204559326
2007-09-14,6.630099296569824
2007-09-17,6.641031265258789
2007-09-18,6.6574296951293945
2007-09-19,6.630099296569824
2007-09-20,6.569977283477783
2007-09-21,6.581033706665039
2007-09-24,6.57550573348999
2007-09-25,6.564444541931152
2007-09-26,6.57550573348999
2007-09-27,6.608689308166504
2007-09-28,6.6142191886901855
2007-10-01,6.619747161865234
2007-10-02,6.630809307098389
2007-10-03,6.619747161865234
2007-10-04,6.625278949737549
2007-10-05,6.57550573348999
2007-10-08,6.57550573348999
2007-10-09,6.57550573348999
2007-10-10,6.57550573348999
2007-10-11,6.569974899291992
2007-10-12,6.558915615081787
2007-10-15,6.569974899291992
2007-10-16,6.57550573348999
2007-10-17,6.636341094970703
2007-10-18,6.64739990234375
2007-10-19,6.69717264175415
2007-10-22,6.691644668579102
2007-10-23,6.6861114501953125
2007-10-24,6.724824905395508
2007-10-25,6.735882759094238
2007-10-26,6.730355739593506
2007-10-29,6.724824905395508
2007-10-30,6.719290733337402
2007-10-31,6.691644668579102
2007-11-01,6.746945381164551
2007-11-02,6.8077778816223145
2007-11-05,6.802248477935791
2007-11-06,6.802248477935791
2007-11-07,6.79671573638916
2007-11-08,6.824367523193359
2007-11-09,6.857553482055664
2007-11-12,6.8630805015563965
2007-11-13,6.835430145263672
2007-11-14,6.82990026473999
2007-11-15,6.857553482055664
2007-11-16,6.8630805015563965
2007-11-19,6.912854194641113
2007-11-20,6.923914909362793
2007-11-21,6.951563358306885
2007-11-23,6.962624549865723
2007-11-26,7.040051460266113
2007-11-27,6.97921895980835
2007-11-28,6.923914909362793
2007-11-29,6.973687171936035
2007-11-30,6.957096099853516
2007-12-03,6.984745502471924
2007-12-04,6.968159198760986
2007-12-05,6.923914909362793
2007-12-06,6.890732765197754
2007-12-07,6.84096097946167
2007-12-10,6.82990026473999
2007-12-11,6.896265506744385
2007-12-12,6.885202884674072
2007-12-13,6.846494197845459
2007-12-14,6.82990026473999
2007-12-17,6.852020263671875
2007-12-18,6.890732765197754
2007-12-19,6.912854194641113
2007-12-20,6.929443836212158
2007-12-21,6.879232883453369
2007-12-24,6.856912612915039
2007-12-26,6.82901668548584
2007-12-27,6.86249303817749
2007-12-28,6.895970344543457
2007-12-31,6.946183204650879
2008-01-02,7.024291038513184
2008-01-03,7.024291038513184
2008-01-04,7.041031360626221
2008-01-07,7.041031360626221
2008-01-08,7.041031360626221
2008-01-09,7.052187442779541
2008-01-10,7.0019755363464355
2008-01-11,7.057765960693359
2008-01-14,7.085663318634033
2008-01-15,7.119138240814209
2008-01-16,7.091244697570801
2008-01-17,7.124719142913818
2008-01-18,7.124719142913818
2008-01-22,7.191669464111328
2008-01-23,7.174929618835449
2008-01-24,7.141458511352539
2008-01-25,7.169353485107422
2008-01-28,7.186092376708984
2008-01-29,7.174929618835449
2008-01-30,7.191669464111328
2008-01-31,7.213987350463867
2008-02-01,7.213987350463867
2008-02-04,7.180509090423584
2008-02-05,7.219567775726318
2008-02-06,7.202826976776123
2008-02-07,7.124719142913818
2008-02-08,7.186092376708984
2008-02-11,7.213987350463867
2008-02-12,7.180509090423584
2008-02-13,7.13029670715332
2008-02-14,7.080084323883057
2008-02-15,7.113561630249023
2008-02-19,7.080084323883057
2008-02-20,7.091244697570801
2008-02-21,7.135876655578613
2008-02-22,7.13029670715332
2008-02-25,7.096822261810303
2008-02-26,7.135876655578613
2008-02-27,7.141458511352539
2008-02-28,7.241882801055908
2008-02-29,7.308834075927734
2008-03-03,7.325573921203613
2008-03-04,7.297675609588623
2008-03-05,7.297675609588623
2008-03-06,7.325573921203613
2008-03-07,7.3646240234375
2008-03-10,7.425999641418457
2008-03-11,7.3478875160217285
2008-03-12,7.4148383140563965
2008-03-13,7.375785827636719
2008-03-14,7.375785827636719
2008-03-17,7.3032546043396
2008-03-18,7.3032546043396
2008-03-19,7.331150531768799
2008-03-20,7.336729526519775
2008-03-24,7.213987350463867
2008-03-25,7.202826976776123
2008-03-26,7.225144386291504
2008-03-27,7.242093563079834
2008-03-28,7.287281036376953
2008-03-31,7.3155293464660645
2008-04-01,7.253391742706299
2008-04-02,7.247742652893066
2008-04-03,7.247742652893066
2008-04-04,7.287281036376953
2008-04-07,7.270339012145996
2008-04-08,7.259040832519531
2008-04-09,7.304233074188232
2008-04-10,7.281636714935303
2008-04-11,7.326826095581055
2008-04-14,7.309879302978516
2008-04-15,7.275985240936279
2008-04-16,7.236445426940918
2008-04-17,7.2081990242004395
2008-04-18,7.202549457550049
2008-04-21,7.2081990242004395
2008-04-22,7.22514533996582
2008-04-23,7.202549457550049
2008-04-24,7.134758472442627
2008-04-25,7.123462677001953
2008-04-28,7.134758472442627
2008-04-29,7.14040994644165
2008-04-30,7.1630048751831055
2008-05-01,7.174304962158203
2008-05-02,7.14605712890625
2008-05-05,7.168652534484863
2008-05-06,7.157357692718506
2008-05-07,7.174304962158203
2008-05-08,7.22514533996582
2008-05-09,7.236445426940918
2008-05-12,7.230797290802002
2008-05-13,7.1855998039245605
2008-05-14,7.196899890899658
2008-05-15,7.242093563079834
2008-05-16,7.242093563079834
2008-05-19,7.270339012145996
2008-05-20,7.304233074188232
2008-05-21,7.321179389953613
2008-05-22,7.2646870613098145
2008-05-23,7.281636714935303
2008-05-27,7.236445426940918
2008-05-28,7.174304962158203
2008-05-29,7.151708602905273
2008-05-30,7.168652534484863
2008-06-02,7.202549457550049
2008-06-03,7.202549457550049
2008-06-04,7.1630048751831055
2008-06-05,7.134758472442627
2008-06-06,7.22514533996582
2008-06-09,7.191251277923584
2008-06-10,7.151708602905273
2008-06-11,7.1630048751831055
2008-06-12,7.100864410400391
2008-06-13,7.095217704772949
2008-06-16,7.112166404724121
2008-06-17,7.134758472442627
2008-06-18,7.168652534484863
2008-06-19,7.1291117668151855
2008-06-20,7.14605712890625
2008-06-23,7.151708602905273
2008-06-24,7.196899890899658
2008-06-25,7.196899890899658
2008-06-26,7.265992641448975
2008-06-27,7.294777870178223
2008-06-30,7.3062920570373535
2008-07-01,7.3062920570373535
2008-07-02,7.352352142333984
2008-07-03,7.3638691902160645
2008-07-07,7.3638691902160645
2008-07-08,7.358108997344971
2008-07-09,7.398413181304932
2008-07-10,7.398413181304932
2008-07-11,7.3408403396606445
2008-07-14,7.386897087097168
2008-07-15,7.398413181304932
2008-07-16,7.352352142333984
2008-07-17,7.3062920570373535
2008-07-18,7.271749496459961
2008-07-21,7.271749496459961
2008-07-22,7.23720121383667
2008-07-23,7.191145420074463
2008-07-24,7.23720121383667
2008-07-25,7.196900844573975
2008-07-28,7.248719215393066
2008-07-29,7.208414554595947
2008-07-30,7.231446266174316
2008-07-31,7.265992641448975
2008-08-01,7.277507781982422
2008-08-04,7.271749496459961
2008-08-05,7.219931602478027
2008-08-06,7.208414554595947
2008-08-07,7.277507781982422
2008-08-08,7.265992641448975
2008-08-11,7.214174270629883
2008-08-12,7.248719215393066
2008-08-13,7.24296236038208
2008-08-14,7.277507781982422
2008-08-15,7.289019584655762
2008-08-18,7.300536632537842
2008-08-19,7.294777870178223
2008-08-20,7.323564052581787
2008-08-21,7.32932186126709
2008-08-22,7.300536632537842
2008-08-25,7.335081100463867
2008-08-26,7.335081100463867
2008-08-27,7.352352142333984
2008-08-28,7.335081100463867
2008-08-29,7.300536632537842
2008-09-02,7.3062920570373535
2008-09-03,7.289019584655762
2008-09-04,7.283262729644775
2008-09-05,7.277507781982422
2008-09-08,7.312051773071289
2008-09-09,7.323564052581787
2008-09-10,7.323564052581787
2008-09-11,7.323564052581787
2008-09-12,7.271749496459961
2008-09-15,7.323564052581787
2008-09-16,7.23720121383667
2008-09-17,7.265992641448975
2008-09-18,7.231446266174316
2008-09-19,7.20265531539917
2008-09-22,7.231446266174316
2008-09-23,7.162357807159424
2008-09-24,7.1335673332214355
2008-09-25,7.110158920288086
2008-09-26,7.098455905914307
2008-09-29,7.145270347595215
2008-09-30,7.022381782531738
2008-10-01,7.05164098739624
2008-10-02,7.104308128356934
2008-10-03,7.121866226196289
2008-10-06,7.104308128356934
2008-10-07,7.028232097625732
2008-10-08,6.881930828094482
2008-10-09,6.840966701507568
2008-10-10,6.753187656402588
2008-10-13,6.659556865692139
2008-10-14,6.7239298820495605
2008-10-15,6.735633850097656
2008-10-16,6.677112579345703
2008-10-17,6.718079090118408
2008-10-20,6.759041786193848
2008-10-21,6.7473368644714355
2008-10-22,6.759041786193848
2008-10-23,6.694669723510742
2008-10-24,6.54251766204834
2008-10-27,6.472294330596924
2008-10-28,6.44303560256958
2008-10-29,6.466440200805664
2008-10-30,6.460589408874512
2008-10-31,6.402069568634033
2008-11-03,6.431329727172852
2008-11-04,6.519110679626465
2008-11-05,6.57177734375
2008-11-06,6.560070991516113
2008-11-07,6.524962425231934
2008-11-10,6.54251766204834
2008-11-11,6.54251766204834
2008-11-12,6.565924644470215
2008-11-13,6.513258457183838
2008-11-14,6.583481311798096
2008-11-17,6.583481311798096
2008-11-18,6.577630043029785
2008-11-19,6.5542216300964355
2008-11-20,6.448884963989258
2008-11-21,6.402069568634033
2008-11-24,6.302587032318115
2008-11-25,6.378661155700684
2008-11-26,6.378661155700684
2008-11-28,6.413773059844971
2008-12-01,6.519110679626465
2008-12-02,6.589333534240723
2008-12-03,6.671259880065918
2008-12-04,6.753187656402588
2008-12-05,6.665409564971924
2008-12-08,6.606889724731445
2008-12-09,6.636150360107422
2008-12-10,6.624443531036377
2008-12-11,6.659556865692139
2008-12-12,6.636150360107422
2008-12-15,6.606889724731445
2008-12-16,6.741483688354492
2008-12-17,6.893637180328369
2008-12-18,6.928746223449707
2008-12-19,6.895938396453857
2008-12-22,6.860785007476807
2008-12-23,6.843206405639648
2008-12-24,6.831489086151123
2008-12-26,6.837347507476807
2008-12-29,6.819772243499756
2008-12-30,6.831489086151123
2008-12-31,6.7494659423828125
2009-01-02,6.6732988357543945
2009-01-05,6.638146877288818
2009-01-06,6.6732988357543945
2009-01-07,6.7025933265686035
2009-01-08,6.761184215545654
2009-01-09,6.819772243499756
2009-01-12,6.8490681648254395
2009-01-13,6.88422155380249
2009-01-14,6.872500896453857
2009-01-15,6.843206405639648
2009-01-16,6.8490681648254395
2009-01-20,6.837347507476807
2009-01-21,6.743605136871338
2009-01-22,6.7494659423828125
2009-01-23,6.76704216003418
2009-01-26,6.772900581359863
2009-01-27,6.837347507476807
2009-01-28,6.8080549240112305
2009-01-29,6.784618854522705
2009-01-30,6.813913345336914
2009-02-02,6.860785007476807
2009-02-03,6.819772243499756
2009-02-04,6.819772243499756
2009-02-05,6.819772243499756
2009-02-06,6.837347507476807
2009-02-09,6.91937255859375
2009-02-10,6.942806243896484
2009-02-11,6.931088924407959
2009-02-12,6.913515567779541
2009-02-13,6.872500896453857
2009-02-17,6.913515567779541
2009-02-18,6.878361225128174
2009-02-19,6.854923725128174
2009-02-20,6.878361225128174
2009-02-23,6.866644382476807
2009-02-24,6.831489086151123
2009-02-25,6.772900581359863
2009-02-26,6.726029396057129
2009-02-27,6.7025933265686035
2009-03-02,6.7494659423828125
2009-03-03,6.726029396057129
2009-03-04,6.708453178405762
2009-03-05,6.761184215545654
2009-03-06,6.720169544219971
2009-03-09,6.6967339515686035
2009-03-10,6.661580562591553
2009-03-11,6.708453178405762
2009-03-12,6.79047966003418
2009-03-13,6.79047966003418
2009-03-16,6.796335697174072
2009-03-17,6.784618854522705
2009-03-18,7.036551475524902
2009-03-19,7.071704387664795
2009-03-20,7.024837017059326
2009-03-23,7.042408466339111
2009-03-24,7.065845966339111
2009-03-25,7.0541300773620605
2009-03-26,7.127395153045654
2009-03-27,7.115670680999756
2009-03-30,7.1215314865112305
2009-03-31,7.103951454162598
2009-04-01,7.127395153045654
2009-04-02,7.080502986907959
2009-04-03,7.0218892097473145
2009-04-06,7.027755260467529
2009-04-07,7.0218892097473145
2009-04-08,7.051197528839111
2009-04-09,7.039474964141846
2009-04-13,7.062919616699219
2009-04-14,7.068780899047852
2009-04-15,7.080502986907959
2009-04-16,7.045334339141846
2009-04-17,6.986722469329834
2009-04-20,6.9984450340271
2009-04-21,6.96914005279541
2009-04-22,6.980860233306885
2009-04-23,7.039474964141846
2009-04-24,7.039474964141846
2009-04-27,7.062919616699219
2009-04-28,7.045334339141846
2009-04-29,7.0218892097473145
2009-04-30,6.96914005279541
2009-05-01,6.928107261657715
2009-05-04,6.93983268737793
2009-05-05,6.933968544006348
2009-05-06,6.963276386260986
2009-05-07,6.963276386260986
2009-05-08,6.963276386260986
2009-05-11,7.010168075561523
2009-05-12,7.016030311584473
2009-05-13,7.033614158630371
2009-05-14,7.051197528839111
2009-05-15,7.068780899047852
2009-05-18,7.062919616699219
2009-05-19,7.080502986907959
2009-05-20,7.115670680999756
2009-05-21,7.051197528839111
2009-05-22,7.045334339141846
2009-05-26,7.033614158630371
2009-05-27,7.016030311584473
2009-05-28,7.010168075561523
2009-05-29,7.098089218139648
2009-06-01,7.051197528839111
2009-06-02,7.1098103523254395
2009-06-03,7.092228412628174
2009-06-04,7.033614158630371
2009-06-05,7.016030311584473
2009-06-08,6.986722469329834
2009-06-09,7.027755260467529
2009-06-10,7.039474964141846
2009-06-11,7.045334339141846
2009-06-12,7.027755260467529
2009-06-15,7.033614158630371
2009-06-16,7.039474964141846
2009-06-17,7.004308700561523
2009-06-18,6.99258279800415
2009-06-19,7.0218892097473145
2009-06-22,7.039474964141846
2009-06-23,7.074642181396484
2009-06-24,7.033614158630371
2009-06-25,7.08636474609375
2009-06-26,7.068780899047852
2009-06-29,7.08636474609375
2009-06-30,7.1215314865112305
2009-07-01,7.115670680999756
2009-07-02,7.092228412628174
2009-07-06,7.080502986907959
2009-07-07,7.098089218139648
2009-07-08,7.115670680999756
2009-07-09,7.062919616699219
2009-07-10,7.080502986907959
2009-07-13,7.057061195373535
2009-07-14,7.057061195373535
2009-07-15,7.033614158630371
2009-07-16,7.080502986907959
2009-07-17,7.080502986907959
2009-07-20,7.115670680999756
2009-07-21,7.139119625091553
2009-07-22,7.115670680999756
2009-07-23,7.08636474609375
2009-07-24,7.092228412628174
2009-07-27,7.074642181396484
2009-07-28,7.068780899047852
2009-07-29,7.068780899047852
2009-07-30,7.1098103523254395
2009-07-31,7.127395153045654
2009-08-03,7.098089218139648
2009-08-04,7.08636474609375
2009-08-05,7.080502986907959
2009-08-06,7.068780899047852
2009-08-07,7.080502986907959
2009-08-10,7.1098103523254395
2009-08-11,7.127395153045654
2009-08-12,7.103951454162598
2009-08-13,7.133255958557129
2009-08-14,7.103951454162598
2009-08-17,7.150840759277344
2009-08-18,7.162564277648926
2009-08-19,7.203589916229248
2009-08-20,7.250486373901367
2009-08-21,7.203589916229248
2009-08-24,7.2328972816467285
2009-08-25,7.22117805480957
2009-08-26,7.2328972816467285
2009-08-27,7.215313911437988
2009-08-28,7.209450721740723
2009-08-31,7.203589916229248
2009-09-01,7.215313911437988
2009-09-02,7.227036952972412
2009-09-03,7.238760948181152
2009-09-04,7.238760948181152
2009-09-08,7.256346225738525
2009-09-09,7.268065929412842
2009-09-10,7.285654544830322
2009-09-11,7.303236484527588
2009-09-14,7.291513919830322
2009-09-15,7.291513919830322
2009-09-16,7.303236484527588
2009-09-17,7.309098243713379
2009-09-18,7.279788970947266
2009-09-21,7.273928642272949
2009-09-22,7.291513919830322
2009-09-23,7.309098243713379
2009-09-24,7.2973737716674805
2009-09-25,7.3149590492248535
2009-09-28,7.326682090759277
2009-09-29,7.3208208084106445
2009-09-30,7.338404655456543
2009-10-01,7.373571395874023
2009-10-02,7.355984687805176
2009-10-05,7.355984687805176
2009-10-06,7.350127220153809
2009-10-07,7.385295867919922
2009-10-08,7.373571395874023
2009-10-09,7.338404655456543
2009-10-12,7.355984687805176
2009-10-13,7.402877330780029
2009-10-14,7.373571395874023
2009-10-15,7.373571395874023
2009-10-16,7.402877330780029
2009-10-19,7.455634117126465
2009-10-20,7.449771404266357
2009-10-21,7.426323890686035
2009-10-22,7.385295867919922
2009-10-23,7.367708683013916
2009-10-26,7.344264030456543
2009-10-27,7.402877330780029
2009-10-28,7.408738136291504
2009-10-29,7.402877330780029
2009-10-30,7.443907260894775
2009-11-02,7.449771404266357
2009-11-03,7.43218469619751
2009-11-04,7.449771404266357
2009-11-05,7.467352867126465
2009-11-06,7.484938144683838
2009-11-09,7.520105361938477
2009-11-10,7.5025224685668945
2009-11-11,7.508381366729736
2009-11-12,7.5025224685668945
2009-11-13,7.508381366729736
2009-11-16,7.566995620727539
2009-11-17,7.5787177085876465
2009-11-18,7.5787177085876465
2009-11-19,7.5787177085876465
2009-11-20,7.5787177085876465
2009-11-23,7.590442657470703
2009-11-24,7.596302509307861
2009-11-25,7.6256103515625
2009-11-27,7.6373291015625
2009-11-30,7.6490559577941895
2009-12-01,7.6373291015625
2009-12-02,7.6256103515625
2009-12-03,7.602161884307861
2009-12-04,7.531829357147217
2009-12-07,7.549410343170166
2009-12-08,7.543549060821533
2009-12-09,7.514242649078369
2009-12-10,7.484938144683838
2009-12-11,7.484938144683838
2009-12-14,7.514242649078369
2009-12-15,7.514242649078369
2009-12-16,7.5259690284729
2009-12-17,7.561136722564697
2009-12-18,7.543549060821533
2009-12-21,7.5025224685668945
2009-12-22,7.484938144683838
2009-12-23,7.4724249839782715
2009-12-24,7.448589324951172
2009-12-28,7.448589324951172
2009-12-29,7.4724249839782715
2009-12-30,7.490298271179199
2009-12-31,7.47838020324707
2010-01-04,7.484341621398926
2010-01-05,7.51413631439209
2010-01-06,7.502215385437012
2010-01-07,7.51413631439209
2010-01-08,7.526052951812744
2010-01-11,7.51413631439209
2010-01-12,7.555848598480225
2010-01-13,7.51413631439209
2010-01-14,7.537969589233398
2010-01-15,7.555848598480225
2010-01-19,7.549887657165527
2010-01-20,7.567764759063721
2010-01-21,7.579687118530273
2010-01-22,7.567764759063721
2010-01-25,7.561806678771973
2010-01-26,7.573725700378418
2010-01-27,7.555848598480225
2010-01-28,7.567764759063721
2010-01-29,7.5916008949279785
2010-02-01,7.597562789916992
2010-02-02,7.603515625
2010-02-03,7.573725700378418
2010-02-04,7.603515625
2010-02-05,7.585641384124756
2010-02-08,7.573725700378418
2010-02-09,7.555848598480225
2010-02-10,7.520096778869629
2010-02-11,7.508178234100342
2010-02-12,7.51413631439209
2010-02-16,7.532010555267334
2010-02-17,7.51413631439209
2010-02-18,7.508178234100342
2010-02-19,7.496258735656738
2010-02-22,7.47838020324707
2010-02-23,7.502215385437012
2010-02-24,7.490298271179199
2010-02-25,7.496258735656738
2010-02-26,7.502215385437012
2010-03-01,7.508178234100342
2010-03-02,7.51413631439209
2010-03-03,7.51413631439209
2010-03-04,7.526052951812744
2010-03-05,7.508178234100342
2010-03-08,7.502215385437012
2010-03-09,7.508178234100342
2010-03-10,7.508178234100342
2010-03-11,7.508178234100342
2010-03-12,7.526052951812744
2010-03-15,7.532010555267334
2010-03-16,7.549887657165527
2010-03-17,7.573725700378418
2010-03-18,7.5439300537109375
2010-03-19,7.526052951812744
2010-03-22,7.537969589233398
2010-03-23,7.532010555267334
2010-03-24,7.4724249839782715
2010-03-25,7.466464042663574
2010-03-26,7.4724249839782715
2010-03-29,7.46343994140625
2010-03-30,7.46343994140625
2010-03-31,7.505366802215576
2010-04-01,7.505366802215576
2010-04-05,7.457448482513428
2010-04-06,7.481409549713135
2010-04-07,7.541306972503662
2010-04-08,7.529328346252441
2010-04-09,7.5353169441223145
2010-04-12,7.559277534484863
2010-04-13,7.559277534484863
2010-04-14,7.547296047210693
2010-04-15,7.571256160736084
2010-04-16,7.589226722717285
2010-04-19,7.577249050140381
2010-04-20,7.589226722717285
2010-04-21,7.613189220428467
2010-04-22,7.59521484375
2010-04-23,7.589226722717285
2010-04-26,7.59521484375
2010-04-27,7.643136501312256
2010-04-28,7.625165939331055
2010-04-29,7.6670989990234375
2010-04-30,7.691056251525879
2010-05-03,7.6790771484375
2010-05-04,7.697046756744385
2010-05-05,7.703035354614258
2010-05-06,7.750954627990723
2010-05-07,7.703035354614258
2010-05-10,7.691056251525879
2010-05-11,7.703035354614258
2010-05-12,7.709024429321289
2010-05-13,7.721004962921143
2010-05-14,7.732985019683838
2010-05-17,7.715016841888428
2010-05-18,7.750954627990723
2010-05-19,7.709024429321289
2010-05-20,7.703035354614258
2010-05-21,7.703035354614258
2010-05-24,7.703035354614258
2010-05-25,7.6850690841674805
2010-05-26,7.697046756744385
2010-05-27,7.673086166381836
2010-05-28,7.691056251525879
2010-06-01,7.697046756744385
2010-06-02,7.673086166381836
2010-06-03,7.691056251525879
2010-06-04,7.732985019683838
2010-06-07,7.738973617553711
2010-06-08,7.721004962921143
2010-06-09,7.721004962921143
2010-06-10,7.673086166381836
2010-06-11,7.709024429321289
2010-06-14,7.709024429321289
2010-06-15,7.697046756744385
2010-06-16,7.721004962921143
2010-06-17,7.756945610046387
2010-06-18,7.744963645935059
2010-06-21,7.750954627990723
2010-06-22,7.7809038162231445
2010-06-23,7.7809038162231445
2010-06-24,7.756945610046387
2010-06-25,7.774911403656006
2010-06-28,7.792353630065918
2010-06-29,7.804375648498535
2010-06-30,7.798364162445068
2010-07-01,7.762290000915527
2010-07-02,7.738234519958496
2010-07-06,7.738234519958496
2010-07-07,7.714189529418945
2010-07-08,7.732226371765137
2010-07-09,7.7262139320373535
2010-07-12,7.738234519958496
2010-07-13,7.7262139320373535
2010-07-14,7.7502617835998535
2010-07-15,7.756275653839111
2010-07-16,7.738234519958496
2010-07-19,7.702162742614746
2010-07-20,7.7081756591796875
2010-07-21,7.756275653839111
2010-07-22,7.7502617835998535
2010-07-23,7.720199108123779
2010-07-26,7.7262139320373535
2010-07-27,7.720199108123779
2010-07-28,7.744248867034912
2010-07-29,7.756275653839111
2010-07-30,7.792353630065918
2010-08-02,7.798364162445068
2010-08-03,7.8404541015625
2010-08-04,7.804375648498535
2010-08-05,7.834439754486084
2010-08-06,7.852478981018066
2010-08-09,7.84646463394165
2010-08-10,7.894567966461182
2010-08-11,7.906590938568115
2010-08-12,7.84646463394165
2010-08-13,7.8705153465271
2010-08-16,7.900579452514648
2010-08-17,7.876528739929199
2010-08-18,7.864504337310791
2010-08-19,7.876528739929199
2010-08-20,7.858489990234375
2010-08-23,7.864504337310791
2010-08-24,7.888552665710449
2010-08-25,7.894567966461182
2010-08-26,7.942666530609131
2010-08-27,7.882540702819824
2010-08-30,7.924629211425781
2010-08-31,7.942666530609131
2010-09-01,7.906590938568115
2010-09-02,7.894567966461182
2010-09-03,7.882540702819824
2010-09-07,7.924629211425781
2010-09-08,7.906590938568115
2010-09-09,7.882540702819824
2010-09-10,7.894567966461182
2010-09-13,7.936653137207031
2010-09-14,7.942666530609131
2010-09-15,7.912604808807373
2010-09-16,7.894567966461182
2010-09-17,7.882540702819824
2010-09-20,7.912604808807373
2010-09-21,8.008804321289062
2010-09-22,8.02684211730957
2010-09-23,8.01481819152832
2010-09-24,7.978741645812988
2010-09-27,8.004659652709961
2010-09-28,8.05288314819336
2010-09-29,8.022747039794922
2010-09-30,7.998632907867432
2010-10-01,8.016717910766602
2010-10-04,8.03480052947998
2010-10-05,8.076992988586426
2010-10-06,8.155349731445312
2010-10-07,8.137267112731934
2010-10-08,8.185489654541016
2010-10-11,8.185489654541016
2010-10-12,8.155349731445312
2010-10-13,8.215627670288086
2010-10-14,8.227679252624512
2010-10-15,8.179462432861328
2010-10-18,8.19754409790039
2010-10-19,8.215627670288086
2010-10-20,8.209598541259766
2010-10-21,8.203575134277344
2010-10-22,8.203575134277344
2010-10-25,8.233708381652832
2010-10-26,8.191516876220703
2010-10-27,8.149327278137207
2010-10-28,8.173434257507324
2010-10-29,8.203575134277344
2010-11-01,8.215627670288086
2010-11-02,8.227679252624512
2010-11-03,8.227679252624512
2010-11-04,8.227679252624512
2010-11-05,8.209598541259766
2010-11-08,8.209598541259766
2010-11-09,8.143296241760254
2010-11-10,8.167407035827637
2010-11-11,8.173434257507324
2010-11-12,8.089046478271484
2010-11-15,7.998632907867432
2010-11-16,8.016717910766602
2010-11-17,8.022747039794922
2010-11-18,8.022747039794922
2010-11-19,8.046855926513672
2010-11-22,8.083020210266113
2010-11-23,8.083020210266113
2010-11-24,8.028770446777344
2010-11-26,8.058908462524414
2010-11-29,8.076992988586426
2010-11-30,8.064939498901367
2010-12-01,7.998632907867432
2010-12-02,7.998632907867432
2010-12-03,7.986575603485107
2010-12-06,8.03480052947998
2010-12-07,7.962467193603516
2010-12-08,7.890137195587158
2010-12-09,7.878079891204834
2010-12-10,7.841917514801025
2010-12-13,7.878079891204834
2010-12-14,7.81780481338501
2010-12-15,7.835886478424072
2010-12-16,7.878079891204834
2010-12-17,7.92027473449707
2010-12-20,7.914249420166016
2010-12-21,7.9323320388793945
2010-12-22,7.92027473449707
2010-12-23,7.902191162109375
2010-12-27,7.92027473449707
2010-12-28,7.846995830535889
2010-12-29,7.9080657958984375
2010-12-30,7.90195369720459
2010-12-31,7.93859338760376
2011-01-03,7.920273780822754
2011-01-04,7.944704055786133
2011-01-05,7.9080657958984375
2011-01-06,7.9324870109558105
2011-01-07,7.956914901733398
2011-01-10,7.981341361999512
2011-01-11,7.981341361999512
2011-01-12,7.963021755218506
2011-01-13,7.993553638458252
2011-01-14,7.969128131866455
2011-01-18,7.963021755218506
2011-01-19,7.975237846374512
2011-01-20,7.895847320556641
2011-01-21,7.91417121887207
2011-01-24,7.9080657958984375
2011-01-25,7.9324870109558105
2011-01-26,7.91417121887207
2011-01-27,7.9080657958984375
2011-01-28,7.93859338760376
2011-01-31,7.93859338760376
2011-02-01,7.9324870109558105
2011-02-02,7.91417121887207
2011-02-03,7.877528190612793
2011-02-04,7.840889930725098
2011-02-07,7.840889930725098
2011-02-08,7.7981414794921875
2011-02-09,7.816464424133301
2011-02-10,7.779821872711182
2011-02-11,7.804248809814453
2011-02-14,7.810353755950928
2011-02-15,7.822570323944092
2011-02-16,7.810353755950928
2011-02-17,7.840889930725098
2011-02-18,7.877528190612793
2011-02-22,7.950808525085449
2011-02-23,7.969128131866455
2011-02-24,7.993553638458252
2011-02-25,8.017983436584473
2011-02-28,8.011876106262207
2011-03-01,8.042403221130371
2011-03-02,8.024087905883789
2011-03-03,7.993553638458252
2011-03-04,8.042403221130371
2011-03-07,8.042403221130371
2011-03-08,8.04851245880127
2011-03-09,8.06683349609375
2011-03-10,8.115683555603027
2011-03-11,8.08515453338623
2011-03-14,8.08515453338623
2011-03-15,8.109578132629395
2011-03-16,8.152324676513672
2011-03-17,8.164539337158203
2011-03-18,8.164539337158203
2011-03-21,8.134004592895508
2011-03-22,8.115683555603027
2011-03-23,8.097366333007812
2011-03-24,8.103472709655762
2011-03-25,8.06683349609375
2011-03-28,8.079045295715332
2011-03-29,8.060726165771484
2011-03-30,8.085301399230957
2011-03-31,8.085301399230957
2011-04-01,8.116023063659668
2011-04-04,8.146740913391113
2011-04-05,8.134452819824219
2011-04-06,8.085301399230957
2011-04-07,8.103734016418457
2011-04-08,8.116023063659668
2011-04-11,8.122167587280273
2011-04-12,8.159029006958008
2011-04-13,8.177457809448242
2011-04-14,8.165169715881348
2011-04-15,8.214323043823242
2011-04-18,8.226608276367188
2011-04-19,8.25732421875
2011-04-20,8.220465660095215
2011-04-21,8.208179473876953
2011-04-25,8.23275375366211
2011-04-26,8.25732421875
2011-04-27,8.238899230957031
2011-04-28,8.263472557067871
2011-04-29,8.281902313232422
2011-05-02,8.294193267822266
2011-05-03,8.306482315063477
2011-05-04,8.318768501281738
2011-05-05,8.306482315063477
2011-05-06,8.300336837768555
2011-05-09,8.318768501281738
2011-05-10,8.300336837768555
2011-05-11,8.281902313232422
2011-05-12,8.263472557067871
2011-05-13,8.263472557067871
2011-05-16,8.263472557067871
2011-05-17,8.26961612701416
2011-05-18,8.263472557067871
2011-05-19,8.245038986206055
2011-05-20,8.245038986206055
2011-05-23,8.25118637084961
2011-05-24,8.288049697875977
2011-05-25,8.281902313232422
2011-05-26,8.306482315063477
2011-05-27,8.294193267822266
2011-05-31,8.306482315063477
2011-06-01,8.34949016571045
2011-06-02,8.318768501281738
2011-06-03,8.337201118469238
2011-06-06,8.337201118469238
2011-06-07,8.34949016571045
2011-06-08,8.355631828308105
2011-06-09,8.337201118469238
2011-06-10,8.337201118469238
2011-06-13,8.337201118469238
2011-06-14,8.312623977661133
2011-06-15,8.361776351928711
2011-06-16,8.355631828308105
2011-06-17,8.337201118469238
2011-06-20,8.33105754852295
2011-06-21,8.337201118469238
2011-06-22,8.324910163879395
2011-06-23,8.380208969116211
2011-06-24,8.404780387878418
2011-06-27,8.398637771606445
2011-06-28,8.361776351928711
2011-06-29,8.37298583984375
2011-06-30,8.360527992248535
2011-07-01,8.35429859161377
2011-07-05,8.379219055175781
2011-07-06,8.397905349731445
2011-07-07,8.397905349731445
2011-07-08,8.435287475585938
2011-07-11,8.491355895996094
2011-07-12,8.516277313232422
2011-07-13,8.534967422485352
2011-07-14,8.485124588012695
2011-07-15,8.510050773620605
2011-07-18,8.516277313232422
2011-07-19,8.56611442565918
2011-07-20,8.516277313232422
2011-07-21,8.503815650939941
2011-07-22,8.52873706817627
2011-07-25,8.534967422485352
2011-07-26,8.5411958694458
2011-07-27,8.559884071350098
2011-07-28,8.584807395935059
2011-07-29,8.684484481811523
2011-08-01,8.715632438659668
2011-08-02,8.777934074401855
2011-08-03,8.715632438659668
2011-08-04,8.802852630615234
2011-08-05,8.703173637390137
2011-08-08,8.796622276306152
2011-08-09,8.865150451660156
2011-08-10,9.039590835571289
2011-08-11,8.858922958374023
2011-08-12,8.908761978149414
2011-08-15,8.852692604064941
2011-08-16,8.871386528015137
2011-08-17,8.902531623840332
2011-08-18,8.852692604064941
2011-08-19,8.896300315856934
2011-08-22,8.896300315856934
2011-08-23,8.82154369354248
2011-08-24,8.72186279296875
2011-08-25,8.784163475036621
2011-08-26,8.796622276306152
2011-08-29,8.746784210205078
2011-08-30,8.796622276306152
2011-08-31,8.75924015045166
2011-09-01,8.840229988098145
2011-09-02,8.908761978149414
2011-09-06,8.865150451660156
2011-09-07,8.833999633789062
2011-09-08,8.890071868896484
2011-09-09,8.908761978149414
2011-09-12,8.877612113952637
2011-09-13,8.833999633789062
2011-09-14,8.827771186828613
2011-09-15,8.802852630615234
2011-09-16,8.82154369354248
2011-09-19,8.84646224975586
2011-09-20,8.871386528015137
2011-09-21,8.890071868896484
2011-09-22,8.890071868896484
2011-09-23,8.82154369354248
2011-09-26,8.784163475036621
2011-09-27,8.784163475036621
2011-09-28,8.790393829345703
2011-09-29,8.764688491821289
2011-09-30,8.764688491821289
2011-10-03,8.865001678466797
2011-10-04,8.846193313598633
2011-10-05,8.839921951293945
2011-10-06,8.814842224121094
2011-10-07,8.808576583862305
2011-10-10,8.79603099822998
2011-10-11,8.764688491821289
2011-10-12,8.739612579345703
2011-10-13,8.7333402633667
2011-10-14,8.714534759521484
2011-10-17,8.764688491821289
2011-10-18,8.789764404296875
2011-10-19,8.783495903015137
2011-10-20,8.789764404296875
2011-10-21,8.783495903015137
2011-10-24,8.79603099822998
2011-10-25,8.877535820007324
2011-10-26,8.85872745513916
2011-10-27,8.80230712890625
2011-10-28,8.833651542663574
2011-10-31,8.933960914611816
2011-11-01,9.040548324584961
2011-11-02,9.040548324584961
2011-11-03,8.996657371520996
2011-11-04,9.034271240234375
2011-11-07,9.065624237060547
2011-11-08,9.015463829040527
2011-11-09,9.021736145019531
2011-11-10,9.009196281433105
2011-11-11,8.996657371520996
2011-11-14,9.015463829040527
2011-11-15,8.977850914001465
2011-11-16,8.959043502807617
2011-11-17,8.946500778198242
2011-11-18,8.952773094177246
2011-11-21,8.933960914611816
2011-11-22,8.959043502807617
2011-11-23,9.002928733825684
2011-11-25,8.965309143066406
2011-11-28,8.99039077758789
2011-11-29,8.996657371520996
2011-11-30,8.971578598022461
2011-12-01,8.971578598022461
2011-12-02,9.009196281433105
2011-12-05,9.002928733825684
2011-12-06,8.98411750793457
2011-12-07,8.977850914001465
2011-12-08,8.971578598022461
2011-12-09,8.927694320678711
2011-12-12,8.977850914001465
2011-12-13,9.002928733825684
2011-12-14,9.015463829040527
2011-12-15,8.98411750793457
2011-12-16,9.009196281433105
2011-12-19,9.053082466125488
2011-12-20,9.046813011169434
2011-12-21,9.021736145019531
2011-12-22,9.009196281433105
2011-12-23,8.977850914001465
2011-12-27,8.97020435333252
2011-12-28,9.002058982849121
2011-12-29,8.98294448852539
2011-12-30,8.9893159866333
2012-01-03,8.97657585144043
2012-01-04,8.995685577392578
2012-01-05,9.014800071716309
2012-01-06,9.040282249450684
2012-01-09,9.04665470123291
2012-01-10,9.021167755126953
2012-01-11,9.040282249450684
2012-01-12,9.027543067932129
2012-01-13,9.04665470123291
2012-01-17,9.072138786315918
2012-01-18,9.053027153015137
2012-01-19,9.03391170501709
2012-01-20,9.002058982849121
2012-01-23,8.9893159866333
2012-01-24,9.002058982849121
2012-01-25,9.059394836425781
2012-01-26,9.103994369506836
2012-01-27,9.116734504699707
2012-01-30,9.142216682434082
2012-01-31,9.186812400817871
2012-02-01,9.18044376373291
2012-02-02,9.186812400817871
2012-02-03,9.116734504699707
2012-02-06,9.154960632324219
2012-02-07,9.116734504699707
2012-02-08,9.123106956481934
2012-02-09,9.0912504196167
2012-02-10,9.129478454589844
2012-02-13,9.148587226867676
2012-02-14,9.154960632324219
2012-02-15,9.154960632324219
2012-02-16,9.135849952697754
2012-02-17,9.129478454589844
2012-02-21,9.11036205291748
2012-02-22,9.154960632324219
2012-02-23,9.167701721191406
2012-02-24,9.161331176757812
2012-02-27,9.18044376373291
2012-02-28,9.18044376373291
2012-02-29,9.148587226867676
2012-03-01,9.123106956481934
2012-03-02,9.123106956481934
2012-03-05,9.084880828857422
2012-03-06,9.11036205291748
2012-03-07,9.123106956481934
2012-03-08,9.116734504699707
2012-03-09,9.142216682434082
2012-03-12,9.142216682434082
2012-03-13,9.116734504699707
2012-03-14,9.040282249450684
2012-03-15,9.059394836425781
2012-03-16,9.065766334533691
2012-03-19,9.03391170501709
2012-03-20,9.03391170501709
2012-03-21,9.053027153015137
2012-03-22,9.04665470123291
2012-03-23,9.078511238098145
2012-03-26,9.04665470123291
2012-03-27,9.078511238098145
2012-03-28,9.072138786315918
2012-03-29,9.095130920410156
2012-03-30,9.050423622131348
2012-04-02,9.101521492004395
2012-04-03,9.037647247314453
2012-04-04,9.050423622131348
2012-04-05,9.063196182250977
2012-04-09,9.120681762695312
2012-04-10,9.171773910522461
2012-04-11,9.165387153625488
2012-04-12,9.15261459350586
2012-04-13,9.190936088562012
2012-04-16,9.184550285339355
2012-04-17,9.203710556030273
2012-04-18,9.197325706481934
2012-04-19,9.171773910522461
2012-04-20,9.190936088562012
2012-04-23,9.210097312927246
2012-04-24,9.210097312927246
2012-04-25,9.203710556030273
2012-04-26,9.242033958435059
2012-04-27,9.235645294189453
2012-04-30,9.235645294189453
2012-05-01,9.22925853729248
2012-05-02,9.242033958435059
2012-05-03,9.235645294189453
2012-05-04,9.235645294189453
2012-05-07,9.242033958435059
2012-05-08,9.261195182800293
2012-05-09,9.248417854309082
2012-05-10,9.242033958435059
2012-05-11,9.248417854309082
2012-05-14,9.293129920959473
2012-05-15,9.30590534210205
2012-05-16,9.2867431640625
2012-05-17,9.325067520141602
2012-05-18,9.331454277038574
2012-05-21,9.35061264038086
2012-05-22,9.331454277038574
2012-05-23,9.331454277038574
2012-05-24,9.318678855895996
2012-05-25,9.318678855895996
2012-05-29,9.299517631530762
2012-05-30,9.357000350952148
2012-05-31,9.401710510253906
2012-06-01,9.459193229675293
2012-06-04,9.440030097961426
2012-06-05,9.433645248413086
2012-06-06,9.37615966796875
2012-06-07,9.37615966796875
2012-06-08,9.37615966796875
2012-06-11,9.388931274414062
2012-06-12,9.363388061523438
2012-06-13,9.37615966796875
2012-06-14,9.363388061523438
2012-06-15,9.420870780944824
2012-06-18,9.427261352539062
2012-06-19,9.414483070373535
2012-06-20,9.401710510253906
2012-06-21,9.369773864746094
2012-06-22,9.325067520141602
2012-06-25,9.369773864746094
2012-06-26,9.357000350952148
2012-06-27,9.363388061523438
2012-06-28,9.375548362731934
2012-06-29,9.343545913696289
2012-07-02,9.381948471069336
2012-07-03,9.381948471069336
2012-07-05,9.401144981384277
2012-07-06,9.413947105407715
2012-07-09,9.445942878723145
2012-07-10,9.465141296386719
2012-07-11,9.452343940734863
2012-07-12,9.465141296386719
2012-07-13,9.471541404724121
2012-07-16,9.490739822387695
2012-07-17,9.465141296386719
2012-07-18,9.465141296386719
2012-07-19,9.477938652038574
2012-07-20,9.509941101074219
2012-07-23,9.503539085388184
2012-07-24,9.503539085388184
2012-07-25,9.497140884399414
2012-07-26,9.477938652038574
2012-07-27,9.45874309539795
2012-07-30,9.484342575073242
2012-07-31,9.516338348388672
2012-08-01,9.509941101074219
2012-08-02,9.516338348388672
2012-08-03,9.490739822387695
2012-08-06,9.503539085388184
2012-08-07,9.490739822387695
2012-08-08,9.45874309539795
2012-08-09,9.439543724060059
2012-08-10,9.439543724060059
2012-08-13,9.426739692687988
2012-08-14,9.388344764709473
2012-08-15,9.324349403381348
2012-08-16,9.298752784729004
2012-08-17,9.298752784729004
2012-08-20,9.305150032043457
2012-08-21,9.317949295043945
2012-08-22,9.394743919372559
2012-08-23,9.439543724060059
2012-08-24,9.426739692687988
2012-08-27,9.45874309539795
2012-08-28,9.484342575073242
2012-08-29,9.45874309539795
2012-08-30,9.445942878723145
2012-08-31,9.497140884399414
2012-09-04,9.497140884399414
2012-09-05,9.497140884399414
2012-09-06,9.452343940734863
2012-09-07,9.484342575073242
2012-09-10,9.503539085388184
2012-09-11,9.490739822387695
2012-09-12,9.452343940734863
2012-09-13,9.52914047241211
2012-09-14,9.561134338378906
2012-09-17,9.548336029052734
2012-09-18,9.541937828063965
2012-09-19,9.541937828063965
2012-09-20,9.522740364074707
2012-09-21,9.52914047241211
2012-09-24,9.522740364074707
2012-09-25,9.541937828063965
2012-09-26,9.567536354064941
2012-09-27,9.556612014770508
2012-09-28,9.543754577636719
2012-10-01,9.556612014770508
2012-10-02,9.595172882080078
2012-10-03,9.614453315734863
2012-10-04,9.633736610412598
2012-10-05,9.601597785949707
2012-10-08,9.620877265930176
2012-10-09,9.614453315734863
2012-10-10,9.601597785949707
2012-10-11,9.582316398620605
2012-10-12,9.582316398620605
2012-10-15,9.588746070861816
2012-10-16,9.537333488464355
2012-10-17,9.505196571350098
2012-10-18,9.51162338256836
2012-10-19,9.543754577636719
2012-10-22,9.530903816223145
2012-10-23,9.556612014770508
2012-10-24,9.524478912353516
2012-10-25,9.505196571350098
2012-10-26,9.550185203552246
2012-10-31,9.608028411865234
2012-11-01,9.601597785949707
2012-11-02,9.582316398620605
2012-11-05,9.588746070861816
2012-11-06,9.569465637207031
2012-11-07,9.627307891845703
2012-11-08,9.678717613220215
2012-11-09,9.653014183044434
2012-11-12,9.659439086914062
2012-11-13,9.66586685180664
2012-11-14,9.653014183044434
2012-11-15,9.633736610412598
2012-11-16,9.640157699584961
2012-11-19,9.627307891845703
2012-11-20,9.588746070861816
2012-11-21,9.582316398620605
2012-11-23,9.575892448425293
2012-11-26,9.595172882080078
2012-11-27,9.614453315734863
2012-11-28,9.614453315734863
2012-11-29,9.633736610412598
2012-11-30,9.653014183044434
2012-12-03,9.672295570373535
2012-12-04,9.691574096679688
2012-12-05,9.704427719116211
2012-12-06,9.717279434204102
2012-12-07,9.71085262298584
2012-12-10,9.730135917663574
2012-12-11,9.704427719116211
2012-12-12,9.672295570373535
2012-12-13,9.646585464477539
2012-12-14,9.659439086914062
2012-12-17,9.614453315734863
2012-12-18,9.588746070861816
2012-12-19,9.598653793334961
2012-12-20,9.605259895324707
2012-12-21,9.625080108642578
2012-12-24,9.6184720993042
2012-12-26,9.638288497924805
2012-12-27,9.631685256958008
2012-12-28,9.631685256958008
2012-12-31,9.598653793334961
2013-01-02,9.559019088745117
2013-01-03,9.499563217163086
2013-01-04,9.512776374816895
2013-01-07,9.539199829101562
2013-01-08,9.552410125732422
2013-01-09,9.565625190734863
2013-01-10,9.552410125732422
2013-01-11,9.565625190734863
2013-01-14,9.559019088745117
2013-01-15,9.578836441040039
2013-01-16,9.578836441040039
2013-01-17,9.559019088745117
2013-01-18,9.578836441040039
2013-01-22,9.578836441040039
2013-01-23,9.578836441040039
2013-01-24,9.565625190734863
2013-01-25,9.525989532470703
2013-01-28,9.512776374816895
2013-01-29,9.499563217163086
2013-01-30,9.506166458129883
2013-01-31,9.5325927734375
2013-02-01,9.492956161499023
2013-02-04,9.539199829101562
2013-02-05,9.512776374816895
2013-02-06,9.5325927734375
2013-02-07,9.519380569458008
2013-02-08,9.512776374816895
2013-02-11,9.506166458129883
2013-02-12,9.506166458129883
2013-02-13,9.48635196685791
2013-02-14,9.499563217163086
2013-02-15,9.473136901855469
2013-02-19,9.466536521911621
2013-02-20,9.473136901855469
2013-02-21,9.479744911193848
2013-02-22,9.492956161499023
2013-02-25,9.552410125732422
2013-02-26,9.525989532470703
2013-02-27,9.525989532470703
2013-02-28,9.545804977416992
2013-03-01,9.565625190734863
2013-03-04,9.552410125732422
2013-03-05,9.552410125732422
2013-03-06,9.525989532470703
2013-03-07,9.499563217163086
2013-03-08,9.466536521911621
2013-03-11,9.466536521911621
2013-03-12,9.48635196685791
2013-03-13,9.48635196685791
2013-03-14,9.499563217163086
2013-03-15,9.512776374816895
2013-03-18,9.539199829101562
2013-03-19,9.545804977416992
2013-03-20,9.512776374816895
2013-03-21,9.525989532470703
2013-03-22,9.5325927734375
2013-03-25,9.5325927734375
2013-03-26,9.539199829101562
2013-03-27,9.56637954711914
2013-03-28,9.56637954711914
2013-04-01,9.586268424987793
2013-04-02,9.573010444641113
2013-04-03,9.592901229858398
2013-04-04,9.639305114746094
2013-04-05,9.679083824157715
2013-04-08,9.639305114746094
2013-04-09,9.62604808807373
2013-04-10,9.579639434814453
2013-04-11,9.606161117553711
2013-04-12,9.639305114746094
2013-04-15,9.645936012268066
2013-04-16,9.619415283203125
2013-04-17,9.619415283203125
2013-04-18,9.559752464294434
2013-04-19,9.592901229858398
2013-04-22,9.619415283203125
2013-04-23,9.619415283203125
2013-04-24,9.639305114746094
2013-04-25,9.645936012268066
2013-04-26,9.672452926635742
2013-04-29,9.65919303894043
2013-04-30,9.639305114746094
2013-05-01,9.639305114746094
2013-05-02,9.62604808807373
2013-05-03,9.559752464294434
2013-05-06,9.559752464294434
2013-05-07,9.55312442779541
2013-05-08,9.533232688903809
2013-05-09,9.533232688903809
2013-05-10,9.506715774536133
2013-05-13,9.480198860168457
2013-05-14,9.440418243408203
2013-05-15,9.440418243408203
2013-05-16,9.460309028625488
2013-05-17,9.413902282714844
2013-05-20,9.413902282714844
2013-05-21,9.433791160583496
2013-05-22,9.347606658935547
2013-05-23,9.35423755645752
2013-05-24,9.360865592956543
2013-05-28,9.27468204498291
2013-05-29,9.26805305480957
2013-05-30,9.234906196594238
2013-05-31,9.228277206420898
2013-06-03,9.234906196594238
2013-06-04,9.21501350402832
2013-06-05,9.221646308898926
2013-06-06,9.21501350402832
2013-06-07,9.15534782409668
2013-06-10,9.095685005187988
2013-06-11,9.095685005187988
2013-06-12,9.022761344909668
2013-06-13,9.089057922363281
2013-06-14,9.082428932189941
2013-06-17,9.055910110473633
2013-06-18,9.07579517364502
2013-06-19,8.956464767456055
2013-06-20,8.870281219482422
2013-06-21,8.764208793640137
2013-06-24,8.724432945251465
2013-06-25,8.731060028076172
2013-06-26,8.777472496032715
2013-06-27,8.851118087768555
2013-06-28,8.864388465881348
2013-07-01,8.8909273147583
2013-07-02,8.917468070983887
2013-07-03,8.897563934326172
2013-07-05,8.778135299682617
2013-07-08,8.83121395111084
2013-07-09,8.83121395111084
2013-07-10,8.804672241210938
2013-07-11,8.85775375366211
2013-07-12,8.864388465881348
2013-07-15,8.9108304977417
2013-07-16,8.944009780883789
2013-07-17,8.963912010192871
2013-07-18,8.93737506866455
2013-07-19,8.997087478637695
2013-07-22,8.997087478637695
2013-07-23,8.970547676086426
2013-07-24,8.904197692871094
2013-07-25,8.904197692871094
2013-07-26,8.9108304977417
2013-07-29,8.897563934326172
2013-07-30,8.897563934326172
2013-07-31,8.944009780883789
2013-08-01,8.8909273147583
2013-08-02,8.93737506866455
2013-08-05,8.930737495422363
2013-08-06,8.957280158996582
2013-08-07,8.98381519317627
2013-08-08,8.990453720092773
2013-08-09,8.997087478637695
2013-08-12,8.970547676086426
2013-08-13,8.897563934326172
2013-08-14,8.884294509887695
2013-08-15,8.811306953430176
2013-08-16,8.771495819091797
2013-08-19,8.725052833557129
2013-08-20,8.778135299682617
2013-08-21,8.718419075012207
2013-08-22,8.718419075012207
2013-08-23,8.778135299682617
2013-08-26,8.811306953430176
2013-08-27,8.864388465881348
2013-08-28,8.83121395111084
2013-08-29,8.817944526672363
2013-08-30,8.791401863098145
2013-09-03,8.751592636108398
2013-09-04,8.705146789550781
2013-09-05,8.63879680633545
2013-09-06,8.678607940673828
2013-09-09,8.691877365112305
2013-09-10,8.678607940673828
2013-09-11,8.731689453125
2013-09-12,8.725052833557129
2013-09-13,8.731689453125
2013-09-16,8.751592636108398
2013-09-17,8.784770011901855
2013-09-18,8.897563934326172
2013-09-19,8.871026039123535
2013-09-20,8.897563934326172
2013-09-23,8.930737495422363
2013-09-24,8.930737495422363
2013-09-25,8.944009780883789
2013-09-26,8.931985855102539
2013-09-27,8.931985855102539
2013-09-30,8.938666343688965
2013-10-01,8.931985855102539
2013-10-02,8.95202350616455
2013-10-03,8.95202350616455
2013-10-04,8.938666343688965
2013-10-07,8.945345878601074
2013-10-08,8.92530345916748
2013-10-09,8.92530345916748
2013-10-10,8.918622016906738
2013-10-11,8.918622016906738
2013-10-14,8.905261039733887
2013-10-15,8.891901016235352
2013-10-16,8.918622016906738
2013-10-17,8.945345878601074
2013-10-18,8.95870590209961
2013-10-21,8.95870590209961
2013-10-22,8.998790740966797
2013-10-23,8.992107391357422
2013-10-24,8.992107391357422
2013-10-25,9.0121488571167
2013-10-28,9.0121488571167
2013-10-29,9.005471229553223
2013-10-30,8.998790740966797
2013-10-31,8.978747367858887
2013-11-01,8.918622016906738
2013-11-04,8.92530345916748
2013-11-05,8.891901016235352
2013-11-06,8.938666343688965
2013-11-07,8.945345878601074
2013-11-08,8.858497619628906
2013-11-11,8.871855735778809
2013-11-12,8.858497619628906
2013-11-13,8.8785400390625
2013-11-14,8.92530345916748
2013-11-15,8.92530345916748
2013-11-18,8.95202350616455
2013-11-19,8.911941528320312
2013-11-20,8.851815223693848
2013-11-21,8.8785400390625
2013-11-22,8.905261039733887
2013-11-25,8.905261039733887
2013-11-26,8.911941528320312
2013-11-27,8.891901016235352
2013-11-29,8.88521671295166
2013-12-02,8.845137596130371
2013-12-03,8.845137596130371
2013-12-04,8.798368453979492
2013-12-05,8.78501033782959
2013-12-06,8.78501033782959
2013-12-09,8.791690826416016
2013-12-10,8.818412780761719
2013-12-11,8.798368453979492
2013-12-12,8.77833080291748
2013-12-13,8.80505084991455
2013-12-16,8.80505084991455
2013-12-17,8.831771850585938
2013-12-18,8.798368453979492
2013-12-19,8.76496696472168
2013-12-20,8.791690826416016
2013-12-23,8.771649360656738
2013-12-24,8.751605987548828
2013-12-26,8.74958610534668
2013-12-27,8.742850303649902
2013-12-30,8.76305866241455
2013-12-31,8.742850303649902
2014-01-02,8.776530265808105
2014-01-03,8.776530265808105
2014-01-06,8.796734809875488
2014-01-07,8.803472518920898
2014-01-08,8.796734809875488
2014-01-09,8.830414772033691
2014-01-10,8.870827674865723
2014-01-13,8.877562522888184
2014-01-14,8.84388542175293
2014-01-15,8.84388542175293
2014-01-16,8.850619316101074
2014-01-17,8.870827674865723
2014-01-21,8.857356071472168
2014-01-22,8.837148666381836
2014-01-23,8.877562522888184
2014-01-24,8.897769927978516
2014-01-27,8.870827674865723
2014-01-28,8.884297370910645
2014-01-29,8.91124153137207
2014-01-30,8.91124153137207
2014-01-31,8.93144416809082
2014-02-03,8.978596687316895
2014-02-04,8.944918632507324
2014-02-05,8.91124153137207
2014-02-06,8.90450668334961
2014-02-07,8.93144416809082
2014-02-10,8.944918632507324
2014-02-11,8.91124153137207
2014-02-12,8.891034126281738
2014-02-13,8.917977333068848
2014-02-14,8.90450668334961
2014-02-18,8.917977333068848
2014-02-19,8.897769927978516
2014-02-20,8.877562522888184
2014-02-21,8.891034126281738
2014-02-24,8.891034126281738
2014-02-25,8.924711227416992
2014-02-26,8.944918632507324
2014-02-27,8.958391189575195
2014-02-28,8.958391189575195
2014-03-03,8.99880599975586
2014-03-04,8.944918632507324
2014-03-05,8.958391189575195
2014-03-06,8.938187599182129
2014-03-07,8.917977333068848
2014-03-10,8.924711227416992
2014-03-11,8.924711227416992
2014-03-12,8.938187599182129
2014-03-13,8.978596687316895
2014-03-14,8.978596687316895
2014-03-17,8.958391189575195
2014-03-18,8.971860885620117
2014-03-19,8.891034126281738
2014-03-20,8.870827674865723
2014-03-21,8.897769927978516
2014-03-24,8.91124153137207
2014-03-25,8.90450668334961
2014-03-26,8.938187599182129
2014-03-27,8.944918632507324
2014-03-28,8.91661262512207
2014-03-31,8.91661262512207
2014-04-01,8.896395683288574
2014-04-02,8.86943531036377
2014-04-03,8.882916450500488
2014-04-04,8.91661262512207
2014-04-07,8.936829566955566
2014-04-08,8.936829566955566
2014-04-09,8.943574905395508
2014-04-10,8.977269172668457
2014-04-11,8.997488975524902
2014-04-14,8.984007835388184
2014-04-15,9.004229545593262
2014-04-16,9.010968208312988
2014-04-17,8.984007835388184
2014-04-21,8.997488975524902
2014-04-22,9.004229545593262
2014-04-23,9.02444839477539
2014-04-24,9.03118896484375
2014-04-25,9.03118896484375
2014-04-28,9.010968208312988
2014-04-29,9.010968208312988
2014-04-30,9.037925720214844
2014-05-01,9.071622848510742
2014-05-02,9.085105895996094
2014-05-05,9.071622848510742
2014-05-06,9.071622848510742
2014-05-07,9.071622848510742
2014-05-08,9.085105895996094
2014-05-09,9.078367233276367
2014-05-12,9.058148384094238
2014-05-13,9.078367233276367
2014-05-14,9.132284164428711
2014-05-15,9.172720909118652
2014-05-16,9.159238815307617
2014-05-19,9.139019966125488
2014-05-20,9.152501106262207
2014-05-21,9.145764350891113
2014-05-22,9.16598129272461
2014-05-23,9.172720909118652
2014-05-27,9.192940711975098
2014-05-28,9.240120887756348
2014-05-29,9.240120887756348
2014-05-30,9.213159561157227
2014-06-02,9.179461479187012
2014-06-03,9.125540733337402
2014-06-04,9.112065315246582
2014-06-05,9.125540733337402
2014-06-06,9.125540733337402
2014-06-09,9.125540733337402
2014-06-10,9.112065315246582
2014-06-11,9.118803977966309
2014-06-12,9.145764350891113
2014-06-13,9.132284164428711
2014-06-16,9.139019966125488
2014-06-17,9.125540733337402
2014-06-18,9.172720909118652
2014-06-19,9.159238815307617
2014-06-20,9.187782287597656
2014-06-23,9.180989265441895
2014-06-24,9.228556632995605
2014-06-25,9.228556632995605
2014-06-26,9.248944282531738
2014-06-27,9.242151260375977
2014-06-30,9.248944282531738
2014-07-01,9.2149658203125
2014-07-02,9.180989265441895
2014-07-03,9.17419147491455
2014-07-07,9.194581985473633
2014-07-08,9.228556632995605
2014-07-09,9.248944282531738
2014-07-10,9.262534141540527
2014-07-11,9.276127815246582
2014-07-14,9.25574016571045
2014-07-15,9.235353469848633
2014-07-16,9.235353469848633
2014-07-17,9.289719581604004
2014-07-18,9.269331932067871
2014-07-21,9.289719581604004
2014-07-22,9.282922744750977
2014-07-23,9.276127815246582
2014-07-24,9.262534141540527
2014-07-25,9.303308486938477
2014-07-28,9.289719581604004
2014-07-29,9.303308486938477
2014-07-30,9.248944282531738
2014-07-31,9.248944282531738
2014-08-01,9.282922744750977
2014-08-04,9.269331932067871
2014-08-05,9.276127815246582
2014-08-06,9.276127815246582
2014-08-07,9.316904067993164
2014-08-08,9.303308486938477
2014-08-11,9.31010627746582
2014-08-12,9.282922744750977
2014-08-13,9.31010627746582
2014-08-14,9.316904067993164
2014-08-15,9.337289810180664
2014-08-18,9.303308486938477
2014-08-19,9.282922744750977
2014-08-20,9.262534141540527
2014-08-21,9.282922744750977
2014-08-22,9.276127815246582
2014-08-25,9.282922744750977
2014-08-26,9.276127815246582
2014-08-27,9.296516418457031
2014-08-28,9.31010627746582
2014-08-29,9.296516418457031
2014-09-02,9.25574016571045
2014-09-03,9.276127815246582
2014-09-04,9.235353469848633
2014-09-05,9.228556632995605
2014-09-08,9.201374053955078
2014-09-09,9.17419147491455
2014-09-10,9.140210151672363
2014-09-11,9.147008895874023
2014-09-12,9.113031387329102
2014-09-15,9.11982536315918
2014-09-16,9.113031387329102
2014-09-17,9.051868438720703
2014-09-18,9.03148365020752
2014-09-19,9.058664321899414
2014-09-22,9.051868438720703
2014-09-23,9.085848808288574
2014-09-24,9.072257995605469
2014-09-25,9.10623550415039
2014-09-26,9.065462112426758
2014-09-29,9.072257995605469
2014-09-30,9.065462112426758
2014-10-01,9.13341999053955
2014-10-02,9.10623550415039
2014-10-03,9.085848808288574
2014-10-06,9.099440574645996
2014-10-07,9.13341999053955
2014-10-08,9.187782287597656
2014-10-09,9.17419147491455
2014-10-10,9.194581985473633
2014-10-13,9.2149658203125
2014-10-14,9.221760749816895
2014-10-15,9.235353469848633
2014-10-16,9.221760749816895
2014-10-17,9.221760749816895
2014-10-20,9.2149658203125
2014-10-21,9.194581985473633
2014-10-22,9.194581985473633
2014-10-23,9.160599708557129
2014-10-24,9.160599708557129
2014-10-27,9.160599708557129
2014-10-28,9.147008895874023
2014-10-29,9.140210151672363
2014-10-30,9.13341999053955
2014-10-31,9.13341999053955
2014-11-03,9.126620292663574
2014-11-04,9.126620292663574
2014-11-05,9.140210151672363
2014-11-06,9.126620292663574
2014-11-07,9.17419147491455
2014-11-10,9.140210151672363
2014-11-11,9.140210151672363
2014-11-12,9.126620292663574
2014-11-13,9.11982536315918
2014-11-14,9.140210151672363
2014-11-17,9.113031387329102
2014-11-18,9.11982536315918
2014-11-19,9.079049110412598
2014-11-20,9.10623550415039
2014-11-21,9.13341999053955
2014-11-24,9.140210151672363
2014-11-25,9.153803825378418
2014-11-26,9.153803825378418
2014-11-28,9.160599708557129
2014-12-01,9.147008895874023
2014-12-02,9.092643737792969
2014-12-03,9.099440574645996
2014-12-04,9.11982536315918
2014-12-05,9.065462112426758
2014-12-08,9.072257995605469
2014-12-09,9.10623550415039
2014-12-10,9.126620292663574
2014-12-11,9.113031387329102
2014-12-12,9.126620292663574
2014-12-15,9.099440574645996
2014-12-16,9.153803825378418
2014-12-17,9.099440574645996
2014-12-18,9.038276672363281
2014-12-19,9.085848808288574
2014-12-22,9.099440574645996
2014-12-23,9.03148365020752
2014-12-24,9.024686813354492
2014-12-26,9.029508590698242
2014-12-29,9.036395072937012
2014-12-30,9.036395072937012
2014-12-31,9.077718734741211
2015-01-02,9.119047164916992
2015-01-05,9.132818222045898
2015-01-06,9.139710426330566
2015-01-07,9.139710426330566
2015-01-08,9.125930786132812
2015-01-09,9.153482437133789
2015-01-12,9.146595001220703
2015-01-13,9.125930786132812
2015-01-14,9.181031227111816
2015-01-15,9.263681411743164
2015-01-16,9.20858383178711
2015-01-20,9.229246139526367
2015-01-21,9.187919616699219
2015-01-22,9.194809913635254
2015-01-23,9.249908447265625
2015-01-26,9.229246139526367
2015-01-27,9.263681411743164
2015-01-28,9.29812240600586
2015-01-29,9.284344673156738
2015-01-30,9.360107421875
2015-02-02,9.346334457397461
2015-02-03,9.305006980895996
2015-02-04,9.318781852722168
2015-02-05,9.277458190917969
2015-02-06,9.20858383178711
2015-02-09,9.194809913635254
2015-02-10,9.160369873046875
2015-02-11,9.146595001220703
2015-02-12,9.132818222045898
2015-02-13,9.11215591430664
2015-02-17,9.063944816589355
2015-02-18,9.098383903503418
2015-02-19,9.098383903503418
2015-02-20,9.098383903503418
2015-02-23,9.11215591430664
2015-02-24,9.167256355285645
2015-02-25,9.181031227111816
2015-02-26,9.181031227111816
2015-02-27,9.229246139526367
2015-03-02,9.153482437133789
2015-03-03,9.160369873046875
2015-03-04,9.17414379119873
2015-03-05,9.153482437133789
2015-03-06,9.057058334350586
2015-03-09,9.04328441619873
2015-03-10,9.057058334350586
2015-03-11,9.070832252502441
2015-03-12,9.05016803741455
2015-03-13,9.022619247436523
2015-03-16,9.029508590698242
2015-03-17,9.04328441619873
2015-03-18,9.181031227111816
2015-03-19,9.181031227111816
2015-03-20,9.201692581176758
2015-03-23,9.201692581176758
2015-03-24,9.249908447265625
2015-03-25,9.23613452911377
2015-03-26,9.18997573852539
2015-03-27,9.18997573852539
2015-03-30,9.162420272827148
2015-03-31,9.18997573852539
2015-04-01,9.258865356445312
2015-04-02,9.23131275177002
2015-04-06,9.258865356445312
2015-04-07,9.279533386230469
2015-04-08,9.258865356445312
2015-04-09,9.224421501159668
2015-04-10,9.210644721984863
2015-04-13,9.224421501159668
2015-04-14,9.245087623596191
2015-04-15,9.272643089294434
2015-04-16,9.279533386230469
2015-04-17,9.33464527130127
2015-04-20,9.313977241516113
2015-04-21,9.286421775817871
2015-04-22,9.238201141357422
2015-04-23,9.272643089294434
2015-04-24,9.300200462341309
2015-04-27,9.307087898254395
2015-04-28,9.245087623596191
2015-04-29,9.23131275177002
2015-04-30,9.251977920532227
2015-05-01,9.203750610351562
2015-05-04,9.169307708740234
2015-05-05,9.169307708740234
2015-05-06,9.107307434082031
2015-05-07,9.134862899780273
2015-05-08,9.155529975891113
2015-05-11,9.072863578796387
2015-05-12,9.086639404296875
2015-05-13,9.079750061035156
2015-05-14,9.093530654907227
2015-05-15,9.148642539978027
2015-05-18,9.107307434082031
2015-05-19,9.05908489227295
2015-05-20,9.086639404296875
2015-05-21,9.121088027954102
2015-05-22,9.127973556518555
2015-05-26,9.148642539978027
2015-05-27,9.134862899780273
2015-05-28,9.127973556518555
2015-05-29,9.155529975891113
2015-06-01,9.107307434082031
2015-06-02,9.072863578796387
2015-06-03,9.010860443115234
2015-06-04,9.045307159423828
2015-06-05,9.017751693725586
2015-06-08,9.024637222290039
2015-06-09,9.003973007202148
2015-06-10,8.969524383544922
2015-06-11,9.017751693725586
2015-06-12,9.017751693725586
2015-06-15,9.045307159423828
2015-06-16,9.100419044494629
2015-06-17,9.107307434082031
2015-06-18,9.093530654907227
2015-06-19,9.114194869995117
2015-06-22,9.065972328186035
2015-06-23,9.052192687988281
2015-06-24,9.072863578796387
2015-06-25,9.052192687988281
2015-06-26,9.017751693725586
2015-06-29,9.086639404296875
2015-06-30,9.072863578796387
2015-07-01,9.038416862487793
2015-07-02,9.065972328186035
2015-07-06,9.114194869995117
2015-07-07,9.141755104064941
2015-07-08,9.148642539978027
2015-07-09,9.093530654907227
2015-07-10,9.045307159423828
2015-07-13,9.017751693725586
2015-07-14,9.038416862487793
2015-07-15,9.05908489227295
2015-07-16,9.065972328186035
2015-07-17,9.05908489227295
2015-07-20,9.045307159423828
2015-07-21,9.065972328186035
2015-07-22,9.072863578796387
2015-07-23,9.086639404296875
2015-07-24,9.072863578796387
2015-07-27,9.093530654907227
2015-07-28,9.072863578796387
2015-07-29,9.072863578796387
2015-07-30,9.086639404296875
2015-07-31,9.114194869995117
2015-08-03,9.114194869995117
2015-08-04,9.065972328186035
2015-08-05,9.031530380249023
2015-08-06,9.052192687988281
2015-08-07,9.072863578796387
2015-08-10,9.065972328186035
2015-08-11,9.100419044494629
2015-08-12,9.072863578796387
2015-08-13,9.052192687988281
2015-08-14,9.045307159423828
2015-08-17,9.045307159423828
2015-08-18,9.024637222290039
2015-08-19,9.052192687988281
2015-08-20,9.079750061035156
2015-08-21,9.079750061035156
2015-08-24,9.065972328186035
2015-08-25,9.038416862487793
2015-08-26,8.976415634155273
2015-08-27,9.017751693725586
2015-08-28,9.038416862487793
2015-08-31,9.031530380249023
2015-09-01,9.017751693725586
2015-09-02,8.990194320678711
2015-09-03,8.997081756591797
2015-09-04,9.003973007202148
2015-09-08,8.969524383544922
2015-09-09,8.983304977416992
2015-09-10,8.990194320678711
2015-09-11,9.010860443115234
2015-09-14,8.997081756591797
2015-09-15,8.935083389282227
2015-09-16,8.935083389282227
2015-09-17,9.003973007202148
2015-09-18,9.031530380249023
2015-09-21,8.976415634155273
2015-09-22,9.003973007202148
2015-09-23,8.990194320678711
2015-09-24,8.990194320678711
2015-09-25,8.948859214782715
2015-09-28,8.95574951171875
2015-09-29,8.976415634155273
2015-09-30,8.990194320678711
2015-10-01,9.024637222290039
2015-10-02,9.079750061035156
2015-10-05,9.045307159423828
2015-10-06,9.072863578796387
2015-10-07,9.065972328186035
2015-10-08,9.05908489227295
2015-10-09,9.038416862487793
2015-10-12,9.052192687988281
2015-10-13,9.05908489227295
2015-10-14,9.079750061035156
2015-10-15,9.05908489227295
2015-10-16,9.045307159423828
2015-10-19,9.024637222290039
2015-10-20,9.017751693725586
2015-10-21,9.024637222290039
2015-10-22,9.052192687988281
2015-10-23,9.038416862487793
2015-10-26,9.038416862487793
2015-10-27,9.052192687988281
2015-10-28,9.010860443115234
2015-10-29,8.990194320678711
2015-10-30,9.010860443115234
2015-11-02,9.003973007202148
2015-11-03,8.997081756591797
2015-11-04,8.976415634155273
2015-11-05,8.95574951171875
2015-11-06,8.914414405822754
2015-11-09,8.914414405822754
2015-11-10,8.907525062561035
2015-11-11,8.907525062561035
2015-11-12,8.907525062561035
2015-11-13,8.921304702758789
2015-11-16,8.914414405822754
2015-11-17,8.928190231323242
2015-11-18,8.941969871520996
2015-11-19,8.969524383544922
2015-11-20,8.983304977416992
2015-11-23,8.990194320678711
2015-11-24,8.997081756591797
2015-11-25,8.997081756591797
2015-11-27,8.997081756591797
2015-11-30,8.997081756591797
2015-12-01,9.031530380249023
2015-12-02,9.003973007202148
2015-12-03,8.941969871520996
2015-12-04,8.969524383544922
2015-12-07,8.969524383544922
2015-12-08,8.969524383544922
2015-12-09,8.95574951171875
2015-12-10,8.928190231323242
2015-12-11,8.962636947631836
2015-12-14,8.89374828338623
2015-12-15,8.886857032775879
2015-12-16,8.866190910339355
2015-12-17,8.90063762664795
2015-12-18,8.921304702758789
2015-12-21,8.907525062561035
2015-12-22,8.89374828338623
2015-12-23,8.907525062561035
2015-12-24,8.918631553649902
2015-12-28,8.918631553649902
2015-12-29,8.883927345275879
2015-12-30,8.890871047973633
2015-12-31,8.911691665649414
2016-01-04,8.939453125
2016-01-05,8.939453125
2016-01-06,8.967214584350586
2016-01-07,8.960273742675781
2016-01-08,8.967214584350586
2016-01-11,8.918631553649902
2016-01-12,8.939453125
2016-01-13,8.960273742675781
2016-01-14,8.953332901000977
2016-01-15,8.953332901000977
2016-01-19,8.946392059326172
2016-01-20,8.953332901000977
2016-01-21,8.925570487976074
2016-01-22,8.939453125
2016-01-25,8.953332901000977
2016-01-26,8.967214584350586
2016-01-27,8.994975090026855
2016-01-28,9.01579761505127
2016-01-29,9.050501823425293
2016-02-01,9.029680252075195
2016-02-02,9.064384460449219
2016-02-03,9.064384460449219
2016-02-04,9.071322441101074
2016-02-05,9.050501823425293
2016-02-08,9.050501823425293
2016-02-09,9.036617279052734
2016-02-10,9.071322441101074
2016-02-11,9.085204124450684
2016-02-12,9.064384460449219
2016-02-16,9.022738456726074
2016-02-17,9.01579761505127
2016-02-18,9.036617279052734
2016-02-19,9.043560028076172
2016-02-22,9.064384460449219
2016-02-23,9.085204124450684
2016-02-24,9.106026649475098
2016-02-25,9.147666931152344
2016-02-26,9.126846313476562
2016-02-29,9.147666931152344
2016-03-01,9.13378620147705
2016-03-02,9.147666931152344
2016-03-03,9.16849136352539
2016-03-04,9.140727996826172
2016-03-07,9.112963676452637
2016-03-08,9.140727996826172
2016-03-09,9.13378620147705
2016-03-10,9.099084854125977
2016-03-11,9.092146873474121
2016-03-14,9.092146873474121
2016-03-15,9.071322441101074
2016-03-16,9.16849136352539
2016-03-17,9.182373046875
2016-03-18,9.224016189575195
2016-03-21,9.224016189575195
2016-03-22,9.203193664550781
2016-03-23,9.217073440551758
2016-03-24,9.196252822875977
2016-03-28,9.196252822875977
2016-03-29,9.293420791625977
2016-03-30,9.300360679626465
2016-03-31,9.321183204650879
2016-04-01,9.321183204650879
2016-04-04,9.328125
2016-04-05,9.335062026977539
2016-04-06,9.314242362976074
2016-04-07,9.342004776000977
2016-04-08,9.328125
2016-04-11,9.30730152130127
2016-04-12,9.272599220275879
2016-04-13,9.279540061950684
2016-04-14,9.258718490600586
2016-04-15,9.286482810974121
2016-04-18,9.286482810974121
2016-04-19,9.300360679626465
2016-04-20,9.265661239624023
2016-04-21,9.258718490600586
2016-04-22,9.251779556274414
2016-04-25,9.244837760925293
2016-04-26,9.237898826599121
2016-04-27,9.286482810974121
2016-04-28,9.335062026977539
2016-04-29,9.335062026977539
2016-05-02,9.293420791625977
2016-05-03,9.314242362976074
2016-05-04,9.328125
2016-05-05,9.34894847869873
2016-05-06,9.314242362976074
2016-05-09,9.328125
2016-05-10,9.34894847869873
2016-05-11,9.35588550567627
2016-05-12,9.342004776000977
2016-05-13,9.369769096374512
2016-05-16,9.34894847869873
2016-05-17,9.35588550567627
2016-05-18,9.286482810974121
2016-05-19,9.279540061950684
2016-05-20,9.272599220275879
2016-05-23,9.272599220275879
2016-05-24,9.265661239624023
2016-05-25,9.272599220275879
2016-05-26,9.300360679626465
2016-05-27,9.279540061950684
2016-05-31,9.272599220275879
2016-06-01,9.272599220275879
2016-06-02,9.300360679626465
2016-06-03,9.35588550567627
2016-06-06,9.35588550567627
2016-06-07,9.383646965026855
2016-06-08,9.404474258422852
2016-06-09,9.411409378051758
2016-06-10,9.411409378051758
2016-06-13,9.404474258422852
2016-06-14,9.37670612335205
2016-06-15,9.418350219726562
2016-06-16,9.398914337158203
2016-06-17,9.37808895111084
2016-06-20,9.34338092803955
2016-06-21,9.322555541992188
2016-06-22,9.350325584411621
2016-06-23,9.350325584411621
2016-06-24,9.40585708618164
2016-06-27,9.440564155578613
2016-06-28,9.461390495300293
2016-06-29,9.454446792602539
2016-06-30,9.482213973999023
2016-07-01,9.530804634094238
2016-07-05,9.565510749816895
2016-07-06,9.593278884887695
2016-07-07,9.579395294189453
2016-07-08,9.586335182189941
2016-07-11,9.551629066467285
2016-07-12,9.516924858093262
2016-07-13,9.537748336791992
2016-07-14,9.509980201721191
2016-07-15,9.49609661102295
2016-07-18,9.489157676696777
2016-07-19,9.49609661102295
2016-07-20,9.475273132324219
2016-07-21,9.482213973999023
2016-07-22,9.468329429626465
2016-07-25,9.454446792602539
2016-07-26,9.461390495300293
2016-07-27,9.503040313720703
2016-07-28,9.523865699768066
2016-07-29,9.54468822479248
2016-08-01,9.489157676696777
2016-08-02,9.44750690460205
2016-08-03,9.468329429626465
2016-08-04,9.509980201721191
2016-08-05,9.482213973999023
2016-08-08,9.489157676696777
2016-08-09,9.509980201721191
2016-08-10,9.509980201721191
2016-08-11,9.489157676696777
2016-08-12,9.509980201721191
2016-08-15,9.489157676696777
2016-08-16,9.468329429626465
2016-08-17,9.503040313720703
2016-08-18,9.523865699768066
2016-08-19,9.503040313720703
2016-08-22,9.523865699768066
2016-08-23,9.530804634094238
2016-08-24,9.523865699768066
2016-08-25,9.516924858093262
2016-08-26,9.475273132324219
2016-08-29,9.509980201721191
2016-08-30,9.503040313720703
2016-08-31,9.503040313720703
2016-09-01,9.509980201721191
2016-09-02,9.49609661102295
2016-09-06,9.54468822479248
2016-09-07,9.558568954467773
2016-09-08,9.530804634094238
2016-09-09,9.461390495300293
2016-09-12,9.468329429626465
2016-09-13,9.426682472229004
2016-09-14,9.433622360229492
2016-09-15,9.433622360229492
2016-09-16,9.454446792602539
2016-09-19,9.440564155578613
2016-09-20,9.440564155578613
2016-09-21,9.482213973999023
2016-09-22,9.530804634094238
2016-09-23,9.551629066467285
2016-09-26,9.558568954467773
2016-09-27,9.558568954467773
2016-09-28,9.579395294189453
2016-09-29,9.572453498840332
2016-09-30,9.572453498840332
2016-10-03,9.572453498840332
2016-10-04,9.516924858093262
2016-10-05,9.509980201721191
2016-10-06,9.509980201721191
2016-10-07,9.509980201721191
2016-10-10,9.49609661102295
2016-10-11,9.489157676696777
2016-10-12,9.489157676696777
2016-10-13,9.503040313720703
2016-10-14,9.489157676696777
2016-10-17,9.530804634094238
2016-10-18,9.537748336791992
2016-10-19,9.551629066467285
2016-10-20,9.54468822479248
2016-10-21,9.54468822479248
2016-10-24,9.530804634094238
2016-10-25,9.54468822479248
2016-10-26,9.54468822479248
2016-10-27,9.503040313720703
2016-10-28,9.503040313720703
2016-10-31,9.523865699768066
2016-11-01,9.523865699768066
2016-11-02,9.530804634094238
2016-11-03,9.503040313720703
2016-11-04,9.530804634094238
2016-11-07,9.523865699768066
2016-11-08,9.509980201721191
2016-11-09,9.44750690460205
2016-11-10,9.426682472229004
2016-11-11,9.419740676879883
2016-11-14,9.329501152038574
2016-11-15,9.33643913269043
2016-11-16,9.350325584411621
2016-11-17,9.33643913269043
2016-11-18,9.322555541992188
2016-11-21,9.33643913269043
2016-11-22,9.34338092803955
2016-11-23,9.322555541992188
2016-11-25,9.308674812316895
2016-11-28,9.308674812316895
2016-11-29,9.329501152038574
2016-11-30,9.329501152038574
2016-12-01,9.315614700317383
2016-12-02,9.308674812316895
2016-12-05,9.322555541992188
2016-12-06,9.34338092803955
2016-12-07,9.357266426086426
2016-12-08,9.34338092803955
2016-12-09,9.294792175292969
2016-12-12,9.301733016967773
2016-12-13,9.294792175292969
2016-12-14,9.211492538452148
2016-12-15,9.162900924682617
2016-12-16,9.149017333984375
2016-12-19,9.190667152404785
2016-12-20,9.204551696777344
2016-12-21,9.21843433380127
2016-12-22,9.24620246887207
2016-12-23,9.15472412109375
2016-12-27,9.15472412109375
2016-12-28,9.168906211853027
2016-12-29,9.183086395263672
2016-12-30,9.204360961914062
2017-01-03,9.225635528564453
2017-01-04,9.23982048034668
2017-01-05,9.275274276733398
2017-01-06,9.23982048034668
2017-01-09,9.261091232299805
2017-01-10,9.261091232299805
2017-01-11,9.289456367492676
2017-01-12,9.29654598236084
2017-01-13,9.275274276733398
2017-01-17,9.31072998046875
2017-01-18,9.261091232299805
2017-01-19,9.261091232299805
2017-01-20,9.268184661865234
2017-01-23,9.29654598236084
2017-01-24,9.282367706298828
2017-01-25,9.25400161743164
2017-01-26,9.268184661865234
2017-01-27,9.282367706298828
2017-01-30,9.275274276733398
2017-01-31,9.29654598236084
2017-02-01,9.275274276733398
2017-02-02,9.275274276733398
2017-02-03,9.275274276733398
2017-02-06,9.289456367492676
2017-02-07,9.289456367492676
2017-02-08,9.31782054901123
2017-02-09,9.29654598236084
2017-02-10,9.303638458251953
2017-02-13,9.289456367492676
2017-02-14,9.261091232299805
2017-02-15,9.275274276733398
2017-02-16,9.275274276733398
2017-02-17,9.29654598236084
2017-02-21,9.29654598236084
2017-02-22,9.31072998046875
2017-02-23,9.332002639770508
2017-02-24,9.360366821289062
2017-02-27,9.332002639770508
2017-02-28,9.332002639770508
2017-03-01,9.282367706298828
2017-03-02,9.25400161743164
2017-03-03,9.282367706298828
2017-03-06,9.268184661865234
2017-03-07,9.25400161743164
2017-03-08,9.21145248413086
2017-03-09,9.190178871154785
2017-03-10,9.204360961914062
2017-03-13,9.183086395263672
2017-03-14,9.175994873046875
2017-03-15,9.261091232299805
2017-03-16,9.25400161743164
2017-03-17,9.268184661865234
2017-03-20,9.282367706298828
2017-03-21,9.29654598236084
2017-03-22,9.303638458251953
2017-03-23,9.29654598236084
2017-03-24,9.31782054901123
2017-03-27,9.339095115661621
2017-03-28,9.311413764953613
2017-03-29,9.339804649353027
2017-03-30,9.311413764953613
2017-03-31,9.3327054977417
2017-04-03,9.368192672729492
2017-04-04,9.346902847290039
2017-04-05,9.37529182434082
2017-04-06,9.361095428466797
2017-04-07,9.325610160827637
2017-04-10,9.3327054977417
2017-04-11,9.353995323181152
2017-04-12,9.389484405517578
2017-04-13,9.410775184631348
2017-04-17,9.37529182434082
2017-04-18,9.403678894042969
2017-04-19,9.37529182434082
2017-04-20,9.368192672729492
2017-04-21,9.361095428466797
2017-04-24,9.361095428466797
2017-04-25,9.339804649353027
2017-04-26,9.353995323181152
2017-04-27,9.368192672729492
2017-04-28,9.37529182434082
2017-05-01,9.346902847290039
2017-05-02,9.346902847290039
2017-05-03,9.318513870239258
2017-05-04,9.290125846862793
2017-05-05,9.297222137451172
2017-05-08,9.268835067749023
2017-05-09,9.261736869812012
2017-05-10,9.261736869812012
2017-05-11,9.297222137451172
2017-05-12,9.304317474365234
2017-05-15,9.283027648925781
2017-05-16,9.290125846862793
2017-05-17,9.339804649353027
2017-05-18,9.346902847290039
2017-05-19,9.361095428466797
2017-05-22,9.346902847290039
2017-05-23,9.3327054977417
2017-05-24,9.339804649353027
2017-05-25,9.3327054977417
2017-05-26,9.346902847290039
2017-05-30,9.368192672729492
2017-05-31,9.37529182434082
2017-06-01,9.37529182434082
2017-06-02,9.396581649780273
2017-06-05,9.382389068603516
2017-06-06,9.396581649780273
2017-06-07,9.37529182434082
2017-06-08,9.361095428466797
2017-06-09,9.353995323181152
2017-06-12,9.3327054977417
2017-06-13,9.346902847290039
2017-06-14,9.346902847290039
2017-06-15,9.304317474365234
2017-06-16,9.311413764953613
2017-06-19,9.297222137451172
2017-06-20,9.311413764953613
2017-06-21,9.318513870239258
2017-06-22,9.349774360656738
2017-06-23,9.349774360656738
2017-06-26,9.371088027954102
2017-06-27,9.328460693359375
2017-06-28,9.342668533325195
2017-06-29,9.307146072387695
2017-06-30,9.2858304977417
2017-07-03,9.271623611450195
2017-07-05,9.2858304977417
2017-07-06,9.264516830444336
2017-07-07,9.236098289489746
2017-07-10,9.236098289489746
2017-07-11,9.257414817810059
2017-07-12,9.2858304977417
2017-07-13,9.278726577758789
2017-07-14,9.2858304977417
2017-07-17,9.300042152404785
2017-07-18,9.328460693359375
2017-07-19,9.335564613342285
2017-07-20,9.314249038696289
2017-07-21,9.321353912353516
2017-07-24,9.321353912353516
2017-07-25,9.292937278747559
2017-07-26,9.321353912353516
2017-07-27,9.314249038696289
2017-07-28,9.335564613342285
2017-07-31,9.335564613342285
2017-08-01,9.342668533325195
2017-08-02,9.335564613342285
2017-08-03,9.356878280639648
2017-08-04,9.342668533325195
2017-08-07,9.356878280639648
2017-08-08,9.363980293273926
2017-08-09,9.385298728942871
2017-08-10,9.399505615234375
2017-08-11,9.399505615234375
2017-08-14,9.356878280639648
2017-08-15,9.335564613342285
2017-08-16,9.356878280639648
2017-08-17,9.378192901611328
2017-08-18,9.371088027954102
2017-08-21,9.378192901611328
2017-08-22,9.363980293273926
2017-08-23,9.392403602600098
2017-08-24,9.371088027954102
2017-08-25,9.378192901611328
2017-08-28,9.392403602600098
2017-08-29,9.406612396240234
2017-08-30,9.399505615234375
2017-08-31,9.420821189880371
2017-09-01,9.406612396240234
2017-09-05,9.463449478149414
2017-09-06,9.449239730834961
2017-09-07,9.491867065429688
2017-09-08,9.49897289276123
2017-09-11,9.463449478149414
2017-09-12,9.442132949829102
2017-09-13,9.42792797088623
2017-09-14,9.442132949829102
2017-09-15,9.442132949829102
2017-09-18,9.435029029846191
2017-09-19,9.420821189880371
2017-09-20,9.392403602600098
2017-09-21,9.375238418579102
2017-09-22,9.40384292602539
2017-09-25,9.425297737121582
2017-09-26,9.41099739074707
2017-09-27,9.382389068603516
2017-09-28,9.382389068603516
2017-09-29,9.35378646850586
2017-10-02,9.339483261108398
2017-10-03,9.35378646850586
2017-10-04,9.368086814880371
2017-10-05,9.36093807220459
2017-10-06,9.346633911132812
2017-10-09,9.36093807220459
2017-10-10,9.368086814880371
2017-10-11,9.382389068603516
2017-10-12,9.396692276000977
2017-10-13,9.40384292602539
2017-10-16,9.382389068603516
2017-10-17,9.368086814880371
2017-10-18,9.36093807220459
2017-10-19,9.368086814880371
2017-10-20,9.346633911132812
2017-10-23,9.35378646850586
2017-10-24,9.332330703735352
2017-10-25,9.325181007385254
2017-10-26,9.318029403686523
2017-10-27,9.346633911132812
2017-10-30,9.375238418579102
2017-10-31,9.375238418579102
2017-11-01,9.382389068603516
2017-11-02,9.396692276000977
2017-11-03,9.40384292602539
2017-11-06,9.418148040771484
2017-11-07,9.432448387145996
2017-11-08,9.425297737121582
2017-11-09,9.425297737121582
2017-11-10,9.382389068603516
2017-11-13,9.389541625976562
2017-11-14,9.396692276000977
2017-11-15,9.425297737121582
2017-11-16,9.40384292602539
2017-11-17,9.418148040771484
2017-11-20,9.40384292602539
2017-11-21,9.40384292602539
2017-11-22,9.432448387145996
2017-11-24,9.418148040771484
2017-11-27,9.418148040771484
2017-11-28,9.418148040771484
2017-11-29,9.396692276000977
2017-11-30,9.382389068603516
2017-12-01,9.425297737121582
2017-12-04,9.425297737121582
2017-12-05,9.432448387145996
2017-12-06,9.439600944519043
2017-12-07,9.425297737121582
2017-12-08,9.425297737121582
2017-12-11,9.41099739074707
2017-12-12,9.425297737121582
2017-12-13,9.439600944519043
2017-12-14,9.439600944519043
2017-12-15,9.439600944519043
2017-12-18,9.418148040771484
2017-12-19,9.396692276000977
2017-12-20,9.368086814880371
2017-12-21,9.389541625976562
2017-12-22,9.390990257263184
2017-12-26,9.398248672485352
2017-12-27,9.441795349121094
2017-12-28,9.441795349121094
2017-12-29,9.463565826416016
2018-01-02,9.44904899597168
2018-01-03,9.44904899597168
2018-01-04,9.45630931854248
2018-01-05,9.45630931854248
2018-01-08,9.441795349121094
2018-01-09,9.412764549255371
2018-01-10,9.412764549255371
2018-01-11,9.40550708770752
2018-01-12,9.40550708770752
2018-01-16,9.427278518676758
2018-01-17,9.412764549255371
2018-01-18,9.40550708770752
2018-01-19,9.390990257263184
2018-01-22,9.383734703063965
2018-01-23,9.40550708770752
2018-01-24,9.398248672485352
2018-01-25,9.412764549255371
2018-01-26,9.40550708770752
2018-01-29,9.383734703063965
2018-01-30,9.361964225769043
2018-01-31,9.376480102539062
2018-02-01,9.340192794799805
2018-02-02,9.318419456481934
2018-02-05,9.354706764221191
2018-02-06,9.325676918029785
2018-02-07,9.30390453338623
2018-02-08,9.282133102416992
2018-02-09,9.260360717773438
2018-02-12,9.260360717773438
2018-02-13,9.267619132995605
2018-02-14,9.253104209899902
2018-02-15,9.260360717773438
2018-02-16,9.274874687194824
2018-02-20,9.267619132995605
2018-02-21,9.238588333129883
2018-02-22,9.253104209899902
2018-02-23,9.282133102416992
2018-02-26,9.296648025512695
2018-02-27,9.274874687194824
2018-02-28,9.289390563964844
2018-03-01,9.318419456481934
2018-03-02,9.30390453338623
2018-03-05,9.30390453338623
2018-03-06,9.296648025512695
2018-03-07,9.296648025512695
2018-03-08,9.311161041259766
2018-03-09,9.289390563964844
2018-03-12,9.30390453338623
2018-03-13,9.311161041259766
2018-03-14,9.325676918029785
2018-03-15,9.331500053405762
2018-03-16,9.309663772583008
2018-03-19,9.302385330200195
2018-03-20,9.287824630737305
2018-03-21,9.309663772583008
2018-03-22,9.331500053405762
2018-03-23,9.338780403137207
2018-03-26,9.32422161102295
2018-03-27,9.360615730285645
2018-03-28,9.360615730285645
2018-03-29,9.375177383422852
2018-04-02,9.382453918457031
2018-04-03,9.375177383422852
2018-04-04,9.375177383422852
2018-04-05,9.346059799194336
2018-04-06,9.382453918457031
2018-04-09,9.389731407165527
2018-04-10,9.382453918457031
2018-04-11,9.411565780639648
2018-04-12,9.389731407165527
2018-04-13,9.404289245605469
2018-04-16,9.397008895874023
2018-04-17,9.411565780639648
2018-04-18,9.389731407165527
2018-04-19,9.375177383422852
2018-04-20,9.346059799194336
2018-04-23,9.346059799194336
2018-04-24,9.316943168640137
2018-04-25,9.302385330200195
2018-04-26,9.331500053405762
2018-04-27,9.346059799194336
2018-04-30,9.367895126342773
2018-05-01,9.338780403137207
2018-05-02,9.346059799194336
2018-05-03,9.360615730285645
2018-05-04,9.360615730285645
2018-05-07,9.360615730285645
2018-05-08,9.353336334228516
2018-05-09,9.346059799194336
2018-05-10,9.360615730285645
2018-05-11,9.360615730285645
2018-05-14,9.338780403137207
2018-05-15,9.309663772583008
2018-05-16,9.295105934143066
2018-05-17,9.280547142028809
2018-05-18,9.302385330200195
2018-05-21,9.309663772583008
2018-05-22,9.302385330200195
2018-05-23,9.331500053405762
2018-05-24,9.338780403137207
2018-05-25,9.353336334228516
2018-05-29,9.404289245605469
2018-05-30,9.389731407165527
2018-05-31,9.389731407165527
2018-06-01,9.375177383422852
2018-06-04,9.360615730285645
2018-06-05,9.382453918457031
2018-06-06,9.360615730285645
2018-06-07,9.389731407165527
2018-06-08,9.367895126342773
2018-06-11,9.375177383422852
2018-06-12,9.367895126342773
2018-06-13,9.360615730285645
2018-06-14,9.382453918457031
2018-06-15,9.389043807983398
2018-06-18,9.396368980407715
2018-06-19,9.41101360321045
2018-06-20,9.381720542907715
2018-06-21,9.403692245483398
2018-06-22,9.41101360321045
2018-06-25,9.418338775634766
2018-06-26,9.432989120483398
2018-06-27,9.462281227111816
2018-06-28,9.447633743286133
2018-06-29,9.447633743286133
2018-07-02,9.454957008361816
2018-07-03,9.476927757263184
2018-07-05,9.48425006866455
2018-07-06,9.4989013671875
2018-07-09,9.476927757263184
2018-07-10,9.469603538513184
2018-07-11,9.476927757263184
2018-07-12,9.469603538513184
2018-07-13,9.48425006866455
2018-07-16,9.462281227111816
2018-07-17,9.454957008361816
2018-07-18,9.432989120483398
2018-07-19,9.454957008361816
2018-07-20,9.425662994384766
2018-07-23,9.389043807983398
2018-07-24,9.396368980407715
2018-07-25,9.396368980407715
2018-07-26,9.381720542907715
2018-07-27,9.396368980407715
2018-07-30,9.396368980407715
2018-07-31,9.403692245483398
2018-08-01,9.389043807983398
2018-08-02,9.389043807983398
2018-08-03,9.41101360321045
2018-08-06,9.41101360321045
2018-08-07,9.396368980407715
2018-08-08,9.396368980407715
2018-08-09,9.418338775634766
2018-08-10,9.447633743286133
2018-08-13,9.447633743286133
2018-08-14,9.432989120483398
2018-08-15,9.447633743286133
2018-08-16,9.447633743286133
2018-08-17,9.447633743286133
2018-08-20,9.469603538513184
2018-08-21,9.462281227111816
2018-08-22,9.48425006866455
2018-08-23,9.491576194763184
2018-08-24,9.4989013671875
2018-08-27,9.48425006866455
2018-08-28,9.462281227111816
2018-08-29,9.462281227111816
2018-08-30,9.469603538513184
2018-08-31,9.462281227111816
2018-09-04,9.447633743286133
2018-09-05,9.440311431884766
2018-09-06,9.447633743286133
2018-09-07,9.425662994384766
2018-09-10,9.425662994384766
2018-09-11,9.41101360321045
2018-09-12,9.418338775634766
2018-09-13,9.403692245483398
2018-09-14,9.389043807983398
2018-09-17,9.389043807983398
2018-09-18,9.367073059082031
2018-09-19,9.359747886657715
2018-09-20,9.367073059082031
2018-09-21,9.372978210449219
2018-09-24,9.365594863891602
2018-09-25,9.358216285705566
2018-09-26,9.380359649658203
2018-09-27,9.380359649658203
2018-09-28,9.372978210449219
2018-10-01,9.350835800170898
2018-10-02,9.365594863891602
2018-10-03,9.321314811706543
2018-10-04,9.291792869567871
2018-10-05,9.269654273986816
2018-10-08,9.269654273986816
2018-10-09,9.291792869567871
2018-10-10,9.284414291381836
2018-10-11,9.299174308776855
2018-10-12,9.284414291381836
2018-10-15,9.291792869567871
2018-10-16,9.291792869567871
2018-10-17,9.269654273986816
2018-10-18,9.262271881103516
2018-10-19,9.254891395568848
2018-10-22,9.247509956359863
2018-10-23,9.254891395568848
2018-10-24,9.277031898498535
2018-10-25,9.240131378173828
2018-10-26,9.291792869567871
2018-10-29,9.277031898498535
2018-10-30,9.254891395568848
2018-10-31,9.240131378173828
2018-11-01,9.225370407104492
2018-11-02,9.195850372314453
2018-11-05,9.210611343383789
2018-11-06,9.210611343383789
2018-11-07,9.217989921569824
2018-11-08,9.203232765197754
2018-11-09,9.217989921569824
2018-11-12,9.247509956359863
2018-11-13,9.232754707336426
2018-11-14,9.240131378173828
2018-11-15,9.240131378173828
2018-11-16,9.277031898498535
2018-11-19,9.277031898498535
2018-11-20,9.262271881103516
2018-11-21,9.262271881103516
2018-11-23,9.240131378173828
2018-11-26,9.240131378173828
2018-11-27,9.217989921569824
2018-11-28,9.225370407104492
2018-11-29,9.269654273986816
2018-11-30,9.277031898498535
2018-12-03,9.291792869567871
2018-12-04,9.321314811706543
2018-12-06,9.313936233520508
2018-12-07,9.328696250915527
2018-12-10,9.30655288696289
2018-12-11,9.269654273986816
2018-12-12,9.254891395568848
2018-12-13,9.262271881103516
2018-12-14,9.269654273986816
2018-12-17,9.284414291381836
2018-12-18,9.309088706970215
2018-12-19,9.324045181274414
2018-12-20,9.294135093688965
2018-12-21,9.294135093688965
2018-12-24,9.309088706970215
2018-12-26,9.28665542602539
2018-12-27,9.28665542602539
2018-12-28,9.31656551361084
2018-12-31,9.324045181274414
2019-01-02,9.338996887207031
2019-01-03,9.391339302062988
2019-01-04,9.368903160095215
2019-01-07,9.361428260803223
2019-01-08,9.368903160095215
2019-01-09,9.383859634399414
2019-01-10,9.361428260803223
2019-01-11,9.391339302062988
2019-01-14,9.368903160095215
2019-01-15,9.361428260803223
2019-01-16,9.361428260803223
2019-01-17,9.346473693847656
2019-01-18,9.338996887207031
2019-01-22,9.338996887207031
2019-01-23,9.338996887207031
2019-01-24,9.346473693847656
2019-01-25,9.331520080566406
2019-01-28,9.324045181274414
2019-01-29,9.346473693847656
2019-01-30,9.406291961669922
2019-01-31,9.458632469177246
2019-02-01,9.428722381591797
2019-02-04,9.406291961669922
2019-02-05,9.421247482299805
2019-02-06,9.41376781463623
2019-02-07,9.421247482299805
2019-02-08,9.428722381591797
2019-02-11,9.406291961669922
2019-02-12,9.406291961669922
2019-02-13,9.406291961669922
2019-02-14,9.436203002929688
2019-02-15,9.436203002929688
2019-02-19,9.458632469177246
2019-02-20,9.466111183166504
2019-02-21,9.44367790222168
2019-02-22,9.473586082458496
2019-02-25,9.466111183166504
2019-02-26,9.481062889099121
2019-02-27,9.451155662536621
2019-02-28,9.44367790222168
2019-03-01,9.41376781463623
2019-03-04,9.436203002929688
2019-03-05,9.428722381591797
2019-03-06,9.44367790222168
2019-03-07,9.466111183166504
2019-03-08,9.473586082458496
2019-03-11,9.473586082458496
2019-03-12,9.496018409729004
2019-03-13,9.503497123718262
2019-03-14,9.503497123718262
2019-03-15,9.533406257629395
2019-03-18,9.533406257629395
2019-03-19,9.525925636291504
2019-03-20,9.58574390411377
2019-03-21,9.58574390411377
2019-03-22,9.615653038024902
2019-03-25,9.608177185058594
2019-03-26,9.593220710754395
2019-03-27,9.600696563720703
2019-03-28,9.608177185058594
2019-03-29,9.615653038024902
2019-04-01,9.58574390411377
2019-04-02,9.593220710754395
2019-04-03,9.57079029083252
2019-04-04,9.578268051147461
2019-04-05,9.578268051147461
2019-04-08,9.578268051147461
2019-04-09,9.58574390411377
2019-04-10,9.623128890991211
2019-04-11,9.600696563720703
2019-04-12,9.578268051147461
2019-04-15,9.58574390411377
2019-04-16,9.57079029083252
2019-04-17,9.563312530517578
2019-04-18,9.593220710754395
2019-04-22,9.578268051147461
2019-04-23,9.600696563720703
2019-04-24,9.638086318969727
2019-04-25,9.638086318969727
2019-04-26,9.653038024902344
2019-04-29,9.638086318969727
2019-04-30,9.645561218261719
2019-05-01,9.630605697631836
2019-05-02,9.58574390411377
2019-05-03,9.608177185058594
2019-05-06,9.630605697631836
2019-05-07,9.630605697631836
2019-05-08,9.608177185058594
2019-05-09,9.623128890991211
2019-05-10,9.638086318969727
2019-05-13,9.667994499206543
2019-05-14,9.675469398498535
2019-05-15,9.690423011779785
2019-05-16,9.675469398498535
2019-05-17,9.660512924194336
2019-05-20,9.653038024902344
2019-05-21,9.653038024902344
2019-05-22,9.660512924194336
2019-05-23,9.675469398498535
2019-05-24,9.690423011779785
2019-05-28,9.705377578735352
2019-05-29,9.720333099365234
2019-05-30,9.750242233276367
2019-05-31,9.810060501098633
2019-06-03,9.847444534301758
2019-06-04,9.82501220703125
2019-06-05,9.82501220703125
2019-06-06,9.817533493041992
2019-06-07,9.847444534301758
2019-06-10,9.802581787109375
2019-06-11,9.795103073120117
2019-06-12,9.795103073120117
2019-06-13,9.802581787109375
2019-06-14,9.776302337646484
2019-06-17,9.768793106079102
2019-06-18,9.806336402893066
2019-06-19,9.86640739440918
2019-06-20,9.918966293334961
2019-06-21,9.873912811279297
2019-06-24,9.896440505981445
2019-06-25,9.881422996520996
2019-06-26,9.873912811279297
2019-06-27,9.881422996520996
2019-06-28,9.888933181762695
2019-07-01,9.873912811279297
2019-07-02,9.873912811279297
2019-07-03,9.896440505981445
2019-07-05,9.873912811279297
2019-07-08,9.86640739440918
2019-07-09,9.873912811279297
2019-07-10,9.903948783874512
2019-07-11,9.873912811279297
2019-07-12,9.881422996520996
2019-07-15,9.911458969116211
2019-07-16,9.896440505981445
2019-07-17,9.911458969116211
2019-07-18,9.93398380279541
2019-07-19,9.918966293334961
2019-07-22,9.926475524902344
2019-07-23,9.918966293334961
2019-07-24,9.918966293334961
2019-07-25,9.903948783874512
2019-07-26,9.888933181762695
2019-07-29,9.888933181762695
2019-07-30,9.903948783874512
2019-07-31,9.911458969116211
2019-08-01,9.949002265930176
2019-08-02,9.95650863647461
2019-08-05,9.994054794311523
2019-08-06,10.024089813232422
2019-08-07,10.031597137451172
2019-08-08,10.054121017456055
2019-08-09,10.039103507995605
2019-08-12,10.08415699005127
2019-08-13,10.061631202697754
2019-08-14,10.091666221618652
2019-08-15,10.129210472106934
2019-08-16,10.099175453186035
2019-08-19,10.061631202697754
2019-08-20,10.08415699005127
2019-08-21,10.061631202697754
2019-08-22,10.054121017456055
2019-08-23,10.114192962646484
2019-08-26,10.099175453186035
2019-08-27,10.15173625946045
2019-08-28,10.16675090789795
2019-08-29,10.174261093139648
2019-08-30,10.136719703674316
2019-09-03,10.121699333190918
2019-09-04,10.14422607421875
2019-09-05,10.099175453186035
2019-09-06,10.106682777404785
2019-09-09,10.069138526916504
2019-09-10,10.001561164855957
2019-09-11,9.994054794311523
2019-09-12,9.98654556274414
2019-09-13,9.926475524902344
2019-09-16,9.979036331176758
2019-09-17,9.994054794311523
2019-09-18,9.971525192260742
2019-09-19,9.979036331176758
2019-09-20,10.031597137451172
2019-09-23,10.051246643066406
2019-09-24,10.073917388916016
2019-09-25,10.021015167236328
2019-09-26,10.021015167236328
2019-09-27,10.013460159301758
2019-09-30,10.028573036193848
2019-10-01,10.036128997802734
2019-10-02,10.043688774108887
2019-10-03,10.081476211547852
2019-10-04,10.11170482635498
2019-10-07,10.081476211547852
2019-10-08,10.073917388916016
2019-10-09,10.051246643066406
2019-10-10,10.013460159301758
2019-10-11,9.9907865524292
2019-10-14,10.013460159301758
2019-10-15,9.968114852905273
2019-10-16,9.983229637145996
2019-10-17,9.998343467712402
2019-10-18,10.005901336669922
2019-10-21,9.983229637145996
2019-10-22,10.005901336669922
2019-10-23,10.013460159301758
2019-10-24,10.013460159301758
2019-10-25,10.021015167236328
2019-10-28,9.97567367553711
2019-10-29,9.953001976013184
2019-10-30,9.9907865524292
2019-10-31,10.013460159301758
2019-11-01,10.036128997802734
2019-11-04,10.028573036193848
2019-11-05,9.998343467712402
2019-11-06,10.036128997802734
2019-11-07,9.97567367553711
2019-11-08,9.968114852905273
2019-11-11,9.97567367553711
2019-11-12,9.97567367553711
2019-11-13,9.983229637145996
2019-11-14,10.005901336669922
2019-11-15,9.9907865524292
2019-11-18,10.013460159301758
2019-11-19,10.036128997802734
2019-11-20,10.058804512023926
2019-11-21,10.051246643066406
2019-11-22,10.051246643066406
2019-11-25,10.066359519958496
2019-11-26,10.081476211547852
2019-11-27,10.058804512023926
2019-11-29,10.036128997802734
2019-12-02,10.028573036193848
2019-12-03,10.096590042114258
2019-12-04,10.081476211547852
2019-12-05,10.066359519958496
2019-12-06,10.058804512023926
2019-12-09,10.066359519958496
2019-12-10,10.058804512023926
2019-12-11,10.089034080505371
2019-12-12,10.043688774108887
2019-12-13,10.081476211547852
2019-12-16,10.058804512023926
2019-12-17,10.073917388916016
2019-12-18,10.058804512023926
2019-12-19,10.081476211547852
2019-12-20,10.075360298156738
2019-12-23,10.052427291870117
2019-12-24,10.067715644836426
2019-12-26,10.075360298156738
2019-12-27,10.075360298156738
2019-12-30,10.083003997802734
2019-12-31,10.075360298156738
2020-01-02,10.121225357055664
2020-01-03,10.167093276977539
2020-01-06,10.136513710021973
2020-01-07,10.113580703735352
2020-01-08,10.098292350769043
2020-01-09,10.105937957763672
2020-01-10,10.128870010375977
2020-01-13,10.128870010375977
2020-01-14,10.144158363342285
2020-01-15,10.151801109313965
2020-01-16,10.136513710021973
2020-01-17,10.121225357055664
2020-01-21,10.159449577331543
2020-01-22,10.151801109313965
2020-01-23,10.167093276977539
2020-01-24,10.190027236938477
2020-01-27,10.212958335876465
2020-01-28,10.197670936584473
2020-01-29,10.235893249511719
2020-01-30,10.243536949157715
2020-01-31,10.289403915405273
2020-02-03,10.258828163146973
2020-02-04,10.212958335876465
2020-02-05,10.190027236938477
2020-02-06,10.197670936584473
2020-02-07,10.243536949157715
2020-02-10,10.258828163146973
2020-02-11,10.22824764251709
2020-02-12,10.220602989196777
2020-02-13,10.235893249511719
2020-02-14,10.243536949157715
2020-02-18,10.26646900177002
2020-02-19,10.26646900177002
2020-02-20,10.281759262084961
2020-02-21,10.312337875366211
2020-02-24,10.35820484161377
2020-02-25,10.342915534973145
2020-02-26,10.335270881652832
2020-02-27,10.36584758758545
2020-02-28,10.388779640197754
2020-03-02,10.396428108215332
2020-03-03,10.503447532653809
2020-03-04,10.495802879333496
2020-03-05,10.541668891906738
2020-03-06,10.595181465148926
2020-03-09,10.465224266052246
2020-03-10,10.281759262084961
2020-03-11,10.167093276977539
2020-03-12,10.105937957763672
2020-03-13,10.006560325622559
2020-03-16,10.037137985229492
2020-03-17,9.746649742126465
2020-03-18,9.647272109985352
2020-03-19,9.66256046295166
2020-03-20,10.021848678588867
2020-03-23,10.205316543579102
2020-03-24,10.274114608764648
2020-03-25,10.312337875366211
2020-03-26,10.350558280944824
2020-03-27,10.373490333557129
2020-03-30,10.297048568725586
2020-03-31,10.252705574035645
2020-04-01,10.290931701660156
2020-04-02,10.41325855255127
2020-04-03,10.466779708862305
2020-04-06,10.482072830200195
2020-04-07,10.459136962890625
2020-04-08,10.45148754119873
2020-04-09,10.512654304504395
2020-04-13,10.527945518493652
2020-04-14,10.558524131774902
2020-04-15,10.581462860107422
2020-04-16,10.49736213684082
2020-04-17,10.436197280883789
2020-04-20,10.41325855255127
2020-04-21,10.466779708862305
2020-04-22,10.512654304504395
2020-04-23,10.520299911499023
2020-04-24,10.581462860107422
2020-04-27,10.566171646118164
2020-04-28,10.59675407409668
2020-04-29,10.58910846710205
2020-04-30,10.512654304504395
2020-05-01,10.512654304504395
2020-05-04,10.520299911499023
2020-05-05,10.520299911499023
2020-05-06,10.482072830200195
2020-05-07,10.535588264465332
2020-05-08,10.520299911499023
2020-05-11,10.49736213684082
2020-05-12,10.50500774383545
2020-05-13,10.512654304504395
2020-05-14,10.527945518493652
2020-05-15,10.543235778808594
2020-05-18,10.535588264465332
2020-05-19,10.543235778808594
2020-05-20,10.566171646118164
2020-05-21,10.550881385803223
2020-05-22,10.550881385803223
2020-05-26,10.527945518493652
2020-05-27,10.535588264465332
2020-05-28,10.566171646118164
2020-05-29,10.566171646118164
2020-06-01,10.57381820678711
2020-06-02,10.558524131774902
2020-06-03,10.527945518493652
2020-06-04,10.489715576171875
2020-06-05,10.489715576171875
2020-06-08,10.50500774383545
2020-06-09,10.527945518493652
2020-06-10,10.612044334411621
2020-06-11,10.612044334411621
2020-06-12,10.581462860107422
2020-06-15,10.58910846710205
2020-06-16,10.581462860107422
2020-06-17,10.57381820678711
2020-06-18,10.619691848754883
2020-06-19,10.634982109069824
2020-06-22,10.657919883728027
2020-06-23,10.673213005065918
2020-06-24,10.657919883728027
2020-06-25,10.665565490722656
2020-06-26,10.688502311706543
2020-06-29,10.688502311706543
2020-06-30,10.680855751037598
2020-07-01,10.680855751037598
2020-07-02,10.719083786010742
2020-07-06,10.74201774597168
2020-07-07,10.74966812133789
2020-07-08,10.726728439331055
2020-07-09,10.74966812133789
2020-07-10,10.734374046325684
2020-07-13,10.757308959960938
2020-07-14,10.764955520629883
2020-07-15,10.757308959960938
2020-07-16,10.780247688293457
2020-07-17,10.803184509277344
2020-07-20,10.810832023620605
2020-07-21,10.841412544250488
2020-07-22,10.841412544250488
2020-07-23,10.849056243896484
2020-07-24,10.841412544250488
2020-07-27,10.83376693725586
2020-07-28,10.856703758239746
2020-07-29,10.887284278869629
2020-07-30,10.89493179321289
2020-07-31,10.925512313842773
2020-08-03,10.948450088500977
2020-08-04,10.963741302490234
2020-08-05,10.97138786315918
2020-08-06,10.98668098449707
2020-08-07,10.956095695495605
2020-08-10,10.948450088500977
2020-08-11,10.925512313842773
2020-08-12,10.933158874511719
2020-08-13,10.90257740020752
2020-08-14,10.887284278869629
2020-08-17,10.910221099853516
2020-08-18,10.956095695495605
2020-08-19,10.925512313842773
2020-08-20,10.917867660522461
2020-08-21,10.948450088500977
2020-08-24,10.97138786315918
2020-08-25,10.97138786315918
2020-08-26,10.994322776794434
2020-08-27,10.948450088500977
2020-08-28,10.98668098449707
2020-08-31,11.032551765441895
2020-09-01,11.04784107208252
2020-09-02,11.04019546508789
2020-09-03,11.001971244812012
2020-09-04,10.97138786315918
2020-09-08,10.98668098449707
2020-09-09,10.994322776794434
2020-09-10,11.001971244812012
2020-09-11,10.98668098449707
2020-09-14,10.98668098449707
2020-09-15,10.98668098449707
2020-09-16,10.994322776794434
2020-09-17,10.994322776794434
2020-09-18,10.994322776794434
2020-09-21,10.979033470153809
2020-09-22,10.97138786315918
2020-09-23,10.97138786315918
2020-09-24,10.963741302490234
2020-09-25,10.979033470153809
2020-09-28,11.001971244812012
2020-09-29,11.02490520477295
2020-09-30,10.995790481567383
2020-10-01,11.003451347351074
2020-10-02,10.995790481567383
2020-10-05,10.96513557434082
2020-10-06,10.96513557434082
2020-10-07,10.96513557434082
2020-10-08,11.003451347351074
2020-10-09,10.995790481567383
2020-10-12,11.003451347351074
2020-10-13,11.01877498626709
2020-10-14,11.01877498626709
2020-10-15,11.011113166809082
2020-10-16,11.011113166809082
2020-10-19,10.995790481567383
2020-10-20,10.980463027954102
2020-10-21,10.980463027954102
2020-10-22,10.96513557434082
2020-10-23,10.96513557434082
2020-10-26,10.988126754760742
2020-10-27,11.003451347351074
2020-10-28,10.988126754760742
2020-10-29,10.957475662231445
2020-10-30,10.919163703918457
2020-11-02,10.957475662231445
2020-11-03,10.949810981750488
2020-11-04,10.96513557434082
2020-11-05,10.972798347473145
2020-11-06,10.926827430725098
2020-11-09,10.903837203979492
2020-11-10,10.911498069763184
2020-11-11,10.926827430725098
2020-11-12,10.957475662231445
2020-11-13,10.949810981750488
2020-11-16,10.94214916229248
2020-11-17,10.957475662231445
2020-11-18,10.957475662231445
2020-11-19,10.972798347473145
2020-11-20,10.995790481567383
2020-11-23,10.988126754760742
2020-11-24,10.995790481567383
2020-11-25,11.003451347351074
2020-11-27,11.034099578857422
2020-11-30,11.049426078796387
2020-12-01,11.01877498626709
2020-12-02,11.034099578857422
2020-12-03,11.064751625061035
2020-12-04,11.041764259338379
2020-12-07,11.072412490844727
2020-12-08,11.087738037109375
2020-12-09,11.080076217651367
2020-12-10,11.095398902893066
2020-12-11,11.103065490722656
2020-12-14,11.103065490722656
2020-12-15,11.118390083312988
2020-12-16,11.118390083312988
2020-12-17,11.126054763793945
2020-12-18,11.126054763793945
2020-12-21,11.118390083312988
2020-12-22,11.12768268585205
2020-12-23,11.135424613952637
2020-12-24,11.143171310424805
2020-12-28,11.143171310424805
2020-12-29,11.135424613952637
2020-12-30,11.143171310424805
2020-12-31,11.174142837524414
2021-01-04,11.197375297546387
2021-01-05,11.18188762664795
2021-01-06,11.150911331176758
2021-01-07,11.150911331176758
2021-01-08,11.104451179504395
2021-01-11,11.088961601257324
2021-01-12,11.09670639038086
2021-01-13,11.119938850402832
2021-01-14,11.12768268585205
2021-01-15,11.143171310424805
2021-01-19,11.174142837524414
2021-01-20,11.189630508422852
2021-01-21,11.212860107421875
2021-01-22,11.197375297546387
2021-01-25,11.22060775756836
2021-01-26,11.212860107421875
2021-01-27,11.212860107421875
2021-01-28,11.228349685668945
2021-01-29,11.22060775756836
2021-02-01,11.205117225646973
2021-02-02,11.212860107421875
2021-02-03,11.212860107421875
2021-02-04,11.197375297546387
2021-02-05,11.189630508422852
2021-02-08,11.205117225646973
2021-02-09,11.212860107421875
2021-02-10,11.228349685668945
2021-02-11,11.212860107421875
2021-02-12,11.189630508422852
2021-02-16,11.143171310424805
2021-02-17,11.135424613952637
2021-02-18,11.088961601257324
2021-02-19,11.042502403259277
2021-02-22,11.050244331359863
2021-02-23,11.050244331359863
2021-02-24,11.042502403259277
2021-02-25,10.903114318847656
2021-02-26,11.027012825012207
2021-03-01,11.011526107788086
2021-03-02,11.050244331359863
2021-03-03,11.027012825012207
2021-03-04,10.980551719665527
2021-03-05,10.988293647766113
2021-03-08,10.934088706970215
2021-03-09,10.988293647766113
2021-03-10,11.034758567810059
2021-03-11,11.050244331359863
2021-03-12,10.972806930541992
2021-03-15,11.00378131866455
2021-03-16,11.027012825012207
2021-03-17,11.019269943237305
2021-03-18,10.949578285217285
2021-03-19,10.965062141418457
2021-03-22,11.011526107788086
2021-03-23,11.034758567810059
2021-03-24,11.057988166809082
2021-03-25,11.057988166809082
2021-03-26,11.057988166809082
2021-03-29,11.034758567810059
2021-03-30,11.011526107788086
2021-03-31,11.018509864807129
2021-04-01,11.034029960632324
2021-04-05,11.018509864807129
2021-04-06,11.018509864807129
2021-04-07,11.02626895904541
2021-04-08,11.049545288085938
2021-04-09,11.018509864807129
2021-04-12,11.02626895904541
2021-04-13,11.06506633758545
2021-04-14,11.06506633758545
2021-04-15,11.119383811950684
2021-04-16,11.11162281036377
2021-04-19,11.103863716125488
2021-04-20,11.11162281036377
2021-04-21,11.119383811950684
2021-04-22,11.127141952514648
2021-04-23,11.134902954101562
2021-04-26,11.14266300201416
2021-04-27,11.14266300201416
2021-04-28,11.1814603805542
2021-04-29,11.173698425292969
2021-04-30,11.16594123840332
2021-05-03,11.196979522705078
2021-05-04,11.220257759094238
2021-05-05,11.266815185546875
2021-05-06,11.259054183959961
2021-05-07,11.27457332611084
2021-05-10,11.290092468261719
2021-05-11,11.266815185546875
2021-05-12,11.243536949157715
2021-05-13,11.243536949157715
2021-05-14,11.282332420349121
2021-05-17,11.2978515625
2021-05-18,11.290092468261719
2021-05-19,11.220257759094238
2021-05-20,11.220257759094238
2021-05-21,11.235774040222168
2021-05-24,11.27457332611084
2021-05-25,11.305611610412598
2021-05-26,11.282332420349121
2021-05-27,11.27457332611084
2021-05-28,11.27457332611084
2021-06-01,11.313371658325195
2021-06-02,11.305611610412598
2021-06-03,11.266815185546875
2021-06-04,11.313371658325195
2021-06-07,11.2978515625
2021-06-08,11.2978515625
2021-06-09,11.2978515625
2021-06-10,11.3599271774292
2021-06-11,11.321130752563477
2021-06-14,11.321130752563477
2021-06-15,11.34440803527832
2021-06-16,11.243536949157715
2021-06-17,11.27457332611084
2021-06-18,11.27457332611084
2021-06-21,11.259054183959961
2021-06-22,11.321130752563477
2021-06-23,11.321130752563477
2021-06-24,11.305611610412598
2021-06-25,11.305611610412598
2021-06-28,11.336649894714355
2021-06-29,11.336649894714355
2021-06-30,11.354670524597168
2021-07-01,11.362508773803711
2021-07-02,11.386016845703125
2021-07-06,11.433032989501953
2021-07-07,11.425196647644043
2021-07-08,11.409527778625488
2021-07-09,11.409527778625488
2021-07-12,11.44087028503418
2021-07-13,11.448707580566406
2021-07-14,11.47221565246582
2021-07-15,11.511396408081055
2021-07-16,11.503561019897461
2021-07-19,11.511396408081055
2021-07-20,11.503561019897461
2021-07-21,11.48005199432373
2021-07-22,11.511396408081055
2021-07-23,11.5584135055542
2021-07-26,11.605435371398926
2021-07-27,11.61326789855957
2021-07-28,11.644614219665527
2021-07-29,11.628939628601074
2021-07-30,11.644614219665527
2021-08-02,11.644614219665527
2021-08-03,11.660284042358398
2021-08-04,11.636775970458984
2021-08-05,11.59759521484375
2021-08-06,11.566248893737793
2021-08-09,11.550577163696289
2021-08-10,11.5584135055542
2021-08-11,11.574087142944336
2021-08-12,11.566248893737793
2021-08-13,11.59759521484375
2021-08-16,11.61326789855957
2021-08-17,11.581923484802246
2021-08-18,11.581923484802246
2021-08-19,11.58975887298584
2021-08-20,11.550577163696289
2021-08-23,11.581923484802246
2021-08-24,11.581923484802246
2021-08-25,11.581923484802246
2021-08-26,11.581923484802246
2021-08-27,11.660284042358398
2021-08-30,11.660284042358398
2021-08-31,11.628939628601074
2021-09-01,11.628939628601074
2021-09-02,11.636775970458984
2021-09-03,11.61326789855957
2021-09-07,11.59759521484375
2021-09-08,11.644614219665527
2021-09-09,11.707301139831543
2021-09-10,11.668122291564941
2021-09-13,11.675956726074219
2021-09-14,11.683794021606445
2021-09-15,11.683794021606445
2021-09-16,11.660284042358398
2021-09-17,11.628939628601074
2021-09-20,11.644614219665527
2021-09-21,11.636775970458984
2021-09-22,11.628939628601074
2021-09-23,11.581923484802246
2021-09-24,11.550577163696289
2021-09-27,11.5584135055542
2021-09-28,11.534906387329102
2021-09-29,11.534906387329102
2021-09-30,11.539693832397461
2021-10-01,11.587576866149902
2021-10-04,11.587576866149902
2021-10-05,11.603537559509277
2021-10-06,11.595556259155273
2021-10-07,11.579597473144531
2021-10-08,11.579597473144531
2021-10-11,11.555652618408203
2021-10-12,11.595556259155273
2021-10-13,11.651419639587402
2021-10-14,11.675360679626465
2021-10-15,11.651419639587402
2021-10-18,11.635458946228027
2021-10-19,11.603537559509277
2021-10-20,11.619499206542969
2021-10-21,11.651419639587402
2021-10-22,11.667381286621094
2021-10-25,11.699301719665527
2021-10-26,11.739206314086914
2021-10-27,11.795065879821777
2021-10-28,11.691322326660156
2021-10-29,11.667381286621094
2021-11-01,11.619499206542969
2021-11-02,11.667381286621094
2021-11-03,11.651419639587402
2021-11-04,11.72324275970459
2021-11-05,11.763144493103027
2021-11-08,11.803048133850098
2021-11-09,11.874872207641602
2021-11-10,11.842949867248535
2021-11-11,11.811027526855469
2021-11-12,11.834970474243164
2021-11-15,11.834970474243164
2021-11-16,11.811027526855469
2021-11-17,11.842949867248535
2021-11-18,11.850930213928223
2021-11-19,11.82698917388916
2021-11-22,11.739206314086914
2021-11-23,11.691322326660156
2021-11-24,11.73122501373291
2021-11-26,11.795065879821777
2021-11-29,11.763144493103027
2021-11-30,11.779107093811035
2021-12-01,11.739206314086914
2021-12-02,11.771126747131348
2021-12-03,11.795065879821777
2021-12-06,11.755163192749023
2021-12-07,11.755163192749023
2021-12-08,11.739206314086914
2021-12-09,11.707282066345215
2021-12-10,11.691322326660156
2021-12-13,11.715264320373535
2021-12-14,11.675360679626465
2021-12-15,11.675360679626465
2021-12-16,11.699301719665527
2021-12-17,11.699301719665527
2021-12-20,11.699301719665527
2021-12-21,11.715264320373535
2021-12-22,11.756786346435547
2021-12-23,11.71607780456543
2021-12-27,11.764928817749023
2021-12-28,11.756786346435547
2021-12-29,11.756786346435547
2021-12-30,11.82192325592041
2021-12-31,11.797496795654297
2022-01-03,11.748645782470703
2022-01-04,11.707938194274902
2022-01-05,11.618376731872559
2022-01-06,11.569524765014648
2022-01-07,11.553241729736328
2022-01-10,11.561382293701172
2022-01-11,11.634657859802246
2022-01-12,11.577666282653809
2022-01-13,11.577666282653809
2022-01-14,11.520672798156738
2022-01-18,11.471822738647461
2022-01-19,11.455538749694824
2022-01-20,11.471822738647461
2022-01-21,11.528814315795898
2022-01-24,11.553241729736328
2022-01-25,11.536955833435059
2022-01-26,11.471822738647461
2022-01-27,11.512533187866211
2022-01-28,11.545099258422852
2022-01-31,11.577666282653809
2022-02-01,11.512533187866211
2022-02-02,11.520672798156738
2022-02-03,11.44739818572998
2022-02-04,11.390406608581543
2022-02-07,11.382262229919434
2022-02-08,11.36598014831543
2022-02-09,11.382262229919434
2022-02-10,11.300843238830566
2022-02-11,11.398548126220703
2022-02-14,11.37412166595459
2022-02-15,11.325268745422363
2022-02-16,11.349695205688477
2022-02-17,11.37412166595459
2022-02-18,11.40668773651123
2022-02-22,11.439255714416504
2022-02-23,11.439255714416504
2022-02-24,11.488107681274414
2022-02-25,11.479966163635254
2022-02-28,11.659085273742676
2022-03-01,11.773069381713867
2022-03-02,11.691652297973633
2022-03-03,11.683510780334473
2022-03-04,11.756786346435547
2022-03-07,11.838205337524414
2022-03-08,11.870771408081055
2022-03-09,11.764928817749023
2022-03-10,11.740503311157227
2022-03-11,11.82192325592041
2022-03-14,11.69979190826416
2022-03-15,11.610233306884766
2022-03-16,11.553241729736328
2022-03-17,11.683510780334473
2022-03-18,11.659085273742676
2022-03-21,11.569524765014648
2022-03-22,11.520672798156738
2022-03-23,11.642802238464355
2022-03-24,11.577666282653809
2022-03-25,11.496248245239258
2022-03-28,11.496248245239258
2022-03-29,11.455538749694824
2022-03-30,11.504390716552734
2022-03-31,11.467344284057617
2022-04-01,11.417951583862305
2022-04-04,11.417951583862305
2022-04-05,11.327398300170898
2022-04-06,11.278006553649902
2022-04-07,11.261543273925781
2022-04-08,11.269773483276367
2022-04-11,11.253311157226562
2022-04-12,11.253311157226562
2022-04-13,11.236845016479492
2022-04-14,11.212149620056152
2022-04-18,11.22861385345459
2022-04-19,11.179220199584961
2022-04-20,11.253311157226562
2022-04-21,11.286238670349121
2022-04-22,11.245079040527344
2022-04-25,11.245079040527344
2022-04-26,11.269773483276367
2022-04-27,11.253311157226562
2022-04-28,11.302701950073242
2022-04-29,11.220380783081055
2022-05-02,11.055739402770996
2022-05-03,11.096899032592773
2022-05-04,11.179220199584961
2022-05-05,11.080436706542969
2022-05-06,11.031042098999023
2022-05-09,11.006345748901367
2022-05-10,10.965188026428223
2022-05-11,11.088667869567871
2022-05-12,11.047510147094727
2022-05-13,11.080436706542969
2022-05-16,11.096899032592773
2022-05-17,11.047510147094727
2022-05-18,11.121597290039062
2022-05-19,11.072203636169434
2022-05-20,11.072203636169434
2022-05-23,11.047510147094727
2022-05-24,11.105133056640625
2022-05-25,11.113365173339844
2022-05-26,11.154526710510254
2022-05-27,11.170989990234375
2022-05-31,11.113365173339844
2022-06-01,11.080436706542969
2022-06-02,11.113365173339844
2022-06-03,11.179220199584961
2022-06-06,11.105133056640625
2022-06-07,11.138062477111816
2022-06-08,11.105133056640625
2022-06-09,11.113365173339844
2022-06-10,11.055739402770996
2022-06-13,10.882866859436035
2022-06-14,10.726456642150879
2022-06-15,10.882866859436035
2022-06-16,10.866399765014648
2022-06-17,10.841704368591309
2022-06-21,10.825238227844238
2022-06-22,10.882866859436035
2022-06-23,10.907562255859375
2022-06-24,10.907562255859375
2022-06-27,10.849935531616211
2022-06-28,10.808775901794434
2022-06-29,10.784079551696777
2022-06-30,10.778175354003906
2022-07-01,10.887812614440918
2022-07-05,10.913113594055176
2022-07-06,10.811909675598145
2022-07-07,10.7950439453125
2022-07-08,10.778175354003906
2022-07-11,10.811909675598145
2022-07-12,10.80347728729248
2022-07-13,10.854076385498047
2022-07-14,10.828777313232422
2022-07-15,10.879379272460938
2022-07-18,10.879379272460938
2022-07-19,10.870945930480957
2022-07-20,10.86251163482666
2022-07-21,10.921547889709473
2022-07-22,11.005884170532227
2022-07-25,10.99744987487793
2022-07-26,10.99744987487793
2022-07-27,11.056485176086426
2022-07-28,11.157689094543457
2022-07-29,11.216724395751953
2022-08-01,11.242026329040527
2022-08-02,11.098652839660645
2022-08-03,11.166122436523438
2022-08-04,11.166122436523438
2022-08-05,11.039619445800781
2022-08-08,11.115519523620605
2022-08-09,11.090219497680664
2022-08-10,11.073352813720703
2022-08-11,11.0311861038208
2022-08-12,11.064919471740723
2022-08-15,11.073352813720703
2022-08-16,11.073352813720703
2022-08-17,11.0311861038208
2022-08-18,11.090219497680664
2022-08-19,11.056485176086426
2022-08-22,11.048053741455078
2022-08-23,11.056485176086426
2022-08-24,11.056485176086426
2022-08-25,11.090219497680664
2022-08-26,11.081788063049316
2022-08-29,11.0311861038208
2022-08-30,11.022751808166504
2022-08-31,10.921547889709473
2022-09-01,10.828777313232422
2022-09-02,10.896246910095215
2022-09-06,10.80347728729248
2022-09-07,10.8456449508667
2022-09-08,10.778175354003906
2022-09-09,10.78661060333252
2022-09-12,10.752874374389648
2022-09-13,10.727575302124023
2022-09-14,10.744439125061035
2022-09-15,10.70227336883545
2022-09-16,10.65167236328125
2022-09-19,10.609503746032715
2022-09-20,10.592637062072754
2022-09-21,10.609503746032715
2022-09-22,10.49143123626709
2022-09-23,10.449264526367188
2022-09-26,10.289027214050293
2022-09-27,10.229991912841797
2022-09-28,10.407096862792969
2022-09-29,10.255290985107422
2022-09-30,10.198631286621094
2022-10-03,10.327401161193848
2022-10-04,10.361743927001953
2022-10-05,10.284478187561035
2022-10-06,10.250139236450195
2022-10-07,10.250139236450195
2022-10-10,10.2072172164917
2022-10-11,10.250139236450195
2022-10-12,10.267311096191406
2022-10-13,10.250139236450195
2022-10-14,10.258726119995117
2022-10-17,10.293063163757324
2022-10-18,10.267311096191406
2022-10-19,10.215802192687988
2022-10-20,10.198631286621094
2022-10-21,10.224384307861328
2022-10-24,10.250139236450195
2022-10-25,10.284478187561035
2022-10-26,10.284478187561035
2022-10-27,10.353156089782715
2022-10-28,10.344572067260742
2022-10-31,10.327401161193848
2022-11-01,10.327401161193848
2022-11-02,10.310233116149902
2022-11-03,10.198631286621094
2022-11-04,10.23297119140625
2022-11-07,10.23297119140625
2022-11-08,10.250139236450195
2022-11-09,10.241557121276855
2022-11-10,10.396079063415527
2022-11-11,10.378911972045898
2022-11-14,10.344572067260742
2022-11-15,10.40466594696045
2022-11-16,10.430418014526367
2022-11-17,10.353156089782715
2022-11-18,10.310233116149902
2022-11-21,10.361743927001953
2022-11-22,10.396079063415527
2022-11-23,10.447587013244629
2022-11-25,10.447587013244629
2022-11-28,10.413249969482422
2022-11-29,10.378911972045898
2022-11-30,10.516264915466309
2022-12-01,10.636451721191406
2022-12-02,10.713715553283691
2022-12-05,10.610697746276855
2022-12-06,10.610697746276855
2022-12-07,10.6536226272583
2022-12-08,10.636451721191406
2022-12-09,10.550603866577148
2022-12-12,10.550603866577148
2022-12-13,10.576358795166016
2022-12-14,10.55919075012207
2022-12-15,10.55919075012207
2022-12-16,10.507680892944336
2022-12-19,10.473342895507812
2022-12-20,10.464756965637207
2022-12-21,10.507680892944336
2022-12-22,10.455754280090332
2022-12-23,10.420550346374512
2022-12-27,10.394146919250488
2022-12-28,10.385346412658691
2022-12-29,10.411749839782715
2022-12-30,10.376543998718262
2023-01-03,10.420550346374512
2023-01-04,10.438152313232422
2023-01-05,10.438152313232422
2023-01-06,10.526164054870605
2023-01-09,10.552567481994629
2023-01-10,10.508562088012695
2023-01-11,10.561368942260742
2023-01-12,10.631778717041016
2023-01-13,10.561368942260742
2023-01-17,10.534965515136719
2023-01-18,10.60537338256836
2023-01-19,10.649378776550293
2023-01-20,10.60537338256836
2023-01-23,10.596573829650879
2023-01-24,10.658180236816406
2023-01-25,10.675783157348633
2023-01-26,10.675783157348633
2023-01-27,10.658180236816406
2023-01-30,10.60537338256836
2023-01-31,10.596573829650879
2023-02-01,10.675783157348633
2023-02-02,10.666982650756836
2023-02-03,10.570169448852539
2023-02-06,10.517362594604492
2023-02-07,10.543766021728516
2023-02-08,10.596573829650879
2023-02-09,10.543766021728516
2023-02-10,10.508562088012695
2023-02-13,10.517362594604492
2023-02-14,10.482158660888672
2023-02-15,10.482158660888672
2023-02-16,10.455754280090332
2023-02-17,10.482158660888672
2023-02-21,10.429351806640625
2023-02-22,10.429351806640625
2023-02-23,10.455754280090332
2023-02-24,10.385346412658691
2023-02-27,10.402947425842285
2023-02-28,10.438152313232422
2023-03-01,10.411749839782715
2023-03-02,10.420550346374512
2023-03-03,10.508562088012695
2023-03-06,10.473358154296875
2023-03-07,10.411749839782715
2023-03-08,10.358942985534668
2023-03-09,10.385346412658691
2023-03-10,10.526164054870605
2023-03-13,10.60537338256836
2023-03-14,10.561368942260742
2023-03-15,10.675783157348633
2023-03-16,10.570169448852539
2023-03-17,10.587770462036133
2023-03-20,10.596573829650879
2023-03-21,10.578969955444336
2023-03-22,10.710986137390137
2023-03-23,10.73738956451416
2023-03-24,10.719788551330566
2023-03-27,10.640580177307129
2023-03-28,10.666982650756836
2023-03-29,10.68458366394043
2023-03-30,10.693385124206543
2023-03-31,10.741931915283203
2023-04-03,10.768411636352539
2023-04-04,10.794891357421875
2023-04-05,10.821370124816895
2023-04-06,10.839022636413574
2023-04-10,10.777237892150879
2023-04-11,10.794891357421875
2023-04-12,10.794891357421875
2023-04-13,10.768411636352539
2023-04-14,10.724276542663574
2023-04-17,10.680145263671875
2023-04-18,10.688970565795898
2023-04-19,10.680145263671875
2023-04-20,10.715452194213867
2023-04-21,10.697798728942871
2023-04-24,10.759583473205566
2023-04-25,10.821370124816895
2023-04-26,10.794891357421875
2023-04-27,10.741931915283203
2023-04-28,10.750758171081543
2023-05-01,10.671319961547852
2023-05-02,10.750758171081543
2023-05-03,10.803715705871582
2023-05-04,10.794891357421875
2023-05-05,10.768411636352539
2023-05-08,10.741931915283203
2023-05-09,10.724276542663574
2023-05-10,10.759583473205566
2023-05-11,10.777237892150879
2023-05-12,10.733104705810547
2023-05-15,10.724276542663574
2023-05-16,10.697798728942871
2023-05-17,10.688970565795898
2023-05-18,10.644841194152832
2023-05-19,10.61835765838623
2023-05-22,10.609533309936523
2023-05-23,10.644841194152832
2023-05-24,10.609533309936523
2023-05-25,10.556573867797852
2023-05-26,10.556573867797852
2023-05-30,10.609533309936523
2023-05-31,10.61835765838623
2023-06-01,10.636013984680176
2023-06-02,10.583053588867188
2023-06-05,10.600706100463867
2023-06-06,10.609533309936523
2023-06-07,10.556573867797852
2023-06-08,10.609533309936523
2023-06-09,10.574225425720215
2023-06-12,10.583053588867188
2023-06-13,10.538920402526855
2023-06-14,10.556573867797852
2023-06-15,10.61835765838623
2023-06-16,10.591879844665527
2023-06-20,10.61835765838623
2023-06-21,10.61835765838623
2023-06-22,10.583053588867188
2023-06-23,10.609533309936523
2023-06-26,10.609533309936523
2023-06-27,10.583053588867188
2023-06-28,10.609533309936523
2023-06-29,10.5300931930542
2023-06-30,10.570199966430664
2023-07-03,10.561287879943848
2023-07-05,10.516725540161133
2023-07-06,10.454338073730469
2023-07-07,10.445426940917969
2023-07-10,10.472162246704102
2023-07-11,10.472162246704102
2023-07-12,10.579111099243164
2023-07-13,10.632586479187012
2023-07-14,10.579111099243164
2023-07-17,10.596938133239746
2023-07-18,10.596938133239746
2023-07-19,10.632586479187012
2023-07-20,10.614763259887695
2023-07-21,10.614763259887695
2023-07-24,10.623674392700195
2023-07-25,10.60584831237793
2023-07-26,10.614763259887695
2023-07-27,10.534549713134766
2023-07-28,10.570199966430664
2023-07-31,10.579111099243164
2023-08-01,10.516725540161133
2023-08-02,10.498900413513184
2023-08-03,10.427599906921387
2023-08-04,10.534549713134766
2023-08-07,10.534549713134766
2023-08-08,10.543462753295898
2023-08-09,10.534549713134766
2023-08-10,10.481075286865234
2023-08-11,10.463250160217285
2023-08-14,10.445426940917969
2023-08-15,10.40977668762207
2023-08-16,10.383036613464355
2023-08-17,10.374126434326172
2023-08-18,10.391950607299805
2023-08-21,10.365213394165039
2023-08-22,10.383036613464355
2023-08-23,10.472162246704102
2023-08-24,10.436511993408203
2023-08-25,10.427599906921387
2023-08-28,10.436511993408203
2023-08-29,10.48998737335205
2023-08-30,10.472162246704102
2023-08-31,10.48998737335205
2023-09-01,10.436511993408203
2023-09-05,10.418685913085938
2023-09-06,10.40977668762207
2023-09-07,10.445426940917969
2023-09-08,10.463250160217285
2023-09-11,10.454338073730469
2023-09-12,10.463250160217285
2023-09-13,10.472162246704102
2023-09-14,10.454338073730469
2023-09-15,10.436511993408203
2023-09-18,10.454338073730469
2023-09-19,10.427599906921387
2023-09-20,10.400863647460938
2023-09-21,10.347386360168457
2023-09-22,10.383036613464355
2023-09-25,10.302825927734375
2023-09-26,10.285000801086426
2023-09-27,10.267175674438477
2023-09-28,10.311738014221191
2023-09-29,10.291029930114746
2023-10-02,10.228004455566406
2023-10-03,10.15597915649414
2023-10-04,10.20999813079834
2023-10-05,10.19199275970459
2023-10-06,10.146974563598633
2023-10-09,10.25501537322998
2023-10-10,10.25501537322998
2023-10-11,10.309037208557129
2023-10-12,10.237008094787598
2023-10-13,10.300033569335938
2023-10-16,10.273022651672363
2023-10-17,10.219001770019531
2023-10-18,10.200995445251465
2023-10-19,10.19199275970459
2023-10-20,10.219001770019531
2023-10-23,10.228004455566406
2023-10-24,10.237008094787598
2023-10-25,10.19199275970459
2023-10-26,10.246012687683105
2023-10-27,10.264019966125488
2023-10-30,10.246012687683105
2023-10-31,10.219001770019531
2023-11-01,10.309037208557129
2023-11-02,10.35405445098877
2023-11-03,10.408075332641602
2023-11-06,10.38106632232666
2023-11-07,10.408075332641602
2023-11-08,10.435086250305176
2023-11-09,10.345050811767578
2023-11-10,10.345050811767578
2023-11-13,10.345050811767578
2023-11-14,10.426082611083984
2023-11-15,10.38106632232666
2023-11-16,10.41707992553711
2023-11-17,10.426082611083984
2023-11-20,10.46209716796875
2023-11-21,10.444089889526367
2023-11-22,10.453092575073242
2023-11-24,10.408075332641602
2023-11-27,10.444089889526367
2023-11-28,10.480104446411133
2023-11-29,10.525118827819824
2023-11-30,10.489106178283691
2023-12-01,10.561136245727539
2023-12-04,10.516119003295898
2023-12-05,10.579142570495605
2023-12-06,10.588146209716797
2023-12-07,10.570138931274414
2023-12-08,10.561136245727539
2023-12-11,10.54312801361084
2023-12-12,10.534124374389648
2023-12-13,10.678181648254395
2023-12-14,10.795228004455566
2023-12-15,10.777220726013184
2023-12-18,10.750208854675293
2023-12-19,10.750208854675293
2023-12-20,10.795228004455566
2023-12-21,10.773202896118164
2023-12-22,10.764025688171387
2023-12-26,10.764025688171387
2023-12-27,10.809908866882324
2023-12-28,10.773202896118164
2023-12-29,10.764025688171387
2024-01-02,10.745674133300781
2024-01-03,10.764025688171387
2024-01-04,10.708967208862305
2024-01-05,10.690613746643066
2024-01-08,10.718145370483398
2024-01-09,10.69979190826416
2024-01-10,10.690613746643066
2024-01-11,10.736496925354004
2024-01-12,10.782381057739258
2024-01-16,10.727320671081543
2024-01-17,10.69979190826416
2024-01-18,10.69979190826416
2024-01-19,10.708967208862305
2024-01-22,10.718145370483398
2024-01-23,10.681438446044922
2024-01-24,10.653908729553223
2024-01-25,10.690613746643066
2024-01-26,10.681438446044922
2024-01-29,10.727320671081543
2024-01-30,10.727320671081543
2024-01-31,10.791556358337402
2024-02-01,10.819086074829102
2024-02-02,10.708967208862305
2024-02-05,10.653908729553223
2024-02-06,10.690613746643066
2024-02-07,10.672261238098145
2024-02-08,10.6630859375
2024-02-09,10.644733428955078
2024-02-12,10.644733428955078
2024-02-13,10.580496788024902
2024-02-14,10.626379013061523
2024-02-15,10.6355562210083
2024-02-16,10.626379013061523
2024-02-20,10.6355562210083
2024-02-21,10.617203712463379
2024-02-22,10.59885025024414
2024-02-23,10.6355562210083
2024-02-26,10.626379013061523
2024-02-27,10.608026504516602
2024-02-28,10.653908729553223
2024-02-29,10.672261238098145
2024-03-01,10.718145370483398
2024-03-04,10.718145370483398
2024-03-05,10.764025688171387
2024-03-06,10.773202896118164
2024-03-07,10.764025688171387
2024-03-08,10.773202896118164
2024-03-11,10.754851341247559
2024-03-12,10.736496925354004
2024-03-13,10.718145370483398
2024-03-14,10.653908729553223
2024-03-15,10.644733428955078
2024-03-18,10.6355562210083
2024-03-19,10.653908729553223
2024-03-20,10.690613746643066
2024-03-21,10.708967208862305
2024-03-22,10.708967208862305
2024-03-25,10.708967208862305
2024-03-26,10.718145370483398
2024-03-27,10.745674133300781
2024-03-28,10.749347686767578
2024-04-01,10.685035705566406
2024-04-02,10.685035705566406
2024-04-03,10.685035705566406
2024-04-04,10.721786499023438
2024-04-05,10.675848007202148
2024-04-08,10.675848007202148
2024-04-09,10.703410148620605
2024-04-10,10.602348327636719
2024-04-11,10.593161582946777
2024-04-12,10.629910469055176
2024-04-15,10.593161582946777
2024-04-16,10.565598487854004
2024-04-17,10.593161582946777
2024-04-18,10.574788093566895
2024-04-19,10.593161582946777
2024-04-22,10.593161582946777
2024-04-23,10.602348327636719
2024-04-24,10.583974838256836
2024-04-25,10.565598487854004
2024-04-26,10.593161582946777
2024-04-29,10.62072467803955
2024-04-30,10.574788093566895
2024-05-01,10.593161582946777
2024-05-02,10.629910469055176
2024-05-03,10.675848007202148
2024-05-06,10.694225311279297
2024-05-07,10.685035705566406
2024-05-08,10.675848007202148
2024-05-09,10.71259880065918
2024-05-10,10.694225311279297
2024-05-13,10.703410148620605
2024-05-14,10.721786499023438
2024-05-15,10.776911735534668
2024-05-16,10.767723083496094
2024-05-17,10.749347686767578
2024-05-20,10.749347686767578
2024-05-21,10.776911735534668
2024-05-22,10.767723083496094
2024-05-23,10.721786499023438
2024-05-24,10.730975151062012
2024-05-28,10.71259880065918
2024-05-29,10.685035705566406
2024-05-30,10.721786499023438
2024-05-31,10.767723083496094
2024-06-03,10.813661575317383
2024-06-04,10.850411415100098
2024-06-05,10.868785858154297
2024-06-06,10.859599113464355
2024-06-07,10.776911735534668
2024-06-10,10.758537292480469
2024-06-11,10.795286178588867
2024-06-12,10.804472923278809
2024-06-13,10.850411415100098
2024-06-14,10.859599113464355
2024-06-17,10.850411415100098
2024-06-18,10.887160301208496
2024-06-20,10.887160301208496
2024-06-21,10.868785858154297
2024-06-24,10.877973556518555
2024-06-25,10.887160301208496
2024-06-26,10.859599113464355
2024-06-27,10.887160301208496
2024-06-28,10.846232414245605
2024-07-01,10.8090238571167
2024-07-02,10.827628135681152
2024-07-03,10.864837646484375
2024-07-05,10.920648574829102
2024-07-08,10.920648574829102
2024-07-09,10.902044296264648
2024-07-10,10.920648574829102
2024-07-11,10.948555946350098
2024-07-12,10.96716022491455
2024-07-15,10.957857131958008
2024-07-16,10.995065689086914
2024-07-17,11.00436782836914
2024-07-18,10.976461410522461
2024-07-19,10.948555946350098
2024-07-22,10.929949760437012
2024-07-23,10.929949760437012
2024-07-24,10.902044296264648
2024-07-25,10.929949760437012
2024-07-26,10.957857131958008
2024-07-29,10.976461410522461
2024-07-30,10.976461410522461
2024-07-31,11.04157543182373
2024-08-01,11.0601806640625
2024-08-02,11.11599349975586
2024-08-05,11.134597778320312
2024-08-06,11.078784942626953
2024-08-07,11.04157543182373
2024-08-08,11.03227424621582
2024-08-09,11.0601806640625
2024-08-12,11.088086128234863
2024-08-13,11.11599349975586
2024-08-14,11.106688499450684
2024-08-15,11.078784942626953
2024-08-16,11.078784942626953
2024-08-19,11.088086128234863
2024-08-20,11.134597778320312
2024-08-21,11.15320110321045
2024-08-22,11.12529468536377
2024-08-23,11.181107521057129
2024-08-26,11.181107521057129
2024-08-27,11.181107521057129
2024-08-28,11.181107521057129
2024-08-29,11.171805381774902
2024-08-30,11.134597778320312
2024-09-03,11.162503242492676
2024-09-04,11.190407752990723
2024-09-05,11.190407752990723
2024-09-06,11.199710845947266
2024-09-09,11.227616310119629
2024-09-10,11.255522727966309
2024-09-11,11.255522727966309
2024-09-12,11.255522727966309
2024-09-13,11.292731285095215
2024-09-16,11.339241027832031
2024-09-17,11.329940795898438
2024-09-18,11.283430099487305
2024-09-19,11.320638656616211
2024-09-20,11.302033424377441
2024-09-23,11.302033424377441
2024-09-24,11.329940795898438
2024-09-25,11.292731285095215
2024-09-26,11.283430099487305
2024-09-27,11.302033424377441
2024-09-30,11.293583869934082
2024-10-01,11.331135749816895
2024-10-02,11.321749687194824
2024-10-03,11.274809837341309
2024-10-04,11.199706077575684
2024-10-07,11.180931091308594
2024-10-08,11.199706077575684
2024-10-09,11.180931091308594
2024-10-10,11.199706077575684
2024-10-11,11.199706077575684
2024-10-14,11.180931091308594
2024-10-15,11.199706077575684
2024-10-16,11.209092140197754
2024-10-17,11.180931091308594
2024-10-18,11.19031810760498
2024-10-21,11.115216255187988
2024-10-22,11.133992195129395
2024-10-23,11.096440315246582
2024-10-24,11.105828285217285
2024-10-25,11.077664375305176
2024-10-28,11.05888843536377
2024-10-29,11.077664375305176
2024-10-30,11.096440315246582
2024-10-31,11.087052345275879
2024-11-01,11.03072452545166
2024-11-04,11.05888843536377
2024-11-05,11.068277359008789
2024-11-06,11.040112495422363
2024-11-07,11.087052345275879
2024-11-08,11.115216255187988
2024-11-11,11.087052345275879
2024-11-12,11.021337509155273
2024-11-13,11.002561569213867
2024-11-14,11.002561569213867
2024-11-15,11.002561569213867
2024-11-18,11.03072452545166
2024-11-19,11.0495023727417
2024-11-20,11.040112495422363
2024-11-21,11.03072452545166
2024-11-22,11.03072452545166
2024-11-25,11.096440315246582
2024-11-26,11.068277359008789
2024-11-27,11.105828285217285
2024-11-29,11.133992195129395
2024-12-02,11.133992195129395
2024-12-03,11.133992195129395
2024-12-04,11.162155151367188
2024-12-05,11.152767181396484
2024-12-06,11.162155151367188
2024-12-09,11.143378257751465
2024-12-10,11.133992195129395
2024-12-11,11.124603271484375
2024-12-12,11.087052345275879
2024-12-13,11.0495023727417
2024-12-16,11.040112495422363
2024-12-17,11.040112495422363
2024-12-18,10.965011596679688
2024-12-19,10.918069839477539
2024-12-20,10.946234703063965
2024-12-23,10.923316955566406
2024-12-24,10.942415237426758
2024-12-26,10.951963424682617
2024-12-27,10.923316955566406
2024-12-30,10.951963424682617
2024-12-31,10.951963424682617
2025-01-02,10.961511611938477
2025-01-03,10.932865142822266
2025-01-06,10.932865142822266
2025-01-07,10.923316955566406
2025-01-08,10.942415237426758
2025-01-10,10.942415237426758
2025-01-13,10.90422248840332
2025-01-14,10.90422248840332
2025-01-15,10.980607986450195
2025-01-16,10.99970531463623
2025-01-17,10.99970531463623
2025-01-21,11.009252548217773
2025-01-22,10.99970531463623
2025-01-23,11.009252548217773
2025-01-24,11.028349876403809
2025-01-27,11.076093673706055
2025-01-28,11.085638999938965
2025-01-29,11.066543579101562
2025-01-30,11.076093673706055
2025-01-31,11.085638999938965
2025-02-03,11.114285469055176
2025-02-04,11.133382797241211
2025-02-05,11.181123733520508
2025-02-06,11.162027359008789
2025-02-07,11.133382797241211
2025-02-10,11.133382797241211
2025-02-11,11.133382797241211
2025-02-12,11.066543579101562
2025-02-13,11.123832702636719
2025-02-14,11.152480125427246
2025-02-18,11.114285469055176
2025-02-19,11.133382797241211
2025-02-20,11.152480125427246
2025-02-21,11.181123733520508
2025-02-24,11.209768295288086
2025-02-25,11.2575101852417
2025-02-26,11.267059326171875
2025-02-27,11.2575101852417
2025-02-28,11.33389663696289
2025-03-03,11.362542152404785
2025-03-04,11.324349403381348
2025-03-05,11.2575101852417
2025-03-06,11.24796199798584
2025-03-07,11.228865623474121
2025-03-10,11.286155700683594
2025-03-11,11.2575101852417
2025-03-12,11.24796199798584
2025-03-13,11.2575101852417
2025-03-14,11.228865623474121
2025-03-17,11.238415718078613
2025-03-18,11.24796199798584
2025-03-19,11.295703887939453
2025-03-20,11.314800262451172
2025-03-21,11.305252075195312
2025-03-24,11.267059326171875
2025-03-25,11.286155700683594
2025-03-26,11.276606559753418
2025-03-27,11.295703887939453
2025-03-28,11.352994918823242
2025-03-31,11.408504486083984
2025-04-01,11.418076515197754
2025-04-02,11.398934364318848
2025-04-03,11.465930938720703
2025-04-04,11.43721866607666
2025-04-07,11.30322551727295
2025-04-08,11.264942169189453
2025-04-09,11.27451229095459
2025-04-10,11.150091171264648
2025-04-11,11.140521049499512
2025-04-14,11.20751667022705
2025-04-15,11.197945594787598
2025-04-16,11.226658821105957
2025-04-17,11.245800971984863
2025-04-21,11.197945594787598
2025-04-22,11.236228942871094
2025-04-23,11.27451229095459
2025-04-24,11.331937789916992
2025-04-25,11.341508865356445
2025-04-28,11.389364242553711
2025-04-29,11.398934364318848
2025-04-30,11.418076515197754
2025-05-01,11.379793167114258
2025-05-02,11.312796592712402
2025-05-05,11.30322551727295
2025-05-06,11.341508865356445
2025-05-07,11.341508865356445
2025-05-08,11.30322551727295
2025-05-09,11.312796592712402
2025-05-12,11.236228942871094
2025-05-13,11.255370140075684
2025-05-14,11.245800971984863
2025-05-15,11.27451229095459
2025-05-16,11.293655395507812
2025-05-19,11.293655395507812
2025-05-20,11.284083366394043
2025-05-21,11.217086791992188
2025-05-22,11.255370140075684
2025-05-23,11.255370140075684
2025-05-27,11.30322551727295
2025-05-28,11.27451229095459
2025-05-29,11.30322551727295
2025-05-30,11.341508865356445
2025-06-02,11.312796592712402
2025-06-03,11.293655395507812
2025-06-04,11.341508865356445
2025-06-05,11.312796592712402
2025-06-06,11.245800971984863
2025-06-09,11.264942169189453
2025-06-10,11.27451229095459
2025-06-11,11.293655395507812
2025-06-12,11.322367668151855
2025-06-13,11.30322551727295
2025-06-16,11.284083366394043
2025-06-17,11.341508865356445
2025-06-18,11.351079940795898
2025-06-20,11.370222091674805
2025-06-23,11.379793167114258
2025-06-24,11.379793167114258
2025-06-25,11.408504486083984
2025-06-26,11.43721866607666
2025-06-27,11.418076515197754
2025-06-30,11.451929092407227
2025-07-01,11.451929092407227
2025-07-02,11.442256927490234
2025-07-03,11.413240432739258
2025-07-07,11.413240432739258
2025-07-08,11.40356731414795
2025-07-09,11.432583808898926
2025-07-10,11.442256927490234
2025-07-11,11.413240432739258
2025-07-14,11.42291259765625
2025-07-15,11.393895149230957
2025-07-16,11.432583808898926
2025-07-17,11.442256927490234
2025-07-18,11.451929092407227
2025-07-21,11.48094654083252
2025-07-22,11.500289916992188
2025-07-23,11.451929092407227
2025-07-24,11.461601257324219
2025-07-25,11.471273422241211
2025-07-28,11.461601257324219
2025-07-29,11.519635200500488
2025-07-30,11.48094654083252
2025-07-31,11.461601257324219
2025-08-01,11.538978576660156
2025-08-04,11.56799602508545
2025-08-05,11.56799602508545
2025-08-06,11.548650741577148
2025-08-07,11.558323860168457
2025-08-08,11.548650741577148
2025-08-11,11.558323860168457
2025-08-12,11.538978576660156
2025-08-13,11.577668190002441
2025-08-14,11.548650741577148
2025-08-15,11.519635200500488
2025-08-18,11.509963035583496
2025-08-19,11.519635200500488
2025-08-20,11.538978576660156
2025-08-21,11.538978576660156
2025-08-22,11.606684684753418
2025-08-25,11.597012519836426
2025-08-26,11.626029968261719
2025-08-27,11.645373344421387
2025-08-28,11.655046463012695
2025-08-29,11.635701179504395
2025-09-02,11.616357803344727
2025-09-03,11.645373344421387
2025-09-04,11.664718627929688
2025-09-05,11.713078498840332
2025-09-08,11.742095947265625
2025-09-09,11.72275161743164
2025-09-10,11.73242473602295
2025-09-11,11.7517671585083
2025-09-12,11.73242473602295
2025-09-15,11.7517671585083
2025-09-16,11.76144027709961
2025-09-17,11.7517671585083
2025-09-18,11.72275161743164
2025-09-19,11.713078498840332
2025-09-22,11.684062957763672
2025-09-23,11.713078498840332
2025-09-24,11.693735122680664
2025-09-25,11.674389839172363
2025-09-26,11.674389839172363
2025-09-29,11.693735122680664
2025-09-30,11.690802574157715
2025-10-01,11.710351943969727
2025-10-02,11.710351943969727
2025-10-03,11.690802574157715
2025-10-06,11.67125129699707
2025-10-07,11.710351943969727
2025-10-08,11.710351943969727
2025-10-09,11.700577735900879
2025-10-10,11.739677429199219
2025-10-13,11.749452590942383
2025-10-14,11.769001960754395
2025-10-15,11.749452590942383
2025-10-16,11.778777122497559
2025-10-17,11.759225845336914
2025-10-20,11.769001960754395
2025-10-21,11.798325538635254
2025-10-22,11.817876815795898
2025-10-23,11.798325538635254
2025-10-24,11.788552284240723
2025-10-27,11.788552284240723
2025-10-28,11.798325538635254
2025-10-29,11.739677429199219
2025-10-30,11.710351943969727
2025-10-31,11.729902267456055
2025-11-03,11.72012710571289
2025-11-04,11.729902267456055
2025-11-05,11.68102741241455
2025-11-06,11.72012710571289
2025-11-07,11.72012710571289
2025-11-10,11.72012710571289
2025-11-11,11.749452590942383
2025-11-12,11.739677429199219
2025-11-13,11.72012710571289
2025-11-14,11.700577735900879
2025-11-17,11.710351943969727
2025-11-18,11.710351943969727
2025-11-19,11.700577735900879
2025-11-20,11.710351943969727
2025-11-21,11.729902267456055
2025-11-24,11.739677429199219
2025-11-25,11.759225845336914
2025-11-26,11.778777122497559
2025-11-28,11.749452590942383
2025-12-01,11.710351943969727
2025-12-02,11.72012710571289
2025-12-03,11.739677429199219
2025-12-04,11.729902267456055
2025-12-05,11.700577735900879
2025-12-08,11.68102741241455
2025-12-09,11.67125129699707
2025-12-10,11.700577735900879
2025-12-11,11.700577735900879
2025-12-12,11.68102741241455
2025-12-15,11.68102741241455
2025-12-16,11.68102741241455
2025-12-17,11.69402027130127
2025-12-18,11.714011192321777
2025-12-19,11.684025764465332
2025-12-22,11.674031257629395
2025-12-23,11.674031257629395
2025-12-24,11.704015731811523
2025-12-26,11.69402027130127
2025-12-29,11.714011192321777
2025-12-30,11.714011192321777
2025-12-31,11.69402027130127
2026-01-02,11.684025764465332
2026-01-05,11.714011192321777
2026-01-06,11.704015731811523
2026-01-07,11.724004745483398
2026-01-08,11.704015731811523
2026-01-09,11.724004745483398
2026-01-12,11.714011192321777
2026-01-13,11.724004745483398
2026-01-14,11.74399471282959
2026-01-15,11.724004745483398
2026-01-16,11.704015731811523
2026-01-20,11.66403579711914
2026-01-21,11.704015731811523
2026-01-22,11.69402027130127
2026-01-23,11.724004745483398
2026-01-26,11.734000205993652
2026-01-27,11.734000205993652
2026-01-28,11.74399471282959
2026-01-29,11.753990173339844
2026-01-30,11.74399471282959
2026-02-02,11.714011192321777
2026-02-03,11.734000205993652
2026-02-04,11.724004745483398
2026-02-05,11.753990173339844
2026-02-06,11.763985633850098
2026-02-09,11.773979187011719
2026-02-10,11.803964614868164
2026-02-11,11.783974647521973
2026-02-12,11.833949089050293
2026-02-13,11.843944549560547
2026-02-17,11.823954582214355
2026-02-18,11.823954582214355
2026-02-19,11.833949089050293
2026-02-20,11.823954582214355
2026-02-23,11.843944549560547
2026-02-24,11.843944549560547
2026-02-25,11.843944549560547
2026-02-26,11.873929023742676
2026-02-27,11.89391803741455
2026-03-02,11.863933563232422
2026-03-03,11.853939056396484
2026-03-04,11.833949089050293
2026-03-05,11.823954582214355
2026-03-06,11.843944549560547
2026-03-09,11.863933563232422
2026-03-10,11.833949089050293
2026-03-11,11.813959121704102
2026-03-12,11.793970108032227
2026-03-13,11.763985633850098
2026-03-16,11.803964614868164
2026-03-17,11.843944549560547
2026-03-18,11.823954582214355
2026-03-19,11.803964614868164
2026-03-20,11.714011192321777
2026-03-23,11.714011192321777
2026-03-24,11.674031257629395
2026-03-25,11.704015731811523
2026-03-26,11.66403579711914
2026-03-27,11.654041290283203
2026-03-30,11.724004745483398
2026-03-31,11.734000205993652
2026-04-01,11.729999542236328
2026-04-02,11.770000457763672
2026-04-06,11.770000457763672
2026-04-07,11.800000190734863
2026-04-08,11.779999732971191
2026-04-09,11.789999961853027
2026-04-10,11.789999961853027
2026-04-13,11.829999923706055
2026-04-14,11.850000381469727
2026-04-15,11.84000015258789
2026-04-16,11.819999694824219
2026-04-17,11.84000015258789
2026-04-20,11.84000015258789
2026-04-21,11.8100004196167
2026-04-22,11.84000015258789
2026-04-23,11.84000015258789
2026-04-24,11.880000114440918
2026-04-27,11.880000114440918
2026-04-28,11.869999885559082
2026-04-29,11.84000015258789
2026-04-30,11.859999656677246
2026-05-01,11.880000114440918
2026-05-04,11.869999885559082
2026-05-05,11.859999656677246
2026-05-06,11.869999885559082
2026-05-07,11.859999656677246
2026-05-08,11.880000114440918
2026-05-11,11.890000343322754
2026-05-12,11.859999656677246
2026-05-13,11.869999885559082
2026-05-14,11.850000381469727
2026-05-15,11.789999961853027
2026-05-18,11.800000190734863
2026-05-19,11.760000228881836
2026-05-20,11.789999961853027
2026-05-21,11.789999961853027
2026-05-22,11.770000457763672
